# vtk DataFile Version 2.0
jnl FVM output
ASCII
DATASET UNSTRUCTURED_GRID
POINTS 4216 float
0 0 0.0
0.75 0 0.0
0.75 0.23588873 0.0
1.1063487 0.23588873 0.0
1.1063487 0 0.0
1.2859128 0 0.0
1.2859128 0.23588873 0.0
1.6422615 0.23588873 0.0
1.6422615 0 0.0
1.8218257 0 0.0
1.8218257 0.23588873 0.0
2.1781743 0.23588873 0.0
2.1781743 0 0.0
2.3577385 0 0.0
2.3577385 0.23588873 0.0
2.7140872 0.23588873 0.0
2.7140872 0 0.0
2.8936513 0 0.0
2.8936513 0.23588873 0.0
3.25 0.23588873 0.0
3.25 0 0.0
4 0 0.0
4 1 0.0
0 1 0.0
2 1 0.0
1.8218257 0.11794436 0.0
1.7320436 0 0.0
1.6422615 0.125 0.0
1.8218257 0.058972182 0.0
1.7769346 0 0.0
1.7544891 0.063658238 0.0
1.7993802 0.029486091 0.0
1.7881574 0.06131521 0.0
1.7657119 0.031829119 0.0
1.8218257 0.088458274 0.0
1.7821646 0.10320132 0.0
1.7291156 0.036818589 0.0
1.7544891 0 0.0
1.7725739 0.080457374 0.0
1.7340392 0.11010084 0.0
1.6871525 0 0.0
1.7161423 0.074496762 0.0
1.7095981 0.016740747 0.0
1.6422615 0.0625 0.0
1.6982758 0.047272421 0.0
1.6772451 0.080549015 0.0
1.7976125 0.084039747 0.0
1.8218257 0.17691655 0.0
1.7397906 0.084909706 0.0
1.6696022 0.052434789 0.0
1.6422615 0.03125 0.0
1.6797673 0.026682617 0.0
1.7008859 0.10446576 0.0
1.7067271 0.17044442 0.0
1.6702896 0.11106671 0.0
1.7124646 0.13668858 0.0
1.6422615 0.09375 0.0
1.6422615 0.18044436 0.0
1.7514346 0.14626366 0.0
1.8218257 0.20640264 0.0
1.6876968 0.12993547 0.0
1.7599983 0.11987901 0.0
1.741355 0.18104754 0.0
1.7654492 0.23215268 0.0
1.7620473 0.20252421 0.0
1.719962 0.22236591 0.0
1.7915319 0.13872068 0.0
1.7729199 0.17134204 0.0
1.7944907 0.22114568 0.0
1.7920191 0.25844051 0.0
1.7180852 0.19519677 0.0
1.6780632 0.21161082 0.0
1.8218257 0.14743046 0.0
1.7984918 0.16431182 0.0
1.7968199 0.19275189 0.0
1.5655908 0.30873391 0.0
1.7286527 0.29591557 0.0
1.6870856 0.26345246 0.0
1.6422615 0.20816655 0.0
2 0.23588873 0.0
1.7554182 0.26886276 0.0
1.6708874 0.23956561 0.0
1.6980855 0.2385576 0.0
1.6524969 0.26947219 0.0
1.7265348 0.25412084 0.0
1.4640872 0.23588873 0.0
1.6786121 0.31714587 0.0
1.5531743 0.23588873 0.0
1.6736882 0.2888535 0.0
1.7018045 0.2874494 0.0
1.6346927 0.31021485 0.0
1.5822232 0.32911418 0.0
1.5977179 0.23588873 0.0
1.6186493 0.28688414 0.0
1.6059778 0.31277919 0.0
1.6252206 0.36620225 0.0
1.5676697 0.28251049 0.0
1.6085888 0.34201586 0.0
1.5708267 0.38579475 0.0
1.5839629 0.35894996 0.0
1.5262522 0.34734641 0.0
1.5566302 0.3455751 0.0
1.5393179 0.31004602 0.0
1.468846 0.30629948 0.0
1.5086307 0.23588873 0.0
1.7935743 0.33338079 0.0
1.5035356 0.31845062 0.0
2.2422644 0.62172871 0.0
1.4959784 0.28443299 0.0
1.4766624 0.33957722 0.0
1.519711 0.29374901 0.0
1.4630376 0.27132586 0.0
1.5176328 0.26415592 0.0
1.5411695 0.27737253 0.0
1.9291005 0.76954175 0.0
1.9617821 0.88276664 0.0
1.375 0.23588873 0.0
1.4880378 0.25644244 0.0
1.5312018 0.41625018 0.0
1.4275111 0.29519522 0.0
1.4466591 0.3290676 0.0
2.263937 0.10734752 0.0
1.4195436 0.23588873 0.0
1.8765993 0.74120915 0.0
1.875 1 0.0
2.1604695 0.66035465 0.0
2.129513 0.8563261 0.0
1.777791 0.55918893 0.0
1.8841505 0.78760878 0.0
2.2906198 0.11830053 0.0
2.5 1 0.0
2.2710419 0.13948181 0.0
2.0829026 0.76359199 0.0
2.125 1 0.0
1.9095568 0.78586812 0.0
1.4523392 0.36093373 0.0
2.3018 0.083945741 0.0
1.982892 0.90842852 0.0
1.4990687 0.35870798 0.0
1.75 1 0.0
2.3304455 0.57946609 0.0
2.2352007 0.096424509 0.0
1.4418154 0.25296323 0.0
1.4134535 0.26689534 0.0
1.9669353 0.80729776 0.0
2.2637181 0.064662179 0.0
1.383663 0.29933479 0.0
1.7660299 0.30612882 0.0
1.8430154 0.2948685 0.0
1.5507638 0.37026111 0.0
2.25 1 0.0
2.3128475 0 0.0
1.4069363 0.31155698 0.0
2.0268877 0.83381433 0.0
1.3813729 0.26733303 0.0
1.3472088 0.28586074 0.0
1.7790245 0.28228466 0.0
1.8117869 0.28467657 0.0
1.9109128 0.23588873 0.0
1.8191114 0.31517283 0.0
1.8697456 0.35056077 0.0
1.8663693 0.23588873 0.0
1.8490723 0.32622231 0.0
1.9057766 0.29900635 0.0
1.8260826 0.36669926 0.0
1.8357533 0.26418126 0.0
1.8809959 0.32005537 0.0
1.8186059 0.34147602 0.0
1.7984079 0.36118286 0.0
1.8017359 0.41666468 0.0
1.7435463 0.35639975 0.0
1.8073525 0.38848706 0.0
1.771611 0.35152049 0.0
1.858226 0.41327626 0.0
1.7643275 0.39455948 0.0
1.8295363 0.40755754 0.0
1.8329863 0.46507424 0.0
1.8237136 0.43676862 0.0
1.7744243 0.46858694 0.0
1.7948936 0.44620977 0.0
1.758107 0.43311021 0.0
1.8449676 0.35065816 0.0
1.857475 0.3807226 0.0
1.8713275 0.27196553 0.0
1.9334872 0.35674122 0.0
1.888641 0.25120692 0.0
1.9166814 0.26812593 0.0
1.8810646 0.29502473 0.0
1.904063 0.39593333 0.0
1.9024274 0.34528648 0.0
1.9554564 0.23588873 0.0
1.9692548 0.30405666 0.0
1.8780902 0.39653251 0.0
1.890495 0.37102165 0.0
1.8919272 0.43310329 0.0
1.9279666 0.32387345 0.0
1.9331846 0.24853812 0.0
1.9603205 0.27038464 0.0
1.9589766 0.33556239 0.0
1.9777282 0.25033918 0.0
2.0890872 0.23588873 0.0
1.9390519 0.29404921 0.0
1.9865801 0.39471222 0.0
1.9867345 0.28139742 0.0
2.0103033 0.33487744 0.0
1.9981705 0.30829099 0.0
1.9650164 0.36875959 0.0
1.9848107 0.34801025 0.0
2.0124471 0.37034765 0.0
1.9454931 0.40691608 0.0
2.0789503 0.34852843 0.0
1.9422294 0.3811732 0.0
2.0428355 0.35071115 0.0
2.0459311 0.43180963 0.0
2.0415019 0.31211384 0.0
2.0211237 0.40547259 0.0
2.0633658 0.39053581 0.0
2.0597557 0.33080485 0.0
1.9600765 0.43918258 0.0
2.0223113 0.28214737 0.0
1.9844286 0.46488811 0.0
2.0455407 0.40732551 0.0
2.0350782 0.38339141 0.0
2.073475 0.41912537 0.0
2.1185368 0.38710942 0.0
2.0838681 0.47794207 0.0
2.09144 0.39669088 0.0
2.0709533 0.44989755 0.0
2.0970777 0.36952822 0.0
2.1206347 0.43847939 0.0
2.032412 0.48464217 0.0
2.1082598 0.34155171 0.0
2.0981354 0.4543759 0.0
2.0998981 0.42187414 0.0
2.0448364 0.45967546 0.0
2.1315383 0.29870616 0.0
2.1358981 0.49333984 0.0
2.0144466 0.46012712 0.0
2.0876175 0.31988623 0.0
2.1119037 0.4788133 0.0
1.9942928 0.4300696 0.0
2.1551271 0.34138161 0.0
2.1376991 0.46328522 0.0
2.0962261 0.53178886 0.0
2.176425 0.41837257 0.0
2.0971132 0.50324378 0.0
2.1511684 0.43574708 0.0
2.1940563 0.48174357 0.0
2.0583278 0.51632482 0.0
2.1336739 0.41221908 0.0
2.1634555 0.47990988 0.0
2.1574678 0.38075781 0.0
2.1805209 0.4513712 0.0
2.1752625 0.53912494 0.0
2.1615885 0.51106679 0.0
2.1352032 0.5412866 0.0
2.0618885 0.36609317 0.0
2.1129922 0.31637637 0.0
2.0948617 0.27877935 0.0
2.0199877 0.43462637 0.0
2.2413393 0.42706864 0.0
2.0049394 0.26201626 0.0
2.0445436 0.23588873 0.0
2.0585676 0.28005684 0.0
1.9702909 0.41513716 0.0
1.9232804 0.49842917 0.0
1.9260937 0.43511279 0.0
2.2166291 0.45348189 0.0
2.0773293 0.29688143 0.0
2.0393297 0.2618547 0.0
2.076013 0.25948298 0.0
1.9494531 0.47363445 0.0
1.9071352 0.46599111 0.0
2.2090311 0.42160865 0.0
2.2793046 0.48735126 0.0
1.9834717 0.53536616 0.0
1.9302598 0.45892983 0.0
1.8695737 0.50492333 0.0
1.8700901 0.46316145 0.0
2.1962194 0.38481209 0.0
2.2361745 0.49223838 0.0
1.9581845 0.50906204 0.0
1.895273 0.49213218 0.0
1.900418 0.53468178 0.0
1.8665725 0.43764462 0.0
1.8525543 0.48382874 0.0
1.8208763 0.52679998 0.0
1.8229303 0.49515215 0.0
1.8029274 0.47410922 0.0
1.7875585 0.50874704 0.0
2.2303895 0.39354354 0.0
2.2175204 0.47733916 0.0
2.2431016 0.46443818 0.0
2.2105933 0.50513936 0.0
2.2479618 0.54742426 0.0
2.1870485 0.51602003 0.0
2.2128047 0.54083943 0.0
2.2348264 0.52137811 0.0
2.2692839 0.52033597 0.0
1.993666 0.50025905 0.0
1.9328044 0.52977067 0.0
1.8436647 0.51238842 0.0
1.8656179 0.53988763 0.0
2.2299389 0.32407971 0.0
2.2997338 0.38944535 0.0
2.3818749 0.47917751 0.0
2.1781743 0.058972182 0.0
2.021272 0.52730884 0.0
1.9259675 0.59392618 0.0
2.2210488 0.35887075 0.0
2.2655994 0.40059417 0.0
2.2245429 0.5753144 0.0
2.3580729 0.49728331 0.0
1.9209671 0.56095125 0.0
2.1876543 0.35176088 0.0
2.2687918 0.3525391 0.0
2.2973698 0.44003641 0.0
1.953125 0.96906698 0.0
2.179241 0.5853554 0.0
1.9555246 0.55623332 0.0
1.8805324 0.58394942 0.0
2.1855046 0.30234034 0.0
2.276849 0.37720792 0.0
2.249131 0.37261084 0.0
2.303521 0.35484619 0.0
2.2436484 0.34611424 0.0
2.2642159 0.31803539 0.0
2.2703407 0.42929158 0.0
2.2918988 0.41443 0.0
2.343314 0.41683254 0.0
2.2744264 0.4583826 0.0
3 1 0.0
2.1319891 0.66320225 0.0
2.0761612 0.72097007 0.0
2.1984823 0.56495179 0.0
2.2040339 0.58999904 0.0
2.3583849 0.535005 0.0
2.0092526 0.59904237 0.0
1.8860462 0.55752794 0.0
1.9051655 0.58021402 0.0
1.8977126 0.61415522 0.0
2.1774935 0.32744582 0.0
2.2364788 0.26095367 0.0
2.3384669 0.37617823 0.0
2.4115004 0.47509379 0.0
2.1863379 0.67260464 0.0
1.4793467 0.39085354 0.0
2.1860612 0.61744925 0.0
2.3540621 0.4681865 0.0
2.3213669 0.52774595 0.0
2.2926222 0.54304091 0.0
2.3651429 0.35660488 0.0
2.1229415 0.61429312 0.0
1.9880063 0.57058737 0.0
1.9503788 0.65786961 0.0
1.5 1 0.0
2.242209 0.29344911 0.0
2.258016 0.1796334 0.0
2.3620396 0.3895457 0.0
2.368607 0.41583696 0.0
2.316309 0.13141566 0.0
2.0984819 0.70480487 0.0
2.31112 0.19754915 0.0
2.1548886 0.60721217 0.0
2.0253475 0.56486543 0.0
1.9668702 0.60852843 0.0
1.9297822 0.62910128 0.0
1.8623315 0.61429029 0.0
2.2141864 0.29999663 0.0
2.1970888 0.26743238 0.0
2.2963239 0.26715367 0.0
2.3860328 0.50934149 0.0
1.9133201 0.81206416 0.0
2.4014857 0.43355978 0.0
2.015842 0.85992749 0.0
2.0402 0.92849174 0.0
2.03125 1 0.0
2.0549223 0.81950314 0.0
2.1317071 0.57823237 0.0
1.9636138 0.58185663 0.0
1.9859366 0.59429216 0.0
1.9922928 0.62269078 0.0
1.9680314 0.63634309 0.0
2.0458258 0.64317707 0.0
2.0217476 0.62590904 0.0
2.0002157 0.68073659 0.0
2.0490145 0.59688905 0.0
1.978298 0.66276324 0.0
2.0182667 0.65618381 0.0
1.9550155 0.71350584 0.0
2.0560173 0.70284955 0.0
1.959998 0.68507928 0.0
2.0310183 0.6844705 0.0
1.9033507 0.68980018 0.0
2.008946 0.74068419 0.0
1.9310549 0.68000617 0.0
2.012347 0.7095794 0.0
1.9066834 0.65514714 0.0
1.8223007 0.57969151 0.0
2.1602679 0.27458947 0.0
2.2188533 0.27677566 0.0
2.2730155 0.28801676 0.0
2.1446257 0.63651741 0.0
2.1181182 0.75541127 0.0
2.1036955 0.6547622 0.0
2.1388946 0.70305886 0.0
2.1781743 0.14743046 0.0
2.1105835 0.55759519 0.0
2.09995 0.58960867 0.0
2.0715632 0.56240709 0.0
2.1564052 0.56193121 0.0
1.9844155 0.72226371 0.0
1.9615875 0.77820756 0.0
1.9614791 0.74553393 0.0
1.8586301 0.71205933 0.0
1.8801185 0.63948311 0.0
1.8510458 0.58689063 0.0
1.8312437 0.60497052 0.0
1.842859 0.55859218 0.0
1.9843928 0.83183675 0.0
1 1 0.0
2.0092723 0.88750907 0.0
1.96875 1 0.0
2.26704 0.25788918 0.0
2.1781743 0.17691655 0.0
2.2490414 0.23231524 0.0
2.295543 0.21870858 0.0
2.2878384 0.24306162 0.0
2.3229209 0.24076532 0.0
2.3135758 0.30987937 0.0
2.0370205 0.87954526 0.0
2.3192572 0.48780899 0.0
2.2201159 0.60951863 0.0
2.0889253 0.62292688 0.0
1.9871208 0.7617859 0.0
2.0382347 0.79281467 0.0
1.99635 0.80419712 0.0
2.0167495 0.77059285 0.0
2.0515833 0.74553194 0.0
1.3720149 0.34978434 0.0
1.8866561 0.67070783 0.0
1.898151 0.75640286 0.0
1.8546169 0.64339115 0.0
1.8950225 0.7223436 0.0
2.0625 1 0.0
2.2135947 0.23384072 0.0
2.2690962 0.21458954 0.0
2.2901669 0.16626483 0.0
2.3577385 0.11794436 0.0
2.1781743 0.11794436 0.0
2.3577385 0.17691655 0.0
2.28803 0.30871715 0.0
2.3460376 0.27907977 0.0
2.0651034 0.88623435 0.0
2.2106508 0.12931751 0.0
2.1016592 0.73268484 0.0
2.2130799 0.63381139 0.0
2.2972085 0.51080494 0.0
2.0747887 0.64882969 0.0
2.0830492 0.68197153 0.0
2.0754448 0.59998322 0.0
1.9256714 0.73609412 0.0
1.9252812 0.70775433 0.0
1.4110314 0.36361269 0.0
1.957599 0.84980213 0.0
2.2407296 0.12666555 0.0
2.2679564 0 0.0
2.2305469 0.21515893 0.0
2.1989183 0.20349087 0.0
2.3358583 0.20640264 0.0
2.2874257 0.33458571 0.0
2.3426628 0.25498503 0.0
2.5359128 0.23588873 0.0
2.4468257 0.23588873 0.0
2.4022821 0.23588873 0.0
2.3725522 0.2630824 0.0
2.3897718 0.32159463 0.0
2.3734837 0.29459816 0.0
2.0587175 0.85074967 0.0
2.3005188 0.4674939 0.0
2.3648569 0.44087015 0.0
2.2236408 0.1851775 0.0
1.5161682 0.38270044 0.0
1.8544707 0.75554946 0.0
2.0564469 0.67100172 0.0
2.1067432 0.6785126 0.0
1.9375 1 0.0
1.7822456 0.60808325 0.0
1.4416386 0.39148223 0.0
1.9414141 0.93645031 0.0
2.3577385 0.14743046 0.0
1.900162 0.83502629 0.0
1.9353588 0.83105143 0.0
1.9875497 0.86178601 0.0
2.2326653 0.15576427 0.0
2.3235129 0.17438055 0.0
2.4131817 0.27765315 0.0
2.3499059 0.32723549 0.0
2.3874571 0.39894324 0.0
2.3362794 0.44480939 0.0
2.2041664 0.16311133 0.0
1.937824 0.80206625 0.0
2.1835563 0.6450402 0.0
1.991307 0.9324088 0.0
2.046875 0.9656414 0.0
2.2657772 0.58616094 0.0
1.9218886 0.86959342 0.0
1.9995538 0.97444878 0.0
2.2506911 0.68337009 0.0
2.0568702 0.77255014 0.0
2.0798483 0.79702036 0.0
1.9541349 0.91057094 0.0
1.915618 0.9077044 0.0
2.2477215 0.57099984 0.0
2.271688 0.55945512 0.0
2.2420796 0.59605088 0.0
2.2996642 0.57357875 0.0
1.9093564 0.96637121 0.0
1.9672638 0.94557981 0.0
2.0933835 0.86282805 0.0
2.2383889 0.6536552 0.0
2.3192132 0.55478086 0.0
2.3038388 0.63516451 0.0
1.9318205 0.95830557 0.0
1.9114652 0.93692872 0.0
1.8576085 0.94786799 0.0
1.8860618 0.94990596 0.0
1.8701326 0.97265683 0.0
1.8745903 0.91042106 0.0
1.8125 1 0.0
1.84375 1 0.0
2.0868761 0.82987069 0.0
2.1237714 0.92805358 0.0
2.2182808 0.67938419 0.0
2.2744275 0.65613893 0.0
2.292062 0.60502843 0.0
2.1288751 0.8037088 0.0
2.117181 0.89143249 0.0
2.2061964 0.65768014 0.0
2.1905583 0.7313614 0.0
2.3290919 0.70168382 0.0
2.3232233 0.6102202 0.0
1.828125 0.96793828 0.0
2.1031548 0.80921122 0.0
2.1969228 0.7013743 0.0
2.2306284 0.71274403 0.0
2.1681619 0.71093906 0.0
2.1556049 0.74720163 0.0
2.1590622 0.68644576 0.0
2.2896874 0.69340099 0.0
2.3854247 0.60860242 0.0
2.3540289 0.65416368 0.0
1.78125 0.96493237 0.0
2.1054757 0.78087588 0.0
2.3036054 0.66594544 0.0
2.3266381 0.65072871 0.0
2.3374115 0.67574654 0.0
2.3826654 0.704565 0.0
2.3562567 0.69609422 0.0
2.3779328 0.67391809 0.0
2.3533232 0.75064125 0.0
2.3845361 0.64158801 0.0
2.347632 0.72298278 0.0
2.4386851 0.68022534 0.0
2.2985989 0.7474869 0.0
2.4074813 0.68504396 0.0
2.3197618 0.72852416 0.0
2.3541117 0.60124891 0.0
1.8040707 0.97605384 0.0
1.78125 1 0.0
1.8062102 0.94268943 0.0
2.4361794 0.62647441 0.0
2.4322633 0.74208178 0.0
2.3623762 0.56852225 0.0
2.3609727 0.62771709 0.0
1.7513546 0.90625865 0.0
2.4186958 0.65422334 0.0
2.4079235 0.62571325 0.0
2.4232328 0.58223617 0.0
2.4123875 0.71681489 0.0
2.3432949 0.55379824 0.0
2.3957642 0.54755001 0.0
1.7740018 0.93167248 0.0
2.4444039 0.71208063 0.0
2.3934244 0.75218279 0.0
1.7466517 0.96636165 0.0
1.8110946 0.87581998 0.0
2.5022327 0.68525811 0.0
1.7474166 0.93256572 0.0
1.7142447 0.97820234 0.0
1.7233426 0.91551368 0.0
1.6907185 0.86742931 0.0
1.726557 0.87822329 0.0
1.7007206 0.8957526 0.0
1.6798638 0.93297517 0.0
1.5888392 0.90825254 0.0
1.6367777 0.8406144 0.0
1.6602293 0.86110025 0.0
1.6875315 0.80617917 0.0
1.6810874 0.83722245 0.0
1.7998775 0.90861375 0.0
2.4697985 0.69108077 0.0
2.4954894 0.75021053 0.0
1.7281061 0.83079227 0.0
1.7768305 0.88241517 0.0
1.8373884 0.90312912 0.0
2.4659766 0.65201919 0.0
2.464943 0.73784929 0.0
1.7062162 0.84584926 0.0
1.7839159 0.82692186 0.0
2.49118 0.71693688 0.0
2.4566665 0.80222442 0.0
1.7894804 0.85583133 0.0
1.7539355 0.85521892 0.0
1.8307369 0.83289998 0.0
2.5570582 0.72215424 0.0
2.4523571 0.76895077 0.0
1.755901 0.82727089 0.0
1.7352949 0.77607896 0.0
1.769472 0.792065 0.0
1.7388803 0.80437896 0.0
1.7127862 0.79330774 0.0
1.6912176 0.74181155 0.0
1.7087595 0.7647293 0.0
1.6740582 0.77311824 0.0
1.7436497 0.71985102 0.0
1.7320937 0.74686863 0.0
1.7751582 0.74930793 0.0
2.5233156 0.72969075 0.0
2.4835867 0.78182199 0.0
2.4142895 0.79079696 0.0
1.6482547 0.80290979 0.0
2.5338345 0.69748145 0.0
2.5436483 0.78639034 0.0
2.4262413 0.76753331 0.0
1.6229949 0.72477413 0.0
2.5413205 0.63116445 0.0
2.5142847 0.7753341 0.0
2.5463314 0.75343269 0.0
2.5089957 0.84330946 0.0
1.6548705 0.74224539 0.0
2.5288751 0.6633406 0.0
2.6077782 0.77502315 0.0
2.4882225 0.81590003 0.0
1.6194395 0.76907436 0.0
1.6722176 0.67278283 0.0
2.4982258 0.65323576 0.0
2.5919874 0.66925696 0.0
2.5742216 0.77229129 0.0
2.519095 0.8070795 0.0
2.4463909 0.86918022 0.0
1.6311435 0.7477209 0.0
1.6482614 0.76775207 0.0
1.6014668 0.74533915 0.0
1.5652347 0.79144693 0.0
1.573052 0.69404302 0.0
1.5894012 0.77314761 0.0
1.5939907 0.71596234 0.0
1.6092758 0.80691763 0.0
1.5459594 0.74088431 0.0
1.6198279 0.6703204 0.0
1.5663393 0.72141614 0.0
1.5731929 0.74959339 0.0
1.6153184 0.69790163 0.0
1.5227877 0.69622629 0.0
1.6452199 0.68863117 0.0
2.4840572 0.60077744 0.0
2.5662457 0.69024008 0.0
2.5612678 0.65737486 0.0
2.5939406 0.7375346 0.0
1.7604373 0.59292524 0.0
2.460315 0.83705075 0.0
1.6753558 0.70904826 0.0
1.6487056 0.71567941 0.0
2.4829846 0.6292097 0.0
2.5126249 0.6160915 0.0
2.5976359 0.60900158 0.0
2.5982687 0.70324402 0.0
2.5526196 0.82195151 0.0
2.5885768 0.80342017 0.0
2.481428 0.86528256 0.0
2.4147352 0.8363795 0.0
1.7137727 0.68745529 0.0
2.5862917 0.63833058 0.0
2.5520698 0.57584858 0.0
2.6614324 0.72863486 0.0
2.5010197 0.91262152 0.0
1.7750072 0.66509763 0.0
2.5641301 0.80013543 0.0
2.375 1 0.0
2.4377446 0.82181098 0.0
1.7041603 0.71532434 0.0
1.6896683 0.6895412 0.0
1.6994206 0.66192089 0.0
1.6651258 0.61552672 0.0
1.7505655 0.64997456 0.0
1.6761851 0.64322416 0.0
1.7267275 0.66337318 0.0
1.6468322 0.65432982 0.0
1.7166035 0.61102879 0.0
1.7549553 0.68568949 0.0
1.7143521 0.63861547 0.0
1.6915425 0.62103543 0.0
1.6874727 0.57445764 0.0
2.5671042 0.61405057 0.0
2.6438195 0.64372343 0.0
2.5383897 0.60189255 0.0
2.5115848 0.58372887 0.0
2.6265186 0.72422811 0.0
2.75 1 0.0
1.7759561 0.63625142 0.0
2.5146527 0.8786867 0.0
1.6191472 0.6383737 0.0
2.4673665 0.89830754 0.0
1.602866 0.61087864 0.0
1.7348535 0.69798842 0.0
1.8035345 0.66159129 0.0
1.7797283 0.71283956 0.0
2.62944 0.67990909 0.0
2.614293 0.64916128 0.0
2.468064 0.54420575 0.0
2.6399846 0.75805087 0.0
1.7491216 0.61695278 0.0
1.8081503 0.62865372 0.0
1.8161137 0.73591973 0.0
2.6468932 0.70331535 0.0
2.6636996 0.67257325 0.0
2.6797226 0.70129791 0.0
2.4841634 0.57020086 0.0
2.4555097 0.5853898 0.0
2.5214863 0.52910284 0.0
2.5087114 0.55499765 0.0
2.536543 0.55262948 0.0
2.5738357 0.51218127 0.0
2.5498815 0.52751163 0.0
2.5326525 0.47421081 0.0
2.5813517 0.55030495 0.0
2.5482614 0.49860033 0.0
2.5869219 0.45666862 0.0
2.5730942 0.48270771 0.0
2.6296156 0.4960317 0.0
2.5996065 0.49678675 0.0
2.6155086 0.53208332 0.0
2.6156068 0.75083539 0.0
2.6522773 0.82580249 0.0
2.5423096 0.85612333 0.0
2.625 1 0.0
1.6185797 0.55126321 0.0
1.5827207 0.65513041 0.0
1.6341669 0.6109118 0.0
1.7397298 0.57629495 0.0
1.8332767 0.63005362 0.0
1.8308968 0.65760255 0.0
1.8565684 0.6735496 0.0
1.8225437 0.69614685 0.0
1.7924795 0.73295801 0.0
1.801156 0.75950011 0.0
2.7264351 0.65640979 0.0
2.459416 0.61231751 0.0
2.6233642 0.80625222 0.0
2.7031524 0.78158083 0.0
2.5909391 0.85215417 0.0
2.4957002 0.93653584 0.0
2.5439196 0.93471291 0.0
1.6541592 0.58294513 0.0
2.6971884 0.672724 0.0
2.6552337 0.79027508 0.0
2.674868 0.76095807 0.0
2.5658444 0.84458281 0.0
2.5687592 0.8802948 0.0
2.6041589 0.82708911 0.0
2.6290141 0.85621689 0.0
2.5319139 0.90532712 0.0
2.4013876 0.92370496 0.0
1.6185459 0.58313295 0.0
1.6608553 0.5396059 0.0
2.6805925 0.63965798 0.0
2.7428923 0.72028534 0.0
2.6836563 0.81052703 0.0
2.6971473 0.73274338 0.0
2.6064545 0.88719425 0.0
2.542966 0.88196209 0.0
2.4310442 0.90234815 0.0
1.5578471 0.56713375 0.0
1.6667397 0.56270197 0.0
1.6909022 0.5442483 0.0
1.7140653 0.56217723 0.0
1.6847231 0.4846842 0.0
1.7340593 0.51241898 0.0
1.6799963 0.51527711 0.0
1.7407726 0.54401269 0.0
1.6248737 0.49160273 0.0
1.7064918 0.5037092 0.0
1.6556904 0.4958601 0.0
1.7236627 0.46209539 0.0
1.6489153 0.43496136 0.0
1.6602943 0.46452167 0.0
2.6555342 0.58134295 0.0
2.7137991 0.70250217 0.0
2.7485504 0.83319642 0.0
2.4534245 0.93825517 0.0
2.3905334 0.87736309 0.0
1.590296 0.56716813 0.0
1.715784 0.53281239 0.0
1.7616655 0.5230631 0.0
1.7572843 0.49330479 0.0
1.6909238 0.43576083 0.0
2.6591798 0.6143178 0.0
2.7438848 0.68597178 0.0
2.6967442 0.87727968 0.0
2.7190781 0.81334598 0.0
2.4278924 0.92924081 0.0
2.4375 1 0.0
2.4059666 0.96799944 0.0
2.4508312 0.91494338 0.0
2.4749041 0.92233511 0.0
2.4189525 0.87661901 0.0
1.5740415 0.59550519 0.0
1.5741277 0.51407594 0.0
2.6279699 0.61672965 0.0
2.7114715 0.59184773 0.0
2.80876 0.70501949 0.0
2.6813419 0.84564017 0.0
2.7583019 0.773806 0.0
2.7168624 0.84843978 0.0
1.5765075 0.62559052 0.0
1.5349749 0.64974951 0.0
1.5415716 0.61331045 0.0
1.592261 0.53756175 0.0
1.6029294 0.51058153 0.0
1.5828026 0.46513396 0.0
1.6324742 0.5225668 0.0
2.6205364 0.58251042 0.0
2.6887487 0.6110488 0.0
2.7192227 0.62406633 0.0
2.7738229 0.7040089 0.0
2.7914791 0.6379469 0.0
2.6601496 0.87552538 0.0
2.7477569 0.80257035 0.0
2.7310719 0.7801385 0.0
2.8065 0.81637172 0.0
2.738535 0.7505186 0.0
2.7753173 0.81717962 0.0
2.773047 0.74006194 0.0
2.7901203 0.78634806 0.0
2.7924478 0.87618238 0.0
2.7761399 0.84892895 0.0
1.4688524 0.6189625 0.0
2.5902242 0.57945064 0.0
2.6076667 0.55832937 0.0
2.6394409 0.55352843 0.0
2.7921878 0.67352678 0.0
2.7613799 0.65571377 0.0
2.7619317 0.59674978 0.0
2.6537729 0.85105034 0.0
2.7100278 0.9485235 0.0
2.6337366 0.88335945 0.0
2.656923 0.91309014 0.0
2.6242286 0.91468119 0.0
2.8555089 0.77015466 0.0
2.7447404 0.889324 0.0
1.5059537 0.62567907 0.0
2.69193 0.54172147 0.0
2.8604713 0.65770103 0.0
2.7642852 0.62625638 0.0
2.735854 0.6030235 0.0
2.7398217 0.56218123 0.0
2.5833137 0.92164824 0.0
2.8249396 0.78683199 0.0
2.7230313 0.87418012 0.0
2.713965 0.91030895 0.0
2.750672 0.86153354 0.0
2.6675328 0.5558376 0.0
2.65625 0.5210682 0.0
2.6922751 0.57045916 0.0
2.8284063 0.67457443 0.0
2.7412205 0.63613683 0.0
2.8079904 0.75346451 0.0
2.8719966 0.83673151 0.0
2.6906304 0.45780835 0.0
2.8290855 0.63696129 0.0
2.8698628 0.71445178 0.0
2.84192 0.81795681 0.0
2.6651389 0.4849267 0.0
2.8402327 0.70376748 0.0
2.8733638 0.80106291 0.0
2.8351278 0.86231592 0.0
2.8632382 0.68639561 0.0
2.9165214 0.66677709 0.0
2.8960886 0.69344915 0.0
2.8447455 0.73768022 0.0
2.9157367 0.75597378 0.0
2.8071665 0.84886916 0.0
2.8480614 0.84159672 0.0
2.865686 0.86699491 0.0
2.9264967 0.86388552 0.0
2.9287104 0.73091297 0.0
2.8956834 0.85746032 0.0
2.8414929 0.92287247 0.0
2.8878868 0.6660034 0.0
2.8899961 0.60962239 0.0
2.9029621 0.63833742 0.0
2.8877588 0.77213598 0.0
2.9008708 0.72629586 0.0
2.9073541 0.82022635 0.0
2.9219478 0.61247975 0.0
2.875 1 0.0
2.8751505 0.63361062 0.0
2.8496413 0.60123587 0.0
2.9511847 0.59927813 0.0
2.8744793 0.7446377 0.0
2.9376981 0.70416262 0.0
2.9159717 0.78867754 0.0
2.8462569 0.89175894 0.0
2.9841669 0.73466049 0.0
2.9545863 0.76019715 0.0
2.9569304 0.72550943 0.0
2.9879825 0.67819617 0.0
2.9786651 0.70592762 0.0
3.0361556 0.70981259 0.0
3.0069005 0.71541431 0.0
3.0322 0.76834782 0.0
3.0126041 0.74520099 0.0
2.9914267 0.78299791 0.0
2.8995854 0.91584595 0.0
2.8139221 0.90272941 0.0
2.9114156 0.55017916 0.0
2.9533448 0.64303735 0.0
2.9560122 0.81656605 0.0
2.8695581 0.91124825 0.0
2.8781844 0.95526203 0.0
2.8886394 0.88725428 0.0
2.8167799 0.8784587 0.0
2.8543833 0.97256342 0.0
2.7764072 0.91111683 0.0
2.9248571 0.57994736 0.0
2.928481 0.63717557 0.0
2.9310321 0.80974271 0.0
2.950254 0.78850921 0.0
2.9368739 0.83749342 0.0
2.9819654 0.87045922 0.0
2.9550937 0.85989347 0.0
2.9789299 0.83872529 0.0
2.9505522 0.91089807 0.0
2.9439665 0.88460718 0.0
2.9166377 0.89292656 0.0
2.8122675 0.93393439 0.0
2.84375 1 0.0
2.8921245 0.57680864 0.0
2.9748483 0.53945551 0.0
2.9839631 0.81058909 0.0
3.0228157 0.80629391 0.0
2.8510377 0.52674215 0.0
2.9551663 0.56626155 0.0
3.0216679 0.85064933 0.0
2.8781511 0.54638376 0.0
2.9415839 0.5356601 0.0
3.0160761 0.59035524 0.0
2.8613857 0.57250498 0.0
2.8074122 0.56720783 0.0
2.8336079 0.577916 0.0
2.8172179 0.60635647 0.0
2.8304357 0.54828036 0.0
2.7828648 0.5138814 0.0
2.8021363 0.53732338 0.0
2.7741391 0.55767403 0.0
2.820258 0.50278326 0.0
2.9013561 0.49067514 0.0
2.9824595 0.5863013 0.0
2.7850227 0.5825188 0.0
2.7872324 0.61035148 0.0
2.753145 0.53072528 0.0
2.9149759 0.51897496 0.0
2.880462 0.51465913 0.0
2.9654468 0.47418496 0.0
3.0028102 0.55895369 0.0
2.9944484 0.62829183 0.0
2.7225545 0.53631812 0.0
2.7008511 0.5027969 0.0
2.8537576 0.49149731 0.0
2.9615824 0.50805395 0.0
3.0692669 0.5493813 0.0
2.9744951 0.61128203 0.0
2.7453687 0.48236337 0.0
2.7333841 0.50909656 0.0
2.9333976 0.49268187 0.0
3.0257563 0.4982211 0.0
3.0372946 0.5628883 0.0
2.8155067 0.43331947 0.0
2.9209797 0.43415162 0.0
3.0055158 0.52527486 0.0
3.0417067 0.5287381 0.0
3.0790132 0.61704574 0.0
2.8269978 0.46742788 0.0
2.9367046 0.46139782 0.0
2.9922759 0.49440105 0.0
3.0918701 0.48309217 0.0
3.0510471 0.59544155 0.0
2.7839932 0.46292615 0.0
2.8682368 0.43454468 0.0
2.9063663 0.46074641 0.0
2.8772142 0.4712499 0.0
2.8946279 0.43698408 0.0
2.8860797 0.38548619 0.0
2.9049283 0.4088159 0.0
2.9399499 0.36124216 0.0
2.9161962 0.38043331 0.0
2.8915116 0.3255841 0.0
2.9549124 0.4040579 0.0
2.9110515 0.34976946 0.0
2.9826084 0.3703569 0.0
2.9356764 0.32987445 0.0
3.0160128 0.43498873 0.0
3.0742066 0.51406746 0.0
3.0839082 0.58180653 0.0
3.0390235 0.63990863 0.0
2.8038049 0.48132673 0.0
2.8065258 0.45533499 0.0
2.7869671 0.43451668 0.0
2.7508158 0.44509275 0.0
2.7989561 0.37954669 0.0
2.8001751 0.40860494 0.0
2.7582936 0.4035789 0.0
2.8418508 0.39230198 0.0
2.8416494 0.44350191 0.0
2.9640922 0.43853369 0.0
3.5 1 0.0
3.0122538 0.46793484 0.0
3.0572628 0.48388145 0.0
3.1327083 0.54025313 0.0
3.0305285 0.61375254 0.0
2.9436359 0.42552047 0.0
2.98847 0.41358269 0.0
3.1297475 0.57422489 0.0
2.9867757 0.45552315 0.0
3.0422817 0.45467346 0.0
3.1023061 0.55398095 0.0
3.1094968 0.51366763 0.0
3.1485956 0.6087516 0.0
3.1278023 0.48274593 0.0
3.1092866 0.42588322 0.0
2.9827385 0.23588873 0.0
3.1589334 0.46479889 0.0
3.0920498 0.53135355 0.0
3.112716 0.6037677 0.0
3.050186 0.41675531 0.0
3.0718257 0.23588873 0.0
3.1634833 0.50866484 0.0
3.1076416 0.64029936 0.0
2.9761111 0.39324827 0.0
3.0055977 0.38924981 0.0
3.0300963 0.33600608 0.0
3.0108601 0.3594131 0.0
2.9819918 0.32682705 0.0
3.0518278 0.37347317 0.0
3.13 0.45058441 0.0
3.1867049 0.56207412 0.0
3.1366923 0.51334914 0.0
3.151424 0.48774672 0.0
3.1808992 0.48468949 0.0
3.2065993 0.52167144 0.0
3.2078103 0.43289681 0.0
3.1875582 0.45526173 0.0
3.1611514 0.42373017 0.0
3.2347685 0.47766012 0.0
3.2070462 0.47513887 0.0
3.1443863 0.64564364 0.0
3.0731412 0.67371242 0.0
2.9597695 0.342567 0.0
3.100345 0.45441663 0.0
3.0781201 0.43178415 0.0
3.156366 0.55942993 0.0
3.1736947 0.53597794 0.0
3.1692709 0.58673595 0.0
2.1067478 0.25534505 0.0
3.1233566 0.66124212 0.0
3.1998616 0.58986815 0.0
3.2303079 0.55844498 0.0
3.0794716 0.64573083 0.0
3.0792624 0.39618601 0.0
3.0723363 0.45969235 0.0
2.5315336 0.3485809 0.0
3.1627609 0.62905398 0.0
2.4634417 0.30921441 0.0
3.1088158 0.33256329 0.0
2.4133345 0.33446914 0.0
3.0856902 0.3604965 0.0
2.4913693 0.23588873 0.0
3.0598649 0.34377573 0.0
3.0582653 0.28899189 0.0
3.051055 0.31661768 0.0
2.9869554 0.28139558 0.0
3.0838466 0.31042252 0.0
3.1352547 0.3779911 0.0
2.4633808 0.33849037 0.0
3.1609128 0.23588873 0.0
3.1057799 0.38253831 0.0
3.1171051 0.35814656 0.0
3.1616997 0.32956289 0.0
3.1443002 0.35149611 0.0
3.1947854 0.37367751 0.0
3.1648363 0.37329881 0.0
3.1794792 0.39971904 0.0
3.1527269 0.39829932 0.0
2.4857665 0.29111219 0.0
2.5870613 0.26862225 0.0
3.1851789 0.67235458 0.0
1.3081846 0.24813366 0.0
3.1195881 0.68715275 0.0
2.6095588 0.28564828 0.0
1.3329609 0.26284314 0.0
2.644609 0.33058591 0.0
1.7407886 0.32500302 0.0
1.7068279 0.3438054 0.0
1.7077751 0.31531908 0.0
1.7766968 0.41633261 0.0
2.0591692 0.48919592 0.0
2.1344836 0.36236642 0.0
2.1565602 0.40479964 0.0
2.1213101 0.51710682 0.0
2.0175081 0.50353848 0.0
2.3244617 0.39846417 0.0
2.0059181 0.5479744 0.0
2.046256 0.54359711 0.0
1.9961497 0.64651772 0.0
2.1584493 0.30159385 0.0
2.0489113 0.57220796 0.0
2.1336307 0.23588873 0.0
2.071838 0.53738635 0.0
1.9816774 0.69745252 0.0
2.0366783 0.72241208 0.0
2.3967117 0.25964699 0.0
2.4220066 0.25304554 0.0
2.4591547 0.28025395 0.0
2.3387438 0.30389891 0.0
2.3312647 0.34868678 0.0
2.3351385 0.50699426 0.0
2.2846532 0.19261673 0.0
2.3865542 0.45416497 0.0
2.408391 0.36086076 0.0
1.3555265 0.31940792 0.0
1.3059 0.36600863 0.0
1.3040899 0.3143563 0.0
1.3368284 0.34922053 0.0
1.3307043 0.30775756 0.0
1.3304564 0.23588873 0.0
1.3533476 0.41653703 0.0
1.311773 0.33994494 0.0
1.259182 0.34178788 0.0
1.3362544 0.38504651 0.0
1.3723177 0.38585553 0.0
1.2848077 0.43335637 0.0
1.3876275 0.36769014 0.0
1.4049319 0.39780848 0.0
1.3041916 0.40245034 0.0
1.3215057 0.4348412 0.0
1.2541163 0.39257548 0.0
1.3722983 0.48635171 0.0
1.2819866 0.38314846 0.0
1.275106 0.40871828 0.0
1.2354512 0.43856219 0.0
1.3003279 0.50401289 0.0
1.3536615 0.45393118 0.0
1.3018397 0.46664798 0.0
1.7942301 0.53620557 0.0
1.815288 0.55341543 0.0
2.3326399 0.15076385 0.0
2.3577385 0.058972182 0.0
1.4760315 0.36669686 0.0
1.397991 0.33844962 0.0
1.3793789 0.32308574 0.0
2.0204022 0.80994938 0.0
2.0172515 0.94914825 0.0
2.0243466 0.97612847 0.0
2.09375 0.96505654 0.0
1.9361878 0.89151749 0.0
1.90625 1 0.0
1.8816414 0.87077861 0.0
2.1898843 0.8972522 0.0
2.0884804 0.91550108 0.0
2.1323631 0.73076561 0.0
2.2023636 0.80389568 0.0
2.1421398 0.7754078 0.0
2.1788837 0.77563159 0.0
2.2223388 0.76341681 0.0
2.1656022 0.81054975 0.0
2.2033327 0.77920583 0.0
2.2305527 0.79263818 0.0
2.2630362 0.7677423 0.0
2.237905 0.85197053 0.0
2.2264429 0.82326917 0.0
2.2726086 0.81387196 0.0
2.1935558 0.85304227 0.0
2.2518073 0.82977914 0.0
2.2871335 0.8673604 0.0
2.3372462 0.62943626 0.0
2.3917848 0.5782778 0.0
2.3744403 0.73144781 0.0
1.852788 0.92310793 0.0
1.8442905 0.79474226 0.0
1.759445 0.76897487 0.0
2.371939 0.78873663 0.0
1.6579795 0.82646903 0.0
1.6273855 0.79149492 0.0
1.6301093 0.81798554 0.0
1.6065281 0.83723153 0.0
1.6179087 0.87240322 0.0
1.625 1 0.0
1.6619634 0.95133077 0.0
1.682547 0.96661688 0.0
1.5611146 0.87135322 0.0
1.5896923 0.86210622 0.0
1.7209833 0.94436436 0.0
1.5639853 0.83144187 0.0
1.6875 1 0.0
1.6364058 0.95336925 0.0
1.489453 0.86823663 0.0
1.65625 1 0.0
1.64647 0.91831563 0.0
1.640625 0.97911155 0.0
1.5625 1 0.0
1.6150391 0.92826308 0.0
1.6724967 0.90439254 0.0
1.6082703 0.97119767 0.0
1.6156612 0.9002914 0.0
1.6432482 0.88847994 0.0
1.59375 1 0.0
1.581529 0.94498094 0.0
1.578125 0.97460386 0.0
1.53125 0.96326869 0.0
1.5575185 0.95722895 0.0
1.5335696 0.91321291 0.0
1.5579718 0.92845907 0.0
1.5588705 0.89986913 0.0
2.4306396 0.51832401 0.0
1.8421047 0.73242279 0.0
2.4718135 0.43857659 0.0
2.5916439 0.52847317 0.0
1.5947078 0.67876639 0.0
1.7950121 0.68878585 0.0
2.6283562 0.83160976 0.0
1.7499364 0.45835911 0.0
2.46875 1 0.0
1.6972475 0.46141694 0.0
1.6708027 0.38895669 0.0
1.7234622 0.40774273 0.0
1.5569385 0.66938174 0.0
2.5698968 0.59089216 0.0
1.4979379 0.6648739 0.0
1.4975986 0.56600205 0.0
2.5597702 0.90669644 0.0
2.5850333 0.89780505 0.0
2.6104639 0.95746853 0.0
2.6857864 0.91872068 0.0
2.6875 1 0.0
2.677585 0.89438283 0.0
2.7449053 0.93241731 0.0
2.6627795 0.95986347 0.0
2.6417853 0.93873885 0.0
2.6779821 0.58966539 0.0
2.7846456 0.76207556 0.0
2.7973064 0.72906615 0.0
2.6341761 0.44825071 0.0
2.6139574 0.47042906 0.0
2.8514462 0.62605087 0.0
2.9802031 0.75996971 0.0
2.9472733 0.67404842 0.0
2.7697376 0.88690457 0.0
2.8561956 0.94319424 0.0
2.8125 1 0.0
3.0148761 0.78419695 0.0
3.005556 0.82803986 0.0
2.9796662 0.65174761 0.0
3.0112241 0.65524999 0.0
3.0394706 0.67357651 0.0
2.6813707 0.51881679 0.0
2.6890154 0.48183054 0.0
2.7172907 0.47166608 0.0
2.7178747 0.43796836 0.0
2.6710034 0.40223067 0.0
2.7386824 0.42147679 0.0
2.7072916 0.40324296 0.0
2.6884617 0.42731978 0.0
2.6638658 0.44439068 0.0
2.691076 0.33360348 0.0
2.6900454 0.37055111 0.0
2.620171 0.3501137 0.0
2.7404281 0.35346839 0.0
2.6577901 0.35116312 0.0
2.7198808 0.3757067 0.0
2.7134799 0.34918092 0.0
2.7463855 0.37958441 0.0
2.7319549 0.29871018 0.0
2.7726567 0.35985409 0.0
2.7308371 0.32691781 0.0
2.7744802 0.31452125 0.0
2.6643968 0.3766969 0.0
2.6224976 0.40115959 0.0
2.6456523 0.42041094 0.0
2.7310814 0.39842472 0.0
2.7745715 0.38470454 0.0
2.760505 0.33666219 0.0
2.8090817 0.3386162 0.0
2.7724896 0.48816153 0.0
2.7649118 0.42620143 0.0
3.0241413 0.40908254 0.0
3.2074172 0.54717356 0.0
3.2510043 0.51907218 0.0
2.4771753 0.38249239 0.0
3.0078312 0.32205093 0.0
3.0264394 0.29543911 0.0
3.0272821 0.23588873 0.0
3.0370027 0.26580744 0.0
3.0073963 0.25888811 0.0
3.064185 0.26222058 0.0
3.0865544 0.28120706 0.0
3.1165261 0.29871815 0.0
3.134667 0.32065169 0.0
3.1592782 0.2818274 0.0
3.1163693 0.23588873 0.0
3.1147765 0.26730761 0.0
3.0910329 0.25469889 0.0
3.138641 0.25276756 0.0
2.558604 0.3202711 0.0
1.4513225 0.41444815 0.0
2.1559025 0.24907673 0.0
2.1305152 0.26655044 0.0
2.3853632 0.37299735 0.0
2.3879711 0.34649593 0.0
2.4375958 0.32296495 0.0
2.4345228 0.40002034 0.0
1.3080976 0.27354947 0.0
1.4343666 0.45894234 0.0
1.389219 0.4349343 0.0
1.3788041 0.41107135 0.0
1.3342245 0.48667133 0.0
1.3278651 0.46075626 0.0
1.2555798 0.48348931 0.0
2.3294675 0.10144151 0.0
2.3294764 0.070803032 0.0
2.302915 0.050581393 0.0
2.3577385 0.088458274 0.0
2.0704411 0.97565655 0.0
2.0700443 0.94385653 0.0
2.09375 1 0.0
1.9014164 0.85834935 0.0
1.9022286 0.88593003 0.0
1.8597985 0.88734177 0.0
1.8531628 0.8559064 0.0
1.8368202 0.87577421 0.0
1.8637597 0.82314368 0.0
2.152765 0.90393227 0.0
2.0910802 0.88945484 0.0
2.0998766 0.93934714 0.0
2.1235836 0.95858123 0.0
2.1875 1 0.0
2.0618635 0.91279183 0.0
2.2173456 0.73658553 0.0
2.2493189 0.73877793 0.0
2.1430066 0.82985 0.0
2.1697387 0.83826944 0.0
2.1652273 0.87212851 0.0
2.2567002 0.7931151 0.0
2.2861769 0.78699836 0.0
2.3283027 0.82512949 0.0
2.302002 0.81185044 0.0
2.3254935 0.77942717 0.0
2.3033091 0.84194684 0.0
2.3418248 0.87220679 0.0
2.276008 0.84242441 0.0
2.3274566 0.85085314 0.0
2.3676778 0.83930037 0.0
2.3139785 0.87543286 0.0
2.3340477 0.92687032 0.0
2.330763 0.89851801 0.0
2.3638337 0.89694068 0.0
2.2836666 0.9183407 0.0
2.2939302 0.89343063 0.0
2.3100976 0.91527858 0.0
2.2524445 0.89090686 0.0
2.3016441 0.95791306 0.0
2.3883099 0.90232594 0.0
2.3697494 0.92836888 0.0
2.3887175 0.94739868 0.0
2.3125 1 0.0
1.8619354 0.77840694 0.0
1.8106013 0.80426185 0.0
1.8215332 0.77857768 0.0
2.3728634 0.76468877 0.0
2.3919446 0.81380892 0.0
1.5827488 0.81201106 0.0
1.5068741 0.80964075 0.0
1.5261976 0.84878292 0.0
2.4061771 0.5245544 0.0
2.4248886 0.54688281 0.0
2.4358521 0.44724767 0.0
2.4252366 0.42391409 0.0
2.4639909 0.48504062 0.0
2.4388174 0.47441175 0.0
2.5625 1 0.0
2.5201296 0.94408079 0.0
2.5137747 0.97337589 0.0
2.453125 0.97110387 0.0
2.4290707 0.9767695 0.0
2.40625 1 0.0
2.4752735 0.95488012 0.0
2.484375 0.97922755 0.0
1.6702706 0.41691251 0.0
1.6396554 0.40234689 0.0
1.6953285 0.40340641 0.0
1.6968473 0.3727896 0.0
1.6659645 0.35210048 0.0
1.6064359 0.42940035 0.0
1.7472601 0.41158274 0.0
1.7316005 0.43296942 0.0
1.7391219 0.38635605 0.0
1.4839149 0.64158894 0.0
1.4465657 0.67994692 0.0
1.4511656 0.64706341 0.0
1.470528 0.66653539 0.0
1.4862894 0.69963062 0.0
1.3862186 0.65474182 0.0
1.507751 0.73236892 0.0
1.4130854 0.60347907 0.0
1.4196997 0.65942531 0.0
1.4386508 0.61957002 0.0
1.4501274 0.57298124 0.0
1.4533335 0.59847897 0.0
1.4758053 0.58270294 0.0
1.503034 0.59566445 0.0
1.5275486 0.57584316 0.0
1.3940366 0.72086913 0.0
1.406379 0.63263605 0.0
1.3541846 0.60528098 0.0
1.3838715 0.6121093 0.0
1.3820368 0.55213809 0.0
1.3908239 0.58188294 0.0
1.4175322 0.55782258 0.0
1.5270092 0.52698996 0.0
1.3988051 0.68677956 0.0
1.4262429 0.58171576 0.0
1.4061956 0.5149478 0.0
1.5368976 0.55131036 0.0
1.5622908 0.53947056 0.0
1.4262087 0.7079912 0.0
1.3314761 0.69473959 0.0
1.40236 0.53889812 0.0
1.3772661 0.52259709 0.0
1.4312896 0.53124882 0.0
1.3310904 0.54521003 0.0
1.4368227 0.49526557 0.0
1.3576172 0.54092604 0.0
1.3575857 0.57319337 0.0
1.3400367 0.51633576 0.0
1.4569573 0.70890067 0.0
1.4398504 0.76702578 0.0
1.4407764 0.73571836 0.0
1.3640961 0.68192431 0.0
1.4059335 0.48086975 0.0
1.4953046 0.47306646 0.0
1.4787494 0.52012968 0.0
1.3169719 0.58511262 0.0
1.4744488 0.73774484 0.0
1.410356 0.750486 0.0
1.3589842 0.71683566 0.0
1.331612 0.64716258 0.0
1.385634 0.46224743 0.0
1.4626876 0.47527198 0.0
1.4527814 0.51613658 0.0
1.4616289 0.54503395 0.0
1.4968838 0.77088649 0.0
1.267734 0.77306107 0.0
1.3727044 0.75192814 0.0
1.3583962 0.65469201 0.0
1.3642876 0.62930485 0.0
1.468449 0.43255596 0.0
1.4803539 0.49425073 0.0
1.5110845 0.50007079 0.0
1.4104333 0.78491588 0.0
1.4067534 0.83182701 0.0
1.5387535 0.46578984 0.0
1.4525586 0.82105278 0.0
1.25 1 0.0
1.3256321 0.73018591 0.0
1.437391 0.79611238 0.0
1.4673489 0.78399818 0.0
2.584345 0.94906602 0.0
1.2861995 0.66105961 0.0
1.2610246 0.70132924 0.0
1.463351 0.75971292 0.0
1.2737923 0.73631471 0.0
1.2971151 0.70727943 0.0
2.5417556 0.96410885 0.0
1.3068413 0.68058359 0.0
2.6062109 0.9324926 0.0
1.5221356 0.67121903 0.0
2.59375 1 0.0
2.53125 1 0.0
2.5669247 0.96755686 0.0
2.7396248 0.96679876 0.0
2.7780924 0.95511067 0.0
2.71875 1 0.0
2.78125 1 0.0
2.703125 0.97617032 0.0
2.8225756 0.9696941 0.0
2.7638688 0.97744433 0.0
2.6841517 0.94481062 0.0
2.6419444 0.47310029 0.0
3.0148113 0.68797616 0.0
2.625 0.23588873 0.0
2.8308948 0.27039928 0.0
2.8267158 0.36469636 0.0
2.8499611 0.32997736 0.0
3.229536 0.53291323 0.0
2.5238664 0.26088992 0.0
2.6377528 0.28458878 0.0
2.5547093 0.2603483 0.0
2.5141984 0.28690348 0.0
2.6631188 0.28719542 0.0
2.5549718 0.29119485 0.0
2.5320225 0.30941443 0.0
2.586575 0.30201193 0.0
2.6695436 0.23588873 0.0
2.690867 0.30210432 0.0
2.6027282 0.24842792 0.0
2.5804564 0.23588873 0.0
2.5889197 0.33615751 0.0
2.6611745 0.31262079 0.0
2.6248253 0.31624132 0.0
1.4283745 0.4241744 0.0
2.6846041 0.26383026 0.0
2.5893807 0.37709305 0.0
1.3580381 0.25569439 0.0
2.4112701 0.38723835 0.0
2.4367491 0.35251388 0.0
3.1798027 0.73805626 0.0
3.1522215 0.67818227 0.0
2.4963231 0.26428728 0.0
2.4934668 0.33935244 0.0
2.5035355 0.31301053 0.0
3.1454987 0.71756884 0.0
1.2579036 0.2892201 0.0
2.6531082 0.25988625 0.0
1.412967 0.44473013 0.0
1.2733115 0.46024048 0.0
1.2818899 0.48516939 0.0
1.2665447 0.5186268 0.0
1.2956616 0.53958124 0.0
1.1941211 0.52194748 0.0
1.3158485 0.52413934 0.0
1.3105187 0.56038028 0.0
1.2666272 0.58504061 0.0
1.2298972 0.51078333 0.0
1.2647437 0.55183599 0.0
1.2855399 0.5673121 0.0
1.2148614 0.57132117 0.0
1.2429851 0.56972592 0.0
1.231365 0.61357062 0.0
1.2273212 0.54227967 0.0
2.2768679 0.085937955 0.0
2.2213777 0.055330557 0.0
2.2744337 0.032894556 0.0
2.2466849 0.041225564 0.0
2.2230654 0 0.0
2.2904019 0.012665236 0.0
1.887216 0.8129857 0.0
2.1748079 0.91994733 0.0
2.2255481 0.93729902 0.0
2.2024568 0.92195939 0.0
2.2214352 0.89674965 0.0
2.1523859 0.94349405 0.0
2.2053297 0.87627747 0.0
2.1933797 0.9606733 0.0
2.1522828 0.9783334 0.0
2.1691615 0.96096351 0.0
2.2642623 0.7114271 0.0
2.2902166 0.72109091 0.0
2.1404424 0.87988448 0.0
2.3034283 0.7707136 0.0
2.3274125 0.75343689 0.0
2.3671616 0.86550377 0.0
2.3549885 0.81276958 0.0
2.2606446 0.865662 0.0
2.377895 0.97266565 0.0
2.34375 0.98286986 0.0
2.3195241 0.97574463 0.0
2.3388204 0.95488367 0.0
1.79413 0.78436008 0.0
1.8301352 0.75581158 0.0
1.5392052 0.81065076 0.0
1.5329396 0.77491566 0.0
1.5168314 0.75572261 0.0
1.5567785 0.76815567 0.0
1.5498512 0.85048419 0.0
1.5301466 0.88096783 0.0
1.4973331 0.83869178 0.0
1.4682895 0.84676867 0.0
1.4800474 0.81692251 0.0
1.375 1 0.0
1.4350625 0.84942486 0.0
1.4598303 0.87627361 0.0
1.486349 0.91540614 0.0
1.4637849 0.90214539 0.0
1.3968889 0.95182486 0.0
1.3989933 0.87587933 0.0
1.5092709 0.89948818 0.0
2.4473981 0.56041163 0.0
1.6503497 0.37289595 0.0
1.6388657 0.3397158 0.0
1.6243038 0.45793785 0.0
1.6059028 0.47508662 0.0
1.5676629 0.42943887 0.0
1.6059324 0.3948599 0.0
1.5836454 0.40866073 0.0
1.5304262 0.72060346 0.0
1.3342318 0.56877055 0.0
1.3242196 0.61615467 0.0
1.3037947 0.6374092 0.0
1.266695 0.62817849 0.0
1.2934035 0.60698251 0.0
1.4981743 0.41804867 0.0
1.5161442 0.44389092 0.0
1.4901301 0.44733989 0.0
1.5610917 0.48652554 0.0
1.5476162 0.50976111 0.0
1.5861776 0.49130624 0.0
1.3028726 0.75998173 0.0
1.2007569 0.74314604 0.0
2.5914858 0.97456043 0.0
2.7685537 0.93344685 0.0
2.8023841 0.9561489 0.0
2.8323453 0.94751234 0.0
2.8094825 0.30114841 0.0
2.8735245 0.35415035 0.0
2.8621175 0.37690389 0.0
2.8669224 0.29170952 0.0
3.2749497 0.63216034 0.0
3.2317471 0.76374715 0.0
3.1764477 0.70471092 0.0
3.2424561 0.7051668 0.0
3.20936 0.71824095 0.0
3.2156092 0.68563316 0.0
3.205169 0.81705982 0.0
3.2192147 0.63586301 0.0
3.2509851 0.66522856 0.0
3.25 1 0.0
3.2086333 0.66011213 0.0
3.1903552 0.63770306 0.0
3.1834269 0.61146408 0.0
3.2554903 0.74712341 0.0
3.1718241 0.79407721 0.0
3.275289 0.80066881 0.0
3.229816 0.73482734 0.0
3.2376963 0.84500191 0.0
3.3128418 0.75236225 0.0
2.5576952 0.45783918 0.0
3.2192276 0.78988805 0.0
2.5460307 0.39210621 0.0
3.2827288 0.71565862 0.0
2.4690975 0.25359515 0.0
2.5414655 0.43350459 0.0
2.530603 0.3730678 0.0
2.5064548 0.3689034 0.0
3.248673 0.78792177 0.0
3.1795788 0.83382575 0.0
3.1341825 0.76901704 0.0
3.1991871 0.76422172 0.0
3.2356943 0.81502142 0.0
2.6155507 0.37590025 0.0
2.5608905 0.36195779 0.0
2.5129887 0.40311154 0.0
2.5858219 0.41680886 0.0
2.7173912 0.26890068 0.0
2.7744484 0.24651865 0.0
2.7510932 0.27089771 0.0
2.7443012 0.24101417 0.0
2.7140872 0.11794436 0.0
2.7140872 0.17691655 0.0
2.764257 0.21702736 0.0
2.8216003 0.21371758 0.0
2.7933957 0.22346437 0.0
2.8936513 0.11794436 0.0
2.8161783 0.24370957 0.0
2.7995518 0.19559702 0.0
2.8544446 0.23514126 0.0
2.8936513 0.17691655 0.0
2.826648 0.18510151 0.0
2.7931047 0.13872771 0.0
2.8715079 0.088458274 0.0
2.8159618 0.15751288 0.0
2.8388392 0.10637807 0.0
2.8349012 0.13530125 0.0
2.8636447 0.12448514 0.0
2.8936513 0.058972182 0.0
2.8512242 0.20418992 0.0
2.8609206 0.16084632 0.0
2.7839349 0.27898354 0.0
2.7572929 0.29565477 0.0
2.8038693 0 0.0
2.8936513 0.14743046 0.0
2.8691538 0.18544453 0.0
2.8936513 0.20640264 0.0
2.8487603 0 0.0
2.8641096 0.0598446 0.0
2.8349112 0.074116588 0.0
2.8936513 0.029486091 0.0
2.7965905 0.095152197 0.0
2.8341859 0.03562887 0.0
1.2781442 0.26582951 0.0
1.2858205 0.2929248 0.0
1.2249877 0.23605893 0.0
1.276383 0.31947253 0.0
1.2554726 0.24396875 0.0
1.2859128 0.11794436 0.0
1.2859128 0.17691655 0.0
1.2859128 0.20640264 0.0
1.1981707 0.47201932 0.0
2.2399092 0.071968837 0.0
2.1781743 0.088458274 0.0
2.1974441 0.029486091 0.0
2.2527302 0.92206535 0.0
2.2568159 0.96122363 0.0
2.21875 1 0.0
2.28125 1 0.0
2.3635295 0.95240994 0.0
1.5605998 0.45349282 0.0
1.555306 0.40660636 0.0
1.2449719 0.66328975 0.0
1.2549205 0.60662799 0.0
1.5333724 0.48975325 0.0
1.2998067 0.73404952 0.0
1.3386873 0.76374846 0.0
1.3685298 0.79477237 0.0
1.3607519 0.77238902 0.0
1.3867956 0.77388121 0.0
1.3403381 0.79202545 0.0
1.3492007 0.84710738 0.0
1.3519976 0.81840342 0.0
1.3804546 0.8207134 0.0
1.2959146 0.82742709 0.0
1.322772 0.81555576 0.0
1.2969496 0.79345227 0.0
1.3182235 0.77995759 0.0
1.2640576 0.80945347 0.0
1.2214432 0.78676659 0.0
1.2457442 0.87913184 0.0
1.2473937 0.78938816 0.0
1.2312163 0.81977535 0.0
1.2376207 0.7563794 0.0
1.2640444 0.84669584 0.0
1.1634441 0.82188982 0.0
1.1970527 0.81193916 0.0
1.204522 0.85776511 0.0
1.1681003 0.77588391 0.0
1.1862603 0.83721993 0.0
1.1456465 0.87302257 0.0
1.1612552 0.84979169 0.0
1.1783942 0.87816645 0.0
1.1091932 0.83167066 0.0
1.1376021 0.83389933 0.0
1.1266658 0.79112619 0.0
1.1940902 0.78466601 0.0
1.211848 0.89407892 0.0
1.125 1 0.0
1.2520845 0.9394176 0.0
1.1875 1 0.0
1.2392412 0.91029207 0.0
1.18207 0.91356084 0.0
1.2910422 0.90484407 0.0
1.2122375 0.9395943 0.0
1.1410739 0.9137634 0.0
1.2660158 0.91587985 0.0
1.4655153 0.93101041 0.0
1.1614937 0.8978097 0.0
2.8265142 0.32006664 0.0
2.869462 0.31572791 0.0
2.9168688 0.2813158 0.0
3.2412601 0.5995181 0.0
3.2473035 0.6373428 0.0
3.2593322 0.72292697 0.0
3.2679787 0.68973749 0.0
3.3247366 0.67459742 0.0
3.2983444 0.68961553 0.0
3.2830518 0.66235185 0.0
3.3304041 0.71525642 0.0
3.3127914 0.63818811 0.0
3.0958517 0.73361743 0.0
3.1518303 0.74593012 0.0
3.1232668 0.74238444 0.0
3.1001544 0.76741064 0.0
3.116892 0.71507067 0.0
3.08723 0.70262859 0.0
3.114189 0.83132545 0.0
3.0659939 0.75458956 0.0
3.0605028 0.69776055 0.0
3.0595868 0.72652886 0.0
3.038866 0.74283616 0.0
3.115787 0.79747626 0.0
3.0682908 0.80038888 0.0
3.1437825 0.79539715 0.0
3.0558498 0.77805555 0.0
3.0915513 0.79098074 0.0
3.0892651 0.81878701 0.0
3.0778398 0.87253933 0.0
3.0559097 0.83565835 0.0
3.0906061 0.84716245 0.0
3.0946318 0.92150574 0.0
3.1067309 0.87117394 0.0
2.9884775 0.97420858 0.0
3.0933593 0.8945797 0.0
3.125 1 0.0
3.0414881 0.93591594 0.0
3.0349005 0.88146203 0.0
3.0031453 0.90140013 0.0
3.0087479 0.87444559 0.0
3.2846162 0.74481486 0.0
3.291744 0.77471093 0.0
3.3448699 0.80373044 0.0
3.322115 0.78224923 0.0
3.3627299 0.7532653 0.0
3.3093598 0.81855328 0.0
3.3488328 0.77673999 0.0
3.3982714 0.79778504 0.0
3.3707904 0.79375011 0.0
3.3884328 0.76919264 0.0
3.3768439 0.84812212 0.0
3.4059248 0.71226169 0.0
3.3666822 0.82173048 0.0
3.3897081 0.73843177 0.0
3.4478241 0.76474515 0.0
3.3364479 0.84852388 0.0
3.3624298 0.72076981 0.0
3.4187121 0.77476253 0.0
3.4234544 0.74123377 0.0
3.4523524 0.82521575 0.0
3.4289115 0.8044036 0.0
3.4698849 0.69335178 0.0
3.4162855 0.84223125 0.0
3.458764 0.7290205 0.0
2.4843313 0.41147492 0.0
2.5073184 0.43696156 0.0
2.4572097 0.41538964 0.0
2.4908351 0.46566954 0.0
2.4966331 0.50198996 0.0
2.5094182 0.48132603 0.0
2.4929758 0.53028978 0.0
2.4678129 0.51450026 0.0
2.5994794 0.39801531 0.0
2.6125394 0.42862289 0.0
2.5596549 0.4145595 0.0
2.8735701 0.26058288 0.0
2.8997939 0.26139598 0.0
2.9381949 0.23588873 0.0
2.7605932 0.17121355 0.0
2.8124729 0.11834987 0.0
2.7573817 0.1139429 0.0
2.8633188 0.026750685 0.0
2.7997734 0.055528139 0.0
2.8263148 0 0.0
2.815092 0.02116319 0.0
2.7589782 0 0.0
2.7140872 0.058972182 0.0
2.7814237 0.025460068 0.0
2.7739731 0.050640166 0.0
2.7505816 0.030026418 0.0
2.7447791 0.060189453 0.0
2.7679713 0.081691973 0.0
2.7140872 0.088458274 0.0
2.7417672 0.090951828 0.0
1.241056 0.19165959 0.0
1.2458151 0.21848919 0.0
1.226126 0.48150455 0.0
1.2050424 0.49770497 0.0
1.1655687 0.49450337 0.0
2.2080504 0.082685386 0.0
2.2004118 0.10649992 0.0
2.2241087 0.026781191 0.0
2.2781337 0.94472396 0.0
2.2260255 0.9690698 0.0
1.242231 0.63731837 0.0
1.1915556 0.64614547 0.0
1.2188416 0.65291715 0.0
1.2161204 0.69787198 0.0
1.2650033 0.65140744 0.0
1.2663619 0.67652357 0.0
1.3797946 0.85163315 0.0
1.4412258 0.96132994 0.0
1.2449787 0.72700756 0.0
1.2338711 0.85001433 0.0
1.1525491 0.79754858 0.0
1.0406874 0.77811106 0.0
1.2776188 0.8757349 0.0
1.3186295 0.87447289 0.0
1.31971 0.84494466 0.0
1.2943613 0.85445732 0.0
1.0879166 0.88717024 0.0
2.8399361 0.29622358 0.0
2.8942334 0.29774661 0.0
2.9192001 0.30833442 0.0
2.9519001 0.29190297 0.0
2.9409456 0.26489947 0.0
2.9743296 0.30300303 0.0
3.2170629 0.60969944 0.0
3.223457 0.58226854 0.0
3.2897834 0.56458253 0.0
3.3066615 0.72672806 0.0
3.171255 0.76608863 0.0
3.0324769 0.82873646 0.0
3.0532898 0.86217673 0.0
3.0042684 0.95078605 0.0
2.975327 0.8977229 0.0
2.9856748 0.92650316 0.0
2.9375 1 0.0
2.9622597 0.96369228 0.0
3.2667283 0.76997001 0.0
3.3379896 0.74155571 0.0
3.2764842 0.83978741 0.0
3.3881282 0.6336356 0.0
3.3327493 0.82464003 0.0
3.2102693 0.89183396 0.0
3.3942497 0.82528874 0.0
3.4667356 0.90243524 0.0
3.4379512 0.70296338 0.0
3.4109584 0.66979521 0.0
3.5322777 0.73237286 0.0
2.5228931 0.50333491 0.0
2.7893296 0.16861488 0.0
2.7739426 0.19319939 0.0
2.7454043 0.19548164 0.0
2.7140872 0.20640264 0.0
2.7357033 0.21802624 0.0
2.7824498 0.1159482 0.0
2.7641756 0.14228729 0.0
2.7347979 0.15333392 0.0
2.811224 0.076387812 0.0
1.1390348 0.42115064 0.0
1.1183446 0.70456731 0.0
1.1275606 0.56262128 0.0
1.239464 0.68802094 0.0
1.496591 0.95079048 0.0
1.2188394 0.72403846 0.0
1.1890047 0.7139142 0.0
1.165292 0.74042588 0.0
1.1871925 0.67991361 0.0
1.1388684 0.76035886 0.0
1.1540373 0.70649903 0.0
1.0877244 0.75787822 0.0
1.134858 0.73016339 0.0
1.1138201 0.74832158 0.0
1.0900238 0.72374977 0.0
1.1389119 0.65525818 0.0
1.0514291 0.73829121 0.0
1.1668643 0.66012109 0.0
1.1596827 0.61863363 0.0
1.13738 0.68356317 0.0
1.0982769 0.66725293 0.0
1.0912614 0.69507932 0.0
1.062122 0.70818342 0.0
1.0639998 0.67340859 0.0
1.0694111 0.60502864 0.0
0.99941657 0.70286595 0.0
1.0756786 0.63992871 0.0
1.0321598 0.68912744 0.0
1.114066 0.6150221 0.0
1.0258433 0.71996122 0.0
0.98961466 0.63361688 0.0
1.0896386 0.6194089 0.0
1.0966332 0.58815382 0.0
1.106147 0.64113011 0.0
0.98006136 0.7617597 0.0
1.0331764 0.62954864 0.0
1.0036028 0.66695515 0.0
1.0508736 0.54472973 0.0
0.99746731 0.73485271 0.0
1.056728 0.62531914 0.0
1.0523656 0.65057331 0.0
1.0401812 0.60086699 0.0
1.0092405 0.6085067 0.0
1.0587307 0.57531316 0.0
0.9330953 0.67693519 0.0
1.0125188 0.64361042 0.0
1.0121311 0.763422 0.0
1.0154212 0.56706408 0.0
1.08792 0.55151326 0.0
0.96703944 0.6626928 0.0
0.95594597 0.71626965 0.0
0.99842477 0.8251697 0.0
0.95158964 0.58367224 0.0
0.95801749 0.68876166 0.0
0.97151968 0.73715075 0.0
0.9688484 0.84778233 0.0
0.94366615 0.74167649 0.0
1.0365081 0.90381607 0.0
0.92247073 0.71576116 0.0
0.99457596 0.7919203 0.0
0.97715615 0.60365471 0.0
0.93268607 0.62838882 0.0
1.0254077 0.51915242 0.0
0.95929704 0.49207875 0.0
1.0340935 0.44859468 0.0
0.97063435 0.54731043 0.0
0.85712079 0.57227191 0.0
1.079989 0.49027513 0.0
0.95409041 0.52704303 0.0
0.75 1 0.0
0.89450537 0.67982174 0.0
1.023734 0.80539254 0.0
0.88369661 0.76909868 0.0
0.98229835 0.57072882 0.0
0.9515854 0.6100244 0.0
0.92040537 0.59684329 0.0
0.94283551 0.65257817 0.0
0.91200488 0.65437524 0.0
0.87532795 0.64789303 0.0
0.5 1 0.0
1.067882 0.81391877 0.0
1.0257977 0.54423029 0.0
0.95583703 0.78117909 0.0
1.0277108 0.87653498 0.0
0.93113162 0.51344037 0.0
0.93347376 0.54002331 0.0
0.88785478 0.4836101 0.0
0.97489355 0.81104612 0.0
0.92431547 0.56259894 0.0
0.99187801 0.50579334 0.0
1.0380547 0.84980194 0.0
0.99361734 0.90258801 0.0
0.9100829 0.74751806 0.0
0.99560935 0.53951817 0.0
0.91090505 0.53084796 0.0
1.0227546 0.83022207 0.0
1.0036984 0.86088073 0.0
1.059308 0.87339323 0.0
0.94806279 0.80715239 0.0
0.91778564 0.78490171 0.0
1.0204917 0.48273375 0.0
1.0571107 0.51305366 0.0
0.88944879 0.55861779 0.0
0.92497169 0.47606952 0.0
1.0679066 0.84427756 0.0
0.8670198 0.72178684 0.0
0.98393621 0.44838994 0.0
1.0516517 0.47536949 0.0
1.0872685 0.52046499 0.0
1.1226018 0.49597267 0.0
0.88521593 0.59369344 0.0
0.85486436 0.52183197 0.0
0.89525211 0.72343823 0.0
1.0089746 0.45836585 0.0
0.98695475 0.4772234 0.0
1.0091247 0.42157933 0.0
1.0862199 0.43355616 0.0
0.89985647 0.62348425 0.0
0.84697132 0.61471799 0.0
0.88216463 0.53081574 0.0
1.0751496 0.35200376 0.0
1.0771609 0.46126271 0.0
1.1153205 0.45840527 0.0
1.050678 0.40822028 0.0
0.86144039 0.59574127 0.0
0.87525445 0.61708187 0.0
0.83277039 0.58888586 0.0
0.82307531 0.54852449 0.0
0.79065752 0.62885642 0.0
0.8169591 0.61439741 0.0
0.83151575 0.65663531 0.0
0.77966799 0.57771459 0.0
0.80495637 0.58930303 0.0
0.97275085 0.41264373 0.0
1.0330052 0.42455426 0.0
1.024266 0.39737115 0.0
1.0586746 0.43459997 0.0
0.92817433 0.23588873 0.0
1.0470946 0.37936969 0.0
1.019714 0.36812265 0.0
1.0973527 0.38429931 0.0
1.0013854 0.3448792 0.0
1.0713238 0.39100814 0.0
0.99323564 0.38722206 0.0
1.03971 0.33350658 0.0
0.93456189 0.36090688 0.0
0.96044555 0.38176395 0.0
0.91405937 0.41814007 0.0
0.96668702 0.34752889 0.0
0.93093545 0.39189667 0.0
0.94371117 0.4186601 0.0
0.87370937 0.36949298 0.0
0.92841124 0.44542909 0.0
0.90526234 0.37318532 0.0
0.8918597 0.44723383 0.0
0.95634809 0.44363965 0.0
0.98537634 0.36375367 0.0
0.92746219 0.29859737 0.0
0.88609998 0.40027323 0.0
0.82055605 0.45779212 0.0
0.97271791 0.23588873 0.0
0.94000918 0.32872697 0.0
0.89439893 0.32935433 0.0
0.83163567 0.40431382 0.0
0.85759339 0.46186982 0.0
0.98236866 0.32436739 0.0
1.0172615 0.23588873 0.0
0.95415661 0.30515821 0.0
1.0132983 0.31476337 0.0
0.91737469 0.3414465 0.0
0.85822368 0.39361081 0.0
0.8650525 0.42668822 0.0
0.82814541 0.35726753 0.0
0.98754755 0.28643953 0.0
1.0618051 0.23588873 0.0
1.0417051 0.30271485 0.0
1.0240702 0.27128181 0.0
1.0812596 0.3118667 0.0
0.94926192 0.26748657 0.0
0.99719303 0.2581008 0.0
1.3423991 0.87026795 0.0
1.4292944 0.89417923 0.0
1.2322921 0.96906364 0.0
1.21875 1 0.0
1.1996604 0.96971181 0.0
1.15625 1 0.0
1.1193805 0.89070161 0.0
1.0988428 0.93175471 0.0
1.1066145 0.86251021 0.0
3.2991461 0.60205465 0.0
3.2588786 0.57282335 0.0
3.2544654 0.5460175 0.0
3.2863559 0.52822627 0.0
3.2702596 0.5994963 0.0
3.2788813 0.48425416 0.0
3.3573327 0.53987442 0.0
3.2727539 0.50791706 0.0
3.3021871 0.50291386 0.0
3.3260832 0.44918362 0.0
3.3220281 0.53293002 0.0
3.3070843 0.47291297 0.0
3.2713765 0.42485327 0.0
3.3533783 0.49050772 0.0
3.2955371 0.44419734 0.0
3.3265163 0.49148515 0.0
3.3203096 0.38849647 0.0
3.3152327 0.41959768 0.0
3.3321603 0.57463361 0.0
3.3436685 0.51612723 0.0
3.3755781 0.51357119 0.0
3.3770227 0.41371917 0.0
3.336722 0.55144268 0.0
3.3595546 0.56797797 0.0
3.4008406 0.55057421 0.0
3.3550155 0.60899963 0.0
3.4039507 0.46404522 0.0
3.3468991 0.42476684 0.0
3.38253 0.48466373 0.0
3.3617216 0.45649571 0.0
3.4257701 0.50814987 0.0
3.3999484 0.50414232 0.0
3.3523073 0.39292064 0.0
3.344737 0.32974898 0.0
3.3402325 0.36232822 0.0
3.4042887 0.35623411 0.0
3.2804173 0.33745683 0.0
3.3831122 0.38139865 0.0
3.3135886 0.34204327 0.0
3.3713808 0.35003392 0.0
3.441642 0.40916018 0.0
3.2929953 0.36873554 0.0
3.3057407 0.27655469 0.0
3.5052765 0.32558566 0.0
3.4087341 0.40296 0.0
3.2438463 0.3703313 0.0
3.3182584 0.30826914 0.0
3.3934214 0.32348263 0.0
3.4306058 0.37730478 0.0
3.4198187 0.4345579 0.0
3.2681297 0.36056634 0.0
3.2713711 0.39262809 0.0
3.2426074 0.33217425 0.0
3.2842871 0.30335005 0.0
3.3520872 0.2765893 0.0
3.5230337 0.35288866 0.0
3.4791161 0.46343492 0.0
3.3915075 0.43833597 0.0
3.2966882 0.40060555 0.0
3.2370463 0.40874645 0.0
3.2089971 0.3995496 0.0
3.2686573 0.26885004 0.0
3.3685176 0.30377036 0.0
3.3289071 0.2857385 0.0
3.3289324 0.2518639 0.0
3.4339422 0.3461674 0.0
3.625 0 0.0
3.4968123 0.37220728 0.0
3.4415458 0.46526311 0.0
3.3439696 0.30517287 0.0
3.2935965 0.2419106 0.0
3.5135876 0.45078816 0.0
3.464378 0.38344399 0.0
3.5259931 0.2755728 0.0
3.25 0.11794436 0.0
3.6424571 0.15429823 0.0
3.4655547 0.35141973 0.0
3.4949187 0.41917013 0.0
3.5291044 0.42030573 0.0
3.5551619 0.24364567 0.0
3.5390501 0.21733351 0.0
3.5596158 0.44395198 0.0
3.4689832 0.41042423 0.0
3.4540439 0.43723299 0.0
3.5871462 0.24347651 0.0
3.5436636 0.32004558 0.0
3.3194328 0.21788814 0.0
3.4536581 0.32526216 0.0
3.5380317 0.10424613 0.0
3.518432 0.040520828 0.0
3.5972339 0.19979477 0.0
3.6150913 0.25903587 0.0
3.5801201 0.13915968 0.0
3.5504866 0.71200245 0.0
4 0.5 0.0
3.5633402 0.4823736 0.0
3.479007 0.43844279 0.0
3.5044891 0.47929127 0.0
3.25 0.17691655 0.0
3.458368 0.29691495 0.0
3.3876147 0.22011396 0.0
3.423763 0.31681749 0.0
3.2814484 0.20294046 0.0
3.3624399 0.24368953 0.0
3.578125 0 0.0
3.5049815 0.39605626 0.0
3.8125 0 0.0
3.5233948 0.51124343 0.0
3.4795327 0.31499628 0.0
3.4014698 0.28772716 0.0
3.4904567 0.28078175 0.0
3.5970616 0.16722921 0.0
3.3538411 0.20927849 0.0
3.3801223 0.26733251 0.0
3.4179302 0.24912793 0.0
3.4305286 0.28854548 0.0
3.4545443 0.25914769 0.0
3.5112419 0.29875957 0.0
3.5025912 0.23974286 0.0
3.6159316 0.042801703 0.0
3.3220828 0.15541799 0.0
3.5060101 0.26306718 0.0
3.4806304 0.2564691 0.0
3.5284181 0.24786987 0.0
3.4626924 0.21013752 0.0
3.3299965 0.18704498 0.0
3.3943855 0.097467113 0.0
3.3000702 0.17772956 0.0
3.380232 0.18507244 0.0
3.284257 0.14011361 0.0
3.4375 0 0.0
3.4349782 0.20464843 0.0
3.3778117 0.12010306 0.0
3.4287439 0.14935138 0.0
3.4047562 0.12791793 0.0
3.4070197 0.2005831 0.0
3.3542548 0.16417149 0.0
3.3140591 0.1208524 0.0
3.3988366 0.15953693 0.0
3.4246047 0.177818 0.0
3.3500289 0.11620517 0.0
3.4575833 0.092935168 0.0
3.3432913 0.14096809 0.0
3.4647418 0.16911992 0.0
3.0138361 0.92586274 0.0
3.0592689 0.90968389 0.0
3.1402677 0.90585592 0.0
2.96875 1 0.0
2.9200209 0.96148405 0.0
2.9602285 0.9364475 0.0
2.9302937 0.93317762 0.0
3.2601546 0.82070881 0.0
3.3057547 0.84903838 0.0
3.3217842 0.88952322 0.0
3.2785834 0.88407753 0.0
3.1850798 0.89040926 0.0
3.4494108 0.86571293 0.0
3.3784974 0.68747915 0.0
3.3850475 0.66086766 0.0
3.3548498 0.66754671 0.0
3.3503197 0.69534321 0.0
3.4684317 0.60822101 0.0
3.4942114 0.75941288 0.0
3.4959608 0.72104983 0.0
2.7368819 0.12835934 0.0
1.1619275 0.45434509 0.0
1.1555034 0.53354995 0.0
1.3385252 0.91765434 0.0
1.2890053 0.93411946 0.0
1.4409226 0.922482 0.0
1.4228577 0.87060077 0.0
1.4375 1 0.0
1.4073097 0.91975171 0.0
1.5105751 0.92756832 0.0
1.5075389 0.97475491 0.0
1.53125 1 0.0
1.4723665 0.97799966 0.0
1.4221197 0.94229305 0.0
1.3726879 0.92623229 0.0
1.3125 1 0.0
1.3621867 0.89573714 0.0
1.351197 0.939505 0.0
1.3025663 0.96641293 0.0
1.3183338 0.93513744 0.0
1.34375 1 0.0
1.28125 1 0.0
1.3686947 0.96550066 0.0
1.2659061 0.97007523 0.0
1.0618225 0.76245367 0.0
1.0794201 0.78647098 0.0
1.1040937 0.77813474 0.0
1.0996186 0.80557185 0.0
1.1950817 0.6098419 0.0
1.2114564 0.62890028 0.0
1.1680403 0.57662373 0.0
1.2148718 0.59566516 0.0
1.1737455 0.59959504 0.0
1.1464842 0.59417157 0.0
1.1220131 0.58739891 0.0
1.1358838 0.62933875 0.0
1.0296229 0.663226 0.0
0.96273777 0.634494 0.0
0.91488038 0.69281742 0.0
0.94901661 0.5591563 0.0
1.0137175 0.9501861 0.0
0.97786318 0.87670807 0.0
0.93513745 0.76593045 0.0
0.875 1 0.0
0.91824876 0.87941946 0.0
0.94770017 0.87024084 0.0
0.92166639 0.83854594 0.0
0.9100463 0.49772282 0.0
1.1198176 0.52968859 0.0
1.1030127 0.48028008 0.0
1.1135008 0.43107199 0.0
0.84919523 0.54735602 0.0
0.85097511 0.64000227 0.0
0.85885826 0.67950891 0.0
0.87652069 0.698026 0.0
0.80926798 0.7110088 0.0
0.82904826 0.68736396 0.0
0.83835839 0.71524851 0.0
0.78755018 0.6727445 0.0
0.84402755 0.7564864 0.0
1.05092 0.35522768 0.0
0.94945949 0.46836834 0.0
0.81230519 0.50342238 0.0
0.85890691 0.49197278 0.0
0.83648942 0.43320631 0.0
0.7968972 0.4250036 0.0
1.0108844 0.29109032 0.0
1.0641906 0.3298019 0.0
1.10008 0.27595009 0.0
1.1279213 0.3395035 0.0
0.95044612 0.23588873 0.0
1.140625 0.95829606 0.0
1.1293009 0.85599484 0.0
3.308555 0.57979805 0.0
3.3253453 0.60001315 0.0
3.393052 0.59244652 0.0
3.2179564 0.35207326 0.0
3.2197622 0.37699755 0.0
3.18862 0.34383714 0.0
3.1924598 0.30407335 0.0
3.214819 0.32296819 0.0
3.2291256 0.28336175 0.0
3.2417332 0.44339585 0.0
3.2592409 0.46479453 0.0
3.2197904 0.45424145 0.0
3.4619248 0.49710433 0.0
3.4221707 0.48248098 0.0
3.490988 0.34707073 0.0
3.5513052 0.078442396 0.0
3.6622753 0.20827085 0.0
3.567527 0.028830108 0.0
3.7451667 0.1181184 0.0
3.7114783 0.15854352 0.0
3.6554834 0.26297677 0.0
3.7562678 0.1616193 0.0
3.6899896 0.13651724 0.0
3.6611402 0.12581051 0.0
3.5535906 0.12831551 0.0
3.2734686 0.22680649 0.0
3.25 0.20640264 0.0
3.3927172 0.24512729 0.0
3.6260317 0.18335923 0.0
3.5023138 0.19842843 0.0
3.4423141 0.23193197 0.0
3.2752182 0.16604519 0.0
3.25 0.14743046 0.0
3.4357604 0.11735881 0.0
3.53125 0 0.0
3.4253302 0.086077827 0.0
3.4742594 0.12979695 0.0
3.34375 0 0.0
3.390625 0 0.0
3.3243941 0.059318067 0.0
3.4454737 0.070613172 0.0
3.4173721 0.054860785 0.0
3.4940546 0.058703797 0.0
3.3285719 0.091654821 0.0
3.3903655 0.067794307 0.0
3.3636272 0.086525522 0.0
3.3601954 0.053177038 0.0
3.3907328 0.033898063 0.0
3.25 0.058972182 0.0
3.3379511 0.030924799 0.0
3.3671875 0.017023732 0.0
3.4140625 0.016874674 0.0
3.4437709 0.033423488 0.0
3.3071047 0.077990083 0.0
3.296875 0 0.0
3.484375 0 0.0
3.2872754 0.042288598 0.0
3.4609375 0.012902666 0.0
3.4855922 0.029949232 0.0
3.5078125 0.014046826 0.0
3.4664651 0.051200848 0.0
3.545318 0.050049229 0.0
3.3203125 0 0.0
3.3085938 0.024894041 0.0
3.1459162 0.85788573 0.0
3.0582298 0.88594968 0.0
3.0708399 0.93387297 0.0
3.0625 1 0.0
3.0329829 0.90774927 0.0
2.940469 0.97542849 0.0
2.90625 1 0.0
2.890625 0.97862987 0.0
2.9014794 0.94239214 0.0
3.375 1 0.0
3.2598297 0.86277157 0.0
3.2286161 0.90915264 0.0
3.2304519 0.87669449 0.0
3.2523961 0.89421663 0.0
3.2406812 0.95950078 0.0
3.2744826 0.91237382 0.0
3.2057603 0.85437611 0.0
3.2496853 0.93730481 0.0
3.3125 1 0.0
3.1957233 0.9256208 0.0
3.2935674 0.95615389 0.0
3.1683752 0.914673 0.0
3.1421574 0.94904142 0.0
3.2753579 0.93804206 0.0
3.3073347 0.92410258 0.0
3.2626635 0.9690147 0.0
3.3445236 0.9590591 0.0
3.28125 1 0.0
3.2185133 0.96857364 0.0
3.3195737 0.94834215 0.0
3.3458251 0.91987773 0.0
3.4394669 0.84463521 0.0
3.5280336 0.8510684 0.0
3.3589484 0.63828453 0.0
3.431615 0.63146616 0.0
3.4698538 0.7519539 0.0
3.4734894 0.78358131 0.0
3.5195704 0.80212324 0.0
3.4539288 0.79983338 0.0
3.4825212 0.81434923 0.0
3.4996663 0.78505759 0.0
3.52736 0.76576426 0.0
3.5393073 0.60176789 0.0
3.5594353 0.75343035 0.0
3.5958417 0.081668376 0.0
3.5695897 0.80240894 0.0
3.5692887 0.18423541 0.0
3.5514819 0.7806212 0.0
3.5524072 0.67414479 0.0
3.6263346 0.081727234 0.0
3.552586 0.15695822 0.0
3.5193239 0.078306983 0.0
3.5796348 0.28984206 0.0
3.5982298 0.11205762 0.0
3.5712658 0.26469505 0.0
3.5150442 0.6805402 0.0
3.4896135 0.090516657 0.0
3.5699513 0.10067615 0.0
3.5147674 0.57160195 0.0
3.5237382 0.70643083 0.0
3.5704435 0.21619932 0.0
3.489127 0.64606345 0.0
3.5155325 0.63254045 0.0
3.6129037 0.13877621 0.0
3.5400012 0.38534266 0.0
3.5004801 0.6039222 0.0
3.5751282 0.058591067 0.0
3.5955006 0.022750268 0.0
3.642828 0.22441655 0.0
3.677184 0.22868195 0.0
3.6568851 0.093388158 0.0
3.5417257 0.024057216 0.0
3.4776426 0.55527716 0.0
3.5141531 0.1412714 0.0
3.7161198 0.28466117 0.0
3.6133764 0.22924105 0.0
3.5343191 0.47310967 0.0
3.75 1 0.0
3.7824006 0.32328275 0.0
3.4813883 0.58320197 0.0
3.4373235 0.57624663 0.0
3.5764392 0.70345952 0.0
3.4995567 0.53970588 0.0
3.4728714 0.52535649 0.0
3.4466241 0.54488273 0.0
3.4870613 0.50361172 0.0
3.71875 0 0.0
3.7039978 0.2515622 0.0
3.6591891 0.18318386 0.0
3.7096922 0.2167763 0.0
3.7626618 0.086634625 0.0
3.6826514 0.16517161 0.0
3.8625945 0.32313739 0.0
3.7888697 0.044058694 0.0
3.7183184 0.13037512 0.0
3.6546869 0.053297096 0.0
3.6873597 0.19559145 0.0
3.7745738 0.12062596 0.0
3.6071831 0.83382224 0.0
3.6877696 0.10582532 0.0
3.7987663 0.093064991 0.0
3.6844944 0.27747425 0.0
3.7019843 0.086201657 0.0
3.7207812 0.10149295 0.0
3.8033085 0.30244187 0.0
3.6988313 0.062176578 0.0
3.6299976 0.11199935 0.0
3.6774285 0.077204877 0.0
3.7305979 0.070227026 0.0
3.7841581 0.07051263 0.0
3.7574477 0.057290359 0.0
3.8117211 0.06177518 0.0
3.7298041 0.034248011 0.0
3.8173235 0.030953314 0.0
3.8325589 0.35269434 0.0
3.7394158 0.2573601 0.0
3.6866151 0.34131785 0.0
3.765625 0 0.0
3.90625 0 0.0
3.7454812 0.22174106 0.0
3.8411643 0.24088993 0.0
3.6498213 0.31058303 0.0
3.6939327 0.30911775 0.0
3.7582863 0.028181288 0.0
3.859375 0 0.0
3.7318796 0.18831305 0.0
3.8014915 0.3482009 0.0
3.7519824 0.29167302 0.0
3.6612078 0.28779745 0.0
3.6300208 0.2864504 0.0
3.6073261 0.32526047 0.0
3.6044545 0.28260089 0.0
3.6722514 0.32112216 0.0
3.6419976 0.35784528 0.0
3.8359375 0 0.0
3.8476562 0.028120603 0.0
3.8828125 0.026269241 0.0
3.8380325 0.053857112 0.0
3.8568934 0.28138522 0.0
3.7081113 0.18272625 0.0
3.675471 0.37972178 0.0
4 0.25 0.0
4 0.125 0.0
3.7854276 0.2599666 0.0
3.7360261 0.33852028 0.0
3.7618589 0.26859828 0.0
3.8328641 0.29894524 0.0
3.7895335 0.40886192 0.0
3.7107517 0.32987143 0.0
3.7127559 0.3652686 0.0
3.7533092 0.31826593 0.0
3.7701612 0.3501468 0.0
3.8828162 0.07641206 0.0
3.8205551 0.32604228 0.0
3.8211802 0.13713789 0.0
3.8147648 0.27261778 0.0
3.8344104 0.089495867 0.0
3.7651712 0.24114975 0.0
3.7817812 0.28650296 0.0
3.787964 0.19833451 0.0
3.7948731 0.22948709 0.0
3.8561115 0.073697973 0.0
3.8659154 0.10996921 0.0
3.8011737 0.11957656 0.0
3.7899264 0.15256662 0.0
3.953125 0 0.0
3.8240107 0.3907092 0.0
3.7875523 0.37696222 0.0
3.7593321 0.19662401 0.0
3.850768 0.20074815 0.0
3.866342 0.048227117 0.0
3.7779072 0.1749773 0.0
3.8071477 0.17623102 0.0
3.8191179 0.20599653 0.0
3.7463366 0.39553347 0.0
3.9296875 0.044501138 0.0
3.7416813 0.36693646 0.0
3.9096558 0.026628776 0.0
3.902448 0.05486952 0.0
3.9336733 0.10304187 0.0
3.9117392 0.083053229 0.0
3.9008683 0.11701082 0.0
4 0.1875 0.0
3.8744167 0.15804095 0.0
3.9296605 0.13912259 0.0
3.8795948 0.13233764 0.0
3.9026457 0.15035472 0.0
3.8508127 0.13991247 0.0
3.901215 0.20078145 0.0
3.8462171 0.17032695 0.0
3.8380891 0.11617548 0.0
3.8942909 0.17535133 0.0
3.963333 0.12460398 0.0
4 0.0625 0.0
3.9277546 0.17264166 0.0
3.9820019 0.09375 0.0
3.9813268 0.15625 0.0
3.9627111 0.061831755 0.0
3.9385606 0.075650135 0.0
3.962046 0.18897508 0.0
3.9523315 0.15722543 0.0
3.5096962 0.7408976 0.0
1.1750673 0.4733979 0.0
1.1434365 0.47626591 0.0
1.1377653 0.44651743 0.0
1.1908449 0.40991088 0.0
1.1715419 0.51686371 0.0
1.1445871 0.50991541 0.0
1.3175041 0.90116557 0.0
1.3920556 0.97776111 0.0
1.40625 1 0.0
1.3885604 0.90058141 0.0
1.1518273 0.55798128 0.0
1.1801207 0.54974629 0.0
1.0145302 0.92179981 0.0
1.0452192 0.93688329 0.0
0.98302849 0.93510262 0.0
1.0679503 0.91321408 0.0
1.0625 1 0.0
0.95539345 0.90812136 0.0
1.03125 1 0.0
1.0742695 0.95772416 0.0
0.9375 1 0.0
1.1073917 0.96445487 0.0
1.015625 0.97750705 0.0
1.0466405 0.97263525 0.0
0.98700272 0.96577839 0.0
0.9435345 0.95581462 0.0
1.09375 1 0.0
0.96875 1 0.0
0.94720331 0.83322384 0.0
0.88342655 0.81434981 0.0
0.92148201 0.81159679 0.0
0.80485236 0.65191548 0.0
0.72551097 0.73325169 0.0
0.86862347 0.74781666 0.0
0.82897756 0.52327809 0.0
0.8008064 0.5300052 0.0
0.7972276 0.5569571 0.0
0.7559123 0.4948072 0.0
0.78297822 0.50651496 0.0
0.76467041 0.53892045 0.0
0.78353391 0.46809104 0.0
0.79560979 0.38333389 0.0
1.0802843 0.28846638 0.0
1.0763404 0.26031628 0.0
1.0489987 0.26004737 0.0
1.1656256 0.26568532 0.0
1.1039575 0.35597852 0.0
1.1028251 0.32866564 0.0
1.1371967 0.37866088 0.0
1.129732 0.30083522 0.0
1.1616835 0.93623975 0.0
1.1699152 0.96518018 0.0
1.1865024 0.94482128 0.0
3.37878 0.61162925 0.0
3.3843687 0.56917084 0.0
3.1675652 0.30533618 0.0
3.2559698 0.29538841 0.0
3.2054564 0.23588873 0.0
3.2434726 0.26134445 0.0
3.5149591 0.21900169 0.0
3.4869085 0.21919 0.0
3.4783891 0.19036178 0.0
3.4948499 0.16478122 0.0
3.5257121 0.17558658 0.0
3.4541521 0.14574354 0.0
3.2827313 0.10393999 0.0
3.25 0.088458274 0.0
3.2768092 0.073715228 0.0
3.25 0.029486091 0.0
3.12259 0.85351996 0.0
3.1450984 0.82663294 0.0
3.1317513 0.88053546 0.0
3.1015791 0.96393958 0.0
3.058321 0.96588351 0.0
3.09375 1 0.0
3.03125 1 0.0
3.0165139 0.97607578 0.0
3.0805496 0.97825397 0.0
3.0346157 0.95948749 0.0
3.4039641 0.89471845 0.0
3.3017946 0.87402214 0.0
3.3569508 0.87897881 0.0
3.3844656 0.8748766 0.0
3.3747354 0.9039399 0.0
3.4375 1 0.0
3.3969991 0.92357484 0.0
3.4330831 0.91701556 0.0
3.3741606 0.94634394 0.0
3.4319053 0.88839114 0.0
3.4128533 0.86911535 0.0
3.3681676 0.97327229 0.0
3.4698789 0.95581663 0.0
3.4098564 0.96841932 0.0
3.34375 1 0.0
3.4585634 0.92969969 0.0
3.4999915 0.92726023 0.0
3.4381724 0.95404408 0.0
3.46875 1 0.0
3.5625 1 0.0
3.5009029 0.95837631 0.0
3.625 1 0.0
3.4146472 0.94278039 0.0
3.4527784 0.97724066 0.0
3.5340483 0.89653838 0.0
3.1748875 0.86284098 0.0
3.1224526 0.92826958 0.0
3.1875 1 0.0
3.2985067 0.900105 0.0
3.2198905 0.9403205 0.0
3.490644 0.86870796 0.0
3.4758474 0.84313275 0.0
3.5038622 0.8344629 0.0
3.4104831 0.64480831 0.0
3.4090081 0.61524281 0.0
3.4472071 0.66459988 0.0
3.4605426 0.63808893 0.0
3.4734308 0.66723556 0.0
3.4949884 0.69584197 0.0
3.4403107 0.60446028 0.0
3.41148 0.57421373 0.0
3.4220909 0.53452465 0.0
3.5301909 0.65669193 0.0
3.5656934 0.63436607 0.0
3.5731724 0.54915429 0.0
3.509636 0.11214563 0.0
3.6365733 0.24782618 0.0
3.6322653 0.059289337 0.0
3.671875 0 0.0
3.6953125 0.026472794 0.0
3.6791006 0.046095844 0.0
3.6597605 0.025513214 0.0
3.7279173 0.30898576 0.0
3.6668304 0.35639557 0.0
3.6346758 0.45606729 0.0
3.9535286 0.22496451 0.0
4 0.375 0.0
3.7069129 0.405514 0.0
3.8153019 0.24621775 0.0
3.8382601 0.26532038 0.0
3.887998 0.24600124 0.0
3.8247488 0.16048391 0.0
3.9578726 0.030922926 0.0
3.9346651 0.018660055 0.0
3.9765625 0 0.0
4 0.03125 0.0
3.9822089 0.21875 0.0
3.9563223 0.25417703 0.0
3.9772229 0.24227796 0.0
4 0.3125 0.0
4 0.28125 0.0
3.9230541 0.24261873 0.0
3.9780075 0.26796144 0.0
3.9755479 0.296875 0.0
3.9628128 0.34375 0.0
3.9105302 0.29617307 0.0
3.9037659 0.2260685 0.0
3.8745275 0.21914227 0.0
3.9283212 0.2108192 0.0
3.8755678 0.19325656 0.0
3.9077423 0.26727957 0.0
3.9369713 0.27904055 0.0
3.8850146 0.28405379 0.0
3.9413697 0.31479864 0.0
3.9066368 0.36294057 0.0
3.911316 0.32971616 0.0
3.933508 0.34978333 0.0
3.9567877 0.38867096 0.0
3.8847291 0.34291343 0.0
3.8676121 0.38363376 0.0
3.8887054 0.31346511 0.0
1.1906622 0.44141869 0.0
1.1671086 0.42552765 0.0
1.1638041 0.39465792 0.0
1.1728133 0.34954695 0.0
1.1917128 0.37677651 0.0
1.212151 0.42578888 0.0
1.2192155 0.39407539 0.0
1.21382 0.45195798 0.0
1.215497 0.34009471 0.0
1.2374947 0.41261035 0.0
1.2354845 0.36583627 0.0
1.2613079 0.3675828 0.0
0.95721763 0.93389594 0.0
0.91667026 0.92381382 0.0
0.96212969 0.97449043 0.0
0.85471834 0.79155211 0.0
0.82564007 0.85764357 0.0
0.78256854 0.79438649 0.0
0.84885208 0.82841364 0.0
0.81827149 0.78350142 0.0
0.89388677 0.79178586 0.0
0.88386948 0.8559652 0.0
0.76447065 0.71113921 0.0
0.70549175 0.6448806 0.0
0.80645761 0.47880393 0.0
0.83358992 0.48177332 0.0
0.71882559 0.42882662 0.0
0.79817072 0.44901456 0.0
0.76502142 0.43873352 0.0
0.82082085 0.38146353 0.0
0.80780617 0.40381182 0.0
0.76515204 0.3119786 0.0
1.0564472 0.28327774 0.0
1.1312055 0.26029939 0.0
1.1818308 0.19944918 0.0
1.1455795 0.28111659 0.0
1.1811537 0.30659326 0.0
1.1521787 0.23894279 0.0
1.188264 0.22944071 0.0
1.1199931 0.40068978 0.0
1.1042882 0.30104444 0.0
3.2637188 0.31902308 0.0
3.1971946 0.2696449 0.0
3.2188187 0.25704825 0.0
3.1831846 0.24832684 0.0
3.4673255 0.23506028 0.0
3.5450171 0.19242286 0.0
3.2750302 0.017275057 0.0
3.1277699 0.97256492 0.0
3.15625 1 0.0
3.1736226 0.94803996 0.0
3.1586339 0.9719128 0.0
3.40625 1 0.0
3.5437667 0.94154948 0.0
3.21875 1 0.0
3.4691832 0.87883264 0.0
3.5167928 0.8756881 0.0
3.4969026 0.89773107 0.0
3.5928096 0.66553118 0.0
3.5408291 0.62751409 0.0
3.5834776 0.59299286 0.0
3.5476393 0.56992532 0.0
3.5314988 0.54224453 0.0
3.5567485 0.51908426 0.0
3.6097527 0.50965442 0.0
3.5848332 0.52326506 0.0
3.6175673 0.55357964 0.0
3.6339402 0.024255688 0.0
3.595556 0.45985941 0.0
3.633998 0.40663286 0.0
3.6984731 0.38374184 0.0
3.7232883 0.38734457 0.0
3.7454759 0.47498679 0.0
3.8632533 0.25561255 0.0
3.8438697 0.37520626 0.0
3.8596518 0.35317935 0.0
3.9104426 0.4172623 0.0
1.1479248 0.3554424 0.0
1.1543085 0.326909 0.0
1.157064 0.30265559 0.0
1.2383064 0.31599613 0.0
1.2096592 0.31172536 0.0
1.20147 0.27548034 0.0
1.1879584 0.25444217 0.0
1.2330707 0.26760676 0.0
0.93040267 0.90207685 0.0
0.90064905 0.9645399 0.0
0.81041264 0.82171971 0.0
0.78866074 0.75037362 0.0
0.8717942 0.83528367 0.0
0.8548198 0.85906042 0.0
0.87414029 0.90252161 0.0
0.83858136 0.89230416 0.0
0.8125 1 0.0
0.76607811 0.89962859 0.0
0.8494205 0.92156669 0.0
0.88057899 0.93644401 0.0
0.80402238 0.92475614 0.0
0.80136858 0.88645212 0.0
0.86901901 0.96591816 0.0
0.84375 1 0.0
0.828125 0.96200687 0.0
0.89712625 0.83501405 0.0
0.90770021 0.8579578 0.0
0.78683256 0.69844718 0.0
0.71471805 0.58052779 0.0
0.75017741 0.64804441 0.0
0.7903325 0.34340845 0.0
1.1910506 0.33080155 0.0
1.1063487 0.17691655 0.0
3.1900382 0.97148889 0.0
3.53125 0.97985622 0.0
3.5748322 0.68026891 0.0
3.5980919 0.69030813 0.0
3.6123206 0.73813491 0.0
3.6426538 0.66785617 0.0
3.6056095 0.62701504 0.0
3.563701 0.60900078 0.0
3.6173082 0.48057906 0.0
3.6726899 0.50141065 0.0
3.5905794 0.48915271 0.0
3.6407846 0.50219901 0.0
3.6561169 0.47669836 0.0
3.6745206 0.43611514 0.0
3.6938156 0.46932954 0.0
3.6577003 0.54077859 0.0
3.6307119 0.52858337 0.0
3.6487846 0.38400776 0.0
3.6662886 0.40777171 0.0
3.6158085 0.37860073 0.0
3.6154958 0.35130587 0.0
3.5764312 0.36540252 0.0
3.5913397 0.41439554 0.0
3.5496131 0.35965495 0.0
3.5685892 0.33655314 0.0
3.5595834 0.4106254 0.0
3.5779308 0.391711 0.0
3.7353898 0.43514622 0.0
3.8964881 0.39094578 0.0
3.9264934 0.38597784 0.0
3.8738105 0.41982878 0.0
3.8487835 0.40548642 0.0
3.8339731 0.46033709 0.0
3.8201894 0.4252687 0.0
3.8485761 0.43485526 0.0
3.8898205 0.47541666 0.0
3.8638756 0.46054827 0.0
3.848522 0.51741067 0.0
3.848737 0.48696469 0.0
3.7946902 0.50180674 0.0
3.8193674 0.48584218 0.0
3.78537 0.46034536 0.0
3.8939195 0.44413661 0.0
3.7951422 0.43522558 0.0
3.7652622 0.43806225 0.0
3.8740442 0.56942282 0.0
3.9255274 0.44505348 0.0
4 0.4375 0.0
3.9233899 0.47871693 0.0
3.9427232 0.41773026 0.0
3.9651158 0.46446668 0.0
3.9043584 0.49992094 0.0
3.9342645 0.68073425 0.0
3.8773533 0.51158083 0.0
3.9315489 0.50518281 0.0
4 0.40625 0.0
3.9514378 0.44228749 0.0
3.973121 0.42076789 0.0
0.91972179 0.94852859 0.0
0.90625 1 0.0
0.83234535 0.80631259 0.0
0.81609957 0.75564532 0.0
0.79579986 0.77378988 0.0
0.76693343 0.76979423 0.0
0.72789975 0.81187713 0.0
0.75293893 0.79595788 0.0
0.7698748 0.83516637 0.0
0.72060374 0.77274979 0.0
0.89141014 0.88183581 0.0
0.81758552 0.90457251 0.0
0.78877442 0.90656862 0.0
0.76571992 0.94138245 0.0
0.84739272 0.97629238 0.0
0.85012141 0.9477629 0.0
0.74671811 0.56815676 0.0
0.75305051 0.60790127 0.0
0.71239753 0.52695263 0.0
0.73651364 0.54176091 0.0
0.73673048 0.51436642 0.0
0.70197937 0.47699661 0.0
0.72853559 0.48714419 0.0
0.72451377 0.45784668 0.0
0.7758259 0.64986036 0.0
0.8050471 0.36177498 0.0
0.73634793 0.37085555 0.0
0.83908716 0.23588873 0.0
1.210821 0.20947144 0.0
1.1063487 0.11794436 0.0
1.1749756 0.16719707 0.0
1.2064008 0.15721457 0.0
1.2034762 0.18377733 0.0
1.143314 0.19078135 0.0
1.1716703 0.10233704 0.0
1.1818342 0.13433332 0.0
1.1404639 0.14284694 0.0
1.2299821 0.10142622 0.0
1.1581939 0.1242304 0.0
1.1063487 0.058972182 0.0
1.2119138 0.12666687 0.0
1.2007908 0.099617234 0.0
1.2504272 0.13514904 0.0
1.1961307 0 0.0
1.2185875 0.048867093 0.0
1.2168592 0.076756496 0.0
1.1833645 0.0702912 0.0
1.2859128 0.058972182 0.0
1.2528246 0.073450107 0.0
1.1312189 0.11969279 0.0
1.1063487 0.088458274 0.0
1.1435216 0.073715228 0.0
1.2410218 0 0.0
1.2859128 0.088458274 0.0
1.2598624 0.10320132 0.0
3.5249386 0.95659571 0.0
3.5608065 0.96831549 0.0
3.6032791 0.92246949 0.0
3.59375 0.98244223 0.0
3.5760266 0.93981902 0.0
3.6284801 0.95721709 0.0
3.5585088 0.91481179 0.0
3.5737767 0.86886642 0.0
3.5585097 0.88930261 0.0
3.5884206 0.895727 0.0
3.607723 0.86778159 0.0
3.6169106 0.97780898 0.0
3.6002887 0.9549239 0.0
3.6875 1 0.0
3.65625 1 0.0
3.6803899 0.93699297 0.0
3.6424015 0.9785849 0.0
3.6570517 0.95382128 0.0
3.638917 0.92313521 0.0
3.6852624 0.96834781 0.0
3.6721497 0.84977341 0.0
3.6215906 0.89643297 0.0
3.7371627 0.9442265 0.0
3.71875 0.98188568 0.0
3.6375732 0.85032308 0.0
3.6618195 0.88930194 0.0
3.7077328 0.94879991 0.0
3.714144 0.89638844 0.0
3.7188817 0.92356584 0.0
3.7645116 0.9016096 0.0
3.7455527 0.9716595 0.0
3.875 1 0.0
3.8125 1 0.0
3.7847404 0.94467501 0.0
3.7806434 0.98067219 0.0
3.6516151 0.78822619 0.0
3.6544076 0.82149372 0.0
3.6254477 0.80717364 0.0
3.71639 0.79953999 0.0
3.5972911 0.80745902 0.0
3.5893022 0.77278013 0.0
3.6886558 0.8197124 0.0
3.5857895 0.74547696 0.0
3.6218921 0.77472021 0.0
3.6853715 0.78604546 0.0
3.7306677 0.84832137 0.0
3.6523205 0.74721471 0.0
3.701339 0.84623869 0.0
3.7175369 0.82568445 0.0
3.7509872 0.65433329 0.0
3.7144178 0.86960889 0.0
3.7453591 0.87638214 0.0
3.6893498 0.88274376 0.0
3.6900989 0.910732 0.0
3.7265894 0.73369873 0.0
3.7662528 0.84756685 0.0
3.6641764 0.91556567 0.0
3.7128497 0.76528093 0.0
3.7593128 0.77058863 0.0
3.68311 0.75448923 0.0
3.8988134 0.64133136 0.0
3.8681084 0.54006759 0.0
3.6788522 0.70371487 0.0
3.7355173 0.78025093 0.0
3.815151 0.5660536 0.0
3.7245039 0.62442539 0.0
3.6726897 0.72979734 0.0
3.6394004 0.71148549 0.0
3.7003052 0.72255272 0.0
3.725467 0.67226321 0.0
3.7240951 0.70301629 0.0
3.7012146 0.68658843 0.0
3.8113321 0.66583597 0.0
3.6732211 0.67319938 0.0
3.7988145 0.85570797 0.0
3.6681169 0.61229353 0.0
3.6990299 0.65519754 0.0
3.6626766 0.64341625 0.0
3.8382197 0.54611125 0.0
3.7732114 0.82326714 0.0
3.8271398 0.88298056 0.0
3.6584924 0.57717931 0.0
3.7934221 0.80808732 0.0
3.9598821 0.49434652 0.0
3.7880808 0.8875094 0.0
3.8069708 0.53327724 0.0
3.8080507 0.91735673 0.0
3.7730884 0.74891329 0.0
3.6075094 0.60156948 0.0
3.760668 0.79623527 0.0
3.753116 0.68544969 0.0
3.7644133 0.6261819 0.0
3.7479351 0.82317841 0.0
3.7796502 0.6680034 0.0
4 0.75 0.0
3.6329227 0.63946185 0.0
3.6180238 0.6604326 0.0
3.6329767 0.60315206 0.0
3.7913339 0.77572426 0.0
3.8020708 0.96487918 0.0
3.7693616 0.87180356 0.0
3.7827152 0.91934263 0.0
3.827714 0.95773951 0.0
3.7878595 0.70939021 0.0
3.8540336 0.78792759 0.0
3.752155 0.56436701 0.0
3.631692 0.57637021 0.0
3.7037799 0.58364257 0.0
3.8130553 0.74132851 0.0
3.8210824 0.7900537 0.0
3.7838876 0.55644726 0.0
3.6797344 0.59023321 0.0
3.6841603 0.55922131 0.0
3.6986067 0.61192825 0.0
3.8358549 0.76259627 0.0
3.8649728 0.7085264 0.0
3.8433185 0.73174034 0.0
3.8728725 0.75521964 0.0
3.8404113 0.83321288 0.0
3.7890067 0.59546337 0.0
3.7587055 0.5230806 0.0
3.7189468 0.55136607 0.0
3.8299154 0.69753107 0.0
3.8189015 0.81693827 0.0
3.7836706 0.52423823 0.0
3.6951633 0.52699489 0.0
3.7419265 0.54158133 0.0
3.7260267 0.51030216 0.0
3.8616906 0.65760545 0.0
3.8052829 0.69067806 0.0
3.7489309 0.49990289 0.0
3.7714481 0.48408297 0.0
3.8535066 0.68369922 0.0
4 0.625 0.0
3.5878244 0.64248953 0.0
3.6723427 0.45959199 0.0
3.6165049 0.43159459 0.0
3.5837279 0.4380289 0.0
3.5834379 0.31540288 0.0
3.7295867 0.41222366 0.0
3.7209781 0.4599917 0.0
3.7147418 0.48602603 0.0
3.6970066 0.50271318 0.0
3.7646447 0.41286164 0.0
4 0.46875 0.0
0.92527553 0.97582572 0.0
0.78669144 0.81803541 0.0
0.79496444 0.84297614 0.0
0.7735011 0.86772287 0.0
0.71311555 0.87049028 0.0
0.74264714 0.85467933 0.0
0.7397576 0.88476721 0.0
0.7370741 0.92025825 0.0
0.71578573 0.83999267 0.0
0.65634902 0.85015447 0.0
0.68740085 0.85287317 0.0
0.69523815 0.94133505 0.0
0.67626516 0.80137061 0.0
0.66946359 0.87905518 0.0
0.70006258 0.81655058 0.0
0.6738596 0.82884587 0.0
0.6306947 0.81122368 0.0
0.74541224 0.82978493 0.0
0.71875 1 0.0
0.625 1 0.0
0.74203246 0.94351931 0.0
0.75625137 0.96878028 0.0
0.6875 1 0.0
0.79223409 0.96588066 0.0
0.62829552 0.93256595 0.0
0.80848984 0.94828854 0.0
0.62039451 0.88389583 0.0
0.64410635 0.87313587 0.0
0.64970089 0.90644245 0.0
0.61769853 0.84644769 0.0
0.68324603 0.90982465 0.0
0.66162368 0.93804331 0.0
0.69363016 0.88670183 0.0
0.71141237 0.90858067 0.0
0.675601 0.96858765 0.0
0.65625 1 0.0
0.63983538 0.96648402 0.0
0.57703275 0.96371222 0.0
0.61533345 0.95589813 0.0
0.59154663 0.92741688 0.0
0.61270529 0.91012046 0.0
0.57418276 0.88458584 0.0
0.52976425 0.94351676 0.0
0.5625 1 0.0
0.74275914 0.75544849 0.0
0.77959793 0.60448129 0.0
0.72925697 0.62637272 0.0
0.69819276 0.61099634 0.0
0.64840912 0.56427938 0.0
0.67943139 0.58110499 0.0
0.63728864 0.64184393 0.0
0.67947177 0.54401905 0.0
0.64711682 0.60367355 0.0
0.67178868 0.63441229 0.0
0.70557564 0.55408594 0.0
0.62534207 0.49497113 0.0
0.68135704 0.50736167 0.0
0.67283489 0.60607878 0.0
0.67009536 0.69935224 0.0
0.64597059 0.52659827 0.0
0.66008258 0.47072787 0.0
0.66067491 0.66661455 0.0
0.67952435 0.48393168 0.0
0.65606891 0.49755304 0.0
0.68353802 0.45710651 0.0
0.64585996 0.41923174 0.0
0.65972886 0.44311344 0.0
0.62493081 0.45736865 0.0
0.68376881 0.41318473 0.0
0.69250663 0.67517903 0.0
0.60179075 0.69878291 0.0
0.72605308 0.67162441 0.0
0.70316536 0.70753635 0.0
0.62701153 0.67497164 0.0
0.75668062 0.67882836 0.0
0.68259889 0.74797419 0.0
0.7341816 0.70315087 0.0
0.63585526 0.70960136 0.0
0.5690378 0.63882864 0.0
0.68198544 0.72221328 0.0
0.65348728 0.73577968 0.0
0.60276754 0.64929252 0.0
0.65549483 0.77183303 0.0
0.60431588 0.74987131 0.0
0.5767592 0.67353403 0.0
0.59913804 0.60139709 0.0
0.65141998 0.79676986 0.0
0.62396032 0.77948142 0.0
0.6125779 0.72385634 0.0
0.57356183 0.72578477 0.0
0.61542782 0.62424789 0.0
0.567721 0.80799857 0.0
0.63180471 0.75295568 0.0
0.57562798 0.69968801 0.0
0.52487741 0.70880012 0.0
0.54685892 0.68534222 0.0
0.58941908 0.78107587 0.0
0.55124677 0.71148188 0.0
0.53515555 0.76114621 0.0
0.49117803 0.65519373 0.0
0.59913118 0.81110827 0.0
0.55936746 0.77906109 0.0
0.52079743 0.80586978 0.0
0.56135176 0.75106071 0.0
0.51506223 0.67757471 0.0
0.58004723 0.84368235 0.0
0.46048165 0.71188651 0.0
0.52848944 0.63931099 0.0
0.48326936 0.68756826 0.0
0.49312508 0.71963957 0.0
0.43293019 0.72230314 0.0
0.516961 0.7375366 0.0
0.49532522 0.77302558 0.0
0.4413211 0.63743698 0.0
0.4692989 0.74735983 0.0
0.40330507 0.74493153 0.0
0.43101497 0.66422691 0.0
0.49428484 0.74805172 0.0
0.4334157 0.809776 0.0
0.40723112 0.68029693 0.0
0.46236321 0.60381218 0.0
0.45954788 0.7832767 0.0
0.30198039 0.85826204 0.0
0.45971564 0.66466114 0.0
0.377282 0.75020653 0.0
0.50201985 0.60294726 0.0
0.2936353 0.79407965 0.0
0.43915307 0.74891956 0.0
0.41845117 0.77766651 0.0
0.2985973 0.8260682 0.0
0.49347223 0.62842166 0.0
0.39000212 0.77572727 0.0
0.34532141 0.65486719 0.0
0.37403569 0.72385341 0.0
0.32477052 0.77397604 0.0
0.32172017 0.8034138 0.0
0.36676038 0.67001382 0.0
0.3244011 0.83963128 0.0
0.30430157 0.742275 0.0
0.39357122 0.63444487 0.0
0.34202055 0.7411737 0.0
0.43449581 0.69501383 0.0
0.34645715 0.7935464 0.0
0.26190745 0.90933579 0.0
0.30344895 0.62453807 0.0
0.23895569 0.8486103 0.0
0.29896843 0.76817732 0.0
0.37454583 0.82909495 0.0
0.25 1 0.0
0.25153956 0.81067367 0.0
0.35029394 0.9273287 0.0
0.32128705 0.93238545 0.0
0.30381517 0.70406737 0.0
0.39549985 0.80790473 0.0
0.27680264 0.81306982 0.0
0.36176533 0.7717532 0.0
0.46843617 0.63894255 0.0
0.22441917 0.8795321 0.0
0.37231954 0.87126328 0.0
0.28931699 0.88958389 0.0
0.27173459 0.84516574 0.0
0.32321691 0.72231263 0.0
0.25840029 0.8759612 0.0
0.20867038 0.81750903 0.0
0.375 1 0.0
0.34611068 0.82017653 0.0
0 0.5 0.0
0.1875 1 0.0
0.41263357 0.8458028 0.0
0.3125 1 0.0
0.34266592 0.70411779 0.0
0.34626877 0.68109985 0.0
0 0.75 0.0
0.2709031 0.72471148 0.0
0.25035404 0.95393246 0.0
0.31239775 0.90431498 0.0
0.26652934 0.78700847 0.0
0.33314251 0.88644373 0.0
0.36895611 0.69712846 0.0
0.40732381 0.7127391 0.0
0.35251124 0.84915917 0.0
0.32503087 0.67152083 0.0
0.2277949 0.91376495 0.0
0.24715699 0.92930934 0.0
0.125 1 0.0
0.29313113 0.92377067 0.0
0.23804466 0.78554592 0.0
0.21394939 0.77028373 0.0
0.34375 1 0.0
0.2963636 0.96352469 0.0
0.24400995 0.74947683 0.0
0.21816329 0.94559298 0.0
0.16234285 0.91132958 0.0
0.20489878 0.8514777 0.0
0.18934001 0.70261129 0.0
0.27310283 0.75408478 0.0
0.19554832 0.89966194 0.0
0.14207016 0.82730801 0.0
0.2314302 0.70883168 0.0
0.21875 1 0.0
0.1881939 0.93181598 0.0
0.16610378 0.86894866 0.0
0.17665614 0.83114815 0.0
0.24738905 0.72616169 0.0
0.22119722 0.7342681 0.0
0.25762203 0.70072526 0.0
0.22908241 0.65487987 0.0
0.23733615 0.68154769 0.0
0.20649316 0.67648246 0.0
0.27288552 0.65593392 0.0
0.19065992 0.96593662 0.0
0.16461655 0.78191368 0.0
0.14813801 0.65686804 0.0
0.22831899 0.97269014 0.0
0.15625 0.97992281 0.0
0.18371801 0.80333198 0.0
0.18197819 0.74511272 0.0
0.17474168 0.67433292 0.0
0.10928701 0.94118407 0.0
0.15640976 0.94536978 0.0
0.13161923 0.71450158 0.0
0.1878606 0.62535465 0.0
0.12656386 0.96807534 0.0
0.13455854 0.92402403 0.0
0.10363733 0.90567513 0.0
0.13467071 0.88751659 0.0
0 0.875 0.0
0.14692833 0.68770538 0.0
0.24105382 0.54255927 0.0
0.12018206 0.67121378 0.0
0.20199189 0.64916382 0.0
0.22204864 0.62116147 0.0
0.17320712 0.64767579 0.0
0.1467666 0.61434755 0.0
0.0625 1 0.0
0.13806633 0.85737493 0.0
0.10281103 0.86866532 0.0
0.25153268 0.63260383 0.0
0 0.625 0.0
0.1969661 0.5581257 0.0
0.09375 0.98246856 0.0
0.069278204 0.85156048 0.0
0.34510964 0.5694932 0.0
0.25858975 0.57071198 0.0
0.20123548 0.59293504 0.0
0.075557383 0.92834674 0.0
0.062387615 0.9631822 0.0
0.27667168 0.62329849 0.0
0.24693944 0.60073184 0.0
0.17260597 0.60009252 0.0
0.14250162 0.57607027 0.0
0.22618699 0.57220824 0.0
0.050234603 0.8840315 0.0
0.079838239 0.88769235 0.0
0.087968579 0.95672693 0.0
0.1200234 0.63649246 0.0
0.28178711 0.59698517 0.0
0.23840548 0.50949765 0.0
0 0.9375 0.0
0.03125 0.98168632 0.0
0.31705602 0.5915487 0.0
0.21123121 0.52831127 0.0
0.30214042 0.52102915 0.0
0 0.96875 0.0
0.032215134 0.94786008 0.0
0.057771904 0.65413793 0.0
0.11144103 0.59890739 0.0
0.35585534 0.6120305 0.0
0.15396275 0.51923029 0.0
0.31168485 0.55584758 0.0
0.27485648 0.54104187 0.0
0 0.90625 0.0
0.091355002 0.65398448 0.0
0.34101452 0.59315363 0.0
0.36963724 0.58592301 0.0
0.32946619 0.61750512 0.0
0.38867421 0.53098005 0.0
0.37194582 0.5559534 0.0
0.34186136 0.52969019 0.0
0.42174041 0.57121886 0.0
0.39914354 0.55608236 0.0
0.43555321 0.52616274 0.0
0.18124693 0.53228477 0.0
0.1669595 0.55867738 0.0
0.18955724 0.47987649 0.0
0.19319352 0.50731611 0.0
0.28679166 0.5691891 0.0
0.27159004 0.50798378 0.0
0.080516933 0.70484862 0.0
0.074392265 0.61659723 0.0
0.25211366 0.4455201 0.0
0.023120009 0.890625 0.0
0 0.8125 0.0
0.043814021 0.91667674 0.0
0.074668341 0.67701566 0.0
0 0.6875 0.0
0.039671029 0.69890068 0.0
0.25365504 0.47930773 0.0
0.029223568 0.85667607 0.0
0.22162819 0.48207669 0.0
0.31273475 0.45968356 0.0
0 0.84375 0.0
0.20840006 0.44005582 0.0
0.29788227 0.48870616 0.0
0.28042527 0.46115751 0.0
0.33725562 0.49054398 0.0
0.2939691 0.40318847 0.0
0.29537857 0.43408448 0.0
0.34940211 0.41613979 0.0
0.32492294 0.43273668 0.0
0.35843075 0.45580727 0.0
0.75687347 0.34441284 0.0
0.76677996 0.37329012 0.0
0.74888539 0.4055546 0.0
0.6992216 0.31242405 0.0
0.73224527 0.32085306 0.0
0.70771978 0.34803491 0.0
0.72629195 0.27527178 0.0
0.70302816 0.38328758 0.0
0.6356277 0.34641956 0.0
0.72017157 0.29925058 0.0
0.69319496 0.27959454 0.0
0.74619659 0.29312275 0.0
0.75357757 0.26486986 0.0
0.79454358 0.23588873 0.0
0.67188572 0.33776693 0.0
0.66209728 0.37807232 0.0
0.70422201 0.2351585 0.0
0.66405948 0.30191097 0.0
0.68482481 0.36292645 0.0
0.70740577 0.2595348 0.0
0.67467814 0.25141325 0.0
0.75 0.11794436 0.0
0.375 0 0.0
1.1585772 0.21286852 0.0
0.6704362 0.20872716 0.0
0.75 0.17691655 0.0
0.64310459 0.27113927 0.0
1.2859128 0.14743046 0.0
0.71026465 0.19279634 0.0
1.1063487 0.20640264 0.0
1.1497285 0.16634801 0.0
1.1311837 0.21996855 0.0
1.1856633 0.034403807 0.0
0.82909233 0.29617031 0.0
1.1063487 0.14743046 0.0
1.1616279 0.050881546 0.0
1.1512397 0 0.0
1.1611873 0.024470276 0.0
1.1063487 0.029486091 0.0
1.1332725 0.021561069 0.0
1.1463335 0.099102408 0.0
1.241612 0.052933256 0.0
1.2344011 0.026543743 0.0
1.260672 0.018998781 0.0
1.2087688 0.022639423 0.0
3.6388178 0.87657938 0.0
3.6131224 0.71186643 0.0
3.8226669 0.51204186 0.0
3.8535945 0.92015904 0.0
3.7567205 0.72027431 0.0
3.7456702 0.5977759 0.0
3.721489 0.60030048 0.0
3.7666929 0.58452271 0.0
3.7286893 0.57539318 0.0
3.7907717 0.73300036 0.0
3.6859146 0.63368909 0.0
4 0.71875 0.0
3.8258434 0.85598145 0.0
3.8688407 0.86744752 0.0
3.8011046 0.63035299 0.0
3.7809899 0.64382892 0.0
3.8330216 0.64036877 0.0
3.8364478 0.66525645 0.0
3.8274021 0.60241384 0.0
3.867244 0.61590841 0.0
3.8124048 0.71593417 0.0
3.9092943 0.7250428 0.0
0.78125 1 0.0
0.72520668 0.96962248 0.0
0.70023463 0.97721627 0.0
0.63838843 0.83407187 0.0
0.59375 1 0.0
0.5454867 0.97213244 0.0
0.53125 1 0.0
0.51354637 0.97105449 0.0
0.46919259 0.9263886 0.0
0.4375 1 0.0
0.49723078 0.94290121 0.0
0.46875 1 0.0
0.51309435 0.88390455 0.0
0.51401642 0.91578359 0.0
0.453125 0.96309902 0.0
0.48676214 0.90061903 0.0
0.43936796 0.88718014 0.0
0.47476867 0.85262508 0.0
0.46082263 0.90180781 0.0
0.4281793 0.92663856 0.0
0.48873647 0.87463013 0.0
0.51273151 0.84396359 0.0
0.54347424 0.8989787 0.0
0.48295348 0.9699796 0.0
0.54490755 0.86208061 0.0
0.56826666 0.91191946 0.0
0.69496162 0.43520504 0.0
0.70764819 0.75108631 0.0
0.69193575 0.7751886 0.0
0.62404492 0.58319841 0.0
0.5769208 0.54484713 0.0
0.61582776 0.54746843 0.0
0.59728103 0.86673871 0.0
0.54898657 0.65781222 0.0
0.54201415 0.73491847 0.0
0.51930828 0.78072514 0.0
0.48565278 0.80682656 0.0
0.54826437 0.59710097 0.0
0.39078679 0.66023514 0.0
0.3876755 0.85093107 0.0
0.4064714 0.87910963 0.0
0.41817468 0.90248618 0.0
0.38925108 0.92861547 0.0
0.38392122 0.89901359 0.0
0.41378561 0.82245985 0.0
0.43596557 0.8352544 0.0
0.46019269 0.81996296 0.0
0.34159896 0.96317602 0.0
0.3690169 0.95084823 0.0
0.40922199 0.96711512 0.0
0.36402345 0.97639611 0.0
0.31892492 0.95603865 0.0
0.28125 1 0.0
0.27016688 0.97403887 0.0
0.27618833 0.94515675 0.0
0.23187732 0.82520695 0.0
0.19166944 0.87390984 0.0
0.30196507 0.653668 0.0
0.28933936 0.67936512 0.0
0.18794509 0.77042357 0.0
0.19779205 0.72596359 0.0
0.16281749 0.71990553 0.0
0.14757464 0.75137795 0.0
0.11880615 0.78745696 0.0
0.14057653 0.77530697 0.0
0.11485408 0.75479654 0.0
0.056339218 0.77844643 0.0
0.08878893 0.77451986 0.0
0.088906012 0.81554039 0.0
0.068345516 0.7416204 0.0
0.36634249 0.63732292 0.0
0.088881292 0.53568285 0.0
0.42763928 0.60547863 0.0
0.41790916 0.62855209 0.0
0.39989772 0.6073683 0.0
0.39529735 0.58178743 0.0
0.48111207 0.55388571 0.0
0.099442438 0.62141962 0.0
0.037407809 0.62267265 0.0
0 0.65625 0.0
0 0.71875 0.0
0.032619239 0.734375 0.0
0.047026162 0.75503991 0.0
0.02066613 0.77908414 0.0
0.039125366 0.81359874 0.0
0.022469994 0.832447 0.0
0.22850282 0.45682002 0.0
0.18127379 0.27512581 0.0
0.32494972 0.51183588 0.0
0.36591029 0.50701667 0.0
0.40812061 0.48971309 0.0
0.39037804 0.50656757 0.0
0.37763686 0.47915299 0.0
0.41099514 0.43213659 0.0
0.38792868 0.45111297 0.0
0.38136893 0.41963212 0.0
0.37203884 0.3569853 0.0
0.41441211 0.38269277 0.0
0.36848304 0.38953305 0.0
0.40422493 0.40682873 0.0
0.44450598 0.40961249 0.0
0.32839858 0.3809319 0.0
0.38985201 0.37539948 0.0
0.41602666 0.33225615 0.0
0.23701394 0.38873213 0.0
0.33629448 0.46613566 0.0
0.77715291 0.40475887 0.0
0.72220667 0.40214416 0.0
0.56273996 0.39842762 0.0
0.66255352 0.40203481 0.0
0.63357047 0.39060105 0.0
0.60315764 0.42060844 0.0
0.62325238 0.30717898 0.0
0.75 0.20640264 0.0
0.71517544 0.14743046 0.0
0.69493421 0.21222162 0.0
0.6413335 0.23317307 0.0
0.81795631 0.32655367 0.0
0.7964726 0.30144707 0.0
0.85634479 0.32339125 0.0
0.77349538 0.28495239 0.0
0.77992006 0.25866192 0.0
0.81425901 0.2646305 0.0
1.1318431 0.048926106 0.0
1.2859128 0.029486091 0.0
3.5914569 0.72216667 0.0
3.8314916 0.90788529 0.0
3.8539201 0.89113363 0.0
3.9360229 0.77924764 0.0
3.8768456 0.90590534 0.0
3.8899518 0.95322784 0.0
3.8924633 0.78828276 0.0
3.8440938 0.57654581 0.0
3.8438654 0.6193698 0.0
3.8827072 0.67852737 0.0
3.8907537 0.70706997 0.0
3.9609514 0.53960133 0.0
3.908181 0.68675149 0.0
3.9038887 0.53593595 0.0
4 0.5625 0.0
0.59936825 0.97541716 0.0
0.44876399 0.93931879 0.0
0.55223484 0.83331876 0.0
0.55684743 0.47691676 0.0
0.5947351 0.57048759 0.0
0.57455569 0.58913041 0.0
0.55312314 0.56578093 0.0
0.52223466 0.577026 0.0
0.53438476 0.52048548 0.0
0.49526798 0.57683885 0.0
0.55149132 0.53993231 0.0
0.52312135 0.5476408 0.0
0.56651019 0.50947347 0.0
0.49772073 0.52119164 0.0
0.5915178 0.48433896 0.0
0.4668278 0.52606361 0.0
0.51532558 0.48308428 0.0
0.59969791 0.51743434 0.0
0.58085432 0.44946314 0.0
0.45106317 0.48594176 0.0
0.53777948 0.43601948 0.0
0.57581355 0.42251981 0.0
0.60446231 0.44466394 0.0
0.55634731 0.45225618 0.0
0.53151447 0.46191915 0.0
0.48403567 0.44237722 0.0
0.49004689 0.8320634 0.0
0.54857225 0.62298238 0.0
0.35656951 0.90065603 0.0
0.44793379 0.86054454 0.0
0.40947329 0.94255518 0.0
0.43216848 0.97598393 0.0
0.40625 1 0.0
0.32398598 0.64187599 0.0
0.10294536 0.72620665 0.0
0.11683892 0.81532137 0.0
0.10306681 0.84021614 0.0
0.057785879 0.71772492 0.0
0.10963783 0.56391366 0.0
0.066997613 0.57351866 0.0
0.12271107 0.53255567 0.0
0.14230554 0.54990176 0.0
0.086216506 0.55938808 0.0
0.090057036 0.58474659 0.0
0.060458749 0.54449017 0.0
0 0.5625 0.0
0.24644015 0.15475961 0.0
0.033873784 0.56572932 0.0
0.066858387 0.5148772 0.0
0.030093352 0.52242993 0.0
0.10648917 0.48673787 0.0
0.092816539 0.50945886 0.0
0.044789742 0.59363318 0.0
0 0.53125 0.0
0.12920491 0.50447591 0.0
0.14333086 0.46297174 0.0
0.028718681 0.65061857 0.0
0.064420355 0.80419462 0.0
0.32046572 0.40641865 0.0
0.46269809 0.35899432 0.0
0.27908487 0.34240515 0.0
0.23308305 0.42017881 0.0
0 0.25 0.0
0.2624654 0.40788263 0.0
0.26774696 0.37437528 0.0
0.23523414 0.3448494 0.0
0.29916793 0.36752292 0.0
0.32984165 0.32240994 0.0
0.3241864 0.35154926 0.0
0.34957901 0.34135893 0.0
0.37581045 0.29428238 0.0
0.37705464 0.32582211 0.0
0.35440175 0.31092132 0.0
0.3334069 0.26181569 0.0
0.35034822 0.28361345 0.0
0.31795351 0.29130845 0.0
0.38340493 0.24043929 0.0
0.37254212 0.26636425 0.0
0.42736369 0.27409675 0.0
0.39893821 0.27742447 0.0
0.4162359 0.30211227 0.0
0.4686522 0.30671433 0.0
0.44130744 0.31735897 0.0
0.29825929 0.3166591 0.0
0.26949292 0.24712151 0.0
0.25497498 0.30443615 0.0
0.29952166 0.26285572 0.0
0.2722804 0.27832362 0.0
0.31448288 0.19778023 0.0
0.073632252 0.48244014 0.0
0.29300332 0.2922506 0.0
0.31554182 0.23228127 0.0
0.25137045 0.26446607 0.0
0.23710144 0.23141717 0.0
0.28486494 0.21595606 0.0
0.35217458 0.21389013 0.0
0.33603769 0.17963239 0.0
0.34090028 0.2371126 0.0
0.2835529 0.18059857 0.0
0.25358232 0.19941381 0.0
0.33175103 0.13026404 0.0
0.1875 0 0.0
0.31425712 0.16175612 0.0
0.29507224 0.1304939 0.0
0.19616182 0.39959455 0.0
0.3613887 0.1673328 0.0
0 0.375 0.0
0.28788635 0.052914482 0.0
0.26300785 0.11268208 0.0
0.26914582 0.13939932 0.0
0.25950373 0.17556844 0.0
0.22849994 0.18052731 0.0
0.21492329 0.26059748 0.0
0.093194512 0.46063052 0.0
0.040188783 0.4062482 0.0
0.064069386 0.45418463 0.0
0 0.4375 0.0
0.090912157 0.40192069 0.0
0.084349121 0.43157511 0.0
0.12561423 0.42515432 0.0
0.31320776 0.097846801 0.0
0.18837947 0.13346518 0.0
0.23060428 0.28648635 0.0
0.17419854 0.21250611 0.0
0.21461544 0.15173143 0.0
0.20355285 0.22893724 0.0
0.1918807 0.18043871 0.0
0.22266438 0.11219605 0.0
0.17582794 0.24403156 0.0
0.2219812 0.20780097 0.0
0.12194734 0.16278576 0.0
0.11931257 0.26995368 0.0
0.19752945 0.20446219 0.0
0.15459751 0.18078926 0.0
0.13533602 0.23031956 0.0
0.15097189 0.26440887 0.0
0.14570577 0.32749611 0.0
0.14006019 0.29526144 0.0
0.17105002 0.3064456 0.0
0.081472039 0.32213429 0.0
0.20171948 0.2991285 0.0
0.18741548 0.35193132 0.0
0.10723972 0.30100962 0.0
0.22639388 0.31618552 0.0
0.20964476 0.3370463 0.0
0.21428899 0.36767635 0.0
0.17098914 0.33215445 0.0
0.15192163 0.36470176 0.0
0.11281487 0.33408806 0.0
0.057720319 0.26688424 0.0
0.084114435 0.36227331 0.0
0.077560703 0.29108536 0.0
0 0.3125 0.0
0.08885669 0.2615915 0.0
0.041434902 0.31140707 0.0
0.033892747 0.24123776 0.0
0.068594125 0.23662153 0.0
0 0.125 0.0
0.10021511 0.2149373 0.0
0 0.1875 0.0
0.045574278 0.19631308 0.0
0 0.21875 0.0
0.048878713 0.2211534 0.0
0.073004129 0.20530411 0.0
0.073739898 0.15672242 0.0
0.096314241 0.18270793 0.0
0.020617732 0.203125 0.0
0.026177755 0.17437295 0.0
0 0.15625 0.0
0.052011287 0.17107837 0.0
0.03469533 0.13823064 0.0
0.12590781 0.19547684 0.0
0 0.0625 0.0
0.14863074 0.20802513 0.0
0.031787139 0.09375 0.0
0.59698661 0.38393846 0.0
0.64586033 0.32162079 0.0
0.72437234 0.21642074 0.0
0.72476134 0.17141685 0.0
0.69737605 0.16845243 0.0
0.75 0.14743046 0.0
0.42116309 0.094490854 0.0
0.68763035 0.14215431 0.0
0.6549491 0.16922038 0.0
0.57924077 0.13706003 0.0
0.57195389 0.25543399 0.0
0.88363074 0.23588873 0.0
0.84662329 0.26866743 0.0
0.85914766 0.29466792 0.0
0.88733447 0.30127797 0.0
0.87267861 0.34356011 0.0
3.9058842 0.75799494 0.0
3.9522749 0.74614332 0.0
3.9268946 0.74351675 0.0
3.9401672 0.71325096 0.0
4 0.875 0.0
4 0.6875 0.0
3.9603202 0.85725604 0.0
3.8729692 0.81831511 0.0
3.9238302 0.82998611 0.0
3.8642676 0.84232358 0.0
3.8948062 0.83981088 0.0
3.9021291 0.8136606 0.0
3.9258493 0.8837341 0.0
3.9168539 0.85716009 0.0
4 0.8125 0.0
3.8753127 0.63820139 0.0
3.9076262 0.59807556 0.0
4 0.53125 0.0
3.9326622 0.53399981 0.0
3.9395187 0.57360778 0.0
0.52951222 0.82761587 0.0
0.53830429 0.49493138 0.0
0.48350524 0.49150414 0.0
0.47104246 0.46680325 0.0
0.43886163 0.45320643 0.0
0.42852684 0.47570017 0.0
0.43076775 0.50121643 0.0
0.46476398 0.87793211 0.0
0.43010927 0.95296356 0.0
0.17481546 0.44853233 0.0
0.15030971 0.43664367 0.0
0.15201509 0.40069287 0.0
0.18662702 0.42455999 0.0
0.12131759 0.39403928 0.0
0.17365301 0.382641 0.0
0.024503221 0.67695808 0.0
0.44335334 0.38062003 0.0
0.42717827 0.35785728 0.0
0.479728 0.39369304 0.0
0.44547909 0.34152826 0.0
0.47111669 0.33347406 0.0
0.52086495 0.31539905 0.0
0.50617113 0.35918647 0.0
0.27130199 0.43055533 0.0
0.2564091 0.33016475 0.0
0.39280348 0.19774052 0.0
0.045155632 0.50249138 0.0
0.066226717 0.41201084 0.0
0.05933443 0.38144673 0.0
0.029655977 0.3783268 0.0
0.018520201 0.34375 0.0
0.052874359 0.34749791 0.0
0.11874698 0.45143011 0.0
0.28125 0 0.0
0.38423815 0.078728253 0.0
0.24263706 0.12896171 0.0
0.17079082 0.066845594 0.0
0.15345463 0.14425388 0.0
0.17681265 0.15794458 0.0
0.10551121 0.098791827 0.0
0.1605161 0.10518992 0.0
0.12293972 0.1284232 0.0
0.099705894 0.14494783 0.0
0.071832957 0.117999 0.0
0.13294301 0.10259827 0.0
0.1768535 0.032781718 0.0
0.19204598 0.32093752 0.0
0.019907584 0.28125 0.0
0.043729944 0.28700672 0.0
0.1093479 0.24187053 0.0
0.023052027 0.1166565 0.0
0 0.09375 0.0
0.59085669 0.33896733 0.0
0.61882872 0.36777599 0.0
0.6764296 0.18358873 0.0
0.63736509 0.19890246 0.0
0.59907093 0.22070184 0.0
0.62285498 0.21794774 0.0
0.61419986 0.24727827 0.0
0.60772605 0.19137131 0.0
0.54752028 0.18954752 0.0
0.57738384 0.19835993 0.0
0.55332994 0.2248668 0.0
0.52663128 0.29022941 0.0
0.70904704 0.10488469 0.0
0.57698593 0.23141089 0.0
0.52220012 0.26479073 0.0
0.62111267 0.14368209 0.0
0.54530897 0.25071099 0.0
0.55238269 0.28832493 0.0
0.51512641 0.22717679 0.0
3.9668579 0.68678266 0.0
3.95824 0.64237919 0.0
4 0.65625 0.0
3.953805 0.66627795 0.0
3.9275067 0.65116507 0.0
3.9347059 0.61820209 0.0
3.9687009 0.60865382 0.0
3.9470839 0.59698111 0.0
3.9712635 0.57624391 0.0
4 0.59375 0.0
3.9772443 0.734375 0.0
4 0.78125 0.0
3.8955269 0.88195484 0.0
3.9089937 0.91171978 0.0
4 0.9375 0.0
3.8894701 0.92788508 0.0
3.9160023 0.94005674 0.0
3.949134 0.91682712 0.0
3.9375 1 0.0
3.90625 1 0.0
3.9520188 0.95618387 0.0
3.9151304 0.97067983 0.0
3.8905834 0.97920567 0.0
3.8582211 0.97118944 0.0
3.9385236 0.97602565 0.0
3.96875 1 0.0
3.84375 1 0.0
3.8510579 0.94611395 0.0
4 0.96875 0.0
3.978456 0.953125 0.0
3.8920429 0.61742633 0.0
3.9050866 0.56704611 0.0
3.9764484 0.51659513 0.0
0.45802875 0.43352573 0.0
0.11442975 0.3644376 0.0
0.48438693 0.36987802 0.0
0.50605049 0.38647928 0.0
0.53850045 0.37297604 0.0
0.50010682 0.41642255 0.0
0.53197349 0.34348589 0.0
0.56226099 0.35224984 0.0
0.55499379 0.32064714 0.0
0.58673626 0.3018163 0.0
0.57554194 0.27983723 0.0
0.60682111 0.27774647 0.0
0.49887675 0.33237956 0.0
0.42790762 0.22785116 0.0
0.37677426 0.21659604 0.0
0.28787909 0.10449051 0.0
0.26559994 0.078699362 0.0
0.27541451 0.027605262 0.0
0.2595039 0.050906678 0.0
0.22640913 0.072730579 0.0
0.234375 0 0.0
0.24711677 0.025365807 0.0
0.328125 0 0.0
0.2109375 0.027656275 0.0
0.30865626 0.026951975 0.0
0.23027434 0.046211406 0.0
0.20258253 0.055716543 0.0
0.19652604 0.089388602 0.0
0.09375 0 0.0
0.3515625 0.037437667 0.0
0.12534012 0.056640645 0.0
0.32332084 0.059972758 0.0
0.15163077 0.045864035 0.0
0.140625 0 0.0
0.35381731 0.069227671 0.0
0.3019939 0.074565279 0.0
0.1640625 0 0.0
0.35913425 0.10565685 0.0
0.33814957 0.090117024 0.0
0.41698452 0.13442142 0.0
0.36203965 0.13642983 0.0
0.38888869 0.11837127 0.0
0.39013547 0.15247999 0.0
0.5863564 0.16795366 0.0
0.42358093 0.17321735 0.0
0.09587362 0.12102273 0.0
0.058679526 0.13805541 0.0
0.070052706 0.0757478 0.0
0.61513699 0.33131003 0.0
0.5625 0 0.0
0.49714339 0.29671912 0.0
0.46942071 0.2633005 0.0
3.9654213 0.71202569 0.0
4 0.84375 0.0
3.9674911 0.796875 0.0
3.974719 0.765625 0.0
3.9724993 0.8280861 0.0
3.9409935 0.8072763 0.0
3.9484036 0.83515309 0.0
3.9559745 0.88727581 0.0
4 0.90625 0.0
3.9697598 0.93015758 0.0
0.13328755 0.34869285 0.0
0.57311326 0.37522865 0.0
0.2430556 0.094220503 0.0
0.18404264 0.10987247 0.0
0.3515625 0 0.0
0.46286959 0.14657841 0.0
0.42051793 0.20094815 0.0
0.47371962 0.19278998 0.0
0.44877252 0.2076536 0.0
0.47805916 0.22844086 0.0
0.45283588 0.24069052 0.0
0.49734928 0.24999208 0.0
0.39955096 0.17463387 0.0
0.099009493 0.069993684 0.0
0.077290072 0.036431286 0.0
0.081839084 0.096414285 0.0
0.037475736 0.05617187 0.0
0.72543402 0.12423852 0.0
0.75 0.058972182 0.0
0.39818557 0.097186359 0.0
0.62700512 0.17105959 0.0
0.65625 0 0.0
0.65419058 0.13504078 0.0
0.62798079 0.10234259 0.0
0.67675625 0.11111732 0.0
0.68221962 0.052658243 0.0
0.6880152 0.082684708 0.0
0.65601533 0.086458668 0.0
0.71555259 0.061797007 0.0
0.609375 0 0.0
0.703125 0 0.0
0.73024249 0.029486091 0.0
0.75 0.088458274 0.0
0.62855371 0.070671838 0.0
0.57933616 0.085622046 0.0
0.6485053 0.041164146 0.0
0.60090358 0.068134506 0.0
0.56365507 0.044239175 0.0
0.66004053 0.062521414 0.0
0.61728433 0.041553092 0.0
0.67301502 0.024464826 0.0
0.70129031 0.030832762 0.0
0.45250362 0.28471476 0.0
3.9744386 0.90499679 0.0
0.46875 0 0.0
0.10880214 0.028734671 0.0
0.046875 0 0.0
0 0.03125 0.0
0.030435123 0.026121434 0.0
0.055533356 0.0236833 0.0
0.061087398 0.053773087 0.0
0.60347565 0.1195116 0.0
0.72494217 0.085249638 0.0
0.6328125 0.016901049 0.0
0.58958815 0.02529557 0.0
0.39363225 0.037719789 0.0
0.43715835 0.15095005 0.0
0.44521515 0.12054063 0.0
0.45413617 0.17300846 0.0
0.47958015 0.064682358 0.0
0.45455618 0.087787283 0.0
0.43057758 0.054864338 0.0
0.49954487 0.11140897 0.0
0.47315725 0.12059903 0.0
0.49638864 0.14482513 0.0
0.48125183 0.091596543 0.0
0.51824706 0.075789713 0.0
0.53695783 0.13179984 0.0
0.48073084 0.16676429 0.0
0.51525445 0.17484652 0.0
0.52060157 0.15054787 0.0
0.54958986 0.15932916 0.0
0.52280653 0.20103029 0.0
0.13488352 0.025630273 0.0
0.37268437 0.02460557 0.0
0.421875 0 0.0
0.40945862 0.07077849 0.0
0.51450078 0.02722543 0.0
0.52803713 0.10364957 0.0
0.54879154 0.08070632 0.0
0.55972012 0.11015463 0.0
0.42043025 0.028351538 0.0
0.45423403 0.03061196 0.0
0.4453125 0 0.0
0.515625 0 0.0
0.45586216 0.055863854 0.0
0.3984375 0 0.0
0.50404101 0.052386532 0.0
0.53361954 0.046640914 0.0
0.48439817 0.02946609 0.0
0.54181253 0.019452111 0.0
1.6622359 0.15272218 0.0
1.6871339 0.15492438 0.0
1.6808481 0.1829875 0.0
1.6199897 0.25654055 0.0
1.5943681 0.2706101 0.0
1.5717155 0.2556883 0.0
2.318831 0.28291156 0.0
1.7940976 0.58235334 0.0
2.0145696 0.91567262 0.0
2.2715839 0.62656036 0.0
2.7117853 0.75573141 0.0
2.86663 0.40618624 0.0
2.65625 1 0.0
2.6359886 0.9724946 0.0
3.2278586 0.50425789 0.0
2.435261 0.29498987 0.0
2.335293 0.029486091 0.0
2.3106219 0.027015108 0.0
2.3919979 0.85059026 0.0
1.5008467 0.53785859 0.0
2.4499652 0.37693862 0.0
2.2802615 0.97353637 0.0
2.7140872 0.029486091 0.0
2.9686118 0.26014658 0.0
1.1255462 0.93587547 0.0
3.374994 0.14692722 0.0
3.5444615 0.82302353 0.0
3.5747969 0.83437865 0.0
3.5543812 0.85103369 0.0
3.5504476 0.29160315 0.0
3.7890625 0.015795853 0.0
4 0.34375 0.0
3.5259823 0.92183461 0.0
3.5937673 0.56744352 0.0
3.6471288 0.43117467 0.0
3.9740555 0.36812248 0.0
0.75290795 0.46554242 0.0
1.2572477 0.16531238 0.0
1.2308706 0.16725125 0.0
1.2283513 0.14370848 0.0
3.7043382 0.4352333 0.0
0.76410961 0.73843625 0.0
0.10836987 0.69748953 0.0
0.559174 0.94009665 0.0
0.45426877 0.57228887 0.0
0.43866224 0.55176122 0.0
0.16003538 0.48894877 0.0
0 0.46875 0.0
0.023107195 0.49165083 0.0
0.045161318 0.47463754 0.0
0.032518761 0.44398348 0.0
0 0.40625 0.0
0.02009509 0.42181112 0.0
0.53176304 0.40494201 0.0
0.41035901 0.25077075 0.0
0.14462692 0.077057676 0.0
1.3353478 0.96825982 0.0
0 0.59375 0.0
0.88006116 0.26889043 0.0
0.86135895 0.2480239 0.0
0.90590253 0.25499162 0.0
0.92416584 0.2730945 0.0
0.90114372 0.28116635 0.0
3.1340806 0.67603122 0.0
3.1408505 0.69650841 0.0
CELLS 8086 32344
3 3439 3617 3432
3 30 41 36
3 80 63 69
3 32 31 28
3 44 42 36
3 36 37 33
3 46 38 32
3 33 37 29
3 61 48 38
3 1870 1712 1710
3 533 538 520
3 2093 2106 2105
3 38 46 35
3 102 96 75
3 81 83 7
3 31 32 33
3 36 26 37
3 63 80 84
3 2996 3000 3005
3 94 75 96
3 29 9 31
3 46 25 35
3 370 423 427
3 30 48 41
3 61 38 35
3 9 28 31
3 38 30 32
3 10 68 59
3 29 31 33
3 2156 2161 2145
3 28 34 46
3 1673 1675 1678
3 225 232 239
3 467 446 425
3 4153 4152 53
3 295 293 296
3 544 548 345
3 215 222 221
3 1540 4215 1638
3 350 298 457
3 1684 1510 1682
3 149 482 100
3 33 30 36
3 74 59 68
3 42 26 36
3 33 32 30
3 45 41 52
3 36 41 44
3 51 40 42
3 43 49 45
3 40 26 42
3 45 44 41
3 42 44 51
3 52 41 39
3 45 49 44
3 45 54 56
3 28 46 32
3 25 46 34
3 70 64 65
3 39 55 52
3 38 48 30
3 39 41 48
3 40 51 8
3 8 51 50
3 44 49 51
3 49 43 50
3 50 51 49
3 53 55 58
3 45 56 43
3 53 58 62
3 4151 54 60
3 45 52 54
3 52 55 60
3 58 55 39
3 70 71 4153
3 48 61 39
3 54 27 56
3 54 4151 27
3 61 58 39
3 61 66 58
3 67 74 64
3 61 35 66
3 52 60 54
3 4152 55 53
3 73 74 67
3 35 25 66
3 67 62 58
3 63 68 69
3 62 70 53
3 64 62 67
3 65 64 63
3 47 73 72
3 65 71 70
3 69 68 10
3 58 66 67
3 73 67 66
3 64 68 63
3 173 192 194
3 80 156 147
3 64 70 62
3 71 82 81
3 57 4153 78
3 4151 4152 4153
3 72 73 66
3 66 25 72
3 47 59 74
3 74 68 64
3 47 74 73
3 80 147 76
3 78 81 7
3 147 1112 76
3 90 1608 97
3 65 84 82
3 4154 83 93
3 106 109 103
3 81 78 71
3 101 75 91
3 157 159 156
3 77 82 84
3 82 71 65
3 83 81 77
3 65 63 84
3 77 81 82
3 88 89 86
3 83 77 88
3 80 76 84
3 84 76 89
3 187 186 163
3 92 7 4154
3 4155 4156 92
3 89 88 77
3 83 88 90
3 90 88 86
3 84 89 77
3 89 76 1114
3 94 97 91
3 99 101 91
3 4154 4155 92
3 94 96 4155
3 93 83 90
3 97 99 91
3 93 90 94
3 86 1411 1608
3 91 75 94
3 147 105 172
3 120 103 109
3 101 102 75
3 110 113 102
3 90 97 94
3 95 1612 99
3 131 121 129
3 119 152 143
3 95 99 97
3 149 101 99
3 1711 1541 1709
3 111 117 108
3 149 99 98
3 101 100 102
3 106 102 100
3 96 102 113
3 106 108 110
3 117 85 104
3 110 108 112
3 167 162 181
3 86 89 1114
3 106 100 138
3 106 103 108
3 493 374 421
3 463 1169 120
3 111 108 103
3 104 87 112
3 482 149 1726
3 1140 146 1170
3 108 117 112
3 106 110 102
3 103 120 119
3 143 142 119
3 110 112 113
3 87 4156 113
3 87 113 112
3 100 101 149
3 149 98 1726
3 1177 1346 528
3 691 672 692
3 85 117 111
3 119 111 103
3 112 117 104
3 335 432 347
3 784 703 764
3 120 109 135
3 111 142 85
3 501 114 412
3 1168 138 346
3 317 518 507
3 507 503 1172
3 591 597 599
3 143 122 142
3 1174 1342 1343
3 286 1164 289
3 523 489 317
3 137 518 511
3 1107 1110 1331
3 350 514 298
3 1175 115 511
3 619 609 617
3 360 447 131
3 1343 1342 504
3 1110 1532 155
3 441 134 128
3 438 132 509
3 501 144 492
3 1168 488 135
3 516 535 505
3 306 12 1719
3 640 622 624
3 131 465 121
3 105 159 167
3 1115 179 180
3 553 132 403
3 448 1338 1341
3 419 374 493
3 155 1140 1144
3 357 131 447
3 519 537 1352
3 350 521 516
3 1716 2627 2797
3 100 482 138
3 1341 1339 1167
3 1717 141 1874
3 1150 1152 1153
3 109 138 1168
3 1717 1874 1560
3 1575 1576 1358
3 13 4167 151
3 119 142 111
3 122 85 142
3 120 152 119
3 116 122 143
3 1340 1339 136
3 455 403 132
3 118 1620 482
3 405 361 485
3 1170 152 1169
3 116 143 154
3 156 80 69
3 105 168 172
3 165 69 10
3 159 105 147
3 144 412 436
3 372 134 501
3 699 786 750
3 168 105 167
3 4168 1561 1564
3 155 146 1140
3 785 803 786
3 143 152 146
3 614 586 612
3 402 363 347
3 143 146 154
3 155 154 146
3 600 570 582
3 463 120 135
3 157 156 69
3 147 156 159
3 160 189 193
3 157 148 159
3 162 166 160
3 157 69 165
3 183 148 165
3 159 148 162
3 127 4158 670
3 185 186 183
3 157 165 148
3 183 187 148
3 162 160 181
3 191 201 197
3 175 169 171
3 180 1413 1115
3 10 161 165
3 183 165 161
3 187 162 148
3 163 195 189
3 162 167 159
3 168 167 164
3 164 171 168
3 1112 1113 1114
3 181 182 164
3 414 393 443
3 168 174 172
3 172 174 170
3 164 182 175
3 169 1115 171
3 174 168 171
3 172 170 1112
3 189 160 166
3 169 175 177
3 177 179 169
3 806 1245 1414
3 164 175 171
3 284 177 173
3 182 192 173
3 285 287 176
3 173 177 175
3 287 288 176
3 277 285 278
3 419 144 436
3 176 179 177
3 179 178 180
3 4158 417 487
3 794 1243 806
3 182 181 160
3 167 181 164
3 184 193 189
3 182 173 175
3 185 183 161
3 166 187 163
3 189 195 184
3 184 211 188
3 161 158 185
3 185 158 186
3 199 79 261
3 186 196 197
3 187 166 162
3 186 187 183
3 198 206 184
3 173 194 284
3 163 189 166
3 193 184 188
3 191 197 203
3 186 158 196
3 184 195 198
3 193 182 160
3 194 192 188
3 188 192 193
3 193 192 182
3 206 211 184
3 218 209 264
3 201 186 197
3 198 195 191
3 158 190 196
3 197 196 190
3 199 197 190
3 191 195 201
3 191 203 205
3 205 207 191
3 190 79 199
3 268 217 214
3 231 257 241
3 206 207 202
3 195 163 201
3 186 201 163
3 212 208 204
3 218 264 240
3 199 203 197
3 205 203 219
3 203 261 219
3 202 207 208
3 219 214 205
3 205 204 207
3 207 206 198
3 206 202 209
3 207 198 191
3 207 204 208
3 204 214 212
3 223 216 226
3 213 259 215
3 188 209 266
3 221 223 213
3 208 215 202
3 206 209 211
3 188 211 209
3 204 205 214
3 217 256 212
3 215 221 213
3 266 276 272
3 263 258 268
3 256 217 210
3 212 256 222
3 259 213 234
3 210 231 228
3 226 216 228
3 212 214 217
3 399 235 1326
3 257 238 268
3 188 266 194
3 238 210 217
3 231 1117 228
3 213 227 234
3 1120 307 299
3 222 215 208
3 223 221 216
3 212 222 208
3 216 221 222
3 234 230 237
3 213 223 227
3 1117 241 251
3 245 248 1116
3 227 233 232
3 227 232 225
3 216 256 228
3 249 233 224
3 223 226 233
3 234 227 1116
3 214 219 263
3 224 226 228
3 251 249 224
3 267 273 260
3 225 239 245
3 248 230 1116
3 303 314 341
3 231 210 238
3 233 227 223
3 242 239 232
3 224 233 226
3 232 233 229
3 1116 227 225
3 1120 237 230
3 241 257 235
3 309 290 279
3 239 242 236
3 236 242 250
3 237 220 240
3 234 237 259
3 235 257 258
3 269 261 79
3 242 232 229
3 1119 245 239
3 240 220 218
3 215 240 202
3 231 238 257
3 246 244 252
3 1118 246 249
3 229 246 242
3 236 250 254
3 194 266 272
3 273 290 260
3 247 252 267
3 1119 239 236
3 245 243 248
3 249 246 229
3 252 250 242
3 243 245 1119
3 254 255 1119
3 378 410 363
3 220 299 281
3 233 249 229
3 1117 251 224
3 252 242 246
3 293 295 247
3 279 273 244
3 1118 251 279
3 273 267 252
3 247 250 252
3 292 267 260
3 291 247 267
3 295 250 247
3 254 253 255
3 334 253 296
3 410 378 255
3 228 256 210
3 222 256 216
3 268 214 263
3 1127 1325 1326
3 271 218 220
3 237 240 259
3 304 324 343
3 215 259 240
3 310 260 290
3 199 261 203
3 1123 1126 364
3 219 269 263
3 79 262 269
3 270 262 200
3 209 202 264
3 240 264 202
3 265 271 281
3 277 301 285
3 209 218 266
3 218 271 276
3 273 252 244
3 280 291 292
3 257 268 258
3 268 238 217
3 261 269 219
3 270 269 262
3 258 263 270
3 270 263 269
3 281 299 275
3 265 272 276
3 282 272 265
3 176 177 284
3 279 244 1118
3 251 241 314
3 431 499 348
3 296 311 334
3 275 299 307
3 283 277 282
3 218 276 266
3 265 276 271
3 281 300 265
3 301 277 302
3 194 272 278
3 278 272 282
3 399 1125 235
3 273 279 290
3 280 297 293
3 247 291 293
3 220 281 271
3 265 300 283
3 283 282 265
3 278 282 277
3 313 283 300
3 338 320 418
3 194 278 284
3 284 278 176
3 301 287 285
3 176 278 285
3 301 302 418
3 178 288 289
3 287 289 288
3 179 288 178
3 176 288 179
3 289 287 286
3 367 320 340
3 788 792 794
3 303 309 314
3 310 323 322
3 292 291 267
3 293 291 280
3 292 260 327
3 274 280 292
3 298 297 280
3 254 295 253
3 294 297 298
3 319 353 379
3 295 254 250
3 293 297 296
3 311 296 294
3 253 295 296
3 298 280 274
3 296 297 294
3 330 327 316
3 541 140 567
3 237 299 220
3 1120 248 307
3 275 319 281
3 300 319 313
3 302 277 283
3 286 287 301
3 339 338 313
3 338 302 283
3 326 303 356
3 322 304 310
3 274 457 298
3 310 327 260
3 1139 1533 1327
3 131 494 465
3 4159 137 421
3 431 1136 457
3 407 243 255
3 337 353 364
3 319 275 353
3 416 320 367
3 314 309 279
3 309 303 325
3 322 323 315
3 328 327 310
3 502 456 538
3 1173 504 376
3 499 431 479
3 426 446 1137
3 300 281 319
3 313 308 339
3 251 314 279
3 314 241 341
3 326 451 470
3 304 322 324
3 328 1121 316
3 822 837 854
3 1135 351 343
3 153 1171 377
3 311 294 513
3 347 318 335
3 353 275 1122
3 308 313 319
3 340 320 339
3 418 302 338
3 369 321 399
3 321 369 368
3 323 310 290
3 324 322 315
3 290 309 323
3 325 323 309
3 315 325 326
3 1559 1340 136
3 326 325 303
3 323 325 315
3 356 368 400
3 401 451 326
3 328 310 304
3 479 330 316
3 328 304 1121
3 316 327 328
3 1121 343 358
3 485 332 405
3 274 292 330
3 292 327 330
3 329 480 499
3 359 480 329
3 502 402 347
3 329 1121 358
3 1138 305 348
3 584 1197 579
3 335 334 311
3 334 318 410
3 478 153 377
3 334 335 318
3 330 479 274
3 340 308 366
3 255 378 407
3 384 386 383
3 313 338 283
3 418 320 416
3 340 339 308
3 338 339 320
3 379 308 319
3 463 1152 1169
3 1125 241 235
3 341 321 368
3 342 425 423
3 326 356 401
3 1135 429 497
3 706 675 707
3 513 294 514
3 373 480 359
3 359 329 358
3 511 489 512
3 506 464 115
3 431 457 274
3 344 371 305
3 1352 1179 1356
3 431 348 312
3 137 115 493
3 498 359 358
3 1130 333 438
3 534 508 520
3 463 135 488
3 1385 123 441
3 707 731 732
3 137 511 115
3 347 363 318
3 1122 275 307
3 353 337 380
3 366 382 354
3 387 391 354
3 354 397 366
3 443 462 461
3 368 356 303
3 423 401 356
3 484 459 390
3 354 382 387
3 467 357 446
3 437 509 435
3 455 333 361
3 497 1328 351
3 500 468 424
3 1559 129 121
3 106 138 109
3 509 132 510
3 515 311 513
3 507 1173 24
3 312 1136 431
3 378 363 352
3 248 1123 307
3 1128 248 243
3 365 380 381
3 365 382 366
3 365 366 308
3 354 395 397
3 340 397 415
3 417 416 367
3 341 368 303
3 321 1125 399
3 445 369 11
3 400 369 445
3 423 370 401
3 315 470 324
3 1178 1566 1351
3 478 374 153
3 476 1328 497
3 384 381 337
3 350 516 514
3 456 347 432
3 317 507 422
3 374 478 430
3 375 4159 430
3 336 349 1136
3 519 478 531
3 590 593 592
3 1183 1186 1181
3 531 377 510
3 407 378 408
3 255 253 410
3 380 379 353
3 308 379 365
3 381 380 337
3 379 380 365
3 386 384 337
3 363 402 352
3 365 381 382
3 1124 388 385
3 392 385 388
3 1124 384 388
3 386 337 364
3 384 383 388
3 543 126 531
3 396 385 392
3 243 407 409
3 352 433 408
3 1124 382 381
3 1129 391 387
3 458 484 383
3 1124 385 387
3 340 415 367
3 391 395 354
3 274 479 431
3 396 411 1129
3 1129 387 385
3 461 462 389
3 484 388 383
3 396 392 1130
3 413 389 411
3 413 461 389
3 438 509 437
3 413 434 412
3 389 395 391
3 395 393 397
3 1130 392 390
3 411 396 394
3 393 440 397
3 340 366 397
3 127 1165 4158
3 127 1164 1165
3 1127 1326 1074
3 369 399 1325
3 356 400 342
3 368 369 400
3 423 356 342
3 4157 451 370
3 345 538 533
3 404 352 402
3 1345 492 506
3 361 459 485
3 390 392 484
3 383 460 433
3 469 426 362
3 345 125 502
3 563 601 583
3 1137 357 447
3 408 378 352
3 407 408 409
3 433 352 404
3 460 409 408
3 386 364 1126
3 1123 364 307
3 334 410 253
3 363 410 318
3 434 413 411
3 389 391 1129
3 415 442 367
3 443 441 123
3 434 411 394
3 413 412 114
3 443 393 462
3 115 464 493
3 440 415 397
3 440 753 415
3 442 751 367
3 416 398 418
3 414 440 393
3 398 416 417
3 1165 418 398
3 301 418 286
3 528 512 524
3 523 486 517
3 461 413 114
3 531 510 543
3 421 374 430
3 144 419 464
3 660 665 663
3 107 456 432
3 425 342 445
3 427 425 446
3 121 1717 1559
3 467 468 481
3 400 445 342
3 494 357 481
3 445 467 425
3 427 426 428
3 425 427 423
3 450 14 469
3 428 14 471
3 370 427 428
3 428 471 4157
3 452 1134 4157
3 131 357 494
3 412 434 436
3 476 477 496
3 475 471 14
3 914 1265 915
3 570 605 1198
3 404 458 433
3 460 383 386
3 437 434 394
3 437 436 434
3 438 437 394
3 132 333 455
3 419 153 374
3 501 134 114
3 396 1130 394
3 437 435 1171
3 1175 512 1346
3 435 510 377
3 454 141 465
3 527 1176 124
3 461 441 443
3 412 144 501
3 144 464 492
3 448 490 1166
3 430 478 453
3 442 753 752
3 544 546 548
3 123 483 1235
3 521 349 580
3 1438 1729 1624
3 370 451 401
3 11 468 445
3 1166 450 495
3 427 446 426
3 357 467 481
3 469 362 495
3 428 469 14
3 465 494 454
3 470 429 324
3 362 426 1137
3 1166 490 450
3 452 471 475
3 497 1134 477
3 305 371 312
3 453 1356 430
3 563 565 576
3 504 444 376
3 500 424 406
3 520 456 107
3 1138 348 480
3 500 406 454
3 350 457 349
3 548 332 125
3 458 404 459
3 383 433 458
3 404 485 459
3 485 404 332
3 460 386 1126
3 408 433 460
3 128 1385 441
3 395 462 393
3 389 462 395
3 461 114 441
3 441 114 134
3 145 1559 1717
3 1171 419 436
3 1340 4168 4167
3 134 372 1565
3 419 1171 153
3 1562 1876 466
3 129 1338 360
3 468 11 424
3 445 468 467
3 428 426 469
3 481 468 500
3 362 447 495
3 326 470 315
3 429 470 451
3 1133 4166 1132
3 471 452 4157
3 360 131 129
3 14 474 475
3 452 475 477
3 429 1134 497
3 305 1138 344
3 1131 477 475
3 312 371 336
3 1131 475 474
3 477 476 497
3 535 4160 505
3 333 390 459
3 311 432 335
3 305 312 348
3 499 479 316
3 646 601 606
3 465 141 121
3 655 661 1614
3 123 414 443
3 510 435 509
3 361 1180 455
3 504 1342 444
3 484 392 388
3 458 459 484
3 404 402 332
3 402 502 125
3 453 478 519
3 132 438 333
3 723 751 752
3 501 492 372
3 456 502 347
3 486 317 422
3 1172 504 1173
3 493 421 137
3 138 482 346
3 715 700 625
3 1959 1966 1974
3 507 24 422
3 419 493 464
3 372 491 1565
3 125 332 402
3 361 333 459
3 500 494 481
3 500 454 494
3 447 360 1166
3 450 469 495
3 1132 496 1131
3 1517 1104 1537
3 343 351 358
3 324 1135 343
3 358 351 1327
3 496 1132 4166
3 348 499 480
3 316 329 499
3 1180 361 405
3 449 454 406
3 505 515 513
3 518 137 503
3 506 492 464
3 373 359 498
3 317 489 518
3 491 372 492
3 555 556 554
3 503 137 4159
3 294 298 514
3 526 524 517
3 4160 515 505
3 349 521 350
3 505 513 514
3 107 432 515
3 311 515 432
3 541 535 516
3 505 514 516
3 489 524 512
3 523 524 489
3 511 518 489
3 507 518 503
3 478 377 531
3 537 519 126
3 4160 534 520
3 520 508 533
3 580 349 336
3 140 516 521
3 581 573 336
3 554 534 522
3 486 523 317
3 523 517 524
3 526 517 527
3 527 124 530
3 570 525 542
3 526 528 524
3 517 1176 527
3 526 525 528
3 530 542 527
3 525 526 527
3 570 542 568
3 506 1175 1346
3 547 1180 546
3 542 530 529
3 542 525 527
3 553 536 543
3 126 519 531
3 537 1351 532
3 444 1342 1344
3 403 1180 547
3 345 533 544
3 4160 520 107
3 534 554 549
3 541 516 140
3 522 534 4160
3 126 1359 1360
3 1361 126 1360
3 537 532 1179
3 502 538 345
3 520 538 456
3 544 533 545
3 1357 544 545
3 541 522 535
3 558 562 540
3 140 573 567
3 555 522 1195
3 568 569 552
3 529 568 542
3 510 132 553
3 543 536 1359
3 545 533 508
3 546 544 539
3 534 549 508
3 566 1576 540
3 546 539 547
3 546 405 548
3 1184 1186 539
3 553 1182 536
3 332 548 405
3 345 548 125
3 540 562 566
3 508 549 1575
3 578 571 577
3 558 540 556
3 1195 567 574
3 584 572 634
3 582 588 575
3 600 605 570
3 553 403 1182
3 510 553 543
3 555 554 522
3 540 549 554
3 1195 522 541
3 556 555 551
3 559 558 556
3 554 556 540
3 559 557 558
3 576 571 606
3 559 556 551
3 557 1197 562
3 561 551 574
3 559 551 561
3 565 579 557
3 1570 1354 532
3 1196 573 581
3 557 559 565
3 557 562 558
3 566 562 1579
3 561 550 577
3 610 601 587
3 681 1389 630
3 1182 1183 1185
3 576 559 561
3 563 583 579
3 1579 562 560
3 566 564 1576
3 521 580 140
3 550 561 574
3 552 569 139
3 570 568 552
3 582 570 552
3 568 529 569
3 614 1348 1349
3 758 578 729
3 615 667 677
3 572 579 583
3 560 562 1197
3 581 336 371
3 567 573 1196
3 551 555 1195
3 550 574 567
3 552 139 585
3 1214 589 139
3 559 576 565
3 577 576 561
3 578 577 550
3 576 577 571
3 371 1393 581
3 587 641 632
3 563 579 565
3 579 572 584
3 336 573 580
3 140 580 573
3 1606 720 728
3 1196 550 567
3 1209 1212 589
3 575 604 600
3 606 601 563
3 607 572 583
3 572 616 634
3 1388 630 1201
3 1232 1227 1230
3 1208 1209 1219
3 575 590 592
3 491 1345 1177
3 708 669 677
3 616 629 611
3 585 582 552
3 1207 1219 1217
3 1212 1209 594
3 575 588 590
3 1208 1218 594
3 592 591 608
3 1220 1228 1226
3 604 612 586
3 599 608 591
3 600 604 586
3 585 1212 588
3 592 593 591
3 653 635 651
3 1222 591 593
3 588 1212 590
3 594 590 1212
3 1211 1205 1206
3 626 618 623
3 585 588 582
3 1202 599 597
3 640 652 651
3 618 1200 619
3 1202 597 596
3 598 603 608
3 575 600 582
3 605 600 586
3 563 576 606
3 601 610 607
3 602 610 628
3 572 607 616
3 617 620 619
3 612 613 609
3 575 592 604
3 613 592 603
3 1348 1347 1349
3 605 1347 1198
3 674 646 606
3 646 674 675
3 601 607 583
3 602 629 616
3 598 608 599
3 592 608 603
3 609 613 617
3 1387 1385 1199
3 632 628 610
3 602 607 610
3 637 628 638
3 611 671 690
3 613 612 604
3 614 612 609
3 592 613 604
3 613 603 617
3 1387 1386 1587
3 1350 1348 614
3 628 632 615
3 639 649 678
3 602 616 607
3 611 630 634
3 620 603 621
3 620 617 603
3 618 621 623
3 1200 627 1587
3 627 1200 626
3 1386 1199 614
3 621 603 598
3 619 620 618
3 624 623 621
3 618 620 621
3 622 623 624
3 622 672 691
3 624 621 598
3 622 691 626
3 598 599 1202
3 598 631 624
3 672 640 673
3 414 123 1235
3 622 626 623
3 626 625 627
3 625 700 717
3 755 756 627
3 632 610 587
3 628 615 638
3 629 602 637
3 637 633 649
3 643 671 611
3 630 611 690
3 635 673 651
3 696 693 645
3 646 641 587
3 667 641 668
3 633 638 648
3 629 643 611
3 611 634 616
3 584 634 630
3 1203 1204 658
3 635 653 657
3 736 732 734
3 727 725 726
3 628 637 602
3 649 643 629
3 669 648 638
3 637 638 633
3 678 633 688
3 671 680 650
3 631 1203 652
3 651 673 640
3 587 601 646
3 641 636 668
3 667 615 632
3 679 759 770
3 649 629 637
3 639 680 671
3 1390 1205 1213
3 656 653 644
3 657 663 635
3 701 695 697
3 758 674 606
3 636 641 646
3 647 668 683
3 759 642 766
3 669 638 615
3 679 648 642
3 678 649 633
3 639 643 649
3 713 650 680
3 782 650 713
3 652 640 624
3 653 651 644
3 631 652 624
3 644 651 652
3 656 644 658
3 831 828 829
3 1441 1447 1157
3 1442 783 1430
3 657 662 661
3 661 655 657
3 644 1203 658
3 662 656 1592
3 662 653 656
3 663 657 1238
3 658 1204 1205
3 656 658 1390
3 1213 1211 1593
3 1438 1443 1442
3 748 825 712
3 710 695 722
3 662 657 653
3 661 659 1614
3 1592 656 654
3 661 662 659
3 1238 657 655
3 660 698 665
3 1215 1223 1221
3 1149 1141 1143
3 665 645 672
3 663 665 673
3 707 666 728
3 704 676 683
3 641 667 632
3 669 642 648
3 704 683 668
3 667 668 647
3 647 677 667
3 615 677 669
3 743 721 642
3 747 774 802
3 639 671 643
3 650 681 690
3 672 645 692
3 640 672 622
3 663 673 635
3 672 673 665
3 758 606 571
3 675 674 666
3 707 684 706
3 646 675 636
3 706 636 675
3 1237 741 742
3 683 719 647
3 743 708 721
3 688 648 679
3 759 679 642
3 748 660 1238
3 779 767 685
3 745 639 678
3 639 711 680
3 814 782 713
3 1367 1364 1370
3 693 682 692
3 697 682 693
3 704 668 636
3 676 819 719
3 1234 344 1398
3 734 732 730
3 647 719 718
3 708 718 725
3 687 716 1239
3 686 762 815
3 695 701 722
3 722 750 670
3 648 688 633
3 679 678 688
3 1379 1194 1377
3 782 811 773
3 650 690 671
3 630 690 681
3 715 691 682
3 626 691 625
3 693 692 645
3 691 692 682
3 698 696 645
3 693 701 697
3 698 712 749
3 787 793 796
3 723 710 487
3 700 715 697
3 645 665 698
3 696 694 702
3 696 702 701
3 697 695 700
3 712 698 660
3 694 696 698
3 702 703 699
3 722 670 487
3 687 700 695
3 717 627 625
3 696 701 693
3 701 699 722
3 703 702 694
3 701 702 699
3 694 698 749
3 127 790 804
3 706 704 636
3 704 706 1247
3 849 1237 742
3 727 726 765
3 707 675 666
3 706 684 1247
3 1606 728 729
3 728 731 707
3 718 677 647
3 708 685 721
3 712 714 749
3 1383 811 813
3 722 699 750
3 816 681 650
3 745 711 639
3 711 686 713
3 772 686 711
3 487 417 723
3 711 713 680
3 774 764 749
3 748 712 660
3 764 703 694
3 691 715 625
3 697 715 682
3 687 710 716
3 723 752 716
3 1239 700 687
3 716 752 754
3 708 725 685
3 708 677 718
3 676 719 683
3 718 719 705
3 1394 581 1393
3 1395 344 373
3 710 687 695
3 765 798 727
3 751 723 417
3 487 710 722
3 716 710 723
3 627 717 755
3 717 1239 754
3 705 726 718
3 725 718 726
3 757 765 776
3 685 725 727
3 726 776 765
3 766 744 759
3 729 728 666
3 1845 731 728
3 758 729 666
3 578 1394 1606
3 734 737 733
3 739 733 737
3 1845 728 720
3 732 731 730
3 1843 1845 1846
3 707 732 684
3 819 832 797
3 736 684 732
3 1844 1925 1843
3 734 733 736
3 1327 1533 498
3 1527 1288 1111
3 739 741 733
3 684 736 848
3 1925 734 730
3 1660 1655 735
3 1662 1661 1670
3 865 866 853
3 735 739 737
3 1507 1263 1262
3 1283 883 1507
3 833 834 776
3 738 741 739
3 741 740 742
3 807 833 776
3 849 742 850
3 642 669 743
3 708 743 669
3 767 721 685
3 769 780 1251
3 679 770 768
3 1403 1402 812
3 771 761 770
3 768 745 678
3 1612 1408 1412
3 784 747 775
3 1246 664 1495
3 827 825 826
3 774 749 714
3 694 749 764
3 703 786 699
3 785 703 784
3 367 751 417
3 751 442 752
3 442 415 753
3 752 753 754
3 440 414 753
3 754 753 414
3 1235 754 414
3 754 724 755
3 754 755 717
3 756 755 724
3 1387 756 1588
3 1387 1588 1385
3 875 884 821
3 835 777 808
3 674 758 666
3 578 758 571
3 766 642 721
3 771 770 1240
3 4161 767 779
3 744 766 778
3 856 780 771
3 867 1486 763
3 745 769 781
3 1400 686 772
3 745 768 769
3 767 766 721
3 776 726 705
3 127 670 750
3 778 766 760
3 757 808 798
3 779 685 727
3 766 767 760
3 679 768 678
3 769 768 761
3 761 771 780
3 763 1400 772
3 1240 759 744
3 768 770 761
3 822 810 824
3 761 780 769
3 781 711 745
3 772 781 1250
3 1194 1367 1372
3 782 816 650
3 714 817 802
3 764 774 747
3 787 789 793
3 805 289 804
3 819 797 807
3 776 705 807
3 777 798 808
3 838 799 810
3 810 778 760
3 744 778 822
3 798 779 727
3 843 777 835
3 854 837 771
3 772 1250 763
3 1250 781 769
3 711 781 772
3 815 800 814
3 816 782 1381
3 783 802 817
3 827 817 825
3 747 784 764
3 785 784 775
3 775 789 785
3 750 786 790
3 703 785 786
3 803 790 786
3 775 831 793
3 174 1115 1413
3 803 789 792
3 1241 805 794
3 747 828 831
3 792 789 787
3 804 790 788
3 127 750 790
3 747 802 828
3 1408 795 1412
3 792 787 1243
3 792 788 803
3 775 793 789
3 791 1609 796
3 806 1243 796
3 178 1241 180
3 830 1412 1609
3 1113 1410 1411
3 791 796 793
3 796 795 806
3 797 832 850
3 872 797 850
3 757 798 765
3 779 798 777
3 838 810 839
3 842 846 799
3 1242 1406 130
3 1724 1383 1583
3 1374 1372 1368
3 560 1197 1388
3 714 802 774
3 828 802 1443
3 803 785 789
3 788 790 803
3 805 804 788
3 804 289 1164
3 794 805 788
3 289 805 178
3 1408 1244 1407
3 1413 1414 1245
3 819 807 705
3 874 820 1259
3 834 757 776
3 799 838 842
3 871 869 824
3 856 858 780
3 841 779 777
3 824 810 799
3 814 811 782
3 800 1403 811
3 1403 800 1402
3 800 1405 1402
3 689 1583 1404
3 815 814 713
3 811 814 800
3 686 815 713
3 815 762 1405
3 1381 782 773
3 816 801 4169
3 825 714 712
3 817 714 825
3 827 1429 1430
3 1625 818 1623
3 719 819 705
3 819 676 832
3 866 820 874
3 851 821 835
3 757 852 808
3 882 893 892
3 810 822 778
3 822 809 837
3 777 843 841
3 844 840 842
3 799 846 871
3 822 824 809
3 748 1238 1246
3 1246 825 748
3 861 826 1248
3 783 817 827
3 861 827 826
3 1429 861 847
3 1443 802 783
3 829 828 818
3 1625 1610 829
3 829 791 831
3 1623 1624 1729
3 1613 1611 1726
3 793 831 791
3 775 747 831
3 848 832 676
3 832 849 850
3 1259 807 797
3 833 820 834
3 834 820 865
3 865 864 876
3 852 851 835
3 841 843 823
3 836 852 864
3 901 900 905
3 1255 870 1253
3 771 837 856
3 839 810 760
3 844 842 838
3 839 4161 841
3 823 838 839
3 840 844 868
3 869 809 824
3 823 839 841
3 839 760 4161
3 844 838 823
3 932 892 886
3 821 1261 835
3 877 868 844
3 843 1260 823
3 877 859 868
3 840 868 882
3 1499 1500 1505
3 840 846 842
3 871 846 1267
3 1590 1589 1391
3 1107 1708 6
3 676 704 1247
3 736 1237 849
3 832 848 849
3 736 849 848
3 740 873 742
3 873 872 850
3 852 835 808
3 880 875 851
3 876 757 834
3 851 852 836
3 1259 872 874
3 863 875 880
3 1240 854 771
3 822 854 744
3 870 809 869
3 4164 746 1252
3 837 857 856
3 856 857 858
3 1255 837 809
3 1506 857 1253
3 855 1506 1253
3 1252 1486 1494
3 821 851 875
3 891 910 903
3 929 913 931
3 1503 1257 1506
3 1248 826 1495
3 1428 1429 847
3 883 873 740
3 909 905 935
3 853 965 969
3 863 899 887
3 852 757 876
3 970 853 969
3 866 865 820
3 864 865 853
3 984 971 977
3 899 901 888
3 1494 1251 858
3 867 1251 1494
3 877 844 1260
3 859 885 882
3 871 824 799
3 870 869 860
3 934 1256 860
3 855 1253 870
3 1267 846 845
3 869 871 860
3 850 742 873
3 874 872 862
3 883 740 1507
3 872 873 1275
3 874 862 977
3 820 833 1259
3 880 851 836
3 887 884 875
3 865 876 834
3 852 876 864
3 1261 877 1260
3 884 890 821
3 890 884 881
3 845 846 892
3 966 993 979
3 1275 883 1276
3 1264 900 907
3 953 956 949
3 901 907 900
3 882 885 878
3 859 882 868
3 882 878 893
3 741 1263 740
3 978 977 862
3 887 875 863
3 910 890 881
3 889 881 887
3 897 904 939
3 894 886 893
3 913 929 898
3 887 899 889
3 881 884 887
3 896 903 911
3 885 859 902
3 911 903 889
3 881 889 903
3 859 877 890
3 890 877 1261
3 901 936 888
3 909 927 936
3 846 840 892
3 882 892 840
3 894 893 878
3 892 893 886
3 897 894 878
3 925 845 932
3 878 904 897
3 891 896 915
3 2431 2432 2272
3 1267 934 860
3 904 878 885
3 900 948 935
3 931 894 897
3 913 898 925
3 907 901 899
3 888 889 899
3 961 959 960
3 953 909 935
3 907 899 863
3 935 948 926
3 859 890 910
3 912 904 885
3 911 889 888
3 910 891 902
3 902 912 885
3 912 902 891
3 896 911 916
3 1266 888 936
3 925 932 913
3 886 894 913
3 880 1264 863
3 900 1264 908
3 965 971 963
3 955 926 948
3 920 922 914
3 905 936 901
3 903 910 881
3 859 910 902
3 918 914 916
3 891 915 938
3 896 891 903
3 937 912 938
3 945 895 944
3 916 915 896
3 922 923 1265
3 918 920 914
3 950 938 923
3 911 1266 918
3 915 916 914
3 982 927 909
3 1030 976 957
3 911 918 916
3 1508 920 918
3 953 968 909
3 939 941 895
3 1508 918 917
3 1796 919 1795
3 992 1044 1048
3 2426 1908 1803
3 1796 920 919
3 921 1270 922
3 924 931 945
3 937 904 912
3 941 944 895
3 930 1268 929
3 946 925 898
3 845 925 934
3 958 908 960
3 980 949 956
3 909 968 982
3 888 1266 911
3 950 951 1271
3 937 939 904
3 931 913 894
3 929 924 2433
3 2273 1913 2274
3 922 1270 923
3 945 897 895
3 929 931 924
3 892 932 845
3 913 932 886
3 898 1268 1631
3 1499 855 1256
3 946 934 925
3 1499 1501 1503
3 900 935 905
3 926 956 953
3 909 936 905
3 936 927 1266
3 912 891 938
3 939 937 928
3 938 915 1265
3 928 937 938
3 942 941 939
3 939 895 897
3 940 941 942
3 950 1271 942
3 942 939 928
3 1910 944 940
3 928 950 942
3 1270 950 923
3 940 1814 1813
3 2273 943 1911
3 940 944 941
3 943 2274 945
3 945 931 897
3 943 945 944
3 947 933 906
3 930 933 1268
3 933 1504 1631
3 1067 1078 1075
3 908 958 900
3 948 958 955
3 955 973 972
3 1272 976 1273
3 938 950 928
3 950 1270 951
3 1066 1082 1106
3 942 954 940
3 962 959 964
3 966 952 962
3 926 953 935
3 949 975 968
3 1538 1081 1662
3 1536 1066 1106
3 948 900 958
3 955 952 973
3 979 973 952
3 972 967 985
3 980 974 995
3 987 957 975
3 908 961 960
3 952 955 958
3 965 853 866
3 960 962 958
3 908 1264 961
3 962 960 959
3 880 836 961
3 864 970 836
3 965 963 964
3 958 962 952
3 1302 1293 1301
3 964 966 962
3 965 964 959
3 964 963 966
3 965 959 969
3 965 866 971
3 984 1303 971
3 956 926 972
3 1001 973 979
3 1000 967 1001
3 949 968 953
3 968 957 976
3 959 961 969
3 970 961 836
3 853 970 864
3 961 970 969
3 866 977 971
3 984 983 1303
3 955 972 926
3 985 980 956
3 979 952 966
3 972 973 967
3 996 1013 1028
3 975 957 968
3 991 987 975
3 975 949 990
3 997 1030 957
3 1266 1272 917
3 874 977 866
3 1275 978 862
3 883 879 1276
3 978 1276 1277
3 963 971 1303
3 1024 1001 979
3 985 956 972
3 995 990 980
3 1033 1036 1029
3 987 997 957
3 968 976 982
3 982 976 1272
3 988 1017 1018
3 993 966 1016
3 977 978 984
3 1277 984 978
3 1000 994 985
3 974 980 985
3 1004 1008 1031
3 981 991 1013
3 975 990 991
3 981 1014 997
3 998 983 1019
3 974 985 994
3 1002 999 4162
3 1004 1006 1008
3 980 990 949
3 990 986 991
3 1028 1013 991
3 981 987 991
3 1037 1029 1043
3 1044 992 1014
3 963 1303 1016
3 1024 993 988
3 1000 985 967
3 994 1031 1025
3 974 1025 1034
3 986 990 995
3 989 1031 994
3 1014 992 997
3 981 997 987
3 992 1015 1030
3 998 1019 1018
3 988 993 1017
3 988 1018 1021
3 989 994 1000
3 967 973 1001
3 1002 1000 1001
3 1024 979 993
3 1002 1001 999
3 988 1021 1023
3 989 1000 1002
3 1002 1004 989
3 1004 1002 4162
3 1005 1006 1009
3 1004 1003 1006
3 1007 1775 1897
3 986 995 1027
3 1003 1633 1009
3 1006 1005 1008
3 1023 4162 1024
3 1305 1054 1045
3 1029 1072 1071
3 994 1025 974
3 1003 1009 1006
3 1069 1040 1055
3 1062 1063 1061
3 1050 1305 1032
3 1011 1901 1068
3 1103 1101 1102
3 1898 1009 1007
3 1012 1034 1032
3 1028 991 986
3 1013 996 1037
3 1037 996 1039
3 1036 1014 981
3 992 1048 1078
3 1508 1273 1274
3 963 1016 966
3 1017 1016 998
3 1016 1017 993
3 1018 1017 998
3 1278 1019 1277
3 1511 1633 1634
3 1277 1019 983
3 1300 1021 1022
3 1304 1021 1018
3 1293 1020 1300
3 1304 1018 1019
3 1023 1021 1020
3 1281 1278 1282
3 1299 1280 1281
3 1020 1302 1511
3 1023 1634 4162
3 1023 1024 988
3 1001 1024 999
3 1032 1025 1008
3 1034 1012 1027
3 1033 1073 1038
3 1012 1045 1035
3 1034 995 974
3 1035 1028 986
3 1027 1035 986
3 1035 1027 1012
3 1033 1029 1071
3 992 1078 1015
3 992 1030 997
3 976 1030 1015
3 1004 1031 989
3 1008 1025 1031
3 1313 1041 1311
3 1011 1899 1901
3 1090 1051 1310
3 921 951 1270
3 1034 1025 1032
3 995 1034 1027
3 1011 1068 1005
3 1070 1080 1035
3 1043 981 1013
3 1033 1044 1014
3 1039 1069 1055
3 1043 1029 1036
3 1057 1029 1037
3 1540 1787 1788
3 1038 1044 1033
3 1042 1039 1055
3 1059 1060 1047
3 1032 1049 1050
3 1039 1042 1058
3 1049 1005 1010
3 1306 1072 1060
3 1057 1039 1058
3 981 1043 1036
3 1013 1037 1043
3 1033 1014 1036
3 1038 1066 1048
3 1008 1049 1032
3 1079 1045 1054
3 1005 1009 1011
3 1052 1050 1010
3 1038 1048 1044
3 1071 1073 1033
3 1078 1048 1075
3 1005 1049 1008
3 1050 1049 1010
3 1053 1052 1010
3 1012 1305 1045
3 1079 1054 1086
3 1052 1054 1050
3 1068 1010 1005
3 1052 1051 1054
3 1089 1090 1310
3 1052 1053 1309
3 1088 1090 1092
3 1079 1070 1045
3 1069 1039 996
3 1055 1040 1063
3 1058 1059 1047
3 1793 1800 921
3 1039 1057 1037
3 1072 1057 1047
3 1059 1058 1042
3 1057 1058 1047
3 1062 1042 1063
3 1059 1042 1062
3 1060 1059 1065
3 1513 4165 1307
3 1524 1109 1105
3 1062 1065 1059
3 1063 1042 1055
3 1065 1062 2372
3 1040 1070 1079
3 1093 1103 1040
3 2135 2138 2133
3 1523 1530 1672
3 2372 1062 1061
3 1065 1064 4165
3 1648 1073 1076
3 270 1074 258
3 1778 1902 1777
3 1015 1274 1273
3 1041 1313 4174
3 1010 1068 1053
3 1080 996 1028
3 1070 1035 1045
3 1040 1069 1070
3 1070 1069 1080
3 1029 1057 1072
3 1071 1056 1073
3 1060 1072 1047
3 1056 1071 1072
3 1076 1073 1056
3 1646 1641 1106
3 1056 1306 1903
3 1524 1509 1515
3 1087 1514 1537
3 1066 1038 1082
3 1306 1077 1903
3 1785 1781 1783
3 1077 1306 1513
3 1516 1514 472
3 1066 1075 1048
3 1015 1078 1067
3 1088 1086 1054
3 1086 1096 1079
3 996 1080 1069
3 1035 1080 1028
3 1323 1520 1519
3 1540 1788 1790
3 1648 1038 1073
3 1534 1085 1329
3 1083 1133 1104
3 1106 1638 1536
3 1089 1315 1092
3 1079 1096 1040
3 1104 1539 1083
3 1537 1133 1659
3 1088 1054 1051
3 1096 1086 1097
3 1520 1539 1517
3 1531 1526 1286
3 1090 1088 1051
3 1086 1088 1092
3 1310 1051 1309
3 1084 1086 1092
3 1901 1309 1053
3 1090 1089 1092
3 1309 1091 1310
3 1898 1007 1897
3 1322 1320 1319
3 1314 1315 1089
3 1093 1097 1099
3 1099 1101 1093
3 1329 4166 1083
3 1308 4171 1094
3 2386 2185 19
3 1092 1316 1084
3 1097 1086 1084
3 1040 1096 1093
3 1084 1317 1099
3 1093 1096 1097
3 1315 1316 1092
3 1063 1103 1102
3 1084 1099 1097
3 1101 1098 2366
3 2176 2160 2174
3 2176 2169 2364
3 1098 1101 1099
3 1101 1100 1102
3 2184 1102 1100
3 1061 1063 1102
3 1040 1103 1063
3 1101 1103 1093
3 1308 1839 1841
3 1105 1521 1519
3 2674 2112 2837
3 1793 921 1796
3 1067 1075 1108
3 4214 1066 1536
3 1323 1526 1669
3 155 1532 154
3 1538 1094 1083
3 1902 1647 1648
3 1534 1533 1139
3 1514 1087 472
3 1539 1081 1538
3 951 921 1800
3 1516 1525 1105
3 346 1324 488
3 172 1112 147
3 1112 170 1113
3 174 1413 1415
3 1407 806 795
3 1112 1114 76
3 86 1114 1113
3 171 1115 174
3 179 1115 169
3 234 1116 230
3 245 1116 225
3 228 1117 224
3 231 241 1117
3 246 1118 244
3 249 251 1118
3 254 1119 236
3 243 1119 255
3 237 1120 299
3 248 1120 230
3 1121 329 316
3 304 343 1121
3 307 364 1122
3 353 1122 364
3 1128 1123 248
3 1126 1123 409
3 382 1124 387
3 384 1124 381
3 321 341 1125
3 241 1125 341
3 460 1126 409
3 369 1325 11
3 1074 270 200
3 243 409 1128
3 1123 1128 409
3 396 1129 385
3 389 1129 411
3 333 1130 390
3 394 1130 438
3 1132 1131 474
3 477 1131 496
3 474 473 1132
3 1133 1132 473
3 1081 1539 1520
3 1843 1842 1844
3 4157 1134 429
3 477 1134 452
3 429 1135 324
3 351 1135 497
3 336 1136 312
3 457 1136 349
3 357 1137 446
3 447 362 1137
3 480 373 1138
3 344 1138 373
3 4166 1085 476
3 1841 4171 1308
3 1140 439 1143
3 1144 1143 1147
3 1150 1146 1149
3 1141 1154 1158
3 1148 1711 1147
3 1142 1331 1144
3 439 1150 1149
3 1147 1143 1141
3 1143 1144 1140
3 1331 155 1144
3 1142 1711 1709
3 1532 116 154
3 488 1529 1153
3 1424 1432 1425
3 1148 1147 1141
3 1144 1147 1142
3 1141 1149 1154
3 2808 1141 1158
3 439 1149 1143
3 1146 1155 1154
3 439 1152 1150
3 1153 463 488
3 1151 1154 1155
3 1160 1337 1871
3 1169 1152 439
3 1153 1152 463
3 346 1475 1324
3 1153 1333 1334
3 1146 1154 1149
3 1159 1158 1154
3 1146 1333 1162
3 1155 1336 1163
3 1160 2806 1159
3 2799 2800 2801
3 1163 1544 1151
3 1155 1146 1162
3 1159 1154 1151
3 1156 2807 2808
3 1160 1159 1151
3 1156 1158 1159
3 1151 1155 1163
3 1871 1337 1552
3 1419 1416 1248
3 1544 1160 1151
3 1146 1150 1334
3 1335 1162 1157
3 1336 1155 1162
3 1546 1545 1161
3 1165 1164 286
3 804 1164 127
3 418 1165 286
3 1165 398 4158
3 447 1166 495
3 448 1166 360
3 1338 129 136
3 488 1168 346
3 439 1140 1170
3 109 1168 135
3 120 1169 152
3 152 1170 146
3 439 1170 1169
3 437 1171 436
3 377 1171 435
3 4159 1172 503
3 504 1172 375
3 24 1173 376
3 1172 1173 507
3 375 1356 1343
3 1354 1174 1353
3 115 1175 506
3 511 512 1175
3 1347 528 1198
3 517 486 1176
3 491 1177 1348
3 536 1182 1185
3 1187 1190 1181
3 1353 1179 532
3 430 1356 375
3 455 1180 403
3 546 1180 405
3 539 544 1357
3 1186 1187 1181
3 403 547 1182
3 1183 1182 547
3 539 1183 547
3 1183 1181 1185
3 1184 1358 1188
3 1187 1184 1188
3 1190 1192 1181
3 543 1359 126
3 539 1186 1183
3 1187 1186 1184
3 1190 1193 1189
3 1192 1190 1189
3 1184 1357 1358
3 1366 1364 1365
3 1190 1362 1193
3 1582 1193 1369
3 1362 1187 1188
3 1571 1189 1569
3 564 1578 1188
3 1363 1365 1191
3 1178 1351 1361
3 1192 1360 1181
3 1362 1190 1187
3 1365 1369 1191
3 1375 1382 1373
3 1189 1582 1379
3 567 1195 541
3 551 1195 574
3 581 578 1196
3 578 550 1196
3 579 1197 557
3 1197 584 1388
3 528 525 1198
3 570 1198 525
3 1350 128 1565
3 614 609 1386
3 626 1200 618
3 1587 627 756
3 4169 1580 1371
3 1191 1362 1363
3 1204 1202 596
3 598 1202 631
3 652 1203 644
3 1204 1203 631
3 1202 1204 631
3 1205 1204 596
3 1222 594 1218
3 1205 596 1206
3 589 1214 1209
3 594 1209 1208
3 585 589 1212
3 597 1206 596
3 1219 1209 1217
3 1205 1211 1213
3 1207 1223 1219
3 590 594 593
3 1224 1211 1206
3 1392 1593 1594
3 1222 593 594
3 1211 1210 1593
3 1209 1214 1217
3 139 589 585
3 1211 595 1210
3 1213 654 1390
3 1224 1218 1221
3 1213 1589 654
3 1218 1224 1225
3 1229 1232 1230
3 1246 1495 826
3 861 1416 847
3 1221 1218 1215
3 1218 1208 1215
3 1228 1230 1227
3 1208 1219 1215
3 1227 1221 1223
3 1219 1223 1215
3 1224 1221 595
3 1225 1222 1218
3 591 1222 597
3 1221 1227 595
3 1211 1224 595
3 1224 1206 1225
3 1206 597 1225
3 1222 1225 597
3 1228 1223 1226
3 1223 1207 1226
3 1229 1230 1220
3 2299 355 2298
3 1223 1228 1227
3 1772 1602 1601
3 595 1232 1233
3 1220 1230 1228
3 1231 1232 1229
3 1772 2293 1602
3 1594 1216 1392
3 1233 1232 1231
3 595 1227 1232
3 1594 1233 1231
3 595 1233 1210
3 344 1234 1393
3 1395 1398 344
3 1588 1235 483
3 754 1235 724
3 1396 498 1533
3 1139 1328 1085
3 736 733 1237
3 741 1237 733
3 663 1238 660
3 1246 1238 655
3 1239 717 700
3 716 754 1239
3 759 1240 770
3 854 1240 744
3 805 1241 178
3 1414 1241 794
3 1242 812 1402
3 1405 1406 1402
3 792 1243 794
3 796 1243 787
3 1411 86 1113
3 170 1415 1410
3 1409 806 1407
3 1410 1245 1409
3 664 1246 655
3 825 1246 826
3 684 848 1247
3 676 1247 848
3 1419 1420 1417
3 1416 1419 1418
3 847 1425 1427
3 1333 1466 1162
3 1251 1250 769
3 763 1250 867
3 858 1251 780
3 1250 1251 867
3 1506 1258 857
3 1498 1492 763
3 857 837 1255
3 870 1256 855
3 860 1256 870
3 4164 4163 746
3 870 1255 809
3 857 1255 1253
3 1629 946 1500
3 1256 1629 1499
3 4164 1258 1257
3 857 1258 858
3 1494 1258 1252
3 807 1259 833
3 872 1259 797
3 823 1260 844
3 1261 1260 843
3 835 1261 843
3 890 1261 821
3 1523 1284 1527
3 1280 1278 1281
3 741 738 1263
3 1848 1263 738
3 863 1264 907
3 961 1264 880
3 922 1265 914
3 938 1265 923
3 1272 1266 927
3 918 1266 917
3 871 1267 860
3 845 934 1267
3 929 1268 898
3 933 930 2432
3 1502 1505 1500
3 947 1269 1504
3 4215 1108 4214
3 942 1271 954
3 982 1272 927
3 1273 976 1015
3 1015 1067 1274
3 917 1272 1273
3 1794 1274 1067
3 919 920 1508
3 872 1275 862
3 883 1275 873
3 1277 1276 879
3 1275 1276 978
3 1277 879 1278
3 1277 983 984
3 1283 1279 1282
3 1304 1280 1022
3 1668 1296 1297
3 1281 1285 1289
3 1019 1278 1280
3 879 1282 1278
3 1285 1281 1279
3 1289 1291 1299
3 1283 1282 879
3 1279 1281 1282
3 883 1283 879
3 1848 1298 1262
3 1285 1288 1284
3 1291 1293 1300
3 1668 1288 1296
3 1290 1289 1285
3 1279 1297 1296
3 1662 1081 1661
3 1523 1294 1284
3 1290 1294 1287
3 1279 1296 1285
3 1526 1521 1528
3 1290 1285 1284
3 1291 1289 1287
3 1527 1518 1523
3 1287 1289 1290
3 1291 1287 1293
3 1299 1022 1280
3 1007 1633 1775
3 1775 1633 1512
3 1294 1697 1301
3 1287 1301 1293
3 1284 1294 1290
3 1292 1697 1294
3 1295 1697 1696
3 1293 1302 1020
3 1262 1298 1283
3 1288 1285 1296
3 1671 1848 738
3 1538 1662 1308
3 1297 1279 1298
3 1279 1283 1298
3 1289 1299 1281
3 1022 1299 1291
3 1021 1300 1020
3 1291 1300 1022
3 1294 1301 1287
3 1302 1301 1295
3 1302 1295 1632
3 1020 1511 1023
3 983 998 1303
3 1016 1303 998
3 1280 1304 1019
3 1021 1304 1022
3 1032 1305 1012
3 1054 1305 1050
3 1072 1306 1056
3 1513 1306 1060
3 1826 1833 1828
3 1526 1528 1286
3 1520 1323 1081
3 1524 1515 1109
3 1052 1309 1051
3 1312 1311 1314
3 1313 1310 1091
3 1312 1089 1310
3 1314 1311 1046
3 1312 1310 1313
3 1313 1091 4174
3 1311 1312 1313
3 1321 1314 1046
3 1089 1312 1314
3 1098 1099 1317
3 1320 1316 1315
3 1317 1316 1318
3 1084 1316 1317
3 1320 1318 1316
3 2840 2369 2839
3 1317 1318 2682
3 1321 1320 1315
3 1319 1320 1321
3 1319 1095 1322
3 1314 1321 1315
3 1319 1321 1046
3 1095 1318 1322
3 1318 1320 1322
3 1637 1656 1666
3 1907 1271 951
3 1543 1332 1458
3 1324 1529 488
3 1326 1325 399
3 1127 11 1325
3 235 258 1326
3 1074 1326 258
3 358 1327 498
3 1328 1327 351
3 1085 1328 476
3 1327 1328 1139
3 1329 1094 1534
3 4171 1533 1534
3 1139 1085 1534
3 1841 1395 1396
3 1331 1708 1107
3 1622 1620 1621
3 1427 1426 1428
3 1529 1333 1153
3 1458 1466 1543
3 1153 1334 1150
3 1333 1146 1334
3 1436 1423 1434
3 1163 1335 1161
3 1162 1335 1336
3 1335 1163 1336
3 1447 1451 1453
3 1546 1552 1337
3 1338 136 1339
3 448 360 1338
3 1561 1340 145
3 1340 1559 145
3 375 1343 504
3 1339 1340 4167
3 1344 1174 133
3 1339 1341 1338
3 1353 1343 1179
3 492 1345 491
3 1174 1344 1342
3 1346 1345 506
3 528 1346 512
3 1345 1346 1177
3 1349 605 586
3 1177 528 1347
3 614 1199 1350
3 1177 1347 1348
3 605 1349 1347
3 614 1349 586
3 128 1350 1199
3 491 1348 1350
3 1577 537 126
3 1570 532 1351
3 519 1352 453
3 537 1179 1352
3 1354 1353 532
3 1343 1353 1174
3 1351 1566 1570
3 133 1174 1354
3 1722 1355 1572
3 1354 1573 133
3 1352 1356 453
3 1343 1356 1179
3 1357 545 1358
3 1184 539 1357
3 545 508 1575
3 564 1188 1358
3 536 1185 1359
3 1360 1359 1185
3 1181 1360 1185
3 1360 1192 1361
3 1361 1192 1571
3 1351 537 1577
3 1363 1362 1188
3 1193 1362 1191
3 566 1579 564
3 1201 1581 1366
3 630 1389 1201
3 1367 1369 1365
3 1365 1363 1578
3 1367 1365 1364
3 1366 1365 1578
3 1366 560 1388
3 1371 1368 1370
3 1367 1194 1369
3 1375 1373 1374
3 1370 1372 1367
3 1369 1194 1582
3 1191 1369 1193
3 1371 1370 1364
3 1370 1368 1372
3 1581 1371 1364
3 4169 1371 1389
3 1368 1375 1374
3 1377 1374 1378
3 1574 1573 1570
3 1377 1194 1372
3 1368 1580 1375
3 1374 1373 1378
3 801 1381 1375
3 1381 1382 1375
3 1373 1724 1586
3 1566 1178 1568
3 1374 1377 1372
3 1377 1376 1379
3 1584 1583 689
3 1377 1378 1376
3 1380 1376 1378
3 1189 1379 1569
3 1724 1584 1586
3 1567 1720 1721
3 816 1381 801
3 1382 1381 773
3 773 1383 1382
3 689 1384 1584
3 811 1383 773
3 813 1404 1583
3 1384 1585 1584
3 4172 150 1721
3 1385 483 123
3 128 1199 1385
3 619 1587 609
3 1386 609 1587
3 756 724 1588
3 1199 1386 1387
3 630 1388 584
3 1366 1388 1201
3 4169 1389 681
3 1581 1389 1371
3 656 1390 654
3 1205 1390 658
3 1424 1439 1421
3 1422 1420 664
3 1595 1392 1216
3 1589 1392 1391
3 344 1393 371
3 1394 1393 1234
3 720 1394 1234
3 578 581 1394
3 1396 1395 373
3 1236 1397 1398
3 498 1396 373
3 1396 1330 1841
3 1236 1840 1842
3 1234 1397 1846
3 1236 1398 1395
3 1234 1398 1397
3 1492 1401 1400
3 867 1494 1486
3 686 1400 762
3 1492 1498 1399
3 1498 763 1486
3 130 1406 1401
3 815 1405 800
3 1404 1403 812
3 811 1403 813
3 762 1400 1401
3 1403 1404 813
3 1401 1406 1405
3 1402 1406 1242
3 1405 762 1401
3 1408 1407 795
3 1409 1407 1244
3 1609 1412 795
3 1607 1408 95
3 1410 1409 1244
3 806 1409 1245
3 1410 1244 1411
3 1410 1113 170
3 1244 1607 1411
3 1411 1607 1608
3 1611 1412 830
3 1408 1612 95
3 1414 1413 180
3 1415 1413 1245
3 1241 1414 180
3 806 1414 794
3 1410 1415 1245
3 170 174 1415
3 861 1248 1416
3 1419 1248 1420
3 1444 1456 1463
3 847 1416 1418
3 1424 1418 1417
3 1425 847 1418
3 1420 1248 664
3 1417 1418 1419
3 1422 664 1614
3 1456 1454 1462
3 1439 1444 1431
3 1457 1473 1421
3 1590 654 1589
3 1444 1454 1456
3 1432 1434 1423
3 1440 1437 1426
3 1417 1444 1439
3 1432 1424 1421
3 1424 1425 1418
3 1427 1425 1440
3 1437 1440 1436
3 1426 1437 1448
3 1440 1425 1423
3 1426 1469 1428
3 1428 1249 1429
3 847 1427 1428
3 1430 1429 1249
3 827 861 1429
3 4170 1442 1249
3 827 1430 783
3 1464 1445 1457
3 1615 1449 1451
3 1473 1474 1421
3 1425 1432 1423
3 1421 1439 1457
3 1546 1161 1547
3 1474 1432 1421
3 1433 1452 1436
3 1453 1549 1335
3 1446 1437 1435
3 1433 1436 1434
3 1436 1435 1437
3 1447 1441 1446
3 1446 1448 1437
3 1249 1428 1469
3 1477 1460 1476
3 1417 1439 1424
3 1431 1464 1457
3 1427 1440 1426
3 1436 1440 1423
3 1450 1441 1458
3 1448 1441 1450
3 1249 1442 1430
3 1438 1624 1443
3 828 1443 818
3 783 1442 1443
3 1420 1454 1417
3 1444 1417 1454
3 1463 1431 1444
3 1493 1465 1445
3 1447 1446 1435
3 1448 1446 1441
3 1447 1435 1451
3 1157 1447 1453
3 1458 1441 1157
3 1468 1469 1448
3 1451 1452 1615
3 1434 1474 1433
3 1467 1450 1332
3 1476 1468 1467
3 1452 1451 1435
3 1453 1451 1449
3 1436 1452 1435
3 1433 1461 1615
3 1449 1547 1549
3 1453 1335 1157
3 1422 1462 1420
3 1489 1470 1485
3 1479 1484 1481
3 1472 1431 1463
3 1454 1420 1462
3 1456 1455 1463
3 1431 1457 1439
3 1445 1465 1473
3 1466 1458 1157
3 1332 1450 1458
3 1475 1622 1467
3 1725 1623 1480
3 1460 1477 4170
3 1448 1450 1468
3 1493 1445 1491
3 1549 1547 1161
3 1470 1462 1422
3 1456 1462 1489
3 1484 1478 1455
3 1463 1455 1478
3 1464 1431 1472
3 1731 1733 1735
3 1445 1483 1491
3 1474 1616 1433
3 1162 1466 1157
3 1466 1333 1543
3 1475 1467 1332
3 1476 1467 1459
3 1467 1468 1450
3 1469 1468 1460
3 1469 1460 4170
3 1448 1469 1426
3 1591 659 1590
3 1597 1485 1391
3 1399 1498 1628
3 1445 1464 1483
3 1479 1478 1484
3 1478 1479 1738
3 1445 1473 1457
3 1465 1616 1474
3 1474 1434 1432
3 1465 1474 1473
3 1475 1332 1529
3 1475 346 1620
3 1477 1476 1459
3 1468 1476 1460
3 1480 1729 1459
3 1477 1438 4170
3 1485 1484 1455
3 1601 1602 1216
3 1478 1734 1463
3 1545 1546 1337
3 118 1621 1620
3 1725 118 1611
3 1392 1595 1391
3 1256 934 1629
3 1730 1491 1483
3 1547 1550 1554
3 1731 1464 1472
3 1730 1626 1490
3 1455 1489 1485
3 1479 1481 1599
3 1391 1485 1470
3 1481 1484 1485
3 1481 1597 1596
3 1471 1746 1748
3 1493 1487 1617
3 1490 1626 1471
3 1433 1616 1461
3 1879 1881 2317
3 1456 1489 1455
3 1470 1489 1462
3 1884 1491 1488
3 1258 1494 858
3 1731 1735 1742
3 1493 1491 1884
3 1743 1471 1741
3 1497 130 1401
3 664 1248 1495
3 1627 1748 1744
3 1497 1492 1399
3 1488 1491 1490
3 1492 1400 763
3 1496 1628 746
3 1492 1497 1401
3 1628 1486 1252
3 1496 1399 1628
3 1503 1501 1254
3 933 947 1504
3 1499 1503 855
3 1502 1500 1630
3 1499 709 1501
3 1257 1503 1254
3 1630 1500 946
3 1505 1502 709
3 1502 1630 1269
3 1504 1630 1631
3 709 1499 1505
3 1503 1506 855
3 1506 1257 1258
3 1263 1507 740
3 1283 1507 1262
3 1273 1508 917
3 919 1508 1274
3 1295 1301 1697
3 1323 1519 1521
3 1682 1510 1696
3 1512 1511 1302
3 1512 1633 1511
3 1774 1512 1302
3 1896 1512 1774
3 4165 1513 1060
3 2126 1513 1307
3 1517 1537 1514
3 1526 1323 1521
3 1519 1520 1517
3 1528 1515 1527
3 4166 476 496
3 1542 1518 1515
3 1905 1784 1915
3 1659 1133 473
3 1528 1109 1515
3 1532 1145 116
3 1105 1519 1516
3 1514 1516 1519
3 1922 1923 2741
3 1525 1509 1524
3 2130 2148 2681
3 1515 1509 1542
3 6 1145 1107
3 1109 1528 1521
3 1528 1527 1111
3 155 1331 1110
3 1525 1524 1105
3 1509 1522 1542
3 1523 1518 1530
3 1286 1111 1288
3 1530 1518 1542
3 1670 1840 1839
3 1521 1105 1109
3 1542 1522 1530
3 1848 1671 1847
3 6 1708 1712
3 1333 1529 1543
3 1160 1544 1337
3 1530 15 1672
3 1110 1107 1145
3 1531 1657 1669
3 1527 1515 1518
3 1545 1163 1161
3 1396 1533 1330
3 1475 1529 1324
3 1543 1529 1332
3 1083 1094 1329
3 1539 1104 1517
3 1790 1791 1108
3 1638 1641 1640
3 1133 1537 1104
3 472 1525 1516
3 1519 1517 1514
3 1531 1286 1668
3 1653 2441 1642
3 1108 1075 4214
3 1083 1539 1538
3 1288 1527 1284
3 1094 1538 1308
3 1127 1074 200
3 1111 1286 1528
3 1145 1532 1110
3 1294 1523 1292
3 1522 15 1530
3 1163 1545 1544
3 1337 1544 1545
3 1553 1547 1554
3 1552 1558 1548
3 1449 1550 1547
3 1617 1619 1616
3 1753 1944 1942
3 1716 1872 2627
3 1335 1549 1161
3 1449 1549 1453
3 1615 1550 1449
3 1461 1619 1554
3 2319 1556 1557
3 1556 1558 1553
3 1553 1546 1547
3 1872 1548 2631
3 1553 1551 1556
3 1546 1553 1558
3 1461 1554 1550
3 1551 1553 1554
3 1554 1619 1551
3 1942 1941 1627
3 1556 1551 1728
3 1558 1556 1555
3 1618 1487 1883
3 1748 1887 1490
3 1558 1555 2638
3 1558 1552 1546
3 129 1559 136
3 1717 121 141
3 1719 1560 306
3 145 1562 1561
3 145 1717 1562
3 1564 1561 466
3 1719 1563 1876
3 466 1561 1562
3 466 151 1564
3 1876 1560 1719
3 151 4167 4168
3 1565 128 134
3 491 1350 1565
3 1567 1568 1569
3 1572 1568 1567
3 1376 1720 1379
3 1567 1721 1878
3 1569 1568 1178
3 1572 1566 1568
3 1569 1178 1571
3 1569 1379 1720
3 1574 1355 1573
3 1572 1574 1566
3 1361 1571 1178
3 1189 1571 1192
3 1722 1878 150
3 1354 1570 1573
3 1566 1574 1570
3 1355 133 1573
3 1355 1574 1572
3 1576 1575 549
3 545 1575 1358
3 1576 549 540
3 1358 1576 564
3 126 1361 1577
3 1351 1577 1361
3 1188 1578 1363
3 1579 1578 564
3 560 1366 1579
3 1579 1366 1578
3 1375 1580 801
3 1368 1371 1580
3 1366 1581 1364
3 1389 1581 1201
3 1582 1189 1193
3 1194 1379 1582
3 813 1583 1383
3 1373 1380 1378
3 1585 1380 1586
3 4172 1384 1723
3 1586 1380 1373
3 1724 1373 1382
3 1584 1585 1586
3 1200 1587 619
3 1387 1587 756
3 1235 1588 724
3 1385 1588 483
3 1589 1213 1593
3 1590 1391 1470
3 1591 1590 1470
3 1592 659 662
3 1470 1422 1591
3 1591 1422 1614
3 654 1590 1592
3 659 1592 1590
3 1594 1593 1210
3 1589 1593 1392
3 1233 1594 1210
3 1594 1231 1605
3 1596 1595 1216
3 1597 1595 1596
3 1600 1596 1216
3 1481 1596 1599
3 1485 1597 1481
3 1391 1595 1597
3 1479 2294 1604
3 1599 2294 1479
3 1600 1599 1596
3 2116 2294 1600
3 1594 1605 1216
3 2116 1600 1602
3 1939 2297 1229
3 2116 2636 1604
3 1216 1602 1600
3 1886 2300 2295
3 1768 2292 1771
3 1768 2307 2292
3 1601 2297 1939
3 1735 1737 1740
3 2297 1605 1231
3 1216 1605 1601
3 578 1606 729
3 1394 720 1606
3 1408 1607 1244
3 1608 1607 95
3 97 1608 95
3 86 1608 90
3 796 1609 795
3 1610 1609 791
3 829 1610 791
3 830 1609 1610
3 1725 1611 830
3 1726 1611 118
3 1613 1412 1611
3 99 1612 98
3 98 1612 1613
3 1412 1613 1612
3 1614 664 655
3 1591 1614 659
3 1433 1615 1452
3 1550 1615 1461
3 1617 1465 1493
3 1616 1465 1617
3 1618 1617 1487
3 1619 1461 1616
3 1883 1884 1727
3 1618 1879 1728
3 1617 1618 1619
3 1619 1618 1728
3 482 1620 346
3 1725 1621 118
3 1480 1459 1621
3 1622 1621 1459
3 1467 1622 1459
3 1620 1622 1475
3 1625 830 1610
3 1624 1623 818
3 1443 1624 818
3 1729 1438 1477
3 818 1625 829
3 830 1625 1623
3 1731 1483 1464
3 1626 1483 1731
3 1761 1627 1744
3 1879 1557 1728
3 1486 1628 1498
3 746 1628 1252
3 946 1629 934
3 1499 1629 1500
3 1631 1630 946
3 1630 1504 1269
3 898 1631 946
3 933 1631 1268
3 1674 1292 1672
3 1510 1635 1896
3 1009 1633 1007
3 1633 1003 1634
3 4162 1634 1003
3 1511 1634 1023
3 1850 1510 1684
3 1851 1897 1850
3 1777 1903 2125
3 1638 1640 1535
3 1652 1666 1640
3 1665 1797 1789
3 1640 1641 1639
3 1535 1540 1638
3 1656 1642 1650
3 1809 1807 2698
3 1641 1638 1106
3 1637 1663 1656
3 1647 1646 1106
3 1641 1646 1644
3 1323 1669 1081
3 1816 1820 1651
3 1902 1903 1777
3 1644 1643 1778
3 1658 1780 1782
3 1639 1641 1644
3 1639 1779 1652
3 1670 1308 1662
3 1647 1106 1082
3 1644 1646 1643
3 1648 1647 1082
3 1643 1646 1647
3 1648 1082 1038
3 1648 1076 1902
3 1637 1914 1663
3 1653 1642 1667
3 2696 2697 2425
3 1537 1659 1087
3 1652 1649 1637
3 1820 1816 1818
3 1639 1652 1640
3 1916 1651 1820
3 1905 1815 1658
3 2275 1663 1651
3 1784 1905 1782
3 735 1655 739
3 1907 1804 954
3 1670 1661 1657
3 1815 1779 1658
3 1847 1671 1531
3 1816 1914 1815
3 1849 1660 1657
3 1644 1780 1639
3 1779 1780 1658
3 1669 1657 1661
3 1668 1286 1288
3 1671 738 1655
3 1656 1663 1667
3 1661 1081 1669
3 1670 1657 1660
3 1642 1664 1650
3 473 1087 1659
3 2275 1667 1663
3 1666 1650 1906
3 1665 1787 1906
3 1914 1637 1649
3 1666 1535 1640
3 1535 1787 1540
3 1805 2696 1807
3 1666 1652 1637
3 739 1655 738
3 1656 1650 1666
3 1847 1668 1297
3 1667 1642 1656
3 1840 1236 1839
3 1670 1660 1840
3 1526 1531 1669
3 1655 1660 1849
3 1672 1675 1674
3 1531 1671 1849
3 1523 1672 1292
3 1673 1674 1675
3 1678 1680 1673
3 1675 1672 15
3 1674 1673 1696
3 1707 1703 1704
3 1933 2288 1932
3 1679 1680 1683
3 1699 1685 1695
3 1680 1682 1673
3 15 1929 1930
3 1929 1677 1928
3 1926 1687 1689
3 1683 1686 1679
3 1682 1680 1679
3 1683 1680 1927
3 1686 1694 1679
3 1684 1682 1679
3 1510 1632 1696
3 1927 1680 1678
3 1691 1695 1689
3 1691 1692 1695
3 1684 18 1850
3 1926 1689 1686
3 1701 1684 1694
3 1702 1856 1707
3 1862 1860 1698
3 1681 1699 1692
3 1700 1686 1695
3 1684 1679 1694
3 1926 1686 1683
3 1691 1689 1854
3 1857 1707 1704
3 1692 1688 1681
3 1854 1689 1687
3 1692 1691 1690
3 1681 1688 1693
3 1692 1690 1688
3 1700 1695 1685
3 1693 1688 1703
3 1700 1701 1694
3 1689 1695 1686
3 1682 1696 1673
3 1295 1696 1632
3 1292 1674 1697
3 1696 1697 1674
3 1701 18 1684
3 1857 1704 1934
3 1692 1699 1695
3 1686 1700 1694
3 1688 1704 1703
3 1700 1685 1701
3 17 1705 1856
3 1704 1688 1690
3 1703 1707 1856
3 1690 1691 1854
3 1854 1934 1690
3 1858 1702 1707
3 1703 1705 1693
3 1855 1866 1931
3 1863 1864 1862
3 2879 1710 2881
3 1709 1331 1142
3 1541 1708 1709
3 1331 1709 1708
3 2881 2877 2878
3 1710 2835 2993
3 1147 1711 1142
3 1711 1148 2877
3 2881 1708 1541
3 1712 1870 6
3 1715 6 1870
3 4190 4188 4189
3 2834 2835 2880
3 1869 1714 1715
3 1872 1873 2627
3 2797 2802 2804
3 1875 454 449
3 1562 1717 1560
3 1875 1718 1874
3 1560 1874 306
3 1563 1719 12
3 1877 1376 1380
3 1569 1720 1567
3 1877 1720 1376
3 1721 1877 4172
3 1383 1724 1382
3 1572 1567 1878
3 4172 1585 1384
3 1584 1724 1583
3 1623 1725 830
3 1725 1480 1621
3 1726 118 482
3 1613 1726 98
3 1727 1938 1881
3 1943 1881 1882
3 1556 1728 1557
3 1619 1728 1551
3 1459 1729 1477
3 1623 1729 1480
3 1491 1730 1490
3 1483 1626 1730
3 1734 1732 1733
3 1472 1733 1731
3 2294 2116 1604
3 1742 1740 1741
3 1734 1733 1472
3 1735 1733 1732
3 1463 1734 1472
3 1732 1734 1478
3 1738 1736 1737
3 1735 1732 1737
3 2307 1768 2633
3 1626 1742 1741
3 1738 1737 1732
3 1893 1736 2115
3 1478 1738 1732
3 1479 1604 1885
3 1969 1981 1994
3 1743 1746 1471
3 1736 1740 1737
3 1740 1739 1741
3 1743 1741 1739
3 1471 1626 1741
3 1731 1742 1626
3 1740 1742 1735
3 1891 1768 1771
3 1747 1752 1754
3 1749 1743 1739
3 1751 1744 1747
3 1756 1750 1754
3 1746 1747 1744
3 1747 1746 1743
3 1748 1746 1744
3 1749 1747 1743
3 1754 1750 1751
3 1940 1887 1748
3 1490 1471 1748
3 1891 1749 1894
3 1745 1752 1888
3 1760 1889 1759
3 1751 1761 1744
3 1747 1749 1888
3 1761 1751 1889
3 1756 1757 1755
3 2123 2360 2121
3 1756 1759 1750
3 1760 1944 1889
3 1747 1754 1751
3 1757 1756 1754
3 1745 1762 1752
3 2121 1755 1770
3 1757 1754 1752
3 2360 1759 1756
3 1762 1757 1752
3 1757 1762 1767
3 1983 1967 1978
3 1943 1882 1941
3 2360 1756 1755
3 1759 1758 1760
3 2015 1890 2313
3 2319 2320 1555
3 1889 1751 1750
3 1627 1761 1753
3 1766 1762 1745
3 2678 2359 2677
3 1745 1749 1891
3 1757 1767 1773
3 1766 1771 1764
3 1764 1769 1766
3 1755 1757 1773
3 1745 1891 1771
3 1769 1767 1762
3 1769 1762 1766
3 1769 2117 2119
3 1604 2304 1885
3 1939 2298 2300
3 1764 2311 2117
3 2119 2117 2118
3 1765 2120 2678
3 2640 2646 2650
3 1745 1771 1766
3 2633 1768 1892
3 2293 2296 2116
3 2302 2296 1603
3 2677 1773 1767
3 1755 1773 1770
3 1302 1632 1774
3 1632 1510 1896
3 1896 1775 1512
3 1897 1775 1635
3 1852 1900 1851
3 1898 1899 1011
3 2126 1904 2125
3 1777 2128 1778
3 1778 1643 1902
3 1636 1644 1778
3 1652 1779 1649
3 1780 1779 1639
3 1636 1783 1644
3 1783 1781 1782
3 2125 1904 2128
3 1817 1821 1823
3 1783 1782 1780
3 1782 1781 1784
3 1644 1783 1780
3 1783 1636 1785
3 2149 2458 1785
3 1821 1817 1818
3 2131 2127 1307
3 1823 1824 1822
3 1786 1788 1789
3 1791 1786 1795
3 1535 1666 1906
3 1788 1787 1665
3 1789 1788 1665
3 1788 1786 1790
3 2697 1797 1799
3 1793 1801 1800
3 1791 1790 1786
3 1790 1108 4215
3 1793 1795 1786
3 1108 1791 1067
3 1803 1805 1807
3 1907 1798 1804
3 921 922 1796
3 1786 1789 1793
3 1274 1794 919
3 1067 1791 1794
3 919 1794 1795
3 1795 1794 1791
3 1796 922 920
3 1793 1796 1795
3 1799 1797 1665
3 1802 1798 1801
3 1789 1797 1801
3 1797 1802 1801
3 1906 1799 1665
3 1650 1664 2697
3 1801 1793 1789
3 951 1800 1798
3 1802 1797 1792
3 1800 1801 1798
3 1805 1802 1792
3 1798 1802 1804
3 2446 2447 2270
3 2429 1811 2268
3 1805 1804 1802
3 1804 1805 1908
3 1797 2697 1792
3 1805 1803 1908
3 2278 2438 2435
3 954 1814 940
3 2696 1805 1792
3 1806 2427 2269
3 2432 2431 906
3 2700 2705 1811
3 1809 1806 2269
3 2270 2279 2446
3 1807 1809 1803
3 1910 1813 1911
3 2437 1653 2435
3 2269 2429 2426
3 2426 1809 2269
3 954 1804 1908
3 1812 2429 1813
3 944 1910 943
3 954 1812 1814
3 1813 1814 1812
3 1816 1815 1654
3 1779 1815 1649
3 1818 1816 1654
3 1914 1651 1663
3 1821 1654 1915
3 1817 1918 1820
3 1654 1905 1915
3 1818 1817 1820
3 2282 1917 2739
3 1835 1822 1832
3 1817 1823 1827
3 1653 1667 2275
3 1654 1821 1818
3 1824 1823 1821
3 1831 1828 1819
3 1824 1832 1822
3 1824 1821 1819
3 1920 1827 1823
3 1824 1819 1828
3 1920 1835 1837
3 2276 2707 1916
3 1830 1918 1827
3 2124 1785 1636
3 1838 2460 1829
3 1920 1823 1822
3 1827 1825 1830
3 1819 1915 1831
3 1833 1832 1824
3 1829 1833 1838
3 1921 2715 2852
3 2443 2445 2454
3 2707 1830 2277
3 1781 2283 2284
3 1826 1828 1831
3 1833 1824 1828
3 2461 2463 1829
3 1833 1922 1838
3 1829 1832 1833
3 2460 2287 2286
3 1825 1827 1920
3 2463 1832 1829
3 1834 2456 1835
3 1923 1826 2281
3 2180 2192 2207
3 2456 1837 1835
3 2441 1919 2279
3 1922 1833 1826
3 1838 1836 2287
3 1841 1839 1236
3 1308 1670 1839
3 1660 735 1840
3 1236 1842 1397
3 1841 1236 1395
3 1841 1330 4171
3 735 1844 1840
3 1925 737 734
3 1845 1843 730
3 1397 1842 1843
3 1840 1844 1842
3 1925 735 737
3 731 1845 730
3 1846 1845 720
3 1234 1846 720
3 1843 1846 1397
3 1668 1847 1531
3 1848 1847 1297
3 1298 1848 1297
3 1848 1262 1263
3 1531 1849 1657
3 1655 1849 1671
3 1851 1850 18
3 1510 1850 1635
3 1899 1900 4174
3 1851 1776 1897
3 1928 1853 1927
3 1851 18 1852
3 1853 1933 1932
3 1931 1854 1687
3 1854 1706 1934
3 1855 1931 1932
3 1859 1857 1862
3 17 1856 1702
3 1703 1856 1705
3 1865 1867 1861
3 1858 1859 1698
3 1707 1857 1859
3 1859 1858 1707
3 4173 1865 1861
3 1863 1866 1865
3 1862 1698 1859
3 1865 1864 1863
3 16 1860 1864
3 1863 1862 1857
3 1866 1857 1706
3 16 1864 4173
3 1863 1857 1866
3 1860 1862 1864
3 1868 1676 1867
3 1931 1866 1706
3 1868 1866 1855
3 1868 1855 2288
3 1865 1866 1868
3 1865 1868 1867
3 3507 2998 3499
3 2993 1870 1710
3 1715 1870 1869
3 1872 1552 1548
3 1871 1716 2804
3 1716 1871 1872
3 1552 1872 1871
3 2317 2316 2319
3 2673 2675 2075
3 1875 141 454
3 306 1874 1718
3 1718 1875 449
3 141 1875 1874
3 466 1876 1563
3 1560 1876 1562
3 4172 1877 1380
3 1720 1877 1721
3 150 1878 1721
3 1572 1878 1722
3 1883 1879 1618
3 1881 1879 1727
3 2314 1948 1944
3 1880 1953 2316
3 1884 1938 1727
3 1880 2316 2317
3 1887 1488 1490
3 1940 1941 1882
3 1884 1883 1487
3 1879 1883 1727
3 1493 1884 1487
3 1938 1884 1488
3 1736 1738 1885
3 1479 1885 1738
3 2291 2304 2302
3 2115 2304 2633
3 1940 1748 1627
3 1938 1887 1882
3 1745 1888 1749
3 1752 1747 1888
3 1761 1889 1753
3 1759 1889 1750
3 2030 2015 2025
3 1973 1960 1964
3 1739 1894 1749
3 1739 1740 1893
3 1892 1893 2115
3 1768 1891 1892
3 1736 1893 1740
3 1894 1892 1891
3 1739 1893 1894
3 1892 1894 1893
3 1896 1635 1775
3 2648 2646 2122
3 1632 1896 1774
3 1897 1635 1850
3 1898 1897 1776
3 1899 1898 1776
3 1898 1011 1009
3 1900 1899 1776
3 1899 1091 1901
3 1851 1900 1776
3 4174 1852 1041
3 1309 1901 1091
3 1068 1901 1053
3 1902 1643 1647
3 1903 1902 1076
3 1903 1076 1056
3 2125 1903 1077
3 1064 2129 2131
3 2124 2361 2362
3 1815 1905 1654
3 1782 1905 1658
3 1906 1650 1799
3 1535 1906 1787
3 1271 1907 954
3 1798 1907 951
3 2732 1809 2270
3 954 1908 1812
3 2429 2269 1811
3 1913 1911 1909
3 940 1813 1910
3 1813 2268 1911
3 2271 1913 1808
3 943 1910 1911
3 1808 1913 1909
3 2273 2274 943
3 2272 2274 2430
3 1815 1914 1649
3 1651 1914 1816
3 1831 1915 1784
3 1821 1915 1819
3 2276 1820 1918
3 1820 2276 1916
3 1904 2126 2127
3 1904 2361 2124
3 1827 1918 1817
3 2276 1918 1830
3 2710 2708 2709
3 2450 2448 2445
3 1835 1920 1822
3 1825 1920 1837
3 2463 2464 1834
3 2845 2699 2447
3 1923 1922 1826
3 1836 1838 1922
3 2281 1826 1831
3 2282 2739 1923
3 2143 2144 2130
3 2712 2728 2714
3 1843 1925 730
3 735 1925 1844
3 1927 1926 1683
3 1926 1853 1932
3 1928 1927 1678
3 1926 1927 1853
3 1678 1675 1930
3 1933 1928 1677
3 1678 1930 1928
3 1930 1929 1928
3 15 1930 1675
3 1854 1931 1706
3 1932 1931 1687
3 1926 1932 1687
3 1928 1933 1853
3 1677 1676 1933
3 2288 1933 1676
3 1690 1934 1704
3 1706 1857 1934
3 1873 1872 2631
3 1997 1972 2016
3 1967 1983 1937
3 1952 1880 1943
3 1949 1936 1948
3 1950 1954 1955
3 1887 1938 1488
3 1881 1938 1882
3 2302 2304 2636
3 1772 1886 2293
3 1941 1940 1627
3 1882 1887 1940
3 1942 1627 1753
3 1943 1880 1881
3 1753 1889 1944
3 1944 1947 1942
3 1942 1945 1941
3 1954 1952 1945
3 2313 2315 2015
3 1942 1947 1945
3 1945 1936 1954
3 1943 1941 1945
3 1946 2312 1951
3 1948 1936 1947
3 1948 1947 1944
3 1936 1945 1947
3 2314 1944 1760
3 1948 1946 1949
3 1949 1946 1951
3 1955 1936 1956
3 1936 1949 1956
3 1880 1952 1953
3 1964 1981 1973
3 1958 1955 1956
3 1945 1952 1943
3 1953 1952 1950
3 1968 1950 1955
3 2320 2316 1953
3 1955 1954 1936
3 1952 1954 1950
3 1956 1957 1958
3 1968 1961 1966
3 1951 1957 1949
3 1956 1949 1957
3 1957 1962 1958
3 1958 1961 1955
3 1957 1964 1962
3 1967 2322 1963
3 2324 1971 1980
3 1959 1974 1976
3 1994 2006 1986
3 1965 1971 1984
3 1980 1970 2324
3 1974 1966 1961
3 1964 1957 1951
3 1960 1971 1962
3 1963 1966 1967
3 1950 2323 1953
3 1951 1890 1981
3 1960 1962 1964
3 1960 1973 1989
3 2036 2043 1972
3 1967 1966 1959
3 1968 1966 1963
3 1959 1978 1967
3 2322 1967 1937
3 1968 1963 2323
3 1961 1968 1955
3 2035 2042 2036
3 1977 1995 2008
3 1974 1961 1975
3 1970 1977 1976
3 1985 1988 1960
3 1980 1971 1965
3 1978 1982 1972
3 2016 2028 1997
3 1964 1951 1981
3 1988 1979 1984
3 1975 1961 1958
3 1976 1974 1970
3 2324 1958 1962
3 1970 1974 1975
3 1970 1980 1977
3 1978 1976 1982
3 2011 2325 1984
3 1976 1977 1982
3 1978 1972 1983
3 1959 1976 1978
3 1985 1989 1991
3 2011 2012 1996
3 1977 1980 1965
3 2324 1970 1975
3 2006 1994 1981
3 1969 1973 1981
3 1977 1965 1995
3 2008 1982 1977
3 1972 1997 2036
3 1972 2043 1983
3 1960 1984 1971
3 1984 1979 2011
3 1973 1969 1989
3 1994 2022 2017
3 2018 2026 2031
3 1972 1982 2016
3 1995 2009 1987
3 2008 2028 1982
3 1960 1988 1984
3 1993 1988 1985
3 1969 2017 1991
3 1960 1989 1985
3 2010 2045 2037
3 1991 1993 1985
3 1969 1991 1989
3 2026 2644 2329
3 2019 2020 2029
3 1937 1983 2336
3 2003 2020 2019
3 1988 1993 1979
3 2006 1981 1890
3 1994 1986 2022
3 1996 2325 2011
3 1995 1987 2008
3 2033 2034 2017
3 2816 2347 2812
3 2026 1992 2639
3 2008 2000 2028
3 2038 2019 2335
3 2011 1979 2012
3 2337 2057 2044
3 2042 2056 2002
3 2022 1986 1990
3 2019 1998 2003
3 1998 2019 2038
3 2327 2003 2000
3 2335 2054 2021
3 2028 2016 1982
3 2020 2023 2029
3 2010 1987 2009
3 2003 2028 2000
3 1993 1991 2027
3 2012 2005 2013
3 2022 2033 2017
3 1890 2015 2006
3 2030 1986 2006
3 2032 2018 2025
3 2334 2655 2333
3 1987 2010 2023
3 2629 2628 2057
3 2325 1995 1965
3 2010 2009 1996
3 2060 2013 2340
3 2003 2024 2028
3 1979 2326 2012
3 2325 1996 2009
3 2027 2047 1993
3 1996 2012 2052
3 2342 2326 2047
3 2037 2029 2023
3 2341 2065 2340
3 1993 2326 1979
3 1890 2312 2313
3 2039 1895 2032
3 2657 2656 2817
3 2049 2048 2035
3 1994 2017 1969
3 2329 1990 2031
3 2047 2027 2660
3 2026 2018 1992
3 2327 2008 1987
3 2029 2037 2054
3 2064 2065 2658
3 2039 2025 2015
3 2335 2029 2054
3 2070 2058 2069
3 1986 2031 1990
3 2035 1997 2024
3 2030 2031 1986
3 1895 2121 2122
3 2020 2327 2023
3 2048 1999 2035
3 2025 2039 2032
3 2018 2031 2025
3 2810 2882 2809
3 2062 2001 2061
3 2981 2666 2066
3 2330 1991 2017
3 2327 2020 2003
3 2028 2024 1997
3 2037 2045 2001
3 1998 2024 2003
3 2015 2030 2006
3 2031 2030 2025
3 2032 1992 2018
3 2655 2022 1990
3 2032 1895 2642
3 2031 2026 2329
3 2007 2027 2034
3 2334 2657 2655
3 2027 1991 2330
3 2048 2049 2041
3 2042 2035 1999
3 2035 2036 1997
3 2036 2002 2043
3 2010 2037 2023
3 2054 2037 2339
3 2073 2070 2074
3 2090 2349 2087
3 2015 1758 2039
3 2039 1758 2123
3 2347 2968 2345
3 2059 2001 2045
3 2041 2068 2050
3 1999 2048 2050
3 2056 2042 2071
3 2036 2042 2002
3 2043 2002 2337
3 1983 2043 2336
3 2057 2337 2056
3 2628 2632 2044
3 2010 1996 2052
3 2060 2059 2045
3 2059 2061 2001
3 2046 2339 2661
3 2660 2027 2007
3 2047 2040 2342
3 2049 2035 2024
3 2050 2048 2041
3 2024 1998 2049
3 2049 1998 2349
3 2081 2084 2080
3 2058 2073 2077
3 2050 2069 1999
3 2069 2058 2071
3 2013 2052 2012
3 2010 2052 2045
3 2344 2346 2658
3 2339 2062 2661
3 2339 2037 2001
3 2054 2046 2351
3 2358 2095 2113
3 2348 2055 2073
3 2071 2042 1999
3 2056 2051 2057
3 2051 2338 2057
3 2338 2629 2057
3 2068 2078 2050
3 2077 2051 2058
3 2060 2045 2052
3 2061 2059 2053
3 2013 2060 2052
3 2053 2059 2060
3 2053 2340 2064
3 2822 2099 2351
3 2064 2061 2053
3 2062 2061 2067
3 3221 3227 2986
3 2064 2067 2061
3 2053 2060 2340
3 2067 2064 3210
3 2341 2013 2005
3 2065 2341 2344
3 3234 2820 3236
3 3478 3649 2825
3 3210 2064 2063
3 2067 2066 2663
3 2021 2089 2038
3 2070 2050 2078
3 2070 2069 2050
3 2071 2058 2051
3 2081 2083 2091
3 2338 2051 2836
3 2056 2071 2051
3 1999 2069 2071
3 2058 2070 2073
3 2074 2070 2078
3 2079 2348 2074
3 2077 2073 2055
3 2081 2078 2068
3 2673 2075 2055
3 2075 2077 2055
3 2055 2674 2673
3 2091 2083 2076
3 2074 2076 2079
3 2076 2100 2103
3 2051 2077 2075
3 2076 2083 2100
3 2074 2078 2091
3 2112 2355 2110
3 2081 2085 2084
3 2084 2088 2080
3 2085 2082 2084
3 2081 2080 2083
3 2087 2038 2089
3 2098 2105 2106
3 2096 2083 2080
3 2100 2096 2102
3 2085 2081 2068
3 2093 2088 2084
3 2041 2090 2068
3 2038 2349 1998
3 2089 2082 2087
3 3872 3662 3871
3 2082 2085 2087
3 2090 2087 2085
3 2093 2084 2082
3 2086 3873 2088
3 2350 2821 2822
3 2088 2093 2086
3 2068 2090 2085
3 2041 2049 2349
3 2074 2091 2076
3 2081 2091 2078
3 2080 2104 2096
3 2104 2092 2096
3 2082 2089 2093
3 2089 2021 2099
3 2826 2668 2990
3 2086 2093 2105
3 2112 2829 2669
3 2102 2092 2113
3 2104 2088 2097
3 2102 2096 2092
3 3873 2107 3662
3 4212 4213 4211
3 2827 2098 2352
3 2086 2105 2107
3 2351 2099 2021
3 2099 2352 2106
3 2096 2100 2083
3 2092 4212 2113
3 2103 2100 2108
3 2103 2079 2076
3 2114 2111 2354
3 2111 2114 2101
3 2110 2079 2103
3 2100 2102 2108
3 2088 2104 2080
3 2092 2104 2097
3 2093 2089 2106
3 2105 2098 2826
3 2089 2099 2106
3 2099 2094 2352
3 2352 2353 2827
3 2107 2990 3660
3 2670 3 2356
3 2101 2109 2671
3 2055 2348 2355
3 2354 2103 2108
3 2671 2829 2111
3 2354 2110 2103
3 2113 2108 2102
3 2669 2670 2356
3 2356 2837 2669
3 2113 2095 2114
3 2113 2114 2108
3 2095 2101 2114
3 1885 2115 1736
3 1482 2117 2311
3 2305 2291 2302
3 2311 2306 2309
3 2119 2118 1765
3 1769 1764 2117
3 1763 2359 2120
3 2117 1482 2118
3 2678 2679 2119
3 2122 2121 4175
3 2677 2359 4175
3 2121 1770 4175
3 2123 2121 1895
3 2646 2648 2653
3 2642 2640 1992
3 2039 2123 1895
3 1758 1759 2360
3 1636 1778 2128
3 2146 1904 2134
3 2126 2125 1077
3 2128 1904 2124
3 1513 2126 1077
3 2126 1307 2127
3 2131 2132 2127
3 2127 2134 1904
3 1636 2128 2124
3 1777 2125 2128
3 2183 2370 1061
3 2132 2129 2135
3 2134 2132 2139
3 2680 1917 2458
3 1064 2131 1307
3 2132 2131 2129
3 1064 2371 2129
3 2132 2135 2139
3 2133 2138 2141
3 2143 2130 2146
3 2146 2134 2143
3 2127 2132 2134
3 2371 2138 2129
3 2133 2137 2139
3 2184 2365 2183
3 2157 2158 2162
3 2133 2141 2151
3 2740 2746 2745
3 2129 2138 2135
3 2182 2136 2175
3 2133 2139 2135
3 2139 2137 2143
3 2158 2156 2140
3 2151 2153 2133
3 2182 2138 2136
3 2140 2156 2151
3 2147 2142 2146
3 2142 2147 2149
3 2139 2143 2134
3 2144 2143 2137
3 2153 2150 2152
3 2144 2152 2155
3 2145 2151 2156
3 2144 2155 2148
3 2147 2146 2130
3 2146 2142 2361
3 2148 2130 2144
3 2363 2680 2147
3 2144 2137 2152
3 2154 2373 2508
3 2282 2283 2458
3 2362 1785 2124
3 2145 2161 2168
3 2374 2373 2154
3 2140 2151 2141
3 2145 2181 2153
3 2153 2152 2137
3 2155 2152 2374
3 2133 2153 2137
3 2153 2151 2145
3 2173 2181 2168
3 2192 2150 2173
3 2374 2152 2150
3 2155 2154 2747
3 2160 2162 2165
3 2170 2157 2162
3 2159 2163 2171
3 2158 2157 2163
3 2140 2165 2162
3 2158 2163 2161
3 2193 2186 2157
3 2207 2173 2164
3 2169 2365 2364
3 2177 2166 2170
3 2158 2161 2156
3 2159 2172 2168
3 2140 2162 2158
3 2160 2177 2170
3 2189 2211 2200
3 2159 2161 2163
3 2239 2225 2233
3 2229 2202 2201
3 2182 2140 2141
3 2183 2175 2136
3 2235 2389 2214
3 2690 2843 2390
3 2843 2485 2204
3 2172 2164 2168
3 2159 2168 2161
3 2173 2168 2164
3 2160 2165 2174
3 2174 2175 2169
3 2160 2170 2162
3 2170 2166 2187
3 2186 2163 2157
3 2178 2227 2237
3 2172 2159 2189
3 2189 2225 2211
3 2192 2173 2207
3 2181 2173 2150
3 2175 2174 2165
3 2176 2174 2169
3 2165 2140 2182
3 2370 2183 2136
3 2367 2366 1098
3 2683 2185 2177
3 2176 2838 2160
3 2368 2369 2683
3 2166 2185 2194
3 2187 2188 2178
3 2247 2197 2245
3 2164 2196 2206
3 2164 2172 2196
3 2201 2195 2220
3 2153 2181 2150
3 2168 2181 2145
3 2182 2141 2138
3 2165 2182 2175
3 1061 1102 2184
3 2169 2175 2183
3 1100 2364 2365
3 1061 2184 2183
3 2166 2177 2185
3 2683 2369 2685
3 2163 2186 2171
3 2193 2170 2187
3 2188 2187 2166
3 2193 2178 2186
3 2188 2166 2194
3 2232 2234 2241
3 2225 2159 2171
3 2200 2196 2172
3 2211 2232 2200
3 2498 2385 2475
3 2385 2216 2475
3 2489 2202 2229
3 2373 2192 2180
3 2374 2192 2373
3 2170 2193 2157
3 2178 2193 2187
3 2223 2211 2225
3 2475 2843 2690
3 2495 2531 2474
3 2485 2208 2203
3 2200 2172 2189
3 2206 2196 2229
3 2194 2210 2188
3 4180 2241 2197
3 2206 2229 2201
3 2232 2211 2223
3 2513 2389 2199
3 2500 2389 2493
3 2419 2213 2403
3 2191 2196 2200
3 2227 2178 2188
3 2221 2195 2501
3 2194 2226 2210
3 2501 2231 2221
3 2553 2381 2526
3 2559 2560 2538
3 2411 2407 2410
3 2195 2205 2501
3 2384 2199 2531
3 2191 2200 2375
3 2229 2196 2191
3 2206 2220 2207
3 2164 2206 2207
3 2206 2201 2220
3 2265 2394 2396
3 2227 2188 2236
3 2240 2234 2223
3 2208 2479 2203
3 2387 2226 2386
3 2251 2244 2249
3 2482 2385 2212
3 2386 2226 2194
3 2203 2197 2247
3 2214 2208 2485
3 2496 2422 2213
3 2209 2179 2167
3 2179 2489 2191
3 2186 2178 2237
3 2179 2375 2167
3 2489 2229 2191
3 2491 2492 2243
3 2932 2202 2489
3 2205 2219 2501
3 2473 2484 2480
3 2224 2227 2236
3 2920 2925 2763
3 2469 2491 2243
3 2752 2500 2493
3 2473 2748 2749
3 2180 2207 2220
3 2488 2389 2235
3 2741 1836 1922
3 2241 2234 2245
3 2496 2228 2378
3 2471 2235 2214
3 2392 2253 2251
3 2554 2381 2553
3 2686 2687 2390
3 2232 2167 2375
3 2467 2487 2490
3 2225 2171 2233
3 2189 2159 2225
3 2232 2223 2234
3 2233 2171 2186
3 2236 2188 2210
3 2556 2208 2215
3 2490 2483 2467
3 2191 2375 2179
3 2531 2478 2474
3 2915 2917 2865
3 2243 2753 2469
3 2237 2238 2233
3 2238 2237 2388
3 2223 2225 2239
3 2241 2245 2197
3 2930 2209 2931
3 2496 2378 2422
3 2251 2249 2210
3 2210 2249 2236
3 2388 2227 2224
3 2186 2237 2233
3 2842 2687 2242
3 2239 2240 2223
3 2233 2238 2239
3 2240 2239 2238
3 2259 2238 2224
3 2204 2203 2247
3 2203 2479 2197
3 2232 2241 2167
3 2246 2245 2234
3 2240 2238 2391
3 2564 2521 2516
3 2524 2384 2495
3 2401 2265 2396
3 2266 2244 2261
3 2246 2234 2240
3 2247 2245 2242
3 2240 2391 2842
3 2242 2245 2246
3 2247 2242 2686
3 2215 2208 2500
3 2252 2224 2236
3 2255 2267 2248
3 2251 2210 2226
3 2236 2249 2260
3 2258 2256 2250
3 2263 2257 2267
3 2222 2392 2226
3 2393 2253 2392
3 2244 2260 2249
3 2257 2263 2262
3 2261 2244 2253
3 2244 2251 2253
3 2262 2263 2259
3 2262 2259 2252
3 2257 2258 2394
3 2255 2259 2263
3 2498 2689 2397
3 2258 4176 2256
3 2250 2396 2394
3 2262 2258 2257
3 2266 2260 2244
3 2686 2390 2843
3 2238 2255 2391
3 2252 2259 2224
3 2407 2408 2405
3 2264 4176 2266
3 2250 2394 2258
3 2252 2260 4176
3 2406 2256 2264
3 2267 2691 2397
3 2496 2213 2420
3 2260 2252 2236
3 2844 20 2415
3 2258 2262 4176
3 2421 2265 2401
3 4176 2264 2256
3 2408 2412 2402
3 2397 2691 2394
3 2266 2261 2264
3 2688 2390 2687
3 2427 1811 2269
3 1911 2268 1909
3 2271 1912 2430
3 2703 2705 2702
3 2268 1811 2705
3 2703 1808 1909
3 2272 2432 2433
3 1808 331 2271
3 1911 1913 2273
3 1913 2430 2274
3 2433 2274 2272
3 945 2274 924
3 1651 1916 2275
3 1653 2275 1916
3 2712 2714 2710
3 2455 2710 2714
3 2450 2452 1645
3 1916 2435 1653
3 2438 2278 2440
3 2436 1919 2437
3 2451 2720 2443
3 1653 2437 2441
3 1834 2464 2737
3 2708 1830 1825
3 2284 1831 1784
3 2283 2282 2281
3 1923 2281 2282
3 2284 2281 1831
3 1785 2283 1781
3 2458 2149 2680
3 1781 2284 1784
3 2281 2284 2283
3 2508 2497 2509
3 2475 2235 2471
3 2737 2738 2736
3 1829 2460 2461
3 2507 2231 2859
3 2287 2484 2626
3 1868 2288 1676
3 1932 2288 1855
3 2627 2628 2289
3 2799 1935 2675
3 2638 1555 2318
3 2290 1937 2336
3 1602 2293 2116
3 1600 2294 1599
3 2301 1886 1603
3 1886 2634 1603
3 1229 2298 1939
3 2300 1772 1939
3 1601 1939 1772
3 2310 1598 2308
3 1605 2297 1601
3 2293 1886 2301
3 2116 2296 2636
3 1229 2297 1231
3 2299 1229 1220
3 2300 2298 355
3 2295 2300 355
3 1229 2299 2298
3 2300 1886 1772
3 1603 2296 2301
3 2293 2301 2296
3 2306 2292 2307
3 2633 2304 2291
3 1764 1771 2292
3 2303 4207 2308
3 1885 2304 2115
3 2636 2304 1604
3 2310 2302 1603
3 2308 4207 2310
3 2305 2302 2310
3 2311 2292 2306
3 4207 2307 2305
3 2305 2307 2291
3 2295 2635 1886
3 2306 4207 2303
3 2306 2303 2309
3 2311 1764 2292
3 1482 2311 2309
3 2312 1946 2313
3 1890 1951 2312
3 1946 2314 2313
3 2314 1760 2315
3 1948 2314 1946
3 2315 1760 1758
3 2015 2315 1758
3 2313 2314 2315
3 2321 2318 2320
3 2316 2320 2319
3 1879 2317 1557
3 1880 2317 1881
3 1937 2290 2637
3 2637 2638 2318
3 1556 2319 1555
3 2317 2319 1557
3 2321 2320 1953
3 2320 2318 1555
3 2321 1953 2323
3 2637 2321 1937
3 1937 2321 2322
3 1963 2322 2321
3 1968 2323 1950
3 2321 2323 1963
3 1958 2324 1975
3 1971 2324 1962
3 1995 2325 2009
3 1984 2325 1965
3 2047 2326 1993
3 2012 2326 2005
3 2008 2327 2000
3 2023 2327 1987
3 2328 2639 2640
3 2007 2817 2812
3 2644 2333 2329
3 2332 2900 2333
3 2346 2989 2658
3 2333 1990 2329
3 2034 2033 2657
3 2026 2639 2641
3 2026 2641 2644
3 2333 2644 2882
3 2017 2034 2330
3 2651 2328 2649
3 2029 2335 2019
3 2027 2330 2034
3 2021 2038 2335
3 2043 2044 2336
3 2336 2044 2632
3 2043 2337 2044
3 2056 2337 2002
3 2836 2051 2075
3 2629 2338 1935
3 2054 2339 2046
3 2001 2062 2339
3 2341 2340 2013
3 2064 2340 2065
3 2005 2342 2341
3 2341 2345 2344
3 2342 2005 2326
3 2345 2342 2040
3 2040 2347 2345
3 2972 2974 3209
3 2341 2342 2345
3 2343 2901 2344
3 2347 2040 2660
3 2343 2344 2345
3 2968 2347 2816
3 2344 2901 2346
3 2034 2817 2007
3 2007 2812 2347
3 2074 2348 2073
3 2355 2348 2079
3 2087 2349 2038
3 2349 2090 2041
3 2662 2350 2661
3 2662 2665 2350
3 2054 2351 2021
3 2351 2046 2661
3 2352 2094 2824
3 2098 2106 2352
3 2665 2667 2821
3 2821 2667 2824
3 2114 2354 2108
3 2110 2354 2111
3 2110 2355 2079
3 2674 2355 2112
3 2830 2834 2672
3 1156 2803 2807
3 2356 3 2830
3 2630 2799 2801
3 1773 2677 1770
3 2113 2072 2358
3 2121 2360 1755
3 1758 2360 2123
3 2146 2361 1904
3 2362 2361 2142
3 2142 2149 2362
3 1785 2362 2149
3 2147 2681 2363
3 2681 2746 2363
3 1100 2366 2364
3 2366 2367 2368
3 2183 2365 2169
3 1100 2365 2184
3 1101 2366 1100
3 1098 2682 2367
3 2840 2839 2684
3 2364 2368 2176
3 2366 2368 2364
3 2368 2367 2369
3 2841 1095 2684
3 19 2185 2685
3 2136 2138 2371
3 1064 1065 2372
3 1064 2370 2371
3 2371 2370 2136
3 1061 2370 2372
3 1064 2372 2370
3 2220 2195 2180
3 2510 2507 2508
3 2155 2374 2154
3 2150 2192 2374
3 2232 2375 2200
3 2241 2209 2167
3 2498 2690 2689
3 2492 2378 2228
3 2528 2527 2533
3 2756 2532 2520
3 2495 2753 2520
3 2516 2384 2383
3 2532 2530 2527
3 4177 2457 2738
3 2521 2377 2513
3 2864 2753 2243
3 2383 2519 2380
3 2383 2524 2519
3 2534 2525 2515
3 2587 2612 2615
3 2513 2377 2389
3 2231 2501 2219
3 2515 2379 2528
3 2568 2580 2583
3 2389 2500 2214
3 2750 2859 2860
3 2185 2386 2194
3 2226 2387 2222
3 2227 2388 2237
3 2386 19 2387
3 2224 2238 2388
3 2469 2482 2491
3 2212 2498 2751
3 2391 2255 2248
3 2267 2255 2263
3 2255 2238 2259
3 2248 2687 2842
3 2226 2392 2251
3 2253 2393 2198
3 2396 2405 2402
3 2392 2222 2393
3 2394 2265 2397
3 2261 2404 2264
3 2250 2406 2405
3 2412 2413 2402
3 2413 2401 2402
3 2688 2689 2390
3 2404 2414 2400
3 2419 2421 2418
3 2261 2253 2692
3 2408 2402 2405
3 2424 2400 2417
3 2402 2401 2396
3 2403 2476 2481
3 2405 2396 2250
3 2412 2408 2399
3 2417 2414 2694
3 2482 2376 2491
3 2198 2692 2253
3 2411 2399 2408
3 2256 2406 2250
3 2405 2406 2407
3 2264 2404 2406
3 2400 2406 2404
3 2406 2400 2407
3 2410 2407 2400
3 2400 2414 2417
3 2190 2864 2492
3 2424 2844 2415
3 2411 2398 2399
3 2407 2411 2408
3 2410 2398 2411
3 2399 2254 2412
3 2412 2254 2413
3 2213 2419 2420
3 2418 2421 2413
3 2261 2414 2404
3 2694 2692 2693
3 2254 2416 2418
3 2410 2423 2398
3 2413 2254 2418
3 2415 2423 2424
3 2419 2418 2416
3 2420 2419 2416
3 2419 2403 2421
3 2416 2395 2420
3 2395 2496 2420
3 2421 2403 2481
3 2413 2421 2401
3 2488 2235 2216
3 2485 2471 2214
3 2423 2410 2424
3 2424 2417 2844
3 2400 2424 2410
3 2279 2731 2441
3 1809 2698 2270
3 1908 2426 1812
3 1809 2426 1803
3 2732 2699 1806
3 2845 2701 2699
3 1806 1809 2732
3 2428 2700 2704
3 1813 2429 2268
3 2426 2429 1812
3 2271 2430 1913
3 2431 2430 1912
3 933 2432 906
3 2430 2431 2272
3 2432 930 2433
3 929 2433 930
3 2274 2433 924
3 2715 2716 2280
3 2444 1919 2436
3 1916 2278 2435
3 2438 2437 2435
3 2440 2442 2438
3 2700 1811 2427
3 2279 1919 2444
3 1642 2441 1664
3 2277 2734 2707
3 2436 2437 2438
3 2907 2851 2733
3 2442 2436 2438
3 1664 2731 2425
3 2707 2734 2278
3 2441 2437 1919
3 2439 1645 2453
3 2448 2442 2440
3 2845 2447 2848
3 2698 2279 2270
3 2735 2436 2442
3 2448 2449 2445
3 2440 2278 2734
3 2279 2444 2446
3 2848 2847 2907
3 2847 2446 2444
3 2851 2907 2453
3 2449 2448 2440
3 2443 2452 2445
3 2717 2720 2451
3 2445 2449 2454
3 1645 2439 2450
3 2442 2448 2450
3 2454 2449 2455
3 2451 2454 2455
3 2436 2735 2444
3 2445 2452 2450
3 2907 2735 2453
3 2455 2449 2277
3 2443 2454 2451
3 1830 2708 2277
3 1825 2716 2709
3 2737 2456 1834
3 2716 2456 2280
3 2466 2472 2462
3 3060 2472 2468
3 2282 2458 1917
3 1785 2458 2283
3 2740 1917 2680
3 2486 2743 2742
3 2287 2460 1838
3 2461 2460 2286
3 2461 2286 2465
3 1835 2463 1834
3 2465 2286 2466
3 2466 2462 2465
3 2463 1835 1832
3 2464 2463 2461
3 2465 2464 2461
3 2462 4177 2738
3 2286 2626 2466
3 2464 2465 2462
3 2466 1924 2468
3 2468 2472 2466
3 2554 2752 2381
3 2479 2208 2556
3 2857 2914 2858
3 1924 2217 2468
3 2553 2547 2557
3 2526 2494 2512
3 2488 2199 2389
3 3668 2910 3522
3 2484 2217 1924
3 2376 2422 2491
3 2510 2221 2231
3 2472 2470 4177
3 2484 2287 2744
3 2287 1836 2744
3 2476 2403 2213
3 2199 2384 2516
3 2504 2483 2490
3 2488 2478 2531
3 2482 2469 2478
3 2422 2378 2491
3 2203 2204 2485
3 2479 2477 4180
3 2753 2495 2474
3 2389 2377 2493
3 2514 2544 2540
3 4181 2542 2230
3 2910 2506 2909
3 2506 3668 2217
3 2859 2750 2858
3 2493 2494 2381
3 2474 2478 2469
3 2556 3158 2477
3 2473 2217 2484
3 2473 2506 2217
3 2484 1924 2626
3 2480 2748 2473
3 2486 2487 2748
3 2475 2216 2235
3 2743 2480 2744
3 2743 2741 2742
3 2285 2490 2486
3 2483 2504 2497
3 2584 2585 2582
3 2385 2498 2212
3 2487 2486 2490
3 2481 2751 2397
3 2490 2285 2504
3 2510 2231 2507
3 2476 2376 2212
3 2564 2516 2380
3 3158 2556 2555
3 2519 2524 2528
3 2376 2482 2212
3 2476 2213 2422
3 2533 2527 2530
3 2514 2550 2544
3 3059 2470 3060
3 2482 2216 2385
3 2754 2511 2755
3 2512 2499 2526
3 2505 2497 2504
3 2180 2195 2221
3 2205 2195 2202
3 2228 2496 2395
3 2216 2478 2488
3 2379 2382 2519
3 2379 2515 2522
3 3044 3056 3040
3 2488 2531 2199
3 2478 2216 2482
3 2495 2384 2531
3 2854 1921 2852
3 2376 2476 2422
3 2725 2908 3021
3 2505 2504 2285
3 2507 2483 2497
3 2285 2742 2745
3 2509 2505 2747
3 2180 2221 2510
3 2477 3158 4180
3 2508 2507 2497
3 2201 2202 2195
3 2497 2505 2509
3 2510 2508 2373
3 2505 2746 2747
3 2154 2508 2509
3 2180 2510 2373
3 2748 2487 2856
3 2377 2521 2494
3 2494 2526 2381
3 2525 2534 2536
3 2495 2520 2532
3 2796 2791 2794
3 2494 2514 2512
3 2208 2214 2500
3 2190 2492 2228
3 2379 2519 2528
3 2539 2578 2517
3 2515 2525 2522
3 2527 2524 2532
3 2499 2547 2526
3 2524 2383 2384
3 2595 2577 2586
3 2516 2383 2380
3 2476 2212 2751
3 2527 2528 2524
3 2532 2524 2495
3 2757 2755 2756
3 2499 2512 2540
3 2516 2521 2513
3 2518 2534 2535
3 4178 4177 2470
3 2397 2265 2481
3 2924 2926 2558
3 2377 2494 2493
3 2537 2530 2755
3 2552 2575 2758
3 2581 2536 2562
3 3041 3045 3038
3 2492 2491 2378
3 2535 2534 2515
3 2515 2528 2533
3 2519 2382 2380
3 2379 2522 2382
3 2616 2608 2611
3 2521 2514 2494
3 2481 2265 2421
3 2764 2545 2765
3 2199 2516 2513
3 2534 2518 2536
3 2535 2515 2533
3 2533 2537 2535
3 2535 2537 2548
3 2538 2518 4181
3 2538 2536 2518
3 2530 2537 2533
3 2511 2542 2548
3 2788 2766 2786
3 2538 2560 2562
3 2539 2551 2578
3 2517 2571 2563
3 2514 2540 2512
3 2591 2572 2592
3 2499 2540 2552
3 2573 2574 2541
3 2521 2564 2514
3 2518 2535 2548
3 2560 2549 2561
3 2872 2517 2794
3 2583 2575 2552
3 2547 2573 2541
3 2546 2558 2927
3 2215 2752 2554
3 2758 2575 2569
3 2557 2547 2541
3 2511 2548 2537
3 2548 2542 4181
3 2380 2382 2550
3 2559 2549 2560
3 2759 2924 2558
3 2544 2593 2582
3 2571 2578 2529
3 2540 2582 2570
3 2583 2570 2568
3 2547 2553 2526
3 2553 2546 2554
3 2555 2554 2546
3 2479 2556 2477
3 2546 2557 2558
3 2927 2928 2931
3 2215 2554 2556
3 2555 2556 2554
3 2541 2759 2557
3 2553 2557 2546
3 2574 2867 2541
3 2555 2546 2927
3 2561 2549 2543
3 2538 2230 2559
3 2769 2768 2600
3 2544 2550 2593
3 2552 2540 2570
3 2538 2562 2536
3 2595 2560 2561
3 2571 2765 2563
3 2580 2571 2529
3 2380 2550 2564
3 2514 2564 2550
3 2596 2593 2382
3 2577 2603 2605
3 2588 2522 2525
3 2588 2581 2615
3 2778 2774 2566
3 2586 2581 2562
3 2588 2589 2522
3 2598 2545 2764
3 2578 2551 2503
3 2924 2759 2565
3 2503 2551 2576
3 2911 3060 3062
3 2568 2582 2585
3 2601 2599 2868
3 2571 2517 2578
3 2582 2540 2544
3 2758 2547 2499
3 2574 2573 2569
3 2575 2576 2569
3 2601 2592 2599
3 2575 2583 2503
3 2758 2569 2573
3 2503 2576 2575
3 2551 2592 2576
3 2587 2581 2586
3 2765 2870 2563
3 2771 2622 2768
3 2571 2580 2765
3 2591 2592 2551
3 2578 2503 2529
3 2529 2583 2580
3 2909 2749 3154
3 2574 2569 2601
3 2536 2581 2525
3 2503 2583 2529
3 2568 2570 2582
3 2552 2570 2583
3 2589 2382 2522
3 2597 2598 2584
3 2597 2584 2596
3 2568 2585 2764
3 2562 2560 2595
3 2587 2586 2577
3 2561 2602 2603
3 2616 2785 2608
3 2581 2588 2525
3 2588 2579 2589
3 2767 2612 2614
3 2596 2589 2597
3 2868 2763 2867
3 2914 2913 3154
3 2595 2561 2603
3 2591 2551 2539
3 2572 3163 2592
3 2382 2593 2550
3 2582 2593 2584
3 2612 2587 2610
3 2606 2587 2577
3 2543 2602 2561
3 2562 2595 2586
3 2593 2596 2584
3 2382 2589 2596
3 2767 2589 2579
3 2597 2614 2598
3 2598 2594 2545
3 2585 2584 2598
3 2617 2620 2567
3 2613 2782 2783
3 2569 2576 2601
3 2604 2605 2623
3 2592 2601 2576
3 2769 2543 2590
3 2603 2602 2600
3 2622 2623 2600
3 2603 2577 2595
3 2609 2606 2604
3 2605 2606 2577
3 2623 2603 2600
3 2605 2604 2606
3 2567 2607 2621
3 2614 2612 2608
3 2784 2624 2761
3 2772 2761 2624
3 2587 2606 2610
3 2611 2610 2606
3 2617 2609 2604
3 2610 2611 2608
3 2611 2606 2609
3 2612 2610 2608
3 2617 2567 2621
3 2611 2619 2616
3 2785 2614 2608
3 2612 2579 2615
3 2619 2613 2616
3 2545 2594 2783
3 2598 2614 2594
3 2767 2614 2597
3 2588 2615 2579
3 2587 2615 2581
3 2611 2609 2619
3 2613 2783 2785
3 2623 2620 2604
3 2625 2617 2621
3 2604 2620 2617
3 2618 2622 2771
3 2625 2624 2619
3 2618 2567 2620
3 2624 2621 2607
3 2609 2625 2619
3 2768 2622 2600
3 2618 2620 2622
3 2623 2605 2603
3 2620 2623 2622
3 2607 2772 2624
3 2774 2772 2566
3 2617 2625 2609
3 2624 2625 2621
3 2466 2626 1924
3 2286 2287 2626
3 2628 2627 1873
3 2797 2627 2289
3 2632 2628 1873
3 2057 2628 2044
3 2798 2629 1935
3 2628 2629 2289
3 2675 1935 2836
3 2803 2806 2802
3 2638 2631 1548
3 2632 2631 2290
3 2631 2632 1873
3 2336 2632 2290
3 2115 2633 1892
3 2307 2633 2291
3 2310 2634 1598
3 2634 2310 1603
3 2635 2634 1886
3 1598 2634 2635
3 2302 2636 2296
3 2638 2637 2290
3 2321 2637 2318
3 2631 2638 2290
3 2638 1548 1558
3 2640 2639 1992
3 2641 2639 2328
3 1992 2032 2642
3 2648 1763 2653
3 4175 2648 2122
3 2649 420 2651
3 1895 2122 2642
3 2646 2642 2122
3 2888 2889 2887
3 2643 2645 2650
3 2651 2641 2328
3 2640 2642 2646
3 420 2649 2645
3 2644 2641 2809
3 2811 2809 2651
3 2359 1763 2648
3 2643 2650 2646
3 2815 2967 2812
3 2650 2328 2640
3 2645 2649 2650
3 2650 2649 2328
3 2811 2652 2809
3 3165 2966 2883
3 2810 2975 2882
3 2022 2655 2033
3 2643 2646 2653
3 2651 420 2654
3 2333 2655 1990
3 2900 2334 2333
3 2815 2887 2813
3 2655 2657 2033
3 2657 2334 2899
3 2064 2658 2063
3 2344 2658 2065
3 3215 3238 3246
3 2063 2658 2989
3 2047 2660 2040
3 2007 2347 2660
3 2662 2661 2062
3 2661 2350 2822
3 2062 2663 2662
3 2663 2066 2666
3 2067 2663 2062
3 2665 2662 2666
3 2664 2665 2666
3 3663 3665 3661
3 2666 2662 2663
3 2665 2664 2667
3 2981 2982 2902
3 2063 2989 2982
3 4187 2987 2988
3 2352 2824 2353
3 2824 2825 2353
3 2990 2904 3660
3 2829 2112 2110
3 2671 2111 2101
3 2109 2670 2671
3 3 2670 2109
3 2670 2669 2829
3 2878 2879 2881
3 2674 2676 2357
3 2055 2355 2674
3 2675 2673 2357
3 2112 2669 2837
3 2357 2673 2674
3 2874 2799 2675
3 1935 2799 2798
3 2830 2676 2356
3 2876 2832 2672
3 2679 1767 1769
3 2677 2679 2678
3 1765 2678 2119
3 2120 2359 2678
3 1767 2679 2677
3 2119 2679 1769
3 2147 2680 2149
3 2740 2680 2363
3 2130 2681 2147
3 2746 2681 2148
3 1317 2682 1098
3 1318 2367 2682
3 2838 2177 2160
3 2368 2683 2176
3 2247 2686 2204
3 2685 2840 19
3 2683 2685 2185
3 2369 2367 2839
3 2842 2242 2246
3 2687 2686 2242
3 2688 2687 2248
3 2248 2267 2688
3 2689 2688 2267
3 2397 2689 2267
3 2498 2475 2690
3 2475 2471 2843
3 2390 2689 2690
3 2267 2257 2691
3 2394 2691 2257
3 2694 2693 2409
3 2414 2261 2692
3 2417 2694 2409
3 2692 2198 2693
3 2692 2694 2414
3 2697 2696 1792
3 2417 2409 2695
3 2698 2696 2425
3 1650 2697 1799
3 1664 2425 2697
3 2696 2698 1807
3 2698 2425 2731
3 2427 1806 2699
3 2704 2427 2699
3 1808 2703 331
3 2268 2705 1909
3 2704 2700 2427
3 2700 2428 2702
3 331 2703 2702
3 2699 2701 2704
3 2428 2704 2701
3 2702 2705 2700
3 1909 2705 2703
3 2713 2715 1921
3 2849 2434 2719
3 1916 2707 2278
3 1830 2707 2276
3 2709 2708 1825
3 2455 2277 2708
3 2716 1825 1837
3 2710 2709 2706
3 2706 2712 2710
3 2455 2708 2710
3 2713 2712 2706
3 2722 4183 3020
3 2706 2715 2713
3 2713 2721 2723
3 2730 2854 2853
3 2729 2723 2718
3 2713 1921 2721
3 2455 2714 2451
3 2716 2715 2706
3 2715 2280 2852
3 2709 2716 2706
3 2716 1837 2456
3 2722 2718 2721
3 2719 2434 2717
3 2717 2714 2719
3 2714 2717 2451
3 2722 2721 1921
3 2728 2713 2723
3 2717 2434 2720
3 2723 2721 2718
3 3024 3021 2850
3 2724 2726 1026
3 2726 2724 2718
3 2723 2719 2728
3 2441 2731 1664
3 2729 2719 2723
3 2726 2718 2722
3 2729 2724 2711
3 3028 3029 3026
3 4183 2722 2854
3 1026 2726 2908
3 2714 2728 2719
3 2713 2728 2712
3 2724 2729 2718
3 2719 2729 2711
3 4179 4177 4178
3 2727 3023 3031
3 2270 2447 2732
3 2698 2731 2279
3 2699 2732 2447
3 2450 2439 2442
3 2439 2453 2735
3 2277 2449 2734
3 2440 2734 2449
3 2442 2439 2735
3 2456 2737 2280
3 2853 2736 2457
3 2738 2737 2464
3 2737 2736 2852
3 2462 2738 2464
3 2736 2738 2457
3 2740 2739 1917
3 2741 2739 2459
3 2740 2363 2746
3 2739 2740 2459
3 2739 2741 1923
3 2741 2459 2742
3 2745 2742 2459
3 2285 2486 2742
3 2480 2743 2486
3 1836 2741 2743
3 2743 2744 1836
3 2484 2744 2480
3 2740 2745 2459
3 2505 2285 2745
3 2746 2148 2747
3 2746 2505 2745
3 2155 2747 2148
3 2154 2509 2747
3 2486 2748 2480
3 2856 2487 2467
3 2483 2858 2467
3 2506 2473 2909
3 2219 2205 2865
3 2857 2858 4184
3 2397 2751 2498
3 2476 2751 2481
3 2500 2752 2215
3 2493 2381 2752
3 2469 2753 2474
3 2864 2243 2492
3 2755 2511 2537
3 2754 2755 2757
3 2756 2755 2530
3 2532 2756 2530
3 2756 2520 2757
3 2520 2753 2864
3 2190 2754 2757
3 2547 2758 2573
3 2552 2758 2499
3 2557 2759 2558
3 2541 2565 2759
3 2867 2565 2541
3 2763 2868 3159
3 2539 2871 2591
3 2777 2784 2761
3 2780 2779 2775
3 2935 2937 2795
3 3163 2950 2951
3 2924 2925 2866
3 2568 2764 2580
3 2598 2764 2585
3 2764 2765 2580
3 2870 2765 2545
3 2772 2774 2761
3 2786 2766 2777
3 2589 2767 2597
3 2612 2767 2579
3 2769 2600 2602
3 2771 2770 21
3 2543 2769 2602
3 2590 2768 2769
3 2607 2566 2772
3 2768 2590 2770
3 2770 2771 2768
3 2778 2773 2774
3 2777 2761 2773
3 2784 2777 2782
3 2775 2779 2776
3 2761 2774 2773
3 2787 2778 2779
3 2778 2566 2776
3 2787 2781 2786
3 2782 2777 2766
3 2778 2776 2779
3 4182 2762 4186
3 2788 2517 2563
3 2795 2871 2872
3 2791 2781 2789
3 2777 2787 2786
3 2787 2779 2789
3 2783 2782 2766
3 2782 2613 2784
3 2783 2766 2870
3 2783 2594 2785
3 2613 2619 2784
3 2624 2784 2619
3 2785 2594 2614
3 2613 2785 2616
3 2787 2777 2773
3 2788 2786 2781
3 2778 2787 2773
3 2789 2779 2780
3 2788 2781 2796
3 2788 2563 2870
3 2792 2791 2789
3 2781 2787 2789
3 2780 4186 2792
3 2792 2793 2936
3 2792 2789 2780
3 2794 2791 2790
3 2811 3165 2652
3 2790 2791 2792
3 2955 2953 2963
3 2871 2938 2591
3 2790 2795 2794
3 2796 2794 2517
3 2935 2936 2873
3 2795 2790 2935
3 2788 2796 2517
3 2781 2791 2796
3 2289 2629 2798
3 2802 2797 2630
3 2630 2797 2798
3 2289 2798 2797
3 2874 2675 2357
3 2630 2798 2799
3 2876 2676 2832
3 2807 2803 2801
3 2800 2905 2801
3 2630 2803 2802
3 2630 2801 2803
3 2804 2802 1160
3 2801 2805 2807
3 2806 2803 1156
3 1871 2804 1160
3 1716 2797 2804
3 2875 2800 2874
3 1711 2877 1541
3 1159 2806 1156
3 2802 2806 1160
3 2805 1148 2807
3 2808 2807 1148
3 1141 2808 1148
3 1156 2808 1158
3 2651 2809 2641
3 2809 2652 2965
3 2965 2810 2809
3 2889 2813 2887
3 2651 2654 2811
3 2647 2811 2654
3 2886 2815 2656
3 2812 2967 2816
3 2814 2972 2970
3 2812 2656 2815
3 2895 2813 2889
3 2970 3209 4192
3 2899 2818 2886
3 2884 2815 2813
3 2967 2815 2884
3 2816 2814 2969
3 2657 2817 2034
3 2812 2817 2656
3 2975 2810 2888
3 2886 2887 2815
3 2968 2343 2345
3 2819 2659 3241
3 3179 2974 2971
3 2664 2985 2987
3 2822 2821 2094
3 2665 2821 2350
3 2099 2822 2094
3 2822 2351 2661
3 2666 2981 2984
3 3233 2823 3569
3 2821 2824 2094
3 2825 2824 2667
3 4187 2667 2664
3 3478 2991 3477
3 2105 2826 2107
3 2827 2826 2098
3 3649 2827 2353
3 2826 2827 2668
3 3477 3476 2904
3 3476 2828 2904
3 2111 2829 2110
3 2670 2829 2671
3 2831 3499 2998
3 2832 2830 2672
3 2995 3000 2996
3 2997 2831 2995
3 2672 2833 2876
3 2676 2830 2832
3 2879 2878 2833
3 2801 2905 2805
3 3006 3010 3002
3 3499 2835 2834
3 3001 3014 3003
3 1710 2879 2880
3 2338 2836 1935
3 2075 2675 2836
3 2356 2676 2837
3 2674 2837 2676
3 2176 2683 2838
3 2177 2838 2683
3 2367 1318 2839
3 2841 1318 1095
3 19 2840 2684
3 2369 2840 2685
3 2684 2839 2841
3 1318 2841 2839
3 2240 2842 2246
3 2248 2842 2391
3 2485 2843 2471
3 2686 2843 2204
3 2417 2695 2844
3 20 2844 2695
3 2447 2847 2848
3 2701 2845 1810
3 2733 2846 2848
3 1810 2845 2846
3 2446 2847 2447
3 2444 2735 2907
3 2845 2848 2846
3 2737 2852 2280
3 2719 2711 2849
3 3021 2908 3020
3 2453 1645 2851
3 2854 2852 2736
3 3028 2853 2457
3 2730 4183 2854
3 1921 2854 2722
3 2736 2853 2854
3 2914 2749 2856
3 2923 2863 2861
3 2914 2856 2467
3 2748 2856 2749
3 2862 2750 2860
3 3117 3126 3101
3 2483 2507 2859
3 2858 2750 4184
3 2859 2231 2860
3 2483 2859 2858
3 2231 2219 2860
3 2917 2862 2860
3 3155 2921 2919
3 2862 2863 2750
3 2917 2860 2219
3 2863 2862 2861
3 2915 2919 2918
3 2918 2861 2915
3 2190 2757 2864
3 2520 2864 2757
3 2489 2933 2932
3 2915 2865 2760
3 3156 2865 3157
3 3157 2865 2205
3 2868 2867 2574
3 2925 2867 2763
3 2601 2868 2574
3 3159 2868 2599
3 2937 2938 2795
3 3877 2959 3965
3 2783 2870 2545
3 2788 2870 2766
3 2872 2871 2539
3 2938 2871 2795
3 2517 2872 2539
3 2795 2872 2794
3 4186 2962 2793
3 2572 2940 2950
3 2875 2874 2357
3 2799 2874 2800
3 2676 2875 2357
3 2905 2875 2833
3 2833 2875 2876
3 2676 2876 2875
3 1148 2805 2877
3 2878 2877 2805
3 2905 2878 2805
3 2833 2672 2879
3 2880 2879 2672
3 1710 1712 2881
3 2834 2880 2672
3 1710 2880 2835
3 1708 2881 1712
3 2877 2881 1541
3 2333 2882 2332
3 2809 2882 2644
3 2652 3165 2965
3 2889 2888 2892
3 3168 2895 2891
3 2816 2884 2814
3 2885 2969 2970
3 2901 2885 2819
3 2899 2886 2656
3 2886 2818 2887
3 2818 2900 2975
3 2818 2975 2887
3 2893 2810 2965
3 2890 2898 2979
3 2893 2896 2980
3 2976 2892 2894
3 3186 3188 3543
3 2978 2891 2977
3 3198 3171 3172
3 2972 2973 3182
3 2893 2892 2888
3 3190 2980 2898
3 2810 2893 2888
3 2893 2883 2896
3 2898 2980 2979
3 2977 2895 2976
3 2976 2895 2889
3 3168 3167 2895
3 2883 2331 2896
3 3188 3186 2978
3 3190 2892 2980
3 2331 2897 2979
3 2657 2899 2656
3 2900 2899 2334
3 2975 2900 2332
3 2899 2900 2818
3 2885 2901 2343
3 3239 2901 2819
3 3219 3214 3216
3 2985 2666 2984
3 2903 3239 3236
3 2903 3211 2982
3 3649 3477 2668
3 3509 3660 3661
3 2875 2905 2800
3 2878 2905 2833
3 2998 2995 2831
3 2997 2993 2831
3 2848 2907 2733
3 2907 2847 2444
3 3020 2908 2726
3 2725 1026 2908
3 2749 2909 2473
3 2910 2909 2855
3 3116 3154 2913
3 3063 3057 3059
3 2855 3116 2910
3 3109 3099 3112
3 2943 2945 2939
3 2912 3087 3522
3 3126 3108 4184
3 2913 3115 3116
3 2858 2914 2467
3 2913 2914 2857
3 2919 2916 2918
3 2917 2915 2861
3 2947 2946 2948
3 2918 2923 2861
3 2862 2917 2861
3 2865 2917 2219
3 2919 2915 2760
3 2918 2916 2922
3 3155 2760 4185
3 2921 2916 2919
3 2920 3155 4185
3 2920 2763 4191
3 4191 2934 3160
3 2869 3161 3160
3 3147 3146 3141
3 3117 3095 3115
3 2918 2922 2923
3 2922 2863 2923
3 2925 2924 2565
3 2926 2924 2866
3 2925 2565 2867
3 2925 2920 4185
3 2929 2926 2866
3 2926 2928 2927
3 2558 2926 2927
3 2933 2926 2929
3 2179 2930 2489
3 2928 2930 2931
3 2929 2866 3156
3 2202 2932 2205
3 2209 2930 2179
3 2928 2489 2930
3 2209 4180 3158
3 2927 2931 2555
3 2933 2489 2928
3 2932 2929 3157
3 2926 2933 2928
3 2929 2932 2933
3 2599 2592 3163
3 3160 2934 2869
3 2936 2935 2790
3 2937 2935 2873
3 2792 2936 2790
3 2954 2964 2962
3 2953 2955 2949
3 2940 2572 2591
3 2941 2938 2937
3 2591 2938 2940
3 2949 2937 2873
3 2943 2939 2941
3 2941 2940 2938
3 2947 2948 2939
3 2937 2949 2943
3 2940 2941 2939
3 3090 3074 3088
3 2939 2945 2947
3 2937 2943 2941
3 2958 2960 2942
3 2958 2942 2955
3 2942 2960 2945
3 2942 2945 2943
3 2947 2945 3523
3 3058 3112 3068
3 3144 3130 3140
3 3523 2945 2944
3 2869 3151 3150
3 2869 2934 2951
3 2948 2950 2939
3 2953 2949 2873
3 2943 2949 2942
3 2939 2950 2940
3 2951 2950 2948
3 2869 2951 2948
3 3159 3163 2934
3 2956 2873 2936
3 2955 2942 2949
3 2793 2956 2936
3 2956 2953 2873
3 3103 2961 2955
3 3035 3073 3048
3 2956 2963 2953
3 2961 3679 3892
3 2218 3103 3164
3 2956 2964 2963
3 3536 3069 3111
3 3118 3102 3109
3 2961 2958 2955
3 3537 3535 3539
3 3054 3119 3052
3 3103 2955 2957
3 2945 2960 2944
3 3678 3135 3677
3 2502 3033 3043
3 2793 2964 2956
3 2964 2957 2963
3 2962 2964 2793
3 2955 2963 2957
3 2962 4186 2762
3 2957 2964 2954
3 2893 2965 2883
3 3165 2811 2647
3 2331 2883 2966
3 2884 2816 2967
3 2969 2968 2816
3 2343 2968 2885
3 2970 2969 2814
3 2968 2969 2885
3 2814 3166 2972
3 4192 2819 2885
3 3170 3173 3182
3 2974 3570 3209
3 3166 2814 2884
3 2972 2971 2974
3 3166 3167 2973
3 2973 3168 3170
3 2971 3182 3173
3 3237 3244 3223
3 2975 2332 2882
3 2887 2975 2888
3 2892 2976 2889
3 2977 2976 2894
3 2978 2977 2894
3 2891 2895 2977
3 3190 3188 2978
3 3175 3178 3174
3 2331 2979 2896
3 2890 2979 2897
3 2893 2980 2892
3 2979 2980 2896
3 2982 2981 2066
3 3219 2984 2981
3 3210 2982 2066
3 2903 2820 3211
3 3211 3212 2902
3 2988 2987 2986
3 3219 2981 2902
3 2985 2984 2983
3 2983 2986 2987
3 2666 2985 2664
3 3212 3214 2902
3 3221 2986 2983
3 2983 2987 2985
3 3229 2988 2986
3 2823 2825 2988
3 4187 2988 2825
3 3239 2989 2346
3 2982 2989 2903
3 2826 2990 2107
3 3477 2990 2668
3 3231 3233 3569
3 3476 3480 2828
3 2831 2993 2835
3 3660 3662 2107
3 1870 2993 1869
3 3505 3507 3
3 3516 3003 3014
3 2995 2996 2997
3 2993 2997 1869
3 3506 2906 3001
3 3005 3007 4190
3 2997 2996 4189
3 3507 2834 2830
3 3000 3003 2999
3 3002 3007 3005
3 2995 3506 3000
3 3005 3000 3006
3 2998 3506 2995
3 2994 3014 3510
3 3006 3002 3005
3 3010 3013 3002
3 3000 3001 3003
3 3001 3510 3014
3 3008 3508 3513
3 3520 3508 3008
3 3006 3000 2999
3 3002 3019 3007
3 3009 3011 3508
3 3006 3011 3010
3 1714 4188 3503
3 1869 4188 1714
3 5 3519 3017
3 3010 3011 3009
3 3019 3013 3018
3 3011 3006 2999
3 3009 3518 3517
3 3015 3016 3516
3 3016 2999 3516
3 3517 3010 3009
3 3517 3518 3519
3 3019 3018 1713
3 3016 3666 3511
3 3004 3016 3015
3 3014 2994 3015
3 2999 3016 3011
3 3009 3508 3520
3 5 3667 3519
3 3007 3019 1713
3 3013 3012 3018
3 3013 3019 3002
3 2722 3020 2726
3 3021 3020 2850
3 3026 3024 2850
3 2725 3021 3023
3 3034 3039 3033
3 2725 3023 2727
3 3032 3021 3024
3 3032 3025 3031
3 2850 4183 3026
3 3022 3025 3032
3 3041 3029 3030
3 3036 3031 3025
3 3028 3026 2730
3 3022 3024 3026
3 3028 2457 4179
3 3030 3029 3027
3 3028 2730 2853
3 3029 3028 3027
3 3027 4178 3030
3 3026 3029 3022
3 3044 3057 3056
3 3076 3037 3038
3 3032 3031 3023
3 2727 3036 3034
3 3021 3032 3023
3 3022 3032 3024
3 3039 3036 3037
3 3025 3037 3036
3 3031 3036 2727
3 3025 3038 3037
3 3044 3030 2523
3 3034 3036 3039
3 3038 3025 3022
3 3037 3035 3039
3 3022 3041 3038
3 3521 3045 3041
3 3046 3039 3035
3 3033 3039 3043
3 3067 3072 3040
3 3042 3048 3049
3 3029 3041 3022
3 3030 3044 3521
3 3046 3048 3042
3 3043 3050 2502
3 3046 3043 3039
3 3050 3043 3042
3 3057 3055 3056
3 3040 3045 3521
3 3070 3072 3067
3 3038 3045 3076
3 3045 3072 3073
3 3043 3046 3042
3 3061 3040 3056
3 3042 3049 3121
3 3035 3048 3046
3 3049 3048 3047
3 3040 3061 3067
3 3106 3121 3104
3 3094 3120 3075
3 3106 3122 3119
3 3113 3110 3069
3 3053 3050 3042
3 3119 3054 3053
3 3053 3054 3050
3 3050 3054 2502
3 3052 2502 3054
3 3055 3066 3079
3 3077 3083 3058
3 3057 3044 2523
3 3064 3061 3056
3 2523 3059 3057
3 3060 3063 3059
3 3058 3061 3064
3 3075 3071 3065
3 4178 3059 2523
3 2472 3060 2470
3 3062 3060 2468
3 3063 3055 3057
3 3064 3056 3055
3 3068 3067 3061
3 2217 3062 2468
3 3062 2217 3668
3 3060 2911 3063
3 3066 3063 2911
3 3055 3063 3066
3 3079 3077 3064
3 3075 3065 3112
3 3070 3071 3047
3 3082 3086 3087
3 3086 3079 3066
3 3068 3061 3058
3 3070 3067 3065
3 3058 3083 3112
3 3065 3067 3068
3 3064 3077 3058
3 3085 3526 3111
3 3071 3070 3065
3 3072 3070 3047
3 3068 3112 3065
3 3047 3071 3049
3 3073 3072 3047
3 3040 3072 3045
3 3048 3073 3047
3 3037 3076 3035
3 3069 3085 3111
3 3078 3107 3118
3 3148 3677 3152
3 3075 3120 3071
3 3045 3073 3076
3 3035 3076 3073
3 3064 3055 3079
3 3077 3074 3083
3 3099 3094 3075
3 3092 3149 3113
3 3086 3066 3087
3 3077 3079 3088
3 3111 3139 3535
3 3531 3096 3097
3 3109 3112 3083
3 3102 3099 3109
3 3097 3093 2912
3 3086 3088 3079
3 3083 3078 3109
3 3085 3089 3096
3 3110 3090 3089
3 3102 3129 3143
3 3081 2960 3681
3 3106 3053 3121
3 3087 3066 2911
3 3088 3086 3082
3 3522 3087 2911
3 3093 3087 2912
3 3091 3090 3088
3 3088 3074 3077
3 3090 3091 3089
3 3118 3530 3128
3 3091 3088 3082
3 3075 3112 3099
3 3093 3082 3087
3 3093 3091 3082
3 3102 3143 3094
3 3124 3674 3881
3 3095 3097 3115
3 3091 3093 3096
3 3892 3893 3996
3 3104 3100 3106
3 3105 3084 3130
3 3091 3096 3089
3 3097 3096 3093
3 3132 3141 3127
3 3115 3097 2912
3 3095 3133 3531
3 3110 3089 3069
3 3131 3132 3127
3 2961 3681 2958
3 3110 3113 3123
3 3673 3988 3992
3 3134 3136 3137
3 2952 3098 3081
3 3108 2857 4184
3 3164 3103 2957
3 3969 3970 3966
3 3078 3118 3109
3 3095 3101 3131
3 3094 3104 3120
3 3120 3049 3071
3 2913 2857 3108
3 3669 3122 3106
3 3094 3099 3102
3 2952 3675 3098
3 2946 2947 3523
3 3105 3098 3084
3 3052 3119 3122
3 3095 3117 3101
3 3678 3677 3680
3 3991 3122 3988
3 3085 3069 3089
3 3997 3891 3679
3 3523 3098 3105
3 2960 2958 3681
3 3535 3092 3536
3 2960 3081 2944
3 3078 3074 3107
3 3130 3139 3528
3 3525 3090 3110
3 2944 3081 3098
3 3116 3115 2912
3 3115 2913 3117
3 2910 3116 2912
3 3116 2855 3154
3 3108 3117 2913
3 3126 2922 3101
3 3074 3078 3083
3 3107 3074 3525
3 3107 3530 3118
3 3106 3119 3053
3 3530 3525 3123
3 3049 3120 3104
3 3042 3121 3053
3 3104 3121 3049
3 3094 3100 3104
3 3106 3100 3669
3 3672 3524 3670
3 3124 3129 3134
3 3102 3118 3129
3 3131 3127 3133
3 3144 2946 3105
3 3108 3126 3117
3 2922 3126 2863
3 3132 3101 2922
3 3529 3526 3527
3 3142 3538 3152
3 3134 3129 3118
3 3134 3118 3128
3 3124 3138 3143
3 3139 3130 3084
3 3125 3146 3130
3 3132 3131 3101
3 3127 3527 3133
3 2916 3145 2922
3 3147 3140 3146
3 3531 3085 3096
3 3095 3131 3133
3 3142 3541 3149
3 3134 3128 3136
3 3135 3142 3152
3 3137 3124 3134
3 3128 3530 3541
3 3136 3135 3137
3 3152 3677 3135
3 3874 3674 3137
3 3124 3137 3674
3 3100 3094 3533
3 3538 3148 3152
3 3111 3526 3528
3 3529 3141 3125
3 3140 3150 3151
3 3145 3141 3132
3 3130 3146 3140
3 3135 3136 3142
3 3136 3128 3541
3 3124 3143 3129
3 3143 3138 3533
3 3130 3144 3105
3 3151 3144 3140
3 2922 3145 3132
3 3161 3162 2921
3 3125 3141 3146
3 3147 3141 3145
3 3145 2916 3162
3 3150 3147 3161
3 3113 3536 3092
3 3679 2961 3103
3 3113 3149 3123
3 3092 3142 3149
3 2869 2948 3151
3 3140 3147 3150
3 2948 2946 3151
3 3151 2946 3144
3 3538 3142 3092
3 3080 3969 3680
3 3678 3680 3542
3 3678 3137 3135
3 2909 3154 2855
3 2914 3154 2749
3 2760 3155 2919
3 4191 3155 2920
3 4185 3156 2866
3 2865 3156 2760
3 2932 3157 2205
3 3156 3157 2929
3 2555 2931 3158
3 2209 3158 2931
3 3159 2599 3163
3 4191 3159 2934
3 2869 3150 3161
3 2921 3155 4191
3 3147 3145 3162
3 2921 3160 3161
3 2921 3162 2916
3 3147 3162 3161
3 2950 3163 2572
3 3163 2951 2934
3 2966 3165 2647
3 2957 2954 3164
3 2965 3165 2883
3 3167 3166 2884
3 2972 3166 2973
3 2884 2813 3167
3 2895 3167 2813
3 3171 3170 3168
3 2973 3167 3168
3 2891 3172 3171
3 3169 3175 3173
3 3171 3168 2891
3 3170 3169 3173
3 3172 2891 2978
3 3169 3170 3171
3 3183 3187 3545
3 3203 3189 3201
3 2004 3183 3544
3 3179 3175 3180
3 3180 3546 3251
3 2971 3173 3179
3 3186 2004 3544
3 3175 3174 3180
3 3185 3172 2978
3 3176 3172 3185
3 3195 3198 3176
3 3242 3235 3238
3 3197 3175 3169
3 3196 3189 3193
3 3175 3179 3173
3 3179 3177 3571
3 3180 3174 3546
3 3179 3180 3177
3 3256 3265 3270
3 3218 3226 3215
3 2972 3182 2971
3 2973 3170 3182
3 3192 3193 3191
3 3187 3199 3545
3 3192 3174 3178
3 3205 3193 3189
3 3186 3185 2978
3 3201 3196 3199
3 3190 2978 2894
3 3546 3192 3194
3 3544 3545 3176
3 3196 3195 3176
3 2898 2890 3188
3 3186 3543 2004
3 2898 3188 3190
3 3190 2894 2892
3 3189 3203 3204
3 3546 3194 3181
3 3192 3178 3193
3 3192 3191 3194
3 3195 3193 3178
3 3193 3195 3196
3 3191 3205 3206
3 3270 3194 3575
3 3178 3197 3195
3 3198 3172 3176
3 3176 3199 3196
3 3201 3189 3196
3 3175 3197 3178
3 3169 3171 3198
3 3195 3197 3198
3 3198 3197 3169
3 3186 3544 3185
3 3201 3200 3184
3 3200 3201 3199
3 3199 3187 3200
3 4192 2659 2819
3 3207 4194 3548
3 3205 3191 3193
3 2014 3550 3549
3 3184 3683 3201
3 3202 3548 4194
3 3683 3184 3547
3 3189 3204 3205
3 3205 3204 3568
3 3202 3204 3203
3 2983 3219 3216
3 3578 3266 3267
3 3258 3254 3262
3 3202 3208 3548
3 3568 4194 3565
3 2067 3210 2066
3 2972 3209 2970
3 2063 2982 3210
3 3212 3211 2820
3 2902 2982 3211
3 3226 3218 3234
3 3213 3214 3217
3 2820 3218 3212
3 3264 3273 3288
3 3218 3217 3222
3 3214 3213 3216
3 3253 3235 3242
3 3238 3215 3226
3 3224 3216 3213
3 2983 3216 3221
3 3212 3222 3214
3 3246 3255 3215
3 3226 3234 3223
3 3217 3218 3215
3 2984 3219 2983
3 3214 3219 2902
3 3215 3255 3217
3 3479 3480 3481
3 3224 3221 3216
3 3227 3228 3225
3 3218 3222 3212
3 3217 3214 3222
3 3237 3570 3244
3 3257 3253 3245
3 3213 3572 3574
3 3224 3220 3228
3 3225 3232 3231
3 2986 3227 3229
3 3234 3218 2820
3 3223 3242 3238
3 3228 3227 3221
3 3229 3227 3225
3 3224 3228 3221
3 3220 3225 3228
3 3229 3225 3231
3 3229 3569 2988
3 3232 3230 3231
3 4196 3698 3619
3 3232 3225 3220
3 3231 3230 3233
3 3272 3264 3295
3 3306 3288 3271
3 3494 3481 3483
3 3233 3483 3650
3 2820 2903 3236
3 2659 3209 3570
3 3260 3249 3258
3 3213 3217 3572
3 2903 2989 3239
3 3241 2659 3237
3 3223 3234 3237
3 3236 3237 3234
3 3223 3238 3226
3 3235 3249 3246
3 2901 3239 2346
3 3241 3239 2819
3 3571 3240 3570
3 3240 3247 3245
3 3237 3236 3241
3 3239 3241 3236
3 3245 3223 3244
3 3223 3245 3242
3 3235 3253 3254
3 3576 3269 3272
3 3570 3237 2659
3 3244 3240 3245
3 3240 3571 3247
3 3257 3247 3252
3 3235 3246 3238
3 3243 3250 3255
3 3177 3251 3247
3 3251 3252 3247
3 3252 3265 3261
3 3249 3243 3246
3 3252 3261 3248
3 3235 3258 3249
3 3576 3272 3710
3 3224 3213 3574
3 3180 3251 3177
3 3252 3251 3181
3 3261 3265 3256
3 3257 3252 3248
3 3245 3253 3242
3 3254 3253 3248
3 3261 3266 3268
3 3577 3262 3254
3 3243 3255 3246
3 3255 3250 3572
3 3207 3553 3556
3 3273 3274 3271
3 3253 3257 3248
3 3247 3257 3245
3 3235 3254 3258
3 3262 3260 3258
3 3577 3254 3268
3 3278 3321 3288
3 3269 3260 3259
3 3249 3260 3576
3 3265 3252 3181
3 3261 3256 3266
3 3248 3261 3268
3 3259 3260 3262
3 3685 3270 3567
3 3347 3348 3356
3 3263 3282 3276
3 3295 3321 3285
3 3181 3194 3265
3 3270 3265 3194
3 3267 3266 3256
3 3268 3266 3263
3 3274 3279 3271
3 3273 3264 3269
3 3263 3276 3577
3 3248 3268 3254
3 3259 3274 3273
3 3269 3264 3272
3 3575 3194 3191
3 3567 3565 3555
3 3282 3274 3276
3 3271 3292 3275
3 3412 3413 3421
3 3290 3580 3710
3 3259 3273 3269
3 3281 3288 3306
3 3259 3276 3274
3 3282 3263 3578
3 3298 3289 3305
3 3275 3280 3344
3 3577 3259 3262
3 3282 3578 3277
3 3342 3324 3287
3 3277 3286 3279
3 3280 3296 3289
3 3305 3289 3320
3 3277 3579 3286
3 3298 3344 3280
3 3306 3275 3344
3 3285 3321 3278
3 3305 3326 3335
3 4195 3285 3615
3 3277 3279 3282
3 3274 3282 3279
3 3308 3597 3348
3 3320 3299 3305
3 3280 3289 3298
3 3615 3444 4195
3 3273 3271 3288
3 3292 3293 3280
3 3277 3578 3579
3 3293 3292 3286
3 3302 3342 3287
3 3281 3284 3581
3 3292 3271 3279
3 3343 3284 3344
3 3327 3310 3325
3 3284 3306 3344
3 3421 3309 3412
3 3243 3576 3710
3 3298 3343 3344
3 3305 3299 3303
3 3279 3286 3292
3 3293 3286 3283
3 3284 3281 3306
3 3271 3275 3306
3 3301 3297 3613
3 3296 3280 3293
3 3278 3288 3281
3 3272 3295 3290
3 3289 3296 3320
3 3291 3341 3311
3 3294 3300 3302
3 3311 3299 3291
3 3301 3336 3297
3 3298 3335 3343
3 3318 3312 3307
3 3335 3346 3336
3 3319 3341 3291
3 3330 3300 3307
3 3300 3294 3291
3 3317 3303 3338
3 3340 3350 3324
3 3342 3711 3340
3 3330 3307 3312
3 3302 3287 3294
3 3207 3548 3550
3 3280 3275 3292
3 3581 3616 3281
3 3299 3307 3300
3 3487 3480 3485
3 3307 3320 3318
3 3377 3392 3394
3 3563 3560 3564
3 3308 3327 3324
3 3302 3330 3345
3 3307 3299 3320
3 3303 3326 3305
3 3288 3321 3264
3 3345 3330 3312
3 3596 3339 3597
3 3287 3324 3327
3 3310 3327 3322
3 3317 3346 3335
3 3390 3400 3366
3 3339 3356 3348
3 3291 3299 3300
3 3598 3314 3310
3 3358 3328 3598
3 3440 3425 3438
3 3363 3368 3369
3 3313 3364 3378
3 3374 3601 3370
3 3343 3336 3301
3 3345 3582 3323
3 3315 3591 3590
3 3325 3319 3294
3 3318 3320 3296
3 3303 3317 3326
3 3264 3321 3295
3 3283 3318 3293
3 3293 3318 3296
3 3712 3901 3559
3 3350 3308 3324
3 3308 3348 3347
3 3340 3315 3316
3 3352 3351 3328
3 3341 3355 3360
3 3341 3319 3314
3 3308 3347 3322
3 3375 3356 3378
3 3302 3300 3330
3 3308 3322 3327
3 3322 3358 3310
3 3413 3402 3396
3 3353 3590 3593
3 3566 2014 3554
3 3303 3311 3360
3 3368 3370 3338
3 3346 3600 3716
3 3295 3285 3290
3 3700 3224 3574
3 3594 3350 3316
3 3338 3355 3368
3 3565 3207 3556
3 3551 3566 3557
3 3298 3305 3335
3 3443 3442 3407
3 3294 3287 3325
3 3336 3343 3335
3 3352 3369 3355
3 3316 3350 3340
3 3345 3312 3582
3 3325 3310 3314
3 3470 3443 3631
3 3313 3378 3596
3 3367 3380 3328
3 3597 3308 3350
3 3317 3335 3326
3 3350 3594 3354
3 3365 3347 3356
3 3287 3327 3325
3 3587 3312 3318
3 3587 3318 3283
3 3342 3345 3323
3 3342 3302 3345
3 3297 3336 3346
3 3284 3343 3301
3 3314 3319 3325
3 3291 3294 3319
3 3299 3311 3303
3 3351 3341 3314
3 3347 3361 3322
3 3598 3351 3314
3 3316 3315 3590
3 3323 3586 3711
3 3581 3301 3613
3 3324 3342 3340
3 3347 3365 3361
3 3355 3341 3351
3 3355 3351 3352
3 3597 3354 3596
3 3334 3354 3594
3 3379 3384 3375
3 3355 3338 3360
3 3361 3365 3357
3 3365 3384 3357
3 3328 3358 3367
3 3599 3322 3361
3 3358 3599 3366
3 3380 3352 3328
3 3372 3371 3374
3 3303 3360 3338
3 3341 3360 3311
3 3361 3357 3366
3 3366 3357 3390
3 3392 3377 3382
3 3363 3372 3370
3 3338 3370 3317
3 3332 3375 3364
3 3339 3378 3356
3 3356 3375 3365
3 3332 3379 3375
3 3388 3357 3384
3 3366 3400 3367
3 3366 3367 3358
3 3362 3376 3380
3 3369 3368 3355
3 3370 3368 3363
3 3381 3352 3602
3 3363 3369 3603
3 3373 3372 3363
3 3346 3601 3600
3 3373 3371 3372
3 3373 3395 3371
3 3373 3363 3359
3 3396 3402 3371
3 3359 3382 3373
3 3395 3382 3397
3 3374 3412 3600
3 3370 3372 3374
3 3379 3332 3349
3 3376 3607 3605
3 3352 3381 3369
3 3604 3392 3359
3 3398 3386 3397
3 3378 3339 3596
3 3375 3378 3364
3 3387 3379 3349
3 3384 3365 3375
3 3362 3380 3367
3 3380 3376 3602
3 3604 3381 3605
3 3603 3381 3604
3 3359 3603 3604
3 3382 3377 3397
3 3456 3458 3436
3 3719 3406 3611
3 3387 3384 3379
3 3384 3387 3388
3 3406 3719 3401
3 3429 3428 3423
3 3371 3402 3374
3 3395 3396 3371
3 3405 3349 3399
3 3387 3383 3388
3 3389 3383 3410
3 3357 3388 3390
3 3359 3392 3382
3 3400 3362 3367
3 3388 3383 3389
3 3388 3389 3390
3 3383 3419 3410
3 3400 3401 3719
3 3723 3724 3721
3 3430 3437 3459
3 3377 3394 3420
3 4193 3392 3385
3 3412 3309 3600
3 3382 3395 3373
3 3396 3395 3386
3 3386 3414 3409
3 3386 3409 3396
3 3398 3397 3377
3 3395 3397 3386
3 3398 3431 3415
3 3434 3407 3425
3 3389 3401 3390
3 3349 3405 3387
3 3400 3390 3401
3 3411 3424 3429
3 3406 3401 3418
3 3416 3413 3409
3 3374 3402 3412
3 3434 3451 3435
3 3411 3399 3424
3 3450 3422 3426
3 3393 3408 3416
3 3411 3405 3399
3 3387 3405 3419
3 3608 3610 3612
3 3429 3424 3428
3 3393 3426 3422
3 3413 3412 3402
3 3448 3433 3447
3 3440 3297 3716
3 3414 3386 3398
3 3416 3409 3404
3 3383 3387 3419
3 3458 3423 3436
3 3424 3399 23
3 3410 3418 3389
3 3437 3420 3394
3 3415 3414 3398
3 3409 3413 3396
3 3413 3408 3421
3 3398 3377 3420
3 3409 3414 3448
3 3431 3398 3420
3 3414 3415 3448
3 3426 3393 3416
3 3413 3416 3408
3 3417 3456 3463
3 3389 3418 3401
3 3391 3463 3456
3 3426 3416 3404
3 3405 3411 3419
3 3410 3419 3411
3 3451 3421 3408
3 3435 3393 3452
3 3435 3408 3393
3 3309 3421 3425
3 3427 3435 3452
3 3441 3634 3446
3 3406 3418 3417
3 3418 3410 3458
3 3415 3431 3721
3 3437 3454 3620
3 3425 3407 3438
3 3426 3404 3447
3 3462 3464 3629
3 3445 3618 3442
3 3604 3605 3385
3 3424 23 3428
3 3410 3411 3429
3 3459 3394 4193
3 3622 3739 3909
3 3431 3420 3620
3 3721 3725 3614
3 3432 3438 3439
3 3613 3432 3304
3 4197 3903 3449
3 3447 3450 3426
3 3425 3421 3451
3 3434 3427 3443
3 3452 3393 3422
3 3434 3435 3427
3 3391 3456 3436
3 3429 3423 3458
3 3394 3392 4193
3 3437 3430 3454
3 3439 3438 3407
3 3440 3438 3432
3 3442 3439 3407
3 3615 3617 3618
3 3440 3432 3613
3 3425 3440 3309
3 3631 3468 3470
3 3706 3686 3707
3 3407 3434 3443
3 3445 3442 3441
3 3469 3468 3462
3 3441 3442 3443
3 4196 3445 3446
3 3278 3615 3285
3 3446 3445 3441
3 3615 3618 3444
3 3452 3468 3427
3 3695 3573 3693
3 3448 3447 3404
3 3433 4197 3450
3 3448 3404 3409
3 3448 3415 3724
3 3737 3433 3723
3 3452 3422 3462
3 3433 3450 3447
3 3450 3449 3464
3 3435 3451 3408
3 3425 3451 3434
3 3467 3744 3629
3 3465 3648 3470
3 3461 3459 3453
3 3430 3621 3454
3 3614 3725 3727
3 3472 3465 3469
3 3632 3634 3441
3 3627 3628 3457
3 3456 3417 3458
3 3624 3337 3623
3 3417 3463 3406
3 3418 3458 3417
3 3410 3429 3458
3 3394 3459 3437
3 3720 3624 3461
3 3717 3612 3453
3 3461 3430 3459
3 3623 3460 3461
3 3464 3462 3422
3 3462 3455 3469
3 3627 3457 3626
3 3450 3464 3422
3 3449 3467 3629
3 3629 3744 3455
3 3472 3474 3465
3 3737 3738 4197
3 3463 3391 3466
3 3796 3733 3772
3 3462 3468 3452
3 3468 3465 3470
3 3746 3471 3917
3 3468 3469 3465
3 3475 3648 3474
3 3443 3470 3632
3 3658 3860 3492
3 3482 3485 3486
3 3917 3469 3455
3 3741 3474 3472
3 3496 3502 3659
3 3691 3696 3699
3 3741 3472 3471
3 3474 3473 3475
3 3475 3638 3637
3 3443 3632 3441
3 2904 2990 3477
3 3481 3480 3476
3 2827 3649 2668
3 2991 3476 3477
3 2825 2823 3478
3 3650 3478 2823
3 3490 3479 3481
3 3482 3486 3495
3 3481 3476 2991
3 3485 3480 3479
3 2991 3483 3481
3 3652 3483 3233
3 3493 3479 3490
3 3487 2828 3480
3 2991 3478 3650
3 3653 3491 3652
3 3230 3654 3653
3 3658 3948 3504
3 3486 3485 3479
3 3485 3482 3487
3 3492 3495 3496
3 3482 3495 2
3 2 3488 3482
3 3488 3487 3482
3 3509 3661 3665
3 3487 3488 3663
3 3494 3483 3491
3 2 3489 3664
3 3484 3859 3490
3 3230 3652 3233
3 3490 3491 3484
3 3479 3493 3486
3 2 3492 3860
3 3658 3504 3860
3 3493 3502 3486
3 3491 3490 3494
3 3490 3481 3494
3 3496 3495 3486
3 2 3495 3492
3 3636 3638 3642
3 3666 3513 3511
3 3749 3751 3644
3 3496 3486 3502
3 3646 3913 3911
3 2835 3499 2831
3 3001 2906 3510
3 3508 3011 3511
3 3655 3493 3859
3 2998 3507 3505
3 3500 3658 3496
3 3644 3639 3641
3 3007 1713 3503
3 3004 3666 3016
3 3662 3872 2097
3 3865 3657 3862
3 3507 3499 2834
3 2906 3506 2998
3 2906 2998 3505
3 2904 3661 3660
3 3016 3511 3011
3 3501 3656 3861
3 3511 3513 3508
3 3863 3501 3861
3 3000 3506 3001
3 3 3507 2830
3 3500 3496 3659
3 3515 3666 3514
3 3512 3515 4
3 3008 3513 3512
3 3515 3512 3513
3 4 3515 3514
3 3003 3516 2999
3 3015 3516 3014
3 3010 3517 3013
3 3520 3017 3518
3 3012 3517 3667
3 2910 3668 2506
3 3012 3013 3517
3 3017 3520 3008
3 3009 3520 3518
3 3030 3521 3041
3 3040 3521 3044
3 2911 3062 3668
3 2912 3522 2910
3 3098 3523 2944
3 2946 3523 3105
3 3100 3533 3534
3 3980 3524 3672
3 3090 3525 3074
3 3110 3123 3525
3 3527 3526 3085
3 3528 3526 3125
3 3133 3527 3085
3 3127 3141 3529
3 3130 3528 3125
3 3111 3528 3139
3 3526 3529 3125
3 3127 3529 3527
3 3525 3530 3107
3 3541 3530 3123
3 3095 3531 3097
3 3085 3531 3133
3 3980 3981 3673
3 3670 3669 3100
3 3143 3533 3094
3 3533 3138 3883
3 3881 3138 3124
3 3877 3965 4050
3 3539 3139 3084
3 3092 3535 3537
3 3069 3536 3113
3 3111 3535 3536
3 3535 3139 3539
3 3537 3539 3676
3 3092 3537 3538
3 3148 3538 3537
3 3084 3675 3539
3 3676 3148 3537
3 3540 3676 3675
3 3677 3889 3080
3 3149 3541 3123
3 3136 3541 3142
3 3889 3995 3080
3 3975 4050 3532
3 3176 3185 3544
3 3188 2890 3543
3 3176 3545 3199
3 3183 3545 3544
3 3546 3181 3251
3 3192 3546 3174
3 3547 3208 3202
3 3203 3683 3202
3 3548 3549 3550
3 3586 3585 3711
3 3548 3208 3549
3 3550 3553 3207
3 3586 3323 3583
3 3588 3333 3587
3 3558 3553 3551
3 3551 3553 3566
3 3556 3553 3558
3 3557 3554 3552
3 3550 3566 3553
3 3556 3558 3555
3 3567 3206 3565
3 3565 3556 3555
3 3592 3329 3593
3 3562 3559 3561
3 3561 3558 3551
3 3563 3555 3558
3 3551 3557 3684
3 3333 3583 3582
3 3712 3333 3588
3 3286 3579 3589
3 3561 3551 3684
3 3563 3558 3901
3 3552 3714 3557
3 3586 3584 3585
3 3901 3558 3561
3 3560 3709 3564
3 3256 3270 3685
3 3555 3563 3564
3 3567 3555 3564
3 3565 3206 3568
3 2014 3566 3550
3 3554 3557 3566
3 3709 3894 3564
3 3270 3206 3567
3 3205 3568 3206
3 3204 3202 4194
3 2988 3569 2823
3 3231 3569 3229
3 3571 3570 2974
3 3244 3570 3240
3 3179 3571 2974
3 3247 3571 3177
3 3255 3572 3217
3 3574 3572 3687
3 3688 3243 3710
3 3285 4195 3692
3 3687 3572 3250
3 3573 3695 3700
3 3191 3206 3575
3 3206 3270 3575
3 3249 3576 3243
3 3269 3576 3260
3 3263 3577 3268
3 3259 3577 3276
3 3266 3578 3263
3 3579 3578 3267
3 3267 3894 3709
3 3712 3589 3560
3 3580 3690 3689
3 3689 3687 3688
3 3581 3304 3616
3 3284 3301 3581
3 3587 3582 3312
3 3333 3712 3583
3 3584 3583 3559
3 3323 3582 3583
3 3559 3562 3584
3 3584 3562 3585
3 3557 3714 3902
3 3315 3585 3591
3 3584 3586 3583
3 3711 3585 3315
3 3588 3587 3283
3 3587 3333 3582
3 3589 3588 3283
3 3588 3589 3712
3 3286 3589 3283
3 3589 3579 3709
3 3590 3353 3334
3 3591 3585 3713
3 3593 3591 3592
3 3713 3585 3562
3 3329 3592 3715
3 3353 3593 3329
3 3590 3591 3593
3 3316 3590 3594
3 3334 3594 3590
3 3354 3595 3596
3 3354 3334 3595
3 3313 3596 3595
3 3348 3597 3339
3 3350 3354 3597
3 3358 3598 3310
3 3351 3598 3328
3 3322 3599 3358
3 3361 3366 3599
3 3309 3440 3716
3 3601 3346 3317
3 3370 3601 3317
3 3374 3600 3601
3 3380 3602 3352
3 3376 3381 3602
3 3363 3603 3359
3 3369 3381 3603
3 3605 3381 3376
3 3392 3604 3385
3 3607 3362 3606
3 3607 3608 3605
3 3406 3463 3628
3 3605 3608 3385
3 3362 3607 3376
3 3608 3607 3606
3 3608 3606 3610
3 4193 3717 3453
3 3611 3740 3610
3 3624 3626 3337
3 3611 3610 3606
3 3610 3609 3612
3 3718 3611 3606
3 3406 3627 3740
3 3626 3624 3625
3 3461 3453 3720
3 3613 3304 3581
3 3440 3613 3297
3 3725 3721 3726
3 3727 3731 3614
3 3278 3616 3615
3 3615 3616 3617
3 3281 3616 3278
3 3617 3616 3304
3 3432 3617 3304
3 3617 3439 3618
3 3442 3618 3439
3 3444 3618 3445
3 3446 3900 3698
3 3573 3687 3689
3 3437 3620 3420
3 3726 3620 3454
3 3909 3461 3460
3 3926 3801 3802
3 3621 3739 3403
3 3739 3621 3430
3 3624 3623 3461
3 3625 3624 3612
3 3612 3609 3625
3 3625 3609 3626
3 3627 3626 3609
3 3457 3337 3626
3 3627 3609 3740
3 3466 3628 3463
3 3457 3628 3466
3 3406 3628 3627
3 3462 3629 3455
3 3449 3629 3464
3 3794 3807 3729
3 3746 3747 3471
3 3443 3427 3631
3 3468 3631 3427
3 3475 3635 3470
3 3635 3634 3632
3 3637 3633 3635
3 3898 3643 3998
3 3632 3470 3635
3 3634 3633 3900
3 3637 3635 3475
3 3633 3634 3635
3 3636 3637 3638
3 3642 3643 3636
3 3638 3475 3473
3 3636 3898 3899
3 3644 3641 3473
3 3642 3641 3645
3 3493 3655 3502
3 3638 3473 3641
3 3646 3911 3645
3 3653 3947 3491
3 3474 3741 3473
3 3645 3641 3639
3 3641 3642 3638
3 3643 3642 3640
3 3742 3910 3911
3 3858 3704 3651
3 3744 3746 3917
3 3749 3471 3747
3 3646 3645 3639
3 3642 3645 3640
3 3752 3644 3751
3 3961 4080 4041
3 3918 3747 3748
3 3756 3769 3774
3 3474 3648 3465
3 3475 3470 3648
3 2825 3649 2353
3 3477 3649 3478
3 3233 3650 2823
3 2991 3650 3483
3 3705 3697 3701
3 3910 3643 3640
3 3653 3652 3230
3 3483 3652 3491
3 3230 3232 3705
3 3858 3653 3654
3 3220 3224 3700
3 3654 3704 3858
3 3947 3946 4046
3 3742 3913 3914
3 3861 3862 3657
3 3861 3656 3504
3 4080 3961 3866
3 3496 3658 3492
3 3658 3500 3948
3 4007 4008 4009
3 3760 3762 3753
3 3661 2904 2828
3 3662 3660 3509
3 2828 3663 3661
3 3664 3665 3663
3 3870 3871 3509
3 3662 2097 3873
3 3487 3663 2828
3 3664 3663 3488
3 2 3664 3488
3 3489 3665 3664
3 3489 2992 3665
3 3870 2992 4210
3 3514 3666 3004
3 3666 3515 3513
3 3017 3519 3518
3 3517 3519 3667
3 2911 3668 3522
3 3670 3100 3534
3 3669 3524 3992
3 3885 3884 3881
3 3524 3669 3670
3 3884 3883 3881
3 3673 3987 3988
3 3534 3672 3670
3 3887 3977 3884
3 3977 3978 3672
3 3987 3984 3051
3 3874 3137 3542
3 3671 3674 3874
3 3098 3675 3084
3 3540 3675 2952
3 3675 3676 3539
3 3676 3540 3889
3 3683 3203 3201
3 3971 3966 3970
3 2952 3081 3681
3 3137 3678 3542
3 3080 3680 3677
3 3876 3875 3671
3 3677 3148 3889
3 2952 3890 3995
3 3967 3879 3965
3 3680 2959 3877
3 3713 3562 3902
3 3681 2961 3892
3 3547 3202 3683
3 3561 3684 3562
3 3894 3567 3564
3 3256 3685 3894
3 3693 3573 3689
3 3691 3694 3696
3 3688 3687 3250
3 3573 3574 3687
3 3243 3688 3250
3 3688 3580 3689
3 3690 3580 3290
3 3695 3693 3691
3 3290 3692 3690
3 3693 3694 3691
3 3689 3694 3693
3 3696 3619 3698
3 3285 3692 3290
3 3694 3692 3619
3 3694 3689 3690
3 3691 3895 3695
3 3692 3694 3690
3 3696 3694 3619
3 3697 3695 3686
3 3697 3220 3700
3 3699 3696 3896
3 3699 3707 3895
3 3701 3697 3686
3 3232 3220 3697
3 4196 3619 4195
3 3698 3900 3702
3 3896 3698 3702
3 3651 3704 3703
3 3573 3700 3574
3 3695 3697 3700
3 3701 3686 3706
3 3701 3704 3705
3 3636 3899 3637
3 3998 3897 3898
3 3703 3707 3708
3 3912 4003 3998
3 3705 3704 3654
3 3704 3701 3706
3 3230 3705 3654
3 3697 3705 3232
3 3686 3895 3707
3 3704 3706 3703
3 3708 3707 3699
3 3703 3706 3707
3 3699 3896 3897
3 3912 3643 3910
3 3589 3709 3560
3 3267 3709 3579
3 3290 3710 3272
3 3688 3710 3580
3 3340 3711 3315
3 3323 3711 3342
3 3901 3560 3563
3 3712 3559 3583
3 3902 3562 3684
3 3591 3713 3592
3 3715 3714 3552
3 3902 3592 3713
3 3346 3716 3297
3 3714 3715 3592
3 3309 3716 3600
3 3385 3608 3717
3 3612 3717 3608
3 3606 3362 3718
3 3362 3400 3719
3 3611 3718 3719
3 3719 3718 3362
3 3453 3612 3720
3 3624 3720 3612
3 3726 3454 3722
3 3723 3721 3614
3 3621 3735 3454
3 3730 3735 4208
3 3731 3734 3614
3 3433 3448 3724
3 3721 3724 3415
3 3433 3724 3723
3 3726 3721 3431
3 3727 3725 3722
3 3726 3431 3620
3 3722 3725 3726
3 4208 3728 3730
3 3921 3798 4201
3 3796 3772 3798
3 3722 3730 3727
3 3723 3614 3734
3 3735 3730 3722
3 3730 3736 3732
3 3731 3727 3732
3 3734 3731 3772
3 3730 3728 3736
3 3734 3737 3723
3 3821 3829 3819
3 3738 3737 3733
3 3731 3732 3920
3 3734 3733 3737
3 3454 3735 3722
3 4208 3621 3403
3 3331 3732 3736
3 3730 3732 3727
3 3772 3733 3734
3 3805 3795 3775
3 3738 3903 4197
3 3909 3430 3461
3 3403 3739 3622
3 3610 3740 3609
3 3406 3740 3611
3 3471 3644 3741
3 3473 3741 3644
3 3753 3762 3763
3 3912 4000 4001
3 3787 3744 3467
3 3750 3755 3752
3 3903 3467 3449
3 3746 3744 3647
3 3767 3770 3775
3 3647 3744 3787
3 3747 3746 3647
3 3471 3472 3917
3 3748 3747 3647
3 3747 3743 3749
3 3802 3904 3926
3 3774 3780 3756
3 3766 3751 3743
3 3471 3749 3644
3 3770 3773 3768
3 3752 3754 3639
3 3743 3751 3749
3 3752 3751 3750
3 3755 3754 3752
3 3644 3752 3639
3 3753 3755 3757
3 3757 3760 3753
3 3763 3754 3753
3 3646 3639 3754
3 3758 3757 3755
3 3753 3754 3755
3 3756 3757 3758
3 3756 3758 3769
3 3758 3755 3750
3 3756 3780 3760
3 3766 3750 3751
3 3758 3750 3766
3 3955 3953 3950
3 3646 3763 3765
3 3756 3760 3757
3 3759 4205 3762
3 3780 4012 3759
3 3859 4046 3655
3 3759 3762 3760
3 3763 3762 3761
3 3765 3763 4102
3 3763 3646 3754
3 3952 3950 3951
3 3764 4048 4010
3 4102 3763 3761
3 3914 3913 3765
3 3918 3743 3747
3 3743 3918 3766
3 3776 3795 3808
3 3771 3777 3781
3 3908 3828 3787
3 3823 3821 3630
3 3758 3766 3773
3 3767 3777 3774
3 3767 3769 3770
3 3769 3758 3773
3 3776 3775 3795
3 3759 3760 3780
3 3783 3779 3785
3 3777 3771 3774
3 3768 3773 3766
3 3769 3773 3770
3 3767 3774 3769
3 3774 3771 3778
3 3768 3775 3770
3 3796 3798 3801
3 3729 3793 3794
3 3781 3785 3771
3 3767 3775 3776
3 3777 3782 3781
3 3771 3785 3779
3 3778 3771 3779
3 3778 3779 3788
3 3810 3929 3807
3 3774 3778 3780
3 3780 3778 4012
3 3767 3776 3777
3 4015 4022 3790
3 3926 3733 3796
3 3777 3776 3782
3 3793 3792 3781
3 4012 3788 3919
3 4033 4014 3790
3 3786 3792 3791
3 4062 3929 3810
3 3783 3788 3779
3 3781 3786 3785
3 3782 3776 3812
3 4020 4027 4022
3 3783 3785 3786
3 4035 3783 4036
3 3783 4038 3788
3 3841 3943 3839
3 3781 3792 3786
3 3781 3782 3793
3 3783 3786 3803
3 3794 3793 3782
3 4022 4027 4029
3 3929 3792 3729
3 3792 3793 3729
3 3794 3809 3807
3 3816 3931 3932
3 3805 3775 3768
3 3808 3795 3811
3 3922 3833 3800
3 3822 3834 3825
3 4199 4200 3920
3 3789 3923 4202
3 4201 4198 3799
3 3772 3731 3920
3 3798 3921 3801
3 3800 3921 3922
3 3814 3818 3820
3 3772 3920 4200
3 3801 3800 3802
3 3999 3830 3907
3 3738 3904 3903
3 4013 3786 3791
3 4033 4013 4014
3 3782 3812 3794
3 3931 3813 3935
3 3768 3918 3826
3 3795 3805 3823
3 3811 3806 3808
3 3817 3811 3818
3 3815 3794 3812
3 3807 3804 3810
3 3811 3795 3630
3 3806 3809 3815
3 3816 3809 3806
3 3807 3809 3932
3 3804 3934 4063
3 4062 3791 3929
3 3818 3811 3630
3 3841 3854 3817
3 3776 3808 3812
3 3808 3806 3815
3 3845 3846 3839
3 4043 3937 4075
3 3821 3819 3820
3 3820 3825 3814
3 3794 3815 3809
3 3808 3815 3812
3 3817 3806 3811
3 3816 3813 3931
3 3836 3814 3825
3 3806 3817 3856
3 3630 3821 3820
3 3817 3818 3814
3 3829 3830 3819
3 3831 3822 3825
3 3630 3820 3818
3 3819 3831 3825
3 3630 3795 3823
3 3940 3823 3826
3 3833 3822 3831
3 3941 3832 3942
3 3805 3826 3823
3 3827 3940 3826
3 3827 3748 3828
3 3904 3802 3905
3 3819 3825 3820
3 3923 3789 3924
3 3768 3826 3805
3 3827 3826 3748
3 3828 3748 3647
3 3829 3940 3824
3 3787 3828 3647
3 3824 3827 3828
3 3821 3823 3940
3 3830 3829 3824
3 3824 3828 3908
3 3905 3802 3907
3 3830 4060 3819
3 3999 3833 3831
3 3943 3841 3817
3 3834 3836 3825
3 3801 3921 3800
3 3925 3922 3923
3 3837 3834 3822
3 3834 3832 3836
3 3836 3832 3839
3 3834 3837 3942
3 3814 3836 3943
3 3822 3833 3925
3 3837 3835 3941
3 3941 3838 3832
3 3855 3857 3945
3 3813 3816 3854
3 3838 3839 3832
3 3843 3849 3850
3 3838 3849 3845
3 3839 3838 3845
3 3848 3813 3854
3 3839 3846 3841
3 3844 3842 3849
3 3849 3838 3844
3 3838 3745 3844
3 3845 3843 3846
3 3846 3843 3852
3 3841 3846 3848
3 3848 3852 3847
3 3852 3853 4044
3 3852 3848 3846
3 3936 3848 3847
3 3850 3849 3842
3 3845 3849 3843
3 3840 3853 3851
3 3853 3852 3850
3 3843 3850 3852
3 3850 3842 3851
3 3850 3851 3853
3 3944 3937 4044
3 3945 3944 3840
3 3816 3806 3856
3 3841 3848 3854
3 4021 3939 3784
3 4014 4013 3791
3 3817 3854 3856
3 3816 3856 3854
3 4032 4029 4027
3 3840 3944 3853
3 4204 4002 3651
3 3491 3947 3484
3 3490 3859 3493
3 4046 3859 3484
3 3504 3656 3860
3 2 3860 3656
3 3862 3861 3504
3 3863 3861 3657
3 3659 3949 3500
3 3948 3865 3862
3 3866 3961 4082
3 4077 3863 3657
3 3865 3958 4077
3 3865 3948 3866
3 4077 4112 3497
3 3949 3866 3948
3 3953 3955 4041
3 4041 3867 3961
3 4112 4077 3958
3 3964 3956 3962
3 4012 4011 3759
3 3870 3509 3665
3 4211 4209 3869
3 3665 2992 3870
3 3870 4209 3871
3 3870 4210 4209
3 3509 3871 3662
3 4209 3872 3871
3 2092 2097 3872
3 2088 3873 2097
3 2107 3873 2086
3 3876 3874 3542
3 3671 3874 3876
3 3876 3542 3877
3 3880 4051 3878
3 3542 3680 3877
3 3114 4053 3975
3 3968 3967 3965
3 3875 3876 3877
3 4054 4052 3888
3 3114 3975 3532
3 3671 4055 3885
3 3879 3532 4050
3 4054 4056 4055
3 3533 3883 3534
3 3882 4056 3887
3 3977 3672 3534
3 3138 3881 3883
3 3674 3885 3881
3 3884 3882 3887
3 3534 3883 3884
3 3671 3885 3674
3 3882 3884 3885
3 3886 4057 3982
3 3986 3673 3981
3 3875 3975 4053
3 3887 3886 3977
3 4053 3114 3976
3 3880 3886 3887
3 3676 3889 3148
3 3995 3889 3540
3 3996 3890 2952
3 3890 3996 3893
3 3682 3679 3891
3 3891 3997 2218
3 3892 3679 3893
3 3682 3973 3679
3 3974 3971 3973
3 3256 3894 3267
3 3567 3894 3685
3 3695 3895 3686
3 3691 3699 3895
3 3698 3896 3696
3 3897 3896 3702
3 3897 3702 3898
3 3699 3897 3708
3 3899 3898 3702
3 3643 3898 3636
3 3900 3899 3702
3 3637 3899 3633
3 3634 3900 3446
3 3899 3900 3633
3 3559 3901 3561
3 3560 3901 3712
3 3557 3902 3684
3 3592 3902 3714
3 3738 3926 3904
3 3787 3467 3906
3 3800 3907 3802
3 3904 3905 3906
3 3830 3908 3905
3 3905 3787 3906
3 3467 3903 3906
3 3906 3903 3904
3 3999 3800 3833
3 3830 3905 3907
3 3824 3908 3830
3 3787 3905 3908
3 3622 3909 3460
3 3430 3909 3739
3 3911 3910 3640
3 3912 3910 3742
3 3645 3911 3640
3 3646 3765 3913
3 4010 4000 3914
3 3912 4001 4003
3 3914 3765 3764
3 3742 3911 3913
3 3956 3868 3962
3 3916 4000 4010
3 4006 4007 3946
3 4000 3912 3742
3 3916 4004 4002
3 4204 3651 3703
3 3469 3917 3472
3 3744 3917 3455
3 3826 3918 3748
3 3766 3918 3768
3 3803 4036 3783
3 3956 3964 4132
3 4199 3732 3331
3 4200 4198 4201
3 3921 3797 3922
3 3797 3923 3922
3 3924 3925 3923
3 4202 3923 3797
3 3789 3835 3924
3 3835 3837 3924
3 3925 3833 3922
3 3924 3837 3925
3 3822 3925 3837
3 3733 3926 3738
3 3801 3926 3796
3 4014 4016 3790
3 4021 3784 4018
3 4112 4086 4088
3 3949 3951 3953
3 3792 3929 3791
3 3807 3929 3729
3 3804 3932 3931
3 4043 4075 3933
3 3935 3936 4043
3 3804 3931 3934
3 3807 3932 3804
3 3816 3932 3809
3 4075 3857 4045
3 4024 4025 3930
3 3935 3934 3931
3 3934 3938 4206
3 3936 3935 3813
3 3938 3935 3933
3 3848 3936 3813
3 3936 3847 3937
3 3847 4044 3937
3 4074 4026 4105
3 3930 4030 3939
3 3934 3935 3938
3 4107 0 4108
3 4021 4024 3939
3 3824 3940 3827
3 3821 3940 3829
3 3835 3745 3941
3 3941 3745 3838
3 3834 3942 3832
3 3837 3941 3942
3 3814 3943 3817
3 3839 3943 3836
3 3937 3944 3857
3 4061 4002 4005
3 3944 3945 3857
3 4006 3957 3963
3 3653 3858 3947
3 3946 3947 3858
3 3948 3862 3504
3 3949 3948 3500
3 3659 3502 3952
3 3949 3659 3951
3 3955 3956 3954
3 4114 4096 4097
3 3952 3951 3659
3 3953 3951 3950
3 4009 3502 3655
3 3959 3952 3868
3 3950 3959 3955
3 4116 4065 4118
3 4038 4040 3788
3 3954 4041 3955
3 3950 3952 3959
3 4039 4079 4037
3 3963 3960 3962
3 4070 4205 4011
3 4027 4134 4115
3 4049 3764 4102
3 4082 3865 3866
3 4086 4084 4087
3 3868 3956 3959
3 3955 3959 3956
3 4048 3957 3915
3 3764 4049 4048
3 3960 3963 3957
3 4114 4099 4096
3 3963 3962 3868
3 3964 3962 3960
3 4008 3868 4009
3 3946 4005 4006
3 4048 4049 4071
3 4011 3919 4066
3 3965 2959 3968
3 3888 4052 3976
3 3969 3968 2959
3 3080 3970 3969
3 2959 3680 3969
3 3966 3153 3967
3 3967 3968 3966
3 3080 3995 3970
3 3966 3968 3969
3 3893 3972 3890
3 3966 3971 3153
3 3970 3972 3971
3 3972 3973 3971
3 3890 3972 3970
3 3973 3972 3893
3 3679 3973 3893
3 3974 3153 3971
3 4050 3875 3877
3 3973 3682 3974
3 3671 3875 4053
3 3977 3534 3884
3 3978 3977 3886
3 4103 3878 4058
3 3980 3978 3981
3 3980 3673 3992
3 3981 3978 3982
3 3672 3978 3980
3 3982 3978 3886
3 3990 3983 3989
3 3886 3880 4057
3 3985 3986 3981
3 3985 3981 3982
3 3986 3985 3989
3 3987 3051 3988
3 4103 4058 4059
3 3990 3993 22
3 3983 3984 3986
3 3673 3986 3987
3 3984 3987 3986
3 3122 3991 3052
3 3988 3122 3992
3 3994 3990 3985
3 3983 3986 3989
3 3669 3992 3122
3 3985 3990 3989
3 3988 3051 3991
3 3992 3524 3980
3 4059 3985 3982
3 3994 3993 3990
3 3979 3993 3994
3 2952 3995 3540
3 3970 3995 3890
3 2952 3681 3996
3 3996 3681 3892
3 3679 3103 3997
3 2218 3997 3103
3 3912 3998 3643
3 3897 3998 3708
3 3831 3819 4060
3 3800 3999 3907
3 3914 4000 3742
3 4001 4000 3916
3 4001 3916 4002
3 4003 3708 3998
3 3916 4010 4004
3 4061 3858 3651
3 4204 4003 4001
3 3703 3708 4003
3 3915 3957 4006
3 4005 4004 4006
3 4061 3946 3858
3 4002 4004 4005
3 3915 4006 4004
3 4006 3963 4007
3 4008 4007 3963
3 4007 3655 4046
3 3963 3868 4008
3 4009 3868 3952
3 3502 4009 3952
3 3655 4007 4009
3 3764 4010 3914
3 4004 4010 3915
3 4042 4066 4072
3 4070 4068 4069
3 3788 4012 3778
3 4011 4012 3919
3 3786 4013 3803
3 4023 4016 4017
3 4017 4016 4014
3 4019 4015 4016
3 4015 4019 3927
3 3791 4062 4014
3 4019 4021 4018
3 4025 4017 3810
3 3930 3939 4024
3 4022 3927 4020
3 4016 4015 3790
3 3927 4019 4018
3 4019 4023 4021
3 4022 4015 3927
3 4021 4023 4024
3 4064 3498 4134
3 4029 3790 4022
3 4016 4023 4019
3 4024 4023 4017
3 4025 4024 4017
3 4206 4028 4030
3 4063 3810 3804
3 3934 3930 4025
3 4028 3933 4073
3 4133 4034 3939
3 4031 4105 4026
3 4036 4029 4032
3 4206 3933 4028
3 4034 3784 3939
3 4206 4030 3930
3 3803 4033 4029
3 4105 4031 4133
3 4117 4065 4116
3 4133 4028 4105
3 3928 4035 4032
3 4013 4033 3803
3 3790 4029 4033
3 4039 4037 4040
3 4133 3939 4030
3 3783 4035 4038
3 4029 4036 3803
3 4032 4035 4036
3 4079 4039 4035
3 4049 4070 4069
3 4039 4038 4035
3 4038 4039 4040
3 3928 4079 4035
3 4118 4128 4067
3 4042 4040 4037
3 3788 4040 4072
3 4115 4032 4027
3 3915 4010 4048
3 4037 3864 4117
3 4066 4068 4011
3 3935 4043 3933
3 3936 3937 4043
3 3852 4044 3847
3 3944 4044 3853
3 4076 3857 3855
3 4074 4105 4073
3 3947 4046 3484
3 4007 4046 3946
3 4080 3949 3953
3 4131 4041 3954
3 3761 4205 4070
3 3960 3957 4048
3 4069 3964 4071
3 4050 3965 3879
3 3875 4050 3975
3 3885 4055 3882
3 4054 4051 3880
3 3976 4052 4053
3 3671 4053 4052
3 4051 4054 3888
3 4056 4054 3880
3 3671 4052 4055
3 4054 4055 4052
3 3887 4056 3880
3 4055 4056 3882
3 3880 3878 4057
3 3979 3994 4059
3 3830 3999 4060
3 4058 3979 4059
3 3985 4059 3994
3 4103 3982 4057
3 3831 4060 3999
3 4002 4061 3651
3 3946 4061 4005
3 3810 4017 4062
3 4014 4062 4017
3 3934 4025 4063
3 3810 4063 4025
3 4150 4097 4148
3 4027 4020 4064
3 3864 4120 4117
3 4072 4066 3919
3 4118 4068 4042
3 4116 4042 4037
3 4067 4129 4132
3 4042 4068 4066
3 4068 4067 4069
3 4067 3964 4069
3 4071 3964 3960
3 3761 4070 4049
3 4068 4070 4011
3 4048 4071 3960
3 4049 4069 4071
3 3788 4072 3919
3 4040 4042 4072
3 4075 4073 3933
3 4045 4110 4073
3 4076 4045 3857
3 4026 4074 4109
3 3857 4075 3937
3 4073 4075 4045
3 4108 0 4106
3 4073 4110 4074
3 3863 4077 3497
3 3865 4077 3657
3 3928 4032 4115
3 3958 4084 4086
3 4037 4079 3864
3 3949 4080 3866
3 4041 4080 3953
3 4088 4091 4078
3 4084 3865 4082
3 3961 4083 4082
3 4084 3958 3865
3 4111 3961 3867
3 4098 4093 4095
3 4083 4087 4082
3 4098 4095 4085
3 4084 4082 4087
3 1 4078 4091
3 4088 4086 4085
3 4087 4083 4093
3 4086 4087 4098
3 4091 4088 4101
3 4078 4092 4112
3 4094 4096 4083
3 4081 4100 4113
3 4101 4088 4085
3 4095 4100 4085
3 4090 1 4091
3 4083 3961 4111
3 4112 3958 4086
3 4099 4093 4096
3 4117 4123 4065
3 4089 4114 4047
3 4099 4095 4093
3 4095 4113 4100
3 4083 4096 4093
3 4096 4094 4097
3 4125 4123 4120
3 3928 4136 4079
3 4086 4098 4085
3 4093 4098 4087
3 4081 4090 4100
3 4113 4099 4089
3 4101 4090 4091
3 4085 4100 4101
3 4090 4101 4100
3 3765 4102 3764
3 3761 4049 4102
3 3982 4103 4059
3 3878 4103 4057
3 4123 4124 4065
3 4136 4115 4121
3 4109 4108 4106
3 4073 4105 4028
3 4109 4076 4108
3 4076 3855 4107
3 4076 4107 4108
3 4026 4109 4106
3 4109 4074 4110
3 4045 4076 4110
3 4109 4110 4076
3 4140 4111 3867
3 4094 4083 4111
3 4078 4112 4088
3 4112 4092 3497
3 4099 4113 4095
3 4089 4081 4113
3 4047 4114 4097
3 4089 4099 4114
3 4143 4141 4135
3 4142 4121 4141
3 4117 4116 4037
3 4065 4128 4118
3 4121 4120 3864
3 4127 4122 4138
3 4068 4118 4067
3 4042 4116 4118
3 4126 4119 4147
3 4138 4140 4127
3 4079 4136 3864
3 4120 4119 4125
3 4121 4115 4141
3 4120 4121 4145
3 4125 4126 4122
3 4130 4131 4129
3 4120 4123 4117
3 4124 4123 4122
3 4130 4122 4127
3 4129 4067 4128
3 4126 4125 4119
3 4123 4125 4122
3 4145 4142 4149
3 4139 4097 4094
3 4138 4122 4126
3 4131 3954 4129
3 4065 4124 4128
3 4129 4128 4124
3 4130 4129 4124
3 4129 3954 4132
3 4122 4130 4124
3 4130 4127 4131
3 4127 3867 4131
3 4041 4131 3867
3 3956 4132 3954
3 4067 4132 3964
3 4034 4133 4031
3 4028 4133 4030
3 4064 4134 4027
3 4146 4134 3498
3 4115 4136 3928
3 4146 4135 4141
3 4121 3864 4136
3 4150 4047 4097
3 4147 4148 4126
3 4126 4139 4138
3 4138 4139 4140
3 4139 4126 4148
3 4139 4094 4140
3 4111 4140 4094
3 3867 4127 4140
3 4146 4141 4115
3 4142 4143 4104
3 4137 4147 4149
3 4144 4149 4104
3 4119 4149 4147
3 4141 4143 4142
3 4150 4144 4047
3 4120 4145 4119
3 4121 4142 4145
3 4145 4149 4119
3 4134 4146 4115
3 4149 4144 4137
3 4147 4137 4148
3 4148 4097 4139
3 4148 4137 4150
3 4104 4149 4142
3 4144 4150 4137
3 4152 4151 60
3 57 27 4151
3 55 4152 60
3 53 70 4153
3 78 4153 71
3 4151 4153 57
3 83 4154 7
3 4155 4154 93
3 94 4155 93
3 4155 96 4156
3 113 4156 96
3 92 4156 87
3 451 4157 429
3 4157 370 428
3 417 4158 398
3 670 4158 487
3 430 4159 421
3 1172 4159 375
3 4160 107 515
3 522 4160 535
3 767 4161 760
3 779 841 4161
3 1004 4162 1003
3 1024 4162 999
3 1258 4164 1252
3 1257 1254 4163
3 4163 4164 1257
3 1065 4165 1060
3 1064 1307 4165
3 1083 4166 1133
3 1085 4166 1329
3 13 1167 4167
3 4167 1167 1339
3 1561 4168 1340
3 151 4168 1564
3 816 4169 681
3 1580 4169 801
3 1442 4170 1438
3 1469 4170 1249
3 1533 4171 1330
3 1094 4171 1534
3 1585 4172 1380
3 150 4172 1723
3 1899 4174 1091
3 1865 4173 1864
3 1852 4174 1900
3 2677 4175 1770
3 2648 4175 2359
3 2252 4176 2262
3 2266 4176 2260
3 2472 4177 2462
3 3059 4178 2470
3 3030 4178 2523
3 4179 4178 3027
3 3028 4179 3027
3 4177 4179 2457
3 2241 4180 2209
3 2479 4180 2197
3 2538 4181 2230
3 2548 4181 2518
3 3026 4183 2730
3 2780 2775 4182
3 3020 4183 2850
3 2750 2863 4184
3 4184 2863 3126
3 3156 4185 2760
3 2925 4185 2866
3 2792 4186 2793
3 4182 4186 2780
3 2667 4187 2825
3 2987 4187 2664
3 4189 4188 1869
3 3503 4188 3007
3 2997 4189 1869
3 2996 3005 4190
3 4188 4190 3007
3 2996 4190 4189
3 4191 2763 3159
3 2921 4191 3160
3 2970 4192 2885
3 2659 4192 3209
3 3717 4193 3385
3 3459 4193 3453
3 3565 4194 3207
3 3204 4194 3568
3 4196 4195 3444
3 3692 4195 3619
3 3445 4196 3444
3 3698 4196 3446
3 3450 4197 3449
3 3737 4197 3433
3 4199 3331 4198
3 4200 4201 3798
3 3732 4199 3920
3 4198 4200 4199
3 3772 4200 3798
3 4203 3799 4202
3 3921 4201 3797
3 3799 4203 4201
3 4201 4203 3797
3 4202 3797 4203
3 4003 4204 3703
3 4002 4204 4001
3 3762 4205 3761
3 3759 4011 4205
3 3934 4206 3930
3 3933 4206 3938
3 2307 4207 2306
3 2310 4207 2305
3 3869 2072 4211
3 3621 4208 3735
3 2992 3869 4210
3 4209 4210 3869
3 4212 2072 2113
3 4213 3872 4209
3 4213 2092 3872
3 2072 4212 4211
3 4211 4213 4209
3 2092 4213 4212
3 1066 4214 1075
3 4215 4214 1536
3 1638 4215 1536
3 4215 1540 1790
CELL_TYPES 8086
7
7
7
7
7
7
7
7
7
7
7
7
7
7
7
7
7
7
7
7
7
7
7
7
7
7
7
7
7
7
7
7
7
7
7
7
7
7
7
7
7
7
7
7
7
7
7
7
7
7
7
7
7
7
7
7
7
7
7
7
7
7
7
7
7
7
7
7
7
7
7
7
7
7
7
7
7
7
7
7
7
7
7
7
7
7
7
7
7
7
7
7
7
7
7
7
7
7
7
7
7
7
7
7
7
7
7
7
7
7
7
7
7
7
7
7
7
7
7
7
7
7
7
7
7
7
7
7
7
7
7
7
7
7
7
7
7
7
7
7
7
7
7
7
7
7
7
7
7
7
7
7
7
7
7
7
7
7
7
7
7
7
7
7
7
7
7
7
7
7
7
7
7
7
7
7
7
7
7
7
7
7
7
7
7
7
7
7
7
7
7
7
7
7
7
7
7
7
7
7
7
7
7
7
7
7
7
7
7
7
7
7
7
7
7
7
7
7
7
7
7
7
7
7
7
7
7
7
7
7
7
7
7
7
7
7
7
7
7
7
7
7
7
7
7
7
7
7
7
7
7
7
7
7
7
7
7
7
7
7
7
7
7
7
7
7
7
7
7
7
7
7
7
7
7
7
7
7
7
7
7
7
7
7
7
7
7
7
7
7
7
7
7
7
7
7
7
7
7
7
7
7
7
7
7
7
7
7
7
7
7
7
7
7
7
7
7
7
7
7
7
7
7
7
7
7
7
7
7
7
7
7
7
7
7
7
7
7
7
7
7
7
7
7
7
7
7
7
7
7
7
7
7
7
7
7
7
7
7
7
7
7
7
7
7
7
7
7
7
7
7
7
7
7
7
7
7
7
7
7
7
7
7
7
7
7
7
7
7
7
7
7
7
7
7
7
7
7
7
7
7
7
7
7
7
7
7
7
7
7
7
7
7
7
7
7
7
7
7
7
7
7
7
7
7
7
7
7
7
7
7
7
7
7
7
7
7
7
7
7
7
7
7
7
7
7
7
7
7
7
7
7
7
7
7
7
7
7
7
7
7
7
7
7
7
7
7
7
7
7
7
7
7
7
7
7
7
7
7
7
7
7
7
7
7
7
7
7
7
7
7
7
7
7
7
7
7
7
7
7
7
7
7
7
7
7
7
7
7
7
7
7
7
7
7
7
7
7
7
7
7
7
7
7
7
7
7
7
7
7
7
7
7
7
7
7
7
7
7
7
7
7
7
7
7
7
7
7
7
7
7
7
7
7
7
7
7
7
7
7
7
7
7
7
7
7
7
7
7
7
7
7
7
7
7
7
7
7
7
7
7
7
7
7
7
7
7
7
7
7
7
7
7
7
7
7
7
7
7
7
7
7
7
7
7
7
7
7
7
7
7
7
7
7
7
7
7
7
7
7
7
7
7
7
7
7
7
7
7
7
7
7
7
7
7
7
7
7
7
7
7
7
7
7
7
7
7
7
7
7
7
7
7
7
7
7
7
7
7
7
7
7
7
7
7
7
7
7
7
7
7
7
7
7
7
7
7
7
7
7
7
7
7
7
7
7
7
7
7
7
7
7
7
7
7
7
7
7
7
7
7
7
7
7
7
7
7
7
7
7
7
7
7
7
7
7
7
7
7
7
7
7
7
7
7
7
7
7
7
7
7
7
7
7
7
7
7
7
7
7
7
7
7
7
7
7
7
7
7
7
7
7
7
7
7
7
7
7
7
7
7
7
7
7
7
7
7
7
7
7
7
7
7
7
7
7
7
7
7
7
7
7
7
7
7
7
7
7
7
7
7
7
7
7
7
7
7
7
7
7
7
7
7
7
7
7
7
7
7
7
7
7
7
7
7
7
7
7
7
7
7
7
7
7
7
7
7
7
7
7
7
7
7
7
7
7
7
7
7
7
7
7
7
7
7
7
7
7
7
7
7
7
7
7
7
7
7
7
7
7
7
7
7
7
7
7
7
7
7
7
7
7
7
7
7
7
7
7
7
7
7
7
7
7
7
7
7
7
7
7
7
7
7
7
7
7
7
7
7
7
7
7
7
7
7
7
7
7
7
7
7
7
7
7
7
7
7
7
7
7
7
7
7
7
7
7
7
7
7
7
7
7
7
7
7
7
7
7
7
7
7
7
7
7
7
7
7
7
7
7
7
7
7
7
7
7
7
7
7
7
7
7
7
7
7
7
7
7
7
7
7
7
7
7
7
7
7
7
7
7
7
7
7
7
7
7
7
7
7
7
7
7
7
7
7
7
7
7
7
7
7
7
7
7
7
7
7
7
7
7
7
7
7
7
7
7
7
7
7
7
7
7
7
7
7
7
7
7
7
7
7
7
7
7
7
7
7
7
7
7
7
7
7
7
7
7
7
7
7
7
7
7
7
7
7
7
7
7
7
7
7
7
7
7
7
7
7
7
7
7
7
7
7
7
7
7
7
7
7
7
7
7
7
7
7
7
7
7
7
7
7
7
7
7
7
7
7
7
7
7
7
7
7
7
7
7
7
7
7
7
7
7
7
7
7
7
7
7
7
7
7
7
7
7
7
7
7
7
7
7
7
7
7
7
7
7
7
7
7
7
7
7
7
7
7
7
7
7
7
7
7
7
7
7
7
7
7
7
7
7
7
7
7
7
7
7
7
7
7
7
7
7
7
7
7
7
7
7
7
7
7
7
7
7
7
7
7
7
7
7
7
7
7
7
7
7
7
7
7
7
7
7
7
7
7
7
7
7
7
7
7
7
7
7
7
7
7
7
7
7
7
7
7
7
7
7
7
7
7
7
7
7
7
7
7
7
7
7
7
7
7
7
7
7
7
7
7
7
7
7
7
7
7
7
7
7
7
7
7
7
7
7
7
7
7
7
7
7
7
7
7
7
7
7
7
7
7
7
7
7
7
7
7
7
7
7
7
7
7
7
7
7
7
7
7
7
7
7
7
7
7
7
7
7
7
7
7
7
7
7
7
7
7
7
7
7
7
7
7
7
7
7
7
7
7
7
7
7
7
7
7
7
7
7
7
7
7
7
7
7
7
7
7
7
7
7
7
7
7
7
7
7
7
7
7
7
7
7
7
7
7
7
7
7
7
7
7
7
7
7
7
7
7
7
7
7
7
7
7
7
7
7
7
7
7
7
7
7
7
7
7
7
7
7
7
7
7
7
7
7
7
7
7
7
7
7
7
7
7
7
7
7
7
7
7
7
7
7
7
7
7
7
7
7
7
7
7
7
7
7
7
7
7
7
7
7
7
7
7
7
7
7
7
7
7
7
7
7
7
7
7
7
7
7
7
7
7
7
7
7
7
7
7
7
7
7
7
7
7
7
7
7
7
7
7
7
7
7
7
7
7
7
7
7
7
7
7
7
7
7
7
7
7
7
7
7
7
7
7
7
7
7
7
7
7
7
7
7
7
7
7
7
7
7
7
7
7
7
7
7
7
7
7
7
7
7
7
7
7
7
7
7
7
7
7
7
7
7
7
7
7
7
7
7
7
7
7
7
7
7
7
7
7
7
7
7
7
7
7
7
7
7
7
7
7
7
7
7
7
7
7
7
7
7
7
7
7
7
7
7
7
7
7
7
7
7
7
7
7
7
7
7
7
7
7
7
7
7
7
7
7
7
7
7
7
7
7
7
7
7
7
7
7
7
7
7
7
7
7
7
7
7
7
7
7
7
7
7
7
7
7
7
7
7
7
7
7
7
7
7
7
7
7
7
7
7
7
7
7
7
7
7
7
7
7
7
7
7
7
7
7
7
7
7
7
7
7
7
7
7
7
7
7
7
7
7
7
7
7
7
7
7
7
7
7
7
7
7
7
7
7
7
7
7
7
7
7
7
7
7
7
7
7
7
7
7
7
7
7
7
7
7
7
7
7
7
7
7
7
7
7
7
7
7
7
7
7
7
7
7
7
7
7
7
7
7
7
7
7
7
7
7
7
7
7
7
7
7
7
7
7
7
7
7
7
7
7
7
7
7
7
7
7
7
7
7
7
7
7
7
7
7
7
7
7
7
7
7
7
7
7
7
7
7
7
7
7
7
7
7
7
7
7
7
7
7
7
7
7
7
7
7
7
7
7
7
7
7
7
7
7
7
7
7
7
7
7
7
7
7
7
7
7
7
7
7
7
7
7
7
7
7
7
7
7
7
7
7
7
7
7
7
7
7
7
7
7
7
7
7
7
7
7
7
7
7
7
7
7
7
7
7
7
7
7
7
7
7
7
7
7
7
7
7
7
7
7
7
7
7
7
7
7
7
7
7
7
7
7
7
7
7
7
7
7
7
7
7
7
7
7
7
7
7
7
7
7
7
7
7
7
7
7
7
7
7
7
7
7
7
7
7
7
7
7
7
7
7
7
7
7
7
7
7
7
7
7
7
7
7
7
7
7
7
7
7
7
7
7
7
7
7
7
7
7
7
7
7
7
7
7
7
7
7
7
7
7
7
7
7
7
7
7
7
7
7
7
7
7
7
7
7
7
7
7
7
7
7
7
7
7
7
7
7
7
7
7
7
7
7
7
7
7
7
7
7
7
7
7
7
7
7
7
7
7
7
7
7
7
7
7
7
7
7
7
7
7
7
7
7
7
7
7
7
7
7
7
7
7
7
7
7
7
7
7
7
7
7
7
7
7
7
7
7
7
7
7
7
7
7
7
7
7
7
7
7
7
7
7
7
7
7
7
7
7
7
7
7
7
7
7
7
7
7
7
7
7
7
7
7
7
7
7
7
7
7
7
7
7
7
7
7
7
7
7
7
7
7
7
7
7
7
7
7
7
7
7
7
7
7
7
7
7
7
7
7
7
7
7
7
7
7
7
7
7
7
7
7
7
7
7
7
7
7
7
7
7
7
7
7
7
7
7
7
7
7
7
7
7
7
7
7
7
7
7
7
7
7
7
7
7
7
7
7
7
7
7
7
7
7
7
7
7
7
7
7
7
7
7
7
7
7
7
7
7
7
7
7
7
7
7
7
7
7
7
7
7
7
7
7
7
7
7
7
7
7
7
7
7
7
7
7
7
7
7
7
7
7
7
7
7
7
7
7
7
7
7
7
7
7
7
7
7
7
7
7
7
7
7
7
7
7
7
7
7
7
7
7
7
7
7
7
7
7
7
7
7
7
7
7
7
7
7
7
7
7
7
7
7
7
7
7
7
7
7
7
7
7
7
7
7
7
7
7
7
7
7
7
7
7
7
7
7
7
7
7
7
7
7
7
7
7
7
7
7
7
7
7
7
7
7
7
7
7
7
7
7
7
7
7
7
7
7
7
7
7
7
7
7
7
7
7
7
7
7
7
7
7
7
7
7
7
7
7
7
7
7
7
7
7
7
7
7
7
7
7
7
7
7
7
7
7
7
7
7
7
7
7
7
7
7
7
7
7
7
7
7
7
7
7
7
7
7
7
7
7
7
7
7
7
7
7
7
7
7
7
7
7
7
7
7
7
7
7
7
7
7
7
7
7
7
7
7
7
7
7
7
7
7
7
7
7
7
7
7
7
7
7
7
7
7
7
7
7
7
7
7
7
7
7
7
7
7
7
7
7
7
7
7
7
7
7
7
7
7
7
7
7
7
7
7
7
7
7
7
7
7
7
7
7
7
7
7
7
7
7
7
7
7
7
7
7
7
7
7
7
7
7
7
7
7
7
7
7
7
7
7
7
7
7
7
7
7
7
7
7
7
7
7
7
7
7
7
7
7
7
7
7
7
7
7
7
7
7
7
7
7
7
7
7
7
7
7
7
7
7
7
7
7
7
7
7
7
7
7
7
7
7
7
7
7
7
7
7
7
7
7
7
7
7
7
7
7
7
7
7
7
7
7
7
7
7
7
7
7
7
7
7
7
7
7
7
7
7
7
7
7
7
7
7
7
7
7
7
7
7
7
7
7
7
7
7
7
7
7
7
7
7
7
7
7
7
7
7
7
7
7
7
7
7
7
7
7
7
7
7
7
7
7
7
7
7
7
7
7
7
7
7
7
7
7
7
7
7
7
7
7
7
7
7
7
7
7
7
7
7
7
7
7
7
7
7
7
7
7
7
7
7
7
7
7
7
7
7
7
7
7
7
7
7
7
7
7
7
7
7
7
7
7
7
7
7
7
7
7
7
7
7
7
7
7
7
7
7
7
7
7
7
7
7
7
7
7
7
7
7
7
7
7
7
7
7
7
7
7
7
7
7
7
7
7
7
7
7
7
7
7
7
7
7
7
7
7
7
7
7
7
7
7
7
7
7
7
7
7
7
7
7
7
7
7
7
7
7
7
7
7
7
7
7
7
7
7
7
7
7
7
7
7
7
7
7
7
7
7
7
7
7
7
7
7
7
7
7
7
7
7
7
7
7
7
7
7
7
7
7
7
7
7
7
7
7
7
7
7
7
7
7
7
7
7
7
7
7
7
7
7
7
7
7
7
7
7
7
7
7
7
7
7
7
7
7
7
7
7
7
7
7
7
7
7
7
7
7
7
7
7
7
7
7
7
7
7
7
7
7
7
7
7
7
7
7
7
7
7
7
7
7
7
7
7
7
7
7
7
7
7
7
7
7
7
7
7
7
7
7
7
7
7
7
7
7
7
7
7
7
7
7
7
7
7
7
7
7
7
7
7
7
7
7
7
7
7
7
7
7
7
7
7
7
7
7
7
7
7
7
7
7
7
7
7
7
7
7
7
7
7
7
7
7
7
7
7
7
7
7
7
7
7
7
7
7
7
7
7
7
7
7
7
7
7
7
7
7
7
7
7
7
7
7
7
7
7
7
7
7
7
7
7
7
7
7
7
7
7
7
7
7
7
7
7
7
7
7
7
7
7
7
7
7
7
7
7
7
7
7
7
7
7
7
7
7
7
7
7
7
7
7
7
7
7
7
7
7
7
7
7
7
7
7
7
7
7
7
7
7
7
7
7
7
7
7
7
7
7
7
7
7
7
7
7
7
7
7
7
7
7
7
7
7
7
7
7
7
7
7
7
7
7
7
7
7
7
7
7
7
7
7
7
7
7
7
7
7
7
7
7
7
7
7
7
7
7
7
7
7
7
7
7
7
7
7
7
7
7
7
7
7
7
7
7
7
7
7
7
7
7
7
7
7
7
7
7
7
7
7
7
7
7
7
7
7
7
7
7
7
7
7
7
7
7
7
7
7
7
7
7
7
7
7
7
7
7
7
7
7
7
7
7
7
7
7
7
7
7
7
7
7
7
7
7
7
7
7
7
7
7
7
7
7
7
7
7
7
7
7
7
7
7
7
7
7
7
7
7
7
7
7
7
7
7
7
7
7
7
7
7
7
7
7
7
7
7
7
7
7
7
7
7
7
7
7
7
7
7
7
7
7
7
7
7
7
7
7
7
7
7
7
7
7
7
7
7
7
7
7
7
7
7
7
7
7
7
7
7
7
7
7
7
7
7
7
7
7
7
7
7
7
7
7
7
7
7
7
7
7
7
7
7
7
7
7
7
7
7
7
7
7
7
7
7
7
7
7
7
7
7
7
7
7
7
7
7
7
7
7
7
7
7
7
7
7
7
7
7
7
7
7
7
7
7
7
7
7
7
7
7
7
7
7
7
7
7
7
7
7
7
7
7
7
7
7
7
7
7
7
7
7
7
7
7
7
7
7
7
7
7
7
7
7
7
7
7
7
7
7
7
7
7
7
7
7
7
7
7
7
7
7
7
7
7
7
7
7
7
7
7
7
7
7
7
7
7
7
7
7
7
7
7
7
7
7
7
7
7
7
7
7
7
7
7
7
7
7
7
7
7
7
7
7
7
7
7
7
7
7
7
7
7
7
7
7
7
7
7
7
7
7
7
7
7
7
7
7
7
7
7
7
7
7
7
7
7
7
7
7
7
7
7
7
7
7
7
7
7
7
7
7
7
7
7
7
7
7
7
7
7
7
7
7
7
7
7
7
7
7
7
7
7
7
7
7
7
7
7
7
7
7
7
7
7
7
7
7
7
7
7
7
7
7
7
7
7
7
7
7
7
7
7
7
7
7
7
7
7
7
7
7
7
7
7
7
7
7
7
7
7
7
7
7
7
7
7
7
7
7
7
7
7
7
7
7
7
7
7
7
7
7
7
7
7
7
7
7
7
7
7
7
7
7
7
7
7
7
7
7
7
7
7
7
7
7
7
7
7
7
7
7
7
7
7
7
7
7
7
7
7
7
7
7
7
7
7
7
7
7
7
7
7
7
7
7
7
7
7
7
7
7
7
7
7
7
7
7
7
7
7
7
7
7
7
7
7
7
7
7
7
7
7
7
7
7
7
7
7
7
7
7
7
7
7
7
7
7
7
7
7
7
7
7
7
7
7
7
7
7
7
7
7
7
7
7
7
7
7
7
7
7
7
7
7
7
7
7
7
7
7
7
7
7
7
7
7
7
7
7
7
7
7
7
7
7
7
7
7
7
7
7
7
7
7
7
7
7
7
7
7
7
7
7
7
7
7
7
7
7
7
7
7
7
7
7
7
7
7
7
7
7
7
7
7
7
7
7
7
7
7
7
7
7
7
7
7
7
7
7
7
7
7
7
7
7
7
7
7
7
7
7
7
7
7
7
7
7
7
7
7
7
7
7
7
7
7
7
7
7
7
7
7
7
7
7
7
7
7
7
7
7
7
7
7
7
7
7
7
7
7
7
7
7
7
7
7
7
7
7
7
7
7
7
7
7
7
7
7
7
7
7
7
7
7
7
7
7
7
7
7
7
7
7
7
7
7
7
7
7
7
7
7
7
7
7
7
7
7
7
7
7
7
7
7
7
7
7
7
7
7
7
7
7
7
7
7
7
7
7
7
7
7
7
7
7
7
7
7
7
7
7
7
7
7
7
7
7
7
7
7
7
7
7
7
7
7
7
7
7
7
7
7
7
7
7
7
7
7
7
7
7
7
7
7
7
7
7
7
7
7
7
7
7
7
7
7
7
7
7
7
7
7
7
7
7
7
7
7
7
7
7
7
7
7
7
7
7
7
7
7
7
7
7
7
7
7
7
7
7
7
7
7
7
7
7
7
7
7
7
7
7
7
7
7
7
7
7
7
7
7
7
7
7
7
7
7
7
7
7
7
7
7
7
7
7
7
7
7
7
7
7
7
7
7
7
7
7
7
7
7
7
7
7
7
7
7
7
7
7
7
7
7
7
7
7
7
7
7
7
7
7
7
7
7
7
7
7
7
7
7
7
7
7
7
7
7
7
7
7
7
7
7
7
7
7
7
7
7
7
7
7
7
7
7
7
7
7
7
7
7
7
7
7
7
7
7
7
7
7
7
7
7
7
7
7
7
7
7
7
7
7
7
7
7
7
7
7
7
7
7
7
7
7
7
7
7
7
7
7
7
7
7
7
7
7
7
7
7
7
7
7
7
7
7
7
7
7
7
7
7
7
7
7
7
7
7
7
7
7
7
7
7
7
7
7
7
7
7
7
7
7
7
7
7
7
7
7
7
7
7
7
7
7
7
7
7
7
7
7
7
7
7
7
7
7
7
7
7
7
7
7
7
7
7
7
7
7
7
7
7
7
7
7
7
7
7
7
7
7
7
7
7
7
7
7
7
7
7
7
7
7
7
7
7
7
7
7
7
7
7
7
7
7
7
7
7
7
7
7
7
7
7
7
7
7
7
7
7
7
7
7
7
7
7
7
7
7
7
7
7
7
7
7
7
7
7
7
7
7
7
7
7
7
7
7
7
7
7
7
7
7
7
7
7
7
7
7
7
7
7
7
7
7
7
7
7
7
7
7
7
7
7
7
7
7
7
7
7
7
7
7
7
7
7
7
7
7
7
7
7
7
7
7
7
7
7
7
7
7
7
7
7
7
7
7
7
7
7
7
7
7
7
7
7
7
7
7
7
7
7
7
7
7
7
7
7
7
7
7
7
7
7
7
7
7
7
7
7
7
7
7
7
7
7
7
7
7
7
7
7
7
7
7
7
7
7
7
7
7
7
7
7
7
7
7
7
7
7
7
7
7
7
7
7
7
7
7
7
7
7
7
7
7
7
7
7
7
7
7
7
7
7
7
7
7
7
7
7
7
7
7
7
7
7
7
7
7
7
7
7
7
7
7
7
7
7
7
7
7
7
7
7
7
7
7
7
7
7
7
7
7
7
7
7
7
7
7
7
7
7
7
7
7
7
7
7
7
7
7
7
7
7
7
7
7
7
7
7
7
7
7
7
7
7
7
7
7
7
7
7
7
7
7
7
7
7
7
7
7
7
7
7
7
7
7
7
7
7
7
7
7
7
7
7
7
7
7
7
7
7
7
7
7
7
7
7
7
7
7
7
7
7
7
7
7
7
7
7
7
7
7
7
7
7
7
7
7
7
7
7
7
7
7
7
7
7
7
7
7
7
7
7
7
7
7
7
7
7
7
7
7
7
7
7
7
7
7
7
7
7
7
7
7
7
7
7
7
7
7
7
7
7
7
7
7
7
7
7
7
7
7
7
7
7
7
7
7
7
7
7
7
7
7
7
7
7
7
7
7
7
7
7
7
7
7
7
7
7
7
7
7
7
7
7
7
7
7
7
7
7
7
7
7
7
7
7
7
7
7
7
7
7
7
7
7
7
7
7
7
7
7
7
7
7
7
7
7
7
7
7
7
7
7
7
7
7
7
7
7
7
7
7
7
7
7
7
7
7
7
7
7
7
7
7
7
7
7
7
7
7
7
7
7
7
7
7
7
7
7
7
7
7
7
7
7
7
7
7
7
7
7
7
7
7
7
7
7
7
7
7
7
7
7
7
7
7
7
7
7
7
7
7
7
7
7
7
7
7
7
7
7
7
7
7
7
7
7
7
7
7
7
7
7
7
7
7
7
7
7
7
7
7
7
7
7
7
7
7
7
7
7
7
7
7
7
7
7
7
7
7
7
7
7
7
7
7
7
7
7
7
7
7
7
7
7
7
7
7
7
7
7
7
7
7
7
7
7
7
7
7
7
7
7
7
7
7
7
7
7
7
7
7
7
7
7
7
7
7
7
7
7
7
7
7
7
7
7
7
7
7
7
7
7
7
7
7
7
7
7
7
7
7
7
7
7
7
7
7
7
7
7
7
7
7
7
7
7
7
7
7
7
7
7
7
7
7
7
7
7
7
7
7
7
7
7
7
7
7
7
7
7
7
7
7
7
7
7
7
7
7
7
7
7
7
7
7
7
7
7
7
7
7
7
7
7
7
7
7
7
7
7
7
7
7
7
7
7
7
7
7
7
7
7
7
7
7
7
7
7
7
7
7
7
7
7
7
7
7
7
7
7
7
7
7
7
7
7
7
7
7
7
7
7
7
7
7
7
7
7
7
7
7
7
7
7
7
7
7
7
7
7
7
7
7
7
7
7
7
7
7
7
7
7
7
7
7
7
7
7
7
7
7
7
7
7
7
7
7
7
7
7
7
7
7
7
7
7
7
7
7
7
7
7
7
7
7
7
7
7
7
7
7
7
7
7
7
7
7
7
7
7
7
7
7
7
7
7
7
7
7
7
7
7
7
7
7
7
7
7
7
7
7
7
7
7
7
7
7
7
7
7
7
7
7
7
7
7
7
7
7
7
7
7
7
7
7
7
7
7
7
7
7
7
7
7
7
7
7
7
7
7
7
7
7
7
7
7
7
7
7
7
7
7
7
7
7
7
7
7
7
7
7
7
7
7
7
7
7
7
7
7
7
7
7
7
7
7
7
7
7
7
7
7
7
7
7
7
7
7
7
7
7
7
7
7
7
7
7
7
7
7
7
7
7
7
7
7
7
7
7
7
7
7
7
7
7
7
7
7
7
7
7
7
7
7
7
7
7
7
7
7
7
7
7
7
7
7
7
7
7
7
7
7
7
7
7
7
7
7
7
7
7
7
7
7
7
7
7
7
7
7
7
7
7
7
7
7
7
7
7
7
7
7
7
7
7
7
7
7
7
7
7
7
7
7
7
7
7
7
7
7
7
7
7
7
7
7
7
7
7
7
7
7
7
7
7
7
7
7
7
7
7
7
7
7
7
7
7
7
7
7
7
7
7
7
7
7
7
7
7
7
7
7
7
7
7
7
7
7
7
7
7
7
7
7
7
7
7
7
7
7
7
7
7
7
7
7
7
7
7
7
7
7
7
7
7
7
7
7
7
7
7
7
7
7
7
7
7
7
7
7
7
7
7
7
7
7
7
7
7
7
7
7
7
7
7
7
7
7
7
7
7
7
7
7
7
7
7
7
7
7
7
7
7
7
7
7
7
7
7
7
7
7
7
7
7
7
7
7
7
7
7
7
7
7
7
7
7
7
7
7
7
7
7
7
7
7
7
7
7
7
7
7
7
7
7
7
7
7
7
7
7
7
7
7
7
7
7
7
7
7
7
7
7
7
7
7
7
7
7
7
7
7
7
7
7
7
7
7
7
7
7
7
7
7
7
7
7
7
7
7
7
7
7
7
7
7
7
7
7
7
7
7
7
7
7
7
7
7
7
7
7
7
7
7
7
7
7
7
7
7
7
7
7
7
7
7
7
7
7
7
7
7
7
7
7
7
7
7
7
7
7
7
7
7
7
7
7
7
7
7
7
7
7
7
7
7
7
7
7
7
7
7
7
7
7
7
7
7
7
7
7
7
7
7
7
7
7
7
7
7
7
7
7
7
7
7
7
7
7
7
7
7
7
7
7
7
7
7
7
7
7
7
7
7
7
7
7
7
7
7
7
7
7
7
7
7
7
7
7
7
7
7
7
7
7
7
7
7
7
7
7
7
7
7
7
7
7
7
7
7
7
7
7
7
7
7
7
7
7
7
7
7
7
7
7
7
7
7
7
7
7
7
7
7
7
7
7
7
7
7
7
7
7
7
7
7
7
7
7
7
7
7
7
7
7
7
7
7
7
7
7
7
7
7
7
7
7
7
7
7
7
7
7
7
7
7
7
7
7
7
7
7
7
7
7
7
7
7
7
7
7
7
7
7
7
7
7
7
7
7
7
7
7
7
7
7
7
7
7
7
7
7
7
7
7
7
7
7
7
7
7
7
7
7
7
7
7
7
7
7
7
7
7
7
7
7
7
7
7
7
7
7
7
7
7
7
7
7
7
7
7
7
7
7
7
7
7
7
7
7
7
7
7
7
7
7
7
7
7
7
7
7
7
7
7
7
7
7
7
7
7
7
7
7
7
7
7
7
7
7
7
7
7
7
7
7
7
7
7
7
7
7
7
7
7
7
7
7
7
7
7
7
7
7
7
7
7
7
7
7
7
7
7
7
7
7
7
7
7
7
7
7
7
7
7
7
7
7
7
7
7
7
7
7
7
7
7
7
7
7
7
7
7
7
7
7
7
7
7
7
7
7
7
7
7
7
7
7
7
7
7
7
7
7
7
7
7
7
7
7
7
7
7
7
7
7
7
7
7
7
7
7
7
7
7
7
7
7
7
7
7
7
7
7
7
7
7
7
7
7
7
7
7
7
7
7
7
7
7
7
7
7
7
7
7
7
7
7
7
7
7
7
7
7
7
7
7
7
7
7
7
7
7
7
7
7
7
7
7
7
7
7
7
7
7
7
7
7
7
7
7
7
7
7
7
7
7
7
7
7
7
7
7
7
7
7
7
7
7
7
7
7
7
7
7
7
7
7
7
7
7
7
7
7
7
7
7
7
7
7
7
7
7
7
7
7
7
7
7
7
7
7
7
7
7
7
7
7
7
7
7
7
7
7
7
7
7
7
7
7
7
7
7
7
7
7
7
7
7
7
7
7
7
7
7
7
7
7
7
7
7
7
7
7
7
7
7
7
7
7
7
7
7
7
7
7
7
7
7
7
7
7
7
7
7
7
7
7
7
7
7
7
7
7
7
7
7
7
7
7
7
7
7
7
7
7
7
7
7
7
7
7
7
7
7
7
7
7
7
7
7
7
7
7
7
7
7
7
7
7
7
7
7
7
7
7
7
7
7
7
7
7
7
7
7
7
7
7
7
7
7
7
7
7
7
7
7
7
7
7
7
7
7
7
7
7
7
7
7
7
7
7
7
7
7
7
7
7
7
7
7
7
7
7
7
7
7
7
7
7
7
7
7
7
7
7
7
7
7
7
7
7
7
7
7
7
7
7
7
7
7
7
7
7
7
7
7
7
7
7
7
7
7
7
7
7
7
7
7
7
7
7
7
7
7
7
7
7
7
7
7
7
7
7
7
7
7
7
7
7
7
7
7
7
7
7
7
7
7
7
7
7
7
7
7
7
7
7
7
7
7
7
7
7
7
7
7
7
7
7
7
7
7
7
7
7
7
7
7
7
7
7
7
7
7
7
7
7
7
7
7
7
7
7
7
7
7
7
7
7
7
7
7
7
7
7
7
7
7
7
7
7
7
7
7
7
7
7
7
7
7
7
7
7
7
7
7
7
7
7
7
7
7
7
7
7
7
7
7
7
7
7
7
7
7
7
7
7
7
7
7
7
7
7
7
7
7
7
7
7
7
7
7
7
7
7
7
7
7
7
7
7
7
7
7
7
7
7
7
7
7
7
7
7
7
7
7
7
7
7
7
7
7
7
7
7
7
7
7
7
7
7
7
7
7
7
7
7
7
7
7
7
7
7
7
7
7
7
7
7
7
7
7
7
7
7
7
7
7
7
7
7
7
7
7
7
7
7
7
7
7
7
7
7
7
7
7
7
7
7
7
7
7
7
7
7
7
7
7
7
7
7
7
7
7
7
7
7
7
7
7
7
7
7
7
7
7
7
7
7
7
7
7
7
7
7
7
7
7
7
7
7
7
7
7
7
7
7
7
7
7
7
7
7
7
7
7
7
7
7
7
7
7
7
7
7
7
7
7
7
7
7
7
7
7
7
7
7
7
7
7
7
7
7
7
7
7
7
7
7
7
7
7
7
7
7
7
7
7
7
7
7
7
7
7
7
7
7
7
7
7
7
7
7
7
7
7
7
7
7
7
7
7
7
7
7
7
7
7
7
7
7
7
7
7
7
7
7
7
7
7
7
7
7
7
7
7
7
7
7
7
7
7
7
7
7
7
7
7
7
7
7
7
7
7
7
7
7
7
7
7
7
7
7
7
7
7
7
7
7
7
7
7
7
7
7
7
7
7
7
7
7
7
7
7
7
7
7
7
7
7
7
7
7
7
7
7
7
7
7
7
7
7
7
7
7
7
7
7
7
7
7
7
7
7
7
7
7
7
7
7
7
7
7
7
7
7
7
7
7
7
7
7
7
7
7
7
7
7
7
7
7
7
7
7
7
7
7
7
7
7
7
7
7
7
7
7
7
7
7
7
7
7
7
7
7
7
7
7
7
7
7
7
7
7
7
7
7
7
7
7
7
7
7
7
7
7
7
7
7
7
7
7
7
7
7
7
7
7
7
7
7
7
7
7
7
7
7
7
7
7
7
7
7
7
7
7
7
7
7
7
7
7
7
7
7
7
7
7
7
7
7
7
7
7
7
7
7
7
7
7
7
7
7
7
7
7
7
7
7
7
7
7
7
7
7
7
7
7
7
7
7
7
7
7
7
7
7
7
7
7
7
7
7
7
7
7
7
7
7
7
7
7
7
7
7
7
7
7
7
7
7
7
7
7
7
7
7
7
7
7
7
7
7
7
7
7
7
7
7
7
7
7
7
7
7
7
7
7
7
7
7
7
7
7
7
7
7
7
7
7
7
7
7
7
7
7
7
7
7
7
7
7
7
7
7
7
7
7
7
7
7
7
7
7
7
7
7
7
7
7
7
7
7
7
7
7
7
7
7
7
7
7
7
7
7
7
7
7
7
7
7
7
7
7
7
7
7
7
7
7
7
7
7
7
7
7
7
7
7
7
7
7
7
7
7
7
7
7
7
7
7
7
7
7
7
7
7
7
7
7
7
7
7
7
7
7
7
7
7
7
7
7
7
7
7
7
7
7
7
7
7
7
7
7
7
7
7
7
7
7
7
7
7
7
7
7
7
7
7
7
7
7
7
7
7
7
7
7
7
7
7
7
7
7
7
7
7
7
7
7
7
7
7
7
7
7
7
7
7
7
7
7
7
7
7
7
7
7
7
7
7
7
7
7
7
7
7
7
7
7
7
7
7
7
7
7
7
7
7
7
7
7
7
7
7
7
7
7
7
7
7
7
7
7
7
7
7
7
7
7
7
7
7
7
7
7
7
7
7
7
7
7
7
7
7
7
7
7
7
7
7
7
7
7
7
7
7
7
7
7
7
7
7
7
7
7
7
7
7
7
7
7
7
7
7
7
7
7
7
7
7
7
7
7
7
7
7
7
7
7
7
7
7
7
7
7
7
7
7
7
7
7
7
7
7
7
7
7
7
7
7
7
7
7
7
7
7
7
7
7
7
7
7
7
7
7
7
7
7
7
7
7
7
7
7
7
7
7
7
7
7
7
7
7
7
7
7
7
7
7
7
7
7
7
7
7
7
7
7
7
7
7
7
7
7
7
7
7
7
7
7
7
7
7
7
7
7
7
7
7
7
7
7
7
7
7
7
7
7
7
7
7
7
7
7
7
7
7
7
7
7
7
7
7
7
7
7
7
7
7
7
7
7
7
7
7
7
7
7
7
7
7
7
7
7
7
7
7
7
7
7
7
7
7
7
7
7
7
7
7
7
7
7
7
7
7
7
7
7
7
7
7
7
7
7
7
7
7
7
7
7
7
7
7
7
7
7
7
7
7
7
7
7
7
7
7
7
7
7
7
7
7
7
7
7
7
7
7
7
7
7
7
7
7
7
7
7
7
7
7
7
7
7
7
7
7
7
7
7
7
7
7
7
7
7
7
7
7
7
7
7
7
7
7
7
7
7
7
7
7
7
7
7
7
7
7
7
7
7
7
7
7
7
7
7
7
7
7
7
7
7
7
7
7
7
7
7
7
7
7
7
7
7
7
7
7
7
7
7
7
7
7
7
7
7
7
7
7
7
7
7
7
7
7
7
7
7
7
7
7
7
7
7
7
7
7
7
7
7
7
7
7
7
7
7
7
7
7
7
7
7
7
7
7
7
7
7
7
7
7
7
7
7
7
7
7
7
7
7
7
7
7
7
7
7
7
7
7
7
7
7
7
7
7
7
7
7
7
7
7
7
7
7
7
7
7
7
7
7
7
7
7
7
7
7
7
7
7
7
7
7
7
7
7
7
7
7
7
7
7
7
7
7
7
7
7
7
7
7
7
7
7
7
7
7
7
7
7
7
7
7
7
7
7
7
7
7
7
7
7
7
7
7
7
7
7
7
7
7
7
7
7
7
7
7
7
7
7
7
7
7
7
7
7
7
7
7
7
7
7
7
7
7
7
7
7
7
7
7
7
7
7
7
7
7
7
7
7
7
7
7
7
7
7
7
7
7
7
7
7
7
7
7
7
7
7
7
7
7
7
7
7
7
7
7
7
7
7
7
7
7
7
7
7
7
7
7
7
7
7
7
7
7
7
7
7
7
7
7
7
7
7
7
7
7
7
7
7
7
7
7
7
7
7
7
7
7
7
7
7
7
7
7
7
7
7
7
7
7
7
7
7
7
7
7
7
7
7
7
7
7
7
7
7
7
7
7
7
7
7
7
7
7
7
7
7
7
7
7
7
7
7
7
7
7
7
7
7
7
7
7
7
7
7
7
7
7
7
7
7
7
7
7
7
7
7
7
7
7
7
7
7
7
7
7
7
7
7
7
7
7
7
7
7
7
7
7
7
7
7
7
7
7
7
7
7
7
7
7
7
7
7
7
7
7
7
7
7
7
7
7
7
7
7
7
7
7
7
7
7
7
7
7
7
7
7
7
7
7
7
7
7
7
7
7
7
7
7
7
7
7
7
7
7
7
7
7
7
7
7
7
7
7
7
7
7
7
7
7
7
7
7
7
7
7
7
7
7
7
7
7
7
7
7
7
7
7
7
7
7
7
7
7
7
7
7
7
7
7
7
7
7
7
7
7
7
7
7
7
7
7
7
7
7
7
7
7
7
7
7
7
7
7
7
7
7
7
7
7
7
7
7
7
7
7
7
7
7
7
7
7
7
7
7
7
7
7
7
7
7
7
7
7
7
7
7
7
7
7
7
7
7
7
7
7
7
7
7
7
7
7
7
7
7
7
7
7
7
7
7
7
7
7
7
7
7
7
7
7
7
7
7
7
7
7
7
7
7
7
7
7
7
7
7
7
7
7
7
7
7
7
7
7
7
7
7
7
7
7
7
7
7
7
7
7
7
7
7
7
7
7
7
7
7
7
7
7
7
7
7
7
7
7
7
7
7
7
7
7
7
7
7
7
7
7
7
7
CELL_DATA 8086
SCALARS T float 1
LOOKUP_TABLE default
3.5995618e-16
0.99389866
0.75691916
0.99859224
0.99626166
0.99626491
0.99567387
0.99698262
0.98978708
0.80251495
0.0084650699
0.023984183
0.99444533
0.63111416
0.88993058
0.99722143
0.99640877
0.76633008
0.97343924
0.59646064
0.99874916
0.99734787
0.73527483
0.99206431
0.99060192
0.99999305
0.99465565
0.99907283
0.99763406
0.32056188
0.99998836
0.89584539
0.1169581
0.85370548
0.97142751
0.071071798
0.0050759058
0.28465033
0.012505963
0.067237429
0.81389347
0.30521114
0.99530513
0.97745386
0.99657462
0.99573302
0.99244656
0.99492243
0.99771015
0.99911436
0.997152
0.99482231
0.99720366
0.98865759
0.9968936
0.99795167
0.99848744
0.99997434
0.90253446
0.98403234
0.99201059
0.98920208
0.99928379
0.99999073
0.99777134
0.99999252
0.99941179
0.96853495
0.99998134
0.95915948
0.99109942
0.99313007
0.98505029
0.97810377
0.94851523
0.98730357
0.99996995
0.99579785
0.98135213
0.98033601
0.94125022
0.98820975
0.98971792
0.97431659
0.96792431
0.99549051
0.95656824
0.81425785
0.94766902
0.94086999
0.86806378
0.99990801
0.92382908
0.85787562
0.97342989
0.97713428
0.87523841
0.21197301
0.63155997
0.92347402
0.91612471
0.99978878
0.9840549
0.99348445
0.99993288
0.99980462
0.92105932
0.98952689
0.62949768
0.99914479
0.54237079
0.4723301
0.84578101
0.77007448
0.47135222
0.97717093
0.45912804
0.58099368
0.8134495
0.90572652
0.83974539
0.82870615
0.8533159
0.61814738
0.73875255
0.69326675
0.69559326
0.69956425
0.99904183
0.89807039
0.71317924
0.67886665
0.60286454
0.74229348
0.59523979
0.45630495
0.39724848
0.89013397
0.65073418
0.69323137
0.39892195
0.63469266
0.43307472
0.49758651
0.45398056
0.46119135
0.46500858
0.6532634
0.48879548
0.27260119
0.97501461
0.62268692
0.34674339
0.33145013
0.50173292
0.75711451
0.27903434
0.44089551
0.4522905
0.66709935
0.59446841
0.99900816
0.71405895
0.42555896
0.58927839
0.39982672
0.57717222
3.9879884e-05
0.35638001
0.65536992
0.99894921
0.23116795
0.4869894
0.78410157
0.57128606
0.53076384
0.72532313
0.72813521
0.884364
0.89138178
0.33300209
0.2340466
1.6259144e-05
0.0010232049
0.86521962
0.6436803
0.91703591
0.023716122
0.016680273
0.35643853
0.85163176
0.00030419368
0.27345713
7.7309885e-06
1.0169889e-05
1.2284291e-05
0.92535644
1.4935321e-05
0.04741952
6.53149e-06
1.2051079e-05
0.74299941
0.056885895
2.0335766e-05
6.0113965e-05
0.96121831
1.4127839e-05
0.72321354
0.00035646986
0.00085699444
0.00012961055
0.26077841
0.028750539
0.99999101
0.00018822624
0.97323018
0.45306084
0.15067041
0.00086723389
0.9999411
7.2891489e-05
0.49695788
0.93998263
5.4879104e-05
0.047299702
0.052734557
0.3120943
0.99997728
0.99122546
0.22007848
0.3335986
0.99367412
0.0029363647
0.99802112
0.72324973
0.99918281
0.512531
0.99860125
0.99273059
0.0013002641
0.18752385
0.0038075995
0.43798531
0.8789382
0.69094721
0.39643163
0.8267344
0.48342798
0.00027267037
0.00016364583
0.014020412
0.40009804
0.99472622
0.51909147
0.02952078
0.61784955
2.5385788e-05
0.016523863
0.67154696
0.63266793
3.5950513e-06
0.34193282
0.6679226
0.56007716
0.37104717
0.59136335
0.45805402
0.71703921
0.71698542
0.5407475
0.018732654
0.844592
0.67293206
0.68295228
0.42018496
0.65814815
0.23418395
0.18286776
0.99848166
0.89306973
0.57023203
0.50093384
0.461933
0.36999355
0.30685707
0.45812911
0.32623265
0.0019685244
0.311261
0.30536977
0.27553074
0.23640143
0.30011689
0.40601633
0.44975665
0.18619597
0.15864589
0.17973681
0.27201002
0.17894482
0.25443774
0.083266913
0.19162091
0.084327387
0.080899591
0.00013931791
0.12471092
0.11639099
0.014458938
0.11088526
0.33778776
0.374021
0.37039992
0.25460548
0.90660895
0.56298925
0.44629111
0.31445994
0.99929436
0.91196678
0.89821786
0.82926234
0.55166915
0.74435615
0.39365592
0.18157198
0.50129021
0.32156875
0.6742937
0.91727364
0.4473399
0.33349278
0.2177846
0.28492167
0.2894656
0.32603871
0.20307066
0.71965745
0.51015938
0.99931146
0.88799897
0.89194477
0.55587667
0.62557045
0.48748287
0.99917377
0.53963802
0.47217185
0.33538842
0.55243054
0.67557611
0.3932856
0.19660342
0.79014525
0.65460221
0.76018354
0.33744946
0.60886249
0.47900538
0.3962739
0.28777512
0.47398923
0.39048453
0.454987
0.26325877
0.20815815
0.21489155
0.21915385
0.2986543
0.29025732
0.27022325
0.50359908
0.41309953
0.21803923
0.13401091
0.6801206
0.41630564
0.35783806
0.15520917
0.41104262
0.31778876
0.45809189
0.69091851
0.53964976
0.2074147
0.46190543
0.39903279
0.15473202
0.064037825
0.30241911
0.2569287
0.35599621
0.28959814
0.10215639
0.18273231
0.37938035
0.082408084
0.17380486
0.12041879
0.3407926
0.26291301
0.24918148
0.1148503
0.64958849
0.3146044
0.28642847
0.19170242
0.096958771
0.082398329
0.47943786
0.45657728
0.18735253
0.12282964
0.26937272
0.17526116
0.11397517
0.094493546
0.5180938
0.33284201
0.10579747
0.10715945
0.14223056
0.144116
0.60480931
0.91480846
0.1515865
0.086082199
0.1454294
0.23305808
0.47713394
0.19451932
0.22760438
0.16300232
0.093780744
0.13740011
0.24458
0.13420775
0.087580215
0.067617409
0.20707148
0.13227255
0.068588615
0.066449816
0.02862395
0.090537814
0.21157154
0.33865635
0.16061864
0.091163951
0.25396699
0.28976902
0.18750965
0.12666786
0.17281392
0.13070397
0.091850095
0.063125417
0.043940085
0.03814333
0.39119315
0.3330027
0.62793463
0.89339683
0.12138119
0.149301
0.35445249
0.21255038
0.25197918
0.80945687
0.039112084
0.76861183
0.99909216
0.99942845
0.2510092
0.22721658
0.08318765
0.068448431
0.19748754
0.12182608
0.19907492
0.11614612
0.5935195
0.52793025
0.81269116
0.94049536
0.77741996
0.83224842
0.062433649
0.093006066
0.082110844
0.13402576
0.2645478
0.38596591
0.14716448
0.039423429
0.061003924
0.059482642
0.14114473
0.093596098
0.06134816
0.049875876
0.12949543
0.086758787
0.6479761
0.26129611
0.084167822
0.10005093
0.092349039
0.059314118
0.060855042
0.080333817
0.043177434
0.025326757
0.13890074
0.12782024
0.069017221
0.094093495
0.043451592
0.073187863
0.072295021
0.104839
0.10644009
0.058269157
0.014648109
0.067493176
0.44794048
0.31681736
0.13358259
0.099574558
0.17783578
0.11475233
0.082676585
0.065558846
0.063967076
0.027577599
0.088633805
0.071442071
0.041929913
0.061868491
0.090253476
0.06150414
0.17697159
0.02862242
0.098774795
0.065665341
0.050811804
0.04220401
0.050301979
0.05808737
0.026912051
0.042213631
0.56176408
0.31179252
0.08856436
0.23915729
0.36079387
0.9638199
2.6719618e-05
0.092271203
0.046690226
0.026091979
0.040373275
0.015323022
0.36768368
0.44358574
0.36995611
0.24130343
0.011556299
1.0387092e-05
0.14844843
0.86688404
0.050656688
0.022856626
0.36137904
0.4571682
0.51000563
0.35530701
0.2403055
0.00063376033
0.39220576
0.00017086441
0.040715771
0.024513672
0.040984828
0.026478123
0.016355528
0.038948211
0.67131799
0.65653846
0.30763887
0.38133732
0.33762354
0.38568439
0.45592964
0.99052953
0.4777806
0.39172043
0.65916385
0.58639128
0.27596345
0.16101
0.27449546
0.21439271
0.31419069
0.0049019108
0.13001887
0.17314385
0.21239052
0.22062567
0.014342973
0.27228174
0.14694841
0.0031123374
0.030331864
0.030941312
0.00012714157
0.029379259
0.13307436
0.012623799
0.038385796
0.013399631
0.038574465
0.021748083
0.01643082
0.024699668
0.025688338
0.30776414
0.52964191
0.56376487
0.77195111
0.59409681
0.4816622
0.031393832
0.041722837
0.21739989
0.26638845
1.0589262e-05
3.9255544e-05
0.096408044
0.11315255
3.2425189e-05
0.1270587
3.1470132e-05
0.27209617
0.0016027299
0.0083411665
0.25587781
0.00046280912
0.05183028
2.1079035e-05
0.02412068
0.049586804
0.021921858
0.0074220561
0.0040170814
0.0067957158
0.001418924
0.57760031
0.6895139
0.0038362421
0.0064953767
0.8886207
0.00047633764
0.002384128
0.45149946
0.9813798
0.98246323
0.40230744
0.00056721659
0.030064573
8.7405086e-06
0.099092398
0.023188166
0.054384301
0.055656092
0.015228305
0.011267004
0.01326444
0.0041549193
0.0071974581
0.014004373
0.54339388
0.63371808
0.8419952
0.77832297
0.6888001
0.43926768
4.5299806e-05
8.7258003e-05
0.48750276
0.014579052
0.046553475
0.018069507
6.9379703e-06
6.0568447e-05
2.6522899e-05
0.070347967
0.00011003348
4.3831232e-06
0.00061483548
0.00025205296
0.031696967
0.044151254
0.022975367
0.018946475
0.015776145
0.019075719
0.01616748
0.016001738
0.011556509
0.0052983221
0.0048017341
0.0084043479
0.025033638
0.0086524694
0.00018168659
0.0030652845
0.044555168
0.018735399
0.0093633666
0.0034593694
0.007183239
0.0050954804
0.0086974528
0.0037216737
0.1256474
0.0020917499
0.0035799555
0.0014887659
0.006642003
0.0025429245
0.0012896471
0.0012244495
0.00081447174
0.00061037266
0.0024544462
0.0035656932
0.0026430758
0.0015005802
0.0036017224
0.0076208145
0.023346196
0.033379939
0.90186777
0.78418588
0.70478002
0.67154228
0.71188282
0.63782959
0.0074989174
0.012771698
4.5744648e-05
0.0038302272
0.0036762532
0.013979172
0.88269691
0.0085839926
0.0066085648
0.91568707
0.023293585
0.032070887
0.012879252
0.028282735
0.02626666
0.044963695
0.040674035
0.02846476
0.0010046089
0.0024843392
0.0078410583
0.00079545665
0.0010330564
0.00058371402
0.0019563689
4.2885854e-05
0.0049145653
0.0047530561
0.0080400021
0.021647607
0.0024624308
0.016578348
0.024101998
0.043130495
8.9950253e-06
5.107935e-06
0.0007086225
0.00026720114
4.1115592e-05
9.8236508e-05
0.0010906494
0.017992572
0.79312225
0.81134729
0.98658848
0.92682959
0.77320587
0.9407591
0.84457803
0.80783427
0.77983441
0.9995299
0.81283
0.75058974
0.72122936
0.63504628
0.94878223
0.00040271978
0.63247925
0.82573448
0.0062373672
5.2166261e-06
0.010846484
0.014036386
0.00083569541
0.00043256552
0.0009169789
0.0013572693
8.6658246e-05
0.00027280975
0.001576195
0.00038502808
1.7432056e-05
0.00031344931
0.98304824
3.6282158e-06
0.00084774814
0.00025973967
9.6679637e-05
0.99991798
5.4264404e-05
0.0043556103
0.0041293829
0.00062648086
0.056710261
0.041560969
0.63681197
0.9239703
0.98000035
0.82473857
0.91554727
0.93102218
0.87811806
0.97457813
0.48149244
0.88513518
0.99983429
0.73559121
0.56647969
0.10789087
3.0833818e-05
0.010080203
1.0957575e-05
0.99986788
0.014160883
0.16238697
0.99194987
0.066934086
0.0060001071
0.0064538833
0.012022783
0.0062076702
0.0066460816
0.024858621
0.018892163
0.00037443463
0.0025452175
0.0023084988
0.0006551385
0.00038877639
0.98895386
0.00015932521
0.99564868
0.00014609891
0.00014266314
0.99513184
0.98375585
0.99971484
0.90634669
0.8547375
0.96029655
0.93117614
0.46175739
0.51747216
0.73773826
0.70657489
0.96993288
0.99837343
0.69569061
0.52453393
0.14553012
0.74244306
0.080064386
0.93435612
0.55788678
0.023481154
0.0032081047
0.026659596
0.12721773
0.16736795
0.010741529
0.98095698
0.0003596119
0.0010599272
0.00043917617
0.0023238827
1.1976077e-05
0.0050239348
0.0060115413
0.010584452
0.01065666
6.1426804e-05
0.0012773904
0.0056953588
0.00011720714
0.014427371
5.9214921e-06
1.0978087e-05
3.1869965e-05
0.26625274
0.001292288
0.00013830965
7.4677349e-06
7.4140085e-05
9.0332943e-05
0.010051276
0.0031945269
0.95918074
0.97612542
0.96204835
0.97015782
0.78699357
0.75599591
0.35947562
0.38585079
0.35892284
0.72269621
0.16299803
0.21895647
0.0026120023
0.99992465
0.030021225
1.2208918e-05
4.8527277e-05
0.24220095
7.237343e-06
8.6701279e-05
0.00974359
1.5614696e-05
0.056538369
5.5858121e-06
0.023251525
0.057974844
0.035455193
0.022235912
0.026606098
0.027295508
0.035857939
8.9545135e-06
6.631392e-06
1.0057231e-05
9.5403104e-06
0.00014067305
7.1653586e-05
0.013513258
0.0076958278
0.058570374
0.041534909
0.052930768
0.011800435
5.4887044e-06
5.768048e-06
4.3789483e-06
3.0891904e-06
3.2905843e-06
6.7379732e-06
4.0641044e-06
6.2466582e-06
2.8453332e-06
4.0805404e-06
2.3910263e-06
2.4395018e-05
0.00219035
2.3970623e-06
3.2597543e-06
0.00043926794
0.00012001366
3.5144297e-05
1.2989515e-05
0.0014945892
0.0053531728
0.014669094
0.007543529
0.028708626
0.014070765
0.00019154391
0.00014400845
3.1556809e-05
0.0088064093
0.01144053
0.0043775677
0.0027890207
0.020889718
0.0046306432
0.034190538
0.014893994
1.7442706e-06
2.2064667e-06
0.0005814445
0.0002602765
0.0047153323
0.0028541462
0.0071922297
0.0038330392
0.0021721442
0.0040762231
0.0013792858
0.00055208607
0.0049751082
0.0062170819
0.003791728
0.0048525811
0.026577278
0.0067401269
0.022504906
0.0022199994
3.184908e-06
5.0533364e-06
0.00084097234
0.00044295277
0.011924488
0.0066005216
0.020028192
0.010318354
0.0075127616
0.0069780925
0.006640499
0.016717602
0.0099487866
0.0040453414
0.015267222
0.012215216
0.0058300175
2.2660596e-05
0.046449545
0.0069258256
0.0047119144
0.0026709888
0.020086648
0.0064660047
0.00065263854
0.00055312956
0.012399541
0.0063860309
0.0025738404
0.0025967143
0.043560762
0.019844399
1.5433578e-06
2.170112e-06
2.2789375e-06
1.8842873e-06
2.6430107e-05
0.02857416
0.0067470287
0.0038463548
0.0026950746
0.070227503
0.034760909
0.013934227
0.023246319
1.4657887e-06
1.0074353e-06
0.010351693
0.016491656
0.027366641
0.017331654
0.07205833
0.0092736328
0.006627871
0.0030582852
0.05160163
0.042969453
0.051784289
0.031472934
1.1090996e-06
6.3161376e-06
0.009985937
0.0038298916
0.0021421763
0.0012071376
3.5163022e-07
6.4305556e-07
4.5792444e-06
3.8555692e-05
0.0055795775
0.001391828
1.9501833e-06
4.8432685e-07
1.1881813e-06
3.1840519e-06
1.0057079e-06
1.1238574e-05
2.5240872e-07
1.5685549e-05
1.353731e-05
9.1787535e-06
1.744011e-06
5.9435157e-06
0.00022874183
4.8022112e-06
2.2679107e-06
2.1341544e-06
6.2890417e-06
0.00017799534
1.9790519e-06
1.4730557e-05
0.00017928925
0.00011823446
1.3699936e-05
2.6853263e-05
4.0545322e-06
8.92966e-06
0.011433853
0.0051329243
0.0041659907
0.0025197521
6.0977253e-05
2.6181538e-05
6.8785724e-06
1.6786411e-05
2.0776118e-05
8.755706e-06
0.018954902
0.021138189
0.0051052273
0.002127956
2.4777933e-05
1.6304176e-05
2.7694815e-05
0.00017187894
0.0056254167
0.0041226571
0.0030854024
0.00062789397
1.5796902e-05
3.3007216e-05
1.3558441e-05
2.3467128e-05
0.000122564
4.6034953e-05
0.0055320451
0.00078658005
0.0026040961
0.0012519518
4.4943824e-05
4.4134853e-05
0.00011112542
0.00018912679
0.00023995311
8.2303483e-05
4.05162e-05
8.7497272e-05
0.00010457688
8.3814635e-05
0.00018110979
0.00048334243
6.6914482e-05
0.00041931485
2.8240178e-05
6.0551867e-05
0.00043670819
0.00093637118
0.00022713584
0.00046580041
0.0012485558
0.00048158202
0.0065894426
0.0038514232
0.0021463462
0.0014810012
0.00067863046
0.00075664207
0.000325819
0.0028040423
0.01095995
0.011191957
0.0024853485
0.001091054
0.0013362035
0.0015946245
3.9280508e-05
0.00024597866
0.06844825
0.010013234
0.0030881206
0.0011102071
0.0031881604
0.0024998425
0.0012520281
0.0004319324
5.8956259e-05
0.00032362562
0.01040119
0.017379756
0.0066073153
0.0010882224
0.0013804999
0.00046620284
1.591856e-05
0.00011443316
0.00049663999
0.0036193057
0.020420366
0.017674522
0.016985885
0.0018354099
0.0039173148
0.0018991355
0.0011850875
0.00076197106
0.0002686548
0.00021771304
0.00015743817
0.00013372725
6.6860156e-05
0.00012940423
5.1691268e-05
0.037963331
0.031502301
0.015130967
0.00021345685
0.00037829203
5.1775879e-05
9.4265429e-05
0.00011969778
0.00065321598
2.2541539e-05
3.8649109e-05
6.1620541e-06
0.026780878
0.0028488973
0.0060635472
0.00020817559
0.00018919064
5.7396129e-05
0.00016544726
0.00062629313
0.0017356839
5.2403799e-07
0.247228
0.0012169652
0.00072823561
0.037131043
0.023310136
0.0093445758
0.0029975757
0.020859181
0.011656464
0.009668623
0.0054902287
0.0031219276
0.015926139
0.00061284138
0.0004418755
0.0012582656
0.00041683503
0.000520471
0.00077413897
0.020183555
0.024613975
0.038487625
0.021001339
0.026062115
0.097310093
0.017187442
0.0040765663
0.0017800134
0.001729699
0.0017678428
0.0044276297
0.00064890584
0.0003908442
0.00015888031
0.00035094338
0.0018593075
0.0020132457
0.020985437
0.022340597
0.10485829
0.069533023
0.014436878
0.0080405655
0.0027165557
0.00013003181
0.0059263779
0.013103584
0.0018881697
0.001242187
0.00013089387
0.0001133257
0.00045393816
0.00065357759
0.0011769792
0.00050586549
0.0019167705
0.0011562848
0.0028430101
0.0032597971
0.0041952882
0.072864219
0.0083261244
0.0018114484
0.0018014583
0.0049412542
0.0049011897
0.002501859
0.00245093
0.0044085422
0.010351569
0.012584356
0.0026519426
0.00065629338
0.0034949805
0.0073736711
0.010117103
0.0069573439
0.0045194122
0.033785027
0.026265103
0.031817579
0.074779944
0.010745659
0.031092176
0.037579149
0.043476651
0.049677817
0.010059091
0.0044127087
0.0052529991
7.5999631e-05
0.01271598
0.00034566184
0.00041763986
0.00022666842
0.00022130722
0.010159244
0.00027383845
0.0099659932
0.0023167261
0.011034023
0.00098284636
0.0017471111
0.0042792056
0.0052559646
0.002337211
0.002860188
0.007042308
0.0079468743
0.021524514
0.015909258
0.069803133
0.16879373
0.0042740036
0.010445472
0.009471575
0.0085076842
0.005390099
0.00066736586
0.0014697104
0.015457044
0.010269787
0.016749639
0.0075020571
0.016325258
0.0014038432
0.036225961
0.061286629
0.029138039
0.047050912
0.10132359
0.11968489
0.061940728
0.064590227
0.091770793
0.050017475
0.035124699
0.054473542
0.12802296
0.081531755
0.32394096
0.53017542
0.12043412
0.050931369
0.09243685
0.17481303
0.34712738
0.048616497
0.13646397
0.1867543
0.17890443
0.025593442
0.14797638
0.10214089
0.025532384
0.073202943
0.003118736
0.0043614248
0.0041080357
0.00031432122
0.00094654554
7.3498601e-05
0.00072238104
0.00065979118
0.18860719
0.02391843
0.00086717653
0.0033016128
0.0092054371
0.00907568
0.013581829
0.022321235
0.0099129352
0.0057692722
0.0049335534
0.0029011967
0.0024802137
0.0021548277
0.0011226291
0.0010111083
0.0010805854
0.00052629678
0.00029396517
0.00027420463
0.012082794
0.0098055635
0.024147199
0.026578921
0.0024778104
0.00075683614
0.004217987
0.0014203102
0.00046587316
0.00015496458
0.00038452913
0.00015552107
0.00048076253
0.0026700142
0.017026167
0.0188551
0.001877268
0.012594335
0.0068380743
0.0025649067
0.00096271887
0.00050554591
0.00048878339
0.00015480505
0.0010531052
0.00080020404
0.0010854909
0.00044966621
0.00037637441
0.0002375717
0.00021720468
0.00022329165
0.0091962278
0.015520412
0.05591851
0.057881965
0.034229052
0.023266901
0.0098109586
0.0014131831
0.001757264
0.0011099348
0.0072656621
0.0075243004
0.00055772574
0.00017112595
0.00026628384
0.00024847989
0.00011199482
0.00017419596
0.010518698
0.0067513715
0.017143114
0.02595781
0.039732162
0.023112735
0.022441294
0.029840451
0.043973054
0.22228768
0.04646608
0.0766007
0.031057003
0.056579915
0.042017581
0.02382412
0.022072469
0.17003154
0.070606669
0.047678928
0.04457494
0.079395272
0.11229441
0.11179626
0.11197458
0.34601618
0.073846369
0.11845217
0.053303152
0.055475073
0.012743514
0.0072429448
0.0019044061
0.0011909039
8.3534207e-05
5.9533964e-05
0.00015300283
0.0022262518
0.0097161095
0.021886064
0.039976899
0.040901228
0.057411975
0.046473458
0.0680061
0.070526679
0.21401513
0.18643272
0.023907423
0.048104967
0.020895199
0.0014476511
0.00067408826
0.00030611277
0.0056254761
0.0011041111
0.00011868186
7.9087713e-05
7.9329772e-05
8.3705253e-05
5.5208916e-05
0.00014300431
0.00010518439
0.00015754544
0.00010450092
0.00012352782
0.00026046856
0.0047983413
0.0068283031
0.0077627575
0.048829671
0.021936029
0.032727558
0.055939554
0.011879312
0.013634487
0.0012649775
0.0011713527
0.00059512342
0.0056716896
0.0019132305
0.00091556573
0.00066254513
0.0017370827
0.0024705683
0.0018021969
0.0093214449
0.00301979
0.0046497554
0.019462918
0.037709474
0.060052214
0.051208331
0.048095974
0.16364603
0.052594143
0.031031938
0.036283301
0.055481813
0.03538295
0.031893212
0.032854571
0.028789888
0.012563338
0.004167346
0.023398092
0.032036406
0.00032243093
0.0004749335
0.0019189012
0.0019663373
0.0033265239
0.0023211149
0.0021346516
0.00063749269
0.003307972
0.0029815968
0.002380832
0.00076374955
0.008008396
0.0036319813
0.004168882
0.0037055398
0.0020632962
0.00025138678
0.0012746025
0.00069120267
2.50891e-05
0.80249384
0.031191318
0.072878522
0.049763432
0.053230151
0.10134872
0.080066169
0.012167763
0.018604152
0.021545057
0.018119161
0.051669453
0.018842477
0.00074764146
0.00085434675
0.00042315748
0.00014339537
0.00034870086
0.00030143361
0.00041584449
0.00023259684
0.00023331334
0.00015519833
0.012557966
0.0060245607
0.00055217657
0.00018209945
0.0014448431
0.00562447
0.11827884
0.048271278
0.052948998
0.01633876
0.020463614
0.043341446
0.049043303
0.033455951
0.10082313
0.02124541
0.00021199299
0.00019837495
0.0038513048
0.0026253336
0.00089447144
0.00042685077
0.00036568385
0.00026212002
0.00068440407
0.0005541259
0.083726384
0.067884288
0.14836685
0.084067827
0.07408965
0.036539111
0.01941241
0.012477589
0.028450213
0.023361971
0.0052098626
0.0076775957
0.0078951903
0.00076274571
0.14626819
0.12472903
0.03217661
0.084417034
0.029958697
0.0019496766
0.0026647769
0.0013727355
0.14597006
0.098855389
0.015932454
0.0069908404
0.010948306
0.0014792361
0.00092089397
0.00047111853
0.014559994
0.010556919
0.0089455719
0.0028652056
0.009852637
0.009468917
0.0045452753
0.0055210943
0.022227839
0.034778961
0.00122285
0.0013265985
0.0010304193
0.00098981152
0.0010540132
0.0005413621
0.0014769622
0.0057460206
0.0003644949
0.00042682211
0.0019379056
0.051959154
0.00081831995
0.00046872455
0.022152973
0.015146134
0.049589172
0.058215092
0.021416633
0.071579823
0.0047837283
0.0023462219
0.013316174
0.0046344879
0.0028687404
0.0037185784
0.0087321543
0.020217402
0.00055210883
0.00070657865
0.023020471
0.036689187
0.093703129
0.076755338
0.0077288852
0.031562082
0.0071828003
0.0044191395
0.0084509369
0.0039220382
0.0063095299
0.0025300172
0.00082430307
0.0063777391
0.0049710391
0.0087783123
0.002888173
0.013051393
0.0065278939
0.035160643
0.042178266
0.0094986221
0.012121082
0.058200294
0.001241177
0.014064953
0.0087450752
0.040533514
0.0010837247
0.0085899249
0.0047669479
0.00055767281
0.0023091869
0.0009492569
0.00039201284
0.0004061626
0.00050504916
0.052595655
0.11058603
0.046666666
0.013861602
0.0022782003
0.0018158808
0.00068310218
0.00042230369
0.00043462535
0.0047866087
0.00083643545
0.00052190293
0.00072783957
0.00066397526
0.00036319553
0.00024746595
0.00040166638
0.00020268879
0.048444604
0.082310654
0.037437886
0.021164801
0.0036063538
0.0018684417
0.0041703861
0.0023294394
0.0013574372
0.0012850213
0.0012116777
0.0019096319
0.0017319786
0.00082329669
0.0019113201
0.0030519542
0.00084341413
0.00052494058
0.00095363193
0.00053135017
0.00077030187
0.00064362535
0.00030846118
0.00033966358
0.00030369417
0.023585078
0.047893023
0.075091178
0.099228451
0.029438056
0.0023851479
0.0029645097
0.028108547
0.0012634654
0.079290295
0.098907389
0.072169135
0.073490915
0.42088884
0.023078708
0.050356922
0.095837122
0.11591868
0.13196407
0.14321753
0.068562889
0.048104513
0.082371553
0.053539641
0.0682414
0.035561403
0.067642631
0.030663623
0.02954783
0.093146225
0.081727655
0.48581984
0.098254755
0.078762336
0.10549972
0.056536384
0.078020124
0.1191624
0.095566562
0.1407046
0.16147923
0.072708247
0.042740246
0.04817626
0.032026175
0.034164976
0.042962037
0.079027146
0.13608645
0.094659947
0.11825225
0.11500667
0.13042862
0.14098342
0.066891314
0.087648527
0.089533898
0.045633224
0.019615979
0.071765439
0.10058419
0.17540302
0.14140441
0.11776125
0.17173703
0.11697198
0.12421251
0.081260552
0.063165858
0.040857414
0.032340492
0.20752959
0.14675987
0.10219199
0.13264488
0.16176119
0.14223649
0.27887354
0.10784295
0.09232331
0.069744008
0.17901647
0.16241176
0.2517933
0.32854561
0.11095905
0.12180059
0.13639791
0.088074862
0.10525601
0.052851973
0.13018316
0.19720165
0.15707594
0.21607594
0.19598119
0.12811139
0.21582046
0.05365762
0.070815506
0.037051206
0.20041313
0.19434562
0.25313261
0.20154919
0.14152043
0.19546869
0.1706189
0.198752
0.28412896
0.20640988
0.25395314
0.26081071
0.41414352
0.33689339
0.5867864
0.16160385
0.41677939
0.3634463
0.26738234
0.33444136
0.087486049
0.19529947
0.40789213
0.23091696
0.23171674
0.3143114
0.56207091
0.34843227
0.54291257
0.23156331
0.13860779
0.13693575
0.14183081
0.072891157
0.03336287
0.018759358
0.12821974
0.1738124
0.1727046
0.19869551
0.19812288
0.42189053
0.17866793
0.31198028
0.25771762
0.38957849
0.22839561
0.33134703
0.2431037
0.26985044
0.43562066
0.32582461
0.26451587
0.19460611
0.25820902
0.20662049
0.056161763
0.23235042
0.16774947
0.17313512
0.17569041
0.20601448
0.080602471
0.033086953
0.043747895
0.035983377
0.25616605
0.25347821
0.99922004
0.60026845
0.58029988
0.0037646485
0.231785
0.1699676
0.48967629
0.21960849
0.1069984
0.058610009
0.18786203
0.095868495
0.10855929
0.0086156542
0.054615225
0.18908308
0.13273863
0.32438446
0.17492163
0.37766069
0.099701617
0.14167322
0.095662657
0.11275319
0.071270284
0.038021799
0.30654313
0.33449527
0.48699599
0.41035436
0.041314155
0.067706689
0.026334948
0.36281146
0.37328042
0.476728
0.25860065
0.38243013
0.40695746
0.4420024
0.4576152
0.62954737
0.49333683
0.55687325
0.28928429
0.17883168
0.24707859
0.14506881
0.0047450546
0.13849587
0.11275279
0.17212109
0.1386511
0.22255305
0.18795064
0.14334371
0.12319968
0.80927726
0.18464861
0.22445581
0.19155527
0.28809328
0.32719648
0.20027912
0.78111718
0.22334765
0.14612299
0.053322678
0.83219548
0.041387752
0.023669093
0.92963011
0.48046739
0.17370033
0.23485177
0.23485606
0.21755089
0.10599118
0.069309252
0.11441447
0.083285752
0.06541836
0.022003536
0.073218255
0.85177125
0.92533115
0.037604773
0.074561712
0.026042313
0.088534791
0.94094975
0.027760756
0.024055033
0.45932199
0.3794053
0.18378214
0.17848465
0.61320205
0.0092780236
0.051530637
0.49324226
0.67040457
0.016881791
0.67247798
0.31727664
0.62608099
0.8401931
0.46694631
0.40645614
0.64417111
0.44431237
0.53887762
0.52214011
0.5777577
0.52493735
0.56364254
0.62492445
0.62964749
0.5914109
0.9142032
0.77035277
0.42968462
0.42441788
0.58141519
0.40072561
0.8656645
0.58064849
0.50245481
0.32848908
0.52776539
0.40024631
0.66800593
0.31128579
0.49851789
0.47841141
0.48046042
0.47354157
0.47487508
0.36248974
0.35133266
0.27893149
0.30970413
0.35491583
0.30030748
0.72947988
0.45034032
0.0054298596
0.019073582
0.022637862
0.48633398
0.72152292
0.51908996
0.038260967
0.38478936
0.99924799
0.49933986
0.0037987505
0.91045694
0.18252874
0.4557206
0.40646394
0.2408457
0.16203502
0.53356662
0.45293139
0.24744649
0.15939346
0.099754756
0.095304812
0.34701096
0.41672988
0.22624248
0.28069242
0.084356217
0.058721815
0.0944976
0.08045334
0.23829294
0.32154827
0.044700356
0.038857134
0.053269522
0.038959395
0.0067857472
0.0098927785
0.54785422
0.52505325
0.028532923
0.84065301
0.93612873
0.046259042
0.04353215
0.0028866761
0.0020202003
0.0024655472
0.0013657471
0.90852079
0.72337842
0.99906603
0.82512971
0.5240923
0.13519123
0.60222292
0.63002865
0.47414028
0.44720485
0.078462167
0.075395137
0.89097465
0.91357363
0.18570158
0.16498739
0.5821364
0.30803833
0.37987154
0.39270144
0.17524488
0.19583569
0.36234435
0.53114745
0.25173027
0.29550703
0.40099033
0.55674792
0.48968981
0.86487545
0.16789919
0.0016008639
0.29217917
0.42742976
0.19828586
0.22332056
0.26204759
0.12926235
0.2548492
0.22994778
0.12366885
0.057707655
0.31083111
0.23514718
0.16326132
0.14569082
0.16457628
0.16997699
0.10467995
0.076507932
0.12134999
0.21224142
0.073372273
0.10316053
0.13055033
0.20909465
0.11440011
0.17308156
0.079022431
0.028201058
0.0012372233
0.078588865
0.16998698
0.057301647
0.079026201
0.027549245
0.038582998
0.035219974
0.036249475
0.022654759
0.95522166
0.99107899
0.98649581
0.24778809
0.393837
0.33083543
0.43415644
0.49282441
0.38460152
0.00038186468
0.00028946813
1.3396335e-05
1.3432122e-05
9.199629e-06
1.0079154e-05
2.1011816e-05
1.8254044e-05
2.7410939e-05
1.5621648e-05
9.2708138e-06
4.559435e-06
3.866648e-05
0.00048713139
0.00045214985
2.4154511e-05
2.685701e-05
0.0015062345
0.0027164297
0.0025959798
0.00065459684
0.0010881607
0.0010609826
0.0014772001
0.00053644549
0.0015087713
0.0010819387
0.00029170873
0.00019330335
0.0013758827
0.0010157142
0.00028198821
0.00026737573
0.0016500315
0.00070218674
0.00045674079
0.0002405826
0.00099799254
0.00012589803
0.0014904062
0.00062221622
6.2416375e-05
0.00028222143
0.00050325268
0.0004089584
9.1636481e-05
0.00013576159
0.023212739
0.015207087
0.044100066
0.031932569
0.004095852
0.0022587964
6.4935236e-06
4.6235718e-06
0.00011366541
6.400757e-05
0.00018194974
0.00022129535
0.00029771975
0.0006237059
2.0858474e-05
3.6290867e-05
6.6734497e-05
4.0501014e-05
3.222933e-05
1.8989436e-05
1.7223907e-06
7.8823271e-06
8.5403943e-07
9.0618179e-07
1.2520918e-06
7.9913678e-06
6.1568144e-07
7.9060173e-06
4.1683918e-07
2.7515385e-06
2.4498623e-06
2.5583546e-06
2.7122863e-06
3.451136e-06
6.7976925e-07
1.1913527e-06
1.8687019e-06
1.9519209e-05
1.1925091e-06
1.8050292e-05
1.891028e-06
3.1357857e-07
0.001446237
0.0023758263
7.8711895e-07
8.0945349e-07
3.0002324e-07
5.9670439e-07
4.8113305e-07
4.9985051e-07
1.0742046e-06
2.2182778e-06
4.9273034e-06
6.3041127e-07
1.9180674e-06
2.750374e-06
5.2122786e-06
4.1697119e-06
2.990274e-07
3.4186519e-07
2.0432719e-07
9.2457526e-08
3.3884381e-07
2.1444318e-07
7.0938024e-07
2.281382e-07
3.2063062e-07
1.6384236e-07
2.1073929e-06
6.010337e-07
5.7052399e-07
8.3430734e-07
1.365472e-06
0.099854396
0.16418746
0.00057391323
0.00099852857
0.26942072
0.44256303
0.082295508
0.10078981
0.0010475322
0.00097028025
0.0014527812
0.002441877
0.001004773
0.00083417868
0.079075165
0.1210037
7.5754179e-05
8.3425009e-05
0.072518634
0.082557105
0.42202973
0.30003139
0.18619543
0.24585463
0.0007855804
0.0025073682
0.040634993
0.034913938
0.0005571201
0.0012436581
0.0039963385
0.08994343
0.00026369664
0.0001732105
0.00025802452
0.00021173611
0.00021296361
0.00012708169
0.00035133948
0.0002737479
0.00035648047
0.00014949708
0.00037449064
0.00031250669
0.00029884686
0.00026419946
0.00016447058
0.00022248982
0.00016754477
0.034221403
0.050024344
0.0032914316
0.0053274333
0.0074069497
0.0071154234
0.58334735
0.24615766
0.15120274
0.19541625
0.023619071
0.030982815
0.0062215478
0.004016447
0.021732729
0.013987291
0.00056112137
0.0005181459
0.00040850834
0.00034005904
0.00025042503
0.00028132035
0.016266083
0.0015532066
0.031845802
0.030133857
0.022812094
0.02075261
0.015576295
0.01205736
0.083884873
0.11710094
0.17316734
0.12386439
0.19746831
0.13642619
0.24442917
0.26428874
0.33924371
0.34406393
0.22792637
0.21616622
0.33271041
0.34548402
0.21540053
0.25769134
0.18115984
0.22204319
0.46518366
0.38970441
0.41218324
0.42829292
0.32454397
0.40339368
0.5767815
0.48911658
0.34649981
0.56622374
0.46454636
0.41017517
0.67696693
0.43365833
0.41675741
0.2776614
0.51996996
0.51507533
0.58985213
0.46753735
0.508915
0.63013059
0.65683442
0.43788911
0.22103838
0.41392973
0.21934232
0.40481211
0.27911853
0.24603567
0.335418
0.32367972
0.32980116
0.33309988
0.50063193
0.55670656
0.59018793
0.3785236
0.16626829
0.16203842
0.23353008
0.27321953
0.25571425
0.35662983
0.08517035
0.101034
0.011185011
0.51506946
0.52710239
0.8060675
0.49760045
0.90938492
0.72464959
0.73223231
0.99900444
0.74979571
0.81382663
0.88713478
0.95105669
0.77958595
0.53089869
0.73563508
0.65434624
0.58172773
0.73811657
0.79219284
0.64470079
0.82619136
0.91379483
0.99920635
0.83437133
0.9994239
0.87652269
0.8165418
0.0050845433
0.0021941768
0.075999448
0.16585896
0.7954104
0.9991135
0.67902994
0.79773972
0.32315154
0.39650114
0.49015944
0.3976443
0.48812759
0.377091
0.44181294
0.22464554
0.72466363
0.12515311
0.0068752861
0.14370373
0.075701945
0.17613099
0.12609201
0.0039892243
0.042163425
0.05994701
0.053096957
0.021182431
0.024704805
0.99230981
0.99160831
0.99252852
0.99098039
1.4851483e-05
0.99586287
1.5155662e-05
0.99761748
2.1998053e-05
5.1645057e-05
1.4137075e-05
2.865887e-05
1.4835743e-05
2.7330351e-05
1.0872395e-05
1.5297965e-05
8.1381498e-05
2.2196695e-05
1.1924706e-05
2.4616438e-05
0.00011328035
4.9247783e-05
7.1182211e-05
3.0578802e-05
5.5203981e-05
3.5406165e-05
2.1109839e-05
1.7592977e-05
3.1855579e-05
1.6563312e-05
2.3964766e-05
1.8003449e-05
3.4365386e-05
2.2702747e-05
0.0025776586
0.0015076209
0.004512191
0.0016770588
0.00029792234
0.00026738103
0.00033274565
0.00015299077
0.00012967703
5.3072545e-05
0.00095443628
0.00046341006
0.0023032006
0.00079527862
0.00082750207
0.00039330809
0.00080616069
0.00041808739
0.00082627583
0.0015489369
0.0002894616
0.0002449465
9.6418275e-05
0.00023215902
0.00022380556
0.00036731167
0.00037213843
0.00022561212
0.0005105733
0.00046400953
0.00015005248
9.367899e-05
2.2025547e-05
0.00014367588
0.00018773169
8.1540132e-05
0.00016995236
0.0001034685
5.7861848e-05
4.3595465e-05
0.00012750209
8.2896827e-05
5.100595e-05
8.0903123e-05
5.3964237e-05
0.00012299815
5.1183119e-05
3.945353e-05
0.00018461029
0.00010101101
8.1446389e-05
4.7316262e-05
8.4809312e-05
5.917344e-05
4.4794287e-05
3.2592622e-05
0.00045289972
0.00018146269
7.5439996e-05
7.7627798e-05
0.0004991723
0.00012287746
0.0015303213
0.0012316352
0.00047455006
0.00054280533
3.8155116e-05
2.105706e-05
0.00045130018
0.00025303287
2.9174107e-06
7.5642369e-06
0.10034456
0.076848954
0.073765014
0.046724593
0.20146542
0.16167998
0.24426208
0.26908921
0.17204482
0.10425676
0.17861709
0.10725135
0.0001092476
0.00016317504
0.00012974524
0.00011391856
0.00013468596
8.8866727e-05
9.9869656e-05
6.7023227e-05
7.5090546e-05
0.00010464701
6.4139457e-05
8.991093e-05
7.9794432e-05
9.825165e-05
0.17529108
0.21613524
0.12087296
0.25814095
0.25841717
0.19026575
0.30464506
0.34478331
0.30393931
0.34574727
0.11554789
0.24966958
0.17667067
0.23589882
0.12707467
0.12510797
0.25329095
0.28667647
0.0017282343
0.00064247151
9.9184034e-05
0.0018986258
0.00092141183
0.0019600152
0.00061826933
0.00092266254
0.00025216116
0.00011845869
0.00018989773
0.00041196677
2.8200858e-05
0.00012198262
0.0026299458
0.0094578766
0.00029295426
0.00096580011
0.0015680986
0.0042050067
0.0088023357
0.01434669
0.0039535036
0.012721888
0.0097734083
0.0053554291
0.010222473
0.0049246394
0.018434119
0.009478789
0.00019003706
0.011030377
0.00083518117
0.002646957
0.00037145682
0.018969374
0.0010580692
0.0047385537
0.030378872
0.01464941
0.0040425975
0.0095910025
0.022685658
0.017471734
0.013148076
0.043447348
0.00046993448
0.00016912137
0.0062379288
0.004930799
0.040035519
0.032549508
0.015194966
0.034561129
0.034242505
0.020304838
0.00031843314
0.00027235708
0.00010099142
0.00033769
0.017530521
0.023101964
0.01699842
0.031152032
0.038451576
0.024514563
0.0099823901
0.0021475066
0.062400776
0.048027336
0.010475819
0.019784466
0.0086650419
0.0038813204
0.016283335
0.034190586
0.00017619226
3.6456517e-05
5.7472131e-06
5.4753578e-05
0.00017547483
6.1152895e-05
0.00018830401
0.00036640749
0.059598699
0.061525701
0.091010801
0.078252813
0.035642336
0.03307261
0.0001205006
0.019590263
8.2027444e-05
6.8679585e-05
1.8953697e-05
2.6988463e-05
5.3506345e-05
8.0488869e-06
7.3571234e-05
0.0018349583
0.061334039
0.09096602
0.089004539
0.058282937
0.04789952
0.026548528
0.02580434
0.015166767
0.00010503995
1.2350471e-05
0.00012051376
8.2336194e-05
5.798909e-06
4.8576205e-06
0.0003532203
0.001074731
0.0018786849
0.0008582906
0.10520085
0.16222247
0.054025155
0.043296624
0.068742772
0.03542667
2.0162649e-05
6.1094278e-07
2.3531131e-05
0.0274389
0.13514074
0.1250348
5.9807126e-06
0.00034521394
4.1378291e-05
0.0078287541
3.9607103e-05
1.4122939e-05
3.3356479e-05
3.234901e-06
2.1088598e-05
1.1192298e-05
4.8176162e-06
2.4191798e-06
0.00039765464
7.8110997e-06
0.0027230526
0.00036799933
5.9749913e-05
5.8853131e-05
7.6547832e-05
0.00019697509
5.7916278e-06
0.0001034969
1.7118476e-06
9.4324339e-05
0.00071875547
1.9750623e-06
0.0001074109
4.0102748e-05
0.0001268588
0.00013140002
0.00010297598
0.00013844358
0.00012328237
0.00018456002
0.00029329539
0.00020967532
0.00025933707
0.00021177978
0.00017215617
0.00029468353
0.000237124
0.00026408115
0.0002946483
0.0002271062
0.00019617224
0.00018433674
0.15150232
0.19231664
0.018501886
0.014697895
0.59389316
0.62316701
0.77931443
0.47862117
0.47085121
0.55599118
0.592865
0.12357861
0.1054672
0.80176682
0.55814207
0.67130334
0.64947723
0.62833125
0.81811269
0.011007339
0.85522887
0.66804025
0.99879384
0.80336414
0.80074178
0.0188936
0.99926559
0.08530452
0.87384556
0.99869611
0.64408143
0.5656189
0.64736168
0.91037818
0.998989
0.76457048
0.49869099
0.83588709
0.25091735
0.73050813
0.94577118
0.26872663
0.7739685
0.11868591
0.059776722
0.91679752
0.854191
0.36582471
0.67942165
0.042027631
0.274532
0.13709676
0.10132227
0.53105336
0.6641293
0.012876141
0.014139057
0.77200957
0.99932589
0.76237696
0.42744031
0.0022121121
0.019184543
0.53949152
0.52913467
0.40991479
0.99930913
0.51795648
0.87213383
0.61820251
0.9992922
0.055676974
0.054827548
0.0079691442
0.01236499
0.0098043303
0.0011795854
1.2932537e-06
0.029880927
0.03088183
0.020749151
0.0083692014
0.0032820719
0.0018501867
0.0058526066
0.011664484
0.016535381
0.0041478333
0.011180429
0.0048784821
0.0044067655
0.0031263692
6.2721027e-06
0.0020621542
0.0050528573
0.00048233429
1.0906796e-05
0.0052960952
0.013518625
0.98559082
0.98590232
0.99799599
0.99296025
0.99210848
0.9947826
0.99726213
0.9945347
0.99515599
0.99680345
0.99652969
0.00015183932
7.8853229e-05
4.5016695e-05
3.222428e-05
6.8480476e-05
3.2766664e-05
5.1207994e-05
3.0695101e-05
7.9333768e-05
6.7934084e-05
2.1372547e-05
2.8369023e-05
8.0125556e-05
0.00015974529
2.7698629e-05
2.0810774e-05
2.8205144e-05
1.9585252e-05
2.278027e-05
0.0041457879
0.002906057
0.0044198026
0.0024302504
8.5572906e-05
6.3183474e-05
0.0010716807
0.0015956516
0.0015823424
0.001363862
0.00019179891
0.00028028835
0.00070139126
0.00074637432
0.00022648585
0.00014611292
6.22586e-05
5.680224e-05
4.8197481e-05
3.7286653e-05
5.5053866e-05
6.5898326e-05
4.8045672e-05
0.00012936835
0.00021765272
0.00060611176
0.00032864589
8.2782499e-06
2.7006036e-05
7.0441407e-05
0.00010875308
8.652711e-05
0.00014725919
5.1539884e-05
0.000101065
2.4785601e-06
7.2442324e-06
1.4729397e-06
7.3092577e-07
2.6417228e-06
4.7818349e-06
1.4905436e-06
3.1836568e-06
1.0822043e-05
6.9212429e-06
8.1152773e-07
1.0776712e-06
1.4216663e-06
5.2391463e-07
9.0867713e-07
4.3446021e-07
1.9019415e-07
2.3786937e-07
7.4872495e-07
4.1022425e-08
1.2752956e-08
1.3291531e-08
1.9873575e-07
2.4847354e-06
4.7377802e-07
6.3204759e-07
0.042616528
0.056619525
0.2559455
0.33936296
0.36929625
0.48978556
0.10904024
0.076339543
0.060532786
0.090738035
0.10942845
0.15225769
0.15816867
0.26017456
0.22093496
0.18391449
0.00039473756
0.00014554187
0.0043396343
0.0052747087
0.00042638076
0.00094219849
0.00053930305
0.0025814413
0.00021557215
0.00097596042
0.00099772419
0.0012145526
0.19375549
0.1210878
0.089844482
0.094075402
0.086630091
0.12763153
0.073067488
0.045675097
0.035657599
0.041596568
0.048560276
0.072255682
3.9848494e-05
1.9368842e-05
1.4826681e-06
0.0010056375
0.00013141845
0.00013732349
0.00034495673
0.00026356936
0.0003065956
0.00027270447
0.00036057979
0.00032598801
0.76300549
0.68146145
0.50549683
0.3934563
0.3320018
0.38124615
0.8008839
0.7284239
0.061950442
0.010403669
0.0085266339
0.0043444749
0.014136438
0.010163503
0.0032780807
0.001050067
0.01703416
0.004888142
0.028158579
0.022365532
0.48393164
0.0038834333
0.054717309
0.028457644
0.014675697
0.018292845
0.01122197
0.3420471
0.028632232
0.027272962
0.035831771
0.029441674
0.040013475
0.051066277
0.0052414353
0.0023824138
0.0018866986
0.92463383
0.0080945308
0.0040643726
0.011182944
0.0029595266
0.010779131
0.0033498876
0.013512274
0.15800651
0.0017054839
0.33967805
0.010685946
0.30385568
0.0067105956
0.27228233
0.018099511
0.014151239
0.3699615
0.43689506
0.21755207
0.0034645266
0.40880154
0.27445071
0.0027819548
0.99896699
0.0032421977
0.0047991424
0.0061398063
0.0069435509
0.0084372807
0.008693544
0.0014156665
0.0080355593
0.16447155
0.0045591926
0.31848179
0.0031844951
0.23027552
0.24686586
0.43921078
0.21782947
0.85503063
0.30470382
0.74445672
0.8502563
0.89465356
0.90545439
0.79940951
0.99663518
0.98836197
0.91365419
0.9999215
0.86100432
0.99963258
0.9998541
0.97205223
0.93169187
0.88101691
0.92651228
0.93451933
0.87073361
0.69936492
0.92332261
0.97869577
0.98805803
0.88408054
0.96062959
0.96915124
0.99810251
0.99728974
0.9999644
0.96962355
0.91084595
0.94959261
0.98120287
0.9953329
0.99789277
0.97936914
0.98968927
0.99999085
0.99438332
0.99305759
0.9989149
0.97732756
0.97155414
0.80983619
0.65186172
0.73566895
0.73266889
0.99892405
0.99373221
0.99626129
0.95998672
0.99638003
0.99981102
0.99999231
0.99457985
0.99793696
0.9870997
0.9902803
0.99757926
0.99998956
0.99072706
0.99716264
0.69285947
0.53933613
0.5730554
0.60044512
0.53515673
0.82380133
0.40131199
0.38527565
0.59565239
0.87608987
0.99862191
0.97667492
0.78674902
0.99973867
0.025390216
0.082360248
0.99712382
0.99352029
0.99782023
0.9976349
0.99836003
4.7808475e-05
4.84745e-05
4.8622767e-05
3.8147309e-05
6.7865938e-05
3.0646233e-05
4.0040506e-05
5.2390548e-05
0.080180619
0.095858809
0.19255087
0.21631948
0.00011144918
9.0584639e-05
0.001832799
0.0020583738
0.055928948
0.0672294
3.7612448e-05
1.9991755e-05
1.0169713e-05
2.598097e-05
4.001295e-07
2.5074872e-06
2.3307989e-05
7.2218868e-06
2.9520195e-05
1.0605553e-05
1.1806923e-06
3.2156369e-06
1.9291665e-08
4.475275e-06
3.101501e-06
2.6782093e-07
5.8596512e-06
7.9056934e-07
1.9242005e-08
1.4693607e-06
9.0997267e-07
1.1899026e-06
1.0328748e-06
4.3302267e-06
7.4445342e-06
2.7879377e-06
2.1756749e-08
8.3029468e-08
3.5366057e-07
3.7164435e-07
4.8763419e-08
5.1984701e-07
5.7915219e-07
1.8457225e-06
2.7209424e-07
9.4052406e-08
8.3208177e-06
7.2333306e-06
9.1621674e-08
4.160244e-08
7.5261667e-08
4.4732082e-07
1.1339333e-07
3.3260175e-07
9.91766e-09
2.8408038e-09
4.4992294e-08
3.1858693e-07
1.2880914e-07
2.4101104e-08
2.1567341e-08
1.88985e-09
2.7230783e-08
1.7274238e-08
1.7751455e-08
5.0444482e-09
0.0009575977
3.4610272e-05
9.2624426e-09
5.7081843e-08
3.4834154e-08
0.001936878
1.3772652e-07
1.5149316e-06
1.3149803e-08
3.183675e-10
5.7188484e-08
3.0312886e-09
5.5678594e-09
4.0137388e-09
3.6379462e-09
2.0570128e-08
3.2673977e-09
4.2478082e-09
1.0470593e-09
2.6931629e-07
8.452467e-08
2.069937e-09
7.5971984e-10
2.4444e-10
2.0151719e-11
1.3013629e-08
4.2290928e-08
1.3184255e-07
4.0115732e-08
1.4393531e-09
2.0355062e-09
0.58891693
0.68010676
0.59114387
0.62443074
0.91601621
0.60248342
0.080296708
0.042713591
0.036549073
0.03087789
0.0095985817
0.014409853
0.029782698
0.020093167
0.064861731
0.0045837314
0.019302261
0.015806526
0.020076075
0.030553792
0.039787522
0.0045612079
0.11975282
0.0051455562
0.0064878255
0.010143358
0.0068952072
0.0063909665
0.006068992
0.0089183526
0.002846427
0.0042897987
0.010346529
0.013137447
0.0075046697
0.01514888
0.0013089682
0.0024306844
0.0052895969
0.0062491454
0.014507002
0.014547539
0.011156627
0.011347506
0.0076715738
0.0072338336
0.0042086827
0.0028907176
0.0040868309
0.0029747177
0.0046241891
0.0027574313
0.0044947296
0.0035632598
0.0026238395
0.0036419541
0.0020726006
0.0024185465
0.00073253556
0.00060281097
0.002030354
0.0015322571
0.0025962312
0.0013471618
0.0014302249
0.0011455403
0.0018206707
0.0006539323
0.00034159674
0.00052240051
0.00074031758
0.00091046595
0.0010464088
0.00062527514
0.0016665382
0.00079091369
0.00082326042
0.0014648534
0.00079722035
0.00067331391
0.0010701637
0.00086273604
0.0069424381
0.0094834081
0.006025919
0.004387989
0.0070970876
0.0035597754
0.0094343873
0.0040316536
0.030097175
0.0049241613
0.00384046
0.0024706922
0.0061022985
0.0055426454
0.0098273039
0.0054250841
0.0070649121
0.0036342541
0.0083682334
0.0033423287
0.0018200222
0.0027484166
0.039964806
0.009380293
0.0038155188
0.0025881789
0.0097611527
0.0078077975
0.0094861039
0.0016283196
0.0009015382
0.0017494276
0.018569619
0.011760457
0.0085798511
0.0058963082
0.012550158
0.0078047798
0.0098768021
0.0027489441
0.0057777736
0.0032611818
0.017632824
0.20810699
0.0032102758
0.0013736393
0.012760669
0.013840772
0.23798921
0.30288592
0.1720538
0.16045126
0.21962884
0.3018108
0.15903207
0.10096922
0.089482695
0.13386849
0.15856192
0.13271119
0.065663509
0.079709411
0.080204317
0.10680556
0.32800218
0.27290171
0.26566183
0.19672165
0.3148434
0.22181113
0.87309556
0.72316533
0.78566106
0.7267833
0.96389736
0.99877896
0.98157044
0.98347527
0.98998112
0.9867412
0.99632126
0.99931347
0.99942365
0.99998962
0.99698814
0.99610266
0.99710735
0.99999443
0.9960209
0.99684882
0.99742058
0.99927156
0.9960831
0.99274012
0.99999005
0.99456685
0.99777437
0.99996846
0.99052765
0.99324143
0.99391251
0.9961706
0.99887936
0.92579476
0.84696947
0.98046981
0.016945488
0.048678158
0.032029025
0.025679175
0.00078540772
0.19255917
0.98908993
0.99997139
0.99997368
0.99186421
0.99568014
0.99511165
4.0703488e-05
4.0968218e-05
3.0312733e-05
2.5900974e-05
0.00058287585
0.00026758305
5.1623152e-07
0.00034417246
0.00012013105
0.00037889935
3.5288036e-05
2.393472e-05
0.0002482917
0.00030672675
0.00022130714
8.310329e-05
1.0333902e-06
1.3327183e-06
4.4119969e-08
8.3942163e-08
6.0703234e-06
4.2742139e-05
5.6286241e-08
8.2076845e-08
5.1740063e-07
7.7009516e-08
4.3101434e-09
2.7907061e-07
2.6911555e-07
6.8382899e-07
1.8406892e-07
3.9895853e-08
6.6419715e-07
9.4577675e-08
3.187676e-07
1.7731868e-07
0.61754062
8.0055171e-11
0.61537617
0.70268449
0.66703854
0.67017749
0.54109521
0.74054911
0.68430848
0.79131598
0.99918729
0.61733477
0.55425105
0.037112797
0.055382954
0.066046551
0.073114269
0.14337953
0.06040242
0.0093399484
0.01335539
0.0044809431
0.0069543344
0.0016808095
0.0026447951
0.00076826315
0.0011292555
0.00063779974
0.00047067975
0.00078936357
0.00060720811
0.00042203016
0.00059251957
0.00045480722
0.00050568753
0.00039693692
0.0073404375
0.0045593218
0.011335881
0.007334784
0.0026632531
0.0025675249
0.092073149
0.06247532
0.0034331168
0.0025410405
0.0015048911
0.00086600212
0.0038696498
0.0026756857
0.0038266861
0.00061008676
0.017423483
0.014228626
0.015145611
0.026338236
0.11025323
0.0011953272
0.094023435
0.13593975
0.94754502
0.97302222
0.95037574
0.96122961
0.93290742
0.9911548
0.9552989
0.98772034
0.94721809
0.98758793
0.98236566
0.97543449
0.98140996
0.99996462
0.99613753
0.9923996
0.99231312
0.01851246
0.0021736359
0.0012608592
0.00011094133
2.2045555e-06
3.2801027e-05
4.516107e-05
9.1238963e-05
7.0847516e-08
6.7778217e-08
8.7303809e-06
2.540225e-05
1.8191219e-06
0.00012594439
4.3436288e-07
1.8668657e-06
6.9088734e-06
3.2188498e-05
3.9978294e-08
3.9899414e-06
1.3770598e-05
2.9343941e-05
2.3667625e-07
2.3489577e-06
1.629099e-06
4.499076e-06
3.5503571e-07
7.668788e-07
6.0620693e-07
1.071979e-05
3.7982791e-06
0.00019807378
1.5956584e-07
1.2762277e-05
3.6371256e-05
0.00018439528
5.019457e-05
0.00062166821
1.3848681e-05
4.6433069e-05
4.9940039e-06
9.1448003e-05
1.0068951e-06
3.061933e-06
4.0772783e-06
2.9074297e-05
1.3378562e-06
0.0004431393
9.9633999e-06
0.00013025882
4.0459717e-09
6.399866e-06
2.2277737e-05
9.1206665e-05
7.7408273e-07
1.6687118e-06
0.00029123645
0.00020555283
1.3828069e-07
1.0086728e-06
1.9196721e-07
0.0041405057
0.00028078932
0.00014786811
0.00038303641
0.0011629133
0.00016462324
3.9977069e-05
0.011103745
0.00012001691
4.9083499e-05
0.00010056423
3.0661902e-07
8.7416016e-06
0.00086871576
0.0020357048
1.966628e-07
8.3516059e-07
2.9693354e-05
9.9404872e-05
6.6324375e-06
4.5848923e-05
3.6484877e-05
0.00031499907
3.5155089e-06
0.0002151718
0.0012250463
0.00028960455
7.6885205e-08
2.1771936e-06
2.8823553e-05
2.4541911e-05
1.5736264e-08
7.3700875e-08
3.4997872e-05
0.00021245958
0.0034464747
0.0035570395
1.3336311e-06
1.1804662e-06
7.0388581e-08
3.5774826e-09
1.2460175e-10
0.0010301572
4.9851369e-05
0.00058721644
7.4532136e-07
2.273715e-07
1.4689039e-08
1.9264419e-07
2.7618147e-05
7.0061399e-08
3.7008649e-08
2.2218037e-11
0.00071341229
0.0034571869
0.00084978019
2.4543045e-07
2.5362925e-08
2.5547046e-09
4.0034904e-06
0.00011668188
1.9822693e-09
2.4743577e-10
4.843502e-11
0.00059095673
0.0022281137
8.8630227e-07
0.022657621
0.022450556
5.9796523e-10
0.0021070603
0.0026901918
0.00058326009
0.00076816813
0.00083053818
0.00027996148
4.0436787e-05
0.00090403405
3.1267892e-08
3.6916776e-07
1.9831102e-09
2.1433444e-08
3.587864e-09
7.0915031e-10
5.5802769e-11
6.0102047e-05
0.03802619
2.3670007e-05
1.2720521e-05
9.8613413e-07
0.0019447153
3.4993012e-07
1.1823015e-05
2.8171372e-08
2.1605377e-06
5.3274785e-08
0.00022166148
1.5231689e-07
1.9997434e-07
1.0338333e-07
1.3167473e-09
2.2975708e-10
0.015614232
1.1102833e-08
1.386774e-10
8.1884424e-09
1.1954039e-10
0.00018963341
0.0002358041
1.7342991e-07
4.3434247e-09
0.00073835165
0.082190835
4.6600544e-10
0.0055445007
8.0769638e-10
4.0788966e-10
0.00029824583
0.023220227
1.6850962e-09
5.9103922e-10
1.2486064e-12
9.4526775e-06
1.7674175e-06
1.0826995e-08
0.00056144982
0.0023424427
2.5126711e-05
0.002452653
6.9562376e-09
1.0042383e-09
2.6056963e-10
4.0859935e-10
3.4580274e-10
8.065658e-11
2.7302829e-09
1.3867137e-10
1.3811278e-08
0.017140969
0.023029332
0.0062469796
0.010607783
4.9240596e-05
0.00010846441
0.14179606
0.014872908
8.0141723e-09
4.7614074e-09
1.3099523e-09
1.0825168e-05
0.043593508
0.036651805
0.031629408
0.012160312
0.014244341
0.0044174407
0.027812444
0.019435598
7.7102799e-06
5.207384e-06
7.9742379e-06
0.00010281145
3.743192e-09
2.2892037e-08
0.0070213552
0.036924596
0.0056450299
0.0075788853
0.12466819
0.12422571
0.041734001
0.067725539
1.2697543e-06
8.0588255e-06
1.7486319e-08
5.0266729e-05
4.0089647e-05
0.00028510116
0.99891161
0.21445859
0.031605727
0.039668221
0.05354235
0.055306457
0.076812347
0.093975904
4.8942196e-06
3.1693884e-06
1.3994085e-06
3.1441263e-06
7.0299797e-07
0.0010760438
2.0997106e-06
7.0448722e-06
3.4064072e-06
2.1499187e-06
1.133714e-06
7.7401566e-07
2.1800813e-07
4.9128346e-08
8.4763958e-10
0.0021533284
3.0152905e-07
3.0804928e-06
0.0047768493
0.083353381
0.077660131
0.070207681
0.17382739
0.1053321
0.03913646
0.044299365
0.11982209
0.13465752
0.24822686
0.18770008
0.08705077
0.19610621
0.18439266
0.28353034
0.21168686
0.25297825
0.32862396
0.10972781
0.26654112
0.15951846
0.41092827
0.079251841
0.12373517
0.052403405
0.17302768
0.0091728955
0.019829436
0.22715011
0.33524551
0.07706944
0.076814355
0.040058727
0.0059685894
0.019799968
0.33553563
0.026969073
0.027272627
0.052468574
0.13340602
0.000253236
0.076696815
0.043028729
0.014960381
0.20364622
0.15233677
0.22900008
0.30450643
0.020493132
0.0043012391
0.037460256
0.065635053
0.53690278
0.55137533
0.1683437
0.33645129
0.16053144
0.67865437
0.0095448497
0.071987468
0.0014852899
0.0057611999
0.27346886
0.62385386
0.43066679
0.32284518
0.65547161
0.81433511
0.38649862
0.43959358
0.16854113
0.30714404
0.017988803
0.028884321
0.0066894717
0.0027728371
0.0061833777
0.11606574
0.84062878
0.99872175
0.27563741
0.4624922
0.70218273
0.47236688
0.55993048
0.69705362
0.60397913
0.88972875
0.69112031
0.99894235
3.711986e-07
1.4955069e-09
2.512301e-08
2.8703863e-09
5.0939018e-10
1.8543925e-09
1.2507956e-10
1.0208032e-09
5.4436975e-10
4.090746e-10
3.1307593e-10
5.8280967e-10
1.6861278e-09
4.1083391e-11
6.49059e-11
1.7677256e-09
1.3141521e-08
0.041901754
0.091760282
0.080256882
0.061633335
0.089825051
0.10629175
0.12509417
0.094394868
0.043162883
0.059861836
0.26439976
0.16199033
0.12940459
0.039661649
0.1370245
0.14318604
0.17105736
0.16097617
0.2482451
0.10719084
0.10864852
0.11797124
0.19880005
0.17836184
0.33650875
0.45058632
0.25070179
0.05600698
0.19582862
0.30421294
0.18137702
0.13296533
0.37500705
0.22872983
0.26794499
0.29768482
0.075651934
0.05995272
0.12817461
0.13094793
0.18513667
0.13892974
0.2948784
0.10814446
0.086940514
0.075626289
0.10087996
0.057830709
0.1410578
0.11424867
0.027275711
0.042024684
0.318322
0.13672531
0.28951
0.24427751
0.17901679
0.14643514
0.18260246
0.24559282
0.26333815
0.21296604
0.17468894
0.10932388
0.45331263
0.52918358
0.47003333
0.4503577
0.40777916
0.39796842
0.55403083
0.25589954
0.43182187
0.65576787
0.37373717
0.3594246
0.40871241
0.57314492
0.44796923
0.40250566
0.56407492
0.27370772
0.30097471
0.30392507
0.67123621
0.71202476
0.68172717
0.32884289
0.35899563
0.26986217
0.44729357
0.38479834
0.53879639
0.66252972
0.50262573
0.72683053
0.39275586
0.4764645
0.21757129
0.22311668
0.38749986
0.46783805
0.35988539
0.26511101
0.55226239
0.68840444
0.53908153
0.63845072
0.7797694
0.72203412
0.61254158
0.31588
0.3322554
0.23210306
0.21707739
0.26685729
0.26853354
0.35989715
0.2866157
0.35182062
0.43405345
0.28864171
0.69829213
0.72996401
0.50406032
0.64046372
0.72891255
0.64421351
0.77934369
0.54877426
0.48223566
0.3746384
0.46635346
0.70002083
0.69024436
0.29037095
0.16108592
0.15599227
0.55125981
0.66101717
0.52459213
0.70629652
0.65254592
0.64464733
0.39607518
0.31386993
0.82823001
0.56114108
0.2848687
0.52016482
0.6529535
0.64041278
0.6814962
0.37130155
0.74101492
0.17318248
0.8848413
0.14283655
0.52775041
0.60537162
0.79929979
0.18603235
0.65767099
0.3857185
0.33389213
0.2522401
0.26179006
0.2544089
0.72646062
0.80850941
0.61026682
0.61055277
0.97394544
0.89001693
0.68240263
0.89765722
0.61704462
0.65248346
0.66953206
0.44106629
0.35863253
0.66146345
0.43261659
0.33279369
0.65353839
0.28585378
0.17216835
0.018869061
0.80019527
0.23540269
0.6545535
0.59945618
0.029255147
0.21269854
0.67204915
0.018579232
0.57990173
0.6614611
0.67955669
0.94055276
0.53159783
0.70962416
0.46130055
0.042216134
0.55124382
0.47219146
0.55538022
0.55867861
0.82947861
0.57709085
0.059466805
0.39013131
0.65899184
0.15656404
0.65218368
0.67626457
0.71883418
0.56087137
0.58110399
0.41878671
0.66386388
0.88937251
0.86169104
0.77078391
0.64520631
0.69265752
0.61795435
0.65235502
0.6539688
0.76674054
0.65965313
0.60542965
0.50425151
0.62089792
0.69458107
0.63095017
0.64548438
0.7181668
0.86765443
0.62214971
0.6445703
0.6953183
0.64789773
0.66933038
0.59954768
0.81370892
0.75246024
0.90241462
0.85329628
0.77049026
0.76195556
0.98061199
0.98477044
0.86596545
0.77610369
0.90272091
0.91443195
0.78749954
0.79792922
0.75758267
0.77372427
0.72102658
0.78634788
0.74265582
0.7735984
0.85584964
0.70506459
0.74820072
0.80128983
0.76555144
0.82144656
0.75315349
0.82287911
0.79835331
0.73967736
0.67286523
0.83675719
0.9696978
0.78719956
0.7057517
0.8060538
0.73592345
0.73503318
0.84979257
0.72470182
0.0006244714
0.00050761824
0.00039376775
0.00047197648
0.00052352946
0.00045690299
0.00037138504
0.00043055281
0.00046954148
0.00040798691
0.00040084108
0.00050714235
0.0028931913
0.0023895268
0.0012248422
0.0012098509
0.00079341202
0.0019195565
0.0012093606
0.0011733554
0.00094025717
0.0016766898
0.0033628406
0.0018952047
0.014444421
0.021009769
0.021141585
0.015512711
0.025756434
0.040976405
0.015974077
0.018543422
0.095102062
0.69047799
0.00257586
0.0072786088
0.10428144
0.011920326
0.9967587
0.9892202
0.039715304
0.13104153
0.0031137547
0.004410962
1.9287949e-07
9.6265361e-07
3.6977464e-08
2.6497444e-08
1.2178312e-07
7.9859941e-08
1.5452492e-07
9.6340455e-09
4.4681e-07
5.5538304e-08
1.4252578e-07
2.9198097e-07
1.518987e-07
7.2589113e-08
5.2413761e-08
1.1640774e-07
6.3575925e-08
4.3319377e-08
6.558138e-08
5.633043e-09
4.8861328e-08
6.3875739e-09
5.549559e-09
2.3228149e-07
2.1981374e-07
2.0900247e-08
8.1030264e-09
1.7358673e-08
3.7892829e-09
9.3103249e-09
1.911577e-08
2.8980342e-08
4.5694547e-09
3.3621079e-09
3.581315e-09
1.9401326e-09
1.4116519e-07
1.440221e-07
1.647608e-07
1.1186872e-07
4.0735595e-07
5.949596e-08
2.3547673e-08
8.9294958e-08
0.0014968269
0.0012338642
0.00069270838
0.00030616244
0.0042122237
0.0029787052
0.0024489768
0.0008516961
0.00057583274
0.0020749376
0.0003821868
0.0017517798
0.0011253313
0.00049527574
0.00011695267
0.00037668292
1.7667756e-05
4.1914359e-06
2.3842811e-05
6.9713269e-06
6.469794e-08
2.9240838e-07
0.00041981633
0.00013866178
1.6127779e-11
5.2874154e-10
1.6340256e-11
1.2052574e-11
2.0293547e-08
7.62583e-11
7.6640167e-10
1.4645757e-11
9.9202605e-12
7.3074326e-12
4.5303666e-09
3.8838735e-12
0.00087731278
4.1403742e-09
0.0029558064
0.011844809
0.012325302
0.014411069
0.022483289
0.11083241
0.07730766
0.00012474307
2.1983679e-05
2.1719605e-07
2.5674174e-07
8.7121655e-08
2.0823869e-08
1.0267454e-07
2.0110497e-08
3.0208937e-09
4.6246017e-12
2.5127822e-08
4.6049553e-09
3.2464549e-09
6.0637404e-09
2.6833354e-10
6.5153431e-09
9.8376745e-10
5.662574e-10
0.20384614
0.2820378
0.0096412599
0.017435335
7.2118916e-05
6.1762544e-05
0.00063505305
0.00024254972
0.0025426139
0.011027545
0.00012863383
0.00052665849
0.62882698
0.5681958
0.37895994
0.38665857
0.75486551
0.20043125
0.8130205
0.17125557
1.2781533e-09
0.99751708
3.2624324e-09
6.0044792e-09
0.077169554
0.06333516
0.057019228
0.042736969
0.060678221
0.062796828
0.46250207
0.55537837
0.35392397
0.36004374
0.45841675
0.59589327
0.90218391
0.52258197
0.52024403
0.63820053
0.99923345
0.84600856
0.22676032
0.18187134
0.19665594
0.22749437
0.2276813
0.19652851
0.20977491
0.10719897
0.13593526
0.18050192
0.45837472
0.49362023
0.71765998
0.65622313
0.6287006
0.63632414
0.6438681
0.64654396
0.63279331
0.0032631831
0.63247862
0.64569741
0.63545003
0.63801069
0.61588487
0.59666088
0.63933262
0.14299794
0.62482081
0.48439513
0.65000824
0.097460271
0.85234966
0.99966943
0.73562974
0.99933806
0.75623553
0.66271733
0.69606549
0.74175674
0.76233707
0.76220385
0.71769367
0.9473143
0.99972391
0.73695101
0.99981707
0.72287955
0.84841334
0.7670697
0.7237526
0.71611838
0.72891624
0.86071712
0.69361257
0.92787664
0.74552617
0.89364223
0.72345285
0.68715973
0.74573482
0.74693621
0.93350537
0.66640922
0.97792627
0.76657709
0.77950332
0.77881034
0.82306713
0.82643849
0.81094013
0.82201232
0.90298038
0.64674044
0.93376417
0.78710265
0.77795233
0.80917243
0.73245726
0.71833316
0.67864655
0.69992507
0.87777926
0.98111854
0.69814008
0.8374228
0.70644277
0.89748432
0.69027785
0.68215673
0.68806714
0.67691908
0.67191212
0.69253456
0.70769277
0.67962359
0.67635969
0.86075303
0.93794046
0.86148849
0.0014249477
0.00092066342
0.0010453348
0.0009633764
0.00061653487
0.0005695417
0.00072209191
0.00051197826
0.00064659976
0.00082983222
0.00040595496
0.00037805549
0.00032649539
0.00037315025
0.00036712992
0.00039694921
0.00043764116
0.0018186992
0.00094471236
0.0016869635
0.0014248431
0.0010305023
0.00054717343
0.00092999949
0.0022459311
0.0014323687
0.0011875138
0.00068378615
0.0010100801
0.0018276477
0.0014192932
0.0013963621
0.00074647724
0.00099983784
0.00062193171
0.0010062277
0.00088471988
0.00095862851
0.0012322561
0.00086721953
0.00067124985
0.00074616435
0.0007071967
0.0010260641
0.00086052489
0.00097043415
0.00096725889
0.00076775142
0.00085262101
0.0010612242
0.0010353696
0.000867643
0.00083724462
0.00073646624
0.0012405553
0.00092633742
0.0017272484
0.0018852665
0.0030516819
0.0021746477
0.0061946657
0.0075569135
0.029948757
0.027742409
0.041412237
0.029117102
0.01062659
0.0074436931
0.0070120044
0.0036777813
0.0072190413
0.006196869
0.0049831998
0.0048445464
0.005088936
0.0040188531
0.0089740744
0.0050017873
0.0095855369
0.0077421737
0.55720112
0.57651487
0.056340808
0.010811406
0.45656188
0.5543835
0.66662638
0.015643974
0.012266996
0.66632266
0.136685
0.0051180217
0.014429834
0.014376516
0.67931443
0.65035021
0.062027917
0.6656872
0.66477217
0.66164081
0.66132076
0.55657527
0.6478888
0.63665131
0.55569184
0.61286035
0.018441228
0.013523722
0.083606406
0.58010332
0.6588033
0.50986343
0.017386167
0.017194125
0.011785707
0.024657639
0.031867777
0.68803441
0.019506856
0.028413991
0.040006905
0.073975926
0.56124814
0.69464108
0.039572986
0.704444
0.055710136
0.1098201
0.67841047
0.63059763
0.48721973
0.63454769
0.67558296
0.67398797
0.62883398
0.5847223
0.0056240899
0.68130794
0.62862624
0.52178487
0.074042497
0.17568874
0.22872438
0.66418055
0.67380806
0.62379947
0.62080593
0.0037857282
0.66288925
0.67464153
0.65230891
0.0016558423
0.67257796
0.00130898
0.057248501
0.082852845
0.041054256
0.086156206
0.15139152
0.50454163
0.095501018
0.23670452
0.085074594
0.1167586
0.085080422
0.10299914
0.15039105
0.033789284
0.61286534
0.55699538
0.61235909
0.64040644
0.35472378
0.5661306
0.64484993
0.65022035
0.62854533
0.35429481
0.61673106
0.63595716
0.47833979
0.64376463
0.59823069
0.63868399
0.68751884
0.63348858
0.64059317
0.63283795
0.52220708
0.63705779
0.61574845
0.0043737949
0.70963705
0.33176882
0.60624393
0.62706037
0.43145607
0.60641072
0.0019785057
0.65626325
0.6177789
0.62494674
0.62432606
0.62013227
0.56820364
0.60334963
0.69992303
0.50034735
0.6489941
0.61269971
0.62170612
0.62230302
0.6199826
0.61156985
0.6103331
0.62577465
0.61922415
0.4570891
0.60496399
0.34709351
0.41214047
0.55180243
0.26637452
0.49611718
0.36264661
0.61022958
0.61643153
0.60002021
0.3400668
0.43774376
0.41167364
0.41348063
0.56029305
0.39870777
0.41722018
0.62110287
0.61520675
0.61697899
0.60270891
0.33934573
0.56711941
0.40557854
0.52260166
0.4933426
0.47427212
0.48656242
0.48021811
0.55475992
0.41414072
0.39356994
0.55037166
0.4908077
0.40000946
0.45670384
0.34462012
0.43089331
0.59760454
0.60759591
0.59008456
0.58422686
0.49794116
0.60729479
0.59968247
0.44688041
0.44053077
0.61927113
0.60586375
0.59809586
0.59213113
0.61292784
0.60535875
0.44699601
0.60339429
0.61070282
0.53708836
0.37140896
0.33484711
0.36734913
0.0091221374
0.5317803
0.29831502
0.39379071
0.55128658
0.45842699
0.36425522
0.37516197
0.29803665
0.42115849
0.3964088
0.37887056
0.32504136
0.60029287
0.46145772
0.5861748
0.45020437
0.29934783
0.40017389
0.44658078
0.027655346
0.3525274
0.60907213
0.42119917
0.51939537
0.48471843
0.61326996
0.57281011
0.58507367
0.52647248
0.60194912
0.59752156
0.594935
0.56469782
0.60845321
0.6050894
0.58805058
0.59373682
0.28140801
0.036938484
0.59658078
0.30301491
0.26640466
0.60101636
0.56757943
0.59174331
0.59254465
0.59544865
0.60126445
0.58612745
0.6017298
0.59734283
0.57390177
0.54027728
0.55952971
0.56865697
0.52365842
0.35227313
0.58588427
0.32114634
0.59213535
0.59232276
0.58731686
0.59609159
0.57925899
0.59080839
0.58971923
0.5861899
0.54374217
0.58283088
0.51436358
0.50742721
0.58956392
0.58151745
0.57435327
0.57913982
0.57780389
0.58443446
0.55706773
0.5619015
0.56736214
0.59816264
0.55003032
0.53516316
0.56630223
0.58364253
0.60349638
0.60087148
0.56500035
0.53908781
0.58021981
0.55754824
0.57535979
0.58376888
0.54324526
0.57335938
0.53386034
0.56079415
0.58800784
0.58005364
0.58963069
0.58152145
0.5084224
0.46860943
0.5641253
0.54329693
0.0097042229
0.0099626795
0.026447417
0.054373156
0.019956873
0.024040591
0.08090937
0.041204049
0.12604878
0.13564513
0.0088392584
0.011402124
0.017026096
0.010602314
7.6113743e-08
2.2603497e-08
1.3105723e-08
1.9012553e-08
2.5242387e-08
1.6475511e-08
7.3614852e-08
0.0045995253
0.0018194356
0.0081532151
0.008660865
3.8229435e-11
1.0302592e-11
2.2877405e-10
5.9659409e-11
1.2999528e-10
2.5413333e-12
2.6449834e-10
7.9690251e-11
7.7190786e-13
1.0494935e-11
3.8135721e-12
5.1254605e-11
4.1273659e-12
3.8454371e-12
8.4180402e-13
1.0003546e-10
1.8120969e-11
4.2853555e-11
1.2473162e-11
6.7769431e-12
6.8372678e-12
5.1311984e-13
1.0626371e-13
1.293591e-12
5.4613082e-10
2.5096452e-11
1.4207395e-12
8.6345789e-11
2.7667575e-11
4.7547526e-12
3.3204389e-10
9.785819e-11
1.7516299e-07
3.2755892e-08
3.450006e-11
6.6195328e-08
6.6637463e-09
1.9456499e-09
4.2350504e-05
0.00019045703
1.6029049e-05
3.2259507e-06
7.0909467e-06
1.9525608e-05
1.574945e-05
0.43374993
1.2185284e-05
9.1066465e-05
1.5961152e-07
5.6418531e-08
5.3468801e-05
0.002953501
0.0020711039
0.11529248
0.50802912
0.84961652
0.91859264
0.99889636
0.68140809
0.57079206
0.40475205
0.30753817
0.23407397
0.53585649
0.29196977
0.19460192
0.12155727
0.66494371
0.61132444
1.5628195e-09
5.0171427e-10
3.6409711e-10
1.810052e-10
1.21615e-09
8.8989685e-10
0.05762027
0.05268741
0.082955293
0.078431438
0.5977797
0.65771259
0.56971568
0.6007952
0.67066507
0.91339301
0.73901431
0.71780577
0.67475184
0.69278345
0.72923508
0.74506426
0.7368224
0.73320373
0.70908309
0.69848715
0.72212579
0.75284873
0.74732675
0.99979746
0.9074827
0.98013283
0.99974088
0.93916757
0.0020064511
0.99971107
0.0013698193
0.0030067951
0.0019746684
0.0012825609
0.0014003412
0.00059472412
0.00055603629
0.00044550954
0.00050254457
0.00054310241
0.00049371255
0.00045580273
0.00055146313
0.00052678049
0.00048516776
0.00047251623
0.001461278
0.0010513348
0.0016918949
0.0019188337
0.0018414289
0.0013987616
0.0021540684
0.0014936845
0.0013381342
0.0013900031
0.0013395446
0.0013437143
0.0014305524
0.0012475796
0.0018390759
0.0011796786
0.0013704879
0.0010679379
0.0016195596
0.0018066137
0.0016210061
0.0022618935
0.0012815186
0.0010379212
0.0010598441
0.0010297041
0.0013703733
0.0012244185
0.0009893945
0.0012347982
0.0013895425
0.0012172805
0.0012051597
0.0011467283
0.001833769
0.0011407853
0.0012704248
0.0011466241
0.0018040087
0.0014700541
0.001245774
0.0011191037
0.0012517929
0.0011795795
0.0011171818
0.0033079878
0.0014184885
0.00070890935
0.001241122
0.00062593933
0.00080998926
0.00075539345
0.0012511726
0.0011401863
0.00080220823
0.0024022636
0.0023544464
0.0033418541
0.0022122728
0.0040607401
0.0025939007
0.036651937
0.029933134
0.05689871
0.036890273
0.026135424
0.030703879
0.040068257
0.037849343
0.024445082
0.019523707
0.018598372
0.017123247
0.043691739
0.054581396
0.088876617
0.057854274
0.10721497
0.1015792
0.02554532
0.041447404
0.061359137
0.018021732
0.17276545
0.060351692
0.70900667
0.69125756
0.59440763
0.57954528
0.65292665
0.64793914
0.62514383
0.63232923
0.63019818
0.63330504
0.63607306
0.64273987
0.63771099
0.41919699
0.46113681
0.40377269
0.35591982
0.34395892
0.26179308
0.29924195
0.49810053
0.34908053
0.23862802
0.20319503
0.27920358
0.50042335
0.54184932
0.4935249
0.49422863
0.47601583
0.46429701
0.59316103
0.59443511
0.59189504
0.58795196
0.59308632
0.59035532
0.48512045
0.58925714
0.58782763
0.44867085
0.47048204
0.50325586
0.3723235
0.46847533
0.40515253
0.42417509
0.42625998
0.49185724
0.40235094
0.27180671
0.41415468
0.28903237
0.37364271
0.44685695
0.38983362
0.50763634
0.5216347
0.50642325
0.54197229
0.53752266
0.53404255
0.56267128
0.55129329
0.44898805
0.42858816
0.43695273
0.35037588
0.40615265
0.45005871
0.33596152
0.39309892
0.28221026
0.27028773
0.33172337
0.31742014
3.1605772e-13
0.31545732
0.15134633
0.2619734
0.29729053
0.35798678
0.23358705
0.27372362
0.40727171
0.37648539
0.070363743
0.10075352
0.098926095
0.071298992
0.23769575
0.12496153
0.58282565
0.20983101
0.25632869
0.13708568
0.1711489
0.083892116
0.25586234
0.15390671
0.060153667
0.055462087
0.30075687
0.48754424
0.14922826
0.11180663
0.27914535
0.26531679
0.26210558
0.20468984
1.6984372e-12
4.6425815e-13
5.4944501e-13
8.5983971e-13
9.1435715e-13
4.8852968e-13
4.4044366e-11
6.7771346e-11
8.9775167e-12
5.9703446e-11
3.6234697e-13
3.5981708e-11
1.8468986e-11
4.4607346e-12
1.8782202e-11
3.3860794e-11
5.0686829e-10
1.8715202e-10
8.5394848e-13
9.6359296e-12
1.1310418e-09
1.7208155e-10
5.6478719e-13
1.1958847e-05
0.00073917146
0.00013218077
0.0012715195
0.00025143616
1.8169401e-06
0.00011668178
0.00074337296
0.00061727246
0.00010357124
0.005158003
0.059167007
0.020636632
0.0059488608
0.020919077
0.035801458
0.071714245
0.59414894
0.74655966
0.91731943
0.67757795
0.96458829
0.93234112
0.58094737
0.65388366
0.54691972
0.2633207
0.99116939
0.84108293
0.99160598
0.71476113
0.10436993
0.1443374
0.59687946
0.45994093
0.59438053
0.6073163
0.72313625
0.8842063
0.99900204
0.80252232
0.90953143
0.8500662
0.67431699
0.72271722
0.68346709
0.69388015
0.98231388
0.99974337
0.00065948909
0.00057623582
0.00063530004
0.00059564177
0.00072329227
0.00073821515
0.00061086625
0.0021936303
0.0010854906
0.0013095209
0.00072782227
0.0018596187
0.0021714454
0.0015772469
0.0014508125
0.0019286002
0.038877274
0.10206982
0.042494331
0.033454832
0.099602304
0.056068687
0.084735716
0.076983758
0.10628511
0.081636818
0.13167549
0.1247619
0.15950921
0.093533169
0.13241312
0.10175049
0.13556531
0.13018543
0.64014804
0.6397194
0.29300203
0.16372082
0.20049522
0.18866294
0.32006369
0.27659626
0.3215686
0.26499034
0.2364501
0.018440243
0.5132254
0.46053557
0.30357632
0.26169214
0.34255993
0.30023957
0.23784581
0.21111992
0.3084357
0.21175895
0.39964415
0.40486589
0.44792818
0.43841458
0.35626343
0.38289474
0.36540969
0.59135745
0.66566956
0.71896191
0.7503238
0.77235653
0.68339024
0.53685136
6.6226405e-12
2.1866939e-12
2.3894041e-13
2.1798335e-13
5.4430141e-14
1.6680394e-11
5.8412665e-11
4.7982263e-10
4.7899673e-11
9.8328892e-12
6.0674528e-12
3.7036093e-12
2.5206167e-13
1.0091942e-14
4.6342771e-14
4.5253059e-14
2.2897248e-15
1.0163203e-14
5.0706523e-15
6.8824203e-13
1.6827076e-13
1.7559489e-14
3.2033395e-13
6.3537571e-14
1.6874574e-14
5.5767793e-14
1.4084441e-13
1.9457713e-13
4.6492971e-14
2.7109093e-15
2.6824579e-14
2.0915516e-14
1.0827279e-10
3.1006362e-11
6.268952e-12
1.8355659e-11
6.9982576e-10
1.1416721e-09
9.3053055e-08
4.2096327e-06
2.963783e-09
2.8197379e-08
0.0097310891
0.26317065
0.32004077
0.42168969
0.93720835
0.90206999
0.00065484471
0.00071965041
0.001270362
0.0012755946
0.0272428
0.023169317
0.031306859
0.0057301069
0.024041601
0.0056004508
0.13684893
0.01936219
0.057068807
0.031918927
0.056423849
0.044225916
0.13109157
0.1328644
0.13022051
0.10961495
0.12382381
0.15893042
0.15845517
0.10728426
0.18824116
0.13826472
0.19306395
0.22845346
0.18336518
0.14810194
0.093129316
0.040738008
0.1053587
0.097990255
0.2889011
0.29308715
0.29024039
0.22784481
0.2873348
0.35465014
0.35595119
0.29414206
0.36429746
0.39751275
0.25068506
0.24293709
0.4188815
0.36063662
0.4934478
0.41027418
0.3316322
0.24361204
0.32929935
0.27548527
0.27208815
0.1680108
0.26943787
0.2282306
0.28230251
0.18485181
0.14896138
0.23482388
0.20861094
0.23405044
0.18697695
0.16873409
0.20842522
0.13616996
0.17961818
0.17628949
0.013984751
0.13209542
0.181933
0.11543792
0.1192191
0.11681576
0.13521339
0.11710276
0.0049652605
0.085931932
0.10988566
0.13121807
0.17078777
0.16231693
0.17852088
0.15424061
0.17347067
0.17222301
0.16729966
0.22242956
0.22315342
0.14560254
0.22647452
0.18377269
0.11332074
0.0018876465
0.18001874
0.089045319
0.11735416
0.1823422
0.030702523
0.0065793668
0.11255237
0.039169674
0.0019638301
0.12731574
0.10908557
0.018349399
0.0017410946
0.21449148
0.16468219
0.21596446
0.14867048
0.24062253
0.16475629
1.2674376e-13
3.190988e-13
6.3922227e-14
2.1689871e-11
1.2614585e-10
6.8563787e-10
2.0196279e-11
1.4361945e-10
3.1969527e-12
1.8930132e-10
1.4058429e-13
7.7256717e-12
5.5645788e-12
1.1207396e-12
9.4555283e-13
1.5610753e-13
2.3161386e-13
2.2056343e-11
2.9634064e-12
1.2754206e-12
1.0390708e-13
3.0439899e-14
1.1992156e-14
4.3258743e-14
6.0509853e-15
1.9874677e-15
2.805861e-14
1.2458906e-14
6.009132e-14
2.4023193e-14
3.3030148e-07
7.6589199e-07
3.5852198e-07
8.4449408e-09
2.8660992e-08
2.2576196e-05
2.6444114e-07
3.3605869e-06
4.2737645e-06
9.2684001e-06
3.4389783e-08
2.7928143e-06
4.8984152e-06
2.1597009e-05
0.00027651777
0.00025007535
7.4391063e-09
3.1858368e-08
0.068006014
0.034698746
3.2638477e-05
0.062948103
0.86814915
0.16242471
0.89816388
0.99925455
0.99316785
0.94887804
0.91719133
0.99260286
0.98270992
0.95169275
0.84483585
0.98739899
0.98709839
0.97066574
0.98289593
0.958271
0.99998319
0.98723074
0.99458747
0.9846192
0.99799464
0.99755917
0.99737859
0.98631627
0.99281383
0.99587582
0.9924914
0.99993153
0.99301176
0.99938609
0.99479856
0.99859854
0.99129369
0.99745361
0.99794549
0.99418919
0.99604933
0.99867027
0.9999819
0.99764855
0.99997974
0.99998142
0.99397873
0.996792
0.99999447
0.99782156
0.99998587
0.99529511
0.0012932842
0.0013455166
0.0014613225
0.0013592096
0.0016140414
0.0013897765
0.0014092241
0.0014582915
0.0014608356
0.0015110029
0.0021781851
0.0014859614
0.0017173653
0.0015474492
0.0022791243
0.0022563168
0.001925894
0.0021500837
0.0027679456
0.0017033584
0.0039679222
0.0017182332
0.0014201501
0.0015061557
0.0013949869
0.0014916767
0.0015916323
0.0015486314
0.0014684106
0.0016098851
0.0030667694
0.0015822236
0.001583438
0.0016791993
0.0017942972
0.0022597821
0.0017224167
0.001688433
0.0029066207
0.0020811899
0.0018206464
0.0027661001
0.0018628244
0.0017964198
0.0017267894
0.0018084007
0.0050437075
0.0027125003
0.0028828297
0.0019481469
0.0022120584
0.0017845791
0.0040024486
0.0020975263
0.0018301303
0.0021983443
0.0038736557
0.0023642975
0.0032236518
0.002104656
0.02440489
0.0019251567
0.0019599253
0.0019199033
0.0018713106
0.0019143606
0.0080221323
0.0069491033
0.0038594001
0.0052364374
0.0043789677
0.0059207545
0.0053842036
0.003135868
0.0042456302
0.0059181592
0.0085097237
0.0058716459
0.0053940497
0.0040303946
0.01074825
0.011266164
0.0086341975
0.0088992444
0.007796423
0.0078784232
0.0038645099
0.002622915
0.014209353
0.010520672
0.0049173169
0.003079994
0.0057997498
0.0037763694
0.0068029965
0.042509938
0.0029441928
0.002575104
0.0040250222
0.002464692
0.0022608079
0.0026913262
0.002093583
0.0017312697
0.031163959
0.0088657724
0.02312763
0.0030771182
0.0020027176
0.0018386281
0.0077268189
0.0092144284
0.0039217459
0.020634165
0.012019214
0.01028802
0.043701058
0.03112066
0.0059091849
0.0056699972
0.026959507
0.011323364
0.0070627418
0.029452568
0.019831298
0.0059245739
0.091756517
0.0021223468
0.01179218
0.014118224
0.01329265
0.019806235
0.01649558
0.010456271
0.019631396
0.010000359
0.016468846
0.004128561
0.019099371
0.019349027
0.0045683773
0.0059710484
0.037947105
0.023409037
0.067701158
0.0025088044
0.075939443
0.023600908
0.027310995
0.069100081
0.029754857
0.039554601
0.024576444
0.06387658
0.099124107
0.0196675
0.0022289103
0.010702119
0.071199939
0.055444021
0.12836696
0.032392041
0.0072707822
0.051730139
0.0029433277
0.0026247782
0.045222124
0.0022072215
0.0044805787
0.066640384
0.11638827
0.076811666
0.0020228607
0.050756659
0.018765683
0.0021033581
0.029297462
0.089635338
0.090795506
0.098586422
0.028642401
0.093633393
0.0094912177
0.058616528
0.016695572
0.089951549
0.029100964
0.040105089
0.023580971
0.027688241
0.045340402
0.076174238
0.0091406538
0.011250484
0.0098530883
0.0020778394
0.013624836
0.0026219491
0.0020505486
0.0023726932
0.0029140048
0.0024862525
0.0025319149
0.0078720545
0.0066764971
0.052563476
0.10258936
0.054743988
0.079467628
0.075976729
0.056233025
0.020492376
0.008133982
0.0097244834
0.005560585
0.059619658
0.076358588
0.064396856
0.052137257
0.10518638
0.094394125
0.033316309
0.049280043
0.017485562
0.010725131
0.017726199
0.0085916604
0.012520269
0.0128035
0.018828899
0.0086283747
0.0081393506
0.0031476816
0.023006116
0.047635483
0.068803332
0.11478029
0.085822288
0.084122966
0.015166983
0.012685995
0.0061281572
0.004502555
0.086177305
0.11133241
0.087274757
0.13385017
0.076447967
0.094232929
0.10805011
0.12204837
0.026278657
0.093982821
0.019618576
0.019777208
0.14805461
0.10512077
0.13055689
0.11234791
0.020544323
0.026147718
0.016077538
0.013135769
0.027277705
0.035807633
0.1643957
0.1949823
0.23921891
0.19426995
0.23857229
0.23679798
0.4373959
0.43986377
0.25017094
0.21840402
0.13129674
0.18237738
0.1081047
0.14844085
0.13329112
0.12195413
0.21117226
0.20727307
1.717472e-13
0.15355577
1.4692314e-13
1.6577956e-12
1.1272381e-12
1.5925877e-12
3.4891914e-13
4.6296075e-14
2.5145619e-13
8.3400773e-15
2.3902761e-14
3.3379781e-14
4.0484132e-14
6.2068096e-15
2.791163e-14
1.4618513e-16
4.1500682e-18
4.3746309e-16
2.4275724e-14
7.7145966e-15
1.8953195e-13
7.0768587e-16
6.4325644e-15
2.3664062e-15
1.009225e-15
4.4542694e-16
5.6523219e-12
5.2773198e-15
2.4084799e-17
4.039049e-14
1.9940576e-13
4.1519069e-15
4.2381387e-14
2.1296772e-16
2.4563335e-10
6.7915328e-13
2.0486675e-13
1.0562336e-16
7.4689243e-17
1.0188059e-15
1.5897004e-17
1.4624571e-15
2.0141504e-17
1.0855504e-14
7.1885476e-16
2.0999467e-16
1.31549e-16
6.9025603e-15
1.3489983e-15
8.7488062e-15
2.5919237e-14
2.2745941e-18
1.5489245e-15
2.2711615e-16
1.8127202e-16
2.605629e-16
7.8074708e-17
1.272873e-17
8.2851403e-17
5.9417388e-16
1.0303573e-15
5.5553257e-17
1.0081188e-17
2.2349667e-15
6.1166946e-15
1.0818344e-15
3.4854188e-15
7.566111e-16
9.1200699e-18
1.9350443e-17
3.931516e-17
1.4597735e-10
1.218708e-19
3.2236458e-17
3.4590031e-20
3.9420572e-18
2.2445474e-19
2.2516038e-18
4.4364255e-18
2.6889062e-18
1.0327137e-18
5.1594367e-07
1.7946501e-16
9.3737005e-14
2.8674182e-19
4.7883784e-19
7.7068127e-07
7.8764856e-12
1.6614304e-07
6.5664272e-09
4.5986676e-08
2.6984207e-10
7.5862411e-09
2.8684394e-09
4.9548194e-15
1.7489332e-09
4.4146733e-08
1.5328906e-12
5.9790634e-11
5.3334469e-08
5.8555752e-07
1.1386306e-08
6.8928725e-11
6.6045942e-11
5.4268891e-10
9.211565e-07
1.0048081e-07
3.5245334e-10
0.011970769
2.9760399e-07
1.3086998e-06
3.016774e-09
7.3751147e-09
1.390713e-11
5.0516353e-13
3.8504306e-09
2.3096235e-07
3.3570737e-06
6.9815083e-06
5.9050222e-10
1.0908809e-11
1.3549986e-06
5.0939564e-06
3.697333e-07
6.952187e-07
6.5920458e-06
3.6541221e-05
3.7949371e-06
6.9564992e-13
6.766599e-07
2.5780177e-05
7.4021477e-14
3.235442e-16
0.0014171225
0.00036343702
3.0191503e-09
2.3801903e-11
3.4090002e-13
3.0832557e-09
6.4373386e-09
1.1078574e-10
7.945478e-11
2.7715155e-10
3.2391328e-11
3.9854744e-12
3.7561118e-09
6.1870109e-10
1.6994226e-12
8.8195802e-13
3.0112943e-10
6.6512487e-10
6.6700959e-12
5.3599625e-12
3.8909788e-13
1.1815741e-13
2.5181374e-11
4.4037943e-12
8.4587297e-13
9.3943789e-14
6.7590543e-12
3.6427356e-11
7.1090416e-14
4.8246509e-14
4.5662095e-15
5.8633882e-12
1.6940321e-14
9.5107901e-13
6.7660336e-13
1.8465364e-08
1.8567108e-14
1.1907748e-14
1.1679303e-15
4.7408069e-14
1.5523472e-12
1.4703325e-13
3.681558e-15
2.336347e-14
3.1419075e-11
2.3633455e-10
4.7820577e-20
8.6655245e-16
1.9307769e-13
3.7922087e-13
2.9829383e-13
9.8508857e-14
1.6010056e-14
4.5933894e-15
2.9043459e-14
4.1375565e-13
5.1518826e-15
8.2341186e-16
1.2561128e-14
3.5217952e-14
1.8753739e-17
4.7057252e-27
4.5947484e-16
4.2891607e-14
1.025249e-15
3.003939e-16
2.1089242e-16
1.92121e-15
1.6231336e-16
1.1107131e-14
1.3980604e-15
3.8582835e-14
2.5792417e-15
5.4120976e-14
7.7831623e-17
1.1083051e-18
4.3618445e-16
3.094174e-17
9.9214282e-19
2.6073066e-12
8.5112131e-15
3.2181669e-16
1.6264234e-15
1.7734004e-16
1.2645311e-19
4.6822221e-18
1.008906e-14
6.7972766e-17
2.8462406e-24
1.4460749e-17
1.8602986e-19
3.4700262e-20
7.8788684e-18
1.4986611e-18
2.1879436e-17
1.7868538e-14
4.6741103e-20
4.852364e-14
4.3264482e-17
1.8806666e-16
2.1066934e-26
9.0989507e-21
4.1165991e-19
3.0650878e-14
7.9815213e-16
1.558122e-18
1.7564912e-17
2.4842324e-18
9.9268032e-24
8.9320805e-17
4.5216033e-17
7.0539913e-18
8.9429994e-25
2.1285e-17
1.7859234e-18
1.6025364e-12
2.0067432e-18
5.0691426e-21
9.6098825e-18
5.4727225e-19
9.5087651e-17
6.3086651e-17
8.4790292e-18
3.7226903e-19
1.4191211e-15
2.5947967e-13
5.5619842e-20
2.2535282e-22
6.8250306e-23
4.4749251e-22
2.4516118e-18
5.358345e-19
2.4681498e-21
3.2711546e-19
5.4284352e-23
4.6380317e-22
8.8668216e-23
6.423292e-21
5.3557611e-25
7.0607358e-24
8.1486332e-22
1.5272268e-23
5.3723201e-20
6.8402466e-18
2.5253454e-16
8.6165883e-22
0.077505101
6.3024784e-21
6.2670134e-23
7.3475327e-19
2.6642737e-25
1.1547002e-22
3.5178937e-21
1.5566211e-20
8.543311e-15
2.9687714e-22
1.5371192e-26
1.2872244e-24
2.9853653e-25
1.251314e-19
5.3405492e-27
5.0457854e-27
3.9216311e-22
2.5670143e-24
6.6971178e-25
2.9946923e-17
3.7461188e-22
5.9516663e-27
2.0951551e-20
2.308348e-18
2.4983168e-22
4.5624192e-24
9.9191232e-24
1.8866665e-20
1.1757241e-20
3.0595841e-14
1.1856836e-19
7.1658949e-20
1.5656709e-20
2.2421943e-25
1.4806787e-26
1.6186696e-24
4.7565013e-24
1.4614307e-22
1.9133623e-23
3.1846628e-26
1.6112221e-27
1.2262373e-22
9.4914231e-26
2.1815029e-25
1.2905641e-19
7.5266887e-24
7.6256244e-21
1.0552959e-21
2.3965456e-21
7.2208254e-19
1.5476402e-13
1.9408756e-08
3.0877268e-25
7.2216061e-22
1.5704432e-19
2.5436866e-21
1.2893808e-19
1.3192691e-15
7.4804566e-24
7.4329705e-19
5.5524717e-23
6.2430693e-25
6.7634079e-22
2.8494821e-24
3.9019455e-15
1.323298e-26
4.2569862e-25
5.5687963e-26
4.6490573e-20
1.5648484e-25
2.9317667e-27
1.7845899e-24
8.3293202e-21
4.4999269e-20
4.5594615e-23
2.2533936e-23
1.1810199e-18
8.2167804e-18
5.4261085e-24
4.3675961e-23
1.6312205e-21
1.3989734e-23
1.5492607e-26
5.0409095e-24
1.6820318e-24
5.2322955e-23
1.8470383e-17
2.3175725e-24
4.0367577e-27
5.5321664e-23
3.7519918e-23
3.7708659e-26
4.9631777e-25
1.6578957e-28
7.1878392e-22
2.0594546e-27
5.4138076e-28
2.770422e-25
2.1590124e-26
4.6691963e-26
2.0920449e-24
1.620789e-20
1.7040582e-21
2.6798448e-22
4.0782709e-27
2.7203347e-27
1.4139348e-22
2.7583273e-21
8.8647358e-21
8.0393087e-28
3.6357628e-27
9.4509583e-28
2.7388571e-28
2.8959618e-28
3.1978823e-26
6.1360046e-26
2.1240203e-25
2.7041175e-22
1.5381075e-21
7.8500585e-24
1.7242285e-22
1.3678498e-21
1.8962094e-19
4.6665372e-21
3.9449437e-21
5.0563184e-22
3.5165897e-20
3.866687e-22
1.2165254e-21
2.2574358e-19
1.2682043e-20
1.2425662e-28
6.4197413e-25
2.5970191e-23
4.2153976e-23
2.1901909e-21
9.0678634e-27
1.7142761e-27
4.872037e-29
3.9834907e-28
1.9232879e-25
1.3064418e-24
5.5061308e-24
2.0403791e-23
4.9011612e-23
4.7092424e-22
4.7276748e-31
1.0610464e-27
7.259296e-29
6.0521365e-29
6.7686475e-28
3.5331128e-32
4.8581471e-20
1.5522953e-20
5.5428809e-30
3.0719322e-29
1.6793356e-29
5.5886473e-28
1.2549373e-22
3.9921778e-26
4.6607161e-29
2.1805598e-28
5.1000875e-30
2.1615615e-27
1.9114407e-20
2.362681e-24
8.614856e-23
8.9459807e-24
5.4480235e-19
1.4083583e-21
1.4288535e-20
2.0799088e-20
3.5907066e-20
6.9950026e-22
3.9245811e-21
2.6189426e-21
9.4532475e-17
3.2158556e-28
1.3334325e-29
1.5161711e-27
1.9244347e-31
1.467689e-28
4.0836752e-19
1.5121091e-19
3.9245563e-17
3.7002898e-31
1.0354425e-17
4.0790529e-18
1.4968641e-30
6.1253614e-30
6.567912e-26
5.1296851e-32
1.108885e-17
3.0096038e-19
3.0605063e-19
4.5223119e-18
6.3779157e-21
2.9503098e-19
9.4170571e-30
1.3425046e-31
1.1449072e-31
1.8860758e-29
3.333497e-23
5.9630454e-21
1.3779139e-19
2.1751439e-18
3.8687031e-22
4.3304617e-20
5.4733897e-22
2.1436526e-20
2.517444e-18
1.410169e-18
3.6596381e-30
1.1617621e-28
1.3301011e-30
1.1533582e-18
2.1423452e-30
1.5605146e-30
6.2616046e-18
4.1259765e-17
1.3933759e-17
5.3884106e-18
1.0471824e-16
8.3338646e-14
3.5429286e-29
6.5758655e-30
3.1533666e-21
1.569651e-23
1.0875901e-16
1.0937703e-18
1.4257976e-16
4.9372677e-15
3.1450503e-24
2.335063e-32
7.806969e-31
5.2400291e-24
2.6542906e-26
2.0029228e-22
2.3707157e-21
1.739669e-16
8.1498726e-17
8.2980531e-18
2.639861e-18
1.1312604e-17
3.8241694e-16
3.6021624e-17
1.1440384e-16
1.9793705e-31
2.150182e-31
1.506149e-23
4.4893736e-24
2.6648623e-16
4.9480334e-17
9.4012908e-16
3.3130092e-15
3.0543099e-17
8.7221364e-18
2.8784186e-15
6.7756747e-09
4.3410845e-16
1.0755021e-14
1.2499185e-15
6.109846e-15
6.8637745e-14
1.4769182e-14
4.8437402e-14
9.7832947e-15
4.0608139e-16
6.5811576e-10
4.0973347e-19
1.898926e-18
1.2800934e-19
3.2047338e-20
1.6496138e-19
1.1476606e-16
1.4231641e-18
2.0185901e-17
1.6588968e-17
3.3140433e-17
3.9904086e-16
1.7257202e-14
4.0549267e-25
2.0530265e-24
9.1516269e-22
1.1430317e-14
3.3787042e-14
4.8072642e-29
2.0684507e-30
1.0454736e-27
1.6928783e-29
6.5815177e-30
1.0873175e-30
8.1281711e-24
2.7500856e-26
2.1184797e-25
3.4647354e-25
5.2203535e-27
6.7950169e-17
8.8603092e-16
1.3084078e-28
2.3570896e-17
6.5908722e-17
6.8959694e-16
3.7687381e-14
9.2078755e-19
1.4413055e-30
5.7210416e-20
4.2868147e-16
6.8731965e-15
2.3244357e-14
4.5641091e-15
8.2829689e-14
1.0803018e-14
0.28462427
0.080469931
2.6951884e-15
9.7364171e-14
0.0079342248
5.6117147e-11
8.598758e-14
2.4573178e-13
9.2710829e-13
1.3408835e-14
0.040034464
0.0165512
0.010299248
0.013632703
0.00083809906
0.00076099341
0.0044797765
0.095267854
0.011873248
0.028840996
0.0025699627
0.00022712256
0.0038711022
0.090654285
0.0021930659
5.3477103e-05
4.1966906e-06
0.19614437
0.024111671
0.11209182
0.096690258
0.38126035
0.38637239
0.31221723
0.42184556
0.31858455
0.00049530623
0.99550055
0.00039501621
4.2285652e-05
0.00026314776
0.010205271
0.5381796
0.32318643
0.0089714802
0.00041508028
0.0017287134
0.062565649
0.40602021
9.1328975e-12
0.99796104
1.3493604e-12
0.014458384
8.7060271e-10
0.87112379
0.99991096
0.99626713
0.0011818101
0.97725647
0.047825212
1.0867668e-11
0.99995049
0.99934104
0.30868215
0.3657322
0.87316314
0.98864611
0.99973274
0.15925859
0.99571746
0.99747175
0.99719212
0.99770058
0.97949085
0.8684194
0.02253327
0.99957334
0.99944115
0.99790448
0.998677
0.99999435
0.99169393
0.99792312
0.99603435
0.99788762
0.99998917
0.015598468
0.99931712
0.99773134
0.99735573
0.0023036223
0.0029278206
0.011209336
0.019855749
0.092153977
0.10320252
0.0032734296
0.0024498668
0.014059272
0.016781802
0.045757312
0.059374792
0.044648731
0.067825679
0.063681775
0.047793574
0.060031736
0.057115527
0.011578727
0.013983431
0.037481173
0.038947368
0.0023602121
0.0025857762
0.0044074024
0.0043925422
0.0055335191
0.017817204
0.054763907
0.029513808
0.026891018
0.033124229
0.044364433
0.039486016
0.02817753
0.028495254
0.055282565
0.033727365
0.048043289
0.027939397
0.017463471
0.014958936
0.03473012
0.013713499
5.0838026e-16
3.9087335e-15
9.5289251e-17
2.4371507e-16
6.2177606e-15
1.0480245e-15
5.6719349e-19
1.3833768e-18
6.6614519e-20
3.1244127e-23
1.4504864e-19
2.6445262e-20
1.7485863e-22
1.3165674e-20
1.0822812e-20
4.6909014e-21
2.783011e-20
1.5033506e-21
1.1293618e-20
1.2055646e-19
2.5670694e-18
2.6676839e-19
4.7129521e-23
1.9014146e-21
7.5637257e-21
1.5071674e-19
1.6931448e-21
1.8793288e-21
1.7136153e-20
1.6462037e-18
2.3852331e-21
6.7365649e-20
7.9542008e-22
1.1765215e-22
2.2886908e-20
1.5339178e-18
7.0644417e-17
6.8563936e-19
1.3151046e-18
1.9519466e-18
1.5228205e-20
3.0868072e-21
6.7657292e-18
1.205578e-17
4.3986014e-18
6.0765297e-19
9.1126305e-05
2.4919314e-05
2.3063856e-12
5.989635e-12
5.1775087e-13
2.0191316e-13
4.8321199e-10
1.5171921e-09
1.0737807e-11
2.3257719e-13
3.2348123e-10
2.4001399e-09
2.6495349e-17
2.05294e-17
1.7587956e-12
1.2788845e-13
3.3036672e-15
3.0687409e-15
4.7908644e-16
2.8927527e-17
1.2680106e-17
1.3860509e-19
1.1661307e-11
1.2310548e-10
1.9279608e-16
2.3555051e-17
3.9623153e-21
4.8057641e-21
1.3846135e-21
5.0543104e-22
9.7650761e-22
2.1531028e-22
4.7058157e-22
1.2884171e-23
3.2560275e-22
1.2806288e-23
4.1972682e-20
4.8100864e-21
1.2125119e-19
7.4565294e-20
5.8751227e-19
2.0175929e-18
2.8971436e-24
4.0709312e-23
3.0548133e-23
1.3535021e-22
8.8270773e-23
1.7519109e-23
9.8522153e-24
8.6487126e-25
1.1990642e-24
8.7269392e-26
2.1121882e-25
3.6190015e-26
1.0505922e-26
7.2617968e-26
8.1080681e-25
3.9982223e-24
6.5646617e-26
1.1026403e-26
4.1800328e-18
9.4510838e-20
2.47093e-20
9.2566014e-20
2.1324178e-24
2.5907921e-24
1.8166598e-22
4.5590035e-23
1.9956132e-24
1.2973117e-23
5.3840184e-26
4.1719078e-25
3.938702e-29
1.18668e-24
1.1162026e-25
1.197353e-25
5.4012795e-26
8.7736054e-25
4.6682165e-27
7.1201835e-28
1.0696868e-26
1.5570835e-26
1.070822e-26
3.8823372e-28
1.8027706e-27
1.5335658e-25
5.7112838e-17
9.8653702e-18
6.8876966e-22
1.2316364e-21
3.6625438e-15
1.6454655e-15
7.6239806e-16
4.5326397e-16
2.1127315e-16
1.12499e-15
1.7668962e-15
1.2512727e-14
6.1338996e-13
3.2665987e-10
3.9596704e-23
7.0537922e-23
2.0730682e-26
9.9377443e-19
1.3721436e-25
4.7026561e-25
6.9362693e-27
1.1213133e-26
7.8872646e-27
2.3710477e-27
6.1985736e-28
5.2034403e-29
1.0714773e-27
8.3782844e-30
7.3881544e-30
1.0782803e-28
4.412671e-16
6.711317e-17
1.3892617e-10
4.5229771e-14
1.2426582e-15
9.6252368e-16
8.57318e-14
7.1487827e-14
4.3000863e-13
4.2395824e-11
5.6589115e-14
2.7437453e-13
4.0659841e-13
1.5894887e-13
2.5081219e-12
2.9529934e-11
7.5683619e-13
5.0042146e-12
2.6458473e-12
2.4664597e-11
0.0014257179
3.4195443e-12
2.2810896e-10
4.0655965e-05
2.4159401e-13
2.7506126e-11
8.9216358e-12
6.9502887e-11
7.0615115e-10
3.1127861e-07
6.1355906e-15
1.6450175e-13
1.7247904e-10
5.2610367e-11
5.1114507e-12
0.0080681972
1.0292168e-13
2.0465875e-10
4.2851886e-14
5.115506e-14
0.0024802828
0.005447719
0.00032532854
0.0018466371
9.0500166e-08
1.50998e-10
1.7864403e-05
0.00024031855
2.1212537e-06
2.9103249e-06
6.8416334e-08
5.9668486e-07
1.8554425e-05
3.7793022e-09
0.47348605
0.74208401
0.022581962
0.073473331
0.084712461
7.0276201e-05
1.1695015e-09
0.15333586
0.25841533
0.2442192
0.50516582
0.4667796
0.19862332
0.23565154
0.439765
0.51785595
0.84745619
0.99831058
0.85247088
0.99999408
0.99856591
0.99862278
0.99951336
0.012922422
0.0029945912
0.0022751893
0.0050988338
0.0024689985
0.0048423052
0.0022264421
0.0028331249
0.0037003236
0.0028184728
0.0022339411
0.012179817
0.0084655535
0.067196726
0.050451947
0.04843164
0.035800013
2.821563e-18
0.035946065
0.073899267
0.013150688
0.02578374
0.01011455
0.027777676
0.049040443
0.023035745
0.017873457
2.0502076e-22
0.095169352
1.0183474e-18
1.6629115e-21
5.2744489e-18
5.8003068e-17
1.7773754e-10
2.9219458e-11
1.2555356e-10
1.4940784e-09
2.0900944e-11
2.7225206e-11
3.1377413e-12
3.709051e-10
1.7157151e-12
7.3019963e-11
5.8713398e-11
3.6996635e-12
3.5938458e-13
3.8535686e-12
1.5390286e-11
5.2897892e-10
4.9273984e-12
6.9284799e-12
7.2307176e-09
4.7153969e-08
3.443158e-11
6.5565238e-10
2.9824388e-08
2.3668247e-07
3.9394746e-13
1.6366079e-12
4.6524064e-12
4.6118178e-08
4.1298334e-09
1.1628363e-08
2.2040581e-08
1.5960121e-07
2.2602197e-12
4.8891491e-11
1.7537105e-09
4.7263877e-10
4.8543338e-07
4.9013779e-08
2.1761313e-06
2.1424769e-07
1.6886496e-09
3.5540933e-08
5.2492323e-10
6.5428092e-09
6.6875735e-11
2.8115223e-10
5.6458246e-19
9.4270992e-18
7.8924904e-13
1.1499379e-11
4.0593095e-24
3.1870417e-23
1.5854379e-19
4.9898995e-21
4.9071379e-22
4.4859603e-23
3.6642198e-22
1.1749876e-22
1.2850518e-18
2.0213979e-22
1.1348465e-18
9.2332739e-25
2.2183113e-25
1.9285086e-26
7.7927108e-27
3.550448e-27
6.8198367e-27
1.0568381e-25
3.1090719e-26
4.8534668e-23
7.9176797e-21
4.7225312e-24
3.308677e-24
4.8424697e-21
1.2920387e-19
1.4644517e-20
1.0142098e-19
9.1054146e-22
2.6241183e-22
1.7725542e-22
2.6185552e-22
1.0344642e-24
2.0418358e-20
2.8735367e-20
8.5027194e-23
1.656075e-20
2.1327678e-23
1.4924806e-23
3.8967111e-22
6.9060565e-21
3.2404825e-24
5.7526118e-20
4.120702e-15
4.6607424e-19
5.576817e-22
9.2763849e-20
1.9233351e-23
2.8757614e-25
1.159573e-23
7.1420546e-23
2.7243204e-20
1.388914e-12
4.8979824e-18
1.272053e-25
2.6783667e-26
4.7007495e-27
7.6552276e-28
3.6588436e-13
7.8485328e-13
1.9652149e-09
3.9240753e-09
5.0687269e-16
2.8202547e-11
3.3433209e-17
5.398255e-15
1.3412649e-11
2.0913954e-15
2.0592859e-14
3.1019859e-14
2.6982787e-14
3.1072979e-13
3.3546337e-18
6.2282556e-10
1.9080436e-12
3.4310985e-13
5.8037991e-12
6.2176163e-11
8.7670254e-13
8.1964727e-12
5.6095751e-11
1.0067664e-11
1.8753827e-10
5.310549e-10
6.7046116e-10
2.1487054e-10
1.0023744e-10
2.0887169e-10
1.4559003e-10
9.5960549e-11
3.7251882e-11
1.0910499e-09
4.7216744e-12
1.6570867e-11
0.0013852404
2.5406704e-09
5.1399423e-10
6.6328663e-09
6.3203539e-09
0.00025831214
3.3820239e-09
6.8187144e-09
1.2000331e-08
8.0542847e-10
0.0014148336
8.5858228e-08
1.4508087e-08
5.5299534e-09
2.3167151e-13
1.4199053e-12
2.9644192e-12
8.048653e-10
1.5782892e-15
3.9178381e-14
1.4410823e-11
1.5601663e-10
3.0599786e-11
3.501407e-11
4.4201246e-12
2.9056041e-09
2.1602711e-08
7.4316863e-10
5.2817708e-12
2.3815576e-11
1.2533707e-10
1.9718692e-09
3.1201645e-12
9.1049421e-20
1.9670224e-10
3.7490853e-09
1.3997029e-11
2.7562476e-10
5.9655009e-09
6.6125583e-09
1.770764e-08
3.9509868e-10
2.3291891e-09
5.7796746e-09
5.8275756e-11
6.9614078e-07
2.1552257e-19
6.2943232e-11
1.0285826e-09
3.4080577e-08
1.3287424e-07
6.5604639e-09
2.1443303e-09
3.6700584e-08
4.9011967e-09
2.7913633e-11
6.5970579e-06
2.3674765e-08
3.7684256e-07
1.1049516e-07
2.1405323e-15
2.8976812e-09
2.6666071e-10
7.1697121e-08
1.3012803e-10
3.1374715e-06
9.2365961e-10
6.6148417e-10
3.9142893e-11
4.1242484e-12
1.423005e-12
8.8308071e-13
1.0865042e-18
4.3067207e-17
5.6206042e-22
5.4405268e-21
3.3580984e-22
2.4234812e-21
6.0749921e-20
3.0883012e-19
7.2884748e-15
2.0665205e-21
1.322003e-18
3.6820537e-17
8.0095502e-18
1.7128231e-08
6.604333e-08
3.8770607e-11
1.7102883e-12
4.5590873e-13
3.1107386e-13
8.2314938e-13
6.1843418e-14
1.8308601e-11
1.943698e-10
2.5668705e-13
4.0521533e-12
2.6204191e-12
2.6756384e-11
7.8063304e-11
3.1783749e-09
7.592067e-14
3.0652104e-14
8.72326e-12
2.8728226e-12
3.8833656e-16
2.3117377e-13
3.8520942e-15
1.606922e-15
1.667213e-11
6.2600603e-12
2.343662e-13
1.5865512e-12
5.0895942e-16
2.2104126e-13
1.7252936e-14
1.3207324e-14
8.2410133e-16
7.328161e-17
1.8242033e-14
3.2429065e-16
1.7398024e-13
6.6472147e-14
1.4002363e-17
1.0060942e-17
2.2897011e-13
4.1210767e-14
1.4471599e-14
1.5277844e-17
1.104922e-15
3.2333958e-20
4.3317686e-13
5.2397963e-14
1.244797e-14
5.8371022e-15
2.8795692e-15
7.8097335e-15
2.9621201e-14
1.3625498e-15
2.0018561e-15
1.3628673e-17
2.9590574e-16
1.9231584e-17
9.0782936e-15
1.6394197e-16
3.2950686e-19
2.221789e-19
1.1035936e-17
8.9357613e-17
1.8612636e-16
9.1753901e-18
1.5999775e-15
3.7586407e-18
7.0332976e-19
9.7931081e-18
2.6907534e-15
3.7897642e-13
5.9006361e-17
7.6675517e-17
2.6021087e-17
9.1057819e-17
1.1300275e-13
1.4162998e-15
3.4837184e-18
6.859981e-18
1.5234223e-18
2.6503601e-16
8.1876977e-16
6.191914e-15
8.4838531e-15
1.6898355e-15
3.0766252e-15
3.195116e-14
2.5558439e-17
7.5360657e-17
2.3514851e-16
4.7762014e-16
2.779733e-16
2.6534626e-17
1.9216415e-16
1.2019989e-14
6.6322731e-16
7.5542691e-13
2.5193866e-14
1.1321865e-08
1.9274183e-08
9.2221422e-14
3.4231188e-13
4.6134817e-06
1.1260649e-15
5.0230712e-08
7.7397527e-05
0.0014215454
0.00022103671
0.70934366
0.99311105
0.45615538
0.78461553
0.018770633
0.17575775
0.045447064
0.76513572
0.40883241
0.11554238
0.85313129
0.035917378
0.0018172456
0.0064142999
0.66314073
2.6747629e-05
2.2332594e-08
0.48560226
0.83021751
0.8299682
0.53022791
0.74560712
0.31702231
0.48877567
0.35533206
0.15940524
0.13559805
0.012100354
0.0098749232
0.013542187
0.0039564083
0.016093718
0.011060666
0.024202534
0.012979951
0.0058243508
0.012302654
0.0065499831
0.01671946
0.0052329225
0.0038543308
0.0043817994
0.0029313442
0.0050106158
0.0059165572
0.004286599
0.004006593
0.0067680595
0.005006632
0.0029820412
0.002334158
0.011135165
0.0035239994
0.0094967237
0.00368427
0.033704763
0.036811948
0.051477893
0.053034845
0.071650024
0.093606979
0.068943147
0.065501739
0.048897993
6.9627241e-17
1.1398406e-17
2.1328062e-09
1.7233389e-10
7.9683004e-12
2.0429501e-11
1.4502073e-11
1.8491518e-10
6.0778261e-12
2.3962544e-11
1.6983236e-12
8.0901331e-13
2.0897171e-13
7.8073504e-13
1.0427813e-20
7.8055519e-20
7.1918753e-22
2.1901286e-22
3.1405903e-18
2.0702627e-16
4.7243264e-18
4.4994202e-17
2.0630738e-16
1.7687733e-16
6.0533333e-17
3.4306114e-17
4.001414e-18
5.8932806e-17
1.004065e-15
3.7805873e-16
6.2475308e-27
1.1529623e-25
2.6904375e-10
8.1053351e-10
2.055389e-10
2.5055294e-09
1.279073e-08
2.63691e-09
1.4807976e-08
1.2578358e-09
5.0353554e-05
1.8165725e-08
8.9422086e-06
1.6868486e-09
7.6084437e-08
2.7213961e-08
7.1514257e-15
2.4141644e-15
1.3883389e-13
1.8259031e-12
2.2151226e-07
3.7747936e-05
5.3790239e-23
8.5691942e-22
9.0700469e-20
5.6277952e-20
1.2950624e-19
1.1073525e-20
1.6786916e-20
2.3608755e-19
8.2479268e-19
5.587512e-19
2.6889242e-18
5.4087765e-19
3.0690693e-19
9.7724035e-08
3.4856685e-08
0.57553917
0.0048178314
3.0031874e-09
4.1921907e-10
1.8930645e-11
7.202201e-13
4.4723595e-13
2.2294387e-11
4.4454653e-11
6.4388815e-12
1.3459398e-13
1.1292459e-09
9.3231331e-12
3.1867543e-11
5.0969229e-13
4.8643077e-12
9.3668167e-14
3.5898496e-14
1.4095841e-14
1.5207723e-11
5.8516124e-10
1.0059518e-11
1.7724783e-14
6.5772433e-09
1.0166876e-14
8.682204e-15
1.8016383e-19
2.0409112e-18
2.4250812e-17
3.0101837e-18
6.0928601e-15
8.5911471e-16
2.458626e-14
3.508471e-07
3.5013199e-15
2.4770897e-06
9.2389873e-06
4.8491722e-06
0.2372131
0.038710636
0.0026680643
0.007258372
0.00028729779
0.051519394
0.0022994671
0.0020382025
0.00055631061
0.00028824816
0.00052035529
9.1491587e-06
2.4247589e-07
0.00096907337
0.00063009929
4.2661089e-06
7.5733258e-06
5.5930849e-08
3.4155298e-05
5.7780269e-08
0.09929492
0.24025637
0.00012404475
0.00031074479
6.6597551e-07
1.1650952e-07
2.8138053e-06
0.079988125
1.815308e-05
7.9226614e-06
9.1421582e-05
2.2641885e-06
4.6188416e-07
8.719543e-08
0.022390922
0.0068785648
0.025453681
0.032601678
0.02541805
0.031415572
0.027621042
0.036254509
0.027796869
0.051186396
0.03583267
0.044133079
0.049102201
0.045640339
0.052680597
0.065449205
0.041376476
0.013420385
0.055142937
0.0098891961
0.0036476567
0.0029564271
0.0031737645
0.002485401
0.0022974768
0.0025924801
0.0025618232
0.0028591774
0.002406697
0.0035136772
0.0024035897
0.0025279834
0.002398548
0.0021938923
0.0028653906
0.0025082184
0.0023227931
0.0022749747
0.0022770305
0.0020542296
0.0021690833
0.0024832434
0.0023605969
0.0022217296
0.0024350163
0.0021460863
0.0023306681
0.0025849258
0.0025072553
0.0025848674
0.048922221
0.044276481
0.071531578
0.073079589
0.093958557
0.098119488
2.2292066e-10
1.234452e-10
1.999221e-16
7.3613785e-18
5.1821244e-09
1.3640207e-08
2.6221682e-08
5.6003894e-10
6.4160597e-08
4.0327064e-07
5.8787999e-09
1.8905168e-09
1.0827374e-06
7.153222e-07
1.9805074e-06
2.2564864e-07
5.1869602e-07
8.1666764e-06
2.7871927e-05
8.5577789e-05
2.5873766e-05
0.00026889503
0.00069864347
0.00013226342
3.1365173e-08
2.0171443e-07
3.1782866e-07
6.3494155e-07
2.0253285e-08
4.5154356e-08
4.895611e-08
2.7057966e-08
3.1729056e-08
1.9118208e-07
4.4018345e-07
9.9125737e-09
7.8753781e-08
1.7906807e-09
1.6155836e-09
2.7703723e-06
2.7294825e-07
2.7391573e-07
4.7892446e-08
1.2241262e-06
1.437151e-08
3.986844e-05
1.0707175e-06
7.4013636e-08
1.1091609e-08
2.5703563e-09
9.4933696e-11
2.2288115e-10
2.3952368e-10
9.6939435e-12
1.35642e-09
8.1398817e-11
1.3594673e-06
1.7155656e-11
4.4432212e-09
1.6481033e-10
2.892088e-07
1.8504016e-10
1.5018512e-05
7.7545871e-11
3.6978313e-06
9.4881288e-08
4.1935114e-07
1.4551936e-06
6.0160901e-10
4.32936e-07
4.548328e-07
1.553656e-06
3.5518922e-06
4.4150376e-07
1.0468015e-06
8.4897287e-07
4.8868593e-06
1.0399802e-05
1.327034e-06
2.4576738e-07
1.5980849e-05
1.7762369e-07
1.4413816e-05
2.0361443e-07
1.5425728e-12
1.2112018e-13
3.9608579e-15
4.7167243e-15
1.1947601e-14
7.6524348e-12
4.4674744e-05
2.4399651e-05
0.0079422718
0.00092563091
4.3418408e-08
9.5671919e-07
3.2959226e-06
0.018278155
0.01320386
0.005536776
0.0044831961
0.0080686717
0.0080912582
0.0051227359
0.0045127797
0.0067217237
0.0057148006
0.0041907953
0.0051983669
0.0035404199
0.0026413766
9.0693956e-17
0.0027903163
0.0025799501
0.0029829389
5.468154e-17
1.9530501e-07
1.5029812e-06
2.9455351e-09
1.2026401e-08
2.4384273e-10
5.1341706e-10
0.016886512
1.3579417e-05
4.7256155e-05
1.4839844e-07
1.6285492e-06
2.640487e-06
2.9892244e-05
6.195027e-07
2.4118823e-06
5.7692436e-06
3.6595297e-06
7.9662273e-08
2.4089397e-07
7.7790124e-07
7.6531511e-07
9.5745461e-08
5.6393781e-07
2.0920565e-12
8.7591929e-13
7.0176566e-14
4.5138427e-12
8.0147078e-14
7.817946e-13
8.4045394e-14
2.0860276e-12
0.99766554
0.45577473
1.5630409e-05
0.33827249
8.7741515e-06
0.018919361
0.0057669631
0.84759951
0.16444336
0.042728588
0.30736181
0.010609703
0.20192519
0.093719557
0.30945256
0.1332797
0.9991773
0.49473596
0.10988316
0.26417624
0.70287109
0.99886527
0.042740434
0.31753434
0.56201911
0.35184944
0.82462235
0.025450398
0.52559981
0.1050516
3.6598241e-05
0.077586842
0.16881895
0.296326
0.073131882
0.03031084
0.00016750427
1.5986242e-05
0.34434739
0.18469306
0.45428793
0.17194416
0.70095042
0.47767476
0.535561
1.7615994e-08
6.3949699e-08
0.0028133923
0.0032551884
6.1551253e-05
6.6216821e-05
3.5908681e-13
1.6935739e-11
1.4815911e-13
7.9525378e-15
2.9877708e-14
2.0587277e-12
9.6576066e-13
2.4858242e-13
2.8717743e-13
0.0079500267
0.026111907
0.8584069
0.99861638
0.20760658
0.24292622
0.046347744
0.12186242
0.00046959487
0.00037816803
1.0486927e-05
1.3940778e-05
8.5329177e-05
0.00098737198
2.8680866e-06
3.641056e-06
0.0020680548
0.0021033879
2.1761323e-05
0.00046465931
0.00015188253
0.00021780767
0.00082137846
0.0002740192
7.3285504e-05
0.0001648132
0.00045460047
2.410413e-05
0.0010325987
0.00026035433
0.0010853723
0.016461506
0.0011518185
0.00030903263
3.9031026e-05
5.4228385e-05
0.00011514445
0.00010857596
0.00023835461
0.0006705572
0.0018110681
0.0022451385
0.00010991276
1.6299049e-05
6.3949789e-10
1.4951259e-10
2.5071748e-05
6.6961581e-05
2.5662311e-05
0.00028074022
5.1473626e-05
0.029342901
0.0043262407
0.0028087641
0.0038381135
0.005838361
0.0084009868
0.012371871
0.0030498598
0.00016320923
0.0012464475
0.0041305271
0.0041579359
0.0020341217
0.00064589025
0.01844644
0.00041073734
0.00049042743
0.0012028446
8.9259334e-05
0.0059211364
0.0059539913
0.011136063
0.010945191
0.0019269189
0.011859574
0.98629315
0.99997147
0.98104532
0.95557654
0.98387859
0.99381357
0.87574623
0.76233724
0.66390026
0.79992571
0.81358459
0.99910985
0.61203009
0.71098013
0.016046543
0.015335936
3.0246883e-05
1.4972385e-05
0.020924998
0.0202072
0.0030712379
0.0044296328
0.31406916
0.26040784
0.00015983602
0.00016357083
0.00015822284
0.14239603
0.13689256
0.65578733
0.57210745
0.99999052
0.99827487
0.99427282
0.99550891
0.00033764334
0.00025285963
0.025802053
0.017584883
0.32424381
0.41852609
4.1850716e-05
3.3796936e-05
0.76400915
0.99937201
0.91719099
6.3385274e-10
1.5106419e-10
0.80783134
0.831302
0.00513719
0.0044791968
0.0029816538
0.0027964057
0.0023263279
0.0031515801
0.51020264
0.57582874
0.61048232
0.61459106
0.0015805083
0.33300162
0.0013646442
0.079954973
0.06875726
0.20000091
0.24383715
0.27066166
0.28852031
0.00029006748
5.2445004e-05
0.9737425
0.99517918
0.94176295
0.97383399
0.98332245
0.96706046
0.22989778
0.17898458
5.603378e-11
5.1952104e-11
2.0256412e-24
1.5409229e-24
2.1404409e-19
8.3321845e-19
9.3653783e-14
7.2960003e-13
4.866125e-14
3.1835694e-13
6.4578159e-18
7.5731779e-19
5.3359471e-23
4.6183134e-21
1.8850244e-22
3.3374676e-22
7.9284214e-21
6.7207621e-22
1.5470237e-20
1.3121747e-21
5.3823398e-21
4.7803816e-21
6.8355423e-09
2.2614418e-08
1.1097974e-08
2.3576679e-08
1.055429e-10
1.7532715e-11
6.1758007e-09
1.0602007e-08
0.9986326
1.3206578e-24
0.99886483
0.8393383
0.84928884
0.51324421
0.48451495
0.82549006
0.66690612
0.56784076
0.023457007
0.016744057
0.015148748
0.012160737
SCALARS p float 1
LOOKUP_TABLE default
0.043563023
0.0097956014
0.01093125
0.0097507145
0.0097726394
0.0097804388
0.0097811633
0.0097690555
0.0097683749
0.012993992
0.0047682854
0.013926191
0.0097879964
0.0082135906
0.0083565903
0.0097581443
0.0097784519
0.010177776
0.011547168
0.010470916
0.0097645163
0.0098268356
0.006732338
0.0097884023
0.0098111339
0.0097527318
0.0097759862
0.013720213
0.0097705622
-0.0076259522
0.0097255692
-0.0022764666
0.0058420506
0.0058437579
0.0094078722
0.0049497638
0.0051695095
0.0058702134
-0.0030850225
0.0042780872
-0.0011161387
0.0097073787
0.0097691954
0.01196244
0.0097609086
0.0097774479
0.0097441954
0.0097788808
0.0097736323
0.009782071
0.0097665128
0.0097508348
0.009777601
0.0097307917
0.0097842317
0.009764166
0.0097245296
0.00978452
0.009521539
0.0097217848
0.0097980553
0.0097412672
0.0097797759
0.0097782605
0.0097724765
0.0097878011
0.00978506
0.0097386349
0.0097691647
0.0097481096
0.0096291601
0.0097076191
0.0096659702
0.0096938159
0.009134092
0.0097617262
0.0097249479
0.0096574469
0.0097622037
0.0099806598
0.010462476
0.0098682345
0.0096712338
0.0096478123
0.01043176
0.0098033808
0.0099184814
0.011594395
0.0095242476
0.010080025
0.0098153776
0.010249254
0.0092930955
0.012087115
0.010000072
0.010136852
0.010565053
0.0079768065
0.010079078
0.0096889857
0.0084925037
0.0086306857
0.009361621
0.010045323
0.0099078586
0.011188784
0.011010149
0.010610046
0.0097767333
0.0070661119
0.0095528711
0.0084924641
0.0093196736
0.0088479165
0.010320261
0.0077979737
0.0092999535
0.010735808
0.0090380117
0.0089711549
0.0083420957
0.0094997784
0.0090412889
0.008540379
0.0086031009
0.009990593
0.0096609176
0.0062719708
0.008955737
0.0088501316
0.0090930336
0.00838246
0.0085987083
0.0089728235
0.0093068648
0.010189246
0.0094574624
0.0089050394
0.010043869
0.0083620319
0.0097370578
0.0086259192
0.0092859525
0.010317997
0.0093348586
0.010449074
0.0095407025
0.0093854162
0.008559709
0.010015112
0.0063834823
0.011185271
0.0093522245
0.0098668211
0.012561843
0.010475082
0.0096933322
0.0099184268
0.0097326334
0.0087015003
0.01068914
0.011273875
0.010022912
0.0087563285
0.008681079
0.0096800465
0.010659078
0.0067056054
0.011176532
0.010518067
0.0089030074
0.010372402
0.011544879
0.010169875
0.0097474767
0.010219199
0.010480864
0.0098300904
0.0093364788
0.0090257834
0.010124682
0.010221039
0.006881967
0.010109112
0.011410554
0.010399182
0.010468173
0.004952744
0.01010142
0.011095736
0.010930642
0.007463317
0.01007677
0.0064823452
0.0071708423
0.010352889
0.0096347362
0.0063106841
0.0087460731
0.0057359145
0.0075889038
0.012787456
0.0043819406
0.0070640528
0.0093868235
0.0065866024
0.0062137313
0.011808287
0.0082466336
0.0061360261
0.0079539324
0.010960867
0.0041981945
0.0063608323
0.010427702
0.006226563
0.0098178521
0.0093970523
0.0059350485
0.0063752563
0.0067601211
0.01264777
0.0062640816
0.0055310319
0.0040597153
0.013110141
0.0096513175
0.0063194415
0.0063007717
0.011785001
0.010671556
0.0063154197
0.0043926395
0.0063309209
0.01110402
0.0096142003
0.01046326
0.011904825
0.0063539785
0.0061196277
0.010388911
0.0055651942
0.011181965
0.012349288
0.010231472
0.0090356152
0.011182359
0.010600749
0.0066478364
0.0073781945
0.009594879
0.009100363
0.006344365
0.012154312
0.0096526592
0.011037605
0.0091208964
0.0053035764
0.011088185
0.011645639
0.0080317351
0.010874854
0.010635395
0.010497257
0.007666833
0.0093338129
0.0079992515
0.010815126
0.008492846
0.0085404625
0.0090503599
0.0065762406
0.0097654835
0.0078363998
0.0088375147
0.0071503841
0.0090490421
0.0091463097
0.008255178
0.0078984306
0.007467538
0.0070668587
0.0091749903
0.0085077688
0.0086535619
0.0094475585
0.0087691847
0.0082206444
0.0094994095
0.010250553
0.0088702223
0.0086268563
0.0083463878
0.010089342
0.0077252422
0.0088953991
0.0090133314
0.0090307185
0.009041968
0.0079163978
0.0078067177
0.008170609
0.0083209678
0.0083846732
0.0079686059
0.0062482036
0.0085821681
0.0096248707
0.0088326225
0.0096798397
0.0086435446
0.0085163601
0.0071798213
0.0080202218
0.0081152538
0.0066796537
0.0065363863
0.0068365513
0.0071469424
0.0067204132
0.006776988
0.0065680617
0.0069839359
0.0063239243
0.0068362938
0.0082984996
0.0069793175
0.0070055374
0.0073504078
0.0066908334
0.0062586345
0.0079964883
0.0075854203
0.0080659985
0.0080173658
0.0073937265
0.0070646174
0.0067520984
0.0060687497
0.0061952382
0.0063225946
0.0061673106
0.0068473901
0.0067070305
0.0070993914
0.0066184845
0.0048324165
0.0057363336
0.0064409213
0.0075301716
0.0069644229
0.0064908048
0.0066414984
0.0066468091
0.0062588319
0.0064475064
0.0067406194
0.0060150485
0.0058031657
0.0067916988
0.0068288765
0.0073574631
0.006398116
0.0063273449
0.00583031
0.006375934
0.0076212902
0.0059752695
0.0065967854
0.0069123961
0.0075272012
0.0061416603
0.0059500455
0.0065069963
0.0072236285
0.0046226381
0.0059898522
0.0063346049
0.0064066566
0.0049948443
0.0053917801
0.0061208306
0.0048235407
0.0063121551
0.0075315827
0.0053026307
0.005039174
0.0060939569
0.0068570015
0.0065237
0.0058457896
0.0064454699
0.0056593469
0.006697215
0.0059649031
0.0057878668
0.0058924248
0.005676728
0.0060920078
0.005253944
0.0050828207
0.0058183742
0.0059368693
0.0053926422
0.0054554978
0.0051856955
0.0050724507
0.0055694923
0.0064732177
0.0047484216
0.0054367277
0.0056596281
0.0057208782
0.0051623358
0.005867067
0.0058079853
0.0064948349
0.0052435554
0.0054101917
0.0056793499
0.005472207
0.006634256
0.0066696626
0.0055125687
0.0074455193
0.0056268898
0.0058345266
0.0066517893
0.0068311554
0.0059218234
0.0050701335
0.0053849994
0.0054146285
0.005120474
0.0076537128
0.0053481388
0.0052448843
0.0058675358
0.0060300575
0.0056654393
0.0052311626
0.0059445653
0.0053126482
0.0053100604
0.0065898255
0.0055736815
0.0057293412
0.0052564032
0.0050551905
0.0055797007
0.0051998354
0.0050495754
0.0053398623
0.0051588945
0.0049335356
0.0053231462
0.0053142642
0.0051779078
0.0054063279
0.0053239432
0.0058217236
0.0044294675
0.0042688034
0.0071206703
0.0069259464
0.0049524052
0.0063275196
0.0052364425
0.0070657835
0.0063344159
0.0054232131
0.0068911903
0.0046889165
0.0064453112
0.0068188777
0.0072126561
0.0082969822
0.0072346041
0.0071732525
0.0051873041
0.0049942128
0.005838914
0.0047308654
0.0064411787
0.0049380767
0.0047534871
0.0048469134
0.0068047407
0.0076465285
0.0081215609
0.0080973119
0.0052537864
0.0055904652
0.0037239882
0.0049760087
0.0067382215
0.0079100631
0.0072137801
0.0075019185
0.0072571429
0.0082039364
0.007885351
0.0081643682
0.0043387816
0.0057175632
0.0047555086
0.0049569523
0.0066964758
0.0074021169
0.0077475874
0.0079053301
0.0075393718
0.0081451545
0.00783344
0.0080386109
0.0083058831
0.0079233266
0.0082731274
0.0090301708
0.0086937312
0.0088181692
0.0086123556
0.0086048962
0.0080693526
0.0094291508
0.0048799299
0.0054195069
0.0052578423
0.0049538036
0.0048520828
0.004917209
0.0047663287
0.0054119965
0.0044913869
0.0071916265
0.005360611
0.0048152509
0.0048309601
0.0052507106
0.0046906139
0.0046486588
0.0050406171
0.0037441897
0.0063835079
0.0065695423
0.0070158961
0.0074245006
0.0081804707
0.0084116461
0.0078287983
0.0079492972
0.0057987983
0.0048467368
0.0043008937
0.00485596
0.0037676918
0.0061643798
0.0069506439
0.0040463468
0.0057226076
0.0066322939
0.0069871356
0.0081872614
0.0049821884
0.0054021012
0.0051590132
0.0049341383
0.0049177648
0.0072894156
0.0037616869
0.0067910808
0.0071429147
0.0076287214
0.0050910456
0.0051466473
0.0057007913
0.0048043766
0.0040556869
0.00072987347
0.0044403788
0.0064940355
0.0046418819
0.0050730984
0.0068001869
0.0073350128
0.0078833171
0.0080985996
0.0057045562
0.0058345619
0.0052580954
0.0049202126
0.0056763177
0.0055983251
0.00607142
0.0063776752
0.0057026186
0.0055663956
0.0054677078
0.0061601159
0.0046468471
0.0045867361
0.0043462681
0.0052895027
0.0042661748
0.0056277769
0.0048119459
0.0045160248
0.0038848848
0.0040448029
0.0052392115
0.0041138285
0.0036095662
0.0028538136
0.0050181672
0.0052723928
0.0064781483
0.0051310825
0.0047489229
0.007613694
0.0055629786
0.0063307838
0.0077954816
0.0082372287
0.0077842778
0.0079187108
0.0072601962
0.011577381
0.0052351264
0.0049619533
0.005944262
0.0058701863
0.0061669086
0.0015875686
0.0046328288
0.003629259
0.0041237651
0.0072103039
0.0074340056
0.0042439239
0.0028188687
0.0064310754
0.0035871304
0.0072864339
0.0040893331
0.0065059647
0.0044508239
0.011310112
0.0085180575
0.0014645908
0.0066932683
0.005189322
0.0066219722
0.0068352555
0.0074024114
0.0072197056
0.0075591204
0.0077255158
0.0050083313
0.0048237612
0.006240768
0.0071950188
0.0058069707
0.0063288788
0.0059351728
0.0041187099
0.0050087195
0.0063394793
0.0098803609
0.0061784404
0.0046168092
0.0067508268
0.0038363443
0.0055478041
0.0063845079
0.0061284731
0.0069453248
0.0073444715
0.0074049335
0.0075592919
0.0077847807
0.0083614904
0.0048612144
0.0058603794
0.0037605092
0.0045720436
0.0061073877
0.0055213247
0.0056271416
0.0066505241
0.0041832483
0.0067141742
0.0041783908
0.0049279665
0.007004732
0.006481651
0.0070591983
0.0040819213
0.0056578211
0.010544564
0.0048592693
0.0063015011
0.0057810052
0.0053376333
0.0070236013
0.007289052
0.006835781
0.0070809071
0.0065137577
0.0054902012
0.0070784205
0.0067006175
0.0067105895
0.0066501034
0.0065372157
0.0065093121
0.0050564958
0.0067787381
0.0058065236
0.0057670047
0.0069733231
0.0070395839
0.0063294952
0.0067994298
0.0080874796
0.0073184461
0.0043502302
0.0068855849
0.0068838452
0.0075788728
0.0064794232
0.0063342934
0.0072778677
0.0075162567
0.0063911032
0.0071048431
0.007194563
0.0077331542
0.0062188596
0.0065613205
0.0079141986
0.0076428251
0.0088078385
0.0088186296
0.0041165527
0.0050880238
0.0054375896
0.0065024342
0.0050277354
0.0063388378
0.0049277719
0.0056934198
0.007037601
0.0058850926
0.0062728991
0.0062399948
0.0068687397
0.0051250711
0.0025905187
0.0064373703
0.005657042
0.0059226196
0.0057218674
0.0059693102
0.0064850985
0.0064203876
0.005285345
0.0052365817
0.0069097351
0.0072404075
0.0082599102
0.0079911358
0.0068259976
0.007366403
0.0079342544
0.0077255945
0.0080627136
0.008268662
0.0084130044
0.008430071
0.0082312726
0.0085205964
0.008613802
0.0083542917
0.0073974324
0.0065594911
0.0075562502
0.006218527
0.0068180206
0.0073085375
0.010799429
0.0047522686
0.0061528895
0.0067638781
0.0062939128
0.0055502463
0.0052769913
0.0057578374
0.0055565821
0.0068346028
0.0066841711
0.009967763
0.0075647633
0.0061534883
0.0070945139
0.0059069623
0.0061284428
0.0068624503
0.0029192467
0.0067243193
-0.0012532165
0.0082031898
0.0059023978
0.0062456281
0.0067149653
0.0070396278
0.0065039746
0.0057452843
0.0065121609
0.0073756446
0.0063681618
0.0070862112
0.0075893539
0.0064696877
0.0062235111
0.0056889393
0.0077160541
0.0074976499
0.0074457852
0.0064101547
0.0054548868
0.0084487871
0.0053053176
0.0085350282
0.003920287
0.011026784
0.0064403814
0.0037655237
0.007194569
0.0068927138
0.0055780309
0.0074201471
0.0084039173
0.0060925527
0.0043883842
0.0070479807
0.0068716611
0.0059560535
0.0049345119
0.0032674047
0.0049473461
0.0028468478
0.0069448087
0.0058510603
0.0046286096
0.0037324884
0.0060503319
0.0040751064
0.0053714417
0.0059213744
0.0062314629
0.0059582057
0.0057825854
0.00624554
0.0058850588
0.008518
0.007715829
0.0073088803
0.0075762787
0.0078391081
0.0062887266
0.006405203
0.0063375395
0.0078285312
0.0065860775
0.0063446358
0.006406448
0.002994588
0.0049538215
0.0073651915
0.0052444858
0.0069554074
0.006408968
0.0046593484
0.0047917896
0.0057896965
0.0065866793
0.0029259571
0.0051294634
0.0065945997
0.0036988477
0.0022942824
0.0036605358
0.0014007418
0.004361688
0.0042854067
0.0063551476
0.0047899754
0.0033412964
0.0038310423
0.0021329075
0.0062774143
0.011961744
0.008366817
0.0060467789
0.0056697564
0.0057287885
0.0065584214
0.0060530496
0.0056745146
0.0053160881
0.0056358211
0.0058696426
0.0086655949
0.0076231478
0.0050323934
0.0081656096
0.0073539472
0.0076045755
0.010211902
0.0096220235
0.018213908
0.0068702119
0.0074573088
0.0078296617
0.0054841273
0.0062776398
0.0055977772
0.0059590126
0.0067215609
0.0078952913
0.0018528549
0.0012360012
0.0040096935
0.0049167507
0.0039450283
0.0039291783
0.0039430024
0.0036265147
0.0055283478
0.0061139983
0.0045605651
0.0083349948
0.0070692486
0.0034868599
0.0054744124
0.0075186747
0.003764693
0.0066508662
0.0044382036
0.0076668665
0.0043737141
0.0039822344
0.0044891773
0.0046414513
0.0046981689
0.0040287863
0.0043378748
0.0070795193
0.0074184376
0.0064322773
0.0070305759
0.0062819706
0.005713053
0.0044166924
0.0045239769
0.0039165944
0.0039324073
0.0033338799
0.0040774217
0.0074182412
0.0081760287
0.0064654119
0.008270548
0.0079494714
0.0080049529
0.0060213626
0.0089393321
0.0079830968
0.0070744306
0.0092167159
0.0077388563
0.0056039562
0.0087484676
0.007481606
0.0057359294
0.0051602088
0.0057533329
0.0057728424
0.0055178039
0.00498943
0.0044921469
0.0040999729
0.0039639095
0.0042375994
0.0059345075
0.0053517206
0.005564225
0.0049830599
0.0047536018
0.0045162243
0.0043625681
0.0039840809
0.0035453296
0.0035644621
0.0037984503
0.0092549321
0.009349265
0.0062086683
0.0050051592
0.0044774975
0.0051677355
0.0042533328
0.0039532168
0.0055257428
0.0055770906
0.0049487722
0.0056781202
0.0055891586
0.0051935202
0.0037468445
0.0043600626
0.002716057
0.0037427742
0.0035135459
0.0027488069
0.010050641
0.008239176
0.0055629485
0.0060402214
0.0039164718
0.0038791736
0.0038370689
0.0035836873
0.0035920154
0.0037441869
0.0033127196
0.0025611114
0.003499737
0.0033253259
0.0034047668
0.0033291081
0.0029073148
0.0058439712
0.0031375506
0.0031023769
0.0034067746
0.003917208
0.0031005559
0.0019123781
0.0030137403
0.0051411187
0.003106234
0.0029054722
0.0039131756
0.0040078254
0.0038400369
0.0032485567
0.011388961
0.0091682145
0.0093230008
0.0089966621
0.0087257701
0.0025530868
0.0012210847
0.0025139713
0.0036868885
0.0034395863
0.0033512148
0.0035716642
0.0033794325
0.011684356
0.0097846483
0.0030223456
0.0029708364
0.0028550141
0.0027547707
0.0034886429
0.0016894011
0.0029219935
0.0028258232
0.0035774972
0.0037111433
0.0023712318
0.0032578396
0.010052521
0.0091675543
0.002241176
0.0021441478
0.0020531632
0.0028824886
0.013058316
0.011722678
0.010238134
0.0083102333
0.00087154924
0.0026064826
0.011196547
0.010635493
0.0106719
0.010233142
0.010285253
0.0094077817
0.01394084
0.0095226097
0.01003674
0.009511275
0.009844919
0.010437235
0.011050074
0.011549538
0.010522798
0.011077953
0.011018261
0.0098508923
0.011057023
0.010813356
0.011123508
0.0092829289
0.011200268
0.0097175996
0.0092852594
0.009175374
0.0025779472
0.0024779934
0.0023396622
0.002058561
0.0095971816
0.0094782318
0.0094205672
0.010096808
0.0086571445
0.0083900004
0.0020643714
0.0018590211
0.0023922317
0.0022394302
0.0098754829
0.0097851902
0.0095149432
0.0083681004
0.0018108109
0.0024545625
0.0020380373
0.0018159535
0.0096305091
0.0092528123
0.0098441529
0.0094973582
0.0091665773
0.0082326363
0.001482121
0.0018766793
0.0023062524
0.0021309648
0.0092743107
0.0096723291
0.010051318
0.0088149254
0.0094597446
0.0090955469
0.009374697
0.0094742577
0.010300237
0.0096289576
0.01044901
0.010202781
0.010376865
0.0099796695
0.010898936
0.010833987
0.01057559
0.0083878688
0.010100239
0.0094306166
0.009502947
0.0090228038
0.0017678961
0.0013351336
0.0017507988
0.0018347775
0.0017194522
0.0022775239
0.010995862
0.010213429
0.0018616201
0.0012875668
0.0019212246
0.0022897769
0.0021016021
0.0029570263
0.011436438
0.011177965
0.0011942522
0.00024797136
0.0019878103
0.0020893045
0.0012005637
0.0019917277
0.0012995567
0.0031078187
0.010726447
0.010940148
0.0021174835
0.0013949117
0.0013077001
0.00067169504
0.0017269393
0.0027120562
0.011815858
0.011519046
0.011188212
0.0096447319
0.0021981795
0.001653373
0.0010434997
0.00070941076
0.0011644579
0.00087801283
0.0016474296
0.0020839088
0.0024873473
0.0028630345
0.010649875
0.011209236
0.010659673
0.011072692
0.011403788
0.010367162
0.012571507
0.011342419
0.011643191
0.011541422
0.011529348
0.011804704
0.011695546
0.011156027
0.011643911
0.011560093
0.011931996
0.011072536
0.01108911
0.0093540261
0.011604119
0.011998307
0.012096456
0.011687993
0.011256241
0.010653247
0.01151225
0.012246483
0.010434452
0.010835164
0.0019481715
0.00093998689
0.0014057807
0.00071735715
0.0011752974
0.0011992891
0.0010911626
0.0011268938
0.00093418129
0.010540827
0.0020946611
0.0022043764
0.010261501
0.010391399
0.01099941
0.010570558
0.0023598985
0.0019334905
0.0013857199
0.0017415133
0.0015301343
0.00039974012
0.00086660948
0.00055746493
0.0013314362
0.00078487269
0.011188103
0.00030455154
0.0016739425
0.0020212059
0.0028672174
0.0035144286
0.010015371
0.0098932023
0.0012086119
0.00054397397
0.0031306665
0.0013901638
0.00070266917
0.00050158962
0.0091245414
0.00202424
0.0095687078
0.0093400231
0.0017361007
0.0021554563
0.0045562793
0.003635058
0.0021505398
0.0031766814
0.0098515131
0.0097933579
0.010155174
0.0099558457
0.010361546
0.009831743
0.010518921
0.009588979
0.0089881561
0.0095628777
0.010525949
0.010132267
0.010013378
0.0094118709
0.010780977
0.010372251
0.0098762511
0.0092091785
0.0092536949
0.0094547602
0.010022195
0.0096404657
0.010000104
0.0098366126
0.010383913
0.0091754893
0.0013355114
0.0011923849
0.00047848218
8.3313584e-06
0.0017715712
0.0012131093
0.0023356471
0.0017015589
0.00087454589
0.0003769346
0.01079039
0.0036873948
0.0094859807
0.0026461291
0.0017543854
0.0022444976
0.002308088
0.0088377164
0.0023007604
0.010474192
0.011041426
0.01010236
0.0097906955
0.0096871102
0.0090654549
0.0087784922
0.0092363698
0.0086733848
0.00051066829
0.00057708755
0.00063915343
0.00058700595
0.0029697508
0.0037073222
0.0092309327
-0.00018186229
0.0086786082
0.0091887095
0.0089327736
0.0093812187
0.0090540321
0.00050539841
0.0003386935
1.1915454e-05
0.00050316907
0.00013003525
0.00028480486
0.0022021719
0.0016393263
0.0023341324
0.0025432871
0.00098971731
0.00094314778
0.0018017727
0.0015967527
0.0019561014
0.0013166586
0.00030090368
0.0011556944
0.0014665301
0.00079064561
0.0036393778
-0.0015805122
0.00072188515
0.0010707955
0.001369995
0.0018082537
0.0011808698
-0.0007431696
0.00075462781
-0.00044061108
-0.00061064677
-0.00010861743
0.00074827423
0.00022471954
3.3283075e-05
0.00022786898
0.00047493522
0.00085067838
0.00035523323
0.0009632297
0.0018171401
0.0037542984
0.0006797373
0.0015651102
0.0097957041
0.010273156
0.01206958
0.01155897
0.010684826
0.01034187
0.0096750916
0.0098750819
0.0084743411
0.0085531235
0.0083189133
0.0085912141
0.0082537761
0.0083570775
0.008449687
0.0088315515
0.0089651329
0.0089106133
0.0090263281
0.0083794893
-0.00092098731
-0.00016304111
0.0021228911
0.0026053735
0.00072464989
0.00023336041
0.00048364936
0.00058981122
0.0015410803
0.0010353747
0.0010118935
0.0016028574
0.0011093905
0.00046026947
0.00025445338
0.0091811881
0.00043657887
0.0001259824
0.00023541711
0.00053403883
0.0019124283
0.0015390208
0.0011482271
0.0023877025
2.3957667e-05
0.0016905137
0.00056020078
0.0011868508
0.0017220082
0.0013271737
0.0033754954
0.0031940984
0.010809701
0.010387122
0.0099003315
0.0090644403
0.00029752745
0.00019770996
-1.0274671e-05
-4.016402e-05
0.00016664134
0.0003863752
-7.1620343e-05
-2.1141588e-05
-0.00011671472
0.0011158815
0.0015818605
0.0015453049
0.0023316893
0.0033264062
0.010994965
0.011307734
0.010293061
0.0099005787
0.0097162828
0.0094158472
0.0098160536
0.0095362324
0.0099650375
0.0093075556
0.0096255123
0.0095169005
0.010434797
0.0099064866
0.00936464
0.0092921916
0.010593835
0.0095335112
0.0096500052
0.0095039269
0.0099731121
0.010018403
0.0091839404
0.0095059518
0.0096888997
0.0095405629
0.0097069163
0.0094833822
0.00016704563
4.8005916e-05
3.2489006e-05
-3.6159325e-05
3.5291511e-05
-0.00038996331
0.0017422505
0.0033453553
0.0036514888
0.0034444423
0.010695815
0.010781729
0.0096228402
0.0094538381
0.0092479275
0.0089156238
0.009476762
0.0091155639
0.00931747
0.0093936748
0.00033759846
-0.0003272804
-0.00020094473
-6.9746984e-05
0.00014773467
0.00058000323
-9.7078714e-05
0.00015904183
0.0033063807
0.0030249823
0.0039564662
0.0025347597
0.002643578
0.0022090397
0.0027790885
0.0019554603
0.0019741884
0.0035610711
0.0023300324
0.011003054
0.011056589
0.011587328
0.010767663
0.00054019154
0.00050481638
-0.0007134999
-0.00072366691
-0.00037937555
-0.00016360397
0.00062524402
0.00050972002
-0.00014885102
-0.00037160662
0.00014970251
0.00047294973
0.011488983
0.011446511
0.012033598
0.011260409
0.011791228
0.012150296
0.01090584
0.010532685
0.010219635
0.0099802471
0.01089469
0.010255919
0.0097902875
0.010338974
0.00065820298
0.00024727779
0.00015899834
-0.00025190489
-0.00037762829
-0.00060817333
-0.00098409568
-0.00023833309
-0.00063448374
-0.0020661812
-0.00021905342
0.00043904661
-2.3013266e-05
-0.00023012097
-0.00013694742
-0.00022642013
-0.00051341513
0.00073923248
-0.00011686087
-5.5129127e-05
-0.00027090506
-0.00061035879
-0.00056023675
-8.071078e-05
-0.00022739369
-0.00057382779
-0.00095538359
0.0010156354
-0.00018297278
0.00047162814
0.01276451
0.012743877
0.00099050889
0.00054113683
0.00059222117
0.0007909169
4.2012788e-05
-1.9138473e-05
-0.00084979374
-0.0009597698
-0.00043912557
-0.00087040175
-2.8787468e-05
-0.0012722996
0.00045568885
0.00039558705
0.00016789386
0.0002071499
0.00058176738
0.00065606567
0.00011349891
-0.0003237432
-0.00077363624
0.0010559975
-0.00080595172
-0.0013459536
-0.00036827029
-0.0011471237
0.012127771
0.012117238
-0.00038244683
-0.0021940675
-0.0010052731
-0.0014209572
-0.00048193406
-0.0010056984
-0.00070362272
-0.0007607332
-0.00086062765
-0.0017387546
-0.00031258912
0.0001388488
1.8392233e-05
-0.00023683224
5.0278881e-05
0.00075049764
0.00016847569
-0.00035511546
0.00097484374
7.8583738e-06
1.4315637e-05
-0.00024000721
-0.00036625085
-0.0001928825
-0.00068722278
-0.00021928476
-0.0010082642
-0.0010737816
-0.00053548932
-0.00056948501
6.3013261e-07
-0.0011665099
-0.0010282578
-0.00022720355
-0.001611575
-0.00066504206
-0.0016767235
-0.0029325785
-0.0018749533
-0.00090082178
-0.00049104502
-0.0012660385
9.0995072e-05
-0.00078243813
-0.0012882433
-0.0010445175
-0.0013594246
-0.00093471947
-0.0012402052
0.00013836922
-0.0014678454
-0.0011985545
-0.0015520606
-0.0013293202
-0.0016776672
-0.0015118051
-0.0010573699
-0.0010120479
-0.0018508137
-0.0023194314
-0.00028420142
-0.00036080124
-0.0011563768
-0.00060947466
-0.00074808441
-0.00066505151
-0.00082559612
-0.0019171984
0.00013371257
-0.0011036188
-0.00042209022
-0.0021030457
-0.00015039301
-0.00017903934
-0.0017490352
-0.0015644685
-0.0012759885
-0.0024545313
-0.0016392479
-0.0023837636
-0.0010913298
-0.00098938376
-0.0018624384
-0.0011689785
-0.0012884122
-0.0013511128
-0.0016756183
-0.0021853736
-0.00058920365
-0.00087426446
-0.0014619303
-0.0016366738
-0.001331843
-0.0023479368
-0.0018960615
-0.0020080204
-0.0012946265
-0.0011741297
-0.0019324019
-0.0022943995
-0.0015363719
-0.0015165871
-0.00079098233
-0.0018561567
-0.0011782757
-0.0019854178
-0.0021103966
-0.0020606573
-0.001629524
-0.002386959
-0.0029352734
-0.0018276482
-0.0020974565
-0.0026065049
-0.00096214889
-0.0020393398
-0.0022414316
-0.0036275067
-0.0018203509
-0.0023814758
-0.0014511705
-0.001076813
-0.00097494515
-0.0011426995
-0.00041865725
-8.1860577e-05
0.00041144428
-0.0016685685
-0.0031461266
-0.0026729937
-0.0020761763
-0.0017925863
-0.0014638908
-0.00039819942
-0.0017589089
-0.0028428941
-0.0012138952
-0.0015827337
-0.0012399807
-0.00051123704
-0.00079979362
-0.00068015263
0.00014302866
0.00011330796
0.00046886922
-0.0021479986
-0.0025809765
-0.002193914
-0.0023050561
-0.001995339
-0.0017478001
-0.0015493292
-0.0017315706
-0.0013694102
-0.00084345097
-0.0014889177
-0.0014469125
-0.0016183886
-0.0011151418
-0.0015719456
-0.0019256587
-0.0024541689
-0.0012238728
-0.0011845723
-0.0011898308
-0.0015014556
-0.0012119619
-0.0011567264
-0.0015449548
-0.0018956147
-0.0030656542
-0.0018053626
-0.0021543065
-0.0023297325
-0.0025156684
-0.0019161742
-0.0020052333
-0.0037389904
-0.0015424157
-0.0014712001
-0.0015251911
-0.0024974983
-0.0029550243
0.0019281495
-0.003631503
-0.0018934922
-0.0019928739
-0.001725581
-0.0028815218
-0.0030117465
-0.0034148408
-0.001443046
-0.0019190007
-0.00085605498
-0.0015426885
-0.0014560342
-0.0015277834
-0.0011410703
-0.00090218203
-0.0014348011
-0.0017594392
-0.0023786935
-0.0014938057
-0.0013975565
-0.0015732387
-0.0011330241
-0.00078111564
-0.0015806222
-0.002339207
-0.0022094024
-0.0026902124
-0.0029146916
-0.0030112996
-0.0012010131
-0.0010763394
-0.0008415928
-0.0011108592
-0.00080303396
-0.0015047865
-0.0023328459
-0.0027675565
-0.0016291351
-0.0027182413
-0.0045062156
-0.0032081943
-0.0036136453
-0.0032235405
-0.0031893039
-0.0020886014
-0.00075236019
-0.00079412693
-0.0010446731
-0.00090348648
-0.0014861481
-0.0021650627
-0.0027394076
-0.0033581452
-0.0044121449
-0.0033818798
-0.0028825222
-0.0025171145
-0.0017868464
-0.0016887117
-0.0005556998
-0.00062004241
-0.0024535169
-0.0029152494
-0.0033418204
-0.0044411236
-0.003519854
-0.003825705
-0.0014639921
-0.0029278683
-0.0021816602
-0.0029946032
-0.0033170016
-0.0036940595
-0.0047881672
-0.0038055398
-0.0045670256
-0.0037303007
-0.0013764395
-0.0017075629
-0.0025136222
-0.0030086286
-0.0034620239
-0.0036783285
-0.0027823024
-0.0036239668
-0.0037561104
-0.0031194464
-0.0016505003
-0.0016183079
-0.0015439256
-0.002345661
-0.0024064869
-0.0027337767
-0.0020687968
-0.002274236
-0.0024762566
-0.0025811826
-0.0030232913
-0.0021538533
-0.0028863199
-0.0028484261
-0.0021250943
-0.0039049728
-0.0026398014
-0.0033491052
-0.0016287115
-0.0053948581
-0.0047056775
-0.0034155055
-0.0032991752
-0.006013552
-0.0060321234
-0.0043491647
-0.0044859729
-0.0070667437
-0.0031723669
-0.0042058051
-0.0046353738
-0.0045788943
-0.0049755324
-0.0040423738
-0.0033836048
-0.0024908842
-0.0013697554
-0.0016597147
-0.0017277567
-0.0017401493
-0.0013573546
-0.0023831247
-0.0012258478
-0.0017004743
-0.0017601749
-0.0014982543
-0.001680512
-0.0024947054
-0.00080634996
-0.0010630071
-0.0018349921
-0.0016245696
-0.0018311013
-0.0022786322
-0.0030966232
-0.0041392292
-0.0041839754
-0.0044191482
-0.0034574645
-0.0050416188
-0.0048517582
-0.004428072
-0.0045219091
-0.0031511445
-0.003273201
-0.0028832796
-0.0032080587
-0.0029558594
-0.0060773579
-0.0043159286
-0.0052596431
-0.0016797497
-0.0038705655
-0.0035439147
-0.0034103879
-0.0048649142
-0.0045183468
-0.0039204617
-0.0055512586
-0.0045166615
-0.0047823534
-0.0026666957
-0.0039753594
-0.0057107655
-0.0054409334
-0.0039861186
-0.0057164352
-0.0025750441
-0.0050029945
-0.0052455836
-0.0044390839
-0.0044654377
-0.0040085247
-0.0034555827
-0.0031814557
-0.0053794943
-0.0031815974
-0.0046544668
-0.003561626
-0.0043889582
-0.0032116869
-0.0031850261
-0.0036278214
-0.004517729
-0.0043790797
-0.0057567655
-0.0053022978
-0.0029630345
-0.0049862675
-0.0053205776
-0.003605873
-0.0066966959
-0.0054638862
-0.0052714097
-0.0066404781
-0.0056644788
-0.0019452781
-0.0050166054
-0.0050888545
-0.0057388847
-0.0053244693
-0.0063023579
-0.0062058353
-0.0059692099
-0.0056333615
-0.00031746564
-0.0063690553
-0.0063080141
-0.0062486201
-0.0054641293
-0.0068713201
-0.0069401416
-0.0026013731
-0.0064399718
-0.005768925
-0.0042483199
0.0044856343
-0.0042968996
-0.0027929199
-0.0053379881
-0.0043148494
-0.0045824767
-0.0044965082
-0.0056922549
-0.0051788307
-0.0049032028
-0.0044972467
-0.0051806193
-0.0046702625
-0.0044536866
-0.0032184628
-0.0047276486
0.00068819379
0.0017521297
-0.003526286
-0.0047880802
-0.0038761095
-0.0050370105
2.3493939e-05
-0.0033221043
-0.0031981687
-0.0057166109
-0.0061108148
-0.0051066744
-0.0045722471
0.00045817575
-0.0027697889
-0.004126671
0.0021032353
0.0017881286
-0.0033393159
-0.0061285588
-0.0058365705
0.0015060513
0.00079109922
-0.0049156786
-0.0061520223
0.00044303922
4.0304276e-05
-0.0056450472
-0.0063388078
-0.0050652997
-0.0060807971
-0.0027512938
-0.0057106812
-0.0036435724
-0.0026043416
-0.0072640933
-0.0060507601
-0.006595361
-0.0067602075
0.0030648193
0.0020832845
-0.011180043
-0.0063814422
-0.007126009
-0.0066479618
-0.0074008401
-0.006184112
-0.0066380379
-0.0072359626
-0.0072354278
-0.0076454135
-0.0089803369
-0.0094341204
-0.0075829092
-0.0075441689
-0.0074323361
-0.0066909486
-0.0069939792
-0.0070897706
0.001589537
-0.0005012721
0.0087104275
-0.0022173234
-0.0030788688
-0.0034347421
-4.2261098e-06
0.011410337
0.001952543
-0.0040237919
0.0022898403
0.001035306
0.0017302065
-0.0015819204
-0.0014050258
0.010690031
0.0094193669
0.0092172167
0.0097770367
0.0096322496
0.0092995513
0.0097106041
0.0085221805
0.0092214786
0.0067131441
0.0057060655
0.0055197596
0.0052813584
0.0050889633
0.0049334841
0.0052942187
0.0057085865
0.0064736516
0.0064832541
0.0037972733
0.0045461993
0.0064827001
0.0066500075
0.0061809656
0.0062583778
0.007062214
0.0067958394
0.0061210954
0.0051878852
0.0060891401
0.0046859099
0.0041787258
0.0059306649
0.0062551314
0.0068362384
0.0071633418
0.0064317089
0.0064994144
0.0025301305
0.0021085647
0.0024142615
0.0042355039
0.0011168231
0.0020508536
0.0059033143
0.0052893827
0.0047934201
0.0044814862
0.0038444329
0.0040822136
0.0061542582
0.0068776755
0.003407735
0.0036741368
0.002020353
0.0024842327
0.011456836
0.01192641
0.011615756
0.012836779
0.012735638
0.011550555
0.011521106
0.012209102
0.012760491
0.01252751
0.012211983
0.011151481
0.011111445
0.013174122
0.012873197
0.011181517
0.012789492
0.012460102
0.01168355
0.012414207
0.012112967
0.011018861
0.012301235
0.012720882
0.011397454
0.011136719
0.010647956
0.011427187
0.012275871
0.01256945
0.012293063
0.012627037
0.012253619
0.012226842
0.01279575
0.012609379
0.012106568
0.012354375
0.012257412
0.012242086
0.01274981
0.013314281
0.012466294
0.012475516
0.01150623
0.012446068
0.0129043
0.01347388
0.0086391883
0.0090919166
0.0086385364
0.0087295511
0.0068564513
0.006368091
0.0064089244
0.010799947
0.011422285
0.010598839
0.011062553
0.011549644
0.010825497
0.0071062648
0.0066356752
0.0061747077
0.006287882
0.0064100411
0.0078514598
0.0062946189
0.0053257352
0.0073650972
0.0069423795
0.0079693394
0.0062765798
0.0082981013
0.0050998534
0.0045468781
0.0056815813
0.0067029121
0.005742539
0.005653685
0.0044551472
0.0047428041
0.0054109653
0.0050575072
0.0054344482
0.0054868784
0.0046831742
0.0049482038
0.0048155126
0.0049189712
0.0052003277
0.0047473614
0.0053040382
0.0056150331
0.004669122
0.0040437758
0.0046233372
0.0033575021
0.0050645284
0.0046961421
0.0041241175
0.0035205555
0.0057293577
0.0049507076
0.0046954806
0.0041270003
0.0034296148
0.00282729
0.0036297098
0.0034812134
0.0029267987
0.0030095918
0.0030204948
0.0032507258
0.009377208
0.0080020817
0.0083233368
0.0092115506
0.0096034621
0.0087955709
0.0031294961
0.0038779231
0.011574367
0.011181632
0.011016757
0.011312287
0.011288843
0.011530694
0.0097435127
0.010994846
0.0097831931
0.010581184
0.0099142269
0.011626369
0.011672834
0.012168338
0.010653516
0.011051028
0.010641604
0.0129424
0.010864355
0.011852883
0.01140057
0.0099345032
0.011300998
0.0116382
0.011477871
0.011805312
0.011131805
0.014534613
0.011940459
0.012279271
0.011338349
0.011050382
0.012145361
0.011639345
0.011164957
0.010903409
0.011728143
0.010566881
0.010508078
0.011960299
0.011734375
0.011705045
0.011978281
0.010425702
0.012677345
0.011498265
0.012136368
0.012869271
0.011317912
0.013756395
0.011645788
0.0132713
0.013582171
0.013876045
0.012335004
0.012312092
0.011815468
0.013061129
0.011062639
0.0028979137
0.0028508243
0.0085875202
0.008690646
0.0033116986
0.0032332286
0.00074926165
0.00042512158
0.010991813
0.011605907
0.00923189
0.0088112876
0.0002814972
0.00040212184
0.0095903705
0.0091232513
0.0032445974
0.0021544691
0.0095444899
0.0092916411
0.0095001895
0.0093093679
0.0093584387
0.0094707498
0.012008749
0.011550279
0.0010988741
0.0008809942
0.012773029
0.012611927
0.012539087
0.011983029
0.0022511834
0.0013556696
-0.00029199075
0.0021082305
-0.00019549211
0.0016614481
0.00093530164
0.0002984111
0.00031090435
0.0010348832
-0.00066894175
0.00045107787
-3.5034624e-05
0.0010249461
0.00084971814
0.0010287096
0.0010719798
2.1939041e-05
7.6818748e-06
-0.00044543899
-4.9147701e-05
-1.3303865e-05
-0.0011737431
-0.0020006639
-0.00082696783
0.00085490835
0.00014087557
-0.0015675016
-0.0013167266
-0.001377217
-0.0016286463
-0.0021323531
-0.0021748528
-0.00045095446
0.00034838097
0.0002273601
-0.0014659699
-0.00011814674
-0.00064601356
-0.0030855262
-0.0017946124
-0.0024256906
-0.0027228788
-0.0030863047
-0.0022599928
-0.0027310806
-0.002364798
-0.0002264467
-0.00039873228
-0.0010296013
-0.00077878542
-0.0011569798
-0.00057198909
-0.001187711
-0.0015347697
-0.00052473165
-0.001055926
-0.0012288504
-0.0010044016
-0.0010520774
-0.0015241466
-0.00093942018
-0.00087814467
-0.00050219025
-0.00029630453
-0.0014433422
-0.0017767257
-0.0011958984
-0.0017433142
-0.00061198002
0.0013604553
-0.0018615563
-0.0013687868
-0.0013075491
0.00011118693
-0.0018074738
-0.0018009398
-0.0017019989
-0.0017804567
-0.0018549834
-0.0012826411
-0.0014463382
-0.0015183212
-0.0019057081
-0.0018601003
-0.001748643
-0.0029957851
-0.0017591357
-0.001794548
-0.00028065476
-0.0010857508
0.00027389634
0.0013564946
-0.00098463982
-0.00089327545
-0.0015912387
-0.0013790553
-0.0019440074
-0.0014651868
-0.0014427854
-0.0022141906
-0.002078635
-0.0026322806
-0.0015997048
-0.0015243227
-0.0013932947
-0.0017135163
-0.0040955145
-0.0056359946
-0.0048292842
-0.0051105139
-0.0033533616
-0.00022921245
0.00042792497
0.00088597913
-0.0041200316
-0.0029996828
-0.0035221666
-0.0047763144
-0.0033682787
-0.0034410859
-0.0053795551
-0.0047961394
-0.0068188808
-0.004666465
-0.0081445204
-0.007385573
-0.0081865086
-0.0063815329
-0.0074897515
-0.010823592
-0.0089202523
-0.0071736755
-0.0075438298
-0.0079239177
-0.0068094926
-0.0076885393
-0.0083290188
-0.007136879
-0.002546802
-0.0020649691
0.01177292
0.011117044
0.0040734506
0.0056069929
0.0051533305
0.0046082639
0.0037658611
0.0040669414
0.0033571496
0.0037462845
0.0015558252
0.002023673
0.0029441268
0.0018716119
0.012361581
0.010391935
0.012271115
0.011166692
0.011745391
0.011875889
0.012254233
0.013195382
0.012913305
0.012563901
0.012869694
0.01285151
0.013523389
0.0063625588
0.0064095667
0.0063633068
0.0063673378
0.0062926143
0.0063246917
0.0049731869
0.0063275176
0.0068410809
0.0074388082
0.0059893796
0.007318646
0.0077404667
0.0072676766
0.0085958404
0.0070489922
0.0089083002
0.0087519252
0.0087938255
0.0088981278
0.0083261781
0.008132954
0.0062505983
0.0060010059
0.0063964911
0.0060388296
0.0054062557
0.0058747166
0.0064284395
0.0047661648
0.0054541585
0.005527143
0.0063144574
0.0066626591
0.0045600321
0.0043065145
0.0045540518
0.0042598627
0.00500674
0.0053258779
0.0056954054
0.0050952933
0.0053077699
0.0053349267
0.0046020063
0.0041942709
0.0038015424
0.0033627196
0.00345809
0.0043474074
0.0038715156
0.003757038
0.0040582648
0.0034905314
0.0040306318
0.004447969
0.0034486831
0.00318333
0.0044022237
0.0035628017
0.0036493208
0.0037285323
0.0036301264
0.0030299362
0.0033222163
0.0036818369
0.0055482607
0.0036309455
0.0032919613
0.0031868259
0.0033327442
0.0031548061
0.0033753073
0.0051045433
0.0034489373
0.003873928
0.0045818791
0.0038004412
0.0028849148
0.0043635073
0.0040855755
0.0044173016
0.0033624534
0.0037089261
0.0034792661
0.0041324862
0.0038752388
0.002248908
0.0037349243
0.0055058458
0.0085027482
0.0082896631
0.0093381214
0.0094256007
0.0090047117
0.0088842267
0.0029547687
0.0034968294
0.0029870741
0.0036159846
0.011711271
0.011667381
0.013542616
0.012616231
0.012923666
0.012472114
0.0027709001
0.0026414528
0.0023445223
0.0027974583
0.0034888734
0.0015093725
0.0034850507
0.0022367878
0.0020218968
0.0023556451
0.0012233454
0.0028169931
0.0027094692
0.00079032883
0.00081378056
0.00093377004
0.0013943726
0.0016648545
0.001997188
0.0034365823
0.0028892833
0.0015072393
0.0033585344
0.0013490745
0.0020870003
0.0013158805
0.0097500891
0.0093817528
0.0097734574
0.010122698
0.0089107594
0.0092221416
0.0091209697
0.0093381245
0.008995042
0.0092527387
0.0098976349
0.010052496
0.009143386
0.0096779524
0.0090646983
0.0093776813
0.0097645485
0.010495707
0.012163069
0.012589869
0.013965854
0.012565233
0.013155614
0.012699352
0.012397846
0.012874829
0.012568248
0.013102299
0.013982804
0.014081439
0.012582886
0.013383014
0.013271325
0.012500264
0.013624165
0.013383511
0.013114522
0.012468577
0.012814873
0.012189705
0.012627538
0.011947689
0.011820653
0.012241391
0.011625753
0.011834021
0.011486786
0.011341015
0.014646616
0.013275781
0.013828054
0.013087006
0.013874383
0.013443
0.013542977
0.013395679
0.012841456
0.01268411
0.013448612
0.012824122
0.012606379
0.012363556
0.011793167
0.011178332
0.013526282
0.014192085
0.012461275
0.012907369
0.012144367
0.012137455
0.01150905
0.010968999
0.010716334
0.011037396
0.012940238
0.013323867
0.014074741
0.014652721
0.012735394
0.012402526
0.012853538
0.01270353
0.012356957
0.011924293
0.013303648
0.013571875
0.0115867
0.011330169
0.013144295
0.012992694
0.013109075
0.013597155
0.013356215
0.012667809
0.012822725
0.013026464
0.014243929
0.014299454
0.012946266
0.013907023
0.013999667
0.014472095
0.012307787
0.011650821
0.011431484
0.01093028
0.011294628
0.012076287
0.015122786
0.013439257
0.012726983
0.013305885
0.014054886
0.014177316
0.014414844
0.01498579
0.015163822
0.01392044
0.012433074
0.011540224
0.011514377
0.011050337
0.011422435
0.011724115
0.011704994
0.012072573
0.012591667
0.013087322
0.0026255871
0.014971813
0.013967667
0.014270932
0.014596339
0.014104873
0.013494359
0.014166207
0.011585914
0.010569532
0.011072822
0.011353456
0.010874169
0.011284423
0.013810595
0.014197599
0.014479264
0.013398027
0.010342198
0.010668043
0.012647099
0.0010829836
0.015413085
0.013813616
0.014991232
0.01571136
0.01343922
0.013913448
0.012783993
0.014072328
0.013671515
0.016906712
0.014844176
0.016101981
0.013855719
0.015864387
0.013639443
0.012805139
0.015507026
0.00071504201
0.015127136
0.015282587
0.016585445
0.0014740719
0.012112216
0.017068829
0.001528476
0.015791123
0.0028823698
-0.0010460824
0.0021386028
0.0010209476
0.0027724558
-0.00026553686
-0.0010091424
5.1489038e-05
0.00077913695
0.00034546291
-0.00070556004
0.00014978151
-0.00048330686
0.00095306885
-0.00097601839
-0.00023688655
-0.00097186703
-0.000304349
-0.00019392943
-0.00088661632
-0.0022921434
-0.0023655073
-0.0010142097
-2.8492516e-05
-0.0017145045
-0.0017912226
-0.0015247687
-0.0023218264
-0.0019149933
-0.0055817711
-0.0054477293
0.0011230229
8.8194711e-06
0.00049375748
-0.0011966681
0.0029025566
-0.0018758297
-0.0034021547
0.0044351465
-0.00049572779
0.011380631
-0.00083268001
0.00052306636
-0.0034140323
-0.00048127602
-0.0051116091
0.00050233909
0.012113125
-0.00011084406
-0.0013136373
0.012874707
-0.0010479164
0.00010551664
-0.0022118309
-0.00079463375
-0.0024558467
0.0017247735
0.00014314295
-0.0015852016
-9.562441e-05
0.01356365
0.01100843
0.012883494
-0.0035931357
0.012305224
0.00049953152
-0.00086741235
0.012857542
0.003071961
0.011519707
0.011560764
0.0019867097
0.00076672962
-0.003053263
-0.0030557218
0.00056445074
-0.00098236937
0.00073391925
-0.00057860505
-0.0024879742
-0.0031236926
0.0015443154
-0.0016575365
0.0021979771
0.0040752677
-0.00047943498
0.012147252
-0.0019645853
-0.0031507145
0.012606578
0.012836327
0.013900156
0.014233463
0.013490182
0.014426874
0.018277497
0.013447694
0.012887234
0.013013052
0.013521713
0.014061768
0.014970524
0.014254515
0.013824871
0.014192718
0.014251319
0.014035945
0.01389853
0.014142146
0.014239336
0.017663722
0.014473619
0.014637101
0.015024897
0.016545574
0.014852598
0.013916811
0.0063383373
0.0062644092
0.0063431786
0.0063459151
0.00634883
0.0063367915
0.0063395349
0.0063455018
0.0063470443
0.0063517187
0.0063405495
0.007968752
0.0079929134
0.0048940092
0.0053771833
0.0040869775
0.0045561586
0.0052821688
0.0047282059
0.0043873441
0.0043010198
0.0060943948
0.0052539258
0.00491722
0.0056343854
0.0042386235
0.0054310889
0.005478738
0.0060835259
0.006299664
0.0042242078
0.0044830518
0.003994048
0.0043447297
0.0052429764
0.0056808824
0.0043861778
0.0038818348
0.0034513424
0.0034058621
0.0035344966
0.0040928908
0.0039978253
0.0034577675
0.0034599248
0.0046572196
0.0027940844
0.0038822599
0.0041371001
0.0017209747
0.0046723124
0.0030379348
0.0037144626
0.0090412181
0.0092825614
0.0087621722
0.0081627641
0.012065683
0.012800985
0.012707666
0.011969028
0.012695983
0.012579234
0.012336748
0.012483785
0.013365249
0.012276884
0.012903971
0.012743214
0.013471225
0.013639787
0.014251853
0.013878983
0.013876424
0.013340789
0.014564768
0.013937546
0.014251837
0.014331596
0.012546183
0.013897646
0.012077181
0.014964881
0.014891649
0.012865637
0.017545907
0.016313645
0.012048423
0.015515261
0.013571214
0.01419686
0.0024638033
0.0024127801
0.0094649374
0.0090269071
0.0084738997
0.0089790444
0.0099423509
0.0101236
0.010255936
0.0097481879
0.010385014
0.010710419
0.010321541
0.010019138
0.0096706231
0.0099744172
0.012014401
0.012545513
0.013420786
0.013686523
0.014697105
0.01439268
0.014857999
0.01413285
0.015509036
0.015303653
0.014756856
0.01488894
0.010434189
0.010628569
0.010639218
0.010519534
0.010963199
0.01047475
0.0099534219
0.010868336
0.010863406
0.011074776
0.010646467
0.010268638
0.015045107
0.015192427
0.017427867
0.015340606
0.0017308801
-0.00062578282
-0.00011029245
0.0013319333
-0.0007664687
-0.00023508657
-0.00053275549
-0.0019011179
-0.0030312886
-0.00052131604
-0.0023649621
-0.0015118858
-0.001207452
-0.0025727606
-0.00077424202
-0.0012811087
-0.0046298188
-0.0028959759
-0.002785252
-0.0024985889
-0.0031366668
-0.0030509147
-0.002793981
-0.0023775926
-0.003069717
-0.0025175259
-0.0032864068
-0.0034156934
1.2884317e-05
-0.0032318098
-0.0043612939
-0.0040363145
-0.0033358007
-0.0032562764
-0.0032170549
0.0017220498
-0.003704115
-0.0038609398
-0.003923141
-0.0036535857
-0.0039142841
-0.0041978484
-0.0026651701
-0.0030978993
-0.0021750841
0.0012207477
-0.0026005254
-0.0034767364
-0.0031400232
-0.0026887317
-0.0031136541
-0.0028372092
-0.0036846802
0.00074301028
-0.0016795753
0.00052536389
-0.0031596036
-0.00022503001
-0.0028910104
5.1993031e-05
-0.0031069466
-0.0029701785
0.00061587231
-0.0011216057
-7.807149e-06
-0.0024789402
0.0008197331
0.00035767125
-0.0021718444
0.002752771
-0.0027017759
-0.0024760654
-0.0026271485
-0.0027565958
-0.0029195163
-0.0029408544
-0.0024293737
-0.00247565
8.6556384e-05
-0.002539443
0.0001139554
-0.002814544
0.0022331497
0.0012820314
4.1607954e-05
0.00051487378
-0.0032677741
-0.00010772571
-0.0028314504
-0.0023180946
-0.0018626404
-0.0035649164
-0.0018670622
-0.0013896979
-0.0017376188
-0.0017656951
-0.00091368076
-0.0017567711
-0.0052990262
-0.0026153446
-0.0014692361
-0.0012711467
-0.0015135332
-0.001724671
-0.00095170941
-0.00099757278
-0.0016996923
-0.0017774815
-0.0011482078
-0.0012300227
0.00035043839
-0.0013784414
0.00041601571
-0.0013825203
-0.0014048266
-0.0012508733
-0.00089923341
-0.0002482615
-0.0014563657
-0.0013445416
-0.0014070239
-0.0013756817
-0.0014092814
-0.001280122
-0.0014226488
-0.0013488097
-0.00068140851
-0.0014146376
9.6286652e-05
-0.0010964268
-0.0017652733
-0.0015678484
-0.0032720808
-0.0022324697
0.0013672274
-0.0014063007
-0.0011731911
-0.00078013775
-0.0013621111
7.4516828e-05
-0.0013978985
-0.0013539893
-0.0013971527
-0.0013254913
-0.0013567725
-0.0013930662
-0.0014051605
-0.0014856946
-0.0014063693
0.011316268
0.011524488
0.012849137
0.012284424
0.01152006
0.011422319
0.012710175
0.012720384
0.013319137
0.014023835
0.014695999
0.011911946
0.011336953
0.012788882
0.013706393
0.01256601
0.0062100751
0.0063472027
0.0063411836
0.0063570035
0.0063439325
0.0022828688
0.0044464156
0.0041666421
0.0037051483
0.0034260453
0.0053527282
0.0014158388
0.0045298773
0.010742218
0.010730537
0.010829219
0.0096507204
0.015875631
0.016501436
0.014861284
0.014628358
0.010998477
0.011023652
0.015803053
0.015463331
0.014924416
0.015026484
0.014520939
0.015571725
0.014880218
0.015111638
0.014623544
0.014881186
0.015892003
0.015395387
0.016205715
0.016027972
0.015319443
0.015501314
0.014961052
0.014836154
0.022569675
0.016735028
0.01526671
0.015985005
0.016336215
0.016176818
0.015468099
0.015407291
0.017338811
0.017929028
0.016507578
0.017616942
0.019162666
0.017073692
0.016927946
0.017066376
0.01646371
0.018393343
0.016632761
0.016508213
0.016495982
0.017359748
0.019288664
0.017992125
0.016665283
0.018427087
0.018172892
0.021117847
0.019422331
0.018532058
0.018071236
0.018749327
0.018058005
0.020276683
0.01882053
0.019239718
0.018470545
0.018079512
0.016816712
0.017059488
0.019375851
0.019710588
0.020906639
0.015762937
0.018540492
0.017962563
0.017960759
0.018976437
0.017212407
0.018376155
0.017670105
0.018166097
0.018619922
0.016905658
0.017510683
0.017834483
0.018263586
0.015030004
0.014607268
0.017077166
0.018240648
0.019353737
0.022110713
0.016850874
0.016002622
0.014483854
0.014804763
0.020007846
0.020174689
-0.0019342061
-0.0021226571
-0.0014542644
-0.0016683586
-0.0041043423
-0.0037449183
-0.0050539399
-0.0042315496
-0.0041802717
-0.0037508119
-0.0029743342
-0.0031082008
-0.0036812241
-0.0038100818
-0.0047639263
-0.0025882111
-0.003665762
-0.0037398627
-0.0036428214
-0.0039085186
-0.0041883634
-0.0027741679
-0.0056521209
-0.0030368376
-0.0028967398
-0.0025092208
-0.0030299277
-0.002691468
-0.0025857187
-0.0029023298
-0.0025777307
-0.0027758925
-0.0027673166
-0.0030078171
-0.0023587601
-0.0030179142
-0.0021754465
-0.0017102244
-0.0024041979
-0.0026884712
-0.0022576636
-0.0028544082
-0.0024725407
-0.00255312
-0.0024445461
-0.0022565348
-0.0023846043
-0.0025419414
-0.0026715035
-0.0023626965
-0.0023241239
-0.0019526827
-0.0027760728
-0.0012514739
-0.002208629
-0.0023484918
-0.0023095766
-0.0020480371
-0.002606241
-0.0020474833
-0.0021085482
-0.0020827912
-0.0023721603
-0.0018852996
-0.0027132585
-0.0013389886
-0.0024103084
-0.0017522186
-0.0016644578
-0.0016126968
-0.0014621278
-0.0022392035
-0.0023458611
-0.0014736502
-0.0021826036
-0.001488876
-0.0018343174
-0.0020046862
-0.0012790308
-0.0012922948
-0.0018590637
-0.0013393768
-0.0029227738
-0.0031910927
-0.0031120424
-0.0029957729
-0.0037287674
-0.0023982452
-0.0033265502
-0.0024233153
-0.0037281508
-0.0025869657
-0.0025144699
-0.0028525094
-0.003520318
-0.00255232
-0.0029781542
-0.0029103088
-0.0026656292
-0.0032892561
-0.0028267076
-0.0021552846
-0.0037285108
-0.0023955936
-0.0042929486
-0.0025210798
-0.0033587706
-0.0027189142
-0.0030735565
-0.0028758911
-0.0028303902
-0.0026904245
-0.0022196285
-0.001560295
-0.0037952595
-0.0033108109
-0.0027961821
-0.0027552187
-0.0028896218
-0.0029584842
-0.0029792522
-0.0032915222
-0.0031341841
-0.0030707796
-0.0031495226
-0.0061403515
-0.0026789996
-0.0018210175
-0.003110929
-0.0030338696
0.001848632
0.0020634195
0.0019628123
0.0017005167
0.0015227225
0.0025390118
0.0019449249
0.0011430725
0.0017457295
0.0020802894
0.0019903307
0.00066402116
0.0017622315
0.0019931105
0.0022518899
0.0023112968
4.2994067e-05
-0.00028448674
-0.00089353721
-1.6820506e-05
0.00016511016
0.00035655843
-0.00015202888
-0.00094011939
-0.0042796741
-0.0030508541
-0.0021377736
-0.0032236016
-0.0018852077
-0.0014357982
-0.0014148186
-0.0014878312
-0.0014050133
-0.0013940878
-0.0014136993
-0.0014060963
-0.0013961911
-0.0013835203
-0.001399978
-0.0013771145
-0.0014172125
-0.0014006433
-0.001402192
-0.0013930367
-0.0014151981
-0.0014019964
-0.0013920866
-0.001379735
-0.0014096651
-0.0014671585
-0.0014549767
-0.0014725339
-0.0015157893
-0.0014465041
-0.0014098922
0.01040321
0.011914763
0.013183071
0.014119469
0.013274127
0.013467792
0.01358985
0.015548589
0.011189441
0.0062900886
0.00635477
0.0063119106
0.00627415
0.0063433783
0.0063472626
0.0024654873
0.004858852
0.0043904243
0.0048386457
0.015371187
0.015813598
0.019445419
0.01627181
0.015906896
0.015981081
0.01613156
0.017088152
0.015252626
0.015514812
0.015243492
0.016013572
0.015943609
0.015369649
0.015041728
0.015593531
0.016926442
0.016278723
0.017292675
0.01785072
0.018467489
0.019658352
0.022074149
0.021497478
0.016582265
0.016082546
0.016083178
0.016178029
0.015424579
0.016351115
0.016348611
0.016476679
-0.00079689238
0.021184009
-0.0022013494
-0.0010456401
-0.0032015524
-0.0034593029
-0.0032476334
-0.0028970885
-0.0053822533
-0.0033091905
-0.003429846
-0.0032468146
-0.0047640015
-0.00389241
-0.0043504463
-0.0045638508
-0.004837002
-0.0059365829
-0.0047107365
-0.0031173812
-0.0035303835
-0.0022423541
-0.002837782
-0.0020350467
-0.0014835123
-0.002545275
-0.0020962081
-0.0016684362
-8.4022845e-05
-0.0021520044
-0.0010133884
-0.00095030815
-0.0016780433
-0.00071723176
-0.001126853
-0.0015900399
-0.0026802114
-0.0028637798
-0.0030405727
-0.0035087721
-0.0024108057
-0.0030532607
-0.0052855395
-0.0047755486
-0.0025459222
-0.0019780862
-0.0025602952
-0.0020431704
-0.0021849756
-0.0031269406
-0.0031480779
-0.0017034316
-0.0031272729
-0.0030765985
-0.0032386171
-0.0036007166
-0.0056126997
-0.0021268182
0.0015974503
0.00099537111
-0.0016764493
-0.0017770626
-0.0024307602
-0.001905477
-0.0028770768
-0.0021471416
-0.0027122989
-0.0033406821
-0.0039455573
-0.0014463611
-0.0015179002
-0.0016475529
-0.0020813803
-0.0017278595
-0.0015737488
-0.0013985405
-0.001391116
0.014051367
0.016604824
0.01635245
0.016752005
0.019025623
0.01808133
0.016207065
0.016179028
0.014979485
0.014267055
0.01726987
0.016486073
0.018047977
0.016532539
0.018172559
0.018527896
0.017709978
0.017499135
0.020447915
0.018075625
0.018166085
0.017480647
0.02024098
0.018789259
0.018903302
0.018411078
0.019412933
0.019516366
0.019939301
0.018420102
0.019125046
0.016630829
0.021515842
0.019013396
0.017264432
0.017035089
0.017996723
0.016154856
0.018049233
0.017642712
0.019359608
0.01809628
0.020008751
0.01952235
0.01987215
0.018829232
0.020422277
0.016909429
0.020243309
0.018287834
0.022261623
0.020949495
0.019639524
0.018367613
0.020517008
0.020798969
0.01730572
0.017150635
0.021272551
0.020875435
0.022176371
0.016137754
0.017568277
0.01763147
0.017334815
0.016680443
0.017460339
0.018322859
0.014907428
0.01923616
0.018817764
0.019051167
0.022302608
0.020273843
0.017811618
0.017233465
0.02125495
0.022479408
0.019053499
0.018791249
0.01996737
0.019082272
0.019386703
0.017985532
0.021648055
0.018612301
0.016835255
0.017901423
0.02295758
0.022662752
0.019788392
0.019425964
0.021813858
0.022179208
0.019984321
0.018802235
0.016046658
0.016348343
0.02113408
0.022444817
0.022431856
0.023151028
0.022829269
0.017662879
0.020451308
0.018300047
0.021531438
0.023148193
0.022922138
0.022373222
0.021790096
0.023386217
0.022892034
0.023425313
0.019191737
0.015874131
0.018608187
0.022892847
0.021509273
0.022544703
0.021905899
0.019784401
0.024251649
0.026938918
0.023219675
0.018507997
0.017494385
0.022797445
0.013982744
0.01416197
0.023020208
0.017496679
0.016716962
0.018810263
0.019210827
0.017537396
0.019868155
0.021201028
0.018163259
0.023973627
0.024044365
0.023545008
0.021457432
0.022415685
0.022332659
0.024109921
0.020879074
0.013443537
0.020610487
0.021508567
0.024449729
0.017665699
0.022990576
0.021456641
0.024370201
0.022829196
0.024513095
0.020803608
0.02542866
0.023147391
0.020881427
0.020518638
0.025271145
0.015020539
0.022943404
0.023554894
0.025256201
0.023114812
0.0196825
0.021037861
0.026117504
0.021955511
0.019936933
0.01187742
0.022955297
0.015958663
0.02268464
0.020260028
0.019911234
0.014394618
0.022039521
0.022669883
0.02467401
0.023923144
0.027434264
0.023329172
0.019049876
0.016869187
0.02255812
0.017298651
0.022044343
0.022812276
0.0228561
0.023458874
0.021482476
0.023082507
0.024710627
0.024438604
0.024097489
0.014612258
0.014593464
0.015423749
0.01533752
0.021228688
0.022304431
0.010564417
0.014760549
0.020505063
0.020330952
0.026838658
0.023314042
0.012716924
0.013273379
0.013848641
0.014824291
0.014898345
0.015736323
0.013628744
0.014099872
0.022257235
0.023617651
0.024283919
0.022517724
0.025413092
0.025228004
0.015666724
0.01332851
0.016305843
0.015758528
0.0093815509
0.011336185
0.012820896
0.012437312
0.023646425
0.022439563
0.027236166
0.023281353
0.022711252
0.020520982
0.0042316628
0.0089177048
0.013745869
0.013317328
0.01258204
0.013077707
0.011886428
0.012467548
0.022998229
0.024697077
0.023730431
0.024347211
0.025477387
0.019974254
0.02538789
0.024994765
0.031319661
0.025887143
0.024797812
0.026951998
0.024714654
0.026025584
0.031264213
0.022600725
0.027350972
0.026139347
0.017270692
0.011761717
0.012116016
0.012771969
0.0093820869
0.011899483
0.013295321
0.012930226
0.011135224
0.010546593
0.0093529652
0.0096677398
0.010694657
0.011414748
0.010698761
0.010672683
0.0092949584
0.0086936655
0.0077281247
0.011937826
0.0090226037
0.0096561743
0.010258771
0.010664417
0.0089613342
0.01250254
0.0082798742
0.016003559
0.014634086
0.0068674243
0.0077380803
0.011104447
0.011487005
0.013042118
0.016202809
0.014970583
0.002230233
0.013609551
0.013972488
0.012355368
0.0092496604
0.022689657
0.011136475
0.012503654
0.015212125
0.009978857
0.0094728505
0.0064769625
0.0059736408
0.013728933
0.017705081
0.014181235
0.011814802
0.009653619
0.0034632205
0.0091765353
0.0079730038
0.0077080558
0.0034432983
0.016624142
0.0091000913
0.018723647
0.017095141
0.0074718653
0.0024184801
0.0075083517
0.0080426207
0.0089437679
0.0084466366
0.007979961
0.0059367549
0.0088075494
0.0045443358
0.014353298
0.012906477
0.016728736
0.01910733
0.017952246
0.0089096595
0.0084110313
0.0098748422
0.0096579803
0.0092326236
0.0089497924
0.008102563
0.0045427988
0.0090673117
0.0086897476
0.0041056218
0.0047809218
0.0054560273
0.015913421
0.017104269
0.015942038
0.017279612
0.018421541
0.017698781
0.020753081
0.017609158
0.018196224
0.020103205
0.020469153
0.019534872
0.020423935
0.021093115
0.022033546
0.020194581
0.019468224
-0.0040657956
-0.0051478654
-0.0050360392
-0.0047116053
-0.005102993
-0.0054681773
-0.0059092027
-0.0052648996
-0.004303543
-0.0045664579
-0.0074778263
-0.0065870847
-0.0062886626
-0.0039791611
-0.0059379381
-0.0060112475
-0.006167466
-0.0063805248
-0.0072384876
-0.0057143163
-0.0058096279
-0.0057423761
-0.0071913885
-0.0062211432
-0.0075317327
-0.0082235914
-0.0071912459
-0.0042232519
-0.0072249701
-0.0080614092
-0.0064544615
-0.005962204
-0.0083495196
-0.0066887001
-0.0074346305
-0.0070570698
-0.0049845197
-0.004753395
-0.00619651
-0.0058133786
-0.0066095544
-0.0061234214
-0.0073763869
-0.0056680688
-0.0053109431
-0.0050110701
-0.0053452726
-0.0046230833
-0.0062073854
-0.0053318472
-0.0038422792
-0.0044099607
-0.007244024
-0.0055258114
-0.007150432
-0.0070134838
-0.0065658974
-0.0061589565
-0.0062062623
-0.007175757
-0.0070335798
-0.0066039858
-0.0063746822
-0.0054939368
-0.0093793595
-0.0092390694
-0.0085001051
-0.0077354339
-0.0083028825
-0.0082400482
-0.0097001396
-0.0066607137
-0.0086020517
-0.009811575
-0.0083244128
-0.0073275026
-0.008027558
-0.01003009
-0.0072222347
-0.0084351082
-0.0071113899
-0.0058956178
-0.0078169576
-0.0079909084
-0.0064540046
-0.0077402857
-0.0068537713
-0.0074727777
-0.0075450929
-0.0067805776
-0.0088780666
-0.0084477333
-0.010036748
-0.0088610637
-0.0084970027
-0.0093375338
-0.0075908683
-0.0077395836
-0.0064354839
-0.0070096301
-0.0083464227
-0.0095062371
-0.0080440649
-0.0076114602
-0.0086593383
-0.010053061
-0.0089711154
-0.0097061044
-0.011121888
-0.0096317279
-0.0068925645
-0.0073256723
-0.0074671979
-0.0060253914
-0.0069575313
-0.0072707683
-0.0071346251
-0.0083091645
-0.0069118087
-0.0080641992
-0.0086927297
-0.0073487274
-0.010221589
-0.010741916
-0.0078831431
-0.0093368247
-0.0099924075
-0.0095494855
-0.0099246286
-0.0073646765
-0.0089945054
-0.0075161329
-0.007812635
-0.0073807038
-0.0070257327
-0.006097476
-0.0058712201
-0.0057917902
-0.009014337
-0.0099839081
-0.0079196603
-0.0079850757
-0.0057267382
-0.0067066959
-0.0073200909
-0.0068076847
-0.0095279492
-0.0074919821
-0.0065914185
-0.0073959636
-0.0058192492
-0.0061943404
-0.0077280287
-0.0069026456
-0.0093486914
-0.0054462043
-0.0098837907
-0.005184998
-0.0049315226
-0.0021207477
-0.008831375
-0.0055774167
-0.0055955203
-0.0068724289
-0.0067492148
-0.0065136219
-0.0067998029
-0.0063644346
-0.0085026521
-0.010191524
-0.0082901159
-0.0068658854
-0.013561642
-0.0096261389
-0.0071961504
-0.010826246
-0.0074929428
-0.0071694449
-0.0073296205
-0.0074138564
-0.0062340037
-0.0096340243
-0.0071385732
-0.0062966864
-0.0063836248
-0.0061668376
-0.005116398
-0.0027426345
-0.009340656
-0.0042588283
-0.0063380227
-0.0062728858
-0.002794386
-0.0061418726
-0.0062571168
-0.0031637344
-0.0069828272
-0.0066896747
-0.0066781995
-0.010013016
-0.0060881193
-0.0081129605
-0.0071574212
-0.0037109702
-0.0080046219
-0.0088838842
-0.0075500024
-0.0086830292
-0.010027855
-0.0059209079
-0.0039466622
-0.0067459965
-0.0063526861
-0.0046260781
-0.0063176421
-0.0094316629
-0.0092007126
-0.0078737716
-0.0064846051
-0.0062115265
-0.0069644161
-0.0098547756
-0.0099004479
-0.0093597117
-0.0096798003
-0.0078957618
-0.0086268983
-0.0084268551
-0.0082013094
-0.0084993714
-0.0075222202
-0.0076839426
-0.0075142993
-0.0078447702
-0.008397453
-0.0052245876
-0.0052450865
-0.0083750313
-0.0095092815
-0.0076745606
-0.0073823366
-0.0082756545
-0.0077155193
-0.0074072122
-0.0065943687
-0.0092264568
-0.0085330659
-0.0097001198
-0.0096419152
-0.0089293868
-0.008411264
-0.011148972
-0.0099134491
-0.0096264705
-0.0087170215
-0.0096199495
-0.0098779266
-0.0089906463
-0.0090138948
-0.0087177177
-0.0087445601
-0.0079811638
-0.0091398464
-0.0086145244
-0.0088207075
-0.0094100007
-0.0079771589
-0.0094625554
-0.0091931149
-0.0087455888
-0.0091077567
-0.0087105217
-0.0092945224
-0.0089437067
-0.008698079
-0.0075854059
-0.0095975559
-0.0090513136
-0.0090448851
-0.0081398504
-0.0090773105
-0.0085420209
-0.0083521964
-0.0094011557
-0.0079691489
-0.0011029832
-0.0011206924
-0.0027434951
-0.0020477678
-0.0022650729
-0.0015420994
0.00090813495
-0.00075117152
-0.00042359025
-0.0024794112
-7.7107969e-05
-0.0010236421
-0.0026450206
-0.0026615465
-0.0027433335
-0.0029844819
-0.0020619611
-0.0021707083
-0.0027632807
-0.0023455989
-0.0013648553
-0.0026429748
-0.0023345535
-0.0027010551
-0.0034374177
-0.0037008713
-0.003431246
-0.0033068373
-0.0039627049
-0.004138364
-0.0036217993
-0.0036536436
-0.0048609557
-0.0069576781
-0.0027504988
-0.0028930732
-0.0046598826
-0.0026524574
-0.0015161006
-0.0016096759
0.013573543
0.013594906
0.015296619
0.015408944
0.014090292
0.014159919
0.014166516
0.014811718
0.013141463
0.013064077
0.012481396
0.015523776
0.013139524
0.014264471
0.01507273
0.013220714
0.011932602
0.01422075
0.013579386
0.012723673
0.012725376
0.014972722
0.014555767
0.0164202
0.015842361
0.017695214
0.015765835
0.015332951
0.015351069
0.01544756
0.015820549
0.015520796
0.017586021
0.015335801
0.016249892
0.014763504
0.016083023
0.017078313
0.017538778
0.016880404
0.020413509
0.020924358
0.020121929
0.020090664
0.019627276
0.020106404
0.020137088
0.020259283
0.01599697
0.015866555
0.015579827
0.016143898
0.015575692
0.015468748
0.015087451
0.015328521
0.016190947
0.015675274
0.01677982
0.015653242
0.01606282
0.016929802
0.01756436
0.017040888
0.019646187
0.02048162
0.020832453
0.021090967
0.024170116
0.023413409
0.019180469
0.020330717
0.022489484
0.026029505
0.023288305
0.024597932
0.028128395
0.023832732
0.024344548
0.024167393
0.023883714
0.023851912
0.02418046
0.022507424
0.018935984
0.024146332
0.018259766
0.015089213
0.014811178
0.014961709
0.014011803
0.01222618
0.012693524
0.022207741
0.023568577
0.024883486
0.025581785
0.02496728
0.025945485
0.024506894
0.025929457
0.026186165
0.030025003
0.025682785
0.02768204
0.026026132
0.02693478
0.027318791
0.027819177
0.025158804
0.02625198
0.0096014142
0.009511473
0.01556259
0.014685172
0.023826427
0.02466341
0.019439753
0.021881608
0.020307733
0.015631416
0.023924929
0.021908749
0.0083685963
0.0082632213
0.0092878846
0.0097559551
0.010099136
0.012127329
0.0089197824
0.011318035
0.020071321
0.0061832062
0.021303669
0.020142476
-0.0050955663
-0.0048324347
-0.0046927315
-0.0042650492
-0.0047960573
-0.0046948607
-0.0087564948
-0.0084366689
-0.0079802892
-0.0079040482
-0.0084527425
-0.0091205331
-0.010385441
-0.0097098972
-0.009077151
-0.0096198455
-0.0089969621
-0.010786562
-0.0069946178
-0.0057613001
-0.0061002193
-0.006999429
-0.0068516938
-0.0061356808
-0.0059945355
-0.0048653118
-0.0057535001
-0.0064386707
-0.0077313196
-0.0072565427
-0.0077094535
-0.0066830905
-0.0042574462
-0.0050251992
-0.0054110401
-0.0050322757
-0.0046513506
-0.0023812658
-0.0054301397
-0.0058429244
-0.0047865868
-0.0044968544
-0.0029626673
-0.0020804096
-0.005131004
-0.0049558601
-0.003964855
-0.0035296943
-0.006548329
-0.0043478334
-0.010992481
-0.011582108
-0.0086150248
-0.015505277
-0.0081802933
-0.0067833857
-0.0077847106
-0.0083131102
-0.0086756756
-0.0089123198
-0.0077352624
-0.010722178
-0.0095303271
-0.0085909553
-0.010306558
-0.0081647345
-0.0092315944
-0.008811627
-0.0084755131
-0.0083720444
-0.0075964025
-0.0090035563
-0.0080911135
-0.0093659059
-0.0086504488
-0.0090333909
-0.0084696837
-0.0077989529
-0.0086567102
-0.0086528145
-0.0090164066
-0.0068859831
-0.0093381345
-0.0087463006
-0.0089403058
-0.0088419153
-0.0090998602
-0.0090377372
-0.0089944329
-0.0089642444
-0.0090317251
-0.0058879335
-0.0090757491
-0.0089018385
-0.0087912135
-0.0088941422
-0.0086162906
-0.0084099028
-0.0076650253
-0.0081199876
-0.0090824624
-0.0090595636
-0.0081929879
-0.0089984883
-0.0082481858
-0.0090356246
-0.0080375422
-0.0078363625
-0.0078529124
-0.0077600091
-0.0075982189
-0.0079604553
-0.0083117627
-0.0069866657
-0.0070676268
-0.0090694687
-0.009023215
-0.008973377
-0.001641312
-0.0024665292
-0.0016911779
-0.0021999316
-0.0030155473
-0.00028049522
-0.0025805233
-0.0025935888
-0.0012649829
-0.0014303492
-0.0024255319
0.0013661599
-0.0015184172
0.0010260425
0.00038991679
-0.00051141912
-0.00080003875
-0.0028229227
-0.0028407888
-0.0027303024
-0.0026775541
-0.0023299262
-0.0012918592
-0.0034605388
-0.0024275235
-0.0018802844
-0.0022536241
-0.0028526179
-0.0026655975
-0.0018709153
-0.0024760535
-0.0020952094
-0.0030423984
-0.001676709
-0.0033157943
-0.002281963
-0.0033971772
-0.0018439573
-0.002883234
-0.0035036866
-0.0035423074
-0.0024245007
-0.0026061231
-0.0019127777
-0.0023909053
-0.0022170605
-0.0017471488
-0.0025255007
-0.0026507072
-0.0019685106
-0.0025340442
-0.002730331
-0.0019342596
-0.001346936
-0.001994957
-0.0015768038
-0.0018721022
-0.0033584272
-0.0023438979
-0.0023890552
-0.0020406377
-0.0027883055
-0.0039362581
-0.0041875407
-0.0041214191
-0.0035510052
-0.0028511532
-0.0027773592
-0.0024097763
-0.0035182988
-0.0022815571
-0.0021270596
-0.003259493
-0.0028971797
-0.0026432301
-0.0023659646
-0.0027279329
-0.0022929193
-0.0023585859
-0.0024564725
-0.0057664663
-0.0058433731
-0.0036056609
-0.0026406387
-0.003977223
-0.0050848106
-0.0060069513
-0.0021784272
-0.0027544333
-0.0070413855
-0.005166298
-0.0019234749
-0.0029022898
-0.0033318546
-0.0075576608
-0.0052293738
-0.0040961101
-0.0065510629
-0.006557091
-0.0068239193
-0.0070226234
-0.0067698373
-0.0054313188
-0.0054302071
-0.0029890072
-0.0028343543
-0.0028056001
-0.0032457229
-0.0041642164
-0.0047508259
-0.0064683557
-0.0070258474
-0.0029017755
-0.0030286741
-0.0023896781
-0.0029270811
-0.0036119866
-0.0068866621
-0.0035151943
-0.0035511
-0.003784151
-0.0043948715
-0.0039442869
-0.0076596344
-0.0034954317
-0.0079252904
-0.0040925561
-0.0048154023
-0.0072912758
-0.005046823
-0.0063867271
-0.0043564759
-0.0070744898
-0.0074580138
-0.0043519327
-0.0042838427
-0.0025866654
-0.0068901108
-0.0044164677
-0.0044000876
-0.004636788
-0.0056445381
-0.0057316221
-0.0068881663
-0.0068675611
-0.0036273602
-0.0034684863
-0.001186774
-0.0058561112
-0.0068213657
-0.0054297122
-0.0030258444
-0.0073141548
-0.0026845627
-0.0044983801
-0.0045038157
-0.0040894015
-0.0047588056
-0.0052708254
-0.0059501526
-0.004699916
-0.005822232
-0.0047362496
-0.0051969531
-0.0048136535
-0.0051849887
-0.0054615839
-0.0033523062
-0.0054196996
-0.0050122619
-0.0029122511
-0.0053559505
-0.0016636488
-0.0049157893
-0.0069817424
-0.0062815482
-0.004172222
-0.0021708748
-0.0030154972
-0.004787707
-0.0039199497
-0.0050356307
-0.0016398914
-0.0051256303
-0.0075872519
-0.0044885442
-0.0049962059
-0.004841561
-0.0040919954
-0.0054509014
-0.0031600871
-0.0025114151
-0.0080664713
-0.0049237084
-0.0049079625
-0.0043508482
-0.0033971472
-0.0023883853
-0.0012070082
-0.0065499687
-0.0033685484
-0.003974284
-0.0037858651
-0.0037390195
-0.0014164288
-0.0051975624
-0.0080227567
-0.0024938288
-0.005394769
-0.002925362
-0.0036915739
-0.003913832
-0.003693648
-0.0028361414
-0.002669816
-0.0041594524
-0.003768991
-0.0018473604
-0.0021544562
-0.0023751176
-0.0022584432
-0.0033187341
-0.00238627
-0.0039144264
-0.0037424357
-0.0047717803
-0.003267562
-0.0015625533
-0.0017085458
-0.0039872818
-0.0047328138
-0.0054807068
-0.005818234
-0.0032942244
-0.0047443601
-0.0039713127
-0.0030811637
-0.0038446174
-0.0018779389
-0.0047177544
-0.0035798116
-0.0027359473
-0.0038074934
-0.003846619
-0.003925945
-0.0060929719
-0.0067139343
-0.0059430174
-0.004888722
-0.0057046241
-0.0056072304
-0.0058781301
-0.0054131833
-0.0046591274
-0.0039423176
-0.0064017045
-0.0012917761
-0.0023339003
-0.0005480141
-0.0038387117
-0.0035547141
-0.002430694
-0.0016056813
-0.002594237
-0.0025308971
-0.0041454327
-0.0046152679
-0.003608308
-0.0011477579
-0.0029649165
-0.0027206661
-0.00019041545
-0.0022733096
-0.0031399409
-0.0025263178
-0.0031376165
-0.0044510786
-0.0033582148
-0.0017530243
-0.003395456
-0.003768392
-0.0020346151
-0.0036853307
-0.0043192683
-0.0035312852
-0.0034658202
-0.0034112147
-0.003581322
-0.0036024271
-0.0033094445
-0.0034122443
-0.0017826426
-0.0023889905
-0.0002682505
-0.0025338347
-0.0023111267
-0.0030805639
-0.0029439416
-0.003131379
-0.0039395719
-0.0026502308
-0.0028294819
-0.0034627396
-0.004006276
-0.0037540675
-0.0027692026
-0.0031595055
-0.0032223943
-0.0019008164
-0.0018101851
-0.0011631656
-0.0017503777
-0.0027556364
-0.0030989365
-0.0026641344
-0.0029084801
-0.0040674395
-0.0036334727
-0.0012941224
-0.0020703882
-0.0030624284
-0.0036849596
-0.0034919587
-0.002006333
-0.0014281029
-0.0010329301
-0.001923726
-0.0035423856
-0.003475379
-0.0026598962
-0.0027134632
-0.0024021777
-0.0030964137
0.00016690966
-0.0013161256
-0.0035076933
-0.00088142088
-0.0033700907
-0.00058464894
-0.00095266402
-0.0005338041
-0.0014045763
-0.0010698892
-0.001240727
-0.00067272799
-0.0012859706
-7.2117764e-05
-0.0021162974
-0.0010210663
-0.00076097105
-0.0014828047
-0.0013989657
-0.00089690713
-0.0014720634
-0.0011678525
-0.0017614965
-0.00031673991
-0.0010854971
-0.0017631181
-0.0022687295
-0.001565988
-0.0024901978
-0.0027168643
-0.0026265784
-0.002669523
-0.0018443877
-0.0010490474
-0.00142554
-0.00052191509
-0.00056657788
-0.00037887928
-0.00020200024
-0.00046771351
2.7950722e-05
0.00013908137
-0.0009703155
-0.00037323296
-0.00043773541
-0.0007142783
-0.00048158732
-0.00054372054
0.0008641316
-0.00094344015
-0.00022502405
-0.0024911533
-0.0028818765
0.013632966
0.012976588
0.014000818
0.01387973
0.01242763
0.013473492
0.013213036
0.012146939
0.014431066
0.014559191
0.01425262
0.014970312
0.015862779
0.016699824
0.014040597
0.014345821
0.014939476
0.014028339
0.015145726
0.015201506
0.015743919
0.014589197
0.014647265
0.022018194
0.023137499
0.021751309
0.020905938
0.021396762
0.02260249
0.020319047
0.020765677
0.027006804
0.021107655
0.022925018
0.020911722
0.022196124
0.023510614
0.023860963
0.021302636
0.022353509
0.026768538
0.021883464
0.021796141
0.021587714
0.024191266
0.024931377
0.025264612
0.02394
0.022298785
0.024101233
0.023990144
0.024226128
0.027249252
0.024150625
0.025077685
0.026698102
0.026669549
0.034890349
0.027828736
0.025496648
0.026086469
0.024185855
0.021976229
0.025138722
0.026549375
0.025310943
0.025879119
0.02592554
-0.006366176
0.026354494
0.025260598
0.029541785
0.028014674
0.027456951
0.020044751
0.022138724
0.0087777126
0.0094621424
0.0097709654
0.0084647665
0.0078753856
0.0085697884
0.010788339
0.0092999821
0.010041326
0.010922906
0.0084933163
0.010668173
0.012334657
0.012347543
0.0092921963
0.010137013
0.01832872
0.018313994
0.018762372
0.01963303
0.018980407
0.01857843
-0.0046549324
-0.0043980339
-0.0051331645
-0.0048323589
-0.0085036944
-0.0079006721
-0.0094054398
-0.01007403
-0.0074832424
-0.012601219
-0.010158074
-0.01003203
-0.0079423654
-0.0080570068
-0.0079468408
-0.0084202515
-0.0079879538
-0.0083928666
-0.0076154323
-0.0077163867
-0.0074332297
-0.0082238192
-0.0085120777
-0.0089737859
-0.0091345196
-0.0089466709
-0.0092087707
-0.0091057392
-0.00197707
-0.0089717454
-0.0029380918
-0.0018233569
-0.0020919668
-0.0028095268
-0.0021524685
-0.0032146273
-0.0025444335
-0.0016976742
-0.0023903998
-0.0025598591
-0.0013531738
-0.0024257631
-0.0015111835
-0.0027707459
-0.001248749
-0.0019509306
-0.002532958
-0.0019959126
-0.0027197974
-0.001444429
-0.0024532918
-0.0019709861
-0.0035349923
-0.0026187186
-0.0027903533
-0.0017910809
-0.0027835306
-0.003214976
-0.0028382027
-0.0026810548
-0.0022896074
-0.0024200844
-0.0025727489
-0.0031287255
-0.0027628528
-0.0028335316
-0.0030018517
-0.0026282195
-0.0020103742
-0.0020607855
-0.0025717875
-0.0025861849
-0.0026242075
-0.0028941294
-0.0023299432
-0.0024146145
-0.002368329
-0.0017007943
-0.0017530424
-0.0032554941
-0.0022870981
-0.0033905505
-0.0019602067
-0.0034467832
-0.0022125796
-0.0027821586
-0.0030906006
-0.002755487
-0.0022330359
-0.0026097452
-0.0039208337
-0.0024850063
-0.0023101092
-0.002680347
-0.0024402183
-0.0020038225
-0.0030410421
-0.0021743715
-0.0017276751
-0.0026857949
-0.0026108414
-0.0022513542
-0.0019514108
-0.0022944544
-0.0027271629
-0.002256451
-0.0022304535
-0.003943771
-0.0038593767
-0.0043439952
-0.0038846955
-0.0038102342
-0.0037652566
-0.0040643793
-0.0038837773
-0.0035606855
-0.0034336008
-0.0035052743
-0.0031799306
-0.0040457396
-0.004475919
-0.0049714373
-0.0044583915
-0.0055514475
-0.0051799474
-0.0035793597
-0.0034622393
-0.0039186557
-0.0033980163
-0.0047310198
-0.0038083068
-0.0077082846
-0.0077231534
-0.0064610097
-0.0051733195
-0.0062665273
-0.0060074216
-0.0040981308
-0.0048070253
-0.0046027683
-0.0048655261
-0.0051313785
-0.0057122949
-0.0054897793
-0.0043805229
-0.0037905932
-0.0056329631
-0.0052480072
-0.0046354386
-0.0035239874
-0.0027752891
-0.0011324997
-0.00048895152
-0.0015116782
-0.0026339922
-0.0043239244
-0.0034381524
-0.0029355828
-0.0028110528
-0.0023721929
-0.00012799278
-0.0011949674
-0.0024458697
-0.0026020149
-0.00073689234
6.2164564e-05
-0.00078619932
-0.00038143213
3.4429937e-05
-0.00030219466
-7.296415e-05
-0.00053101037
-0.00081379697
-0.0012791137
-0.00034814687
-0.00049329952
-0.00060725296
-0.00017392675
-0.0011027389
-0.001180452
-0.00031230395
-0.00037033236
-0.0021250818
-0.001407078
-0.0010980339
-0.00049200388
-0.00087414086
-0.0013646905
-0.0011598733
-0.0023457536
-0.0016868037
-0.0012439182
-0.00084397104
-0.0017779658
-0.0016465601
-0.00021128331
-0.0015138433
-0.00064304647
-0.00044951675
-0.0016675184
-0.0015202881
-0.00074937533
-0.0011595677
-0.00037141676
-0.00093310835
-0.00022976183
-0.0016193598
0.023964041
-0.0010798881
-0.00088322103
-0.002373948
-0.0017566909
-0.0018219706
-0.0015500127
-0.0017331725
-0.0025288011
-0.0014175816
0.012727612
0.012631211
0.012546653
0.012897813
0.011542189
0.012126606
0.01038311
0.011502324
0.012809984
0.011885037
0.011426609
0.012551633
0.01163884
0.012426926
0.012577928
0.013152832
0.010408366
0.012124444
0.012501611
0.01247193
0.011892329
0.012090897
0.012855939
0.012088049
0.022396012
0.025581758
0.025241953
0.027929364
0.024416799
0.023656681
0.02651556
0.027184036
0.029294283
0.026440822
0.028139049
0.029445041
0.026061789
0.02728678
0.027267598
0.028379236
0.024948769
0.02600432
0.025343272
0.026623714
0.027257366
0.030194963
0.03103696
0.02804924
0.021347976
0.024175179
0.020263388
0.021308075
0.02847214
0.030173076
0.020896294
0.022831112
0.025870144
0.022046039
0.010421871
0.01525935
0.019508018
0.015806984
0.015478776
0.01167608
0.008992566
0.0080784641
0.010939975
0.010362378
0.011487285
0.011284216
0.011129097
0.0095374689
0.011718469
0.013484557
0.011623772
0.011187899
0.011451915
0.011097433
0.012628858
0.011444971
0.0097284917
0.0083970614
-0.0097519978
-0.0092506789
-0.0091402278
-0.0082979647
-0.010827046
-0.011706053
-0.010437813
-0.0096369152
-0.0084167401
-0.0080170625
-0.0069792203
-0.007951534
-0.0089623449
-0.0089927962
-0.0032428743
-0.00032880043
-0.0032074418
-0.0035931735
-0.0023451896
-0.0019484728
-0.0036185999
-0.0025926227
-0.0037977272
-0.0028547075
-0.0028930911
-0.0028484298
-0.0032568686
-0.0026614703
-0.0027683302
-0.0023728717
-0.0031174768
-0.0037233943
-0.0033438708
-0.0029833139
-0.0042624911
-0.0030067004
-0.0044456109
-0.0039452201
-0.0045759049
-0.0041865566
-0.0048374642
-0.0045327224
-0.0038444346
-0.0039368252
-0.0046075351
-0.0039582698
-0.0040046735
-0.0041592078
-0.0057847094
-0.0055674681
-0.0057411116
-0.0045404072
-0.0049099346
-0.0047623136
-0.0043549734
-0.0044296457
-0.0043410818
-0.0031676084
-0.0017135964
-0.00060766133
-0.0025171809
-0.0017224883
-0.0021023013
-0.0020405808
-0.0021983317
-0.001679761
9.5429501e-05
-0.0021972764
0.010370822
0.011914157
0.010549622
0.010796318
0.011097579
0.01192894
0.012139975
0.012581658
0.012558363
0.01203647
0.012132314
0.012981552
0.011172782
0.010973932
0.01342067
0.012387427
0.024645557
0.024283475
0.024025699
0.026991803
0.029085609
0.028018174
0.028773555
0.027985977
0.02594912
0.026416302
0.025613553
0.026030503
0.025074686
0.029615462
0.026311557
0.028116796
0.028961404
0.029174838
0.030773135
0.029557678
0.025971485
0.028756769
0.025377812
0.026436733
0.027196539
0.028791744
0.028235999
0.028389826
0.027298131
0.029271688
0.028846594
0.024306936
0.025362118
0.025160153
0.0252497
0.025577745
0.027762782
0.028830258
0.031730105
0.028113451
0.029918407
0.02924145
0.017842304
3.1590051e-05
0.010681796
0.011564831
0.011157664
0.011500783
-0.0032328668
-0.0026129348
-0.003506531
-0.0028653871
-0.0032129331
-0.0028274667
-0.0030481159
-0.001963471
-0.0024499069
-0.00035823968
-0.0016415304
-0.0021850126
-0.0034326635
-0.002642812
-0.0036795888
-0.0036328591
-0.0036818595
-0.0043689454
-0.0019851006
-0.0039643804
-0.0043173356
-0.004795372
-0.0040814257
-0.0034021859
-0.003893125
-0.0037194523
-0.0037129827
-0.004145566
-0.0034993799
-0.0029387172
-0.0025479897
-0.0027121533
-0.0035468489
-0.0036776004
-0.0043693613
-0.0047187523
-0.004387015
-0.0041149773
-0.0053776961
-0.005344049
-0.0052125834
-0.005397292
-0.0057803034
-0.0064094684
-0.0052789323
-0.0059110298
-0.0066305662
-0.0063191258
-0.0060529671
-0.0053396411
-0.006217233
-0.0049899225
-0.005454628
-0.0050120125
-0.0033002759
-0.0029109415
-0.0013794838
-0.0017035202
-0.0014540827
-0.00015898477
-0.00073403797
-0.0023052837
-0.0018280264
-0.0021918632
-0.0015262782
-0.0017905044
-0.0021270114
-0.0018083148
-0.0020447893
-0.0017568467
-0.001707536
-0.0017361014
-0.002111974
-0.0012662096
-0.0010702362
-0.0014965412
-0.0015297143
-0.0019169265
-0.0018906672
-0.0021940363
-0.0018056925
-0.0029312853
-0.0028244285
-0.0018810231
-0.00095187924
-0.0017949082
-0.0019685945
-0.0026342386
-0.0030887944
-0.0034729733
-0.0010190783
-0.0010460121
-0.00073662241
-0.00082788763
-0.00067889053
-0.0015378831
-0.00091057776
-0.00061307671
-0.00060502707
-0.00072997161
-0.0017614932
-0.00076537683
-0.00090473188
-0.0013629438
-0.0004819761
-0.00073646755
-0.0015681766
-0.00045679222
-0.0015214303
-0.0005272601
-0.00043287367
-7.2213843e-05
-0.00076042816
0.00025859868
-0.0001210704
0.025146863
0.024256232
0.027178775
0.027574821
0.027865626
0.027757437
0.02883383
0.028258969
0.029219614
0.02853149
0.03046275
0.030958367
0.028304905
0.030524148
0.028949437
0.029641442
0.030554736
0.032183285
0.024573914
0.026632914
0.027587561
0.028748425
0.029811524
0.029217035
0.02879827
0.032444397
0.024576694
0.029876611
0.02656984
0.02575163
0.028313093
0.02998988
0.027986292
0.030661161
0.030479824
0.02905258
0.030333892
0.029220975
0.029432355
0.026694001
0.031534622
0.030206916
0.028903782
0.030448283
0.026808
0.02652584
0.028627976
0.028391235
0.01067048
0.016555402
0.031662993
0.016079941
0.011218154
0.005862975
0.012115345
0.0080116531
0.011499222
0.011510357
0.011810593
0.01095107
0.011745146
0.011693603
0.0098777608
0.011485357
0.011710373
0.011394182
0.011608538
0.011111392
0.011363174
0.011639117
0.011618504
0.011367725
0.011296942
0.011592379
0.011595868
0.011593191
0.011640943
0.011613025
0.011583883
0.012139075
0.012524565
0.011589383
0.011597248
0.011585303
0.011572001
0.011595731
0.011596021
0.011542057
0.011617275
0.011574913
0.011613546
0.011610201
0.011590768
0.01161245
0.011573348
0.011587376
0.011584517
0.011691432
0.011579586
0.011634615
-0.0032867191
-0.0027263011
-0.0022802318
-0.0023213157
-0.0015277033
-0.0022091272
-0.0019811446
-0.0024978824
-0.0025023193
-0.0025439075
-0.001898828
-0.0021242132
-0.0029689448
-0.0022620426
-0.0031442446
-0.0018177523
-0.0030449842
-0.0019247489
-0.0025496031
-0.0022544441
-0.002377831
-0.0014814892
-0.0023227423
-0.0017202361
-0.0020269408
-0.0020313437
-0.0015059345
-0.0019302236
-0.0016934088
-0.0020232372
-0.0022939189
-0.0014045865
-0.0024969664
-0.0011573945
-0.0020951985
-0.0014133749
-0.001198882
-0.0021536447
-0.0014287553
-0.0010946614
-0.0020741107
-0.0018948257
-0.0015473384
-0.0010442462
-0.001724745
-0.00064105729
-0.0023678937
-0.0010122243
-0.00093177505
-0.00080130597
-0.0022299449
-0.00097119298
-0.0011209641
-0.00078362988
-0.0014249941
-0.00089160683
-0.0012973645
-0.00046123374
-0.001126003
-0.00064713029
-0.0014413695
-0.00080121473
-0.00084438254
-0.00078602264
-0.00069485924
-0.00064419138
-0.0019026351
-0.0015713078
-0.0022133775
-0.0013202015
-0.0013890507
-0.002272929
-0.0018389769
-0.00099837397
-0.0017158693
-0.0025152407
-0.0028576948
-0.0021293264
-0.0015890626
-0.0015751835
-0.0028365524
-0.0032348019
-0.001751345
-0.001934794
-0.0022071553
-0.001369992
-0.00093948741
-0.0010973789
-0.0022042308
-0.001835185
-0.0016839629
-0.0016039851
-0.0014498935
-0.0016300535
-0.0016754593
-0.0022595533
-0.0014200962
-0.0013588595
-0.0012734489
-0.00088794187
-0.0014622471
-0.0014012827
-0.001140091
-0.0012307958
-0.0021943901
-0.0017970224
-0.0011801318
-0.00060172465
-0.0023008401
-0.0019758542
-0.0013942993
-0.0013486095
-0.0018535364
-0.0016356316
-0.0019431519
-0.0012885139
-0.0016735683
-0.0024147404
-0.0012735031
-0.00031714842
-0.0022405722
-0.0011853702
-0.0015170618
-0.0018617773
-0.0018809592
-0.00077695584
-0.0012454462
-1.772704e-05
-0.0018655869
-0.0019452701
-0.0016961096
-0.0021755867
-0.001588012
-0.0013629805
-0.0019211508
-0.0008342065
-0.0017850056
-0.00088437354
-0.0018906152
-0.0019080449
-0.00087058539
-0.0011152817
-0.0025118454
-0.0021587001
-0.00080990389
-0.00046982973
-0.0018736931
-0.0019784111
-0.002290915
-0.0027384867
-0.0022683055
-0.0025230968
-0.001745425
-0.0027490236
-0.00094644898
-0.0013503997
-0.00020672402
-0.0010871619
-0.0015184568
-0.0035687028
-0.00059235514
-0.0007019446
-0.0013557472
-0.0027988575
-0.00064107283
-0.00040270678
-0.0034813336
-0.00058546777
-0.0012900384
-0.0015126233
-0.0020373607
-0.0017304916
0.0002938637
-0.0028906702
-0.0003831523
-0.00042474298
-0.0017247267
-0.00045767483
-0.001793758
-0.0011455912
-0.0017149388
-0.0014621976
-0.0017701594
-0.0018954139
-0.001798538
-0.0015411297
-0.0023134883
-0.0027162009
-0.0021414875
-0.003013317
-0.0028901319
-0.003213576
-0.0010460321
-0.0017992413
-0.001136041
-0.00058599871
-0.0016096629
-0.00010837524
-0.00050128405
-0.00015110768
-0.00069698998
0.00015652601
-0.0012828909
-0.00072831789
-0.0005600737
-0.002535259
-0.0021158693
-0.0031451471
-0.0035003253
-0.0029960692
-0.0022921607
-0.0010528826
-0.00054128699
-0.00039835442
-0.00040146347
-0.0017557969
-0.0023182006
-0.0029235478
-0.0023184968
-0.0032534329
-0.0024561925
-0.0019765254
-0.0026360422
-0.00089754582
-0.00088006593
-0.0010402151
-0.0007288818
-0.00098334451
-0.00084348621
-0.00069362938
-0.00066419585
-0.00079086774
-0.00085165716
-0.0011565362
-0.001961699
-0.0024494218
-0.002520274
-0.0028607759
-0.0022883002
-0.00078357626
-0.0011636731
-0.00024748495
-0.00074476595
-0.0019978683
-0.0022392901
-0.003075573
-0.0031705979
-0.0025197639
-0.0027797866
-0.0032230274
-0.0029861409
-0.0019111788
-0.00050297005
-0.0011163272
-0.0015343291
-0.0031291469
-0.0025612393
-0.0022564012
-0.0020561952
-0.0013832667
-0.00067681308
-0.00044751772
-0.00062957301
-0.0025444437
-0.0035282222
-0.0038325124
-0.0043893967
-0.0047306252
-0.0047189692
-0.0053127353
-0.0051414729
-0.0052988821
-0.0055744535
-0.00327194
-0.003525793
-0.0030600253
-0.004217618
-0.0030773655
-0.0032841798
-0.0034272722
-0.0032025034
-0.0025567051
-0.00326087
0.024765831
-0.00041065646
0.023945183
0.028666561
0.029265599
0.027716258
0.028011705
0.02981599
0.029234285
0.030076233
0.031172305
0.029448603
0.030814619
0.028749694
0.030495203
0.03089145
0.032859
0.030237075
0.03171844
0.032747798
0.030910571
0.029716051
0.03204483
0.028872561
0.030746999
0.030670708
0.03466212
0.031541364
0.032470019
0.031449345
0.031577648
0.032548778
0.032101219
0.034883984
0.033371572
0.030131156
0.030028953
0.032783257
0.031024998
0.032692942
0.033239148
0.029558633
0.03266682
0.02910306
0.03314778
0.031046796
0.031341197
0.028431624
0.029091833
0.028971628
0.028755005
0.033809603
0.033756421
0.03262529
0.033368773
0.032070724
0.031949579
0.03409473
0.034292801
0.031401999
0.030718074
0.032303454
0.032796487
0.031753135
0.031272485
0.031108489
0.031216949
0.02973744
0.033038734
0.032460509
0.032041049
0.03002377
0.036036396
0.033088878
0.036110105
0.033945189
0.036064526
0.034011037
0.033402353
0.0346551
0.034906356
0.031279607
0.036734317
0.036458688
0.035963113
0.035107376
0.027054645
0.029525192
0.028122746
0.030979164
0.029845974
0.032451436
0.033314374
0.031822383
0.039736024
0.033274678
0.032783913
0.034830169
0.033938848
0.033388781
0.031516562
0.032236409
0.035318306
0.032758219
0.033576805
0.030122575
0.031401902
0.034217672
0.026334339
0.032884867
0.033108395
0.03247846
0.033231301
0.031207181
0.03424659
0.03498648
0.034844309
0.034972099
0.031316993
0.031938316
0.033895376
0.032772184
0.032329178
0.033555411
0.034781314
0.033077388
0.030399442
0.034733745
0.041917239
0.035501785
0.03312539
0.039293621
0.0399497
0.02807673
0.029222975
0.030751693
0.030780643
0.036762495
0.034024356
0.02897194
0.030812016
0.032095057
0.031272396
0.033731728
0.035283144
0.028655252
0.029619331
0.031872465
0.032677299
0.030839524
0.030151058
0.032547966
0.03324415
0.035425223
0.038091996
0.030803729
0.032546324
0.032461818
0.033713848
0.034796831
0.036294438
0.032629498
0.033513306
0.034596978
0.036262766
0.034751634
0.035991101
0.037623474
0.034628295
0.032431755
0.03375654
0.034984119
0.034371316
0.034221684
0.035505231
0.035794469
0.036754331
0.036391741
0.035020214
0.035937814
0.039333353
0.034571131
0.03325413
0.035753886
0.036852109
0.036489178
0.040742469
0.038027658
0.037129373
0.034225925
0.035600145
0.035580512
0.037402135
0.035619551
0.044150012
0.038002733
0.040456953
0.034120432
0.034394873
0.036418148
0.03642944
0.039315343
0.039094916
0.037474941
0.035779327
0.038825041
0.03874358
0.033764467
0.035667518
0.038337836
0.039864326
0.045752658
0.039091057
0.038777889
0.040603549
0.038246746
0.037867254
0.042257729
0.040897122
0.037312803
0.038006935
0.041630789
0.038722669
0.041210355
0.042192839
0.038339107
0.041617793
0.040840475
0.040863941
0.04282167
0.041610738
0.038717775
0.038833293
0.042878821
0.042472076
0.041775922
0.04214833
0.039602919
0.040492772
0.037777695
0.03986365
0.041581743
0.041934112
0.039547787
0.04203257
0.043789633
0.041263266
0.04526717
0.037099909
0.042091104
0.043096708
0.039415211
0.039702628
0.041203644
0.040327752
0.043110089
0.040767595
0.04096859
0.039302115
0.041577381
0.043769553
0.04241376
0.043219201
0.043195126
0.042540433
0.041395003
0.043374889
0.04375445
0.042083471
0.042870345
0.044072994
0.042391729
0.040698603
0.041504696
0.042534757
0.035887696
0.040629995
0.041907927
0.042394435
0.018319756
0.041560947
0.047100825
0.037404711
0.043495298
0.041532339
0.042296706
0.043293
0.040199406
0.041215834
0.04284396
0.042879317
0.044084096
0.043687449
0.047395716
0.043247601
0.042906592
0.044173471
0.045246101
0.044505094
0.045323565
0.04297975
0.044673008
0.042793126
0.040784911
0.040718451
0.043373457
0.041417364
0.043460097
0.039982738
0.040052372
0.040647708
0.038417478
0.042544861
0.043882899
0.040897843
0.045033678
0.04448077
0.044002236
0.043856748
0.043620652
0.042066336
0.043797686
0.044858387
0.046057074
0.040477851
0.036538072
0.043892459
0.044803612
0.044137457
0.040463494
0.03595041
0.04187167
0.044715781
0.036425072
0.036600712
0.042421585
0.044717357
0.043041511
0.042883016
0.045342162
0.041619307
0.040794927
0.043863428
0.045574271
0.042062114
0.046056666
0.043119328
0.043542242
0.04303852
0.044537127
0.043259285
0.040509606
0.040086879
0.041250046
0.041475845
0.043449692
0.042392836
0.043824785
0.043199376
0.043329115
0.044445715
0.044789539
0.044423315
0.040322822
0.040160798
0.042738254
0.041354786
0.0450053
0.044728624
0.045068465
0.042781074
0.041065332
0.04720203
0.044512437
0.045647155
0.046328873
0.045834074
0.045506934
0.045991652
0.045370827
0.045531641
0.044241205
0.043935878
0.046237984
0.046937651
0.046862921
0.045341673
0.044619386
0.044510098
0.042975705
0.045062945
0.047001998
0.04701303
0.046794511
0.046165181
0.046638006
0.045200697
0.045097085
0.046100479
0.045752852
0.045797867
0.044341037
0.045851763
0.046096355
0.045988404
0.045948834
0.04639027
0.046594457
0.045018406
0.045000212
0.046586098
0.04687181
0.045927914
0.046679527
0.047089566
0.042303927
0.04345779
0.047450266
0.045638438
0.04672934
0.046121486
0.046639711
0.046395763
0.046422547
0.046854525
0.053096285
0.048834141
0.04748346
0.049119189
0.049055968
0.058892475
0.045682031
0.046159651
0.048392952
0.048917576
0.049946399
0.047524397
0.046686168
0.047015856
0.049434016
0.048432082
0.050634033
0.04843744
0.048093862
0.047727543
0.047273802
0.047186039
0.044945725
0.046417891
0.046436089
0.046899502
0.046600378
0.047054858
0.046688526
0.047593798
0.045045671
0.048642389
0.047848687
0.048350948
0.058431582
0.049343956
0.046643399
0.045378771
0.046020557
0.056436549
0.047723315
0.046688537
0.052640159
0.048846194
0.047788485
0.061581503
0.04726675
0.045765641
0.047869631
0.04389249
0.047181741
0.047002769
0.048267837
0.054591659
0.062781128
0.050240957
0.047460592
0.047400102
0.046540824
0.045978017
0.047221454
0.047312354
0.047509932
0.04743808
0.047056352
0.0464315
0.051152386
0.049287524
0.051176286
0.047151092
0.050498868
0.051958601
0.045909412
0.046722436
0.046551808
0.045082422
0.046508395
0.044074352
0.050160196
0.051673217
0.04783785
0.047728327
0.044713984
0.047530072
0.048079028
0.043757741
0.04688693
0.069803043
0.054466035
0.047549382
0.047917226
0.047582293
0.048320035
0.044002765
0.043478791
0.048597604
0.047772692
0.045481955
0.04576945
0.046966774
0.046098292
0.052320946
0.055413047
0.047280487
0.04779701
0.044348868
0.044121929
0.044246996
0.042882352
0.043895858
0.044655631
0.046449658
0.040165151
0.045120403
0.044037436
0.047444488
0.04479228
0.043150869
0.041375886
0.043514578
0.042753435
0.046658794
0.038161469
0.047586201
0.04830698
0.047335645
0.047785983
0.048430288
0.04732914
0.048052991
0.048182521
0.046159577
0.045411273
0.048666633
0.046704728
0.047818776
0.04788992
0.048447292
0.047554678
0.044836699
0.049263551
0.051859406
0.048147764
0.050345498
0.051573795
0.054198066
0.047595367
0.047940149
0.047655603
0.047776792
0.047974121
0.047704212
0.047798852
0.048929629
0.047873631
0.048423859
0.048486571
0.04751711
0.048706563
0.050565723
0.049242481
0.047283283
0.046743932
0.048502647
0.047228763
0.046992022
0.045288824
0.043294288
0.028204885
0.048040427
0.047817357
0.045116571
0.040644314
0.048094118
0.047015654
0.046232851
0.045004375
0.015458743
0.022353871
0.018259769
0.020410338
0.025583571
0.026472748
0.030680343
0.03080772
0.023452653
0.024916898
0.025157664
0.031522163
0.0338777
0.014142262
0.0241265
0.035438484
0.036876243
0.053549752
0.028686841
0.020325228
0.0395658
0.010729389
0.00035065296
0.0092496948
-0.002555248
0.00080914747
0.032044078
-0.032107865
0.037163332
0.033671231
0.034846101
0.033265653
0.028444658
0.048444948
0.039060166
0.032071438
0.031520038
0.038283027
0.017792057
0.046364112
0.011602101
0.048982017
0.040466095
0.047906469
0.011313038
0.011117544
0.01159006
0.039796605
0.0099016699
0.046589458
0.048259566
0.01176585
0.011604482
0.0030830619
0.05844123
0.010839846
0.010853487
0.010500954
0.0055959916
0.01156955
0.053807952
0.011598382
0.059525129
0.011381519
0.0094860438
0.048258273
0.01161032
0.011599509
0.011594397
0.011593578
0.011604269
0.011522945
0.011631177
0.011633692
0.011599229
0.011582566
-0.0023759276
0.01157933
0.011595439
0.011592893
-0.0020521518
-0.00090807816
-0.0021870618
-0.0022556508
-0.0016286236
-0.0019788722
-0.00027823081
-0.00034382857
-0.0018328341
-0.0016017855
-0.0021994822
-0.001952831
-0.0022995199
-0.002525428
-0.0020489065
-0.0017575609
-0.0021140123
-0.0024233684
-0.0014996881
-0.0011499994
-0.0023927785
-0.0022625523
-0.00046949447
-0.00044500781
-0.00038508367
5.1674222e-05
-0.00037070643
-0.00023650198
-0.0016328985
-0.0014346078
-0.0017393531
-0.0017416001
-0.001483887
-0.0011585096
-0.0011440371
-0.0010821462
-0.0014478256
-0.0008399253
-0.0013213558
-0.00051654364
-0.0010902764
-0.00089930953
-0.00088744995
-0.00023882115
0.030237149
0.028369972
0.031465078
0.031073595
0.033125971
0.03293274
0.035650563
0.033943904
0.035573155
0.039213592
0.035269864
0.036575143
0.039817684
0.039539626
0.035363918
0.035986221
0.035134229
0.037377876
0.036736372
0.036028738
0.03550119
0.03606439
0.039325729
0.038908168
0.037291158
0.036976555
0.037629491
0.03958578
0.039113468
0.038470901
0.039017009
0.03699303
0.037873161
0.039292558
0.036953347
0.037591348
0.035242879
0.036695607
0.036390742
0.0351059
0.0364376
0.036520581
0.037359291
0.034949855
0.034400956
0.035345451
0.02902297
0.032118031
0.031402594
0.031790455
0.031243438
0.032461436
0.034374934
0.035740472
0.036781071
0.041104926
0.035961393
0.037595427
0.034326423
0.034549749
0.03674778
0.037969257
0.03675896
0.037603183
0.036880626
0.037536461
0.037312405
0.038230069
0.038739505
0.037651152
0.04219837
0.042432709
0.040330978
0.039383325
0.039560002
0.03963819
0.039069849
0.039000834
0.037441785
0.039275909
0.039696891
0.039322219
0.039485381
0.039955634
0.039152884
0.038564551
0.038966349
0.038018343
0.042392927
0.039183166
0.039196891
0.03898568
0.039060717
0.039743734
0.03986519
0.040283278
0.042193443
0.041870289
0.041281374
0.041139764
0.042891771
0.042826849
0.045019908
0.044826473
0.045336692
0.046107825
0.044428427
0.044077277
0.04469471
0.044721553
0.045700205
0.046244334
0.045989611
0.046055018
0.046560775
0.046898713
0.046980527
0.047170227
0.049911818
0.047125935
0.04678718
0.047267614
0.047633033
0.047523779
0.048286052
0.04833069
0.047991979
0.047998899
0.047978094
0.048981613
0.048306091
0.047870882
0.042832181
0.043756404
0.048103379
0.048626115
0.041630511
0.042335029
0.041479308
0.042593849
0.043452606
0.043455102
0.043803876
0.043218754
0.043226188
0.037656731
0.047601095
0.047853945
0.047925086
0.049882655
0.048000551
0.047925174
0.047986328
0.048127993
0.04808495
0.048435578
0.048684791
0.048669617
0.048731549
0.049955212
0.049542307
0.049442862
0.048077132
0.048343973
0.054141442
0.049025258
0.046003029
0.046310766
0.045690497
0.045163661
0.045292153
0.044510216
0.045626465
0.044368194
0.045833483
0.044966076
0.046099357
0.045868328
0.046724113
0.044964422
0.048066204
0.047379477
0.040670505
0.047331171
0.047575577
0.037075728
0.047652436
0.047881812
0.047136488
0.04648189
0.046839887
0.039588159
0.048828386
0.049095811
0.047984203
0.047263872
0.048589259
0.055886139
0.050095661
0.051850934
0.047035076
0.046033029
0.021263737
0.020540621
0.029577047
0.02578482
0.037570455
0.04645683
0.035456367
0.032713054
0.035847044
0.038291992
0.035922345
0.038727554
0.040255876
0.047112656
0.057949425
0.051592045
0.057160849
0.044687954
0.053327928
0.045704439
0.050505534
0.0063555444
0.0021146109
0.0018958023
-0.011189812
-0.00029531564
0.004646502
0.0059780677
-0.0068784813
-0.017663507
-0.015570286
-0.010086219
-0.004470883
0.011610569
0.011603462
0.011590168
0.011580031
-0.0019708962
-0.00019776704
-0.0013682614
-0.00025982221
-0.001183442
-0.00010110218
-0.000266731
-0.0014187199
-0.00062856152
-0.00018272676
-0.00043370808
-0.00020337337
-0.00028772591
-0.0016161655
-0.0012148248
-0.001384824
-0.0011411423
0.03361468
-0.00056490023
-0.0012356265
-0.00036002803
-0.00067201477
-0.00038667399
-0.00078062731
-0.00090734899
-5.3388745e-05
-0.00082879333
0.037569119
-0.00093417521
0.034348965
0.038580567
0.035983155
0.036007343
0.038251291
0.040431632
0.0365781
0.036899459
0.036463744
0.037911531
0.039145986
0.038962297
0.039727814
0.039452326
0.039125623
0.041376387
0.040567256
0.040500258
0.03926134
0.039596073
0.039920554
0.040726977
0.038690112
0.036848092
0.041427756
0.04064926
0.038688985
0.036643133
0.041914923
0.043056317
0.042704695
0.040419881
0.036848185
0.037722566
0.03927278
0.03910889
0.045206484
0.044103165
0.04265474
0.043898605
0.038870522
0.039670942
0.036737439
0.036857711
0.040142603
0.040426374
0.042518908
0.04089647
0.042645949
0.04570137
0.037962263
0.037565667
0.039012898
0.037486522
0.040575964
0.0408226
0.037486167
0.03915525
0.037064535
0.038756768
0.036958276
0.038284664
0.04378342
0.037357359
0.044494639
0.047282137
0.047724551
0.047443273
0.048030705
0.048231089
0.048100354
0.047739831
0.048014326
0.047994177
0.048303177
0.048042196
0.048206012
0.048712923
0.047925596
0.047967412
0.048153848
0.047898143
0.048372269
0.047808001
0.048159544
0.048293206
0.05000285
0.049494571
0.048419448
0.048574381
0.048283069
0.048665213
0.048736364
0.048957584
0.048592116
0.048641783
0.051644298
0.048864633
0.048896641
0.048812635
0.048050415
0.048116134
0.048942297
0.048618761
0.049048445
0.052107443
0.048802045
0.047812167
0.04797661
0.048343973
0.048757411
0.048417135
0.048076538
0.050019357
0.045161226
0.049307075
0.049666662
0.048662351
0.04913403
0.051929135
0.049482687
0.049303477
0.048193179
0.049839329
0.049608187
0.049586327
0.052000672
0.049990588
0.048725214
0.051143678
0.048840191
0.049681386
0.049510582
0.049345274
0.048351174
0.0503622
0.050669779
0.049568665
0.048633495
0.050652894
0.049738848
0.050933548
0.051299439
0.050440004
0.051662024
0.049988723
0.050322887
0.053447524
0.048903713
0.051162114
0.051439591
0.051879924
0.040592062
0.051327212
0.050080859
0.049267056
0.0491505
0.050408595
0.048013152
0.049744903
0.048090424
0.050006076
0.050383766
0.052908459
0.053158241
0.050082471
0.052002636
0.05069641
0.052402139
0.051899685
0.051259563
0.052538818
0.051805356
0.054146996
0.052755579
0.05096756
0.051477616
0.052130723
0.05259552
0.051364602
0.049765733
0.053967372
0.053548299
0.052517887
0.053234607
0.053600559
0.053125509
0.053196867
0.054866081
0.052246991
0.052018309
0.052682747
0.054732786
0.049238871
0.052910491
0.05414601
0.053368927
0.054423861
0.054495949
0.054706645
0.054393148
0.054057141
0.053158213
0.05552227
0.05392927
0.055024761
0.054537412
0.054410246
0.054060454
0.053491151
0.054498821
0.053704269
0.055492104
0.054325937
0.054125698
0.054316695
0.054988518
0.051497404
0.053028769
0.050918134
0.052535314
0.049231652
0.05093813
0.049805715
0.0490294
0.049975632
0.050705631
0.052874126
0.049220283
0.050126564
0.05074186
0.049230058
0.054803803
0.054944533
0.053547557
0.055815353
0.050978677
0.051877146
0.053458997
0.053473381
0.053768432
0.054847861
0.052790196
0.053964725
0.05437005
0.054626238
0.055394244
0.054827799
0.052953807
0.054585903
0.053208953
0.053703845
0.054932255
0.058517483
0.05205871
0.052680694
0.053958019
0.053540397
0.053731808
0.055384006
0.053112335
0.054027355
0.052279787
0.053282422
0.051139638
0.052142709
0.05257422
0.052125811
0.052140774
0.051477207
0.051697958
0.053398844
0.051579698
0.05120526
0.050533576
0.049829789
0.052277523
0.051579904
0.051290436
0.050864115
0.049973313
0.051120567
0.04974997
0.050649636
0.051732844
0.05088881
0.050380598
0.050182361
0.051207572
0.051361041
0.054370047
0.053074926
0.050236267
0.051327512
0.052517209
0.053488667
0.053953352
0.052873537
0.053518011
0.051747266
0.052987038
0.053683769
0.063890789
0.055242016
0.054199686
0.056260509
0.055339538
0.054714046
0.055489347
0.054723933
0.05590433
0.055273477
0.054766514
0.055582785
0.056245597
0.055315336
0.056613784
0.057804827
0.056332533
0.056455427
0.056426613
0.055656055
0.059018906
0.057563566
0.056697034
0.057254157
0.05789948
0.06019724
0.060912472
0.054386953
0.055115625
0.054731092
0.05540035
0.05436089
0.05473642
0.055281546
0.059784581
0.042608432
0.037013249
0.036377177
0.039104967
0.05122583
0.04690452
0.056075009
0.060352055
0.051062106
0.057955386
0.058134137
0.059660641
0.059272624
0.057440044
0.060613992
0.05335671
0.054838218
0.056363186
0.060299153
0.05138782
0.052028574
-0.0027578674
-0.00076010993
-0.0075174672
-0.00078473936
-0.003198973
0.0010586833
0.0020994478
0.0018710386
0.0086002268
0.0084179916
3.3926132e-05
-0.00031947249
-0.00023047285
-0.00030879771
-0.00067371016
3.8488509e-05
-0.00019499891
-0.00024916183
-0.00018964381
-0.00026092858
5.5863242e-05
-0.00024107891
-0.00048398643
-9.3255226e-05
-0.00053745291
-0.0013157876
3.8676121e-05
-0.00079349299
-0.00099236226
0.00019701656
-8.5212113e-05
-0.00015283209
-0.00032989659
-0.00051847057
5.2696659e-05
0.00015036945
-0.00015281401
0.00024993822
-0.00064050342
-0.0010044994
-0.0011292991
-0.00091130062
-0.00046457616
-0.00024131355
-0.00058718914
-0.00037606965
-0.00024151589
0.036460542
0.03571219
0.039332221
0.040365996
0.041915352
0.043081983
0.043840295
0.042732009
0.04408659
0.044973725
0.043821855
0.045141964
0.044134533
0.0442805
0.037964016
0.037954825
0.036031681
0.037661477
0.049351953
0.049361058
0.05033992
0.049718999
0.050330439
0.049928377
0.049132913
0.04942028
0.050866417
0.050438092
0.050610245
0.050096409
0.047922464
0.04788839
0.046900283
0.046124308
0.047436507
0.04836238
0.04619523
0.044048764
0.048306299
0.047204598
0.051006091
0.045620786
0.044209205
0.045930863
0.044693331
0.041257196
0.047901075
0.048672079
0.050804851
0.050782535
0.054830768
0.052582659
0.049080453
0.049632292
0.050670456
0.050909676
0.051627725
0.050738646
0.051951877
0.052323877
0.051376511
0.052061395
0.052189634
0.049100839
0.049775399
0.05436551
0.054592822
0.059162575
0.053503784
0.054369728
0.05443621
0.05529234
0.058284314
0.057150026
0.05562074
0.054878409
0.054704664
0.061308591
0.055327791
0.055986742
0.056795457
0.056275038
0.056777376
0.055987071
0.057280822
0.057631778
0.060182915
0.056265595
0.056352686
0.082448992
0.055147558
0.05097725
0.051580459
0.053383315
0.05381417
0.053291712
0.053217273
0.05349547
0.054143024
0.060569109
0.04287518
0.061679869
0.047041415
0.038581173
0.040082513
0.054949951
0.051841477
0.04681512
0.052272931
0.053326665
0.058367799
0.049204177
0.052972486
0.042907513
0.049458637
0.052778141
0.054457964
0.054342356
0.054144249
0.050786616
0.05569226
0.049244379
0.051418133
0.053943356
0.049388209
0.057304513
0.0593191
0.051217558
0.05225795
0.047766734
0.049279543
0.04867947
0.058550241
0.048357642
0.051033293
0.047816245
0.043966174
0.049705021
0.052855615
-0.00051721037
-0.00014195873
-0.00030172815
-0.00080921862
-0.00023250302
-0.00030179277
-0.00034934441
-0.00083848452
-0.00054842485
-0.00076180101
-0.00034996067
-0.00052131961
-0.00036177894
-0.00072326694
-0.00049533692
-0.00047504441
-0.00027014756
-8.7743751e-06
-0.00028387433
-3.8456119e-05
-0.00063299868
5.8084162e-05
0.00024548168
-0.00049098907
-0.00016199854
-0.00015901717
-0.00022903935
-0.0002229422
-0.00066802991
0.000136387
-0.00028234963
-0.00024909106
-7.5298291e-05
-0.00042940766
0.00026577137
0.00075572301
-0.00039282516
-0.00050920035
-0.00024731469
7.3524909e-05
-0.00044901554
-0.00018943802
-0.00057906224
-0.00050780721
-0.00073581931
-0.0002512865
-0.0001632849
-0.0001036289
0.00044627195
7.5585651e-05
-0.0010238221
-0.00082924087
-0.0011251972
-0.00091836146
-0.00034314639
-0.00045164866
0.044483206
0.04377763
0.051625389
0.050609434
0.046385925
0.045185521
0.044469226
0.043745691
0.045762596
0.040956269
0.0433916
0.042967061
0.04702315
0.044534716
0.04058647
0.043988057
0.045812188
0.046160571
0.046795797
0.043257888
0.047271628
0.048153948
0.046376932
0.044020977
0.047864642
0.046378776
0.053701643
0.052351807
0.053173528
0.052603939
0.05435024
0.054477693
0.054370557
0.054537011
0.053226052
0.055109307
0.053955158
0.054632181
0.056117806
0.055085172
0.054618354
0.053522081
0.054426523
0.055048102
0.054873106
0.055301875
0.054965959
0.054764737
0.054815301
0.055180628
0.056307329
0.054936953
0.055836
0.057463489
0.055604008
0.058981675
0.055771399
0.057413655
0.055257281
0.056607531
0.055017785
0.056867898
0.05511968
0.057034898
0.055736814
0.055113311
0.054711265
0.055053217
0.05608984
0.054297366
0.055181255
0.055792366
0.054264677
0.051193608
0.054298332
0.054643951
0.055039353
0.054139139
0.054705745
0.053705683
0.053914918
0.047466132
0.055394986
0.052705886
0.057281799
0.057677254
0.057158746
0.059947904
0.064779529
0.058487851
0.039027541
0.043170723
0.055030809
0.054715835
0.050885851
0.048398938
0.051587246
-8.7197855e-05
0.00030567832
6.4317648e-05
-0.00015805917
-0.00017191679
-0.00036448946
-0.00010234399
-0.00013118096
-0.00057673431
-0.00063508231
-0.00018918867
-0.0002361
-0.0001755436
0.00030932068
0.051108839
0.00028390873
0.00037334551
0.0001631407
0.051357495
0.042505955
0.041718419
0.054659789
0.054524005
0.055290888
0.055087246
0.057613666
0.055643596
0.055509656
0.053452866
0.053668616
0.054977551
0.053310403
0.053633996
0.052807729
0.052999377
0.050929863
0.050584206
0.052258789
0.049436201
0.051012382
0.053455371
0.054300136
0.059196861
0.061205099
0.062229267
0.058967566
0.061049667
0.060148908
0.07881445
0.061256082
0.059973197
0.058740001
0.054124018
0.059300058
0.055521982
0.055332615
0.05554568
0.059399762
0.058450337
0.058905491
0.059478395
0.057311407
0.058510552
0.059159768
0.058879083
0.059396318
0.059278025
0.059266713
0.058293151
0.05889548
0.059304256
0.059834491
0.058123242
0.058569956
0.059132398
0.058841821
0.05918405
0.058724074
0.059350779
0.058367671
0.055578501
0.057907183
0.058528357
0.058628552
0.058414479
0.058480058
0.056373374
0.055218101
0.059182822
0.058481569
0.058820663
0.058545293
0.059136648
0.059011932
0.058937448
0.048876553
0.050150899
-0.00014655456
0.00014728923
0.055534589
0.056089527
0.068669007
0.058404152
0.065121974
0.069356357
0.071598226
0.059220506
0.063447043
0.06275579
0.064102934
0.057436579
0.057981224
0.05964904
0.060337076
0.058386765
0.058467618
0.057835131
0.058442127
0.054665871
0.055394621
0.054803387
0.054512153
0.05567389
0.056899099
0.053636298
0.054174566
0.056653081
0.057022014
0.055659039
0.055994926
0.055911934
0.056290842
0.056739762
0.055083766
0.055965663
0.055826359
0.057050914
0.053865931
0.056397761
0.056322923
0.055803552
0.058060309
0.057117926
0.054866403
0.054994261
0.055259175
0.055872313
0.054201165
0.05660846
0.056140025
0.056244757
0.056016415
0.053581525
0.053328331
0.055250829
0.056346984
0.055238887
0.053391174
0.055002464
0.055871796
0.055698832
0.05778432
0.056883633
0.057675669
0.057748613
0.057516501
0.05795355
0.057702006
0.056755093
0.055209168
0.055558816
0.056979263
0.056193328
0.056912539
0.054981384
0.057182961
0.056306382
0.055481831
0.056184376
0.053857931
0.056219699
0.056995998
0.057740101
0.057303933
0.055733934
0.057036579
0.0095308877
0.0094504484
0.0096356718
0.0093050301
0.0085523635
0.009127549
0.008622035
0.0090455015
0.0098634748
0.0092510582
0.008655396
0.0094281159
0.0051421324
0.0067471693
0.0087255433
0.0090237798
0.0080226628
0.0060789068
0.0044628331
0.0041296213
0.00036742246
-6.8651441e-05
-0.0020931924
-0.0030337551
0.00064239966
5.5195997e-05
0.0009556634
-0.0059543839
-0.0058354209
0.0030646787
0.0015817786
0.0063122943
0.0063074844
0.0063303357
0.0063424833
0.0025794175
0.002985189
0.011253913
0.011695536
0.0021609848
0.0012384335
0.0023994122
0.005883415
-0.0054836265
-0.0013672837
-0.0029584489
0.020072849
0.021727566
-0.0093412611
-0.0093164811
-0.0020453085
-0.0021697017
-0.0027434583
-0.002253776
-0.0024157234
-0.0025568882
-0.0072093533
-0.0075910724
-0.0026687053
-0.0030268709
-0.0027329538
-0.00077760085
-0.0026521326
-0.0038552469
-0.0035884352
-0.0045233073
-0.0044158553
-0.00056596158
-0.00067856197
0.024457262
0.027330196
0.012102008
0.011861757
0.011809332
0.011659324
0.01185075
0.011718725
-0.0035044983
-0.0038000391
0.028944013
0.0301744
0.047346223
0.04762558
0.03607189
0.035792338
0.04247676
0.041350937
0.043151465
0.042469086
0.048415527
0.048515752
0.049368431
0.049746257
0.049056792
0.049497655
0.049478706
0.050356832
0.050187158
0.050114176
0.05022729
0.050571705
0.042735082
0.043481361
0.050831177
0.051676517
0.056037578
0.056972399
0.015756947
0.015416155
0.0011865584
0.048162193
-0.0025094243
-0.0017418765
0.0052131512
0.0040015874
0.0022281514
0.0039343481
0.0017064106
0.0030348609
-0.0033708196
-0.0031475002
-0.00329846
-0.0029041958
SCALARS Uy float 1
LOOKUP_TABLE default
0.018216706
-8.3607523e-05
0.001445089
-0.00023249075
0.00016261225
-0.00010737184
-0.0014397783
-8.0734364e-05
-0.0017760849
-0.0014932115
-0.0037380833
0.060221964
-0.0022161503
-0.00023617317
-0.0051509881
-0.00033808235
-4.6756508e-05
-0.0032197159
-0.00030868087
-0.0015939957
-2.5095937e-05
-0.0023020636
0.00016399578
-0.00016873693
-0.0028065879
-2.4066148e-05
-0.0010410732
-0.0026829674
-0.00011554433
-0.024297002
-0.00049213901
-0.0021202813
-0.0017645616
-0.0034056969
0.007487126
-0.0026122938
-0.0044294755
-0.0021561144
-0.011268289
-0.0019987048
0.00020383524
0.00025757308
-0.0002986723
-0.012784654
9.9057265e-06
-0.00062832598
0.0017470477
0.00034665204
7.178584e-05
0.0006868514
9.4933844e-06
0.0011643626
0.00020311688
0.0011042542
0.00082358133
0.0017563372
-0.00062547576
-0.0011079505
0.00074921796
0.0018037932
-0.0010222014
0.00022648077
3.0571654e-05
4.7749994e-05
0.00040986812
0.00020856537
0.00018785971
0.0013925399
0.00078172842
0.00085490126
0.0050968144
0.0026641426
0.0033608919
0.00014711747
0.0071794452
-0.0012810218
0.0015745976
0.0039290356
-0.0018546139
-0.0053934655
-0.010493807
-0.0045758621
0.0036951121
0.0047245158
-0.010651959
-0.003593143
-0.0041114109
7.9914992e-06
0.0030088602
-0.0051406586
-0.0010819023
-0.0048006752
0.005865799
0.0062513004
-0.006605298
-0.0087471089
-0.0052352377
-0.0010527218
-0.00094204465
0.00055636092
0.0025403675
0.0085089361
0.008492011
-0.0062775006
-0.0033695596
-0.0082576772
-0.0092929359
-0.010148697
-0.0018868108
0.00037167081
-0.0035751172
-0.00091975402
0.00050778203
-0.0030842183
0.0014148027
0.0071753567
-0.00084621764
0.0008763418
-0.0012502623
0.0046235456
-0.0040251808
-0.0019863374
-0.0020293611
-0.0041211972
-0.0042900619
-0.0030402143
-0.0041480921
0.0028517914
-0.00035403773
-0.00060014993
-0.0037238772
-0.0031163687
-0.0046274102
-0.0038437584
-0.0048456424
0.00057854942
-0.0011824215
-0.0015556409
-0.0040856869
-0.0022504132
-0.0002363338
-0.0023837622
-0.0044214345
0.00049553518
-0.0023058399
-0.00010053389
-0.0017128243
0.0019093621
-0.00028993966
-0.0025037926
-0.0019328905
0.002016293
-0.0027819254
-0.00038678451
0.00047518222
0.0030107693
-0.0011716606
5.9110115e-05
0.0013202001
0.0019750557
0.0020814322
0.0012509561
0.0016146003
0.0029667726
-0.0059225938
0.0012097382
0.0022142208
-0.0028139875
0.0014516712
0.0020503567
-0.00083153367
-0.0010617617
0.0036390734
0.0032087646
0.0023469657
0.00095820898
-0.0015687473
0.00088169175
0.00084872002
-0.0016392319
0.0003641944
-0.0011612664
-0.0032148569
-0.0038010673
0.00063491072
0.0020851665
0.0025614379
-0.0030399549
-0.0009759464
0.00093507629
-0.0026472183
-0.0045363977
0.0025518099
-0.0014831654
-0.0006994076
-0.0029771203
-0.0009805024
-1.0945514e-07
-0.001399059
0.0011065857
0.00037108752
0.0012283924
-0.0023574912
-0.0011208813
-0.0045042821
-0.0056013599
-0.00061461162
0.0008381971
-0.0044260687
-0.0046434773
-0.0042904182
0.0023560514
-0.0025808236
6.7559429e-05
-0.0046791621
0.0016042386
0.0031909955
-0.0018321113
-0.0043642016
-0.0015594555
-0.0042577229
0.0029192167
-0.0012915862
-0.0039523866
-0.0024044952
0.012243512
0.00087121471
-0.00062014203
0.0021059461
0.0028438653
0.001528122
0.0015713809
-0.004239366
-5.1282217e-05
-0.00049105982
-0.001944913
0.0010838417
0.0015468901
-0.0013701336
-0.0044644191
0.0014727948
-0.0038727296
0.0038304498
0.0039799142
0.0018233932
-0.0016580169
0.0060911077
0.0017154937
-0.004274196
-0.0047741562
-0.0016772731
0.00076010051
-0.00015439077
0.0025284287
-0.0013348664
0.0025587696
-0.0048700303
-0.0033907772
0.003413363
8.0033324e-05
-0.0064717939
0.0012546922
0.0024521073
0.00054990458
-4.1808522e-05
0.0037154455
-0.00061417265
0.0070867731
0.0054303357
0.0033012726
-0.0017292979
0.0068698717
0.0071633755
0.0062690981
0.0014351349
5.7422172e-05
-0.0022510026
-0.00077392671
0.00066547707
0.001913083
0.0047911538
0.00015395721
0.0029603111
0.00079780469
-0.00063372506
-0.005253728
-5.3934974e-05
-0.0042656797
-0.0014106899
-0.0027546359
-0.0005818641
-0.0025740648
-0.00023913502
-0.0049000117
-0.00093352361
-0.0016872792
-0.0018091178
-0.001484995
-0.0015713011
-0.00058744954
-0.00021910431
-0.0011953754
-0.0010926409
-0.00083806232
-0.0016525698
-0.0042197139
-0.00080354798
-0.0013535758
-0.0022926472
-0.00058445274
0.00062864922
0.0011383898
-0.00065911882
-0.00023942658
0.0028325354
0.0011432051
-0.00072848406
-0.0015104985
0.00047119386
0.0041578454
-4.1317084e-05
-0.0015620091
0.0025788386
0.0054622704
-0.0030936349
-0.00042932261
-0.00087059406
-0.00063231832
-0.0006974305
0.0013791078
-0.0016374561
0.00050218478
-0.00061584533
2.3637425e-05
0.00023010327
-0.0018615443
-0.0013804942
-0.0017162631
0.0015982952
-0.00053705762
-0.0019436649
-0.0016279921
0.0027984509
-0.00031102947
0.00040224601
-3.8946573e-06
-0.0032066241
-0.0020203662
-0.001520987
0.00036650518
-6.5102939e-05
-0.0021572799
-0.0011229756
-0.0024008676
0.00073488949
0.0023936513
-0.0017783714
-0.00012201451
0.00010332381
-0.0017823401
-0.0012657813
0.00043331636
-0.002091507
-0.001970168
-0.003221712
-0.0017685745
-0.00080021733
-0.0026390054
-0.001789516
-0.0016759542
-0.0024056009
-0.00060898319
-0.0024515545
-0.002438449
-0.0012875481
-0.0012785007
-0.0026425964
-0.0014543548
-0.0022275195
-0.001819489
-0.0028741128
-0.0028366631
-0.0087820947
-0.0027640819
-0.00075781197
-0.0040746347
-0.0027322811
-0.0022217347
-0.0021228788
-0.0015474442
-0.0027445396
-0.0018237464
-0.0020719317
-0.0016595956
-0.002486455
-0.0024958106
-0.0023792021
-0.002880744
-0.0021100549
-0.0016694773
-0.003489193
-0.0030726854
-0.002127047
0.0013554546
-0.0026108425
-0.0018282204
-0.002400993
-0.002215592
-0.0017075457
-0.0039668885
-0.0022952994
-0.0024450224
-0.0021877449
-0.002892027
-0.0030283068
-0.0019248599
-0.0016742007
-0.004380202
-0.0040323175
-0.0023603686
-0.0022169994
-0.0012604382
-0.002001641
-0.0062470351
0.003861219
-0.0026896047
-0.0024806489
-0.0017302598
-0.0013467331
-0.0014423063
-0.0033230646
-0.0039269162
-0.0026994242
-0.0020517461
-0.0011036186
-0.0021482253
-0.0027149726
-0.0023575151
-0.0025214717
-0.0038647376
-0.002838103
-0.0023874344
-0.0025039293
-0.0030110879
-0.0014689408
-0.0041384603
-0.0022438279
-0.0028860424
-0.0021893238
-0.0028657675
-0.0028828737
-0.0027337444
-0.0028146438
-0.0024507336
-0.00245501
-0.002210161
-0.0024977544
-0.0025286641
-0.0026026503
-0.0018394916
-0.00094309345
0.00025980693
-0.0015478283
-0.001523016
-0.0016753247
0.00012839093
-0.0016508908
-0.0017619881
-0.00061726578
-0.0026026189
0.0044138954
0.0010848638
0.00023918365
-0.0019044863
-0.0015669601
-0.0015589541
-0.0016605878
-0.00083265697
-0.0016120262
-0.0026439985
-0.0017428
-0.0049875124
-0.0032684155
0.0061431579
0.0015709431
-7.8011533e-05
0.0020349827
-0.002210834
-0.0019596791
-0.0014497859
-0.0011446135
-0.003269384
-0.0028548164
-0.001390881
-0.002549479
-0.0018984686
-0.0017359794
-0.0012118151
-0.0018568969
-0.0013479403
-0.0016240125
-0.0012552087
-0.0015471117
-0.0087101034
-0.0029314221
-0.002092707
-0.0022854611
-0.0011864038
-0.0012413148
-0.0011719249
-0.0014749455
-0.0020633575
-0.002233974
-0.00051385584
-0.00090840784
-0.0015476759
-0.0012756483
-0.0016856909
-0.00098325288
-0.00097535981
-0.00092759053
-0.00074099361
-0.0012839734
-0.0025890247
-0.0012532489
-0.0044864901
-0.002239621
-0.0021465538
-0.0020178595
-0.0020263291
-0.0015519121
-0.0017186501
-0.0024237636
-0.0022369412
-0.0023747609
-0.0022173301
-0.0025165326
-0.0026517788
-0.0025809419
-0.0012833334
-0.0026633407
-0.0011031394
-0.0025509626
-0.001365597
-0.0019292393
-0.0020587451
-0.0021096508
-0.0015719913
-0.0013756105
-0.0021934586
-0.0015685586
-0.0040463269
-0.0014166417
-0.001243184
-0.0015314597
0.0019808947
0.0038587078
0.00067421453
-0.0012533214
-0.0022035973
-0.0028071533
-0.0024695103
-0.0024532756
-0.0035598107
-0.0045688058
-0.0025322034
-0.0021170617
-0.0034805056
0.00067816511
-0.0016783859
-0.0029555741
-0.0018911056
-0.0023520252
-0.0025940201
-0.0043393982
-0.0033256093
-0.00090527841
-0.00081545833
-0.0034391118
0.0012384739
-0.0038681887
-0.002525178
-0.0030414195
-0.0025144484
-0.0022063038
-0.0025649044
-0.0018518492
-0.010067352
-0.006800247
-0.0023685143
-0.00093987892
-0.0036237269
-0.0041603938
-0.0034214662
-0.00096703744
-0.0042098849
-0.0029655044
-0.0059956665
-0.0041653673
-0.0015795722
-0.0012309543
-0.0005683288
-0.0018059404
0.0010993242
-0.0036976319
-0.0020777258
-0.0019034782
-0.00050529005
4.0915159e-05
-0.0034649474
0.00094841958
-0.00058780242
-0.003856526
-0.0025522503
-0.0027004015
-0.004093609
-0.0026604846
-0.0018030537
-0.0027853056
-0.0026026642
-0.0031760742
-0.0019215374
-0.0021227531
-0.0025308463
-0.0022553634
-0.0022808656
0.0017041496
-0.0056799822
-0.0021615557
-0.0016019383
-0.0057680121
0.0033910878
-0.0028502614
-0.0025114324
0.00033596837
0.0009179718
-0.00068150862
-0.0030815287
-0.00099308986
-0.00058197782
-0.0030530453
-0.0018849344
-0.0011763189
0.0010226737
-0.0040098109
-0.0033985169
0.0024301893
-0.0048640763
-0.0021311087
-0.0013723182
-0.0031957256
-0.0022024474
-0.0027421271
-0.0034944204
-0.0037137262
-0.0035280774
-0.0041599788
-0.0031640027
-0.0048480502
-0.0039840531
-0.0035135943
-0.00032293889
-0.0044640458
-0.0038420858
0.0036361732
0.011799503
-0.0016216865
0.001101389
-0.0046751857
-0.0026939393
0.0035560675
-0.0018903615
-0.0031337775
-0.0018637155
-0.00203812
-0.0030573071
-0.0031650205
-0.0029396339
-0.0038397957
-0.0033719479
-0.0025534965
-0.0021628814
-0.0087943834
-0.0093480261
-0.011909344
-0.001981374
-0.0012413545
-0.0025292993
-0.0040967627
0.0040966876
-0.0031443327
-0.0024367553
-0.0032755082
-0.0039424501
-0.0028511323
0.00075475919
-0.0016126377
-0.0025486425
-0.0049805804
-0.0044851458
-0.0038105747
-0.0029149066
-0.0026384446
-0.002523715
-0.0028555081
-0.0029988124
-0.002809924
-0.003014056
-0.0034296875
-0.0032123056
-0.0037680604
-0.0039333864
-0.0033655116
-0.0028278642
-0.003463568
-0.0033599077
-0.003906814
-0.0022373728
-0.003221347
-0.0033648102
-0.0040600864
-0.0036987068
-0.0037219405
-0.0030041821
-0.003759512
-0.0014361823
-0.004148454
-0.0040745405
-0.004460047
-0.003780529
-0.0038399791
-0.0043913279
-0.0045040022
-0.0043160059
-0.0043512753
-0.0044270227
-0.0039691227
-0.0039504293
-0.0041751266
-0.0038704183
-0.0033472872
-0.0017231969
-0.0015076709
-0.0042009159
-0.009914427
-0.0067275063
-0.0084516157
-0.0037051631
0.0019351788
-0.0039625042
-0.0035525083
-0.0027697817
-0.0041303583
-0.0036468415
-0.003331921
-0.0015726549
-0.003718759
-0.0035447915
-0.0026353358
-0.0030428136
-0.0029469801
-0.0034325778
-0.0029802822
-0.0029710236
-0.0023482942
-0.0026752981
-0.0029499055
-0.0042923175
-0.0044813442
-0.0030716956
-0.0047596936
-0.0044310553
-0.0044332411
-0.0041552478
-0.0028820563
-0.0036271976
-0.0034636361
-0.002921807
-0.0019161754
-0.0040247995
-0.0023651514
-0.0016525181
-0.0017483676
-0.0018371849
0.0068549329
-0.0045255852
-0.0034975677
-0.0041212921
-0.0038725058
-0.0028116191
-0.0032066019
-0.0065650375
-0.0024446365
0.00062789076
0.0069692007
-0.0092200576
0.0066932119
-0.0043215995
0.0032583388
-0.00059893067
-0.00069654381
0.011481027
0.0022362834
0.0076771039
0.0048262112
0.0034125684
-0.003826488
0.0016120882
0.0095323425
-0.0070431918
-0.0029129711
-0.0034451236
-0.0031854658
-0.0045935381
-0.0041535771
-0.0044730432
-0.0042151939
-0.0045054286
-0.0043429984
-0.0042883692
-0.0039170032
-0.0022199824
-0.0044457053
0.0047116707
0.00066960405
-0.0045998226
-0.0050699189
-0.0029758785
-0.0036452227
-0.0014255335
-0.0034409259
-0.0044163761
-0.0043921715
-0.0019090671
0.0016097202
-0.0019782828
0.00025813086
-0.010984814
-0.0014607124
0.0039702063
-0.0053704873
0.0080886697
0.0065443742
-0.0014685913
-0.0031780037
-0.0057562105
0.011996538
0.0039371004
-0.0018827005
-0.002313277
-0.0036833677
-0.00074972111
0.006193346
-0.0033774291
-0.00090846852
0.0067659457
-0.0018552192
-0.0039231486
-0.0038802473
-0.0033639382
-0.0038763459
-0.0038259238
-0.0031157383
-0.0032332421
-0.0046373843
-0.0041999307
-0.00453185
-0.0047399229
-0.0045563249
0.00061238286
-0.0038464137
-0.00043523767
-0.0045264191
-0.0042129992
0.00011362455
-0.0042556138
0.0031127022
0.003692365
0.00084677427
0.0097932725
-0.0073840823
-0.0031651301
-0.0011353372
0.006137939
0.0089522917
-0.0050953646
0.0036117636
0.0094067631
0.0018828964
0.00029919736
0.0058133185
-0.0020353094
0.0039346561
0.0037655546
-0.0029222737
-0.0042577063
-0.002725703
-0.0014407841
-0.001478905
-0.0036731315
0.0026463286
-0.0025042837
-0.0044587743
-0.00477985
-0.0042624675
-0.00071294817
-0.0037910451
-0.0038306166
-0.0036498679
-0.0035850408
-0.0027265246
-0.00414147
-0.003129298
-0.0043870211
-0.0033951202
-0.0017448902
-0.0019599558
-0.0013148296
0.0014493534
-0.0039625114
0.016375469
-0.00079660843
-0.004047989
-0.0045975825
-0.0035817521
-0.0041629765
0.009788491
0.0087843674
-0.0087530974
-0.010052034
0.0038010861
0.0044707123
0.0014785707
-9.8909051e-05
0.0018685841
0.005017648
-0.0010070815
-0.00058211277
-0.0043591069
0.0035634305
-0.0026120399
0.00066379222
-0.0029685195
0.0009132923
0.0014345494
-0.0038727044
-0.0034377856
0.00077290739
-0.0024525691
0.0051949063
-0.0029592753
-0.0020628911
-0.0024519692
-0.0030354093
-0.0027443654
-0.002615095
-0.0024453297
-0.0011860844
0.0027396805
0.0022144421
0.001600182
-0.0032575859
-0.0047512944
-0.0032720105
-0.0034757724
-0.001462357
-0.0024215114
-0.001353301
-0.0032060197
0.0013559629
0.0055307729
0.0065224097
-0.0036568209
-0.006436753
-0.00098730159
0.0056538715
-0.00037128155
-0.0068301927
0.00092289353
-0.0068698561
-0.0030411822
-0.0040790675
-0.0023480381
-0.0061106183
-0.0031773214
-0.0039330962
-0.002771347
0.00038599844
-0.0040542878
-0.0040963873
-0.0032816215
-0.0035851671
-0.0026160142
-0.0032186487
-0.0041103442
-0.003264679
-0.0017178633
-0.003742453
-0.0035867358
-0.0035182687
-0.0039264365
-0.0029345665
-0.0040831025
-0.0022808795
-0.0030427776
-0.00080913833
-0.0022995424
-0.0046131172
-0.0026153449
-0.003548332
-0.0041868449
-0.0035999365
-0.0041085279
-0.0041567515
-0.0042837009
-0.0040010309
-0.0034025815
-0.0039351902
-0.0039963271
-0.0043542101
-0.0037894175
-0.002527396
-0.0038115571
-0.0026422635
-0.003850304
-0.0055316293
-0.0034607843
-0.0042483269
-0.0039844385
-0.0031900977
-0.0039104975
-0.00289161
-0.0034687977
-0.0038159121
-0.0039066543
-0.0037957118
-0.0034040827
-0.003781013
-0.0041887774
-0.0031510088
-0.0035177761
-0.0037301649
0.002234401
-0.0016748578
-0.0037053998
-0.0040253675
-0.0042319586
-0.0029421807
-0.0035060699
-0.0027979523
-0.0033457855
-0.0034994303
-0.0033322415
-0.0037996066
-0.0042364365
-0.0022276794
-0.0028999551
-0.00010714009
-0.0059781611
-0.0083050106
-0.00017260516
-0.0046930527
-0.0026432638
-0.0038962159
-0.0033294052
-0.0039860298
-0.0014621014
-0.0022764442
-0.0031250996
-0.0026734069
-0.00078207667
0.00050279756
-0.0035064822
-0.0033119198
-0.002447638
-0.0032768809
-0.0016079471
-0.0035664102
-0.0037156486
-0.0039008844
-0.0016518983
-0.0020720887
-0.0022431785
-0.0023610745
0.0012900747
-0.0043082456
-0.003658757
-0.0029204584
-0.0036723501
-0.0045987126
-0.00041250576
-0.0035697444
-0.0053512453
-0.0036507061
-0.0040085354
-0.0035474635
-0.0056169416
0.0003501489
-0.0012367122
-0.003451754
-0.0058012545
-0.0050692954
-0.002307319
-0.0047477749
-0.0031725688
-0.0038391488
0.00024362758
-0.0057929132
-0.004067419
-0.003242423
-0.00097739845
-0.001363434
-0.0023539486
-0.0047413737
-0.0036564036
-0.0031852703
-0.0042878589
-0.004441842
-0.0036139702
-0.0042596333
-0.0049891932
-0.0031096118
-0.0035355604
-0.0033320515
-0.0034932183
-0.0034802068
-0.0043022875
-0.005275105
-0.0047438415
-0.0050113286
-0.0039497572
-0.0027635968
-0.0033040049
-0.0031365955
-0.0029719337
-0.0034781802
-0.0035925196
-0.0046651774
-0.0051667471
-0.0059070351
-0.0041526856
-0.0032182436
-0.0034706357
-0.0038096797
-0.0046313636
-0.0050819357
-0.0040418636
-0.0050915429
-0.004929131
-0.0043802856
-0.0039753088
-0.0047604111
-0.0033181655
-0.0037106779
-0.0039018643
-0.004115821
-0.0045081971
-0.0047237419
-0.004345395
-0.0053840666
-0.0040700101
-0.0042734047
-0.0047844661
-0.0036297256
-0.0047696774
-0.0042742932
-0.0049106868
-0.0047209332
-0.0035786595
-0.0056449433
-0.0040861513
-0.0045891985
-0.0048940543
-0.0043923788
-0.0041075342
-0.0039325406
-0.0037024516
-0.0039128828
-0.0031473515
-0.0035182921
-0.0036185044
-0.003677378
-0.003953484
-0.0027243952
-0.0035294365
-0.0036218158
-0.0037477263
-0.0027437625
-0.0036870582
-0.003907362
-0.0043203522
-0.003756338
-0.0022685811
-0.0042884962
-0.0029591456
-0.0035860517
-0.0043916077
-0.0033113689
-0.0044159488
-0.0041125238
-0.004570324
-0.0041782113
-0.0034735825
-0.0032592371
-0.003906867
-0.0042743982
-0.0038330235
-0.0051820089
-0.004383409
-0.0043059108
-0.0032817254
-0.0028243987
-0.0031265127
-0.0033068878
-0.0036024908
-0.0039108385
-0.0040176182
-0.0050579015
-0.0042901245
-0.0050687093
-0.0036291052
-0.0044733679
-0.0044506706
-0.0045818444
-0.0048245111
-0.0042788252
-0.0038317379
9.7734622e-05
0.0055100855
0.0010543033
-0.0035500878
-0.0028451204
-0.003978633
-0.004314256
-0.0042822442
-0.0027871465
-0.0042922269
-0.0036647114
-0.0035592335
0.0011533772
-0.0015386047
-0.0026263401
-0.0037994887
-0.0032016402
-0.0039098888
-0.0035756254
-0.0026135707
-0.0025606529
-0.001471796
0.0031253097
-0.0034344389
-0.0036559959
-0.002461099
-0.0032999069
-0.0036744028
-0.0045384714
-0.0033218908
-0.0037243053
-0.0038657018
-0.0038374144
-0.0046891808
-0.00028720017
-0.0058327912
-0.0033941001
-0.0034381879
-0.0041751529
-0.0036448781
-0.0038225245
-0.0031324471
-0.0028704268
-0.0028436225
-0.003201028
-0.0031750909
-0.0023409164
-0.0037338703
-0.0043088159
-0.0047356642
-0.0045986584
-0.0022616794
-0.0047169731
-0.0042013412
-0.0042223768
-0.003351546
-0.0024237905
-0.003122115
-0.003161064
-0.0032646177
-0.0036535769
-0.00097834047
-0.0018087064
-0.0039171216
-0.0039946551
-0.0036537054
-0.0013204367
-0.0025509312
-0.0020169576
-0.003501367
-0.0053692223
-0.0022643667
-0.0038392493
-0.004106767
-0.0029346562
-0.0037613305
-0.0046311935
-0.0030931045
-0.0036989896
-0.0025919733
-0.0028466297
-0.0019002488
-0.00082892469
-0.0026247151
-0.0036499769
-0.0026979847
-0.0021935977
-0.0024085078
-0.0033277802
-0.0022191527
-0.0021060992
-0.0016338647
-0.0021846062
-0.0033470563
-0.0042116131
-0.0027099605
-0.0023163034
-0.001474428
-0.0022322034
-0.0019598218
-0.0013798504
-0.0032493652
-0.0031699024
-0.0028261499
-0.0041306305
-0.0026786095
-0.0028648763
-0.0020186497
-0.0024680199
-0.0038725595
-0.0041925705
-0.0014485028
0.0014066049
-0.0019581066
-0.0037370456
-0.0042211259
-0.0023188553
-0.0019106545
-0.0025204848
-0.0035936811
-0.0010445687
-0.0020910425
-0.0012423007
-0.0040294857
-0.0034473861
-0.0031948222
-0.0031297376
-0.0036764625
-0.0037986249
-0.0039313611
-0.0039257613
-0.0035847169
-0.0039594705
-0.0014968644
0.00030555556
-0.0029414298
-0.0041346167
-0.002539411
-0.0025557336
-0.003085874
-0.0040974487
-0.004168964
-0.0038938649
-0.0038776223
-0.0044411692
-0.0041738317
-0.0039876544
-0.003263135
-0.0023304089
-0.0019449374
-0.0025707727
-0.0018684715
-0.0022090711
-0.0018376001
-0.0019797879
-0.0016562146
-0.00073821623
-0.0022774482
-0.0034560609
-0.0022412215
-0.0013197685
-0.0024597181
0.0017861922
0.00045867326
-0.0015916113
-0.002464492
-0.0018384099
-0.00084546797
0.0014025091
-0.0048719867
-0.0011598977
-0.002532479
-0.0028013133
-0.0042115983
-0.0018549236
-0.0025278654
-0.0040926156
-0.0029952283
-0.0044256816
-0.0038030529
-0.0044216289
-0.0027016465
-0.0041248292
5.4464665e-05
-0.0037879292
-0.0035512846
-0.00069766064
-0.0006469328
-0.0018707742
-0.00055825673
-0.00092156174
-0.0012571921
-0.0015826709
-0.0011604952
-0.0026769784
-0.0031544117
-0.0034153397
-0.0036811024
-0.0038307476
-0.0038715971
-0.0044359494
-0.0040340425
-0.0040505531
-0.0041601239
-0.0048481171
-0.0050832435
-0.0057426902
-0.0052565991
-0.0027654296
-0.0025160559
-0.0041432035
-0.0040049613
-0.0049576934
-0.0033005095
-0.0024356202
-0.0025625036
-0.0040475463
-0.00034378976
-0.0031592406
-0.0044780879
-0.0040847108
-0.001648211
-0.0036133805
-0.0044188944
-0.004424166
-0.0043827882
-0.0039180089
-0.0025711739
-0.0034113905
-0.0024354901
-0.0040432184
-0.0028461784
-0.0037380647
-0.0020276817
-0.0035561556
-0.0020649449
-0.0025708991
-0.0047929966
-0.00035642032
-0.00062450682
-0.0012404476
-0.00097275231
-0.003560957
-0.0040556457
-0.0044733968
-0.00419353
-0.004286475
-0.0037493964
-0.004719917
-0.004963645
-0.0034775984
-0.0026892157
-0.0034821287
-0.0023777895
-0.0021100422
-0.0046210841
0.00016693184
-0.00040426353
-0.00069484246
-0.0010237704
-0.0010279233
-0.0014692727
-0.0012462232
-0.0012999221
-0.00093670663
-0.00049483741
-0.00089045202
-0.0015357577
-0.00012387945
-0.0011841973
-0.0012138708
-0.0014775601
0.00018192694
-0.00055423941
-0.0015497949
-0.0010070245
-0.00087986128
-0.00013019893
-7.8288569e-05
-0.0017799906
0.0007463901
-0.0027765837
-3.2946705e-05
-7.975875e-05
-0.0033486088
-0.0034759576
-0.0042189178
-0.004634077
-0.0045767257
-0.0042896786
-0.00051907574
-0.0027008159
-0.0017769717
-0.0036225399
-0.0005392105
0.00037824578
-0.0010899128
-0.0011855355
-0.0011246593
-0.0013191795
-0.0010879956
-0.00089824984
-0.0023673385
-0.00084698604
-0.0038988079
-0.0041230573
-0.0046004348
-0.0040930276
-0.0020142054
0.00030905954
-0.0048537739
-0.0037754818
-0.0031821232
-0.0018664116
-0.0022110946
-0.0023294876
-0.00035298011
-0.0024518368
-0.0021656307
-0.002111781
-0.001321359
-0.0042772386
-0.0035921078
-0.0013389081
-0.0006674713
0.00057421417
0.00076056515
-0.0038414986
-0.0032047097
-0.0045620021
-0.0059308676
-0.0047427007
-0.0044914816
-0.004318225
-0.0020217372
-0.0045925913
-0.0048089892
-0.0038631709
-0.0023548486
-0.0021533897
-0.0012856076
-0.00032462607
0.00035502718
-0.00017908305
0.00092483907
0.00050970027
0.00084302197
-9.8030465e-05
-0.00021678178
0.0015534952
-0.00090625488
-0.0005217311
-0.00050674637
-0.0030559992
-0.0031237774
-0.0036213198
-0.0043213613
-0.0045333245
-0.0048869431
-0.0054288792
-0.0045154091
-0.0050885585
-0.0067314463
-0.00049752664
-0.003777353
-0.0044873267
-0.004722713
-0.0045716797
-0.0046344677
-0.0039876211
-0.0017370527
-0.004543202
-0.0043882222
-0.004890544
-0.0026868657
-0.0059622769
-0.004201733
-0.0042770941
-0.0056986545
-0.0044542487
0.0057249183
-0.0044615472
-0.001221742
-0.0037525266
0.0032151138
-0.0032000468
-0.0028182176
-0.0029225457
-0.0027166262
-0.0028795781
-0.0033258614
-0.0053478023
-0.0056495115
-0.004710847
-0.0049528487
-0.0037533806
-0.0059121767
-0.0034623701
-0.0043463458
0.00065633115
0.0041907245
-0.0022241129
-0.0012924426
-0.0011511683
0.00086808961
0.0010703945
-0.0034374324
-0.0059944459
-0.0065903042
-0.0027936609
-0.003056297
-0.00082826855
0.0015078982
-0.0032048415
-0.0071428156
-0.0048688489
-0.0064938754
-0.0049231397
-0.005213179
-0.0048218615
-0.0050409881
-0.0042961272
-0.0069384994
-0.0044947738
-0.0037983452
-0.0044581549
-0.0048593992
-0.0030168725
-7.1184218e-05
-0.0043079963
0.0012632873
-0.0017640969
-0.0012373774
-0.0031211183
-0.0039639262
-0.0028048941
-0.0035986014
-0.0040318099
-0.0041030786
-0.0053211861
-0.0060340611
-0.0046376992
-0.0050052133
-0.0050695249
-0.0056590532
-0.0058861821
-0.0029379809
-0.005337503
-0.003900015
-0.0061268249
-0.0072286028
-0.0064119816
-0.0034338753
-0.0048331803
-0.0042246342
-0.0021100174
-0.0039378698
-0.0062705386
-0.0060454949
-0.0062281709
-0.004911694
-0.003439168
-0.0026118639
-0.0065322912
-0.0060948833
-0.0069685189
-0.0055208775
-0.0070130945
-0.0064559935
-0.0065844554
-0.0061052408
-0.0070456837
-0.0070369082
-0.004348288
-0.0053841473
-0.0039606732
-0.002509002
-0.0049944445
-0.0034444209
-0.0041462222
-0.005913602
0.0020573082
-0.0029832914
-0.0040068851
-0.0068326299
-0.0047949667
-0.002921872
-0.0066751547
-0.0066704304
-0.0056430549
-0.0073532936
-0.0064761652
-0.0067281053
-0.0063703174
-0.0062295537
-0.0069892298
-0.00615685
-0.0062194666
-0.0062176009
-0.0068132516
-0.0071595451
-0.0043149954
-0.0047640143
-0.0059807783
-0.0061689342
-0.0052125279
-0.0062657234
-0.0085900578
-0.0069990826
-0.0063638907
-0.005964514
-0.007492848
-0.0070974895
-0.0065142318
-0.0071335297
-0.0036486119
-0.0059903612
-0.0065831542
-0.0078521431
-0.0062745959
-0.0078187517
-0.0069547449
-0.0072911417
-0.0086588476
-0.0073972312
-0.008017065
-0.007529939
-0.003864202
-0.008161857
-0.0086186517
-0.010991208
-0.0057870036
-0.008397681
-0.0067621354
-0.0022113022
-0.0061284052
-0.0038206047
0.0040412972
-0.00025698084
-0.002619384
-0.0057680631
-0.0067121411
-0.0075630821
-0.0072629227
-0.0070094835
-0.0054878627
-0.0044997741
-0.0012620415
-0.0016873339
-0.0060565248
-0.0036869765
-0.00086737104
-0.0027013085
-0.0038522937
0.0046614565
-0.00088345285
-0.0011279731
-0.0015728857
-0.0068813305
-0.0067887012
-0.0070296315
-0.0072927355
-0.0074115278
-0.0058685566
-0.0065448013
-0.0066717325
-0.0053707372
-0.0035966816
-0.0053052771
-0.0069251111
-0.0063825059
-0.0029933752
-0.006996383
-0.0056304409
-0.0038431136
-0.0035973944
-0.0042706653
-0.0031138386
-0.0042291962
-0.0026024568
-0.0015187796
0.0046855689
-0.0017911964
-0.010566491
-0.0061938817
-0.0061547408
-0.006098245
-0.0084893769
-0.0072490736
-0.0060728343
-0.012114487
-0.0061205603
-0.0056680183
-0.0052993867
-0.0070009847
-0.0077361654
0.002789138
-0.012044126
-0.0065218976
-0.0055029642
-0.0055511267
-0.005926236
-0.0063842345
-0.0084543401
-0.005724938
-0.0057356857
-0.0047882784
-0.0058521911
-0.0059478158
-0.0058266594
-0.0055864152
-0.0053707786
-0.0053162668
-0.005741818
-0.0053015423
-0.0052904418
-0.0057090352
-0.005045915
-0.0053283723
-0.0047371787
-0.0045969409
-0.006348354
-0.0058319321
-0.0058042672
-0.0076349786
-0.0083010274
-0.0054624434
-0.0054217951
-0.0051920026
-0.0053965296
-0.0043381771
-0.0039935059
-0.0061320195
-0.0064139865
-0.0053960653
-0.0062062288
-0.0086411611
-0.0080423846
-0.0081926167
-0.0077314913
-0.0091367146
-0.0077802533
-0.004146295
-0.0040182818
-0.0028151401
-0.0040276517
-0.0047807194
-0.0052894141
-0.0065014879
-0.0066517435
-0.011633393
-0.0090822792
-0.0079521999
-0.0079259926
-0.0038247251
-0.004957692
-0.0038147984
-0.0042125462
-0.0052042224
-0.0062329669
-0.0047864164
-0.0097718388
-0.0079134581
-0.0096582615
-0.0040577088
-0.0058032367
-0.0040098485
-0.0043566434
-0.0070176927
-0.0080979714
-0.0087390493
-0.0089771243
-0.010718864
-0.010744228
-0.0048646705
-0.0042568335
-0.0053202228
-0.0055720107
-0.0060500487
-0.0072391783
-0.0060585272
-0.010371993
-0.0092705454
-0.0097884673
-0.0038221832
-0.0041132228
-0.0039281915
-0.0057999084
-0.0058912788
-0.005025566
-0.0050699751
-0.0051665119
-0.0052628603
-0.0054907444
-0.0042926711
-0.0035667254
-0.0031518994
-0.0047624658
0.00080621602
-0.0073838367
-0.003148587
-0.0036498851
-0.0041643538
-0.0067686772
-0.012651569
-0.0057857103
-0.0032826837
-0.0092678282
-0.012573656
-0.0054514883
-0.0020422038
-0.0082781884
-0.00042341996
-0.0051194073
-0.0085205056
-0.0092926203
-0.0099926964
-0.010476414
-0.010446786
-0.008953798
-0.0048555771
-0.0045211252
-0.0044758933
-0.0039877251
-0.0029796253
-0.0026013713
-0.0041223797
-0.0039941103
-0.0034856155
-0.0042424657
-0.0029341718
-0.0043680062
-0.0023025241
-0.0036024184
-0.0047792732
-0.0048322058
-0.0054163151
-0.0057021887
-0.0046611268
-0.006364129
-0.01259618
-0.0062446954
-0.0066664265
-0.0070453482
-0.0068736468
-0.0060058619
-0.012044613
-0.0098200645
-0.010019977
-0.0092515232
-0.0051582472
-0.0051541152
-0.0029146295
0.0001774181
-0.0018004641
-0.0063769902
-0.0049855451
-0.0069493235
-0.0041838076
-0.0068821156
-0.009889186
-0.011302407
-0.010329146
-0.011026243
-0.011160648
-0.0098844686
-0.012006832
-0.01113626
-0.014006583
-0.0042776919
-0.011691741
-0.0032580676
-0.01421449
-0.011131758
-0.010682168
-0.0098846941
-0.011281826
-0.011985938
-0.0045305443
-0.0070087379
-0.0026418854
-0.0047749179
-0.011785273
-0.012829696
-0.01100897
-0.0029574353
-0.0039696106
-0.0042090211
-0.0065068322
-0.0058503143
-0.003186829
-0.0062108405
-0.0014984751
-0.00018477106
-0.0018712841
-0.0012721992
-0.0077639144
-0.0095311094
-0.011066098
-0.012484713
-0.0084966203
-0.010509759
-0.012695948
-0.012420375
-0.011743846
-0.011999282
-0.012809352
-0.014554519
-0.015886517
-0.0023014775
-0.013224434
-0.011953719
-0.013838191
-0.0078891181
-0.0074270732
-0.019859709
-0.0036051843
-0.013373663
-0.014696602
-0.013643846
-0.003132107
-0.014951529
-0.0092729973
0.00086239459
-0.0059543195
-0.0080844502
-0.0068255058
-0.0079777132
-0.0076190302
-0.012212088
-0.013216004
-0.013664082
-0.013168329
-0.013721144
-0.013016647
-0.014473548
-0.00084633383
0.0050183738
-0.012135269
-0.014805187
-0.016294787
-0.015215756
-0.0012167296
-0.011310047
-0.010034654
-0.0032612134
-0.0063886661
-0.0085007755
-0.0072075571
0.0021099949
-0.0097545984
-0.01317281
0.0017522166
0.0048055026
-0.012051027
0.00025055336
-0.0080408579
0.0037703591
0.006418505
-0.002409702
-0.0073506805
0.0028242886
0.0012625822
-0.0028273219
-0.0028726835
-0.0022367837
-0.0024275133
-0.0013076547
0.00072252763
-0.0024705962
0.00080082545
-0.0033633913
0.0016953093
-0.0079933888
-0.0080501936
0.0069546534
0.0010077913
-0.020665034
-0.0030939176
-0.0043355278
-0.0073702288
-0.0046389341
-0.0073743596
-0.0022284379
-0.0094267049
-0.005998259
-0.0085328948
-0.015032152
-0.01435898
-0.0082517989
-0.010292784
-0.012101974
-0.012682182
-0.0089058167
-0.0074295817
0.0013256511
-0.0028276665
0.0009317289
-0.0085896282
-0.010465775
-0.011414516
0.00062529681
0.00017804394
0.0047112373
-0.013724262
0.0026916881
0.0010413572
0.0016167968
-0.0072793618
-0.0020067715
0.0025640676
-0.0047531255
-0.0041358584
-0.0005693947
-0.00091985808
-0.0048676542
-0.0058600263
-0.0016659408
-0.0024350021
-0.0018522441
-0.0023862226
-0.0033760449
-0.0019344973
-0.0036292905
-0.0023834555
-0.0022294348
-0.0022773388
-0.00178472
-0.0018945719
-5.9196466e-05
0.00088416841
-0.0023955691
-0.0025534677
-0.0019596914
-0.0024991986
-0.0034895417
-0.0033140681
-0.0039913097
-0.0044821184
-0.0029841859
-0.0082665824
-0.0019046334
-0.0020685177
-0.0023792666
-0.0041282972
-0.0044788024
-0.0043309307
-0.0044783568
0.0034692255
0.0034486434
-0.0011177899
-5.8967205e-05
0.00028211116
-0.0013197088
0.0023620534
0.0061444665
-7.2075712e-05
0.0037607479
-0.0018854385
-0.001683615
-0.0018419572
-0.0054645314
-0.00047353454
-0.00013987428
0.0046538494
0.0009511957
0.0026673726
-0.00020210178
0.0041356946
0.005276089
0.0003192276
0.0037308728
0.0031418704
0.0026454889
0.0014283905
0.0049557606
-0.00068969115
0.0010450203
0.0034851389
0.0018481648
0.0033051346
-0.00064886149
0.0049190046
0.0051669805
0.0029816248
0.0051298144
0.0026970946
0.002959911
0.005702456
0.0092096974
0.001384593
0.0027003255
0.0016473317
0.0039016892
0.0049023747
0.0056135244
0.0052354962
0.0062560253
0.0069446764
0.0036757112
0.0070090225
0.0051562887
0.0065074744
0.0039954876
0.0064875061
0.00462755
0.0063304281
0.010170233
-0.00010753879
0.0067896569
0.003524164
0.006399393
0.0062549491
0.0080542402
-0.001523392
-0.001462066
-0.0017036219
-0.0017628
-0.0095944574
-0.004803069
-0.0032339906
0.0027068673
0.0031181697
0.0014734271
0.0013531156
0.0036102145
0.0027225384
-0.003624001
-0.0035797657
-0.00048302815
-0.0031744176
0.002392039
0.00072149816
-0.0012793829
0.0028973214
-0.002547912
-0.0011088777
-0.0043598326
0.0046360018
-0.0047969116
-0.0029103949
-0.004069821
-0.0007823697
-0.0012565102
-0.0045493608
-0.0043628356
-0.0039600991
-0.0041355714
-0.0039226653
-0.0034214141
-0.0032544033
-0.004492243
-0.0050408533
-0.0045552989
-0.0041548575
-0.003656398
-0.0032687704
-0.0039683915
-0.0040659176
-0.0047502208
-0.0044540089
-0.0030530594
-0.004197074
-0.002828625
-0.0039152555
-0.0013525966
-0.0047107963
-0.0028934795
-0.004285036
-0.0030309366
-0.0037074083
-0.0036690659
-0.0019533873
-0.0029805231
-0.0026608022
-0.0030747786
-0.0019257096
-0.002222923
-0.0039200758
-0.0037000499
-0.0038474077
-0.0034007952
-0.0050535569
-0.0049821875
-0.004524577
-0.0045758402
-0.0020668119
-0.0024817049
-0.003460688
-0.0047292362
-0.0040025339
-0.0047656568
-0.0045855843
-0.0030665182
-0.0032212493
-0.0023519908
0.00046853664
-0.0054564666
0.0009351418
-0.003861843
0.00019455829
-0.003209098
-0.0016467608
-0.0029843383
-0.003830444
-0.003835805
-0.0022122269
-0.0037299854
7.9815308e-05
0.0010051015
-0.0023065931
-0.0036260386
-0.0035361251
-0.0035240447
-0.0028167665
0.00048584937
-0.001366659
0.00059754287
-0.002463392
-0.0042685416
-0.00014869776
-0.0026141774
-0.0023708575
-0.00016328959
-0.0035644443
-0.00198895
-0.0027047948
-0.0031150446
-0.0036750525
-0.0026639674
-0.0022535782
-0.0015256928
-0.0060257486
-0.0025767605
0.0056649431
0.0010436241
-0.00414658
0.0013384873
-0.0036424632
0.0014832994
-0.0023881215
-0.0002153419
-0.0027186946
-0.0023559108
-0.0040775757
-0.001359168
-0.0027082614
-0.00097456021
0.0003713733
-0.0040861982
-0.0042777967
0.00081408822
0.0021307225
-0.0025590009
-0.0020508412
-0.0025510423
-0.0022935947
-0.0041592157
-0.0039559801
-0.0039230187
-0.0041200454
-0.0013322005
-0.0019891862
-0.00095031193
-0.0019876336
-0.0013477241
-0.0012958857
-0.0042775697
-0.0038530101
-0.0018299238
-0.0023130174
-0.0021888646
-0.0011367738
-0.0027044554
-0.003021003
-0.00090224664
0.00022495812
0.0018294387
0.0051378039
-0.0040336102
-0.0011398518
-0.0011370073
-0.0015744439
-0.00064566692
-0.0011731773
-0.0019660936
0.00090850709
0.0002604478
0.00056500467
-4.4073627e-05
0.00026830364
-0.0024856286
-0.0014807643
-0.0016324033
-0.0027932312
-0.0027965547
-0.0037395705
-0.0036467343
-0.0044326642
-0.0046883274
-0.0054024737
-0.005959719
-0.00046583541
-0.0025171768
-0.0020360022
-0.0024196243
-0.0061081704
-0.0057757089
-0.0078975635
-0.0055892527
-0.0076844032
-0.0078712102
-1.3958532e-06
-0.0016422542
0.0028748272
0.004405322
0.0047408811
-0.0024126738
-0.010793835
-0.0065741352
-0.0076561501
-0.0089812081
-0.009937482
-0.0082695799
-0.0097275551
-0.0080435433
-0.0038041813
-0.0035864564
-0.0032529738
-0.0039329516
-0.0028912912
-0.0043350158
-0.0023297831
-0.0032717888
-0.0015538172
-0.0026190993
-0.0023492862
-0.0026219391
-0.0018260253
-0.003595475
-0.0030504881
-0.0023180924
-0.0026923744
-0.0030342507
-0.0016395822
-0.0043478806
-0.00053313114
-0.0030726627
-0.00065183941
0.0030863379
-0.0023501321
-0.0025750663
-0.00095933545
0.00040150715
-0.0019323437
-0.003274038
0.00025787146
-0.0025515293
-0.0036451706
-0.0035680585
-0.0019161867
-0.0022629847
-0.0083699882
-0.0036838876
-0.0026368573
-0.0076074748
-0.0082939931
-0.0057286426
-0.0025647379
-0.00090542409
-0.0018412039
0.0019495389
-0.0009922977
-0.0022875232
-0.0030919524
-0.0039332107
-0.0038586192
-0.0042651781
-0.0036818371
-0.00495942
-0.004434692
-0.0038098391
-0.0040858369
-0.0045401026
-0.002634723
-0.0034323063
-0.0055216564
-0.00532203
-0.013754914
-0.014933949
-0.015678663
0.00092535259
0.00095982368
0.00099312134
-0.0021476488
0.0026803195
-0.0037671972
-0.00051225319
0.002052333
-0.0047914294
-0.00011119988
-0.0052093072
0.0010938571
0.003459284
-0.0060205842
-0.0022760658
-0.0011956464
-0.0031592185
0.00015239117
-0.0083904749
-0.0016048784
-0.0010960561
-0.0026186683
-0.0013474717
5.1616631e-05
-0.0012713828
-0.0024909056
-0.0022406989
-0.010166047
-0.0065211854
0.0037827576
0.0027588881
-0.0065166066
0.00088986866
-0.0086277119
-0.0069217126
0.0013516867
0.0026743191
0.0029058624
0.0020667717
0.0033939251
0.0018026554
0.0020504724
0.00037786063
0.0039070931
0.0014370331
0.0024099229
0.0041097314
0.0039485616
0.0038669784
0.0034743816
0.0037407546
0.0071761362
0.0067210747
0.0065439974
0.0058608687
0.0094304131
-0.0021897065
-0.0037376578
-0.00035458093
-0.00042872361
-0.0023375998
-0.00071032798
0.00086198024
-0.0015590574
-0.00026808156
-0.0029957361
0.0012923038
-0.0029657826
-0.0034463009
-0.0023281343
-0.0034607925
-0.0027598892
-0.0048068364
-0.0028833226
-0.0031938919
-0.0044251558
-0.0053938721
-0.0049563555
-0.0043660369
-0.00090611115
-0.0034537864
-0.0030103952
0.0019365555
0.001651869
-0.00081229327
0.0021341151
-0.0021816699
0.00064803964
-0.0028879675
-0.0016115805
-0.0043136086
-0.0042514991
-0.0036951089
-0.0047569624
-0.0030725932
-0.0042209058
-0.0036252514
-0.0034566367
-0.0028107967
-0.0028326508
-0.0029152191
-0.0035582749
-0.0041007165
-0.0038509314
-0.0043631329
-0.0038770522
-0.0027981059
-0.0031400685
-0.0033472074
-0.0034981954
-0.0031269261
-0.003080643
-0.002267945
-0.0026030955
-0.003881896
-0.0025746606
-0.0032645021
-0.0025864979
-0.002920333
-0.0020107383
-0.0017600382
-0.0013710799
0.00062588833
-0.0026476558
-0.0011294777
-0.0023218528
-0.0017927186
-0.0024413557
-0.0040327274
-0.0017437267
-0.0021159496
-0.0020582015
-0.00050024975
-0.00083703198
-0.00076380911
-0.0023970312
-0.0017151873
-0.0028334727
-0.0040236234
-0.0029148186
-0.0026422575
-0.00011426673
-0.0019147959
0.00033018625
-0.00029625569
-0.0080703391
-0.0044612076
-0.0053692892
-0.0049520826
-0.0049742619
-0.0045231655
-0.0056391472
-0.0039997004
-0.0034717465
-0.0018371286
-0.0026348527
-0.0034012439
-0.0044291192
0.0010828831
-0.0022467387
-0.0037523244
-0.0037544521
-0.0012526564
-0.0014155838
-0.001696725
-0.0018005196
-0.00047916111
-0.0013594264
0.0005996295
0.0013145459
-0.00062804216
-0.00073063632
0.00022855279
-0.0012682218
-0.00052257289
-0.0040829847
-0.0012560218
-0.0011274328
-0.0034254522
-0.001462047
-0.0021804327
-0.00013099863
0.00054665224
-0.0024228557
-0.00055681547
-0.0028622257
-0.001839177
-0.0013996907
-0.0011568241
-0.002800125
-2.673508e-05
-0.0028821515
-0.0030772362
-0.0013770115
-0.0028603839
-0.0032849908
-0.0036781512
-0.0043296552
0.00094124737
-0.0018241272
-0.00074119185
-0.0015502119
-0.0018819514
-0.0016760712
-0.0026861709
-0.0023929241
8.7711844e-05
-0.0010302801
-0.0013239072
0.00090164452
0.00043110771
0.0012193889
-0.0016671947
0.00023962896
-0.0023995288
-0.0018975457
-0.00032772402
0.0020171097
-0.0034556154
-0.0014842758
0.0029887529
0.0033879048
-0.00046032616
0.0018625295
0.001517002
0.0024864995
0.0038880546
0.003606014
0.0026148591
0.0027155288
0.0016547396
0.0019176404
0.0014042747
0.00046958324
0.0016766551
0.00059282591
0.0011867596
0.0061775445
0.002609304
0.0023831078
0.0014722439
0.0081968829
0.0024051278
0.0046362443
0.0069880935
0.0044692263
0.0041978698
0.0043557072
0.0051282671
0.0044106894
0.0024143014
0.0023574676
0.00020748153
0.00048023921
0.0027782567
0.0034283563
0.0043460695
0.0042625185
0.0014239498
0.0012294397
0.00095242687
0.00086142363
-0.0011838136
-0.00069852258
-0.0010525754
0.0031166202
0.005189145
0.0047756996
0.0054005227
0.0059738639
0.0050225737
0.0035229888
0.005855197
0.0037331434
0.0036411587
0.0032875532
0.0054829529
0.0062511848
0.0047929484
0.0054243645
0.0071847789
0.0064198581
-0.0018822389
-0.0033422742
-0.0025814005
-0.0011281714
-0.0017658776
-0.0020018502
0.00022159122
0.0027045412
0.0050181486
0.0036268122
0.0027157022
0.00091773491
0.0019657801
0.0039770334
0.0023252243
0.0078698983
-0.0027573838
-0.002604253
-0.002280588
-0.0021449603
-0.00044216937
-0.00078985542
0.0014502227
0.0039916414
0.0057345083
0.0041941896
0.0030544148
0.0027819225
0.0035676421
0.0029552229
0.002465003
0.0033872144
-0.0034342104
-0.0043768361
-0.0049713718
0.0010097388
-0.0028083278
-0.0027475185
0.0023154003
0.0039311063
0.0030114834
0.0032412986
0.0027335825
0.0016506564
0.0023872841
0.0027684312
0.0010886624
0.0018219614
-0.0031444369
-0.00034770024
-0.0019768229
0.008560629
0.00127484
0.00096794792
-0.0039637027
-0.0039507324
0.0014479386
0.0080287748
-7.0190725e-06
0.00046614813
-0.0031291499
-0.0023335249
-0.0041664581
-0.0031027917
-0.0031716234
0.00088380644
0.0043670707
0.0004288529
0.0052539061
0.0074822074
-0.0022538808
-0.0030080939
0.0030259555
-0.004740841
-0.0006267922
0.0028763068
0.00050071045
0.0009574845
-0.001736212
0.0015004409
0.00049145856
0.0021397758
-0.0015051142
0.0011381301
0.0028045062
-0.0019849779
-0.0026768464
-0.0014747093
-0.0047291339
-0.00299533
0.0014412689
9.2278158e-05
-0.0053878498
-0.0017865354
0.0027039878
-0.00094205745
-0.00086759155
0.0041709239
-0.0022318463
-0.0018173672
-0.002574172
-0.0022519367
-0.0085057712
-0.0085580878
-0.0079285121
0.0001836665
-0.0028927456
-0.0056327983
-0.003237486
-0.0043182328
-0.0029778999
-0.015548686
-0.016421743
0.0055932504
0.00037483755
0.0035972566
0.0025159486
0.0050541319
0.0014675455
-0.014000953
0.0012612498
0.0017969029
-0.0011869425
-0.0021950598
0.00095246959
-0.01876527
-0.00057089444
-0.021846015
0.0015859753
-0.00036940865
-0.00080618768
0.00074419419
0.0024726953
-0.0015738573
0.0021428204
-0.00061862673
0.0010912459
0.0026977482
0.00021779165
-0.0027128403
0.0043910678
-0.0009104752
0.0036054314
0.0032289281
0.0086015732
-0.0037213356
-0.001057936
0.0019278226
0.0010132361
0.0073000492
0.00028895252
0.001459303
0.0029859065
0.0068268743
0.0040602142
-0.01032615
-0.012095089
0.0036829118
-0.0012323914
0.0041806188
0.00091970172
-0.0073585233
-0.010670999
0.0035275122
-0.00056266726
0.001694059
-0.0012931026
0.00058178481
-0.0012821534
-0.005440821
-0.00018587676
0.0076484405
0.0079186421
0.0085239371
0.011515148
0.0072665132
0.0054966549
0.0041233838
0.012601481
0.0072217824
0.0067226869
0.0067328607
0.0069995762
0.0098570077
0.0097680588
0.009015377
0.013260261
0.009055386
0.009710804
0.0069879495
0.0086720503
0.0074206084
0.0040771912
0.0087595208
0.010467864
0.0056703532
0.0018464513
0.011299377
0.010431376
-0.0020774734
0.0015175705
0.00047996201
9.6879208e-05
0.0006776505
-1.8761264e-05
0.00011323035
5.9359191e-05
-1.9028087e-06
0.00036964842
-0.0001809758
-0.0045472609
-0.0048563813
-0.0036339797
-0.0029373496
-0.0035666386
-0.0020389858
-0.0036693461
-0.0021947691
-0.0041676275
-0.0035540061
-0.0013407019
-0.0019007144
-0.003659817
-0.001584971
-0.00084577175
0.0018057933
0.00021302218
-0.00075962634
-0.0025904923
-0.0040072597
-0.0041434843
-0.0040993417
-0.004338139
-0.0049753253
-0.0039174898
-0.003558294
-0.0041220137
-0.0033785811
-0.00382097
-0.0017366471
-0.0021034667
-0.0033290341
-0.0039395458
-0.0021755078
-0.0037535215
0.00078215598
-0.0033694266
0.0054507986
-0.0011894472
-0.0017935529
-0.0035759223
0.0028282367
-0.005132108
-0.0048583016
-0.0045118884
-0.0045536512
-0.0044122657
-0.0041364847
-0.0035034033
-0.0039834596
-0.0028541871
-0.0027940809
-0.0037119215
-0.0035537623
-0.0039434076
-0.0043629158
-0.001856191
-0.0020278106
-0.0047384604
-0.003462316
-0.0050976985
-0.0032136749
-0.0032528601
-0.00395843
-0.0024747528
-0.0028671777
-0.0038644583
-0.0027530534
-0.0026922866
-0.0018164848
-0.001659985
-0.0029286861
-0.0025039803
5.4038682e-05
-0.0026607833
-0.0025976663
0.0019809602
-0.001020624
0.0010422426
-0.00048766356
-0.0021095651
-0.0020324142
-0.0028374155
-0.0047648846
-0.0036381054
-0.0036125308
-0.0004477419
-0.00045788886
-4.750778e-05
-0.00032455722
0.00062109157
0.00055067992
-0.00051843199
-0.0010599742
-0.0012715967
-0.0012884445
-0.0024600056
-0.0031744555
0.0052196139
0.0066596751
0.0040158639
0.0046187379
0.005373228
0.0059465776
0.0052566806
0.0073450515
0.0060247117
0.0066801022
0.0012386961
0.0008914354
0.0014908661
0.0021323087
0.0028446714
0.0015304947
8.851138e-05
0.0013413754
0.0012290397
0.0016720175
0.00058026378
0.00064949018
0.00033036327
0.00023981241
0.0018145425
0.0077447752
-0.0054811318
0.005016972
-0.0020756262
3.6688941e-05
0.00034177796
-0.0025413011
0.0019600582
0.0030669266
-0.0064681979
-0.00030579252
-0.0014509352
-0.0041872661
-0.0042871964
-0.0042823939
0.0027972021
0.0060590782
-0.015742797
-0.011193219
-0.011807193
-0.0088493242
-0.012340681
-0.01092418
-0.0088801571
-0.0056060188
-0.012421062
-0.010042553
-0.01293764
-0.014259477
0.00069031072
-0.0095982539
-0.014812739
-0.015042953
-0.014224437
-0.013677234
-0.012665484
0.00051240284
-0.012468206
-0.014757594
-0.013004335
-0.013697699
-0.012901432
-0.014095092
-0.010207841
-0.0077792599
-0.0047195873
0.0071871685
-0.012134084
-0.0099936156
-0.012309483
-0.008651903
-0.013734455
-0.0084673181
-0.014759614
-0.00053509167
-0.0060755182
0.0018042075
-0.013357089
0.00050678271
-0.011366052
-0.0012251608
-0.014013635
-0.013468433
0.0022620843
0.0013798668
-0.0015747017
-0.008085457
0.002046922
-0.0011377971
-0.0079974078
0.0013667403
-0.0079413206
-0.010841061
-0.010304392
-0.011345943
-0.011185251
-0.010415635
-0.0054393436
-0.011808857
-0.0015550392
-0.0099583862
-9.0263573e-05
-0.0080701979
0.00013774885
-0.0014863168
0.0006875845
-0.0018852884
-0.0066185074
0.00065837707
-0.0060082985
-0.0054168453
-0.00011360698
-0.0060093718
-0.0052170027
-0.00096631135
0.0071272858
0.00077266014
-0.0061404281
-0.0010623828
0.0024950507
0.0095009876
0.00023439078
-0.0014038606
-0.00035695804
0.0024267964
-0.0063302717
0.0009666861
-0.0042266884
0.0026909081
-0.0071450381
-0.0065118358
0.007607759
-0.0016547847
-0.0081875742
-0.00020292917
4.1420979e-05
-0.0031071586
-0.0097357915
-0.0030582886
-0.00039288893
-0.0038292403
-0.00058593272
-0.0028381966
-0.0015257385
-0.004925609
-0.00060904387
-0.0034479267
-0.009178255
-0.00081773662
-0.010018578
-0.0076283487
-0.003529317
-0.0066303725
-0.0064245057
-0.006259573
-0.00037137957
-0.00076545237
-0.0061883721
-0.009883679
-0.0016702178
-0.0061597259
-2.9455604e-05
-0.0023748322
-0.00050503738
-0.0037657852
-0.0019807952
-0.00013368361
-0.00026484865
0.002865587
0.00039614853
-0.0007063192
0.0020898474
0.0028352398
0.0036929279
-0.0040692001
0.0016930364
-0.0013854406
3.3509436e-05
0.0023949881
0.0020097784
-0.0048218472
-0.0079081228
-3.6296115e-05
-0.011663579
0.013396388
0.0094566328
0.0035263153
0.00089048367
0.0016607269
0.00085161673
3.3879767e-05
-0.002053377
-0.0037865248
-0.0032957825
-0.0056391848
-0.0031260036
-0.0014955806
0.0021800012
-0.0033763137
0.00095949211
0.001059146
0.00075892038
-0.0015067001
0.0057857662
0.0064134302
0.0091962708
0.0072954508
0.0018481055
0.0011768567
0.001935787
0.00069735938
-0.0016219341
-0.00030190175
-0.0032674963
-0.00049917657
-0.00081022604
-0.0015458552
-0.0014913154
-0.0022389696
-0.0028323221
-0.0016204066
-0.0029589063
-5.6239727e-05
-0.0025512659
-0.0027939148
-0.0021998647
-0.0020564109
0.0078079622
0.00074656594
-0.0018132723
-0.00063603652
1.5299466e-05
-8.4470898e-06
-0.0004461772
-0.0008552009
-0.0028641652
0.00013803958
-0.00051035164
0.00020446087
0.00092974301
0.00026114016
0.00065584641
0.0011946324
-0.00016988831
0.00030433638
0.0023958999
0.0010395053
-0.0018105431
-0.0010321024
0.0020022675
0.00077358935
-0.0010105662
0.0010682872
0.00015797335
0.00078216621
0.0013761384
0.0029118007
-2.0393655e-05
0.0011580604
-0.00085923494
0.0018916356
0.00086886181
0.00049434099
0.00070337914
-0.00076191333
0.018879061
0.0057937849
-0.00032870424
0.0030623936
0.00384863
0.011073584
0.00084147417
0.0027222949
-0.00082963006
-0.0015084891
-0.001820352
-0.0022088811
-0.0027616108
-0.0014632282
-0.001308631
-0.001896685
-0.0015931717
-0.0016848339
-0.0015853082
-0.0020065373
-0.0026667119
0.00078999982
-0.0010515412
-0.002860324
0.0019058715
-0.0019775188
-0.0026680319
-0.0011100571
7.9052935e-05
-0.0010954119
0.00053244416
-0.0042789364
-0.0023365705
-0.00097754004
0.0024548908
0.0027184439
0.0015969695
-0.016905241
-0.015577095
-0.01468372
-0.015568732
-0.013095236
-0.013303993
-0.015706263
-0.015565958
-0.016878914
-0.012290588
-0.015163602
-0.01517779
-0.014744122
-0.016461127
-0.018418837
-0.012440145
-0.017337617
-0.011270127
-0.0087549779
-0.0094452346
-0.011103348
-0.0095214026
-0.0092641449
-0.0093015088
-0.0079368604
-0.0088322529
-0.0097599915
-0.010592706
-0.0085939848
-0.010200317
-0.0056322538
-0.0054871765
-0.0079487198
-0.0082833691
-0.0088302172
-0.0099475163
-0.0087917019
-0.0093142938
-0.0085854067
-0.0086472421
-0.0087084913
-0.007206801
-0.0087104892
-0.0077970549
-0.0097836893
-0.0074394829
-0.0087069439
-0.0076672413
-0.007153934
-0.0085691873
-0.0057384308
-0.0059094185
-0.003394848
-0.00096349034
-0.0058229127
-0.0058168117
-0.0078030233
-0.0059576865
-0.0028616468
-0.0039779401
-0.0053473895
-0.00029060358
0.0023138473
-0.00064402531
-0.003168424
-0.0016215934
-0.0056801395
-0.0051238828
-0.004088847
-0.004171829
-0.0056981191
-0.0051677607
-0.0047946425
-0.0021733525
-0.0049744733
-0.0052230949
-0.011605689
-0.013513892
-0.010917094
-0.0092897385
-0.012462626
-0.010024601
-0.013087702
-0.010959793
-0.018971669
-0.012648309
-0.010839848
-0.0079149152
-0.012473115
-0.0123877
-0.014102979
-0.011924983
-0.01357819
-0.010462293
-0.014208588
-0.0087359587
-0.0067068452
-0.0096269194
-0.017178034
-0.014559156
-0.010500962
-0.0092479543
-0.013434126
-0.013984794
-0.014701014
-0.0070134992
-0.0004028809
-0.0063275332
-0.016310978
-0.015210678
-0.014911015
-0.012205958
-0.016398913
-0.01363239
-0.015415035
-0.0095267217
-0.012178253
-0.010137905
-0.017286425
-0.02644419
-0.0090058399
-0.0019594134
-0.016165772
-0.017935395
0.00079616807
0.0011459374
-0.00098761762
-0.0014508742
0.0011372236
0.00051127437
-0.00013481672
-0.0023424862
-0.0010685957
-0.0016180227
-0.00078533017
-0.0010248903
-0.0016639471
-0.0013201118
-0.0014603637
-0.0007110304
-5.3772069e-05
-0.00044870434
-0.0014750093
-0.0023880059
0.0011223685
-0.0017580365
0.0079513749
0.00062739829
0.0058713135
0.0052895635
0.0089756143
0.0032651464
0.0086320658
0.00069027686
-0.00077314653
0.0043958644
1.6517271e-05
-4.1778778e-05
-0.00025577939
0.0007390168
-2.6845834e-05
-0.00025448538
-0.00014400954
0.00036716875
0.0012863676
2.4081028e-05
0.00072447769
4.7343975e-05
0.00028214991
0.00087270899
3.5106008e-05
0.00080102665
0.0001841799
0.0017170825
0.0018238182
0.0031453709
0.0041629424
0.0020372012
0.0014891034
0.0068309915
-0.0025214615
-0.013148018
0.012123699
0.010792506
0.011918297
0.011271339
0.009872364
0.008176441
0.0039230988
0.00073574639
0.0013283398
0.0028384733
5.0165918e-05
0.00050844577
-0.0033029592
-0.0027785238
-0.0029947693
-0.0013250371
0.006487803
0.0066876811
0.0044651723
0.0096883179
0.0049963755
0.0092485968
0.0026466298
0.0045823197
0.0049773233
0.0063572774
0.0038680539
0.0041134801
-0.0026815005
-0.0029899375
-0.0036772885
-0.0026983385
0.0026258373
0.0040286878
-0.0017817223
0.00030909698
0.0017198039
0.0015882506
0.0026110948
0.011877878
-0.00097213717
-0.0014802397
-0.0021195291
-0.0026308333
-0.0018898761
-0.001418449
-0.0014682114
-0.0015438544
0.00077257045
-8.739473e-05
-0.0038149538
0.0032787419
0.0027708346
0.0040074587
-0.0008421629
0.0029470745
-0.0008641479
0.0015939435
0.0025804485
-0.0035194187
-0.0020080463
-0.014178966
-0.014467451
-0.014308739
-0.015615575
-0.016710218
-0.018143471
-0.013180226
-0.014396462
-0.010225493
-0.01060718
-0.0068296664
-0.0057189872
-0.0025544046
-0.0055154795
-0.0017370088
-0.0017876358
-0.0044336818
-0.0047246342
0.0017590891
-0.0035517287
0.0026510226
-0.00042021076
-0.0066359329
-0.012107281
-0.0093431108
-0.014530046
-0.012599379
-0.0083175041
-0.0069528715
-0.017573024
-0.017638139
-0.010150549
-0.0096195978
-0.0054787722
-0.0003687767
-0.011170823
-0.007862809
-0.011981764
-0.0062658726
-0.017577046
-0.017464225
-0.016180802
-0.018971209
-0.021181569
-0.0025402747
-0.0014003004
-0.00056274496
0.0028984024
0.0065948315
0.0072592016
0.006212305
0.00059685572
0.01015694
0.006625671
0.011833091
-0.0039248092
0.00043833215
0.0037595896
0.0043352819
0.0099564308
0.002555124
0.0042510876
-0.0019060994
3.6705212e-06
0.013705566
0.024725127
0.017379035
0.0082526304
0.0072026752
0.010121047
0.0038025137
0.0059893197
-0.0029505495
0.0018683002
0.0038827606
0.0038056605
0.0035066845
0.0076525347
0.0027528468
0.0047513113
0.0050208659
0.0084232304
0.0040299252
0.0053977074
0.0076781786
0.0064812657
0.0066356576
0.0067685738
0.0051463847
0.0064391555
0.0037213854
0.0066956173
0.0073223756
0.0094892786
0.0084885099
0.0098222891
0.010067701
0.011079478
0.0078075044
0.01052986
0.011373041
0.011051878
0.0091616231
0.0094856289
0.011016729
0.014236797
0.0090102209
0.0092668299
0.01179368
0.013049982
0.011263736
0.015248666
0.016733692
0.017714933
0.0054710581
0.018544519
0.017178509
0.015314199
0.0096479412
0.014135715
0.015758066
0.011447086
0.0081812668
0.012258241
0.012730245
0.022157208
0.016617469
0.013967945
0.018152214
0.01659595
0.013204601
0.01250204
0.025629535
0.023950489
0.015535261
0.019489692
0.014129952
0.017933202
0.022118145
0.026999061
0.0093395696
0.018035685
0.014052884
0.018460306
0.01336373
0.016396138
0.019286133
0.021241586
0.020406518
0.022121964
0.020762517
0.019667807
0.012830162
0.022897452
0.020019097
0.016456568
0.0068363291
0.0095244007
0.021481217
0.023470636
0.023878825
0.020782861
0.014914057
0.019255718
0.010516527
0.00709629
0.0022955493
0.023648172
0.02570285
0.026829452
0.015230491
0.015768104
0.0096398325
0.013134499
0.0324033
0.013265751
0.010447451
0.0015228808
0.037435361
0.017693036
0.035690684
0.016984057
0.0064658752
0.0062311497
0.022085494
0.025950356
0.0080376091
0.011095363
0.0024548753
0.028500531
0.041517107
0.020464765
0.018887689
0.022960401
0.00540614
0.036098431
0.03921952
0.032168975
0.044023099
0.025676458
0.035246072
0.027210143
0.029929716
0.013424164
0.022216824
0.0071580068
0.0038259266
0.0044078785
0.0017990516
0.0046248732
0.030006963
0.016253029
0.022488652
0.025760406
0.027754326
0.030735008
0.020027911
0.023732712
0.014313398
0.023916331
0.017348139
0.036304399
0.024590033
0.017752914
0.0056302112
0.0015797596
0.0074451608
0.030528706
0.0079726083
0.0039032404
0.013990967
0.0016215197
0.028208565
0.038190163
0.029232097
0.0025155417
0.041642118
0.023212361
0.0039053028
0.028623308
0.0034533324
0.0023482699
0.03341612
0.028504744
0.0020524575
0.002767744
-0.00074395626
0.038506394
0.044380455
0.0099356513
0.033407838
0.028644765
0.034727234
0.033692417
0.002943691
0.0030386323
0.0019840835
0.0058698714
0.0026845658
0.0028026519
0.01081278
0.006118504
0.011498799
0.032744255
0.027184235
0.026557703
0.022103709
0.03160672
0.039306569
0.019049673
0.040882488
0.0021481656
0.0020705735
0.015644532
0.033685756
0.032661632
0.028902729
0.024108899
0.024079394
0.020895845
0.019379187
0.019722118
0.017041971
0.026497881
0.031053573
0.03549255
0.044341416
0.012404093
0.017173075
0.031011072
0.030791371
0.03316389
0.036095703
0.036007285
0.016095206
0.027226739
0.0228613
0.024816153
0.02842186
0.023446495
0.044579728
0.037754058
0.045510152
0.0029073506
0.012750354
0.025055036
0.019919117
0.017206821
0.016145734
0.029408354
0.017191316
0.029269179
0.032780993
0.026895697
0.031123214
0.029341332
0.054837278
0.03328994
0.040047037
0.062463369
0.03432696
0.029006609
0.034282672
0.022689044
0.022613534
0.02632068
0.082682038
0.032596106
0.040990169
0.047580405
0.02671508
0.025452653
0.020936724
0.026613056
0.013753546
0.0223734
0.025227499
0.018883892
0.02195389
0.011740884
0.011045954
0.031596422
0.0095731687
0.010600227
0.0055779983
0.020912129
0.012326041
0.010009216
0.014708643
0.016041575
0.023695163
0.0060090611
0.03826523
0.039674475
0.043914873
0.027746971
0.045110797
0.063873221
0.025357256
0.012183934
0.036049819
0.047807715
0.035296265
0.039066378
0.048989736
0.037193106
0.045292866
0.042468503
0.046994493
0.051769926
0.055937842
0.054365841
0.037710592
0.035031411
0.019628225
0.025953344
0.027314157
0.020315269
0.053215988
0.051856665
0.088247375
0.058972514
-0.00046506468
0.0033357332
0.039844521
0.013952338
0.059494415
0.00036887573
0.069946895
0.06434233
0.052093611
0.060285691
0.019232418
0.011626134
0.0051677292
0.0088863633
-0.003618378
-0.0065729784
0.007103628
0.0021709895
0.037281894
0.020391463
0.056181435
0.069700549
0.056475734
0.062347003
0.07162496
0.083392147
-0.0050511243
0.0013623917
0.011193649
0.0041375094
0.0017789492
0.0045818651
0.00023455431
-0.0025901085
0.0002409245
-0.00013731101
-0.0041381936
-0.0029024152
-0.0019445854
-0.00033784216
-0.0020943918
0.001989195
-0.0018563533
-0.0001542585
-0.00058298937
-0.00052798833
-0.0022100233
0.0001846158
-0.0019321753
0.0003672796
0.0019265651
-0.00078492287
0.0042971669
0.0014582252
0.00042425892
-0.016036603
-0.019259427
-0.016056116
-0.017310286
-0.015830742
-0.017146119
-0.018013431
-0.018568326
-0.016641454
-0.016217764
-0.015482724
-0.019515277
-0.019817046
-0.019305372
-0.015941221
-0.017895553
-0.017748125
-0.019743848
-0.020126914
-0.020576454
-0.020222783
-0.019241787
-0.018498819
-0.020531724
-0.014536604
-0.022443625
-0.020701799
-0.021859061
-0.019131112
-0.018431231
-0.02019395
-0.020318581
-0.022693853
-0.022125616
-0.01927489
-0.022346056
-0.019987703
-0.019599613
-0.020010915
-0.021288067
-0.02299676
-0.022758392
-0.022981224
-0.022992272
-0.02082222
-0.019244626
-0.022293039
-0.020393417
-0.022185968
-0.025586359
-0.0179216
-0.017750548
-0.024664216
-0.025600681
-0.02080984
-0.02330551
-0.021750588
-0.02407143
-0.021143911
-0.022939189
-0.024261718
-0.024992629
-0.024089253
-0.023759814
-0.019640903
-0.020508922
-0.024285721
-0.023008774
-0.020553995
-0.022846026
-0.022267579
-0.026082478
-0.014597474
-0.01774149
-0.023581133
-0.025669511
-0.020814247
-0.016080885
-0.026705137
-0.024069578
-0.023655006
-0.029531561
-0.020421995
-0.0174053
-0.013461669
-0.0085101983
-0.017211377
-0.026422525
-0.025319953
-0.025453286
-0.017452923
-0.017498994
-0.01851746
-0.018541411
-0.02475949
-0.014527754
-0.027246237
-0.025608447
-0.025512418
-0.024284958
-0.01814415
-0.015157155
-0.019385704
-0.016961429
-0.0074742185
-0.017172153
-0.01570631
-0.012216069
-0.018848702
-0.017028474
-0.024328603
-0.027577009
-0.026778573
-0.028293923
-0.023843602
-0.024022112
-0.019755587
-0.018601038
-0.0134429
-0.016400752
-0.012728476
-0.013876426
-0.019483193
-0.013839073
-0.024919788
-0.019868637
-0.018017064
-0.019836511
-0.015156069
-0.025329009
-0.023515564
-0.026642371
-0.026391845
-0.0035165083
-0.0049167212
-0.029634025
-0.027092513
-0.026392883
-0.020885918
-0.019496689
-0.025343925
-0.007485373
-0.0045026815
-0.020781207
-0.026741104
-0.028025812
-0.008807393
-0.025564081
-0.029052058
-0.025330488
-0.01658318
-0.019034598
0.00071760906
-0.027226902
-0.015724265
-0.029303569
-0.003405863
-0.028630483
-0.029494589
-0.00082207501
0.0029593044
-0.030267078
-0.009523625
-0.028285367
-0.027770976
-0.02770602
-0.027178695
-0.028224354
0.0044643068
-0.0088510719
-0.023165045
-0.023149258
0.0095122737
0.011375114
-0.0005487783
-0.0058858896
-0.023214406
-0.020011357
0.00082788037
-0.029853695
-0.02910368
-0.0186134
-0.029294801
-0.028388047
0.00090119208
-0.02979182
-0.03034599
-0.02035727
-0.0069750817
-0.034164397
0.00082962763
-0.026048601
-0.022290672
-0.027044271
-0.011859274
-0.019092164
-0.024742108
0.00093667946
-0.01305718
0.015779447
-0.028256173
-0.012785887
-0.027617398
-0.023825228
-0.023232035
-0.025159793
-0.025713083
-0.025598502
-0.0057594573
-0.027954742
-0.025070505
-0.029512616
-0.0033375168
-0.030765969
-0.00011942005
-0.017125194
-0.011422045
-0.024562925
-0.02450517
-0.03020048
0.0016198927
0.0056635526
0.003580285
-0.010511161
-0.020877657
-0.016350806
-0.022864346
-0.021318707
-0.020807674
-0.008845276
-0.020021777
-0.023327779
-0.02687623
-0.023471608
-0.018139187
-0.018974528
-0.0072246428
0.0040060454
0.015024981
-0.023050977
-0.02227963
-0.016878213
-0.02115017
-0.020261467
-0.027258172
-0.0016303034
-0.0061557172
0.0028503707
0.0074125291
0.0093463882
0.0020297862
0.015334795
0.012468798
0.011866206
0.0032444278
0.016385457
0.01555462
0.0014870444
0.0017272157
0.0053315628
-0.002097859
-0.0012790588
0.0096162926
0.0064171573
0.0052960228
0.01346249
-0.011585144
-0.010698587
-0.0025948129
0.0043810134
0.013021014
0.007398877
0.0083827975
0.010714857
-1.4123874e-05
-0.00013175342
0.0053484373
4.7743035e-05
0.0077574897
0.0026385264
0.01186878
0.0021993666
0.0039935115
0.014573445
-0.010276451
-0.0017235394
-0.0023407743
0.00099551759
0.00088276969
-0.00085408393
0.0025273032
0.00090058654
4.0428365e-06
-0.0033150462
-0.0058070375
-0.0038909885
-0.0034064135
-0.0086239351
-0.0085645377
-0.0030354266
-0.0019407773
8.4466345e-05
-0.0061309933
-0.0032473492
-0.0011998258
-0.0029138934
-0.0047492713
-0.012058168
-0.0083764814
-0.015833053
-0.017497708
-0.018109501
-0.016420775
-0.016906876
-0.019092313
-0.015552845
-0.016854923
-0.024969118
-0.0095935948
-0.0079085726
-0.013022469
-0.027098423
-0.017475859
0.0034191625
0.005895646
0.014424554
0.010328308
0.012114704
0.01644676
-0.001343798
-0.0032637932
0.00034587489
-0.00083476543
-0.0040291109
-0.0010317926
0.00096319005
-0.00044494411
0.0027033511
0.0008903237
-0.0018172142
0.00011098302
0.0020854138
0.0019878282
1.8961673e-05
0.00017488012
0.0024943706
0.00060910148
9.2723223e-05
-0.00075862837
-0.0033872272
-0.0020477644
-9.1370809e-05
-0.0014723976
-0.002046285
0.0013196319
-0.00070078371
2.5181428e-06
0.00018619289
0.00074358776
-0.00014109697
0.0012341869
-0.000828963
0.00047197792
0.00048428333
0.00080009995
0.0054349812
0.0077356141
0.0049096643
0.00336095
0.0050939267
0.0031776465
0.0028274104
0.0039918941
0.012894935
0.010810017
0.0078936592
0.0080705754
0.016037573
0.013795675
0.010377333
0.0094144458
0.011976839
0.011550378
0.012531508
0.014751593
0.015003027
0.014016631
0.011597556
0.013247147
0.014028707
0.014120037
0.023613011
0.02000921
0.016781954
0.020478999
0.028869066
0.029806119
0.0043675181
0.0099972103
0.0027738767
0.0028448464
0.026107222
0.0045852307
0.0077341087
0.0021817904
0.0010103847
0.0022728678
0.0090117357
0.0011824646
0.040069704
0.010573231
0.044287629
0.018771783
0.017766554
0.019837709
0.021406388
0.014084759
0.014471202
0.04207689
0.038951105
0.024217068
0.028754197
0.019883926
0.020668094
0.018766441
0.01823965
0.015581472
0.011436436
0.019636561
0.021071251
0.015202605
0.020189032
0.012204932
0.021982426
0.0093131186
0.010841982
0.01338907
0.010524192
0.042957131
0.037184093
0.050589823
0.05233065
0.045673747
0.049263466
0.067048255
0.065349806
0.059696455
0.064602241
-0.0042320238
0.0024556842
0.0077198527
0.0040053323
-0.0012616941
0.0040817451
-0.004054912
0.0063476857
-0.00062519999
0.0061065446
0.00042193838
0.00036629623
-0.018978481
-0.018720826
-0.019125598
-0.018448761
-0.020922422
-0.021461204
-0.010581399
-0.0082549427
-0.015552188
-0.013600731
-0.0096515585
-0.0036908417
-0.00098983416
-0.01104852
-0.009254233
-0.011119581
0.00057867557
-0.014546456
-0.018186601
-0.014736028
-0.016599008
-0.017922762
-0.015498519
-0.01588292
-0.028027988
-0.026157908
-0.024604756
-0.025237647
-0.027333062
-0.027419088
-0.0055502158
0.00070610061
-0.0062297031
-0.0025432467
-0.0036879638
-0.011223065
-0.0044126505
-0.0093130717
-0.020474609
-0.00074177712
-0.011310937
-0.0087679926
-0.0082100018
-0.01308695
-0.019763954
-0.029178702
-0.0097559089
-0.031485636
-0.01837287
-0.028067021
-0.018007675
0.013833886
-0.013185325
-0.0035946619
-0.0087237551
0.00027945203
-0.00029789752
-0.01084648
-0.0017111388
-0.0080734204
-0.013400891
0.012623625
0.0086284604
0.0047877863
0.0086891189
0.0034643988
0.013584367
0.0076908354
0.0017826351
0.0025763305
-0.0079692059
0.0091281767
0.00044472322
0.014126863
0.003717032
0.003853195
0.0038155442
0.0019971985
0.0060705808
0.000898552
0.0058181364
0.00065669887
0.010201441
0.00098330662
0.0095587163
0.0065658565
0.011150096
0.0090453838
0.007390591
0.0049272001
0.0055212836
-0.0002774634
0.00067870764
0.00010596039
0.0028760716
0.0011181329
3.1716799e-05
0.00066652721
6.0097556e-05
0.0010654771
0.012154224
0.005996027
-4.374321e-05
0.00088366001
0.0005654506
0.0006181636
-0.0001160701
-0.00021616238
0.00099191495
-8.2031908e-05
0.0001931613
0.0022141938
0.0021961401
-0.0088620502
-0.015901563
0.001372628
0.0012818022
0.0032694961
-0.0041862751
-0.0036536602
-0.0060463262
-0.0059473073
-0.0024054726
-0.0063814681
-0.0023648236
0.00012051634
-0.0034548116
-0.0050425041
0.0008757389
-0.0019144835
0.00115399
-0.0051078973
0.0019484581
-0.00020850425
-0.0037364295
-0.0068407403
-0.0011167445
-0.0045771079
-0.002539402
-0.0027733074
0.00089730918
-0.00053341408
-0.0068738255
-0.0047283132
-0.0014160455
0.0019230929
-0.0011753235
-0.0050238693
-0.0044894029
-0.0025972807
0.0027891066
-0.0017786898
-0.00047214501
-0.0034096107
-0.0025679826
-0.0023923681
-0.0035257558
-0.0021113699
0.0014987701
-0.0024856716
0.0047907908
-0.0043981019
0.00054100431
-0.0035582515
-0.0017272919
0.00065714618
0.00060962202
-0.0020138533
-0.0029917653
-0.0024890524
0.00029968694
0.00083532083
-0.0037811915
-0.0034602952
-0.0066902021
-0.009467766
-0.010472835
-0.0078544816
-0.013815537
-0.015460878
-0.018442853
-0.017524646
-0.020154858
-0.020943129
-0.015820291
-0.013688003
-0.013479726
-0.01094795
-0.014599232
-0.013497889
-0.012260946
-0.011593043
-0.011712241
-0.01053493
-0.015758713
-0.011942797
-0.016256166
-0.015156709
-0.028037675
-0.026646636
-0.025940572
-0.017555419
-0.030475015
-0.028426567
-0.012153346
-0.019749996
-0.018101201
0.0015623912
-0.027979224
-0.011740222
-0.019133692
-0.018529621
0.0014586627
-0.011797583
-0.024757892
-0.0058903232
-0.0010453083
0.0016496554
-0.019064715
-0.029272784
-0.0031811983
-0.019248427
-0.028940033
-2.3887753e-05
-0.020580772
-0.018399835
-0.027272511
-0.026218687
-0.0019851342
-0.030211721
-0.019872378
-0.019961955
-0.01756631
-0.021647259
-0.021738807
-0.0084011676
-0.020098502
-0.020506565
-0.022659691
-0.024976559
-0.026832671
-0.0019762394
-0.022747101
0.00074613625
-0.023957501
-0.026888199
0.0014140924
-0.017301132
-0.032232183
-0.0092545786
0.00081091297
0.001202882
-0.0044446107
-0.027879337
-0.01346221
-0.0024006564
1.2172424e-05
-0.030676831
-0.024268295
-0.028784852
-0.029553855
0.00031136114
-0.0047710876
-0.015240439
-0.010503403
-0.010889541
-0.0099495514
-0.0018935011
-0.0074873037
-0.0067904158
0.0011894801
-0.00025124701
-0.023459088
-0.025469472
-0.021888456
-0.023734308
-0.027726402
-0.031400287
-0.025381058
-0.028558031
-0.024185878
-0.026092692
-0.023370014
-0.024908084
-0.027296327
-0.022397088
-0.024068158
-0.027707945
-0.0065164046
-0.0036877447
-0.035864006
-0.027995549
-0.021082663
-0.00019768135
-0.011826176
-0.035026257
-0.0092540583
-0.0057967418
-0.031475733
-0.0095931224
-0.0054372588
-0.012583818
0.0018657666
-0.0078471626
-0.0056293419
-0.00064642068
-0.029110735
-0.018206974
-0.0037232397
-0.0098801962
0.0020658239
-0.032985606
-0.024681671
-0.0014719735
-0.033192767
-0.0053972582
-0.0034755736
0.00068625589
-0.0058493424
-0.0070066686
-0.015201414
-0.014211028
-0.021075543
-0.024687179
0.0024575368
-0.029278046
-0.014487561
-0.0039948609
-0.0052587694
-0.0033075411
-0.0023855303
-0.0013382999
-0.0026165693
-0.002835022
-0.00017837225
-0.03231529
-0.0015681518
-0.035611116
-0.034562122
-0.027367277
-0.036218502
-0.030351143
-0.034341521
-0.023052412
-0.0020435448
-0.00057314278
-0.035825794
-0.03343136
-0.03253422
-0.034145942
-0.029286774
-0.033446205
-0.031473661
-0.00085517518
-0.00042222666
-0.017920604
-0.00046378061
-0.034261362
-0.027284764
-0.033434929
-0.029433607
-0.029594112
-0.031388133
-0.030435628
-0.030275519
-0.027005628
-0.033104186
-0.029950696
-0.029003294
-0.03077926
-0.033289358
-0.031572352
-0.033996507
-0.032969819
-0.00034508999
-0.00058792604
-0.0023077721
-0.026538589
-0.030156073
-0.0026718145
-0.0014734847
-0.033622933
-0.03395531
-0.018514581
-0.023158329
-0.021695664
-0.0064306973
-0.01042084
-0.011391461
-0.029624776
-0.0065522494
-0.013978041
-0.02717834
-0.034154194
-0.034713461
-0.033585953
-0.017070455
-0.028898982
-0.035826887
-0.034479332
-0.028387778
-0.031089466
-0.033784674
-0.033048511
-0.035632798
-0.034234315
-0.033675069
-0.033371942
-0.0352149
-0.010042078
-0.032368827
-0.0023441169
-0.033554495
-0.035962434
-0.033399258
-0.034287762
-0.022363123
-0.032930016
-0.0067619105
-0.034029205
-0.028882557
-0.030342498
-0.015811038
-0.023544199
-0.022241553
-0.028318182
-0.002230562
-0.0093798766
-0.002088949
-0.022733575
-0.0095943997
-0.016185751
-0.019102494
-0.020386323
-0.034665863
-0.024757376
-0.0027678075
-0.035870432
-0.036292808
-0.021731463
-0.026384499
-0.014738626
-0.010890751
-0.00091764539
-0.0042806008
-0.023119217
-0.020417137
-0.019673045
-0.022542326
-0.026730009
-0.025626879
-0.014753877
-0.026693051
-0.033172691
-0.0081039769
-0.034807761
-9.9464507e-05
-0.0033837279
-0.004984917
-0.004447527
-0.015176295
-0.0093712741
-0.0053269582
-0.010421497
-0.021837737
-0.019945695
-0.026702392
-0.028283612
-0.013489909
-0.016957625
-0.014910889
-0.018852517
-0.017143087
-0.018335555
-0.01860175
-0.020708179
-0.02315971
-0.014677785
-0.023184398
-0.025541687
-0.023676644
-0.020576742
-0.014036413
-0.010393343
-0.020250726
-0.025478124
-0.011155883
-0.020834767
-0.013538186
-0.0042340397
-0.023243229
-0.013389479
-0.0232961
-0.021347896
-0.0035163343
-0.0088099046
-0.005498404
-0.0093233907
-0.026536214
-0.029651093
-0.019399442
-0.02366481
-0.016047734
-0.015584727
0.015023547
0.012729711
0.016224753
0.01793033
0.013421749
0.015076507
0.010695911
0.0059579005
0.013820115
0.015500335
0.01518886
0.016396626
-0.0021938415
-0.0028822637
0.00053666813
0.002695147
0.0010188833
0.00089030749
-0.0019333565
0.01471906
0.014174535
0.014390553
0.012194093
0.0039713348
0.004268343
0.0031567824
0.00039231134
-0.0021430944
-0.0013213565
0.002466898
0.0011865094
0.0030146531
0.0026430345
0.001945655
0.0024629014
-0.00020662782
0.0010713491
-0.00082004545
0.0012648143
0.002539221
0.008392679
0.0043837803
0.0011547595
0.0020157977
0.003060259
-0.0023870152
0.0016184289
0.006462571
6.9354118e-05
-0.0012691102
0.0044676086
0.0039658592
0.0044042148
0.0064443352
0.0062537615
0.030698534
0.023047043
0.026023099
0.029235992
0.01510581
0.012003095
0.046445161
0.05301773
0.045512644
0.044115324
0.041824054
0.051225552
0.053485324
0.057761307
0.046968682
0.061771835
0.039282677
0.031106405
0.067412148
0.068853545
0.07438789
0.087900899
0.0015542008
-0.00043057439
0.0017815781
-0.0020200051
-0.0024903718
-0.0022356891
-0.00083913451
0.0070434826
0.0055664494
-0.0001003598
0.0032991559
0.0047252752
0.0115711
-0.0024080121
-0.0043283388
-0.0014032914
-0.00062489503
-0.0041138628
-0.0031318644
0.00047612743
-0.0017419894
-0.019983873
-0.020821645
-0.021227297
-0.022185846
-0.0042423718
-0.0026527023
-0.015653465
-0.012305896
-0.02015148
-0.005068737
-0.014878357
-0.0096190957
-0.018525718
-0.016892855
-0.01124882
-0.0074900018
-0.007296534
-0.0028090446
-0.0037935482
-0.01033297
-0.0075560742
0.0011579832
0.0031932627
0.0024613747
0.012235274
0.002979773
0.0053496325
0.0084048954
-0.0058480565
0.0012107454
-0.0050817068
-0.0083935794
-0.0052256774
-0.0056316529
-0.0045056224
-0.00078917736
-0.00221083
0.00174599
-0.0011700795
0.00067538957
-0.00031108371
0.0018127689
-0.0033812002
0.00059386566
-0.00028546634
0.0001699559
-0.0060787737
-0.0017407733
-0.0060832393
-0.0081047732
-0.0084474766
-0.0044717852
-0.0086230836
-0.0057561803
-0.004196868
-0.0036934462
-0.0056737228
-0.0019120405
-0.0061577379
-0.0012039118
-0.0054205648
0.0044020918
-0.0041097755
-0.0040261077
-0.0075439233
-0.0068792465
-0.007985923
-0.0088746693
-0.0039687748
-0.004713875
-0.0061140075
-0.0058748834
-0.0063467878
-0.0007063489
-0.0018327384
-0.00020918406
-0.00091531905
-4.0755983e-05
0.00083847521
0.0011356239
-0.0060030569
0.0054167548
-0.0032504461
0.0020761967
-0.0048193419
-0.0046531271
-0.0020953164
-0.0023654632
-0.003665914
0.00365485
0.0037872535
-0.008437365
-0.00056325497
-0.0045121864
-0.00334367
-0.0062160912
-0.00070658148
0.00079662291
-0.0043765788
-0.0050834201
-0.0021666886
-0.0079997374
-0.0067128604
-0.010857727
-0.0068266561
-0.011185753
-0.0086722808
-0.019998572
-0.01994323
-0.021360893
-0.020245292
-0.019642108
-0.020423003
-0.021358578
-0.022031013
-0.020681186
-0.019519903
-0.019569981
-0.020060843
-0.021191675
-0.022839446
-0.023097501
-0.022449443
-0.023342597
-0.024203441
-0.021256879
-0.023995276
-0.025605225
-0.020193062
-0.030383444
-0.026889015
-8.4751247e-05
0.0016507806
-0.027678962
-0.026539507
-0.0013727104
0.00044461076
-0.00053177585
-7.159536e-05
-0.0014394882
-0.0028755393
-0.0014895592
-0.0019230258
0.00013124571
-0.032676564
-0.031674448
-0.033602099
-0.03474965
-0.034599715
-0.034863931
-0.035840363
-0.029304794
-0.035280029
-0.036370053
-0.03508488
-0.032571929
-0.029753335
-0.026966763
-0.030111921
-0.029872264
-0.030966376
-0.031288728
-0.019888523
-0.017234009
-0.001898921
2.1085388e-05
-0.00052885265
-0.0009092554
-0.029593149
-0.00066134744
-0.00046740119
-0.030873925
-0.032012756
-0.0284383
-0.034011738
-0.031151844
-0.033009261
-0.031087627
-0.032186454
-0.029396419
-0.032760361
-0.037428446
-0.03331707
-0.036030447
-0.035548964
-0.03126815
-0.034330722
-0.027852311
-0.026712983
-0.028645008
-0.024369719
-0.025105429
-0.024054504
-0.023560734
-0.024386856
-0.031712814
-0.033179726
-0.031453607
-0.0359915
-0.034028936
-0.032479803
-0.035755889
-0.034250146
-0.035724831
-0.036228817
-0.035925459
-0.035933486
0.0020269844
-0.035404149
-0.035714575
-0.036628969
-0.036026966
-0.036186261
-0.036510412
-0.036628769
-0.034067192
-0.035131713
0.012694458
0.0091238771
0.010002198
0.012015319
0.0041816305
0.0096964578
-0.0061101713
0.0047167057
0.00090002281
0.0061183367
0.0057277776
0.0090895989
0.0040933692
0.0052073564
0.0097909109
0.011289732
0.00019881864
-0.0012258593
0.0054818854
0.0070523198
0.0037415037
0.0034735788
0.0047847282
0.0044158343
-0.00024420056
0.0038629073
-0.00026499454
0.0029858461
-0.00037240944
0.0012595442
0.0067842349
0.0092404793
0.010898503
0.0076917466
0.003307713
0.014175297
0.0050384236
0.00575161
0.0077594054
0.01097434
0.0078274888
0.0081157594
0.0027907957
0.0046327492
0.016307792
0.01850144
0.0099142638
0.058441117
0.059416408
0.057559433
0.057689915
0.051143249
0.046751923
0.081075444
0.063325415
0.069008368
0.064242383
0.09810209
0.071186202
0.078733706
0.079218341
0.083175988
0.1056316
0.11366957
0.0024559942
0.00021009746
0.0061858919
-0.0022684477
0.0021596968
0.0031205786
-0.0031171918
-0.0031259609
-0.0014812405
0.0015033718
-0.0014420235
0.0015712897
0.0050086109
-0.0027025602
0.013650881
0.0091874957
0.0013750042
0.0012699179
-0.013603588
-0.01518166
-0.0064906894
-0.0013293417
0.0013748192
-0.011162333
5.6192622e-05
-0.0024140154
-0.019181993
-0.013048234
-0.01698753
-0.01550915
0.00079366993
5.227154e-05
0.0018271191
-0.0022253673
5.6034119e-06
9.9274246e-05
-0.001094866
-0.0022828769
0.00058853944
-0.0068904867
0.00090358094
-0.00046030231
0.0022131815
-0.0060996027
-0.0061672058
-0.0038681017
-0.0068352871
-0.0055310959
-0.024387658
-0.029745383
-0.024637077
-0.022993114
-0.028572356
-0.027921966
-0.026042422
-0.027620586
-0.02779195
-0.026518189
-0.02929155
-0.029907152
-0.032869156
-0.028882792
-0.029730106
-0.029524989
-0.031414661
-0.030996169
-0.00031888228
-0.0017728266
-0.031107886
-0.031612093
-0.031803575
-0.031151825
-0.034405932
-0.033801473
-0.034424979
-0.035322206
-0.036317162
-0.023494826
-0.028106625
-0.032601807
-0.036070624
-0.036129463
-0.035486178
-0.036064943
-0.035803839
-0.035887362
0.0015543065
0.0024422593
0.00095627125
0.00026252158
-0.00073304493
-0.0014422993
0.0011239657
-0.0024683038
-0.0021165021
-0.001851658
-0.004186402
-0.00019589378
-0.0015408105
0.00052526394
0.0013744957
-0.0015797214
0.0030085824
-0.00097133242
0.0030414283
0.0020647227
0.0033873884
0.0090538122
0.013175012
0.017606712
0.0062758298
0.0047506718
0.0034358962
0.0029048909
0.0012071547
-0.0050077924
0.0029483947
-0.00043832072
0.0010288862
0.0025951289
0.0033842538
0.0076259075
0.0017022583
0.0033691787
0.0021018508
-0.00040986207
0.00083073061
0.00274291
0.0026464492
0.0047631059
0.0026933569
-0.0004385609
0.00085025649
0.003198845
0.0064010528
0.0050848736
0.0038846408
0.0048210609
0.017561737
0.021542169
0.044414762
0.050949688
0.026431952
0.032014378
0.090923334
0.06590804
-0.00087225104
-0.00093512558
0.006598906
0.0012143119
-0.00014423295
-0.00025488986
-0.0016899209
-0.00039652378
-0.02171989
-0.021441955
-0.024097775
-0.013883831
-0.022535543
-0.012732593
-0.03463278
-0.021736392
-0.027215012
-0.024310944
-0.025703982
-0.025077802
-0.031907158
-0.030781065
-0.034423503
-0.030636302
-0.030245332
-0.030367477
-0.031815541
-0.030819824
-0.032717584
-0.032696907
-0.033070524
-0.03391736
-0.03454013
-0.03404321
-0.031677006
-0.026336218
-0.030371511
-0.029841556
-0.033128837
-0.032072077
-0.033527493
-0.033672247
-0.031650796
-0.031272137
-0.03235865
-0.031839775
-0.029727757
-0.029956881
-0.032293794
-0.030113733
-0.031074473
-0.030179962
-0.030449302
-0.030494228
-0.031491767
-0.030395703
-0.031389271
-0.031627727
-0.035712444
-0.034595321
-0.036510688
-0.036394453
-0.035971722
-0.035653861
-0.035510237
-0.036328376
-0.036309376
-0.036655922
-0.036394893
-0.035992259
-0.036763277
-0.034482027
-0.036008451
-0.035958502
-0.020103152
-0.034138934
-0.036031718
-0.034309234
-0.034440807
-0.034306843
-0.03511049
-0.033757492
-0.012920258
-0.031755437
-0.033781991
-0.034182779
-0.034838431
-0.035166747
-0.036719548
-0.036035697
-0.035577025
-0.034431535
-0.034294874
-0.034440478
-0.036978921
-0.035415492
-0.03696554
-0.036801992
-0.034308295
-0.0032015599
-0.036549075
-0.032790585
-0.034615458
-0.036392163
-0.026702805
-0.016451764
-0.034128886
-0.027442418
-0.00054902061
-0.034954376
-0.033835168
-0.023492315
0.00031961374
-0.036328203
-0.036092941
-0.035632325
-0.03563313
-0.036386188
-0.035743179
-5.7771955e-05
0.00058519665
0.00025429927
0.0090642118
0.012220373
0.016273689
0.011169785
0.013161599
0.0081624363
0.016084603
0.0059632904
0.013401542
0.0073814964
0.0097516647
0.0068202076
0.0058689366
0.0072559816
0.019360473
0.0025003913
0.0025797351
0.00077074068
0.0018515094
0.002399239
0.0032591873
0.00081682258
0.0037694955
0.0066355687
-0.001097937
0.00092939887
0.0042234093
0.038784527
0.045916405
0.038105026
0.029433295
0.035861326
0.068295403
0.043338983
0.053087667
0.059027886
0.053923762
0.03815812
0.058766996
0.058152211
0.070205092
0.074958494
0.073737186
0.025813534
0.030891101
0.081464447
0.094744475
0.079502866
0.12508478
0.0022352298
0.06588046
-0.0049316475
0.0033950413
0.0039394148
0.0012892634
-0.0042201025
0.00826208
-0.0048734048
-0.0036335498
0.00012689207
0.0034962936
-0.0041751874
0.0056185012
0.00013626889
0.0074390121
0.0024398455
-0.0020035401
-0.0016164095
0.0054458089
0.0046961435
7.5908242e-05
1.6320705e-05
0.0014370309
-0.0036283247
-1.212519e-05
-0.00024313214
-0.0063352332
-0.012104597
-9.0998362e-06
-0.00021311761
-0.0014787501
0.00071595696
-0.00043833281
0.0014093702
0.002062452
-0.00079570252
-0.00023114314
-0.001398027
0.00072028584
0.000696226
0.001611212
0.0014357658
-0.00010312654
-3.3379679e-05
-0.0035302908
-0.00066581726
-0.0022373372
-0.0022408753
-0.00022233883
-0.0030559836
0.00052804414
0.0001450945
-0.00031125728
-0.0011620236
-0.0024302949
-0.003660909
-0.0022027835
-0.0059850884
-0.0032930253
-0.005881011
-0.0036485333
-0.0053620102
-0.0069956379
-0.0067829774
-0.0055401648
-0.0085760123
-0.0039032682
-0.0098734207
-0.00037032605
-0.00083606844
-0.00034660679
0.00040999469
-0.0027859975
-0.0012596588
-0.0024751649
-0.0019047713
-0.0010877826
-0.0080511304
-0.0002874314
-0.001176852
-0.0008297803
-0.0013428672
-0.0062160291
-0.00021728173
0.00086336136
-0.0060909538
-0.0019332886
-0.0033666157
-0.0078056893
-0.0024754982
0.0024509312
0.0025556289
0.00073447401
-0.011595773
-0.0064497725
-0.0061487617
-0.0027726489
-0.0026122084
-0.00027682197
-0.011148985
-0.0021876676
-0.0026682115
-0.0025607141
-0.010407565
-0.0050259957
-0.01176353
-0.0023867497
-0.024405969
0.00068333742
-0.0002968505
0.00026671141
0.00090262009
0.0002382609
-0.015585523
-0.013637424
-0.0086172775
-0.012824351
-0.009788699
-0.013394226
-0.01293655
-0.0085486982
-0.0093257101
-0.013835197
-0.016189463
-0.013568221
-0.012254946
-0.010945246
-0.018075891
-0.018771829
-0.015927021
-0.015749909
-0.014861355
-0.015018213
-0.010839724
-0.0056585366
-0.019665268
-0.017261299
-0.012636962
-0.0077655779
-0.012803158
-0.0099582735
-0.013545236
-0.027714802
-0.0075710364
-0.0041709948
-0.011516244
-0.0043390229
-0.0032174027
-0.0048898059
-0.0029665621
-0.0019386833
-0.026671396
-0.017375901
-0.024645647
-0.0092070347
-0.0035159875
-0.0040702956
-0.01544096
-0.016129202
-0.010914117
-0.023987882
-0.018574611
-0.017376441
-0.027919302
-0.02521672
-0.013556031
-0.012957298
-0.024030263
-0.018509914
-0.014654983
-0.025314593
-0.022670416
-0.013697979
-0.032991103
-0.0017553547
-0.01806154
-0.020406526
-0.0195812
-0.022190524
-0.021422054
-0.017763953
-0.022765118
-0.018350535
-0.021242927
-0.010170726
-0.021747309
-0.022265325
-0.010593995
-0.015431504
-0.026413384
-0.023769602
-0.03156985
-0.0077804478
-0.031609828
-0.023771655
-0.024506493
-0.030000745
-0.024545208
-0.027164557
-0.024037877
-0.029327088
-0.033395973
-0.022065295
-0.0031592209
-0.019861546
-0.031749551
-0.026536635
-0.034677904
-0.027437622
-0.016689584
-0.027908681
-0.01084465
-0.0058338929
-0.025301039
-0.0028119322
-0.010129203
-0.031516066
-0.03383899
-0.031816177
-0.0022712137
-0.027653637
-0.02367729
-0.0031984324
-0.025646386
-0.032635258
-0.03269368
-0.033394998
-0.025700553
-0.033095176
-0.017481502
-0.030170056
-0.021246726
-0.032767762
-0.024106102
-0.025643754
-0.022709723
-0.023362225
-0.025986553
-0.029580089
-0.016379555
-0.018376077
-0.017770432
-0.00052940707
-0.019734781
-0.0066778156
-0.0011166049
-0.0040777443
-0.010741505
-0.0065106605
-0.0063613157
-0.017190617
-0.015802192
-0.028462166
-0.033176571
-0.027459298
-0.029374656
-0.02973571
-0.029304336
-0.023983086
-0.016870174
-0.018741358
-0.013173048
-0.030429817
-0.031335198
-0.029089974
-0.028628733
-0.031099743
-0.032031421
-0.026271651
-0.027955805
-0.022334811
-0.019858897
-0.022782847
-0.018259792
-0.019741366
-0.02020613
-0.023786813
-0.016923707
-0.016997925
-0.0099845879
-0.024396273
-0.02826518
-0.030632277
-0.033869323
-0.03083753
-0.031612467
-0.021255285
-0.019975544
-0.01468538
-0.011114548
-0.03202718
-0.033704336
-0.030663684
-0.033009541
-0.031035846
-0.031660074
-0.031513157
-0.033223695
-0.025544777
-0.033139368
-0.022619383
-0.024028652
-0.034941049
-0.033036692
-0.034772521
-0.033809508
-0.023922064
-0.025830945
-0.022358694
-0.020383318
-0.022387938
-0.024244274
-0.031973905
-0.033236224
-0.032843315
-0.032141195
-0.030423749
-0.031276832
-0.03215373
-0.030721316
-0.034715088
-0.034237457
-0.033514414
-0.033853442
-0.032132516
-0.034151958
-0.032857675
-0.032696011
-0.035569052
-0.035225872
-0.00093852363
-0.034876262
-0.00019617074
0.0068473897
0.0076472556
0.0059111996
0.0042448562
0.0048172006
0.0060309701
0.0042280769
0.0052149764
0.0043592218
0.0051755921
0.0032145497
0.0042124404
0.00023346618
-0.0019777999
-0.00066155616
0.0064849338
0.007312973
0.0073758733
-0.0011258087
0.0050686898
-0.00074423898
0.00036247556
-0.00036235285
0.020236035
0.0042258743
-0.00057569119
0.0065114433
0.0092818907
0.0056671462
0.0076315698
0.0043144817
0.027887677
0.0085133253
0.0061218041
0.0013658779
-0.00026069822
0.003645668
-0.0001666575
-0.001613262
-0.0015723705
0.0034927982
0.0041426932
-0.001576051
-0.0017469593
5.9664656e-05
-0.00010316223
0.0015216445
-0.00011667467
-0.0010878799
0.0057475302
0.0021420177
0.002979812
0.0020198248
0.00011742772
0.00028350638
0.0033007995
0.0025868668
0.00016144306
-0.0024138648
-0.0021308827
0.0043052783
0.0035801824
0.0031044921
0.003892272
-0.00069491953
-0.00064094656
-0.00041694893
-0.00064255022
0.017598641
0.0007300244
3.5096954e-05
0.00015093256
-0.0016848533
0.00029994931
-0.00098517989
-0.00086693918
-0.0018675649
0.0010965121
0.050339111
0.0053501077
0.015476245
0.0018543233
-0.0013616046
0.037174155
0.011546301
0.032791848
0.031554
0.03590902
0.026401068
0.038782642
0.031712703
0.016610753
0.032280072
0.044120674
0.017106919
0.025895145
0.046872647
0.052270278
0.036974685
0.028850051
0.022650443
0.031417446
0.049557587
0.043275969
0.031512198
0.12879785
0.052752833
0.062440714
0.033051133
0.038124896
0.016697131
0.01439158
0.041283161
0.054383956
0.069348172
0.066803015
0.026778075
0.020761358
0.060188908
0.067355032
0.055054219
0.062252201
0.06972548
0.073107241
0.073372892
0.032806153
0.062215694
0.080397685
0.022438875
0.012614284
0.10938569
0.092883767
0.027372262
0.01488745
0.018995155
0.038746818
0.026322165
0.018660086
0.021959139
0.023023133
0.022265564
0.021957254
0.022831529
0.021437465
0.012931311
0.01316259
0.022733112
0.022995996
0.018306172
0.018362065
0.016281194
0.020981413
0.016762819
0.015823975
0.01252718
0.0107749
0.022346106
0.030022299
0.0094473514
0.009422277
0.0078342065
0.024283636
0.0099317183
0.019001758
0.024482277
0.046424989
0.0076118939
0.0082252238
0.0066694499
0.010619461
0.015991285
0.013248756
0.0082038589
0.013292763
0.028975892
0.033993457
-0.00082346989
0.012231023
0.01330874
0.012872413
0.016812218
0.016807025
0.011907042
0.017823846
0.016100913
0.020250328
0.0079346444
0.0062966561
0.0097673854
0.016166569
0.0023537818
-0.014048619
0.0080339961
0.022596068
0.0053046396
0.0045876081
0.005095111
0.0080307272
0.0089783045
0.017133671
0.0090584701
0.012122157
0.013300411
0.02075415
0.0025778324
0.0010942859
0.0095896603
0.0077121925
0.010735498
0.028804583
0.014943259
0.013772737
0.012054013
0.0065276996
0.0021957446
0.0059190091
0.012826052
0.0052172114
-0.012802685
0.0043331643
0.0012939958
-0.00018437421
0.0026836458
0.0050570826
0.0088730312
0.021658824
0.002557764
0.025482865
0.0051320729
0.0090901374
-0.010484488
-0.0012116916
0.0030884781
0.024919742
0.013238213
0.0025207722
0.0037697592
0.0024404359
-0.011576241
0.012832361
0.0078334049
0.0086481382
-0.016131883
0.0095955654
0.0113396
0.024818774
0.0063325696
-0.001589605
0.0034685236
3.8969617e-06
0.012209574
0.0093994465
0.011528777
0.0012616163
0.01675351
0.024747645
-0.00029295158
-0.005887685
-0.009794167
-0.0048190073
0.0092531645
0.0051428194
-0.0049837506
0.0059934818
-0.0087373597
-0.0069954294
-0.0089576947
0.00079282792
-0.013307779
-0.01043531
-0.0065919715
-0.01200662
0.0010842882
0.0056820005
0.015639809
-0.0051560528
0.14772763
-0.0034836121
0.00078044856
-0.00070439497
-0.016482029
-0.0090436708
-0.0034006806
0.00080118097
0.018625875
-0.007911017
-0.0037229488
-0.014869942
-0.017153324
0.0054597623
-0.020780363
-0.0091048303
-0.0056070074
-0.013426003
-0.015209288
0.014860592
-0.0013320268
-0.0037923184
0.0045901657
0.0082529471
-0.0085906864
-0.0083916556
-0.012068247
-0.0030636576
0.0012610488
0.020998852
-0.0016713518
-0.0019438516
-0.0048424713
-0.013401793
-0.014275347
-0.010575733
-0.0097332829
-0.0058710386
-0.0095870955
-0.018461104
-0.0093634851
-0.0089400711
-0.017780673
-0.018042112
0.0086098456
-0.0037850184
-0.00055181268
-0.0029067394
0.00024863569
0.0084959895
0.024990186
0.047936423
-0.0082220272
-0.0018800139
-8.6373146e-05
0.0012489546
0.0032545438
0.0218621
-0.013066699
0.0066409112
-0.0045130147
-0.010988088
-0.0076474067
-0.013319393
0.023795703
-0.0017248357
-0.013310095
-0.010798103
0.0036017707
-0.0059211699
-0.016819568
-0.014837817
-0.0043062872
-0.0030679508
-0.0099175677
-0.011007901
0.0085512437
0.0095574963
-0.01252835
-0.009823115
-0.0030213106
-0.0094531611
-0.019189354
-0.010896095
-0.0086654808
-0.0069040284
0.012342636
-0.012910211
-0.019365989
-0.0063831887
-0.0062328476
-0.0017538343
0.00019605557
-0.014234421
-0.0024054612
-0.021176664
-0.021405494
-0.015591168
-0.020365312
-0.018482011
-0.010126853
0.0052153105
-0.0016770022
-0.0052148027
-0.022011607
-0.023079608
0.0011235889
0.0014345701
0.0019958748
-0.0053304909
-0.0073145122
-0.015415542
-0.0052610482
-0.022486322
-0.017688301
-0.017435869
-0.011291044
-0.002853545
0.00013310775
-0.0060502159
-0.0014470738
0.00097505922
0.0068639393
0.0033381222
0.003599242
0.00038505357
0.0064509042
0.00070607613
0.0030568247
0.0083458812
0.0043668539
-8.694479e-05
-0.0072669946
-0.0047987007
-0.00095138853
0.0043400793
-0.0026286528
-0.0070578832
-0.0051067222
-0.018007029
-0.01299233
-0.009337831
-0.0037620996
-0.0031149206
-0.0015997793
0.0022558335
-0.01307367
-0.011389677
-0.012052649
-0.019584274
-0.015797105
-0.01418599
0.0065905517
0.0056300647
3.10953e-05
-0.02047561
-0.026332287
-0.025043373
7.0381644e-05
-0.015806861
-0.026370583
-0.025812406
-0.025693683
-0.017139114
0.0066207213
0.00047410137
0.0016052199
-0.00090470748
0.0092540967
0.002876458
0.005694772
0.0066872297
0.0072095487
0.0033285667
0.0044934606
0.0050140469
0.01747555
-0.022693011
-0.0068936574
-0.02078821
-0.028872162
-0.016937557
0.009989888
0.0078777119
0.01679285
-0.019957114
0.014801477
0.013004296
-0.015909559
-0.017247822
-0.0044359437
-0.027785312
0.014882657
0.009294011
0.0094037895
0.011222257
0.0053733592
0.0095919956
-0.01888226
-0.010911084
-0.0029392848
-0.025121748
0.0012931375
0.0055949354
0.0087930435
0.012062082
0.0029119407
0.0077688022
0.0034990492
0.0069836707
0.012334371
0.011324187
-0.0093397224
-0.022338055
-0.0061642935
0.011406513
-0.019851507
-0.027345779
0.013366506
0.017176193
0.014660278
0.013137449
0.018538133
0.030360993
-0.015528395
-0.024765207
0.0051688547
0.0016729863
0.017916148
0.011395868
0.018442767
0.023086255
-0.0034345529
-0.0074709593
-0.031352705
-0.00012857754
0.00017335889
0.0028313749
0.0048736979
0.017673163
0.015450382
0.013535512
0.012588307
0.014464782
0.020706405
0.016741361
0.018629024
-0.0035599612
-0.019682573
-0.00011352063
0.0013330782
0.018820272
0.015451891
0.020894442
0.020821519
0.013969996
0.013553783
0.024402661
0.055326337
0.020698188
0.025567364
0.022167729
0.024699628
0.029473932
0.021432644
0.029219347
0.022698835
0.021015801
0.04417782
0.010041073
0.011728881
0.0086296233
0.0073593817
0.0085320642
0.018595438
0.011787779
0.01481466
0.01528811
0.01615979
0.019593522
0.026593225
-0.00068590529
0.0012381379
0.0042522225
0.025632923
0.027517793
-0.0035285943
-0.014912095
-0.00066882651
-0.011392047
-0.018918636
-0.026136784
0.00044827096
-0.0011343791
-0.0022364764
-2.8352892e-05
-0.00030518122
0.017560402
0.021403348
-0.0025800475
0.015759611
0.016957543
0.020625759
0.02772908
0.010385352
-0.0030164029
0.0071748665
0.020838249
0.025411985
0.026520362
0.024079145
0.030171009
0.025096025
0.17086294
0.15904885
0.023319103
0.029807842
0.12752236
0.043410927
0.02903809
0.032088142
0.035407258
0.025874953
0.098740116
0.12265356
0.085417374
0.11167454
0.082700794
0.087711054
0.1252268
0.15654167
0.11585671
0.1413355
0.10739153
0.094790568
0.12607294
0.13795961
0.09646808
0.091487782
0.079623654
0.11966162
0.14593859
0.15352992
0.15836782
0.21027447
0.19385051
0.16424417
0.050325137
0.14347407
0.10044703
0.0066564319
0.11068094
0.083830575
0.10588241
0.14094651
0.20394602
0.14371817
0.13844247
0.10655332
0.11447764
0.15545042
0.21429595
0.040495201
0.00036469267
0.034342996
0.13898504
0.051393869
0.0025983876
0.0053914523
0.00047156987
0.11815001
0.012823948
0.13528778
0.038836
-0.0037284668
0.00062121571
0.032957864
0.063859006
0.0032691197
0.0099013223
0.010201364
0.091832105
0.0010552969
0.050686738
0.00032710474
0.034370888
0.0060247773
-0.0027798427
0.12394326
0.00011857671
1.2075501e-05
3.5828256e-05
7.323152e-05
1.0354965e-05
0.003309316
0.0020738485
-0.0011392602
-6.7351963e-05
-0.0003129438
-0.019387921
-0.00062802583
-2.4776051e-05
-0.00020124905
-0.0067494933
-0.008242031
-0.018977449
-0.021353966
-0.03287318
-0.033290621
-0.0082872699
-0.0081941458
-0.020077099
-0.020922454
-0.028240228
-0.029916032
-0.028109183
-0.030138348
-0.030709466
-0.028471552
-0.029912674
-0.029331495
-0.018789855
-0.020048367
-0.026461609
-0.027634008
-0.0044973117
-0.0045778881
-0.010545187
-0.011233014
-0.014459472
-0.023749634
-0.02995728
-0.025910968
-0.025674236
-0.026775577
-0.028270481
-0.027654354
-0.025526905
-0.025225474
-0.030135828
-0.026245988
-0.029294137
-0.025564148
-0.021634498
-0.020783313
-0.027736535
-0.021527158
-0.00064844761
0.00090001463
-0.0004230009
3.6988671e-05
0.0072484799
0.0040695771
-0.00094725766
0.00072403356
0.0011509828
-0.0073967962
0.0017411128
-0.0010300067
-0.0071305558
-0.0041445826
0.0007011124
-0.00057155554
0.0011011825
-0.0013441852
-0.00062493672
0.0025576188
0.0011659088
0.0010823952
-0.0028982579
-0.0041251183
-0.0003642756
-0.00030624567
0.0014902547
-0.0062206213
-0.0050081628
0.00045255445
-4.7177763e-05
-0.0021727889
-0.001584193
-0.0055284979
-0.0033867411
-0.0010943007
0.0036371063
-0.00015735029
0.00044811465
0.00055308091
0.00050387954
-0.0014062503
0.00081512112
0.0022830052
-0.00093402449
-5.6166916e-05
0.07578592
0.075046521
0.012873543
0.015065068
0.010010951
0.010249453
0.034173409
0.040466241
0.030326998
0.027944847
0.036599235
0.045753721
0.0017451743
0.0023990891
0.022780427
0.019822787
0.0095972565
0.011962221
0.0067841345
0.0036604869
0.0010012795
-0.0029481736
0.033610336
0.036528021
0.016120243
0.011099888
-0.0054576237
-0.0059509042
-0.0057068272
-0.0072272677
-0.0043559849
-0.0045018954
-0.0041528389
-0.0096251973
-0.0058631511
-0.0092600465
-0.0030842037
-0.0047359343
-0.0024311314
-0.0033492331
-0.00023674686
-0.00027181803
-0.0040143424
-0.0070234838
-0.005937656
-0.0036978721
-0.00052911205
-0.0012088548
-0.0055444439
-0.0091433832
-0.0049539992
0.0029480172
0.0019303199
0.0012249053
-0.0085110296
-0.0061709338
-0.015260933
-0.01111344
-0.019254623
-0.021707478
0.011581113
0.0053250504
0.003566226
0.0063816663
-0.0083909609
-0.0063608724
-0.00085693523
-0.0032531346
-0.0062816279
-0.0014256337
-0.01076437
-0.0062426394
-0.008474755
-0.0037359018
-0.010502296
-0.006740833
-0.00647157
-0.0016888475
-0.007317975
-0.0012413715
-0.0079962058
-0.0041059008
-0.0094290406
-0.0085984091
-0.0017922491
-0.0010906052
0.01444049
0.012421012
0.0043011904
0.0041703283
0.0193131
0.019383209
0.01637276
0.017631412
0.01700752
0.019628184
0.021553395
0.024223718
0.033913524
0.039133899
0.001921156
0.0027127395
-0.00029291949
0.010022048
0.00057482573
0.00070101196
-0.00078947864
-0.0023351249
-0.0030467243
-0.0029723367
-0.0036235536
-0.00054367731
-0.0046951529
-0.0043405618
-0.0014896013
-0.0083815046
0.020001139
0.017212335
0.034658749
0.027308992
0.022138636
0.02214267
0.030109952
0.029685516
0.033753266
0.044769584
0.028993376
0.033005688
0.033109441
0.031513512
0.037555363
0.044570394
0.034404346
0.038621085
0.035701589
0.041346061
0.11780134
0.037340896
0.047723844
0.091404454
0.031890967
0.040358733
0.039691733
0.045833506
0.052650178
0.073678027
0.024043782
0.029573694
0.046592519
0.043073509
0.037182453
0.066588827
0.027525477
0.040497647
0.028537494
0.029242153
0.079805704
0.094307975
0.087968957
0.099713873
0.061661793
0.048062152
0.083011099
0.095777091
0.073812266
0.079055681
0.052287771
0.074153461
0.092862573
0.057301038
0.071818486
0.088489995
0.073882521
0.14730563
0.12031812
0.097606456
0.048331704
0.10194079
0.056115624
0.11086259
0.065418318
0.025973603
0.043181214
0.12887025
0.10278986
0.11232041
0.0039131189
0.0034982222
0.00078379639
0.00017691505
0.00019998587
-6.3631466e-05
-0.00023980212
-0.019303536
-0.0053948532
-0.0051651791
-0.014646425
-0.0039997632
-0.013356194
-0.001916396
-0.0051356042
-0.0077348146
-0.0069672406
-0.00036818322
-0.019492949
-0.017623916
-0.031329513
-0.02980651
-0.029230493
-0.027717354
-0.0021154126
-0.027807524
-0.032002851
-0.02068737
-0.025362186
-0.018292745
-0.025241157
-0.029859724
-0.025145969
-0.022997685
-0.002806971
-0.033197132
-0.0020307667
-0.00067928385
0.0011217093
0.0042377509
0.039393096
0.039450269
0.035704515
0.041375367
0.030870162
0.03411925
0.030516807
0.044330535
0.030217514
0.04023626
0.038143766
0.035801146
0.028173413
0.034175505
0.035583881
0.045997392
0.034619313
0.036490834
0.051678213
0.053251563
0.04298267
0.049553265
0.058404811
0.0606547
0.03024078
0.035696835
0.037686024
0.064902638
0.045340972
0.051762562
0.058613775
0.065125999
0.037529786
0.044297543
0.05423891
0.052543445
0.068430915
0.06299372
0.074803436
0.062047491
0.050821885
0.062376672
0.049713901
0.056172269
0.045021227
0.051924164
-0.0021968628
0.00091386865
0.026537958
0.031458909
-0.010407543
-0.0084635137
-0.002438096
-0.0057592027
-5.9245812e-05
-0.0059255924
0.0011640325
-0.0043164409
0.0092349897
0.0014005565
0.0098186442
-0.003281689
-0.0038690359
-0.011648713
-0.015886634
-0.011989136
-0.013425656
-0.0017908982
-0.0021315314
0.0025759621
0.0059202275
0.0015036612
0.0012508462
0.0051508212
0.0085563038
0.0065259911
0.0083103013
0.004277848
0.0034347121
0.0030598949
0.0036018005
0.00081530361
0.0051967855
0.0061865322
0.0027723923
0.0062876215
0.00212583
0.0014845652
0.0033539066
0.0052707789
0.00088146979
0.0074171735
0.019782293
0.00965306
0.0033699595
0.0076043552
0.002130999
0.00051473058
0.00087278943
0.0022154541
0.0064579634
0.030005222
0.012795349
0.00012151408
0.00021357931
-0.005671205
-0.0093997083
0.032325826
0.033545898
0.05051322
0.058386538
0.019479264
0.040516746
0.01599292
0.023269339
0.034067444
0.021720451
0.025690764
0.027266488
0.025628962
0.030299501
0.011599623
0.041976814
0.034488848
0.031537751
0.033392736
0.042807189
0.033527422
0.037892549
0.042458318
0.038602851
0.043986042
0.045918371
0.048528382
0.04661865
0.04191434
0.04506656
0.041497215
0.039889725
0.040263887
0.044820933
0.035970987
0.037699344
0.083688067
0.052535691
0.044806113
0.050481078
0.04698837
0.10603846
0.048923795
0.05321944
0.056763635
0.050021497
0.097905001
0.065767794
0.056001525
0.05743714
0.028704912
0.032740645
0.029971725
0.039245641
0.020300005
0.023052255
0.036269685
0.038284125
0.035806251
0.037512161
0.031511783
0.046437942
0.038606232
0.040234673
0.033837312
0.036132777
0.038779783
0.042762749
0.031756608
0.0070337937
0.03552799
0.039254224
0.033217057
0.037791771
0.040327718
0.042905108
0.043428146
0.033185333
0.043912034
0.046114135
0.036096667
0.0082693491
0.008644461
0.035814728
0.036425065
0.046308029
0.017865322
0.033954001
0.030156944
0.040104191
0.037061351
0.033902773
0.0061464109
0.036678947
0.031754857
0.039221082
0.016133305
0.036335942
0.037270549
0.032156037
0.035781336
0.011999658
0.034587308
0.035552221
0.033789505
0.029883961
0.030445938
0.027945143
0.0085409027
0.011587743
0.0029808125
0.0017347828
0.0013954856
0.0044768443
0.0060433195
0.0074086286
0.018729399
0.0041648088
0.0096520143
0.013858848
0.013361495
0.032016998
0.022351365
0.034321148
0.029134319
0.02891553
0.027099439
0.027152033
0.022421996
0.032937783
0.032836603
0.026043731
0.029757803
0.028937898
0.032962645
0.032211869
0.030712791
0.023469933
0.020840072
0.031723234
0.029190643
0.012188639
0.029307175
0.018606357
0.016183181
0.032354226
0.030670607
0.025236661
0.028615847
0.014308241
0.024706756
0.021634989
0.019850783
0.017542528
0.012833217
0.021130776
0.015166356
0.025965562
0.024849845
0.010809762
0.0068643645
0.026857054
0.024699933
0.023790721
0.013359462
0.016626801
0.002460201
0.028337192
0.02553337
0.024033485
0.020919224
0.021827036
0.022305236
0.023080991
0.018839403
0.020451394
0.012657031
0.016058809
0.012087707
0.018858526
0.01272247
0.0077521637
0.0056490967
0.0094802717
0.011094439
0.011361956
0.0081181624
0.016157934
0.0088888104
0.0037652163
0.0061174065
0.0097523922
0.025465317
0.0093963271
0.0072614836
0.0064618465
0.009528275
0.023509834
0.014739058
0.0017079663
0.0045486425
0.0031345179
0.011450683
0.012799913
0.017963521
0.018342194
0.014874006
0.01627007
0.0214564
0.0046353865
0.0084925644
0.005617968
0.01056605
0.010299653
0.0029832067
0.007717262
0.020758612
0.004280718
0.026589262
0.020135997
0.005945902
0.027125745
0.022365103
0.025640678
0.013803536
0.009363743
0.068046984
0.095448137
0.11868009
0.10652051
0.11177852
0.11517491
0.090414564
0.040982482
0.10977732
0.079556599
0.06216911
0.029308571
0.038653135
0.074223387
0.011471043
0.096967641
0.075118207
0.06024249
0.017404368
0.077865131
0.05201314
0.030446746
-0.0047673588
-0.0034780221
0.010296149
-0.0013961373
0.043947751
0.013519129
0.023925857
0.04424917
0.058095641
-0.019497725
-0.018091888
-0.021413965
-0.010316827
-0.022991291
-0.018658329
-0.025426939
-0.020680895
-0.01380435
-0.020264256
-0.016348709
-0.022605734
-0.012962187
-0.0089766864
-0.010137852
-0.00570049
-0.013493277
-0.016156646
-0.0089259249
-0.0087744147
-0.01683979
-0.011993477
-0.0056520299
-0.0033552623
-0.018598944
-0.0082927826
-0.016911703
-0.0096955424
-0.026775021
-0.027945979
-0.03026013
-0.030432439
-0.031972495
-0.033198003
-0.031688688
-0.031605179
-0.029790779
0.0033118209
0.0016552479
0.049473277
0.044617614
0.038884313
0.042011086
0.041064121
0.046790341
0.039083029
0.043833454
0.036599679
0.035351278
0.032208588
0.035214172
-0.0042808866
-0.0037299959
-0.0017532941
-0.0013234522
0.011909725
0.01791061
0.011096196
0.015129948
0.015846508
0.01712776
0.016962418
0.01555949
0.010204594
0.014619717
0.018691811
0.017379609
-1.2274136e-05
0.00037845365
0.04929614
0.054088871
0.047845584
0.0541136
0.062118301
0.057512819
0.059762743
0.053704178
0.083851255
0.063318469
0.089734403
0.055559907
0.069434499
0.064266319
0.024569375
0.022883451
0.027174364
0.032159064
0.030291722
0.072915627
0.0015438323
0.0025952888
0.0058515942
0.0047715429
0.0042553525
0.0030508525
0.00071794313
0.0036905615
0.0073599431
0.0052308602
0.007529147
0.0097775902
0.008650714
0.017650294
0.0031723317
0.0085625379
0.093178346
0.032919457
0.034449115
0.032887318
0.031541654
0.028278372
0.032937073
0.033493474
0.030789136
0.029542148
0.026138731
0.032736495
0.031576732
0.027680091
0.031333492
0.023180555
0.023314016
0.021122959
0.011402352
0.020367188
0.032845067
0.015128202
0.012946263
0.022017242
0.02109657
0.00088072897
0.0038896331
0.0088361257
0.0050722677
0.018615253
0.014529927
0.019789028
0.075439669
0.011284715
0.080568441
0.085963406
0.085798495
0.099940115
0.10460542
0.11392188
0.10278437
0.074909005
0.008172843
0.10601786
0.090439998
0.11272507
0.096161981
0.084277644
0.045898033
0.040817876
0.06972197
0.094292335
0.032978194
0.080555748
0.056497762
0.010298677
0.061237822
0.062068697
0.022591822
0.08597191
0.079654677
0.073023127
0.063984471
0.078420884
0.0080564517
0.085750426
0.075875573
0.096849221
0.084230324
0.067112532
0.052695997
-0.024216342
-0.014704602
-0.025476733
-0.02738064
-0.025314979
-0.027232942
-0.026700453
-0.027945567
-0.026653927
-0.030313112
-0.027847392
-0.029011772
-0.029826649
-0.029359517
-0.030416342
-0.031453231
-0.028558545
-0.02125944
-0.030600384
-0.017602036
-0.0060294772
-0.0064385721
-0.008031343
-0.0049842061
-0.004918341
-0.0046731908
-0.0066891995
-0.0057604501
0.00053919024
-0.0078427335
-0.0027795297
-0.0036552099
0.00012886599
-0.0012540511
-0.0054558602
-0.0017719655
-0.00041672365
-0.0028074319
-0.0014028647
-0.0022638867
-0.003635336
0.00099448332
0.00059909838
-0.0045709204
0.0015688768
-0.0016440323
-0.0065571995
-0.0042216809
-0.002186098
-0.0027674146
-0.02962991
-0.029063114
-0.031912845
-0.032058887
-0.033151128
-0.0338545
0.051094664
0.045714323
0.015661613
0.011209281
0.05849588
0.062075215
0.065593603
0.052099742
0.068034061
0.075749164
0.059705699
0.05435962
0.077442803
0.078943697
0.083011705
0.073570485
0.076592967
0.086784187
0.089993972
0.10045928
0.088185928
0.10095617
0.1105867
0.10183171
0.063453038
0.071349069
0.049971205
0.060013398
0.04519392
0.051785457
0.03038276
0.018330177
0.019693597
0.0049387039
-0.0011343383
0.027095756
0.0032600182
0.028410079
0.020033729
0.001195511
0.0087834427
0.00073646688
0.007139952
0.0023313972
0.012991281
0.0037337741
0.012315441
0.0094666769
0.01921809
0.025777214
0.025374833
0.032219695
0.030032619
0.030952715
0.0077955828
0.010504011
0.020981051
0.030606708
0.0054722719
0.025426208
0.020966639
0.014533686
0.040418269
0.021453853
0.023037261
0.023982321
0.017176099
0.037810886
0.015652495
0.033617133
0.0224153
0.025404489
0.030316634
0.062108022
0.033005838
0.036298429
0.027007777
0.053363996
0.0433625
0.044717672
0.011493094
0.068539254
0.03253187
0.054854884
0.031029894
0.026174811
0.016850236
0.016436106
0.023020045
0.025009862
0.095431088
0.094522619
0.083315047
0.065710935
0.056840357
0.073115731
0.068689633
-0.02348331
-0.021125946
-0.01282662
-0.011634933
-0.015781564
-0.015736609
-0.012715195
-0.012330298
-0.015732268
-0.013878681
-0.011642897
-0.011742421
-0.0094365387
-0.0030551172
0.014880352
-0.0047501091
-0.00280101
-0.0055125738
0.013413671
0.072667752
0.082766336
0.028055932
0.024481304
0.031102163
0.030770419
0.0044323278
0.0053733448
0.028423293
0.049410247
0.052181719
0.043545386
0.062148153
0.05246281
0.059519138
0.065100886
0.072222669
0.059379768
0.057311521
0.070666316
0.064949509
0.046780572
0.046619043
0.033983659
0.033331372
0.028277588
0.0078758581
0.026688957
0.033188936
0.013593227
0.030590831
0.012689415
0.043403655
0.010579128
0.023342399
0.031106975
0.08632591
0.074039067
-0.00094104287
0.045752528
0.04482134
0.036094024
0.051537339
0.011906235
0.032655196
0.0078229988
0.034420625
-0.00035064831
0.0074430553
0.021213835
0.01559844
0.00036891041
-0.00035785042
0.02491545
0.0017074985
0.0030742679
0.0046141928
-0.00014910527
0.042133318
0.013185273
0.012089261
0.039183275
0.00027872505
0.0098701931
0.0031618812
0.021321402
0.015014089
0.02848752
0.020249018
0.011081403
0.016025908
0.00032373934
0.0029967365
-0.00030825634
0.0024509915
0.0002330023
0.058703053
0.060512443
-0.0047023051
-0.0085127971
0.042249379
0.012088219
0.024293319
0.0251344
0.037159954
0.020412466
0.036251686
0.0059104165
0.03108127
0.033073057
0.037517429
0.042921463
0.031327991
0.00058168593
0.0031116009
0.0054841313
0.0004522003
0.0016839628
0.0027203412
2.8178244e-05
0.00197524
0.038131351
0.048237136
0.020215433
0.035467872
0.054412928
0.046749065
0.013560475
0.036982103
0.021101445
0.018065311
0.0055698032
0.01595075
0.023083482
0.0571791
0.030588059
0.039118019
0.042632464
0.058562998
0.018014235
0.030549746
0.0027481833
0.015331678
0.025189651
0.061786074
0.047670771
0.053740352
0.053951426
0.065533564
0.042799647
0.050122296
0.050700658
0.057653374
0.071924662
0.065483842
0.0083828946
0.021441639
0.0076461686
0.0016162152
0.012307947
0.0018384581
0.018352085
0.0016853121
0.010573134
0.023015208
0.028548923
0.012500568
0.027172934
0.034246868
0.043984703
0.0022419439
0.00020058151
0.0025245481
0.00024248557
0.0063997593
-0.00075060501
-0.00017796953
0.015405305
0.0034572512
0.0051452718
0.0024530111
-0.0014023439
0.0057829122
0.011094208
0.0031954934
0.00098964505
-4.8352552e-05
0.0064315194
0.0023390529
0.0048319971
0.0070580485
0.010157282
0.0091862489
-0.0029314563
-0.0043264135
-0.004132596
-0.0019773036
0.0013494117
0.00091686537
0.0033061426
0.0031568547
-0.0023687063
-0.0020620224
-0.0011151005
6.8361506e-06
-0.0031580646
-0.0030834557
-0.0043817325
-0.0051448545
-0.0038993387
-0.0041013682
0.0007975463
-0.0026602435
-0.0010468521
-0.014744592
-0.015444076
0.007656246
0.004430758
-5.6978377e-05
-0.00049970719
-0.00030379015
-0.00010625989
-0.0025257393
-0.0024575869
0.0013975176
0.0023000107
-0.00031865131
0.0018898239
0.0045964637
-0.0045042155
0.0043813082
0.0003280887
0.0053595258
-0.001455625
-0.0022682513
0.0065433308
0.01250443
-0.011936581
-0.010894127
-0.0073831441
-0.0073391866
-0.005714347
-0.0080078753
-0.028077501
-0.026740863
-0.00042997178
-0.00080067635
-0.0050173616
-0.035428421
-0.0017751603
-0.028282208
-0.028211777
-0.032685043
-0.032866993
-0.035909286
-0.036581052
0.070221268
0.064797687
-0.0096157913
-0.0066719832
-0.005318562
-0.0032731073
-0.0072263865
-0.0048607764
-0.034108785
-0.034405058
0.01403672
0.015439745
-0.0018662105
-0.00070539395
-0.00067635063
-0.002025923
0.02800713
0.03070881
0.027578439
0.03254616
0.013084333
0.010214131
0.00079735932
0.0038891367
0.0022435515
0.0023000887
0.0049138388
0.00086149596
0.004537046
0.002149151
0.0032007158
0.0028637701
0.058502141
0.065507991
0.052912474
0.053183082
0.029622407
0.031662782
-0.00080650305
-0.00027931463
-0.0019661488
0.0009609397
0.0010062437
-0.0012048997
0.0085461365
0.010749745
0.017877744
-0.00080247421
-0.0043516213
0.012885685
-0.011124061
-0.011073751
-0.011494067
-0.010720314
SCALARS Ux float 1
LOOKUP_TABLE default
0.22329008
-0.001750859
0.069707533
-0.00018041411
-0.00077808299
-0.00046150313
-0.0011022588
-0.00017519302
-0.0035155233
0.03522947
0.34863831
0.33482363
-0.0017575766
0.14390732
0.059560655
-0.00036447797
-0.00039007762
0.068311346
-0.0068602608
0.15082722
-7.3409723e-06
-0.0010612137
0.089559493
-0.0025370651
-0.003077029
-1.5227056e-05
-0.0013986643
0.0077549457
-0.00016667066
0.29442847
-0.00012457579
0.03782196
0.32385532
0.028282809
-0.0040805266
0.33995115
0.34473857
0.26880549
0.33871108
0.34257285
0.072065815
0.24337915
-0.00098778346
0.0002281239
-0.00042555774
-0.00089437579
-0.0023171859
-0.0014870775
-0.00022568299
-0.00047547001
-8.0310971e-05
-0.0014786393
-0.00050592545
-0.0035708153
-0.00083717014
-0.00082448004
-0.00024201264
-0.00034135869
0.010213805
-0.0047241578
-0.0025247348
-0.0035847044
-4.254978e-05
-7.0592657e-05
-0.0005089243
-0.00014567038
-0.00017549281
-0.0062820767
-0.00040962903
-0.0061825381
-0.0023757708
-0.0020017461
-0.0043968179
-0.0058523264
0.0017859993
-0.0042444299
-0.00056534091
-0.0015640388
-0.0058683103
-0.0051750092
-0.0025187571
-0.003166442
-0.0029899861
-0.0058230506
-0.0036318434
-0.0017137112
-0.0061023147
0.046221211
-0.003406022
-0.0042235721
0.022301314
-0.00098469966
0.0099944525
0.043207649
-0.0056610754
-0.0042803942
0.017600957
0.28584385
0.12754418
0.0021217037
0.024497668
0.00035496012
-0.0036564225
-0.0019735788
-0.0010833752
-0.00050808939
0.0031973489
-0.0025105641
0.13057039
0.016261187
0.16548107
0.19654043
0.045924031
0.10367809
0.18677224
0.0096641942
0.19543795
0.1500865
0.067013281
0.020717845
0.070867281
0.043506726
0.056769503
0.14713478
0.10651442
0.10713199
0.10937744
0.13190791
0.024503932
0.058642151
0.11278567
0.13151077
0.1544372
0.095685762
0.14933872
0.19887966
0.21514746
0.061064363
0.13618894
0.12894389
0.21506491
0.14768282
0.20654509
0.1823831
0.19616232
0.18875048
0.19447884
0.1397168
0.19236599
0.25692201
-0.0066302691
0.13612582
0.23430606
0.236516
0.14932128
0.099149817
0.25430965
0.20092174
0.1967038
0.13639631
0.15154844
0.024313367
0.11716094
0.21045553
0.15419183
0.212517
0.15369557
0.24030679
0.21952757
0.12878341
0.034993046
0.26924361
0.17038721
0.094129317
0.16159639
0.16597226
0.10767312
0.11535829
0.066809253
0.066054128
0.23476275
0.26941755
0.2301063
0.33654002
0.061898402
0.13209455
0.05698838
0.3509672
0.34304125
0.22160135
0.063562916
0.31248601
0.25350056
0.10249365
0.12767739
0.26957968
0.056466772
0.10771991
0.3378082
0.12223583
0.17080058
0.083373307
0.34510464
0.2221906
0.29875669
-0.0069151818
0.10960667
0.097997385
0.31898707
0.32385105
0.2936589
0.25536355
0.35163618
-1.7874574e-06
0.32343264
-0.0066275132
0.19784364
0.30189376
0.32037391
-0.0006172574
0.26877247
0.16060302
-0.00677621
0.23253467
0.34813107
0.32710943
0.24176999
-0.00027898085
-0.0020412597
0.26728384
0.23200823
-0.001390026
0.33620732
-7.6678578e-06
0.10711544
0.018100983
0.17103718
0.040595024
-0.0014193645
0.328907
0.28352725
0.34297787
0.18871651
0.061851014
0.10024799
0.21781371
0.073522871
0.18414777
0.30812939
0.30406407
0.34441119
0.21690534
-0.00063883729
0.15849775
0.34093509
0.13553053
0.26850892
0.35075413
0.11943863
0.12781086
0.17879808
0.22493469
0.11351505
0.15487917
0.23493138
0.15241027
0.20523653
0.10480593
0.12256956
0.17420519
0.34474795
0.087138032
0.12754853
0.13709918
0.21442713
0.14161009
0.27393798
0.29034111
0.042471592
0.072175336
0.17019971
0.19395621
0.1980621
0.22834511
0.25023445
0.197471
0.24441189
0.33908323
0.24884274
0.24787438
0.26207976
0.27326441
0.25345661
0.2129674
0.20961914
0.29188112
0.30063302
0.29143657
0.26172467
0.29588079
0.27084353
0.32776347
0.29153264
0.32702943
0.32894306
0.28944613
0.31331016
0.31363884
0.34591309
0.3146238
0.24206349
0.22703006
0.23700832
0.2706434
0.066236155
0.1738799
0.21318086
0.25457085
0.019585003
0.057092738
0.054444417
0.082644065
0.17677105
0.12000418
0.22951797
0.29527388
0.19373609
0.25301765
0.13689027
0.052189461
0.21254949
0.24524734
0.28459058
0.26242562
0.2595073
0.25114132
0.29211867
0.12130683
0.19138151
0.013828719
0.059046286
0.055923218
0.17791491
0.1558533
0.2015386
0.015596622
0.18937796
0.20987119
0.24946638
0.17787682
0.1376509
0.23177464
0.29468331
0.093002079
0.14712867
0.10864805
0.2488589
0.16432316
0.20511825
0.22874004
0.26529712
0.20252091
0.23232995
0.21294586
0.27646831
0.29194308
0.28636104
0.29014031
0.26220932
0.26376
0.26917844
0.19683015
0.22854039
0.28953462
0.31322135
0.14137547
0.22855634
0.24537526
0.30992474
0.23079115
0.25984916
0.2137024
0.13573427
0.18537812
0.28818201
0.21317709
0.23372106
0.31081828
0.33784941
0.26199615
0.27802927
0.2446784
0.26751426
0.32584439
0.30232385
0.23944556
0.33406872
0.30536655
0.32236634
0.25291818
0.27810667
0.28190072
0.32412085
0.15425525
0.26094898
0.27068723
0.30137921
0.32973475
0.33314045
0.20717355
0.2143376
0.30125629
0.32236075
0.2763249
0.30516251
0.32431781
0.328278
0.195315
0.25446106
0.32799164
0.3281695
0.31240948
0.31284001
0.16599292
0.055529859
0.3134443
0.33299587
0.31159567
0.28334454
0.20703188
0.30055949
0.28983761
0.31026131
0.33218605
0.31180227
0.28416943
0.32033432
0.33313129
0.33846402
0.29585175
0.32036172
0.33850914
0.34027051
0.34969247
0.32993778
0.29396753
0.25279954
0.31141463
0.33366335
0.27995458
0.26910315
0.30286275
0.32218093
0.30796314
0.32133531
0.33303448
0.34105448
0.34685639
0.34781462
0.23763587
0.25447405
0.16170702
0.056467689
0.31895371
0.31036837
0.24925051
0.29044333
0.28238504
0.087130687
0.34556856
0.11324427
0.031812873
0.02428687
0.27695452
0.28444709
0.33121801
0.33265569
0.29300099
0.31798693
0.29891211
0.32616095
0.16864838
0.19085586
0.093505083
0.054148777
0.10940371
0.092042312
0.33803289
0.32662683
0.3293014
0.31107149
0.27696287
0.23860226
0.31970183
0.34830283
0.33851556
0.33625895
0.31114789
0.32708752
0.33721632
0.3384038
0.31337795
0.32687397
0.14805311
0.27799441
0.3362834
0.33099523
0.32914415
0.33741654
0.33640732
0.3290095
0.34201735
0.34540433
0.30997911
0.31346097
0.33215741
0.32450419
0.34018247
0.32941983
0.33047996
0.31882844
0.31897928
0.3350386
0.34735971
0.32958061
0.21626373
0.26114937
0.32032775
0.33126933
0.30717152
0.3270537
0.33695947
0.34045783
0.34271513
0.34686413
0.33355798
0.34015036
0.34819346
0.34213209
0.33529524
0.34320912
0.30723388
0.35257261
0.32723631
0.33793027
0.34110069
0.34272034
0.33872314
0.33540018
0.34568747
0.34128529
0.1724156
0.26386475
0.3362762
0.28695611
0.25308545
-0.0069290587
0.21367487
0.3359757
0.34514902
0.34804853
0.34412058
0.34696362
0.24416508
0.21639356
0.24307926
0.28638218
0.35008045
0.058993557
0.31931502
0.017656778
0.34077505
0.3469437
0.24705093
0.21501402
0.19248043
0.24873874
0.28975237
0.24970679
0.23727888
0.2870295
0.34860162
0.35061769
0.34437685
0.34666971
0.34743312
0.3418116
0.13577133
0.1400674
0.26355511
0.23970861
0.25293423
0.23636314
0.20972537
-0.0022937638
0.2025169
0.23447147
0.13986383
0.15949917
0.27604
0.31387262
0.27731241
0.2960799
0.26458577
0.34466612
0.32234512
0.30837747
0.2983524
0.29605728
0.350675
0.27883874
0.3201953
0.3330256
0.3501025
0.34944004
0.2774161
0.34997247
0.32210245
0.34791632
0.3475187
0.34953551
0.34281234
0.34588354
0.34770479
0.3458682
0.34695265
0.23420305
0.1910638
0.17865923
0.07713532
0.15709878
0.20078221
0.35573005
0.34853778
0.298077
0.2809558
0.18596451
0.25333619
0.334336
0.3320882
0.20411978
0.32636528
0.23354778
0.27981169
0.33380316
0.34828321
0.25569536
0.3237625
0.3525019
0.21749545
0.35039011
0.34215781
0.3485076
0.34752705
0.34467467
0.3469966
0.33546576
0.16968179
0.11693425
0.3431204
0.34707509
0.010082001
0.31331878
0.33700744
0.21750638
-0.0072794337
-0.004719341
0.2110835
0.31391264
0.35066348
0.048463851
0.33441838
0.3502306
0.34157912
0.34177371
0.34888696
0.3484456
0.34830976
0.34481364
0.34703477
0.3467634
0.18512111
0.15015384
0.06611014
0.08673477
0.11213971
0.21977774
0.19160549
0.26841947
0.20724712
0.3493614
0.34803482
0.3512265
0.06195635
0.25188785
0.20482109
0.34251863
0.26560677
0.22147791
0.30583849
0.29332562
0.34863303
0.34630726
0.34797995
0.34802637
0.34909913
0.34833889
0.34959664
0.35045713
0.34882242
0.34623307
0.34556893
0.3482844
0.34843845
0.34852636
0.27853144
0.34257168
0.3454284
0.350134
0.34848453
0.34381122
0.34787237
0.34601028
0.34719034
0.34414112
0.32559001
0.33915152
0.3441088
0.33597158
0.34734545
0.34035941
0.3340288
0.33326989
0.32355968
0.32325932
0.34120109
0.3438434
0.34046656
0.33467845
0.34356818
0.34733327
0.34413963
0.34171681
0.056220233
0.094488419
0.11740507
0.13491832
0.11179842
0.13709312
0.34770269
0.35003402
0.26708473
0.34324833
0.3429507
0.34992179
0.014169326
0.34849981
0.34486343
-0.0020479557
0.3498974
0.34820875
0.34991256
0.34875084
0.34847489
0.34393713
0.34733233
0.3498053
0.32997584
0.34117614
0.34661436
0.33023873
0.33026087
0.32292878
0.33932757
0.25332633
0.34543707
0.34497858
0.3463807
0.3455
0.34107733
0.34628298
0.34453445
0.33999384
0.18670654
0.066247908
0.32695301
0.29429517
0.23819913
0.28313554
0.33714595
0.35148282
0.068728397
0.048485601
-0.0037310447
0.0021959296
0.083684508
-0.0047392616
0.039098604
0.049576721
0.067554833
-0.0021194592
0.065204038
0.080420394
0.099392942
0.14089978
-0.0075486989
0.31351865
0.16106698
0.083984514
0.32498341
0.18541862
0.34948809
0.34966438
0.32508073
0.31371435
0.32628112
0.33023866
0.27184086
0.31181931
0.33498348
0.30960008
0.22371414
0.3013397
-0.0039340377
0.032069129
0.33081923
0.30843657
0.282793
-0.00090014562
0.24260708
0.34435509
0.34275431
0.3287156
0.345973
0.3347158
0.13606501
0.01722449
-0.0042671807
0.040784724
0.0025984603
-0.0020103355
0.026587092
-0.0054826871
0.20411764
0.011368096
-0.0012399156
0.10884347
0.17563853
0.33315072
0.21113913
0.34978334
0.045270691
-0.0016972495
0.35104333
0.31542124
-0.0023201326
0.34297665
0.3461366
0.34696543
0.34971612
0.34672791
0.34709097
0.34896802
0.34990702
0.31962899
0.34151123
0.3408172
0.32649846
0.32013044
-0.003037227
0.2896143
-0.0005266028
0.30346101
0.28503063
-0.00050731951
-0.0032696635
-0.0022898869
0.012359979
0.025747725
-0.0063301024
-0.0029672347
0.20913637
0.19070094
0.11821288
0.11019341
-0.0062007077
0.051138362
0.13318533
0.18594728
0.3208882
0.12644256
0.34088091
0.066900613
0.18274111
0.35206339
0.34131774
0.35093816
0.32656736
0.31321196
0.35021574
-0.0047332391
0.33205467
0.3341354
0.30987818
0.33687149
0.057024549
0.34595963
0.34659609
0.34927545
0.34970497
0.24349025
0.33013866
0.34520053
0.29384415
0.35092386
0.041601289
0.10852494
0.23314318
0.25649968
0.33777602
0.3213372
0.032790809
0.27084145
0.29145787
0.34923775
0.34163422
-0.0059629165
-0.0043865438
-0.0051086809
-0.0081412111
0.10471364
0.12640735
0.24939103
0.23818371
0.24990368
0.12223329
0.31466384
0.29660502
0.33802955
-0.0011813947
0.35084712
0.16859115
0.26591129
0.29043071
0.12581147
0.28862208
0.34913926
0.17872816
0.34490152
0.1341105
0.35184386
0.34549847
0.35005791
0.35155902
0.35113371
0.35207096
0.3503315
0.17945751
0.14245116
0.16664089
0.12665216
0.27853383
0.23943541
0.35102735
0.34773585
0.34577349
0.34961603
0.34834463
0.3503621
0.066510197
0.12862774
0.10378319
0.032009891
0.12795232
0.17340623
0.058690911
0.17186502
0.058677818
0.11712062
0.10884377
0.23837594
0.33464964
0.040719725
0.10214645
0.30449411
0.26581281
0.19366375
0.031603253
0.3301801
0.34542778
0.35130786
0.34750151
0.35215023
0.35136534
0.27488365
0.26021209
0.19332483
0.34877313
0.35022607
0.34252109
0.33706234
0.35245622
0.34136311
0.35199034
0.35168829
0.061934804
0.057537811
0.31377652
0.28559251
0.34296597
0.33828204
0.34698822
0.33928085
0.33443865
0.34240555
0.32536151
0.30894417
0.34487729
0.34646452
0.33899906
0.34310405
0.35415235
0.34611184
0.35312655
0.32393475
0.18749152
0.1900765
0.3193133
0.30560527
0.35064568
0.34608066
0.35263261
0.34970815
0.34730564
0.34654994
0.34594476
0.35356965
0.34955504
0.3389021
0.35213458
0.35103039
0.34355453
0.13935504
0.35022981
0.34643475
0.34154211
0.33241956
0.35353137
0.34280944
0.28731921
0.30497293
0.35140301
0.34433011
0.33150479
0.33360199
0.34940348
0.35320673
0.053588237
0.11337042
0.14100876
0.032517856
0.2669929
0.35449767
0.34216563
0.33587683
0.3322227
0.34376044
0.35235722
0.35153993
0.35336461
0.06886
0.021637899
0.34985016
0.35293728
0.35386414
0.35344671
0.34398887
0.34803356
0.34470888
0.33239144
0.34814073
0.34990348
0.35124809
0.35302385
0.11708979
0.21974033
0.34969711
0.33520035
0.32231069
0.3093531
0.16132728
0.10823205
0.22059016
0.2677002
0.33736338
0.30713337
0.13307926
0.027642492
0.1436338
0.19302831
0.16746447
0.26080584
0.043940115
0.25562989
0.27160966
0.23040256
0.13771705
0.24103582
0.3281969
0.23706794
0.17565694
0.17803205
0.26728815
0.32112714
0.14039806
0.27853452
0.32418393
0.31281795
0.27742883
0.28961208
0.19715294
0.22658842
0.3511373
0.33956988
0.3337656
0.3248054
0.30015424
0.27489936
0.22997345
0.26885782
0.25236797
0.20933715
0.35428489
0.35506244
0.33946742
0.31819999
0.28891587
0.26906062
0.27766342
0.3110825
0.33990923
0.33350039
0.32507878
0.28104142
0.25914628
0.27764285
0.25585971
0.27543929
0.30712116
0.27834953
0.33953721
0.28198495
0.32415356
0.30657769
0.29763362
0.29480965
0.31532277
0.31882391
0.32340569
0.29813454
0.2972268
0.30835135
0.3147958
0.30822859
0.32271365
0.33231711
0.31030652
0.33062241
0.29301735
0.30930166
0.33186445
0.33333411
0.3245737
0.33025463
0.33773876
0.32703618
0.34297315
0.33028969
0.31746993
0.30291966
0.2818451
0.29173181
0.33001299
0.3413084
0.35048564
0.34981789
0.31693101
0.29659466
0.30736685
0.3161008
0.3044802
0.32930268
0.34975614
0.34632466
0.32504991
0.2967391
0.32455705
0.3170509
0.29491194
0.26120129
0.31090806
0.32997916
0.34990635
0.35421451
0.34220319
0.28674535
0.30218127
0.26432934
0.29305059
0.32213967
0.33294508
0.34293949
0.3546776
0.35414496
0.3536091
0.30408641
0.33025529
0.30738221
0.29454086
0.28196208
0.23118634
0.22129161
0.32210004
0.32344525
0.31152285
0.32190978
0.31014807
0.33748997
0.33460473
0.34100459
0.32821116
0.33248198
0.31016424
0.32111483
0.32293049
0.33494862
0.2962897
0.30767561
0.27697195
0.33878291
0.3405073
0.34460318
0.32826954
0.32786856
0.31501565
0.32682156
0.33473668
0.33918236
0.14526463
0.25420218
0.33763213
0.33508513
0.35458559
0.35615819
0.34821663
0.32268046
0.35546272
0.35016602
0.34727426
0.33724046
0.32180168
0.34210763
0.27547751
0.26673363
0.33797684
0.33149635
0.33330094
0.33546376
0.35436332
0.35543189
0.35510036
0.35527637
0.35585645
0.34340274
0.35400733
0.32877798
0.30518388
0.30303681
0.33907836
0.32846916
0.27110052
0.25113381
0.19283023
0.27084529
0.33980113
0.34040326
0.35527319
0.35616068
0.33484741
0.34879399
0.35192919
0.34350918
0.34212686
0.15722478
0.34422395
0.34507068
0.30665068
0.29231367
0.22977301
0.1735866
0.26655511
0.28765172
0.33752509
0.33186005
0.33967984
0.33734081
0.34106348
0.34239661
0.34215706
0.32754534
0.34555187
0.34014277
0.33949807
0.34310388
0.34330237
0.34162848
0.34074847
0.34262379
0.34429845
0.34535075
0.34193441
0.33219866
0.34235664
0.3444184
0.34397413
0.34401786
0.34246835
0.34071014
0.35612863
0.35610322
0.34941553
0.34751379
0.35542472
0.35548858
0.35259483
0.35245782
0.34790653
0.33006954
0.34217055
0.12363164
0.34480413
0.25612816
0.25255555
0.20912722
0.20451987
0.34603232
0.22917173
0.34323196
0.34025798
0.34374698
0.33601997
0.33985641
0.34376154
0.34480358
0.34123613
0.34254056
0.33972625
0.34341068
0.35597645
0.35293941
0.34552766
0.3151367
0.34347471
0.34654132
0.34623742
0.34524814
0.34459441
0.33242034
0.3387471
0.35271801
0.34656069
0.35358371
0.34091106
0.35336316
0.29163122
0.35420208
0.34977306
0.35483857
0.35144113
0.34104841
0.33590618
0.34956051
0.34955055
0.3415274
0.35314618
0.35687936
0.35264994
0.33212333
0.34677868
0.26345571
0.21309508
0.33616815
0.35380034
0.34285214
0.31958481
0.26483423
0.35646658
0.33076617
0.32016112
0.32231547
0.35718865
0.32792967
0.34262937
0.35705818
0.35027612
0.32292935
0.33035548
0.32732913
0.21368557
0.28173071
0.052169465
0.26651906
0.27000316
0.28653714
0.3416229
0.33569652
0.33996332
0.34285518
0.34347294
0.34419906
0.34231242
0.34659857
0.34542043
0.34494973
0.34272721
0.3410127
0.34026011
0.33617704
0.33543999
0.33616727
0.327722
0.32068283
0.31937718
0.34736393
0.34427211
0.35509888
0.35444762
0.3133023
0.26832369
0.32699974
0.29085148
0.23775778
0.14013108
0.24042787
0.15959173
0.24988832
0.31497888
0.35384771
0.3443357
0.29986391
0.34895852
0.33877856
0.31248232
0.28174312
0.25027866
0.24236717
0.1567265
0.28252366
0.27238361
0.27417317
0.23937193
0.24281256
0.20205876
0.25468915
0.22540787
0.34245626
0.34255918
0.33267136
0.3336343
0.35703919
0.35658583
0.34406957
0.28344546
0.29660887
0.27834622
0.339918
0.33733836
0.24537889
0.16600768
0.20750575
0.21135991
0.15545546
0.21327558
0.34207833
0.34139163
0.34264449
0.34150126
0.33791692
0.34282075
0.34250885
0.34111375
0.33610792
0.27725667
0.3362326
0.32649462
0.33920353
0.33276981
0.33813039
0.34302623
0.34099322
0.29305899
0.32817986
0.33602575
0.33618316
0.32481491
0.31424069
0.31436824
0.31327968
0.23462831
0.32707873
0.31247069
0.35473907
0.35440707
0.34884404
0.33908025
0.2981408
0.27093881
0.02245624
0.10512925
0.22719614
0.32697107
0.34264953
0.34071061
0.33797701
0.33816734
0.33341733
0.33761773
0.32946318
0.32966656
0.27948486
0.28888015
0.35658016
0.35648464
0.3557679
0.28342845
0.24327655
0.19891215
0.33264919
0.2740736
0.17339996
0.11247622
0.10602576
0.11032747
0.034847378
0.17926344
0.15244657
0.18136397
0.13547834
0.18472162
0.24649486
0.34154496
0.34188177
0.34102958
0.33327663
0.35608459
0.35687054
0.35539861
0.34741993
0.3506425
0.26809692
0.27924793
0.24296738
0.33196468
0.29279808
0.25745248
0.24635213
0.33857676
0.33973
0.33805619
0.34172754
0.33942366
0.33974491
0.34088191
0.33714626
0.33053464
0.33400325
0.3327164
0.29395791
0.33364933
0.33964815
0.35666528
0.35424016
0.35722164
0.35766428
0.35783503
0.35746918
0.34908173
0.32290689
0.35617265
0.35733313
0.18812983
0.23768575
0.29918263
0.29473713
0.31883224
0.30407058
0.29589941
0.24196025
0.31774082
0.31610556
0.30349758
0.23472479
0.3394991
0.31431422
0.32209076
0.31514304
0.29241193
0.083061956
0.27273305
0.2323894
0.30873497
0.062286487
0.35641894
0.34955223
0.35496658
0.35386922
0.34351338
0.34909615
0.34902236
0.35321051
0.35607957
0.35291247
0.35545486
0.35366046
0.26573381
0.26863942
0.20604402
0.055523194
0.20533527
0.19448757
0.21537265
0.15357324
0.14127118
0.12386911
0.34817957
0.32805066
0.19366032
0.082957175
0.33724891
0.33989704
0.33941582
0.35768947
0.3562541
0.3515692
0.35527784
0.3571235
0.35629948
0.35746498
0.34570155
0.35437269
0.17405278
0.17156314
0.31628908
0.29985677
0.25870443
0.20403673
0.17947291
0.15268859
0.23123035
0.22468194
0.34800336
0.35270672
0.33106548
0.34842682
0.35176702
0.35758237
0.3534879
0.3478575
0.35737665
0.35615057
0.32707098
0.33731611
0.33749974
0.23822231
0.33459291
0.33845548
0.35735987
0.35300101
0.35713907
0.28263566
0.29995827
0.26920854
0.33078256
0.34524333
0.35125603
0.33351649
0.34443123
0.26256743
0.24299622
0.17944813
0.34936525
0.34378977
0.33828206
0.30325616
0.34130383
0.34070608
0.32199329
0.32942383
0.35496503
0.35723161
0.26895105
0.27135707
0.24816054
0.25028079
0.24632695
0.20648035
0.26331063
0.32502716
0.055667875
0.19039806
0.28112584
0.35750622
0.22728898
0.18316872
0.35490416
0.35000943
0.35703273
0.35675031
0.35458291
0.35447974
0.32294744
0.29041736
0.34759034
0.32005206
0.30175397
0.3113618
0.33740904
0.35375495
0.20456841
0.22283022
0.35530419
0.35788592
0.3481144
0.35343911
0.33160587
0.35720397
0.33415216
0.31911578
0.33491381
0.31175502
0.32930036
0.29358059
0.21658803
0.32726534
0.31536238
0.33545077
0.29444978
0.34641257
0.3270678
0.35738409
0.35784077
0.33901017
0.3429011
0.35702252
0.24687286
0.3467053
0.33321235
0.35744646
0.21745347
0.33326228
0.31447896
0.18432199
0.28960759
0.22572684
0.13798201
0.16968429
0.20078327
0.35695037
0.34721429
0.35755465
0.34820219
0.2794591
0.27437379
0.21527436
0.14482327
0.10935768
0.31392771
0.22156866
0.18081513
0.23299386
0.22023666
0.13610255
0.11609326
0.17266965
0.046524254
0.35758794
0.3531403
0.3575975
0.35390919
0.31020515
0.27553573
0.31197351
0.28821802
0.25198421
0.25000923
0.24166853
0.27196259
0.26845772
0.20793826
0.27331483
0.29541807
0.20420335
0.14906832
0.22361662
0.16739644
0.21939096
0.18607286
0.026512971
0.097487947
0.082154855
0.35310935
0.3575436
0.35351092
0.34870138
0.35610004
0.28795175
0.29274343
0.35340543
0.24245374
0.3514154
0.34702948
0.35459844
0.35529965
0.23811322
0.35146441
0.35750729
0.34897454
0.34352669
0.34068001
0.33908946
0.3563146
0.35744487
0.3517416
0.35598315
0.35391633
0.35778375
0.35378665
0.35733729
0.35726402
0.34838383
0.35144894
0.22713422
0.34693256
0.35145851
0.3452131
0.35578749
0.35139246
0.34168574
0.3498614
0.33747164
0.33198381
0.35505928
0.3577746
0.35694154
0.35748995
0.35757865
0.35729341
0.35073712
0.3371944
0.34970717
0.3447957
0.34307471
0.34120005
0.34246168
0.35630666
0.35360249
0.35238378
0.35803583
0.35202221
0.35233789
0.34506491
0.3243704
0.33366049
0.34178311
0.32827041
0.34465413
0.3446208
0.35554264
0.35708025
0.3577409
0.35698273
0.31664933
0.33415737
0.34449072
0.33586703
0.33229141
0.33864683
0.2976256
0.35022731
0.3524579
0.35688505
0.32477128
0.33300021
0.30387977
0.28259843
0.34740614
0.34673172
0.34372385
0.35408046
0.35113285
0.35813226
0.33829402
0.32001854
0.33308768
0.31752413
0.32435377
0.34427919
0.31698549
0.35801584
0.35659728
0.35770115
0.31877429
0.32046565
0.3034208
0.32039836
0.33788047
0.32203343
0.32834454
0.32074359
0.29420499
0.31855627
0.30538315
0.30238064
0.25349841
0.27946222
0.18675494
0.33666261
0.25249529
0.27101706
0.29984076
0.28580692
0.35471851
0.32416811
0.25563022
0.32114692
0.32120443
0.291524
0.2054158
0.28760629
0.2077999
0.31532372
0.34346288
0.34398759
0.34340746
0.35660063
0.35692878
0.35112068
0.33916907
0.32647526
0.32677462
0.31934554
0.31820548
0.2461451
0.32424591
0.28510113
0.30151028
0.25907306
0.31043899
0.28012562
0.30369877
0.29664607
0.24407611
0.2791076
0.29926929
0.32140855
0.3054969
0.32313397
0.3582383
0.31654513
0.33275621
0.33417089
0.33390325
0.32404359
0.35576219
0.35681324
0.35827734
0.35736804
0.30477962
0.30575811
0.028437157
0.19164334
0.20229982
0.30208142
0.3147997
0.33299129
0.22873692
0.32194954
0.35037598
0.35794735
0.332599
0.35265442
0.3507803
0.32770513
0.35813329
0.33273681
0.34691691
0.28693205
0.33635615
0.26679752
0.35292362
0.3442366
0.35253353
0.34922168
0.35696301
0.35667206
0.29064834
0.28629744
0.22871188
0.2597505
0.35728811
0.35719686
0.35425606
0.27063361
0.27104553
0.23446083
0.30856989
0.27227306
0.26217172
0.24641991
0.24483823
0.18485369
0.22850117
0.21436744
0.3008486
0.33448823
0.31693233
0.34390016
0.31166336
0.34452302
0.35043382
0.3374838
0.34521456
0.32343508
0.33359376
0.34462437
0.34844839
0.097803009
0.33429027
0.32311131
0.33186474
0.30203291
0.29350553
0.33029468
0.12637611
0.32417848
0.34334067
0.35801704
0.087466986
0.35622779
0.35390699
0.065686061
0.23379968
0.3344731
0.31693385
0.31920939
0.32346135
0.35158604
0.35707634
0.3502534
0.35542524
0.35740402
0.34797353
0.35680272
0.082008817
0.06212483
0.3568739
0.35679541
0.34873045
0.3548581
0.059761368
0.35446109
0.3538972
0.24731389
0.27373404
0.33260893
0.3324962
0.17925528
0.33049496
0.35805769
0.21145168
0.15481583
0.34459843
0.17353288
0.2943753
0.17127377
0.099463376
0.24323232
0.26530718
0.16706538
0.2375936
0.21944829
0.22583451
0.2020456
0.22615916
0.20048519
0.18914149
0.1798034
0.18788332
0.06835717
0.13659919
0.259564
0.26269351
0.17857377
0.2420896
0.079536247
0.20753574
0.23477964
0.29247181
0.22938596
0.2682941
0.17665812
0.29826841
0.23693848
0.24790525
0.24704564
0.25173164
0.24737129
0.28408246
0.28790752
0.30767865
0.29898648
0.28500787
0.2773888
0.13731237
0.18682535
0.31742819
0.34926149
0.35148317
0.22227282
0.10083246
0.20359729
0.3560763
0.24845084
0.032537423
0.21324572
0.30193794
0.065396842
0.28442438
0.19656684
0.21332874
0.26920707
0.29711248
0.1703312
0.19924258
0.27022408
0.29953782
0.32772736
0.33035577
0.250043
0.22709279
0.29048819
0.27237565
0.33500104
0.34205446
0.3284228
0.33316755
0.29064666
0.26131213
0.34381314
0.34518623
0.34217017
0.345833
0.34747396
0.34884449
0.18324556
0.19134685
0.34851056
0.07498555
0.047916925
0.34477618
0.3450018
0.34191897
0.33875927
0.33890726
0.33196043
0.065654107
0.13173454
0.022629179
0.088236717
0.20759833
0.3287144
0.15190992
0.14924909
0.20374574
0.21737692
0.34071218
0.34067378
0.0057960099
0.00044754896
0.30811415
0.31475303
0.18058631
0.27450335
0.20451589
0.19517244
0.28326824
0.27163336
0.20654908
0.14443001
0.25283756
0.23432741
0.19335146
0.1365983
0.15743139
0.06088978
0.28823339
0.33560826
0.23456161
0.18432111
0.27192548
0.2606411
0.24964912
0.29891814
0.2523034
0.26459062
0.3009669
0.32595336
0.23225529
0.26259176
0.29189298
0.2961398
0.28653041
0.28235108
0.30982247
0.31873217
0.30301855
0.26801277
0.3199727
0.30937678
0.29874673
0.26769164
0.30554899
0.28165771
0.31805364
0.33440293
0.33654108
0.31836632
0.28495863
0.32622734
0.31789276
0.3346351
0.34045821
0.34076592
0.34143989
0.34454311
-0.0049184569
-0.0013653992
-0.0031601774
0.26136043
0.20121097
0.23138471
0.19304783
0.1705901
0.20534052
0.30910912
0.29981237
0.15642676
0.13627617
0.027829948
0.10839583
0.17127361
0.12268589
0.24013524
0.21142504
0.20905747
0.04149813
0.26822843
0.30349504
0.29142539
0.17104939
0.2065589
0.33096466
0.3379176
0.3366429
0.30541859
0.32374442
0.32150285
0.32625729
0.30345724
0.32451368
0.31575446
0.28063913
0.27863629
0.32454273
0.31512471
0.27731217
0.27505552
0.32703596
0.29650299
0.29073926
0.26444605
0.31297451
0.24024205
0.32286115
0.29713303
0.21793302
0.28090012
0.29315993
0.28062432
0.17750273
0.24142379
0.35296413
0.35195909
0.35120088
0.353342
0.33885551
0.32723008
0.1779427
0.16207121
0.3011701
0.29393577
0.32111171
0.3190895
0.25876993
0.29860724
0.28978659
0.29972798
0.31304376
0.30479778
0.29847132
0.28923961
0.19227983
0.26885424
0.063603963
0.14152952
0.11104738
0.26595646
0.07095182
0.27985657
0.062749175
0.20079677
0.24028709
0.26156355
0.20413508
0.26351967
0.051138443
0.060477934
0.23877449
0.30034802
0.19956365
0.30024564
0.21701318
0.16026741
0.3375667
0.33817453
0.16623944
0.16262495
0.12337748
0.11865427
0.14809519
0.11184474
0.20125433
0.2184498
0.24060413
0.18302577
0.23746796
0.23741521
0.25149029
0.24006585
0.068453787
0.044902468
0.0813649
0.040457697
0.12012603
0.20208778
0.20274657
0.079663053
0.16839768
0.20145023
0.26073287
0.19959686
0.18557998
0.22417119
0.23244312
0.33586928
0.31900055
0.32818218
0.33546204
0.28289197
0.22565876
0.34694034
0.34212922
0.3367969
0.33663905
0.33880137
0.34181338
0.28232414
0.27010041
0.32601599
0.31200891
0.035392764
0.084878301
0.32781763
0.32417676
0.20939674
0.2479906
0.28938006
0.26735939
0.33556256
0.3394197
0.35537283
0.35642196
0.33342321
0.33622036
0.33872995
0.31602431
0.20403522
0.16100755
0.18938541
0.18094283
0.14671105
0.11131563
0.20482514
0.14947113
0.17914136
0.031208264
0.20112365
0.18843407
0.12856349
0.11856975
0.095209699
0.16161483
0.12571881
0.35752919
0.35534972
0.31241423
0.32736277
0.33720157
0.33625351
0.19539557
0.30344498
0.32803237
0.31591285
0.35556351
0.35754952
0.32447642
0.30918321
0.35372524
0.3471404
0.22136522
0.20324739
0.15189416
0.074151331
0.056733368
0.034150835
0.34537161
0.25589746
0.35673264
0.3564279
0.3535322
0.35260265
0.34709154
0.34243982
0.34893512
0.34008458
0.32496011
0.33884119
0.31818925
0.33591373
0.30359379
0.29939161
0.2732905
0.27351494
0.30960275
0.31225454
0.27605943
0.27314691
0.31236373
0.29906809
0.32240043
0.30890156
0.23488717
0.25888538
0.25019456
0.24691621
0.27880168
0.24586236
0.1974753
0.22593125
0.27210909
0.1957823
0.23531129
0.25259023
0.1629157
0.24495
0.25040758
0.2948173
0.2118295
0.2117794
0.18766304
0.23407117
0.21964597
0.17727144
0.16040305
0.24300998
0.31002897
0.25027525
0.30814817
0.24267944
0.29213672
0.3031826
0.27652342
0.28017143
0.28001863
0.27756701
0.22212291
0.20154978
0.18730766
0.26408721
0.32846609
0.32963632
0.30850915
0.29696392
0.30864526
0.27903335
0.35528518
0.35286501
0.31940445
0.21455009
0.20836042
0.097685993
0.22934539
0.067707403
0.1411159
0.14452759
0.041860777
0.13374408
0.10948019
0.071522867
0.065066938
0.1279574
0.22894132
0.15127256
0.18648461
0.20987297
0.15072695
0.13356825
0.189445
0.1145443
0.068874692
0.025686923
0.1126984
0.025628383
0.090584062
0.11656051
0.30185391
0.27545498
0.32143686
0.28936381
0.09316582
0.015478342
0.14026464
0.097786477
0.26280486
0.23748364
0.20917119
0.23880741
0.2138098
0.25189774
0.22815141
0.30161246
0.085181479
0.30650441
0.33965198
0.29733824
0.32141328
0.2830313
0.30251221
0.33756934
0.33051135
0.32516545
0.32710534
0.33656929
0.33499462
-0.0016042729
-0.0015649693
-0.0016858849
-0.0023754763
0.13813315
-0.00051230319
0.048340101
-0.00074021859
0.16697463
0.27369211
0.060477314
0.24870982
0.21938835
0.24860602
0.23129465
0.23089007
0.29734435
0.25286766
0.23098863
0.26635469
0.30173488
0.27797412
0.23770852
0.17097152
0.23598217
0.20677045
0.14192193
0.12947922
0.17020168
0.068864995
0.055418675
0.065437176
0.21087137
0.17397148
0.33488771
0.32654971
0.34228639
0.32627673
0.28790935
0.28333841
0.28780549
0.26025004
0.24797149
0.21494943
0.31179855
0.29124336
0.33056175
0.29958814
0.29808879
0.27906898
0.30374175
0.28028256
0.30363267
0.31839644
0.2584338
0.26148856
0.18581012
0.25543396
0.25834496
0.27890852
0.27039142
0.25040305
0.28158665
0.27617678
0.22173144
0.19761908
0.10394084
0.23323297
0.23155313
0.17849199
0.21820466
0.18174023
0.13370567
0.1828594
0.21980873
0.19748872
0.050848647
0.1910651
0.1482051
0.23951501
0.091472805
0.13979017
0.22126785
0.17448183
0.14904395
0.012793505
0.14449854
0.052842821
0.039883313
0.061719281
0.32375152
0.30964816
0.30171013
0.30155619
0.32688299
0.3068581
0.31493464
0.31092272
0.27607808
0.28377182
0.30787145
0.29634074
0.33214333
0.32997669
0.27606725
0.29153572
0.33597981
0.34387465
0.34528477
0.35112087
0.30652053
0.32061628
0.29033954
0.28605812
0.31662357
0.33704781
0.31636451
0.33557599
0.10052318
0.14299011
0.1472121
0.051631941
0.11677702
0.046449486
0.13504279
0.026358548
0.11189827
0.11047366
0.050852155
0.085942459
0.051070332
0.10825809
0.29168663
0.27899408
0.31004373
0.26356443
0.26414957
0.2881076
0.2486929
0.23474457
0.24939957
0.23469247
0.31198877
0.26505927
0.29252622
0.27080511
0.30945251
0.3104919
0.26456126
0.2521325
0.3376945
0.3342313
0.32563175
0.33735832
0.33452644
0.33703032
0.33449802
0.33504604
0.33006827
0.32703925
0.32858323
0.33120801
0.30950318
0.32716847
0.33666944
0.33940799
0.33069507
0.3342032
0.33599926
0.3387139
0.33889051
0.33933428
0.33849388
0.33996873
0.340424
0.3395461
0.34076363
0.34035618
0.34007512
0.34142484
0.3278665
0.33739526
0.33328037
0.33713326
0.33132852
0.33631722
0.3342682
0.33712382
0.33428197
0.33835613
0.33705827
0.33853524
0.33683627
0.33842615
0.34019721
0.3336365
0.3323915
0.32793587
0.33924524
0.33839256
0.33311161
0.33526358
0.34060667
0.33689656
0.33766755
0.34037742
0.33166317
0.33089692
0.32519513
0.32947434
0.33759308
0.3372203
0.3373675
0.33427592
0.33307728
0.33794115
0.33752509
0.33558118
0.32652253
0.33203637
0.3378566
0.33669157
0.33806922
0.33662459
0.33718639
0.33332081
0.32867283
0.31660367
0.29988766
0.32283462
0.32864524
0.3214406
0.328513
0.32985637
0.32648139
0.32657055
0.31776191
0.32271769
0.33586949
0.33569065
0.32641783
0.33655202
0.32285585
0.32322856
0.31144297
0.31655738
0.32303075
0.31107137
0.32484087
0.33483935
0.32528613
0.31617708
0.31721272
0.32907334
0.33176949
0.33778483
0.33823548
0.33952018
0.32250184
0.30546379
0.048130088
0.3252055
0.30237934
0.30200509
0.33006478
0.33324589
0.33558337
0.33270862
0.31091576
0.29265367
0.33046603
0.33353197
0.32555261
0.33614657
0.31165166
0.23488726
0.31594669
0.33439074
0.30256915
0.30625022
0.28975437
0.16662399
0.32304458
0.33689749
0.32162208
0.31815769
0.31571948
0.28612772
0.30966963
0.30460938
0.2889099
0.3116344
0.32960124
0.31626176
0.33565779
0.32781641
0.3217326
0.32127966
0.32498519
0.15203941
0.31051555
0.32593345
0.30677506
0.027464635
0.33507234
0.31229376
0.04131114
0.32246128
0.12123663
0.031411687
0.055781173
0.097318024
0.030233286
0.022539229
0.046903196
0.082068509
0.057788305
0.031659273
0.05556925
0.11712315
0.023810204
0.048049547
0.090522349
0.042623272
0.091270411
0.11402318
0.3298516
0.31875265
0.35093224
0.34569681
0.18649548
0.17642477
0.095953053
0.22704505
0.22934866
0.19855333
0.18140527
0.34833564
0.35191198
0.11030275
0.1980788
0.15805842
0.16835323
0.16253839
0.10998274
0.32492446
0.087194519
0.15974121
0.0239793
0.11367718
0.11535004
0.3360911
0.014629907
0.35286179
0.082240665
0.014912729
0.16812885
0.19956768
0.11371869
0.058262105
0.037725319
0.13196802
0.22307621
0.10492277
0.29414565
0.13474697
0.065057606
0.29321122
0.061303338
0.30599469
0.32527148
0.069382722
0.056099225
0.26120298
0.15947412
0.33059014
0.28300018
0.30025713
0.31200569
0.19822432
0.15981536
0.34118439
0.33862654
0.12151435
0.030193127
0.12688989
0.24408889
0.2535227
0.34922399
0.19813904
0.21375615
0.2404809
0.019508945
0.21527346
0.056268493
0.1843818
0.037953001
0.32651992
0.32696979
0.33658116
0.33661399
0.33730359
0.33296164
0.31031134
0.33381817
0.33402873
0.3365054
0.33734546
0.33539819
0.33266135
0.33602556
0.33712815
0.33603228
0.33523757
0.33682902
0.33628138
0.3355097
0.33500798
0.31598528
0.33366811
0.33537388
0.32970004
0.31736369
0.33496176
0.33680866
-0.0038199139
-0.0036646421
-0.00034836231
-0.0014979909
-0.0018528059
-0.0005000592
-0.00020722233
-0.00069918613
-9.7364239e-05
-0.00048556439
-0.0002238822
0.30440972
0.28881185
0.17372669
0.14278281
0.18817732
0.11772435
0.18902085
0.1456356
0.21986927
0.19141562
0.060971566
0.1411105
0.22653794
0.25308088
0.043180139
0.10391281
0.14554483
0.021701253
0.069383973
0.34086705
0.33629321
0.3415813
0.33258907
0.24123781
0.22186262
0.31428063
0.3237301
0.31987037
0.31767093
0.23109612
0.2569391
0.29665852
0.29600326
0.26446585
0.23893805
0.097112521
0.14606945
0.10244179
0.032988748
0.13588841
0.14253874
0.083757206
0.31328287
0.31743403
0.32906833
0.32073108
0.28998024
0.31063023
0.3191633
0.32358719
0.32287445
0.32568101
0.31408631
0.32252678
0.25940883
0.28912574
0.23974954
0.22470309
0.27612195
0.28817405
0.26787405
0.28446238
0.30442152
0.29371278
0.27282895
0.27430724
0.26988307
0.25315557
0.24079251
0.23962061
0.15393202
0.24350656
0.24559822
0.070146898
0.21203912
0.20574226
0.17385125
0.30166619
0.20566451
0.23554665
0.35240362
0.34945316
0.26566202
0.23669818
0.22775309
0.18944306
0.31472701
0.32520444
0.3306037
0.32021498
0.31303402
0.29713881
0.2964816
0.26035818
0.27415572
0.28768115
0.33228781
0.32583248
0.33691065
0.33672592
0.33007942
0.3324755
0.33025733
0.33498033
0.32719852
0.33102742
0.33219116
0.33228182
0.28176081
0.3072338
0.31868393
0.31772594
0.32014768
0.3055215
0.32639488
0.33376377
0.33687246
0.33452322
0.3339357
0.32647333
0.32130451
0.31906422
0.31141083
0.33076732
0.092467247
0.056620097
0.15786146
0.11085278
0.11456828
0.055413597
0.14270174
0.098201493
0.12817132
0.13957701
0.2202478
0.25722389
0.27771756
0.26149052
0.080313735
0.13195819
0.35739172
0.33160446
0.32343873
0.30293034
0.338119
0.33181806
0.28062516
0.2043417
0.34387271
0.29895137
0.35264918
0.34814168
0.22314834
0.28040887
0.35767675
0.35248685
0.33666369
0.34295334
0.3301488
0.26475703
0.35312042
0.35224689
0.355836
0.35352687
0.35729359
0.35773055
0.30106186
0.25773161
0.24979541
0.063096855
0.32022059
0.28082505
0.33059359
0.26489424
0.3269055
0.276299
0.33372431
0.32589432
0.25703511
0.2683439
0.32692922
0.28175603
0.3087444
0.29079356
0.34270935
0.33535416
0.25892807
0.24233698
0.30864935
0.2803321
0.24614373
0.29015502
0.2728983
0.030424552
0.27547268
0.30277241
0.31532775
0.31241714
0.32377334
0.32781646
0.2345043
0.32020001
0.32388869
0.29890621
0.27804465
0.27720338
0.29928513
0.29716367
0.23792929
0.30783137
0.079945131
0.28166172
0.13933231
0.071376253
0.033414375
0.062257453
0.093912895
-0.0012226502
-0.0027621815
0.016207002
-0.0010710003
0.050711465
0.0028938432
-0.00060887487
-0.006390249
0.0058458391
0.034444098
0.011690363
0.006687889
0.0383384
0.1373849
0.014597098
-0.0049568396
-0.0035927148
0.058863944
-0.004121206
0.010524388
-0.00034877709
-0.0002091741
-0.00082767567
-0.0026229271
0.019703877
-0.0010198957
-0.0062119388
-0.001739894
-0.00085584809
-0.0065180398
-0.0035262439
-9.0387921e-05
-0.0018507721
-0.0017058538
-0.00028855288
0.0038917797
-0.0048594446
0.083073162
0.16168625
0.13548283
0.12935147
0.019536594
-0.002482038
-0.0020964139
0.00023499637
-0.0012210284
0.00043321898
-6.3988831e-05
-0.0021041708
-0.00058550695
-0.0047589337
-0.0041065716
-0.00037329332
-0.00016761589
-0.0037680702
-0.00079240865
0.074361861
0.14259094
0.12454766
0.12090697
0.1354014
0.028491479
0.19370597
0.19611343
0.11206922
0.029142333
0.010617938
-0.0058473592
0.046561458
-0.00020457369
0.33495299
0.3179387
-0.0014683326
-0.0014494294
-0.00067925248
-0.00049514773
-1.8620925e-05
0.14419664
0.17448894
0.15571305
0.11293648
0.13543557
0.12017129
0.049143637
0.084023559
0.32300696
0.31630189
0.28191388
0.27613029
0.32507599
0.32380909
0.33312327
0.33378201
0.32992586
0.32612819
0.32244637
0.31961776
0.3106889
0.31720276
0.25168904
0.30467242
0.31631521
0.30929573
0.31792371
0.31015226
0.28893402
0.30281595
0.21117742
0.31165852
0.30081646
0.2719927
0.30506539
0.27272584
0.298098
0.30659921
0.28885661
0.29890759
0.29835534
0.31134807
0.31367853
0.30505339
0.23447726
0.28110365
0.28885962
0.30067656
0.2837702
0.3023118
0.3015083
0.31106266
0.28869324
0.29052817
0.3168208
0.31565822
0.26786109
0.26337223
0.2945805
0.30308632
0.2821202
0.30159366
0.26020425
0.25563923
0.28391421
0.30567295
0.29026429
0.26791379
0.25414635
0.23411849
0.26789969
0.27486085
0.25321469
0.23373723
0.32849252
0.32104118
0.26554585
0.293664
0.29756205
0.33209609
0.29646694
0.31095051
0.23521302
0.14418908
0.26483087
0.23239706
0.2054065
0.20161189
0.24121775
0.23554578
0.213679
0.21318985
0.13478613
0.25775755
0.11693412
0.13547081
0.067963026
0.056710755
0.13953361
0.23094233
0.24013855
0.21423629
0.17564028
0.21742789
0.23494627
0.18744854
0.14335141
0.18037103
0.16926127
0.071513937
0.18883014
0.3559085
0.35599509
0.35573714
0.35259315
0.32520546
0.33575037
0.35189635
0.3440077
0.35695606
0.28238771
0.34360751
0.33710205
0.34470403
0.3521929
0.35351707
0.28352789
0.34928726
0.28467828
0.32013302
0.33548535
0.31827297
0.31771402
0.31642334
0.32997332
0.27808656
0.30758814
0.33602905
0.34115776
0.32688504
0.34575325
0.23024067
0.27721145
0.31795201
0.31953725
0.34557857
0.34531411
0.33868551
0.33898709
0.33120062
0.32607811
0.30004832
0.28570931
0.30166926
0.28569992
0.30285303
0.27244706
0.30839958
0.29866761
0.27679678
0.30011694
0.26318176
0.27677386
0.13830767
0.14579647
0.26297723
0.24488474
0.27513171
0.23369205
0.20022616
0.23189486
0.25136674
0.14653414
0.019064802
0.098570444
0.16618246
0.17015113
0.20836364
0.16970475
0.22192235
0.1837459
0.18485133
0.24416734
0.19092249
0.18786675
0.22418404
0.20242904
0.30942511
0.32409003
0.30073113
0.28981455
0.30631434
0.26756435
0.32037249
0.27810807
0.34800736
0.27936117
0.27108669
0.25825352
0.3006615
0.29014137
0.31666503
0.28573003
0.30203456
0.26637839
0.30881088
0.25316866
0.21920377
0.24753305
0.35518549
0.30733018
0.26709652
0.24169772
0.31696644
0.30340136
0.308236
0.17025187
0.055686829
0.20597592
0.33977364
0.3224345
0.30908521
0.2844731
0.32120493
0.30222547
0.3074671
0.24508965
0.28480288
0.25049708
0.33521394
0.32433409
0.24995353
0.21019204
0.32259365
0.32376918
0.29671859
0.27661616
0.31839844
0.32028529
0.3033421
0.27520372
0.32161863
0.34081022
0.3426711
0.32849444
0.32124806
0.33168742
0.34880955
0.34456856
0.34399328
0.33673132
0.27421473
0.29281974
0.29579828
0.31634547
0.2779255
0.30736894
0.076952942
0.12047944
0.12585642
0.13736396
-0.00055310341
0.04381826
-0.0038039853
-0.0058559355
-0.0042851964
-0.0047919331
-0.0011941107
-4.3078854e-05
-0.00023737412
-0.00027341666
-0.00027485493
-0.001267149
-0.00051970873
-0.00016824453
-0.0017482484
-0.0006077652
-0.00083756115
-3.9777383e-05
-0.0013715662
-0.0031113095
-7.230786e-05
-0.0023173672
-0.00035145064
-0.00050771887
-0.004024151
-0.0027258209
-0.0022577204
-0.0015885878
-0.000608455
0.0041117398
0.018611963
0.0018038334
0.33630325
0.32903489
0.33325538
0.33496339
0.32976866
0.27771117
-0.0026885361
-0.00032824675
-0.00042677735
-0.0018906598
-0.00020878284
-0.00085376024
0.11602963
0.14041658
0.064329718
0.067902399
0.32963057
0.32718381
0.30801661
0.32712142
0.32539058
0.32770775
0.3215377
0.32017279
0.32789039
0.32787377
0.32780114
0.32446701
0.28561454
0.28658128
0.21416162
0.24359395
0.3158675
0.32208205
0.266876
0.28090618
0.30551218
0.29415256
0.28197351
0.30600527
0.2818055
0.28964889
0.26902853
0.24267214
0.28769674
0.26276566
0.28182798
0.26992317
0.1696168
0.15287081
0.17383876
0.13476333
0.16095651
0.16189371
0.20916989
0.13802201
0.15980963
0.11602252
0.035362971
0.18171917
0.20592033
0.35587384
0.35770957
0.35744551
0.35687945
0.34453171
0.35664442
0.32054637
0.3337752
0.30057558
0.31951851
0.25917028
0.28234205
0.16002797
0.22623913
0.14966897
0.1125443
0.20122235
0.16084684
0.045322308
0.1661357
0.089149305
0.14921756
0.10199211
0.31392129
0.29075954
0.32469542
0.30597274
0.24743706
0.24762068
0.3540268
0.35688268
0.26397127
0.24204419
0.18001662
0.084423561
0.26477011
0.238525
0.25632709
0.088803304
0.33463118
0.32511665
0.33207059
0.34490413
0.3497119
0.11805652
0.34184154
0.33047094
0.00087238561
-0.0051932527
0.0039398106
-0.0026780926
0.019691827
-0.0017754282
0.0062479595
-0.00068777299
0.02523662
-0.0049040668
-0.0056624273
-0.0064304464
-0.0024849194
-0.00030747034
-0.0010998813
-0.0031452046
-0.0031951475
0.33595119
0.33105787
0.3294358
0.32337264
0.31246737
0.3192458
0.32241227
0.32451408
0.21752394
0.164419
0.3171877
0.32077232
0.31136054
0.32412968
0.30629245
0.31263352
0.31613323
0.32004172
0.29739193
0.31497844
0.3174701
0.32001286
0.30608584
0.31300659
0.31166285
0.31465014
0.30644716
0.30976913
0.30883545
0.31649725
0.31361044
0.3254295
0.30481075
0.31577724
0.32064096
0.32457711
0.32016198
0.32821403
0.3172959
0.32042993
0.31340039
0.32103427
0.31003454
0.31248537
0.31227419
0.3176452
0.30975695
0.32603043
0.31259896
0.32070063
0.28891926
0.31066322
0.31479974
0.32014687
0.3087545
0.30887526
0.32480541
0.32429481
0.30363874
0.30846606
0.30453157
0.33263441
0.32411289
0.32267536
0.32502238
0.32952898
0.32327766
0.31909313
0.33515622
0.31861269
0.31785377
0.31847792
0.30416985
0.31193761
0.32715431
0.32996485
0.30564532
0.3044133
0.3167629
0.31926944
0.31244194
0.31716192
0.3158882
0.32319844
0.30747677
0.32138855
0.32905035
0.32360495
0.30111139
0.30489669
0.31498243
0.31547044
0.29652074
0.30233572
0.31480011
0.32063824
0.33243018
0.33252711
0.30790547
0.30434565
0.30152251
0.29198005
0.24881992
0.32706812
0.3141798
0.32487718
0.30648077
0.30194127
0.29792853
0.30361745
0.30977772
0.30007688
0.29966108
0.23665244
0.32275165
0.33283959
0.32412022
0.30136371
0.2974515
0.28790579
0.30705986
0.31733759
0.29024144
0.28473919
0.21829965
0.32392148
0.32779227
0.30284251
0.33507485
0.33510531
0.27970432
0.3278611
0.32911363
0.32322497
0.32040787
0.32640976
0.31890868
0.31248616
0.32524998
0.29801725
0.29916219
0.29016666
0.2953793
0.28585737
0.26120333
0.26722183
0.3131406
0.33147378
0.31295692
0.30918933
0.29847201
0.32868808
0.30107443
0.30972214
0.29671197
0.30385333
0.29693504
0.31718363
0.2938727
0.30059576
0.30241455
0.26114179
0.28322019
0.33568731
0.29621856
0.26228688
0.29388227
0.24155406
0.31833913
0.31560675
0.29153964
0.28211846
0.32091526
0.32268815
0.27381827
0.33320326
0.27498911
0.21991407
0.31955418
0.3351909
0.26810035
0.2619798
0.2067188
0.30120588
0.2899914
0.29700608
0.32254204
0.33016534
0.30759434
0.3289014
0.28728319
0.27361933
0.24627933
0.27872328
0.23966124
0.2485849
0.29279597
0.27858306
0.29629104
0.33593914
0.33546154
0.33433375
0.33479532
0.31187803
0.31204761
0.30247755
0.335779
0.28398184
0.27227542
0.28811253
0.30445503
0.33343847
0.33424258
0.33438926
0.33514814
0.33501479
0.33354342
0.33443736
0.33569106
0.30731646
0.30292607
0.30188205
0.30958391
0.29231982
0.29450518
0.33341933
0.33414247
0.3322425
0.33296645
0.3158357
0.30733196
0.33327915
0.32569316
0.30164134
0.30619298
0.28784625
0.30651472
0.30727188
0.31670363
0.037625579
0.27459359
0.33425301
0.33305847
0.32828119
0.32707123
0.3250088
0.31688746
0.30415538
0.29894221
0.3004574
0.30033422
0.29490351
0.31988444
0.296619
0.29893391
0.27750488
0.29485017
0.29731125
0.29120272
0.29669699
0.29171458
0.27261362
0.31077917
0.28879797
0.29370253
0.33009305
0.32293918
0.32433028
0.3244185
0.29404296
0.3111534
0.33292553
0.33204249
0.30951855
0.30524547
0.26204307
0.28246957
0.32349299
0.27618713
0.28100476
0.24385006
0.27874311
0.26144969
0.23226652
0.31068662
0.258138
0.29710849
0.19492288
0.32776155
0.31734256
0.33375888
0.29592965
0.33342967
0.33427022
0.27706385
0.23475721
0.32754911
0.32899186
0.33438325
0.33205979
0.33557447
0.24900775
0.33615346
0.33672679
0.33237565
0.31433731
0.3100297
0.32814197
0.33433116
0.33540668
0.28166166
0.3011572
0.2791031
0.24570271
0.3354947
0.32830972
0.33057831
0.32978269
0.1554802
0.1550476
0.30338302
0.23320647
0.30989771
0.10336229
0.3296188
0.32993362
0.32295902
0.32949033
0.25647097
0.13282808
0.18817891
0.2333455
0.10739392
0.057740987
0.20603732
0.19065387
0.3046631
0.24891544
0.33531813
0.33484987
0.33119092
0.32498314
0.32607741
0.32149978
0.063805311
0.025984604
0.24914528
0.1766732
0.10167909
0.17505233
0.14705346
0.10619169
0.13387233
0.053817183
0.10067204
0.015523315
0.27083374
0.06746522
0.19280321
0.073021507
0.045438102
0.1509578
0.068876412
0.045468648
0.1281859
0.2129693
0.16452984
0.21385233
0.25220566
0.082625717
0.20427082
0.26202279
0.27564258
0.35577292
0.35414146
0.35605437
0.35687996
0.35479852
0.35171561
0.34838675
0.35362826
0.35602733
0.35728097
0.31380241
0.34035634
0.34762957
0.35264828
0.34569739
0.34495494
0.33869739
0.34025129
0.31725747
0.35067563
0.35088155
0.34999165
0.33227184
0.33490074
0.29280121
0.2520844
0.31584125
0.35350938
0.33235498
0.30209842
0.33450344
0.34574202
0.27860844
0.32193397
0.31182555
0.30199785
0.35532968
0.35557083
0.34728367
0.34621833
0.33357874
0.34409996
0.30314935
0.34960547
0.35345517
0.35548421
0.35100808
0.35505069
0.34405188
0.34631055
0.34763069
0.35523878
0.29460379
0.3423952
0.30394038
0.31758379
0.33539662
0.34165581
0.33429476
0.31733742
0.31070274
0.32430294
0.33545235
0.34838422
0.25549738
0.22569951
0.24383925
0.25188643
0.26835267
0.27025192
0.21409665
0.31209067
0.26435666
0.17621698
0.27825635
0.2803154
0.2678531
0.21480852
0.24562023
0.26763567
0.19861905
0.30258007
0.30160553
0.3027878
0.068662544
0.060393895
0.089662429
0.29007021
0.28068691
0.30832134
0.25835981
0.27832304
0.22501627
0.17182844
0.23091063
0.12557882
0.26730079
0.23458541
0.32248233
0.32255009
0.27732048
0.25229893
0.28445883
0.31355122
0.22229805
0.16831162
0.22688307
0.19444972
0.11475247
0.1360118
0.15839159
0.29248085
0.28826122
0.31604426
0.32497739
0.3103628
0.31174636
0.28513671
0.30640526
0.28904108
0.263285
0.3066238
0.16102014
0.15383009
0.23020092
0.18143964
0.13492444
0.17473163
0.10817215
0.19756244
0.23792127
0.27236254
0.23814047
0.01411835
0.016068072
0.29717493
0.33609165
0.33799246
0.21724594
0.16926145
0.21414757
0.046662
-0.010628865
0.12348112
0.26543176
0.29144992
0.07223841
0.18750748
0.299881
0.21493721
0.061846254
0.1010603
-0.021750518
0.27208417
0.12012925
0.33126127
0.03368745
0.33838678
0.18173716
-0.0083166249
-0.01002406
0.32706483
0.018932634
0.26624431
0.28403191
0.31177712
0.30982488
0.31043409
-0.018314103
0.073631814
0.1696031
0.14944375
0.0034087447
0.0067492674
-0.0080767531
0.034818679
0.15422829
0.11135302
-0.022564001
0.24278956
0.27317223
0.16352605
0.24796948
0.2830595
-0.024001918
0.29780405
0.32966378
0.32946846
0.068897086
0.30659423
-0.024112258
0.13937067
0.33926892
0.32283344
0.045880114
0.33517583
0.17848725
-0.013186781
0.067339418
-0.0031596822
0.18355102
0.082024993
0.2372705
0.34722945
0.20520417
0.23874406
0.19611716
0.20438027
0.065099578
0.16618531
0.34967494
0.26366501
-0.0093744329
0.33216242
-0.023356109
0.14511739
0.12228628
0.20023043
0.17780105
0.24828665
-0.021779044
0.018318874
0.032597475
0.086807228
0.16781007
0.1079505
0.16958323
0.15377839
0.15099906
0.080386164
0.11944959
0.15867596
0.21752073
0.15849466
0.12000241
0.079255491
0.0034846023
-0.021143536
-0.0053924326
0.16080856
0.13790067
0.11635618
0.13905854
0.11757018
0.147827
0.045022065
0.050488711
0.016765646
0.020509481
-0.012203742
0.021724297
-0.0024512419
-0.0020104128
0.0080281637
0.015541572
-0.004446208
-0.0028274692
0.027495808
0.02752882
-0.0045325914
0.045211681
0.0097944688
-0.0064236408
-0.016783041
0.0023589634
0.0011266159
0.075065909
0.084077186
0.045857044
-0.015577388
-0.0061689638
-0.013457338
0.011674242
-0.01248697
0.010994294
-0.017475283
0.023018128
-0.00014037851
-0.0004104874
-0.022624429
-0.0079898039
-0.015452021
-0.0033718553
-0.0078621724
0.068539271
0.14169032
0.12675936
0.027162283
0.051429559
0.11629254
0.078649126
0.089554424
0.02585013
0.11708438
0.10193942
0.11390223
0.1652597
0.26468243
0.25266796
0.13298584
0.13426033
0.029241061
0.23235873
0.17236773
0.18358462
0.040338292
0.22483815
0.24594895
0.21200019
0.33251148
0.3411184
0.34037809
0.33377791
0.34826417
0.35335316
0.3369158
0.33908054
0.34925971
0.045750897
0.21678445
0.29349595
0.34625424
0.31333744
-0.0012779725
-0.003727037
0.33131832
0.29975099
0.33336746
0.33364113
0.21773651
0.26670562
0.14171415
0.11319348
0.12374201
0.13684178
0.17078936
0.05310827
0.20737253
0.16298442
0.22358607
0.16867341
0.058164066
0.064414838
0.022551988
0.072541512
0.13685369
0.17185827
0.18085756
0.15381497
0.22486763
0.19560035
0.047239383
0.25813351
0.2469494
0.15713998
0.071689293
0.1589542
0.14208898
0.14969528
0.19038651
0.062952441
0.071210357
0.051650071
0.15229878
0.042396204
0.30417778
0.3044887
0.30467768
0.30064438
0.3072734
0.29451748
0.28976237
0.3003938
0.3304255
0.330508
0.32955578
0.32694206
0.33372262
0.33285127
0.33328936
0.33021443
0.32787363
0.33179339
0.32656899
0.33122547
0.33017619
0.32651928
0.32248453
0.32592599
0.31490129
0.31077523
0.31204544
0.30946288
0.29827212
0.30024798
0.32190784
0.31627804
0.17870954
0.28717774
0.24026691
0.25400033
0.28489715
0.2608079
0.28720617
0.20700988
0.21022875
0.23754742
0.29391689
0.11415059
0.32309842
0.29382571
0.32705247
0.33540076
0.3359258
0.33534585
0.33509703
0.31030614
0.31989259
0.31159262
0.30402507
0.29538068
0.29298659
0.29515659
0.29136672
0.29714973
0.29273194
0.28978889
0.27460387
0.29244085
0.28656692
0.29053219
0.28879349
0.28449377
0.28595715
0.28927574
0.28685213
0.27986964
0.24701804
0.33442498
0.33560814
0.30533162
0.30241137
0.31997474
0.31335705
0.32094278
0.33180961
0.30445178
0.31116208
0.1148518
0.13938374
0.20604087
0.20726708
0.0634259
0.27108701
0.064210292
0.28555145
0.21627359
0.040285002
0.25541115
0.27192936
0.35552513
0.35626195
0.35579485
0.35491283
0.35481723
0.35420053
0.2546726
0.22274313
0.28813515
0.28560262
0.25551963
0.20741889
0.081280217
0.23608559
0.23648733
0.19422017
0.021547944
0.096027731
0.32437728
0.33428679
0.33156237
0.3238275
0.32331223
0.33091529
0.32277116
0.34663185
0.34306474
0.33308704
0.23954931
0.22048447
0.030186625
-0.015020537
-0.0072249681
-0.021152728
-0.019711044
0.03607163
-0.014912918
0.23109778
0.093566523
-0.023469575
0.037460734
0.019723363
0.0017966955
0.042016656
0.090536934
0.33772314
0.0070589507
0.19042307
0.097834991
0.34605414
0.080392176
-0.000327579
0.11575329
0.009194863
0.09204506
-0.021359974
-0.0051301648
0.077704326
0.03921324
0.080118438
0.089323354
-0.0017063013
-0.0014973408
-0.019743744
-0.0010112268
-0.012902564
-0.0091091501
-0.016961419
-0.016214099
-0.020150108
0.049149929
-0.0090275379
-0.017710269
-0.0043493364
-0.017219884
-0.0053705673
-0.020853436
-0.022906502
-0.018825643
-0.009359751
-0.0038039978
-0.022170802
-0.0024430154
-0.0084886538
-0.014215917
-0.015905097
-0.011910367
-0.011713835
-0.013063276
-0.010328119
-0.0054436266
-0.014969853
-0.0013799994
-0.0021179948
-0.011868141
-0.00564074
-0.0031078697
-0.011646943
-0.018102063
-0.017624162
-0.0077183326
-0.0019271806
-0.0028649206
-0.0034787749
-0.011455502
-0.0014234605
-0.011852992
-0.011926113
-0.021713507
-0.0031830588
-0.011966209
-0.022975811
-0.020839535
0.029250538
0.084246839
-0.0038053864
-0.0020490398
-0.0066066537
0.21545661
0.18288781
0.21615468
0.20223667
0.11524459
0.043795304
0.15506688
0.046535662
0.16574717
0.19287623
0.04613944
0.032110619
0.043185235
0.052694402
0.094118942
0.13725377
0.1418117
0.19142506
0.15819487
0.21736792
0.20234327
0.15032287
0.10740134
0.16235481
0.25542926
0.18431066
0.18257062
0.022983117
0.15129743
0.24334565
0.18721337
0.21057566
0.047570557
0.13778299
0.07896274
0.18564363
0.13391027
0.11095498
0.17124822
0.15880768
0.08008578
0.13067543
0.04238015
0.13621936
0.041643089
0.04403745
0.10549712
0.047606267
0.091642301
0.12169626
0.10730206
0.13740382
0.051610428
0.091235934
0.15741502
0.054161721
0.20432088
0.2080139
0.24049062
0.21141584
0.2775779
0.28672818
0.34848536
0.34878107
0.35261017
0.34397801
0.31199583
0.29344751
0.28846572
0.25696263
0.28871003
0.27843962
0.27907266
0.26938892
0.27040692
0.25005112
0.29981808
0.26746499
0.30163133
0.28908609
0.17182246
0.16747109
0.3478724
0.3074903
0.2192457
0.1623209
0.043237166
0.31650281
0.31380538
-0.024498768
0.34025714
0.26332701
0.3230431
0.32453502
-0.024423613
0.039296443
0.3504388
0.0054924715
-0.013173481
-0.024121149
0.11271442
0.18202754
-0.019056322
0.098399626
0.14958861
-0.0027913764
0.32502102
0.31346293
0.34791856
0.14871208
-0.014001508
0.20676437
0.32629805
0.3258843
0.31265181
0.33652124
0.34230602
0.034106203
0.33415241
0.34382449
0.34767742
0.35046823
0.13553608
-0.00062693089
0.3471857
-0.01266716
0.35096922
0.34585265
-0.020664133
0.068689524
0.2152948
0.012559758
-0.017486028
-0.024687529
-0.013367254
0.12053889
0.26555947
0.00084377704
-0.007011718
0.1796427
0.35104023
0.33102824
0.31595391
-0.0067926405
0.011572122
0.042253788
0.015524848
0.22125846
0.021413504
-0.00022756407
0.0035293275
0.16706234
-0.024454402
0.029918504
0.35201789
0.34960253
0.34990055
0.3511916
0.33729367
0.21013036
0.34882039
0.31415988
0.35094546
0.34531879
0.35131598
0.34860596
0.3377237
0.34243436
0.11457926
0.16326844
-0.0016223001
-0.018678583
0.24714643
0.14699376
0.11310889
-0.006714098
0.017908975
0.25200226
0.011681547
-0.008603851
0.20663465
0.019043287
0.0036108161
0.045522861
-0.016822322
0.00065970983
-0.0076700017
-0.019892826
0.17651066
0.078873777
-0.011875694
0.24810795
-0.015491565
0.27589783
0.1247436
-0.019242191
0.2251799
-0.00099234412
0.13962122
-0.023068444
-0.0084461201
-0.0028821196
0.050527629
0.040274489
0.091353756
0.11778017
-0.0222688
0.1733075
0.057538642
-0.0087210315
-0.010113208
-0.016413336
-0.016417401
-0.01154689
-0.0109481
-0.017884081
-0.0069656214
0.19297312
-0.0092256553
0.25619729
0.22390118
0.15252971
0.28808065
0.19024855
0.25766793
0.10426328
-0.014923156
-0.0067519149
0.25581709
0.22095402
0.23885815
0.24348219
0.17198313
0.2402784
0.23804937
-0.011916907
-0.010005953
0.072815869
-0.0055496661
0.27221815
0.13449527
0.22964533
0.17120647
0.18856198
0.20924367
0.20957154
0.21758131
0.1812926
0.24297995
0.2556766
0.17992757
0.21319089
0.2473458
0.22047612
0.26591537
0.23887302
-0.0031809893
-0.0068695887
0.00021583621
0.11758071
0.18881916
-0.0088266189
-0.0069242686
0.20643247
0.21197222
0.078359108
0.10332646
0.091990734
0.012031813
0.021510023
0.024164257
0.18740766
0.0015466617
0.041039387
0.14681958
0.24772501
0.27403829
0.2515863
0.29258364
0.15955212
0.28111692
0.23364015
0.15228636
0.2150041
0.25689049
0.25010605
0.2801144
0.22646494
0.24175218
0.24783238
0.26805811
0.016789021
0.19514042
0.0071443638
0.20572297
0.27536406
0.2341912
0.20997737
0.3365129
0.26121451
0.0039586941
0.22516848
0.17170025
0.19573265
0.047718913
0.11371269
0.10072008
0.1612643
-0.0068887808
0.0163149
-0.0034028143
0.10188572
0.017303094
0.046846512
0.074922418
0.083473399
0.28981044
0.34251257
-0.0030851915
0.27462308
0.28958564
0.092469889
0.13261211
0.048067382
0.027120811
-0.0044011376
-0.0020845455
0.10545869
0.075244742
0.065260872
0.10730322
0.14182847
0.1319684
0.055069787
0.14356154
0.26005815
0.024967444
0.27127631
-0.0012100036
-0.00029957608
0.010477556
0.0020516007
0.052421544
0.024943347
0.0082895942
0.0321622
0.097969956
0.07671605
0.14126012
0.1439967
0.043441141
0.061255582
0.056074095
0.071558756
0.063137948
0.06677305
0.079045162
0.096562313
0.10149331
0.04817717
0.11363043
0.14348633
0.111939
0.090669006
0.037287114
0.02458316
0.087331942
0.1322053
0.032286171
0.082616847
0.044862408
0.013214998
0.10932051
0.042439618
0.11287411
0.088782031
0.0056875518
0.025916522
0.01244265
0.026358403
0.13987573
0.17085472
0.076506177
0.1049759
0.30273473
0.30703193
0.33454376
0.32684147
0.33577984
0.33497144
0.31857502
0.33062862
0.30014026
0.29726527
0.33600047
0.3362856
0.33605479
0.33586274
0.24643606
0.2103191
0.063771305
0.11749026
0.079438131
0.031066912
0.21010222
0.3344904
0.33120202
0.33593237
0.33590569
0.20149229
0.17925263
0.23748714
0.058133239
0.15760181
0.067057942
0.21734921
0.18000358
0.24213603
0.040753866
0.14632385
0.17849881
0.033617714
0.20169001
0.13435332
0.08458915
0.081879626
0.27784289
0.14110754
0.064139674
0.11227815
0.13557025
0.067810032
0.22588426
0.28270459
0.067406742
0.052073772
0.26788162
0.26364214
0.26427404
0.28155511
0.27795828
0.28962096
0.2898205
0.26017182
0.2860359
0.29233946
0.28949675
0.30403739
0.31088897
0.29942155
0.29254495
0.29708365
0.29680791
0.29498339
0.23995364
0.29659094
0.30126269
0.28125977
0.28392414
0.29164894
0.32082069
0.31517096
0.31987609
0.16185101
0.053253404
0.050578557
0.025816059
0.11084288
0.12599374
0.19762989
0.23557382
0.26108426
0.15756132
0.2408273
0.27588465
0.30471162
0.11031136
0.11779804
0.19653662
0.15098164
0.071436079
0.081433773
0.19810929
0.14561133
0.35516957
0.35400542
0.35337816
0.35309596
0.2064946
0.18487231
0.21678161
0.20746027
0.11326757
0.073264888
0.14759071
0.16503881
0.12283441
0.10212591
0.069504437
0.050729821
0.039458736
0.014715561
0.028821874
0.050235197
0.047745664
0.014406289
-0.00028529954
-0.00082755703
-0.0062569181
-0.0016192053
-0.0013507651
-0.0039208265
0.25604134
-0.00089462451
0.22541227
0.27881169
0.25076791
0.22312087
0.22170738
0.11327861
0.093230832
0.044000154
0.11361311
0.093403529
0.037730338
0.02507061
0.045723646
0.020620604
0.051260596
0.084304519
0.15503753
0.024997547
0.21672642
0.21703395
0.20793971
0.17196714
0.21701527
0.17625669
0.15058979
0.16987534
0.14691729
0.10047922
0.15677289
0.1141139
0.17168316
0.066479217
0.13654389
0.1078251
0.18122779
0.18685258
0.18563303
0.21766599
0.1050517
0.037597515
0.069126557
0.075942172
0.13001211
0.11459771
0.022538551
0.098770072
0.080199663
0.035246854
0.04372816
0.086861281
0.24158726
0.060176328
0.094235593
0.015634774
0.15107329
0.13574219
0.03941323
0.089866646
0.12823677
0.041678919
0.035076139
0.22712945
0.022605092
0.13710155
0.20578433
0.10901788
0.086023895
0.089995938
0.16262568
0.15280798
0.10253691
0.21810626
0.20305857
0.24292214
0.20601274
0.25324577
0.21434565
0.3505286
0.34622717
0.35370969
0.3502988
0.34426387
0.34613114
0.34996667
0.3479226
0.33905323
0.33612975
0.33381343
0.32821836
0.35141344
0.35261796
0.35132141
0.35346166
0.34918855
0.34912954
0.33891446
0.34635554
0.34912464
0.32628308
0.32893389
0.3475408
-0.002288776
-0.018554241
0.14848363
0.1514206
-0.02131414
-0.020523934
-0.01389106
-0.01474764
-0.020917883
-0.019937964
-0.022390734
-0.022909478
-0.0076745068
0.23318084
0.21104304
0.24715713
0.26481333
0.26710642
0.29513016
0.27531191
0.15812032
0.24335212
0.29376628
0.31042773
0.2936575
0.17782806
0.14547552
0.17946795
0.17567284
0.1668061
0.18499308
0.078449577
0.06371247
-0.0019313845
0.00073649999
-0.0032225824
-0.0012384718
0.15877838
-0.0006417125
0.0012899536
0.18855355
0.17616349
0.15683802
0.22991248
0.17543797
0.21491135
0.20089432
0.20730088
0.16657451
0.21511605
0.27363483
0.22244384
0.27609373
0.23534488
0.19348157
0.22431957
0.15699186
0.1430056
0.16095196
0.13304728
0.12438327
0.12401723
0.11109441
0.11661902
0.19188176
0.20799986
0.1981007
0.24314131
0.22217861
0.20015513
0.25120333
0.22442307
0.27197836
0.27787662
0.25208049
0.26257934
0.1046469
0.26205837
0.31782351
0.28760988
0.27266427
0.24676476
0.29371988
0.28061917
0.22408776
0.23552248
0.3215768
0.31164466
0.31206997
0.32125265
0.25916491
0.30363671
0.1316665
0.268627
0.24732606
0.29753555
0.28479254
0.31730006
0.25155392
0.28955366
0.32568062
0.32642951
0.23377506
0.15342975
0.29165249
0.30656428
0.24075874
0.24506458
0.24524416
0.26921794
0.14576208
0.15616421
0.1768449
0.24810182
0.068083323
0.036498167
0.27541064
0.27983637
0.27636942
0.2787292
0.24537261
0.27822098
0.26781734
0.2653466
0.27430525
0.27935227
0.28625275
0.28223084
0.22384964
0.26633024
0.28663368
0.27727661
0.26973552
0.28905923
0.31422953
0.30575945
0.31910295
0.31249591
0.287149
0.28252707
0.31332958
0.30923928
0.29896431
0.30823107
0.33387654
0.33110132
0.32050662
0.32802873
0.31886979
0.31842069
0.13109042
0.092952279
0.0024477385
0.095640368
-0.0067436178
-0.0031443252
0.12420871
0.10935646
0.13741776
0.24623109
-0.0033608866
0.027172542
-0.0031397257
0.070990178
0.30998886
0.29521611
0.13402259
0.1815643
0.20793428
0.20207081
0.16173384
0.089325982
0.03743889
0.12683327
0.076265343
0.10747176
0.12750311
0.090754305
0.081421224
0.083627647
-0.00093280233
-0.00021052112
0.092730391
0.029063978
0.021806283
0.025402589
0.12955871
0.102471
0.038434769
0.20709233
0.022444293
0.054433729
0.030514796
0.17965323
0.19136638
0.1451744
0.13942259
0.18088718
0.34446519
0.34282739
0.3460601
0.34159562
0.34518366
0.34366697
0.34890945
0.34740497
0.34540521
0.34855629
0.33973236
0.340103
0.32857293
0.34505008
0.33903809
0.34310644
0.33508313
0.3371423
-0.01319515
-0.021769317
0.29397918
0.32937548
0.32069207
0.32442145
0.27533148
0.29298897
0.27355904
0.29362742
0.29475439
0.2955569
0.15947599
0.19263824
0.27154613
0.28651097
0.25571747
0.27198581
0.28697697
0.30639246
0.23206276
0.26880326
0.19559834
0.19255257
0.17856884
0.18186136
0.20895401
0.19849452
0.20512805
0.11877454
0.091275453
0.061721346
0.059426823
0.049954304
0.079722479
0.13279748
0.24149308
0.21051939
0.11975006
0.21951455
0.23626357
0.27692945
0.28037218
0.28340057
0.27548518
0.26470107
0.25374625
0.25084605
0.17440393
0.065869099
0.14495171
0.20274118
0.067999734
0.19915157
0.21879835
0.26850125
0.20277347
0.14297452
0.20389689
0.13473444
0.11785325
0.22193432
0.22799329
0.25027621
0.068941518
0.12295938
0.17559844
0.036016207
0.27897751
0.26888165
0.25156744
0.26642922
0.28400356
0.28150047
0.2716144
0.28905987
0.27860048
0.28050013
0.31880885
0.2851925
0.22367478
0.18357806
-0.0021930101
0.0038541999
0.036962991
0.10431229
0.054082866
0.010069178
0.33706502
0.3306137
0.33769687
0.2630898
0.33067625
0.2391712
0.32553156
0.32182619
0.34531503
0.33704005
0.34808414
0.34418611
0.33545749
0.33731381
0.32817241
0.34090338
0.33979066
0.33219418
0.32959775
0.34005217
0.32085586
0.33319167
0.31992781
0.3077563
0.31914647
0.32820113
0.33870506
0.3399514
0.34090466
0.34263047
0.29020161
0.28991607
0.28919789
0.3093787
0.29327217
0.26976286
0.26813462
0.29231994
0.27117128
0.25625416
0.3048609
0.31049806
0.24940607
0.27212482
0.21475547
0.24981465
0.28063973
0.30861082
0.27983131
0.29881491
0.28912662
0.32250176
0.28143273
0.29679983
0.27529696
0.30494341
0.31866437
0.29835862
0.30510832
0.29818696
0.30949524
0.31787113
0.30564301
0.32641895
0.31344242
0.31576848
0.30182921
0.32698849
0.31382603
0.32801428
0.32646268
0.32841252
0.32537632
0.33020254
0.23688643
0.33740391
0.33084593
0.33125901
0.32177576
0.32023435
0.31073101
0.31928165
0.31674166
0.31937081
0.32221056
0.30718445
0.29574185
0.31976575
0.29375921
0.30886222
0.32614916
0.10782599
0.30964916
0.32894223
0.32210285
0.30793204
0.32816858
0.24901712
0.32709019
0.3286567
0.028616706
0.32263184
0.33038881
0.30025087
0.007003465
0.29674345
0.31228727
0.29521072
0.31779466
0.28638833
0.31179138
0.14639441
0.06285811
0.054821228
0.27777387
0.28256728
0.28478427
0.27822611
0.28218599
0.27229193
0.28199086
0.25813886
0.27391206
0.27337802
0.27142957
0.2659425
0.25518372
0.26337346
0.26979257
0.23346704
0.24438267
0.21532699
0.20603672
0.19521121
0.22490088
0.13920684
0.24523047
0.063679754
0.041259494
0.17801589
0.11726069
0.28478572
0.28223448
0.28649039
0.27691311
0.27612506
0.28718675
0.27833419
0.28528791
0.28345093
0.29279696
0.27317441
0.28072625
0.28511862
0.28327792
0.29591562
0.29862716
0.28246342
0.28269638
0.33019641
0.32539007
0.27528425
0.3076241
0.015151876
0.31007272
0.0058029956
0.0045492352
-0.0023641641
-0.006052911
2.0735005e-05
-0.0029618683
-0.0051917126
-0.006069988
0.035556058
-0.0047160877
-0.0041268949
-0.0060916144
-0.0055539264
-0.0041914576
-0.00050814562
-0.0045168432
-0.0020367146
-0.0048327124
-0.001485184
-0.0004101334
-0.00049390485
-0.0051851947
-0.002636198
-0.0015046043
-0.0030675789
-0.0016014639
-0.0028087657
-2.9935287e-05
-0.002064873
-0.00069680107
-0.0034510927
-0.00074351929
-0.00071736222
-0.0021369672
-0.0015216645
-0.00032505032
-0.00053548857
-0.00079056299
-0.00041637254
-0.00038641453
-0.0023587612
-0.00092835482
-5.5330465e-05
-0.0017062119
-0.00032812941
-0.0017036217
0.092157942
0.073573275
0.10508267
0.029624885
0.020729984
0.0077613439
0.073300897
0.058201765
0.11315507
0.088231208
0.17163719
0.047278487
0.15083219
0.11222517
0.19282871
0.18013098
0.17558538
0.17619132
0.20588545
0.13378238
0.22971644
0.10012149
0.049223068
0.011875826
0.054612301
0.094123359
0.050894386
0.058625828
0.025813915
0.087584687
0.20912904
0.031877303
0.094729455
0.07561856
0.12897007
0.16380754
0.076206112
0.027725755
0.18809199
0.11078498
0.14058315
0.19287081
0.088230981
0.027523276
0.053763173
0.053535919
0.2473027
0.18493072
0.18574673
0.13589453
0.14853298
0.058632956
0.22483198
0.10568464
0.094427821
0.1285479
0.22066417
0.12560702
0.18368346
0.079176059
0.32088909
0.067016395
0.05394046
0.054486864
0.028774726
0.0085112779
0.27899417
0.2626947
0.22982794
0.24646516
0.2423477
0.26649634
0.24775427
0.18477517
0.24070951
0.27108682
0.29128743
0.26330449
0.24899301
0.22299896
0.30713607
0.30760216
0.28864047
0.28955325
0.27953474
0.2748305
0.20911807
0.16444358
0.30739768
0.2922623
0.23897141
0.19131941
0.2464999
0.21322439
0.26287777
0.33514018
0.18111423
0.16539449
0.21632462
0.14862042
0.14642753
0.18250634
0.12671463
0.098328391
0.32945131
0.27233658
0.31134884
0.18067694
0.13704082
0.11118072
0.27482318
0.27896362
0.20558783
0.31281581
0.30219665
0.28837076
0.33292335
0.33257582
0.24599242
0.23933061
0.33050384
0.29407207
0.25744067
0.32891758
0.31596196
0.23519774
0.33187399
0.095239096
0.30211774
0.30557876
0.30837864
0.32178788
0.31082765
0.28861724
0.31662358
0.27599631
0.31130547
0.21400789
0.31969216
0.31948248
0.21410007
0.23047021
0.33811555
0.32470248
0.33014602
0.13258991
0.33631813
0.32400883
0.33029345
0.34089622
0.33396986
0.3378394
0.32185163
0.34152123
0.32974067
0.31115984
0.05973834
0.27668127
0.33370519
0.34588718
0.321411
0.31747387
0.25781924
0.34185177
0.16830739
0.15499927
0.34368169
0.091349526
0.2149679
0.33420231
0.33088568
0.33576068
0.035719013
0.34211182
0.30050007
0.034188993
0.32872074
0.3274465
0.33430847
0.3303448
0.32379152
0.33243964
0.28049812
0.33682034
0.30746214
0.33344486
0.33401249
0.34021336
0.32913476
0.33606047
0.34254417
0.34314091
0.27840847
0.28786236
0.276447
0.081187793
0.2943449
0.15213795
0.092167737
0.12924486
0.16259588
0.128155
0.1180023
0.25665988
0.24828623
0.34032343
0.33436492
0.34431362
0.34374844
0.34266049
0.33915609
0.30921962
0.26034387
0.27326882
0.22612334
0.33634505
0.33858418
0.3420214
0.33983108
0.33981588
0.3382042
0.33273128
0.3405738
0.30383598
0.27829034
0.30120831
0.26126717
0.28738984
0.28458739
0.30226849
0.25688371
0.25521611
0.16848792
0.31256263
0.33558983
0.33987501
0.33378535
0.34065491
0.33807352
0.29480874
0.28731114
0.23565255
0.20866395
0.3367998
0.33354434
0.34120829
0.33300889
0.33929516
0.33909309
0.33894465
0.3343437
0.32224297
0.32791987
0.31097368
0.30990375
0.3260571
0.33639185
0.32868979
0.33317076
0.31016477
0.31201072
0.29265732
0.28462284
0.33606896
0.34263806
0.32761164
0.3193479
0.30702044
0.32151045
0.31039115
0.31044309
0.23859753
0.23777381
0.29821669
0.30935202
0.33204444
0.32189416
0.33815805
0.32874841
0.33347835
0.33513777
0.30717587
0.31053454
0.035780801
0.31405241
0.11496854
0.26761843
0.26955744
0.26291511
0.25156298
0.2452357
0.25698047
0.22032411
0.25055983
0.23598763
0.25142182
0.19929362
0.24388648
0.03023218
0.14082423
0.042554139
0.25817851
0.26054339
0.2628249
0.063547443
0.25329513
0.17607315
0.17490222
0.18945955
0.26024961
0.24167751
0.18295342
0.25869258
0.26743673
0.25367525
0.26290326
0.25393788
0.26544325
0.26860852
0.25956661
0.22476489
0.058885089
0.24294006
0.19277083
0.13354748
0.12907663
0.17425552
0.24669842
0.11646316
0.18098708
0.070639173
0.043519512
0.11977518
0.18364365
0.15839
0.25598516
0.22691196
0.24030459
0.22113251
0.18995033
0.21684614
0.24205841
0.22412989
0.18854486
0.13836994
0.14588321
0.24072076
0.23033336
0.21998662
0.22972071
0.12142009
0.048770902
0.068821761
0.045659367
0.27941685
0.13469826
0.21493745
0.039098739
0.068933792
0.12689016
0.036757683
0.18201784
0.1932118
0.14846011
0.27665864
0.25369045
0.25359145
0.070738164
0.18667179
0.28941205
0.27584361
0.28584807
0.27396137
0.27855198
0.26845988
0.2647387
0.2714201
0.23968403
0.26588504
0.26854354
0.25994105
0.26305017
0.26634035
0.27534015
0.269635
0.25894245
0.26785623
0.26373289
0.28036213
0.2737152
0.26148585
0.28397166
0.27115032
0.27057301
0.26858601
0.26653961
0.2727101
0.26351161
0.26009521
0.26469662
0.26828247
0.2778723
0.27053918
0.26321757
0.27290452
0.27490493
0.26877684
0.26666181
0.27310679
0.28326437
0.26540272
0.23163201
0.2632763
0.27128161
0.24114489
0.23808322
0.28502786
0.28577631
0.27585666
0.27481845
0.25244345
0.26217113
0.28103261
0.27489426
0.27044558
0.2729883
0.26512554
0.25691636
0.28305262
0.27925983
0.27060128
0.2676041
0.2747941
0.27710208
0.26775426
0.26610927
0.25770216
0.2456787
0.27353937
0.26896569
0.26884693
0.26429595
0.25812326
0.25413066
0.26550194
0.26452336
0.25998866
0.25381923
0.26078422
0.25500741
0.24729446
0.26234651
0.26194061
0.26225872
0.25822373
0.26233422
0.26363192
0.25913575
0.25699808
0.25260232
0.25563978
0.25769285
0.17230758
0.24141465
0.26156201
0.26590323
0.25573576
0.25149773
0.25451319
0.23500757
0.2473034
0.25031695
0.26080944
0.25741445
0.25873335
0.24951833
0.24602742
0.20065212
0.25014699
0.2363818
0.25516532
0.2529431
0.25531646
0.25502577
0.24275685
0.24196475
0.25169894
0.2572654
0.24375027
0.2435651
0.23930076
0.22552085
0.24650148
0.23985984
0.21306906
0.24586118
0.24470718
0.23555702
0.24686861
0.25070445
0.23104205
0.23584369
0.25041811
0.24947823
0.23184974
0.24654656
0.23644318
0.23243038
0.24857464
0.23375663
0.23543128
0.23464576
0.22693341
0.23230077
0.24747774
0.24486881
0.19345286
0.23107634
0.23308231
0.2303505
0.2390927
0.23995038
0.24998553
0.24299396
0.23421176
0.23040356
0.24135643
0.23081539
0.23219108
0.23305497
0.21482512
0.2490365
0.23041494
0.22853767
0.24461918
0.24449647
0.23335329
0.23748038
0.22392443
0.23844566
0.23346451
0.24166162
0.23550821
0.22693284
0.23492839
0.22883052
0.22372271
0.22814419
0.23869984
0.22340202
0.22827671
0.23599321
0.23246146
0.22243047
0.21281531
0.21671128
0.23761491
0.23524387
0.12218382
0.23832741
0.23002864
0.23317241
0.28654365
0.23760631
0.2048858
0.24073582
0.22603051
0.23670469
0.23384111
0.22595025
0.23725611
0.23775426
0.14623439
0.23240704
0.23126036
0.22233425
0.22191465
0.18185405
0.23144806
0.22774513
0.22512207
0.21870943
0.21480372
0.055073665
0.21617585
0.22563603
0.23708025
0.15627093
0.23141972
0.23875134
0.22374149
0.23838984
0.24273689
0.24079735
0.23225868
0.21222497
0.20732459
0.19590885
0.22006552
0.22262212
0.2269798
0.22382502
0.15101064
0.23606768
0.22560294
0.23023866
0.2108031
0.075099116
0.040498753
0.22468539
0.21696834
0.21937737
0.23835721
0.25819252
0.17176421
0.21857017
0.18560536
0.1445333
0.22828633
0.2193727
0.23382639
0.22528132
0.21673846
0.19747968
0.23871471
0.22911492
0.21718698
0.081387533
0.21883817
0.19364986
0.22451437
0.16516952
0.2027899
0.23351327
0.24085493
0.24261859
0.23468714
0.2348441
0.22253727
0.22782971
0.22983292
0.23102715
0.22713774
0.22460016
0.22477223
0.22397063
0.1602878
0.22516113
0.22521086
0.22086482
0.21715584
0.22137872
0.21925332
0.13952296
0.089614318
0.16159465
0.22038781
0.21793603
0.21108618
0.22326041
0.22799713
0.22593485
0.21873675
0.21351724
0.22209042
0.2244863
0.22581876
0.22474283
0.20591977
0.21408052
0.21891336
0.07705915
0.1555898
0.18326542
0.099751432
0.2123943
0.22104121
0.22344784
0.21325649
0.21696789
0.2155754
0.21376958
0.21308362
0.21233441
0.21852692
0.21157116
0.20997146
0.21115086
0.21067974
0.20911401
0.20744736
0.21514822
0.21535088
0.037808214
0.21010742
0.21477338
0.20773105
0.20569402
0.12843142
0.09397466
0.10736331
0.18334014
0.21589422
0.21437318
0.20894277
0.21008495
0.2096589
0.20624479
0.2033665
0.20625578
0.16740841
0.20157398
0.21018409
0.20038118
0.21251772
0.20971179
0.049739665
0.20247213
0.21898526
0.22293012
0.20776469
0.21761079
0.21920512
0.22162248
0.21780354
0.21361386
0.20282428
0.20141169
0.20386071
0.20504536
0.21617396
0.20870513
0.20849023
0.20689711
0.2079784
0.20499305
0.20714347
0.20371614
0.21717807
0.21854391
0.11238449
0.21891742
0.20630156
0.21036163
0.20911754
0.21364304
0.21366229
0.15629564
0.20762961
0.20983886
0.15489043
0.17134756
0.20376881
0.20381721
0.20889982
0.21210576
0.20479449
0.22047835
0.20581706
0.20750156
0.19381567
0.20165242
0.079785747
0.21703794
0.20302117
0.20446774
0.20915057
0.21204058
0.20432416
0.20564653
0.20331146
0.20489403
0.20854434
0.21049087
0.20279805
0.21612031
0.20120803
0.20776941
0.17486891
0.21639528
0.21305758
0.21123511
0.21127482
0.21617022
0.21233853
0.22412678
0.20774611
0.21335269
0.20284345
0.2017237
0.2184143
0.20668312
0.20783811
0.22374341
0.20734474
0.19066637
0.21624827
0.20296114
0.200157
0.20265167
0.20165205
0.22111527
0.22388758
0.2048326
0.20628102
0.214772
0.21588171
0.21028131
0.21399393
0.20073022
0.20495113
0.20424467
0.20130675
0.21997129
0.22012957
0.22096034
0.22665182
0.22190538
0.21754898
0.21518259
0.24448785
0.21789735
0.22288554
0.21105877
0.22079437
0.22695761
0.23284893
0.2252217
0.22788329
0.21281948
0.24741575
0.20572281
0.20468756
0.20637455
0.20404377
0.20307848
0.20985699
0.20531696
0.20655633
0.21247809
0.21558152
0.20726323
0.21527761
0.20141433
0.2008412
0.20121889
0.21200423
0.22117422
0.20071286
0.20529269
0.20009816
0.20465977
0.20787205
0.21115298
0.20239162
0.20068371
0.20266492
0.20090916
0.20014391
0.20873677
0.20960249
0.20040336
0.20766486
0.20620351
0.20783063
0.21333916
0.20345826
0.20019795
0.20148635
0.21111345
0.21418603
0.21063615
0.21250087
0.21560616
0.21816568
0.12142115
0.2552688
0.20984269
0.21321339
0.19823062
0.2382693
0.21235715
0.21618054
0.21903713
0.21979476
0.32315745
0.29738715
0.32169279
0.310257
0.30311891
0.29677847
0.27278366
0.23764106
0.30119401
0.27577016
0.29248793
0.27895726
0.26003915
0.29872334
0.3007124
0.26460137
0.25798104
0.094190016
0.25902621
0.27459623
0.19344669
0.19653627
0.22362029
0.25572558
0.23629679
0.27259512
0.27679385
0.092459217
0.25572491
0.26926651
0.26578067
0.24725213
0.092776517
0.088920518
0.23033844
0.27036824
0.27593676
0.21429867
0.15329849
0.22054634
-0.00056351702
0.21317758
0.21227492
0.22019862
0.016092576
-0.0012396336
-0.0013701302
0.24160821
-0.0012751595
0.15888607
0.21628591
-0.00148269
-0.0004677901
0.25864383
0.042930087
0.019540832
-0.0034578189
-0.0012543882
0.31413077
-0.0015555571
0.0056522246
-0.00080087781
0.0044670742
-0.0058518168
0.035894158
0.1666078
-0.00014925939
-1.6478755e-05
-0.0001352946
-0.00015528709
-3.6186024e-05
-0.0030134684
-0.00065502602
-0.0014757231
-0.0002786203
-0.00024698902
0.31716313
-0.00038583284
-0.00014147636
-0.00069067377
0.17419706
0.19454906
0.30452618
0.32315967
0.3337608
0.33374006
0.16745611
0.10252988
0.30118593
0.306207
0.33745099
0.33841981
0.33773261
0.34042913
0.3381049
0.33511779
0.33882277
0.33982642
0.28776195
0.29405063
0.3375642
0.33642232
0.077122884
0.13234716
0.20835723
0.20200538
0.22557148
0.29279985
0.33468622
0.32330185
0.32397356
0.32861447
0.33238497
0.32830039
0.32087913
0.32013308
0.33425572
0.3234164
0.33094935
0.31578991
0.30416966
0.29474361
0.32208668
0.27908881
0.13547904
0.047491556
0.11780765
0.059838322
0.26002885
0.24751623
0.054217964
0.11201075
0.061447016
0.20078098
0.037308163
0.13682588
0.2266552
0.24222517
0.18166358
0.14767615
0.18209551
0.050614417
0.1278477
0.20436916
0.22566881
0.20458372
0.073785735
0.20683434
0.19714884
0.22175431
0.15675188
0.23643189
0.24062299
0.24767908
0.18951791
0.22256643
0.063345074
0.20331621
0.21854501
0.24522596
0.2522358
0.23732151
0.23811918
0.20908748
0.061747723
0.06623599
0.24865495
0.23765191
0.20807379
0.1535013
0.28738009
0.27716284
0.27173399
0.27122072
0.26905072
0.26730478
0.25972733
0.25704123
0.25089988
0.23484725
0.25554512
0.25017565
0.23266854
0.23832342
0.25120654
0.24769469
0.25364836
0.24904194
0.25345754
0.25120171
0.25054464
0.24434828
0.24496731
0.25009035
0.22804082
0.22781899
0.24091992
0.23691749
0.22092735
0.23445627
0.20752993
0.19674628
0.10629704
0.16837145
0.21941588
0.19587187
0.24341223
0.24138552
0.24469895
0.24383344
0.24632947
0.24752991
0.067328171
0.1589787
0.11173068
0.17463149
0.053298106
0.039991825
0.11951053
0.1527084
0.087488602
0.084301578
0.065767198
0.047042305
0.17890409
0.16758272
0.22748302
0.22276975
0.22841725
0.22677078
0.21873121
0.22000486
0.21809443
0.21674448
0.21618226
0.21242395
0.21152723
0.21236577
0.21129842
0.20659209
0.21100589
0.20800134
0.2023174
0.2063497
0.21178375
0.20739331
0.20593532
0.20318007
0.20445199
0.20041064
0.20573364
0.20261934
0.20730519
0.2037654
0.20064183
0.20128327
0.22594494
0.22159566
0.20177013
0.20091777
0.23097234
0.22867293
0.2314424
0.2272842
0.22521277
0.22433193
0.22256344
0.22577433
0.22786769
0.24993136
0.20229938
0.2016726
0.20030759
0.20200879
0.20017273
0.2004596
0.20038218
0.20127661
0.20189942
0.20115111
0.20098085
0.200075
0.20174915
0.20058482
0.20016395
0.20288696
0.20866276
0.20679839
0.21902107
0.21000694
0.21584028
0.21402541
0.21808194
0.22024759
0.2210727
0.22696086
0.2188392
0.2235967
0.21934633
0.22138568
0.22028455
0.22323855
0.21781775
0.22463832
0.21561754
0.21865723
0.23385492
0.21728785
0.219618
0.25920301
0.21421432
0.21738338
0.21851397
0.22237529
0.22314084
0.24749552
0.20914327
0.21108062
0.21906959
0.22009883
0.21487831
0.12502018
0.20889768
0.21520097
0.21459671
0.21715096
0.31427187
0.31356799
0.28914381
0.29482587
0.25373213
0.22364698
0.26318454
0.27491366
0.26195166
0.25324282
0.25984577
0.24993381
0.24683073
0.22365131
0.033931092
0.028037012
0.11100145
0.16681233
0.11805715
0.22446031
0.21669472
0.31270809
0.28307356
0.29606376
0.22512115
0.20710008
0.29671429
0.29118459
0.25296028
0.22923866
0.082047931
0.025793563
0.046805154
-0.00013915219
-0.00032364853
-0.00018241161
-0.00026498806
0.30849001
0.15388184
0.093874474
0.21313295
0.11694368
0.2095281
0.045014712
0.14040512
0.17127083
0.12642232
0.0096893075
0.27721607
0.25298939
0.33488995
0.33083927
0.33159518
0.32448241
0.10359865
0.31920572
0.33277536
0.28358184
0.31231868
0.26281522
0.31605963
0.32959489
0.30253799
0.29563058
0.16042362
0.32952408
0.065282858
0.1906711
0.24493324
0.25274483
0.2469438
0.23942796
0.25285177
0.25368017
0.25201294
0.24743497
0.24305329
0.24478369
0.24012041
0.24217991
0.24414902
0.23417016
0.2374534
0.23801381
0.24250758
0.2428779
0.23996555
0.23668543
0.24872797
0.25553692
0.2357232
0.24066588
0.25078073
0.25853969
0.23236034
0.22891026
0.23112791
0.24378693
0.25336385
0.25181325
0.24764109
0.25040794
0.22300865
0.22861148
0.23882586
0.22982919
0.2530786
0.24727933
0.25923024
0.25627643
0.2428486
0.2451948
0.23735252
0.24238173
0.2331599
0.2262738
0.24545183
0.24963596
0.2442237
0.24915412
0.20349467
0.22731941
0.23667558
0.23238074
0.16162411
0.13420844
0.033497636
0.1343953
0.22061085
0.060312944
0.21769029
0.20513418
0.20402245
0.21017746
0.21427469
0.20783028
0.21028675
0.20201325
0.20138476
0.20121626
0.20218899
0.20061885
0.20013458
0.20118966
0.20420802
0.20325509
0.20355428
0.20224856
0.20098587
0.20204423
0.20135707
0.20005964
0.20078852
0.20100314
0.20063054
0.20174506
0.20039803
0.20005263
0.20060363
0.20101101
0.19990861
0.20224517
0.20489879
0.20299665
0.2005592
0.20204589
0.20091371
0.20003275
0.19996352
0.20032433
0.20132741
0.20958298
0.20429828
0.20068015
0.20004067
0.20296528
0.20455806
0.21314187
0.21406164
0.2173971
0.22894914
0.20662602
0.21492276
0.20558868
0.20831698
0.21204754
0.2073823
0.20903265
0.21134636
0.20827832
0.21067134
0.20281541
0.21571126
0.21172795
0.21238269
0.21105941
0.21625792
0.21170769
0.21414137
0.21583222
0.21538119
0.21603234
0.21630804
0.21754936
0.21793032
0.21493104
0.21655892
0.21496196
0.21445423
0.21392681
0.21604167
0.21285922
0.21326053
0.17161298
0.21936165
0.21565357
0.21726234
0.21678043
0.24432651
0.2166933
0.21835084
0.22016225
0.21839958
0.18573289
0.22359867
0.21934851
0.221857
0.20968091
0.2108217
0.21097811
0.21731956
0.20600386
0.20639553
0.21281807
0.21558855
0.2127913
0.21326308
0.21140063
0.21669514
0.211194
0.21702517
0.21141532
0.2126813
0.21507046
0.21708549
0.21053061
0.20111035
0.21877838
0.21636668
0.21250821
0.21736078
0.21568302
0.21592489
0.21444627
0.21845381
0.2172383
0.21689528
0.21514643
0.098285824
0.20206743
0.21583473
0.21766892
0.21371274
0.16334817
0.21036373
0.20980531
0.21064794
0.21604102
0.21540353
0.053992392
0.21083943
0.18683413
0.20782793
0.20335394
0.21605316
0.21790918
0.19812692
0.21771233
0.098683304
0.21778916
0.21812989
0.21852936
0.21589556
0.21017456
0.20928031
0.20145027
0.20165544
0.20034201
0.20019895
0.20008425
0.20083046
0.20086455
0.20093173
0.20426094
0.20057823
0.20146922
0.20299017
0.2038022
0.2050022
0.18581314
0.21642405
0.21531823
0.20921277
0.20834877
0.209548
0.20582968
0.21596657
0.21873284
0.20766986
0.21388302
0.21336772
0.21826014
0.21963088
0.20878809
0.20639562
0.20653154
0.21356378
0.21189594
0.20221391
0.21488817
0.20444225
0.20327022
0.21581763
0.21326981
0.20841741
0.21469276
0.20251392
0.20874506
0.20575421
0.20490294
0.20419325
0.20200871
0.20533309
0.20245243
0.20783486
0.20707262
0.20181165
0.2004031
0.20838789
0.20691038
0.20709165
0.20349142
0.20317927
0.20039856
0.20916029
0.20748383
0.20770037
0.2054676
0.20678568
0.20619222
0.20629001
0.2046583
0.20544225
0.20305889
0.20358213
0.20226745
0.20460598
0.20186232
0.20108109
0.20101241
0.20135882
0.20130259
0.20113622
0.20128213
0.20315241
0.20132934
0.20015305
0.2000427
0.20020559
0.21104926
0.20051787
0.20066049
0.20034527
0.20120479
0.209481
0.20306329
0.20004953
0.19992292
0.19986457
0.20153316
0.20203411
0.20486827
0.20549648
0.20325641
0.2038476
0.20846109
0.20055983
0.20068176
0.20059023
0.20201484
0.20132203
0.20032082
0.20146944
0.20608422
0.1998734
0.21110328
0.20625567
0.081544802
0.19833532
0.20760577
0.21041226
0.12070145
0.20060228
0.23803177
0.25934443
0.25312382
0.24949637
0.035853567
0.0215769
0.046074937
0.010184595
0.15776863
0.069169894
0.090112817
0.011046147
0.027816817
0.073838545
0.0052108913
0.12256423
0.16005906
0.12427736
0.0080798593
0.20567607
0.21563677
0.20573052
0.048576292
0.064780395
0.17305444
0.083519032
0.26055653
0.18105289
0.23570659
0.3052881
0.31453593
0.27641818
0.26223222
0.28194938
0.16543884
0.29234165
0.26552471
0.30518863
0.27816271
0.21342372
0.27137972
0.23153555
0.28786866
0.20737424
0.18479399
0.18739772
0.14044085
0.21448389
0.22711982
0.18765763
0.18738022
0.23429719
0.20881688
0.12473842
0.058140818
0.26638916
0.15987102
0.25269079
0.16326509
0.3233499
0.32434871
0.32972211
0.32913728
0.32715747
0.32623645
0.32959587
0.32824775
0.32510784
0.25346945
0.24605222
0.24517843
0.2398655
0.23345496
0.23044423
0.22813967
0.2340376
0.22652347
0.22575697
0.22616607
0.22243902
0.22518562
0.22448506
0.22039629
0.23771851
0.1395644
0.10686772
0.2030921
0.20574087
0.20209922
0.20404364
0.20395339
0.20493494
0.20519921
0.20448753
0.2021469
0.20358949
0.20468786
0.20477664
0.20005973
0.20041745
0.22209585
0.22541125
0.22067168
0.22037391
0.22674533
0.23101355
0.22204794
0.22212904
0.20621863
0.22780895
0.23430428
0.22665091
0.2320504
0.24123514
0.21087162
0.20857739
0.20832921
0.21053227
0.18830549
0.19912145
0.20004939
0.20013276
0.20073134
0.20051614
0.20076792
0.2002846
0.20006378
0.20011926
0.20118167
0.20040871
0.20081397
0.20262308
0.20155716
0.15963628
0.038888186
0.0077983705
0.15995351
0.21198828
0.21894326
0.21902771
0.21743483
0.21367167
0.22027221
0.21938813
0.21607153
0.21398463
0.19580597
0.21936691
0.21660754
0.21352988
0.21951695
0.2099445
0.20875526
0.20768395
0.13375975
0.17619731
0.21972054
0.19409149
0.14494073
0.20596348
0.2054254
0.19998727
0.20006312
0.20061178
0.20041349
0.20457399
0.20230634
0.20565707
0.23856508
0.20063786
0.22566513
0.25213067
0.24691224
0.071729369
0.12625647
0.1992049
0.16505143
0.1872057
0.032775188
0.18578858
0.17130273
0.22717892
0.20332603
0.18573691
0.18693787
0.20581899
0.16383398
0.19158505
0.17550879
0.2180954
0.2161077
0.0700347
0.22004973
0.075470077
0.034306405
0.2037192
0.18866404
0.22387764
0.22037345
0.22020246
0.027849144
0.21848265
0.21248187
0.21770363
0.23620627
0.21905479
0.21293829
0.30350115
0.22616577
0.31027169
0.31832792
0.31033346
0.31347043
0.31074488
0.32220912
0.31250618
0.32793653
0.31816341
0.32465204
0.32585776
0.32636337
0.32738542
0.32882727
0.32045952
0.27861734
0.3256164
0.25966454
0.1717994
0.13156311
0.12849676
0.092565103
0.077194171
0.095594129
0.1074451
0.12046606
0.012640617
0.15391063
0.055821481
0.07763998
0.041119508
0.02502492
0.10146469
0.016710372
0.013763883
0.043537266
0.021796598
0.028267761
0.057368677
0.028589424
0.020748891
0.090541484
0.025269315
0.01689798
0.089232568
0.077403479
0.026053436
0.053189388
0.32970867
0.32651128
0.33200405
0.33119657
0.32779521
0.3265519
0.22839049
0.23067184
0.20298001
0.20247604
0.22567569
0.22976096
0.23243822
0.23131787
0.22871029
0.24476264
0.23349024
0.23521876
0.22580743
0.23292514
0.24476482
0.23485621
0.2296355
0.22850542
0.22383077
0.23835327
0.2195821
0.21078155
0.21381451
0.22991748
0.22344611
0.22788859
0.20781856
0.21233342
0.21408937
0.21396224
0.19877032
0.16366758
0.17121145
0.10879691
0.049977612
0.19966542
0.064762179
0.20483927
0.17570014
0.023245817
0.11730194
0.028139973
0.11407009
0.051639788
0.14585592
0.024022538
0.11221617
0.12549219
0.1709272
0.19460607
0.19685109
0.21832017
0.21066175
0.21445045
0.095980174
0.075219012
0.15902999
0.21475846
0.069653873
0.19583855
0.16904901
0.094628075
0.17684742
0.17450471
0.16365741
0.18540112
0.14964192
0.1894955
0.1517252
0.19098741
0.16819708
0.16824597
0.17229202
0.21529795
0.18773357
0.19283274
0.16468386
0.19381241
0.19452789
0.20658571
0.10753611
0.2252105
0.16840167
0.21228691
0.21865536
0.21049556
0.20468661
0.20240738
0.20528188
0.19666408
0.25073877
0.23798409
0.14139978
0.16181949
0.21758174
0.22103146
0.21089286
0.29301698
0.2775546
0.21619517
0.18445407
0.24158412
0.24348278
0.1977892
0.18757741
0.23204136
0.21446167
0.1797931
0.20803664
0.15180142
0.07096293
0.20293893
0.092323973
0.066691766
0.1201615
0.20245781
0.24059178
0.24135279
0.20426488
0.19407065
0.2131342
0.21359594
0.032177905
0.039411797
0.15045006
0.21045744
0.20363208
0.19326679
0.19080177
0.20717171
0.20667599
0.20518336
0.21276482
0.21766924
0.21307145
0.21972602
0.21549072
0.21151206
0.20246126
0.22013114
0.21614298
0.21133451
0.13219987
0.21175684
0.21808028
0.12930895
0.21360312
0.0042115274
0.027360636
0.11828099
0.027871108
0.16946982
0.12850949
0.13981966
2.3775713e-05
0.052841303
0.078408263
0.033879744
0.10531277
0.021146091
0.056949345
0.011678888
0.05307443
-4.1619196e-06
0.0085865113
0.043635405
0.023295636
0.0001220965
0.00035586313
0.059112611
0.0025865937
0.0032359224
0.0067624118
-0.00051832899
0.083472711
0.012143759
0.031060632
0.16787141
0.0045855519
0.021740682
0.0054841391
0.048669925
0.050000283
0.14133645
0.14159515
0.014693682
0.027858059
-0.00027377287
0.0098503538
-0.0010282293
0.0026823136
-0.00037633191
0.22064172
0.21896672
0.10022568
0.13463364
0.16639046
0.10436365
0.15812153
0.19773095
0.20779152
0.20141382
0.20945795
0.09115435
0.20584396
0.21322811
0.21017922
0.10614759
0.075926885
0.00026702423
0.0026347308
0.012343599
0.0016990504
0.016183735
0.012172624
0.017266162
0.064489991
0.17848834
0.18595322
0.12512573
0.1298862
0.20275415
0.19434571
0.080225858
0.12102355
0.14133361
0.1120682
0.077753688
0.11198743
0.1150792
0.16649974
0.14933053
0.15276299
0.14581567
0.18938627
0.1022289
0.13946006
0.057864505
0.058128535
0.11356469
0.17034125
0.17569731
0.17517792
0.16996851
0.18479113
0.15069771
0.14937787
0.13786255
0.14001354
0.1906662
0.2002794
0.06778349
0.17607655
0.042040305
0.020403267
0.11537261
0.017849378
0.12567519
0.018037918
0.064808166
0.099631837
0.1015257
0.068100862
0.089337372
0.09099369
0.12227262
0.030206692
0.016107236
0.046287281
0.0095565276
0.063222487
0.028095149
0.0046577665
0.10658104
0.071878134
0.06680564
0.031787266
0.019150193
0.047454859
0.056116223
0.031406325
0.024718072
0.015688411
-0.0036225615
-0.00028218267
-0.0050333694
-0.0019638122
0.0019858814
-0.0015285
0.06766825
0.10486426
0.13593905
0.090136702
0.088348225
0.023590597
0.14836153
0.099592015
0.34598058
0.34539918
0.2173511
0.15854209
0.35179464
0.35215427
0.31750626
0.32782677
0.28601438
0.30194366
0.098161914
0.04652264
0.05760232
0.34438895
0.34564858
0.15488944
0.18224248
-2.1000917e-05
-0.00025862789
-0.00089246603
-0.00029410386
0.25673739
0.24773122
0.33870454
0.3398179
0.26807376
0.23728875
0.085597268
0.037579206
0.13408582
-0.00022727098
0.069628097
0.20129909
0.14707549
0.012346018
0.00015478992
0.26373635
0.24787828
0.2100966
0.2083705
0.19160917
0.22593381
0.21028067
0.17515733
-0.0086837651
-0.013052278
0.13897984
0.24840108
0.097773408
0.34640981
0.34548855
0.31872509
0.30471002
0.27644302
0.26845657
0.30386246
0.29380576
-0.0055916554
-0.0028824517
-0.0041229614
-0.0068019028
-0.0048333977
-0.0067474165
0.30630571
0.32151066
0.27975819
0.27749144
0.20413007
0.2023266
0.18393981
0.18130268
0.22989973
0.23485553
0.22757984
0.22916203
0.20526249
0.20377292
0.20002505
0.20035097
0.20022825
0.20016556
0.20065824
0.20007352
0.20066836
0.20013761
0.20043823
0.2003012
0.23732868
0.23497601
0.21817678
0.2162751
0.21068383
0.21605947
0.1406866
0.13683101
0.013810756
0.20021118
0.010306344
0.048374309
0.058729049
0.17176844
0.18502049
0.056962144
0.10793185
0.15147438
0.35205617
0.34585794
0.34316591
0.33847095
VECTORS U float
0.22329008 0.018216706 0.0
-0.001750859 -8.3607523e-05 0.0
0.069707533 0.001445089 0.0
-0.00018041411 -0.00023249075 0.0
-0.00077808299 0.00016261225 0.0
-0.00046150313 -0.00010737184 0.0
-0.0011022588 -0.0014397783 0.0
-0.00017519302 -8.0734364e-05 0.0
-0.0035155233 -0.0017760849 0.0
0.03522947 -0.0014932115 0.0
0.34863831 -0.0037380833 0.0
0.33482363 0.060221964 0.0
-0.0017575766 -0.0022161503 0.0
0.14390732 -0.00023617317 0.0
0.059560655 -0.0051509881 0.0
-0.00036447797 -0.00033808235 0.0
-0.00039007762 -4.6756508e-05 0.0
0.068311346 -0.0032197159 0.0
-0.0068602608 -0.00030868087 0.0
0.15082722 -0.0015939957 0.0
-7.3409723e-06 -2.5095937e-05 0.0
-0.0010612137 -0.0023020636 0.0
0.089559493 0.00016399578 0.0
-0.0025370651 -0.00016873693 0.0
-0.003077029 -0.0028065879 0.0
-1.5227056e-05 -2.4066148e-05 0.0
-0.0013986643 -0.0010410732 0.0
0.0077549457 -0.0026829674 0.0
-0.00016667066 -0.00011554433 0.0
0.29442847 -0.024297002 0.0
-0.00012457579 -0.00049213901 0.0
0.03782196 -0.0021202813 0.0
0.32385532 -0.0017645616 0.0
0.028282809 -0.0034056969 0.0
-0.0040805266 0.007487126 0.0
0.33995115 -0.0026122938 0.0
0.34473857 -0.0044294755 0.0
0.26880549 -0.0021561144 0.0
0.33871108 -0.011268289 0.0
0.34257285 -0.0019987048 0.0
0.072065815 0.00020383524 0.0
0.24337915 0.00025757308 0.0
-0.00098778346 -0.0002986723 0.0
0.0002281239 -0.012784654 0.0
-0.00042555774 9.9057265e-06 0.0
-0.00089437579 -0.00062832598 0.0
-0.0023171859 0.0017470477 0.0
-0.0014870775 0.00034665204 0.0
-0.00022568299 7.178584e-05 0.0
-0.00047547001 0.0006868514 0.0
-8.0310971e-05 9.4933844e-06 0.0
-0.0014786393 0.0011643626 0.0
-0.00050592545 0.00020311688 0.0
-0.0035708153 0.0011042542 0.0
-0.00083717014 0.00082358133 0.0
-0.00082448004 0.0017563372 0.0
-0.00024201264 -0.00062547576 0.0
-0.00034135869 -0.0011079505 0.0
0.010213805 0.00074921796 0.0
-0.0047241578 0.0018037932 0.0
-0.0025247348 -0.0010222014 0.0
-0.0035847044 0.00022648077 0.0
-4.254978e-05 3.0571654e-05 0.0
-7.0592657e-05 4.7749994e-05 0.0
-0.0005089243 0.00040986812 0.0
-0.00014567038 0.00020856537 0.0
-0.00017549281 0.00018785971 0.0
-0.0062820767 0.0013925399 0.0
-0.00040962903 0.00078172842 0.0
-0.0061825381 0.00085490126 0.0
-0.0023757708 0.0050968144 0.0
-0.0020017461 0.0026641426 0.0
-0.0043968179 0.0033608919 0.0
-0.0058523264 0.00014711747 0.0
0.0017859993 0.0071794452 0.0
-0.0042444299 -0.0012810218 0.0
-0.00056534091 0.0015745976 0.0
-0.0015640388 0.0039290356 0.0
-0.0058683103 -0.0018546139 0.0
-0.0051750092 -0.0053934655 0.0
-0.0025187571 -0.010493807 0.0
-0.003166442 -0.0045758621 0.0
-0.0029899861 0.0036951121 0.0
-0.0058230506 0.0047245158 0.0
-0.0036318434 -0.010651959 0.0
-0.0017137112 -0.003593143 0.0
-0.0061023147 -0.0041114109 0.0
0.046221211 7.9914992e-06 0.0
-0.003406022 0.0030088602 0.0
-0.0042235721 -0.0051406586 0.0
0.022301314 -0.0010819023 0.0
-0.00098469966 -0.0048006752 0.0
0.0099944525 0.005865799 0.0
0.043207649 0.0062513004 0.0
-0.0056610754 -0.006605298 0.0
-0.0042803942 -0.0087471089 0.0
0.017600957 -0.0052352377 0.0
0.28584385 -0.0010527218 0.0
0.12754418 -0.00094204465 0.0
0.0021217037 0.00055636092 0.0
0.024497668 0.0025403675 0.0
0.00035496012 0.0085089361 0.0
-0.0036564225 0.008492011 0.0
-0.0019735788 -0.0062775006 0.0
-0.0010833752 -0.0033695596 0.0
-0.00050808939 -0.0082576772 0.0
0.0031973489 -0.0092929359 0.0
-0.0025105641 -0.010148697 0.0
0.13057039 -0.0018868108 0.0
0.016261187 0.00037167081 0.0
0.16548107 -0.0035751172 0.0
0.19654043 -0.00091975402 0.0
0.045924031 0.00050778203 0.0
0.10367809 -0.0030842183 0.0
0.18677224 0.0014148027 0.0
0.0096641942 0.0071753567 0.0
0.19543795 -0.00084621764 0.0
0.1500865 0.0008763418 0.0
0.067013281 -0.0012502623 0.0
0.020717845 0.0046235456 0.0
0.070867281 -0.0040251808 0.0
0.043506726 -0.0019863374 0.0
0.056769503 -0.0020293611 0.0
0.14713478 -0.0041211972 0.0
0.10651442 -0.0042900619 0.0
0.10713199 -0.0030402143 0.0
0.10937744 -0.0041480921 0.0
0.13190791 0.0028517914 0.0
0.024503932 -0.00035403773 0.0
0.058642151 -0.00060014993 0.0
0.11278567 -0.0037238772 0.0
0.13151077 -0.0031163687 0.0
0.1544372 -0.0046274102 0.0
0.095685762 -0.0038437584 0.0
0.14933872 -0.0048456424 0.0
0.19887966 0.00057854942 0.0
0.21514746 -0.0011824215 0.0
0.061064363 -0.0015556409 0.0
0.13618894 -0.0040856869 0.0
0.12894389 -0.0022504132 0.0
0.21506491 -0.0002363338 0.0
0.14768282 -0.0023837622 0.0
0.20654509 -0.0044214345 0.0
0.1823831 0.00049553518 0.0
0.19616232 -0.0023058399 0.0
0.18875048 -0.00010053389 0.0
0.19447884 -0.0017128243 0.0
0.1397168 0.0019093621 0.0
0.19236599 -0.00028993966 0.0
0.25692201 -0.0025037926 0.0
-0.0066302691 -0.0019328905 0.0
0.13612582 0.002016293 0.0
0.23430606 -0.0027819254 0.0
0.236516 -0.00038678451 0.0
0.14932128 0.00047518222 0.0
0.099149817 0.0030107693 0.0
0.25430965 -0.0011716606 0.0
0.20092174 5.9110115e-05 0.0
0.1967038 0.0013202001 0.0
0.13639631 0.0019750557 0.0
0.15154844 0.0020814322 0.0
0.024313367 0.0012509561 0.0
0.11716094 0.0016146003 0.0
0.21045553 0.0029667726 0.0
0.15419183 -0.0059225938 0.0
0.212517 0.0012097382 0.0
0.15369557 0.0022142208 0.0
0.24030679 -0.0028139875 0.0
0.21952757 0.0014516712 0.0
0.12878341 0.0020503567 0.0
0.034993046 -0.00083153367 0.0
0.26924361 -0.0010617617 0.0
0.17038721 0.0036390734 0.0
0.094129317 0.0032087646 0.0
0.16159639 0.0023469657 0.0
0.16597226 0.00095820898 0.0
0.10767312 -0.0015687473 0.0
0.11535829 0.00088169175 0.0
0.066809253 0.00084872002 0.0
0.066054128 -0.0016392319 0.0
0.23476275 0.0003641944 0.0
0.26941755 -0.0011612664 0.0
0.2301063 -0.0032148569 0.0
0.33654002 -0.0038010673 0.0
0.061898402 0.00063491072 0.0
0.13209455 0.0020851665 0.0
0.05698838 0.0025614379 0.0
0.3509672 -0.0030399549 0.0
0.34304125 -0.0009759464 0.0
0.22160135 0.00093507629 0.0
0.063562916 -0.0026472183 0.0
0.31248601 -0.0045363977 0.0
0.25350056 0.0025518099 0.0
0.10249365 -0.0014831654 0.0
0.12767739 -0.0006994076 0.0
0.26957968 -0.0029771203 0.0
0.056466772 -0.0009805024 0.0
0.10771991 -1.0945514e-07 0.0
0.3378082 -0.001399059 0.0
0.12223583 0.0011065857 0.0
0.17080058 0.00037108752 0.0
0.083373307 0.0012283924 0.0
0.34510464 -0.0023574912 0.0
0.2221906 -0.0011208813 0.0
0.29875669 -0.0045042821 0.0
-0.0069151818 -0.0056013599 0.0
0.10960667 -0.00061461162 0.0
0.097997385 0.0008381971 0.0
0.31898707 -0.0044260687 0.0
0.32385105 -0.0046434773 0.0
0.2936589 -0.0042904182 0.0
0.25536355 0.0023560514 0.0
0.35163618 -0.0025808236 0.0
-1.7874574e-06 6.7559429e-05 0.0
0.32343264 -0.0046791621 0.0
-0.0066275132 0.0016042386 0.0
0.19784364 0.0031909955 0.0
0.30189376 -0.0018321113 0.0
0.32037391 -0.0043642016 0.0
-0.0006172574 -0.0015594555 0.0
0.26877247 -0.0042577229 0.0
0.16060302 0.0029192167 0.0
-0.00677621 -0.0012915862 0.0
0.23253467 -0.0039523866 0.0
0.34813107 -0.0024044952 0.0
0.32710943 0.012243512 0.0
0.24176999 0.00087121471 0.0
-0.00027898085 -0.00062014203 0.0
-0.0020412597 0.0021059461 0.0
0.26728384 0.0028438653 0.0
0.23200823 0.001528122 0.0
-0.001390026 0.0015713809 0.0
0.33620732 -0.004239366 0.0
-7.6678578e-06 -5.1282217e-05 0.0
0.10711544 -0.00049105982 0.0
0.018100983 -0.001944913 0.0
0.17103718 0.0010838417 0.0
0.040595024 0.0015468901 0.0
-0.0014193645 -0.0013701336 0.0
0.328907 -0.0044644191 0.0
0.28352725 0.0014727948 0.0
0.34297787 -0.0038727296 0.0
0.18871651 0.0038304498 0.0
0.061851014 0.0039799142 0.0
0.10024799 0.0018233932 0.0
0.21781371 -0.0016580169 0.0
0.073522871 0.0060911077 0.0
0.18414777 0.0017154937 0.0
0.30812939 -0.004274196 0.0
0.30406407 -0.0047741562 0.0
0.34441119 -0.0016772731 0.0
0.21690534 0.00076010051 0.0
-0.00063883729 -0.00015439077 0.0
0.15849775 0.0025284287 0.0
0.34093509 -0.0013348664 0.0
0.13553053 0.0025587696 0.0
0.26850892 -0.0048700303 0.0
0.35075413 -0.0033907772 0.0
0.11943863 0.003413363 0.0
0.12781086 8.0033324e-05 0.0
0.17879808 -0.0064717939 0.0
0.22493469 0.0012546922 0.0
0.11351505 0.0024521073 0.0
0.15487917 0.00054990458 0.0
0.23493138 -4.1808522e-05 0.0
0.15241027 0.0037154455 0.0
0.20523653 -0.00061417265 0.0
0.10480593 0.0070867731 0.0
0.12256956 0.0054303357 0.0
0.17420519 0.0033012726 0.0
0.34474795 -0.0017292979 0.0
0.087138032 0.0068698717 0.0
0.12754853 0.0071633755 0.0
0.13709918 0.0062690981 0.0
0.21442713 0.0014351349 0.0
0.14161009 5.7422172e-05 0.0
0.27393798 -0.0022510026 0.0
0.29034111 -0.00077392671 0.0
0.042471592 0.00066547707 0.0
0.072175336 0.001913083 0.0
0.17019971 0.0047911538 0.0
0.19395621 0.00015395721 0.0
0.1980621 0.0029603111 0.0
0.22834511 0.00079780469 0.0
0.25023445 -0.00063372506 0.0
0.197471 -0.005253728 0.0
0.24441189 -5.3934974e-05 0.0
0.33908323 -0.0042656797 0.0
0.24884274 -0.0014106899 0.0
0.24787438 -0.0027546359 0.0
0.26207976 -0.0005818641 0.0
0.27326441 -0.0025740648 0.0
0.25345661 -0.00023913502 0.0
0.2129674 -0.0049000117 0.0
0.20961914 -0.00093352361 0.0
0.29188112 -0.0016872792 0.0
0.30063302 -0.0018091178 0.0
0.29143657 -0.001484995 0.0
0.26172467 -0.0015713011 0.0
0.29588079 -0.00058744954 0.0
0.27084353 -0.00021910431 0.0
0.32776347 -0.0011953754 0.0
0.29153264 -0.0010926409 0.0
0.32702943 -0.00083806232 0.0
0.32894306 -0.0016525698 0.0
0.28944613 -0.0042197139 0.0
0.31331016 -0.00080354798 0.0
0.31363884 -0.0013535758 0.0
0.34591309 -0.0022926472 0.0
0.3146238 -0.00058445274 0.0
0.24206349 0.00062864922 0.0
0.22703006 0.0011383898 0.0
0.23700832 -0.00065911882 0.0
0.2706434 -0.00023942658 0.0
0.066236155 0.0028325354 0.0
0.1738799 0.0011432051 0.0
0.21318086 -0.00072848406 0.0
0.25457085 -0.0015104985 0.0
0.019585003 0.00047119386 0.0
0.057092738 0.0041578454 0.0
0.054444417 -4.1317084e-05 0.0
0.082644065 -0.0015620091 0.0
0.17677105 0.0025788386 0.0
0.12000418 0.0054622704 0.0
0.22951797 -0.0030936349 0.0
0.29527388 -0.00042932261 0.0
0.19373609 -0.00087059406 0.0
0.25301765 -0.00063231832 0.0
0.13689027 -0.0006974305 0.0
0.052189461 0.0013791078 0.0
0.21254949 -0.0016374561 0.0
0.24524734 0.00050218478 0.0
0.28459058 -0.00061584533 0.0
0.26242562 2.3637425e-05 0.0
0.2595073 0.00023010327 0.0
0.25114132 -0.0018615443 0.0
0.29211867 -0.0013804942 0.0
0.12130683 -0.0017162631 0.0
0.19138151 0.0015982952 0.0
0.013828719 -0.00053705762 0.0
0.059046286 -0.0019436649 0.0
0.055923218 -0.0016279921 0.0
0.17791491 0.0027984509 0.0
0.1558533 -0.00031102947 0.0
0.2015386 0.00040224601 0.0
0.015596622 -3.8946573e-06 0.0
0.18937796 -0.0032066241 0.0
0.20987119 -0.0020203662 0.0
0.24946638 -0.001520987 0.0
0.17787682 0.00036650518 0.0
0.1376509 -6.5102939e-05 0.0
0.23177464 -0.0021572799 0.0
0.29468331 -0.0011229756 0.0
0.093002079 -0.0024008676 0.0
0.14712867 0.00073488949 0.0
0.10864805 0.0023936513 0.0
0.2488589 -0.0017783714 0.0
0.16432316 -0.00012201451 0.0
0.20511825 0.00010332381 0.0
0.22874004 -0.0017823401 0.0
0.26529712 -0.0012657813 0.0
0.20252091 0.00043331636 0.0
0.23232995 -0.002091507 0.0
0.21294586 -0.001970168 0.0
0.27646831 -0.003221712 0.0
0.29194308 -0.0017685745 0.0
0.28636104 -0.00080021733 0.0
0.29014031 -0.0026390054 0.0
0.26220932 -0.001789516 0.0
0.26376 -0.0016759542 0.0
0.26917844 -0.0024056009 0.0
0.19683015 -0.00060898319 0.0
0.22854039 -0.0024515545 0.0
0.28953462 -0.002438449 0.0
0.31322135 -0.0012875481 0.0
0.14137547 -0.0012785007 0.0
0.22855634 -0.0026425964 0.0
0.24537526 -0.0014543548 0.0
0.30992474 -0.0022275195 0.0
0.23079115 -0.001819489 0.0
0.25984916 -0.0028741128 0.0
0.2137024 -0.0028366631 0.0
0.13573427 -0.0087820947 0.0
0.18537812 -0.0027640819 0.0
0.28818201 -0.00075781197 0.0
0.21317709 -0.0040746347 0.0
0.23372106 -0.0027322811 0.0
0.31081828 -0.0022217347 0.0
0.33784941 -0.0021228788 0.0
0.26199615 -0.0015474442 0.0
0.27802927 -0.0027445396 0.0
0.2446784 -0.0018237464 0.0
0.26751426 -0.0020719317 0.0
0.32584439 -0.0016595956 0.0
0.30232385 -0.002486455 0.0
0.23944556 -0.0024958106 0.0
0.33406872 -0.0023792021 0.0
0.30536655 -0.002880744 0.0
0.32236634 -0.0021100549 0.0
0.25291818 -0.0016694773 0.0
0.27810667 -0.003489193 0.0
0.28190072 -0.0030726854 0.0
0.32412085 -0.002127047 0.0
0.15425525 0.0013554546 0.0
0.26094898 -0.0026108425 0.0
0.27068723 -0.0018282204 0.0
0.30137921 -0.002400993 0.0
0.32973475 -0.002215592 0.0
0.33314045 -0.0017075457 0.0
0.20717355 -0.0039668885 0.0
0.2143376 -0.0022952994 0.0
0.30125629 -0.0024450224 0.0
0.32236075 -0.0021877449 0.0
0.2763249 -0.002892027 0.0
0.30516251 -0.0030283068 0.0
0.32431781 -0.0019248599 0.0
0.328278 -0.0016742007 0.0
0.195315 -0.004380202 0.0
0.25446106 -0.0040323175 0.0
0.32799164 -0.0023603686 0.0
0.3281695 -0.0022169994 0.0
0.31240948 -0.0012604382 0.0
0.31284001 -0.002001641 0.0
0.16599292 -0.0062470351 0.0
0.055529859 0.003861219 0.0
0.3134443 -0.0026896047 0.0
0.33299587 -0.0024806489 0.0
0.31159567 -0.0017302598 0.0
0.28334454 -0.0013467331 0.0
0.20703188 -0.0014423063 0.0
0.30055949 -0.0033230646 0.0
0.28983761 -0.0039269162 0.0
0.31026131 -0.0026994242 0.0
0.33218605 -0.0020517461 0.0
0.31180227 -0.0011036186 0.0
0.28416943 -0.0021482253 0.0
0.32033432 -0.0027149726 0.0
0.33313129 -0.0023575151 0.0
0.33846402 -0.0025214717 0.0
0.29585175 -0.0038647376 0.0
0.32036172 -0.002838103 0.0
0.33850914 -0.0023874344 0.0
0.34027051 -0.0025039293 0.0
0.34969247 -0.0030110879 0.0
0.32993778 -0.0014689408 0.0
0.29396753 -0.0041384603 0.0
0.25279954 -0.0022438279 0.0
0.31141463 -0.0028860424 0.0
0.33366335 -0.0021893238 0.0
0.27995458 -0.0028657675 0.0
0.26910315 -0.0028828737 0.0
0.30286275 -0.0027337444 0.0
0.32218093 -0.0028146438 0.0
0.30796314 -0.0024507336 0.0
0.32133531 -0.00245501 0.0
0.33303448 -0.002210161 0.0
0.34105448 -0.0024977544 0.0
0.34685639 -0.0025286641 0.0
0.34781462 -0.0026026503 0.0
0.23763587 -0.0018394916 0.0
0.25447405 -0.00094309345 0.0
0.16170702 0.00025980693 0.0
0.056467689 -0.0015478283 0.0
0.31895371 -0.001523016 0.0
0.31036837 -0.0016753247 0.0
0.24925051 0.00012839093 0.0
0.29044333 -0.0016508908 0.0
0.28238504 -0.0017619881 0.0
0.087130687 -0.00061726578 0.0
0.34556856 -0.0026026189 0.0
0.11324427 0.0044138954 0.0
0.031812873 0.0010848638 0.0
0.02428687 0.00023918365 0.0
0.27695452 -0.0019044863 0.0
0.28444709 -0.0015669601 0.0
0.33121801 -0.0015589541 0.0
0.33265569 -0.0016605878 0.0
0.29300099 -0.00083265697 0.0
0.31798693 -0.0016120262 0.0
0.29891211 -0.0026439985 0.0
0.32616095 -0.0017428 0.0
0.16864838 -0.0049875124 0.0
0.19085586 -0.0032684155 0.0
0.093505083 0.0061431579 0.0
0.054148777 0.0015709431 0.0
0.10940371 -7.8011533e-05 0.0
0.092042312 0.0020349827 0.0
0.33803289 -0.002210834 0.0
0.32662683 -0.0019596791 0.0
0.3293014 -0.0014497859 0.0
0.31107149 -0.0011446135 0.0
0.27696287 -0.003269384 0.0
0.23860226 -0.0028548164 0.0
0.31970183 -0.001390881 0.0
0.34830283 -0.002549479 0.0
0.33851556 -0.0018984686 0.0
0.33625895 -0.0017359794 0.0
0.31114789 -0.0012118151 0.0
0.32708752 -0.0018568969 0.0
0.33721632 -0.0013479403 0.0
0.3384038 -0.0016240125 0.0
0.31337795 -0.0012552087 0.0
0.32687397 -0.0015471117 0.0
0.14805311 -0.0087101034 0.0
0.27799441 -0.0029314221 0.0
0.3362834 -0.002092707 0.0
0.33099523 -0.0022854611 0.0
0.32914415 -0.0011864038 0.0
0.33741654 -0.0012413148 0.0
0.33640732 -0.0011719249 0.0
0.3290095 -0.0014749455 0.0
0.34201735 -0.0020633575 0.0
0.34540433 -0.002233974 0.0
0.30997911 -0.00051385584 0.0
0.31346097 -0.00090840784 0.0
0.33215741 -0.0015476759 0.0
0.32450419 -0.0012756483 0.0
0.34018247 -0.0016856909 0.0
0.32941983 -0.00098325288 0.0
0.33047996 -0.00097535981 0.0
0.31882844 -0.00092759053 0.0
0.31897928 -0.00074099361 0.0
0.3350386 -0.0012839734 0.0
0.34735971 -0.0025890247 0.0
0.32958061 -0.0012532489 0.0
0.21626373 -0.0044864901 0.0
0.26114937 -0.002239621 0.0
0.32032775 -0.0021465538 0.0
0.33126933 -0.0020178595 0.0
0.30717152 -0.0020263291 0.0
0.3270537 -0.0015519121 0.0
0.33695947 -0.0017186501 0.0
0.34045783 -0.0024237636 0.0
0.34271513 -0.0022369412 0.0
0.34686413 -0.0023747609 0.0
0.33355798 -0.0022173301 0.0
0.34015036 -0.0025165326 0.0
0.34819346 -0.0026517788 0.0
0.34213209 -0.0025809419 0.0
0.33529524 -0.0012833334 0.0
0.34320912 -0.0026633407 0.0
0.30723388 -0.0011031394 0.0
0.35257261 -0.0025509626 0.0
0.32723631 -0.001365597 0.0
0.33793027 -0.0019292393 0.0
0.34110069 -0.0020587451 0.0
0.34272034 -0.0021096508 0.0
0.33872314 -0.0015719913 0.0
0.33540018 -0.0013756105 0.0
0.34568747 -0.0021934586 0.0
0.34128529 -0.0015685586 0.0
0.1724156 -0.0040463269 0.0
0.26386475 -0.0014166417 0.0
0.3362762 -0.001243184 0.0
0.28695611 -0.0015314597 0.0
0.25308545 0.0019808947 0.0
-0.0069290587 0.0038587078 0.0
0.21367487 0.00067421453 0.0
0.3359757 -0.0012533214 0.0
0.34514902 -0.0022035973 0.0
0.34804853 -0.0028071533 0.0
0.34412058 -0.0024695103 0.0
0.34696362 -0.0024532756 0.0
0.24416508 -0.0035598107 0.0
0.21639356 -0.0045688058 0.0
0.24307926 -0.0025322034 0.0
0.28638218 -0.0021170617 0.0
0.35008045 -0.0034805056 0.0
0.058993557 0.00067816511 0.0
0.31931502 -0.0016783859 0.0
0.017656778 -0.0029555741 0.0
0.34077505 -0.0018911056 0.0
0.3469437 -0.0023520252 0.0
0.24705093 -0.0025940201 0.0
0.21501402 -0.0043393982 0.0
0.19248043 -0.0033256093 0.0
0.24873874 -0.00090527841 0.0
0.28975237 -0.00081545833 0.0
0.24970679 -0.0034391118 0.0
0.23727888 0.0012384739 0.0
0.2870295 -0.0038681887 0.0
0.34860162 -0.002525178 0.0
0.35061769 -0.0030414195 0.0
0.34437685 -0.0025144484 0.0
0.34666971 -0.0022063038 0.0
0.34743312 -0.0025649044 0.0
0.3418116 -0.0018518492 0.0
0.13577133 -0.010067352 0.0
0.1400674 -0.006800247 0.0
0.26355511 -0.0023685143 0.0
0.23970861 -0.00093987892 0.0
0.25293423 -0.0036237269 0.0
0.23636314 -0.0041603938 0.0
0.20972537 -0.0034214662 0.0
-0.0022937638 -0.00096703744 0.0
0.2025169 -0.0042098849 0.0
0.23447147 -0.0029655044 0.0
0.13986383 -0.0059956665 0.0
0.15949917 -0.0041653673 0.0
0.27604 -0.0015795722 0.0
0.31387262 -0.0012309543 0.0
0.27731241 -0.0005683288 0.0
0.2960799 -0.0018059404 0.0
0.26458577 0.0010993242 0.0
0.34466612 -0.0036976319 0.0
0.32234512 -0.0020777258 0.0
0.30837747 -0.0019034782 0.0
0.2983524 -0.00050529005 0.0
0.29605728 4.0915159e-05 0.0
0.350675 -0.0034649474 0.0
0.27883874 0.00094841958 0.0
0.3201953 -0.00058780242 0.0
0.3330256 -0.003856526 0.0
0.3501025 -0.0025522503 0.0
0.34944004 -0.0027004015 0.0
0.2774161 -0.004093609 0.0
0.34997247 -0.0026604846 0.0
0.32210245 -0.0018030537 0.0
0.34791632 -0.0027853056 0.0
0.3475187 -0.0026026642 0.0
0.34953551 -0.0031760742 0.0
0.34281234 -0.0019215374 0.0
0.34588354 -0.0021227531 0.0
0.34770479 -0.0025308463 0.0
0.3458682 -0.0022553634 0.0
0.34695265 -0.0022808656 0.0
0.23420305 0.0017041496 0.0
0.1910638 -0.0056799822 0.0
0.17865923 -0.0021615557 0.0
0.07713532 -0.0016019383 0.0
0.15709878 -0.0057680121 0.0
0.20078221 0.0033910878 0.0
0.35573005 -0.0028502614 0.0
0.34853778 -0.0025114324 0.0
0.298077 0.00033596837 0.0
0.2809558 0.0009179718 0.0
0.18596451 -0.00068150862 0.0
0.25333619 -0.0030815287 0.0
0.334336 -0.00099308986 0.0
0.3320882 -0.00058197782 0.0
0.20411978 -0.0030530453 0.0
0.32636528 -0.0018849344 0.0
0.23354778 -0.0011763189 0.0
0.27981169 0.0010226737 0.0
0.33380316 -0.0040098109 0.0
0.34828321 -0.0033985169 0.0
0.25569536 0.0024301893 0.0
0.3237625 -0.0048640763 0.0
0.3525019 -0.0021311087 0.0
0.21749545 -0.0013723182 0.0
0.35039011 -0.0031957256 0.0
0.34215781 -0.0022024474 0.0
0.3485076 -0.0027421271 0.0
0.34752705 -0.0034944204 0.0
0.34467467 -0.0037137262 0.0
0.3469966 -0.0035280774 0.0
0.33546576 -0.0041599788 0.0
0.16968179 -0.0031640027 0.0
0.11693425 -0.0048480502 0.0
0.3431204 -0.0039840531 0.0
0.34707509 -0.0035135943 0.0
0.010082001 -0.00032293889 0.0
0.31331878 -0.0044640458 0.0
0.33700744 -0.0038420858 0.0
0.21750638 0.0036361732 0.0
-0.0072794337 0.011799503 0.0
-0.004719341 -0.0016216865 0.0
0.2110835 0.001101389 0.0
0.31391264 -0.0046751857 0.0
0.35066348 -0.0026939393 0.0
0.048463851 0.0035560675 0.0
0.33441838 -0.0018903615 0.0
0.3502306 -0.0031337775 0.0
0.34157912 -0.0018637155 0.0
0.34177371 -0.00203812 0.0
0.34888696 -0.0030573071 0.0
0.3484456 -0.0031650205 0.0
0.34830976 -0.0029396339 0.0
0.34481364 -0.0038397957 0.0
0.34703477 -0.0033719479 0.0
0.3467634 -0.0025534965 0.0
0.18512111 -0.0021628814 0.0
0.15015384 -0.0087943834 0.0
0.06611014 -0.0093480261 0.0
0.08673477 -0.011909344 0.0
0.11213971 -0.001981374 0.0
0.21977774 -0.0012413545 0.0
0.19160549 -0.0025292993 0.0
0.26841947 -0.0040967627 0.0
0.20724712 0.0040966876 0.0
0.3493614 -0.0031443327 0.0
0.34803482 -0.0024367553 0.0
0.3512265 -0.0032755082 0.0
0.06195635 -0.0039424501 0.0
0.25188785 -0.0028511323 0.0
0.20482109 0.00075475919 0.0
0.34251863 -0.0016126377 0.0
0.26560677 -0.0025486425 0.0
0.22147791 -0.0049805804 0.0
0.30583849 -0.0044851458 0.0
0.29332562 -0.0038105747 0.0
0.34863303 -0.0029149066 0.0
0.34630726 -0.0026384446 0.0
0.34797995 -0.002523715 0.0
0.34802637 -0.0028555081 0.0
0.34909913 -0.0029988124 0.0
0.34833889 -0.002809924 0.0
0.34959664 -0.003014056 0.0
0.35045713 -0.0034296875 0.0
0.34882242 -0.0032123056 0.0
0.34623307 -0.0037680604 0.0
0.34556893 -0.0039333864 0.0
0.3482844 -0.0033655116 0.0
0.34843845 -0.0028278642 0.0
0.34852636 -0.003463568 0.0
0.27853144 -0.0033599077 0.0
0.34257168 -0.003906814 0.0
0.3454284 -0.0022373728 0.0
0.350134 -0.003221347 0.0
0.34848453 -0.0033648102 0.0
0.34381122 -0.0040600864 0.0
0.34787237 -0.0036987068 0.0
0.34601028 -0.0037219405 0.0
0.34719034 -0.0030041821 0.0
0.34414112 -0.003759512 0.0
0.32559001 -0.0014361823 0.0
0.33915152 -0.004148454 0.0
0.3441088 -0.0040745405 0.0
0.33597158 -0.004460047 0.0
0.34734545 -0.003780529 0.0
0.34035941 -0.0038399791 0.0
0.3340288 -0.0043913279 0.0
0.33326989 -0.0045040022 0.0
0.32355968 -0.0043160059 0.0
0.32325932 -0.0043512753 0.0
0.34120109 -0.0044270227 0.0
0.3438434 -0.0039691227 0.0
0.34046656 -0.0039504293 0.0
0.33467845 -0.0041751266 0.0
0.34356818 -0.0038704183 0.0
0.34733327 -0.0033472872 0.0
0.34413963 -0.0017231969 0.0
0.34171681 -0.0015076709 0.0
0.056220233 -0.0042009159 0.0
0.094488419 -0.009914427 0.0
0.11740507 -0.0067275063 0.0
0.13491832 -0.0084516157 0.0
0.11179842 -0.0037051631 0.0
0.13709312 0.0019351788 0.0
0.34770269 -0.0039625042 0.0
0.35003402 -0.0035525083 0.0
0.26708473 -0.0027697817 0.0
0.34324833 -0.0041303583 0.0
0.3429507 -0.0036468415 0.0
0.34992179 -0.003331921 0.0
0.014169326 -0.0015726549 0.0
0.34849981 -0.003718759 0.0
0.34486343 -0.0035447915 0.0
-0.0020479557 -0.0026353358 0.0
0.3498974 -0.0030428136 0.0
0.34820875 -0.0029469801 0.0
0.34991256 -0.0034325778 0.0
0.34875084 -0.0029802822 0.0
0.34847489 -0.0029710236 0.0
0.34393713 -0.0023482942 0.0
0.34733233 -0.0026752981 0.0
0.3498053 -0.0029499055 0.0
0.32997584 -0.0042923175 0.0
0.34117614 -0.0044813442 0.0
0.34661436 -0.0030716956 0.0
0.33023873 -0.0047596936 0.0
0.33026087 -0.0044310553 0.0
0.32292878 -0.0044332411 0.0
0.33932757 -0.0041552478 0.0
0.25332633 -0.0028820563 0.0
0.34543707 -0.0036271976 0.0
0.34497858 -0.0034636361 0.0
0.3463807 -0.002921807 0.0
0.3455 -0.0019161754 0.0
0.34107733 -0.0040247995 0.0
0.34628298 -0.0023651514 0.0
0.34453445 -0.0016525181 0.0
0.33999384 -0.0017483676 0.0
0.18670654 -0.0018371849 0.0
0.066247908 0.0068549329 0.0
0.32695301 -0.0045255852 0.0
0.29429517 -0.0034975677 0.0
0.23819913 -0.0041212921 0.0
0.28313554 -0.0038725058 0.0
0.33714595 -0.0028116191 0.0
0.35148282 -0.0032066019 0.0
0.068728397 -0.0065650375 0.0
0.048485601 -0.0024446365 0.0
-0.0037310447 0.00062789076 0.0
0.0021959296 0.0069692007 0.0
0.083684508 -0.0092200576 0.0
-0.0047392616 0.0066932119 0.0
0.039098604 -0.0043215995 0.0
0.049576721 0.0032583388 0.0
0.067554833 -0.00059893067 0.0
-0.0021194592 -0.00069654381 0.0
0.065204038 0.011481027 0.0
0.080420394 0.0022362834 0.0
0.099392942 0.0076771039 0.0
0.14089978 0.0048262112 0.0
-0.0075486989 0.0034125684 0.0
0.31351865 -0.003826488 0.0
0.16106698 0.0016120882 0.0
0.083984514 0.0095323425 0.0
0.32498341 -0.0070431918 0.0
0.18541862 -0.0029129711 0.0
0.34948809 -0.0034451236 0.0
0.34966438 -0.0031854658 0.0
0.32508073 -0.0045935381 0.0
0.31371435 -0.0041535771 0.0
0.32628112 -0.0044730432 0.0
0.33023866 -0.0042151939 0.0
0.27184086 -0.0045054286 0.0
0.31181931 -0.0043429984 0.0
0.33498348 -0.0042883692 0.0
0.30960008 -0.0039170032 0.0
0.22371414 -0.0022199824 0.0
0.3013397 -0.0044457053 0.0
-0.0039340377 0.0047116707 0.0
0.032069129 0.00066960405 0.0
0.33081923 -0.0045998226 0.0
0.30843657 -0.0050699189 0.0
0.282793 -0.0029758785 0.0
-0.00090014562 -0.0036452227 0.0
0.24260708 -0.0014255335 0.0
0.34435509 -0.0034409259 0.0
0.34275431 -0.0044163761 0.0
0.3287156 -0.0043921715 0.0
0.345973 -0.0019090671 0.0
0.3347158 0.0016097202 0.0
0.13606501 -0.0019782828 0.0
0.01722449 0.00025813086 0.0
-0.0042671807 -0.010984814 0.0
0.040784724 -0.0014607124 0.0
0.0025984603 0.0039702063 0.0
-0.0020103355 -0.0053704873 0.0
0.026587092 0.0080886697 0.0
-0.0054826871 0.0065443742 0.0
0.20411764 -0.0014685913 0.0
0.011368096 -0.0031780037 0.0
-0.0012399156 -0.0057562105 0.0
0.10884347 0.011996538 0.0
0.17563853 0.0039371004 0.0
0.33315072 -0.0018827005 0.0
0.21113913 -0.002313277 0.0
0.34978334 -0.0036833677 0.0
0.045270691 -0.00074972111 0.0
-0.0016972495 0.006193346 0.0
0.35104333 -0.0033774291 0.0
0.31542124 -0.00090846852 0.0
-0.0023201326 0.0067659457 0.0
0.34297665 -0.0018552192 0.0
0.3461366 -0.0039231486 0.0
0.34696543 -0.0038802473 0.0
0.34971612 -0.0033639382 0.0
0.34672791 -0.0038763459 0.0
0.34709097 -0.0038259238 0.0
0.34896802 -0.0031157383 0.0
0.34990702 -0.0032332421 0.0
0.31962899 -0.0046373843 0.0
0.34151123 -0.0041999307 0.0
0.3408172 -0.00453185 0.0
0.32649846 -0.0047399229 0.0
0.32013044 -0.0045563249 0.0
-0.003037227 0.00061238286 0.0
0.2896143 -0.0038464137 0.0
-0.0005266028 -0.00043523767 0.0
0.30346101 -0.0045264191 0.0
0.28503063 -0.0042129992 0.0
-0.00050731951 0.00011362455 0.0
-0.0032696635 -0.0042556138 0.0
-0.0022898869 0.0031127022 0.0
0.012359979 0.003692365 0.0
0.025747725 0.00084677427 0.0
-0.0063301024 0.0097932725 0.0
-0.0029672347 -0.0073840823 0.0
0.20913637 -0.0031651301 0.0
0.19070094 -0.0011353372 0.0
0.11821288 0.006137939 0.0
0.11019341 0.0089522917 0.0
-0.0062007077 -0.0050953646 0.0
0.051138362 0.0036117636 0.0
0.13318533 0.0094067631 0.0
0.18594728 0.0018828964 0.0
0.3208882 0.00029919736 0.0
0.12644256 0.0058133185 0.0
0.34088091 -0.0020353094 0.0
0.066900613 0.0039346561 0.0
0.18274111 0.0037655546 0.0
0.35206339 -0.0029222737 0.0
0.34131774 -0.0042577063 0.0
0.35093816 -0.002725703 0.0
0.32656736 -0.0014407841 0.0
0.31321196 -0.001478905 0.0
0.35021574 -0.0036731315 0.0
-0.0047332391 0.0026463286 0.0
0.33205467 -0.0025042837 0.0
0.3341354 -0.0044587743 0.0
0.30987818 -0.00477985 0.0
0.33687149 -0.0042624675 0.0
0.057024549 -0.00071294817 0.0
0.34595963 -0.0037910451 0.0
0.34659609 -0.0038306166 0.0
0.34927545 -0.0036498679 0.0
0.34970497 -0.0035850408 0.0
0.24349025 -0.0027265246 0.0
0.33013866 -0.00414147 0.0
0.34520053 -0.003129298 0.0
0.29384415 -0.0043870211 0.0
0.35092386 -0.0033951202 0.0
0.041601289 -0.0017448902 0.0
0.10852494 -0.0019599558 0.0
0.23314318 -0.0013148296 0.0
0.25649968 0.0014493534 0.0
0.33777602 -0.0039625114 0.0
0.3213372 0.016375469 0.0
0.032790809 -0.00079660843 0.0
0.27084145 -0.004047989 0.0
0.29145787 -0.0045975825 0.0
0.34923775 -0.0035817521 0.0
0.34163422 -0.0041629765 0.0
-0.0059629165 0.009788491 0.0
-0.0043865438 0.0087843674 0.0
-0.0051086809 -0.0087530974 0.0
-0.0081412111 -0.010052034 0.0
0.10471364 0.0038010861 0.0
0.12640735 0.0044707123 0.0
0.24939103 0.0014785707 0.0
0.23818371 -9.8909051e-05 0.0
0.24990368 0.0018685841 0.0
0.12223329 0.005017648 0.0
0.31466384 -0.0010070815 0.0
0.29660502 -0.00058211277 0.0
0.33802955 -0.0043591069 0.0
-0.0011813947 0.0035634305 0.0
0.35084712 -0.0026120399 0.0
0.16859115 0.00066379222 0.0
0.26591129 -0.0029685195 0.0
0.29043071 0.0009132923 0.0
0.12581147 0.0014345494 0.0
0.28862208 -0.0038727044 0.0
0.34913926 -0.0034377856 0.0
0.17872816 0.00077290739 0.0
0.34490152 -0.0024525691 0.0
0.1341105 0.0051949063 0.0
0.35184386 -0.0029592753 0.0
0.34549847 -0.0020628911 0.0
0.35005791 -0.0024519692 0.0
0.35155902 -0.0030354093 0.0
0.35113371 -0.0027443654 0.0
0.35207096 -0.002615095 0.0
0.3503315 -0.0024453297 0.0
0.17945751 -0.0011860844 0.0
0.14245116 0.0027396805 0.0
0.16664089 0.0022144421 0.0
0.12665216 0.001600182 0.0
0.27853383 -0.0032575859 0.0
0.23943541 -0.0047512944 0.0
0.35102735 -0.0032720105 0.0
0.34773585 -0.0034757724 0.0
0.34577349 -0.001462357 0.0
0.34961603 -0.0024215114 0.0
0.34834463 -0.001353301 0.0
0.3503621 -0.0032060197 0.0
0.066510197 0.0013559629 0.0
0.12862774 0.0055307729 0.0
0.10378319 0.0065224097 0.0
0.032009891 -0.0036568209 0.0
0.12795232 -0.006436753 0.0
0.17340623 -0.00098730159 0.0
0.058690911 0.0056538715 0.0
0.17186502 -0.00037128155 0.0
0.058677818 -0.0068301927 0.0
0.11712062 0.00092289353 0.0
0.10884377 -0.0068698561 0.0
0.23837594 -0.0030411822 0.0
0.33464964 -0.0040790675 0.0
0.040719725 -0.0023480381 0.0
0.10214645 -0.0061106183 0.0
0.30449411 -0.0031773214 0.0
0.26581281 -0.0039330962 0.0
0.19366375 -0.002771347 0.0
0.031603253 0.00038599844 0.0
0.3301801 -0.0040542878 0.0
0.34542778 -0.0040963873 0.0
0.35130786 -0.0032816215 0.0
0.34750151 -0.0035851671 0.0
0.35215023 -0.0026160142 0.0
0.35136534 -0.0032186487 0.0
0.27488365 -0.0041103442 0.0
0.26021209 -0.003264679 0.0
0.19332483 -0.0017178633 0.0
0.34877313 -0.003742453 0.0
0.35022607 -0.0035867358 0.0
0.34252109 -0.0035182687 0.0
0.33706234 -0.0039264365 0.0
0.35245622 -0.0029345665 0.0
0.34136311 -0.0040831025 0.0
0.35199034 -0.0022808795 0.0
0.35168829 -0.0030427776 0.0
0.061934804 -0.00080913833 0.0
0.057537811 -0.0022995424 0.0
0.31377652 -0.0046131172 0.0
0.28559251 -0.0026153449 0.0
0.34296597 -0.003548332 0.0
0.33828204 -0.0041868449 0.0
0.34698822 -0.0035999365 0.0
0.33928085 -0.0041085279 0.0
0.33443865 -0.0041567515 0.0
0.34240555 -0.0042837009 0.0
0.32536151 -0.0040010309 0.0
0.30894417 -0.0034025815 0.0
0.34487729 -0.0039351902 0.0
0.34646452 -0.0039963271 0.0
0.33899906 -0.0043542101 0.0
0.34310405 -0.0037894175 0.0
0.35415235 -0.002527396 0.0
0.34611184 -0.0038115571 0.0
0.35312655 -0.0026422635 0.0
0.32393475 -0.003850304 0.0
0.18749152 -0.0055316293 0.0
0.1900765 -0.0034607843 0.0
0.3193133 -0.0042483269 0.0
0.30560527 -0.0039844385 0.0
0.35064568 -0.0031900977 0.0
0.34608066 -0.0039104975 0.0
0.35263261 -0.00289161 0.0
0.34970815 -0.0034687977 0.0
0.34730564 -0.0038159121 0.0
0.34654994 -0.0039066543 0.0
0.34594476 -0.0037957118 0.0
0.35356965 -0.0034040827 0.0
0.34955504 -0.003781013 0.0
0.3389021 -0.0041887774 0.0
0.35213458 -0.0031510088 0.0
0.35103039 -0.0035177761 0.0
0.34355453 -0.0037301649 0.0
0.13935504 0.002234401 0.0
0.35022981 -0.0016748578 0.0
0.34643475 -0.0037053998 0.0
0.34154211 -0.0040253675 0.0
0.33241956 -0.0042319586 0.0
0.35353137 -0.0029421807 0.0
0.34280944 -0.0035060699 0.0
0.28731921 -0.0027979523 0.0
0.30497293 -0.0033457855 0.0
0.35140301 -0.0034994303 0.0
0.34433011 -0.0033322415 0.0
0.33150479 -0.0037996066 0.0
0.33360199 -0.0042364365 0.0
0.34940348 -0.0022276794 0.0
0.35320673 -0.0028999551 0.0
0.053588237 -0.00010714009 0.0
0.11337042 -0.0059781611 0.0
0.14100876 -0.0083050106 0.0
0.032517856 -0.00017260516 0.0
0.2669929 -0.0046930527 0.0
0.35449767 -0.0026432638 0.0
0.34216563 -0.0038962159 0.0
0.33587683 -0.0033294052 0.0
0.3322227 -0.0039860298 0.0
0.34376044 -0.0014621014 0.0
0.35235722 -0.0022764442 0.0
0.35153993 -0.0031250996 0.0
0.35336461 -0.0026734069 0.0
0.06886 -0.00078207667 0.0
0.021637899 0.00050279756 0.0
0.34985016 -0.0035064822 0.0
0.35293728 -0.0033119198 0.0
0.35386414 -0.002447638 0.0
0.35344671 -0.0032768809 0.0
0.34398887 -0.0016079471 0.0
0.34803356 -0.0035664102 0.0
0.34470888 -0.0037156486 0.0
0.33239144 -0.0039008844 0.0
0.34814073 -0.0016518983 0.0
0.34990348 -0.0020720887 0.0
0.35124809 -0.0022431785 0.0
0.35302385 -0.0023610745 0.0
0.11708979 0.0012900747 0.0
0.21974033 -0.0043082456 0.0
0.34969711 -0.003658757 0.0
0.33520035 -0.0029204584 0.0
0.32231069 -0.0036723501 0.0
0.3093531 -0.0045987126 0.0
0.16132728 -0.00041250576 0.0
0.10823205 -0.0035697444 0.0
0.22059016 -0.0053512453 0.0
0.2677002 -0.0036507061 0.0
0.33736338 -0.0040085354 0.0
0.30713337 -0.0035474635 0.0
0.13307926 -0.0056169416 0.0
0.027642492 0.0003501489 0.0
0.1436338 -0.0012367122 0.0
0.19302831 -0.003451754 0.0
0.16746447 -0.0058012545 0.0
0.26080584 -0.0050692954 0.0
0.043940115 -0.002307319 0.0
0.25562989 -0.0047477749 0.0
0.27160966 -0.0031725688 0.0
0.23040256 -0.0038391488 0.0
0.13771705 0.00024362758 0.0
0.24103582 -0.0057929132 0.0
0.3281969 -0.004067419 0.0
0.23706794 -0.003242423 0.0
0.17565694 -0.00097739845 0.0
0.17803205 -0.001363434 0.0
0.26728815 -0.0023539486 0.0
0.32112714 -0.0047413737 0.0
0.14039806 -0.0036564036 0.0
0.27853452 -0.0031852703 0.0
0.32418393 -0.0042878589 0.0
0.31281795 -0.004441842 0.0
0.27742883 -0.0036139702 0.0
0.28961208 -0.0042596333 0.0
0.19715294 -0.0049891932 0.0
0.22658842 -0.0031096118 0.0
0.3511373 -0.0035355604 0.0
0.33956988 -0.0033320515 0.0
0.3337656 -0.0034932183 0.0
0.3248054 -0.0034802068 0.0
0.30015424 -0.0043022875 0.0
0.27489936 -0.005275105 0.0
0.22997345 -0.0047438415 0.0
0.26885782 -0.0050113286 0.0
0.25236797 -0.0039497572 0.0
0.20933715 -0.0027635968 0.0
0.35428489 -0.0033040049 0.0
0.35506244 -0.0031365955 0.0
0.33946742 -0.0029719337 0.0
0.31819999 -0.0034781802 0.0
0.28891587 -0.0035925196 0.0
0.26906062 -0.0046651774 0.0
0.27766342 -0.0051667471 0.0
0.3110825 -0.0059070351 0.0
0.33990923 -0.0041526856 0.0
0.33350039 -0.0032182436 0.0
0.32507878 -0.0034706357 0.0
0.28104142 -0.0038096797 0.0
0.25914628 -0.0046313636 0.0
0.27764285 -0.0050819357 0.0
0.25585971 -0.0040418636 0.0
0.27543929 -0.0050915429 0.0
0.30712116 -0.004929131 0.0
0.27834953 -0.0043802856 0.0
0.33953721 -0.0039753088 0.0
0.28198495 -0.0047604111 0.0
0.32415356 -0.0033181655 0.0
0.30657769 -0.0037106779 0.0
0.29763362 -0.0039018643 0.0
0.29480965 -0.004115821 0.0
0.31532277 -0.0045081971 0.0
0.31882391 -0.0047237419 0.0
0.32340569 -0.004345395 0.0
0.29813454 -0.0053840666 0.0
0.2972268 -0.0040700101 0.0
0.30835135 -0.0042734047 0.0
0.3147958 -0.0047844661 0.0
0.30822859 -0.0036297256 0.0
0.32271365 -0.0047696774 0.0
0.33231711 -0.0042742932 0.0
0.31030652 -0.0049106868 0.0
0.33062241 -0.0047209332 0.0
0.29301735 -0.0035786595 0.0
0.30930166 -0.0056449433 0.0
0.33186445 -0.0040861513 0.0
0.33333411 -0.0045891985 0.0
0.3245737 -0.0048940543 0.0
0.33025463 -0.0043923788 0.0
0.33773876 -0.0041075342 0.0
0.32703618 -0.0039325406 0.0
0.34297315 -0.0037024516 0.0
0.33028969 -0.0039128828 0.0
0.31746993 -0.0031473515 0.0
0.30291966 -0.0035182921 0.0
0.2818451 -0.0036185044 0.0
0.29173181 -0.003677378 0.0
0.33001299 -0.003953484 0.0
0.3413084 -0.0027243952 0.0
0.35048564 -0.0035294365 0.0
0.34981789 -0.0036218158 0.0
0.31693101 -0.0037477263 0.0
0.29659466 -0.0027437625 0.0
0.30736685 -0.0036870582 0.0
0.3161008 -0.003907362 0.0
0.3044802 -0.0043203522 0.0
0.32930268 -0.003756338 0.0
0.34975614 -0.0022685811 0.0
0.34632466 -0.0042884962 0.0
0.32504991 -0.0029591456 0.0
0.2967391 -0.0035860517 0.0
0.32455705 -0.0043916077 0.0
0.3170509 -0.0033113689 0.0
0.29491194 -0.0044159488 0.0
0.26120129 -0.0041125238 0.0
0.31090806 -0.004570324 0.0
0.32997916 -0.0041782113 0.0
0.34990635 -0.0034735825 0.0
0.35421451 -0.0032592371 0.0
0.34220319 -0.003906867 0.0
0.28674535 -0.0042743982 0.0
0.30218127 -0.0038330235 0.0
0.26432934 -0.0051820089 0.0
0.29305059 -0.004383409 0.0
0.32213967 -0.0043059108 0.0
0.33294508 -0.0032817254 0.0
0.34293949 -0.0028243987 0.0
0.3546776 -0.0031265127 0.0
0.35414496 -0.0033068878 0.0
0.3536091 -0.0036024908 0.0
0.30408641 -0.0039108385 0.0
0.33025529 -0.0040176182 0.0
0.30738221 -0.0050579015 0.0
0.29454086 -0.0042901245 0.0
0.28196208 -0.0050687093 0.0
0.23118634 -0.0036291052 0.0
0.22129161 -0.0044733679 0.0
0.32210004 -0.0044506706 0.0
0.32344525 -0.0045818444 0.0
0.31152285 -0.0048245111 0.0
0.32190978 -0.0042788252 0.0
0.31014807 -0.0038317379 0.0
0.33748997 9.7734622e-05 0.0
0.33460473 0.0055100855 0.0
0.34100459 0.0010543033 0.0
0.32821116 -0.0035500878 0.0
0.33248198 -0.0028451204 0.0
0.31016424 -0.003978633 0.0
0.32111483 -0.004314256 0.0
0.32293049 -0.0042822442 0.0
0.33494862 -0.0027871465 0.0
0.2962897 -0.0042922269 0.0
0.30767561 -0.0036647114 0.0
0.27697195 -0.0035592335 0.0
0.33878291 0.0011533772 0.0
0.3405073 -0.0015386047 0.0
0.34460318 -0.0026263401 0.0
0.32826954 -0.0037994887 0.0
0.32786856 -0.0032016402 0.0
0.31501565 -0.0039098888 0.0
0.32682156 -0.0035756254 0.0
0.33473668 -0.0026135707 0.0
0.33918236 -0.0025606529 0.0
0.14526463 -0.001471796 0.0
0.25420218 0.0031253097 0.0
0.33763213 -0.0034344389 0.0
0.33508513 -0.0036559959 0.0
0.35458559 -0.002461099 0.0
0.35615819 -0.0032999069 0.0
0.34821663 -0.0036744028 0.0
0.32268046 -0.0045384714 0.0
0.35546272 -0.0033218908 0.0
0.35016602 -0.0037243053 0.0
0.34727426 -0.0038657018 0.0
0.33724046 -0.0038374144 0.0
0.32180168 -0.0046891808 0.0
0.34210763 -0.00028720017 0.0
0.27547751 -0.0058327912 0.0
0.26673363 -0.0033941001 0.0
0.33797684 -0.0034381879 0.0
0.33149635 -0.0041751529 0.0
0.33330094 -0.0036448781 0.0
0.33546376 -0.0038225245 0.0
0.35436332 -0.0031324471 0.0
0.35543189 -0.0028704268 0.0
0.35510036 -0.0028436225 0.0
0.35527637 -0.003201028 0.0
0.35585645 -0.0031750909 0.0
0.34340274 -0.0023409164 0.0
0.35400733 -0.0037338703 0.0
0.32877798 -0.0043088159 0.0
0.30518388 -0.0047356642 0.0
0.30303681 -0.0045986584 0.0
0.33907836 -0.0022616794 0.0
0.32846916 -0.0047169731 0.0
0.27110052 -0.0042013412 0.0
0.25113381 -0.0042223768 0.0
0.19283023 -0.003351546 0.0
0.27084529 -0.0024237905 0.0
0.33980113 -0.003122115 0.0
0.34040326 -0.003161064 0.0
0.35527319 -0.0032646177 0.0
0.35616068 -0.0036535769 0.0
0.33484741 -0.00097834047 0.0
0.34879399 -0.0018087064 0.0
0.35192919 -0.0039171216 0.0
0.34350918 -0.0039946551 0.0
0.34212686 -0.0036537054 0.0
0.15722478 -0.0013204367 0.0
0.34422395 -0.0025509312 0.0
0.34507068 -0.0020169576 0.0
0.30665068 -0.003501367 0.0
0.29231367 -0.0053692223 0.0
0.22977301 -0.0022643667 0.0
0.1735866 -0.0038392493 0.0
0.26655511 -0.004106767 0.0
0.28765172 -0.0029346562 0.0
0.33752509 -0.0037613305 0.0
0.33186005 -0.0046311935 0.0
0.33967984 -0.0030931045 0.0
0.33734081 -0.0036989896 0.0
0.34106348 -0.0025919733 0.0
0.34239661 -0.0028466297 0.0
0.34215706 -0.0019002488 0.0
0.32754534 -0.00082892469 0.0
0.34555187 -0.0026247151 0.0
0.34014277 -0.0036499769 0.0
0.33949807 -0.0026979847 0.0
0.34310388 -0.0021935977 0.0
0.34330237 -0.0024085078 0.0
0.34162848 -0.0033277802 0.0
0.34074847 -0.0022191527 0.0
0.34262379 -0.0021060992 0.0
0.34429845 -0.0016338647 0.0
0.34535075 -0.0021846062 0.0
0.34193441 -0.0033470563 0.0
0.33219866 -0.0042116131 0.0
0.34235664 -0.0027099605 0.0
0.3444184 -0.0023163034 0.0
0.34397413 -0.001474428 0.0
0.34401786 -0.0022322034 0.0
0.34246835 -0.0019598218 0.0
0.34071014 -0.0013798504 0.0
0.35612863 -0.0032493652 0.0
0.35610322 -0.0031699024 0.0
0.34941553 -0.0028261499 0.0
0.34751379 -0.0041306305 0.0
0.35542472 -0.0026786095 0.0
0.35548858 -0.0028648763 0.0
0.35259483 -0.0020186497 0.0
0.35245782 -0.0024680199 0.0
0.34790653 -0.0038725595 0.0
0.33006954 -0.0041925705 0.0
0.34217055 -0.0014485028 0.0
0.12363164 0.0014066049 0.0
0.34480413 -0.0019581066 0.0
0.25612816 -0.0037370456 0.0
0.25255555 -0.0042211259 0.0
0.20912722 -0.0023188553 0.0
0.20451987 -0.0019106545 0.0
0.34603232 -0.0025204848 0.0
0.22917173 -0.0035936811 0.0
0.34323196 -0.0010445687 0.0
0.34025798 -0.0020910425 0.0
0.34374698 -0.0012423007 0.0
0.33601997 -0.0040294857 0.0
0.33985641 -0.0034473861 0.0
0.34376154 -0.0031948222 0.0
0.34480358 -0.0031297376 0.0
0.34123613 -0.0036764625 0.0
0.34254056 -0.0037986249 0.0
0.33972625 -0.0039313611 0.0
0.34341068 -0.0039257613 0.0
0.35597645 -0.0035847169 0.0
0.35293941 -0.0039594705 0.0
0.34552766 -0.0014968644 0.0
0.3151367 0.00030555556 0.0
0.34347471 -0.0029414298 0.0
0.34654132 -0.0041346167 0.0
0.34623742 -0.002539411 0.0
0.34524814 -0.0025557336 0.0
0.34459441 -0.003085874 0.0
0.33242034 -0.0040974487 0.0
0.3387471 -0.004168964 0.0
0.35271801 -0.0038938649 0.0
0.34656069 -0.0038776223 0.0
0.35358371 -0.0044411692 0.0
0.34091106 -0.0041738317 0.0
0.35336316 -0.0039876544 0.0
0.29163122 -0.003263135 0.0
0.35420208 -0.0023304089 0.0
0.34977306 -0.0019449374 0.0
0.35483857 -0.0025707727 0.0
0.35144113 -0.0018684715 0.0
0.34104841 -0.0022090711 0.0
0.33590618 -0.0018376001 0.0
0.34956051 -0.0019797879 0.0
0.34955055 -0.0016562146 0.0
0.3415274 -0.00073821623 0.0
0.35314618 -0.0022774482 0.0
0.35687936 -0.0034560609 0.0
0.35264994 -0.0022412215 0.0
0.33212333 -0.0013197685 0.0
0.34677868 -0.0024597181 0.0
0.26345571 0.0017861922 0.0
0.21309508 0.00045867326 0.0
0.33616815 -0.0015916113 0.0
0.35380034 -0.002464492 0.0
0.34285214 -0.0018384099 0.0
0.31958481 -0.00084546797 0.0
0.26483423 0.0014025091 0.0
0.35646658 -0.0048719867 0.0
0.33076617 -0.0011598977 0.0
0.32016112 -0.002532479 0.0
0.32231547 -0.0028013133 0.0
0.35718865 -0.0042115983 0.0
0.32792967 -0.0018549236 0.0
0.34262937 -0.0025278654 0.0
0.35705818 -0.0040926156 0.0
0.35027612 -0.0029952283 0.0
0.32292935 -0.0044256816 0.0
0.33035548 -0.0038030529 0.0
0.32732913 -0.0044216289 0.0
0.21368557 -0.0027016465 0.0
0.28173071 -0.0041248292 0.0
0.052169465 5.4464665e-05 0.0
0.26651906 -0.0037879292 0.0
0.27000316 -0.0035512846 0.0
0.28653714 -0.00069766064 0.0
0.3416229 -0.0006469328 0.0
0.33569652 -0.0018707742 0.0
0.33996332 -0.00055825673 0.0
0.34285518 -0.00092156174 0.0
0.34347294 -0.0012571921 0.0
0.34419906 -0.0015826709 0.0
0.34231242 -0.0011604952 0.0
0.34659857 -0.0026769784 0.0
0.34542043 -0.0031544117 0.0
0.34494973 -0.0034153397 0.0
0.34272721 -0.0036811024 0.0
0.3410127 -0.0038307476 0.0
0.34026011 -0.0038715971 0.0
0.33617704 -0.0044359494 0.0
0.33543999 -0.0040340425 0.0
0.33616727 -0.0040505531 0.0
0.327722 -0.0041601239 0.0
0.32068283 -0.0048481171 0.0
0.31937718 -0.0050832435 0.0
0.34736393 -0.0057426902 0.0
0.34427211 -0.0052565991 0.0
0.35509888 -0.0027654296 0.0
0.35444762 -0.0025160559 0.0
0.3133023 -0.0041432035 0.0
0.26832369 -0.0040049613 0.0
0.32699974 -0.0049576934 0.0
0.29085148 -0.0033005095 0.0
0.23775778 -0.0024356202 0.0
0.14013108 -0.0025625036 0.0
0.24042787 -0.0040475463 0.0
0.15959173 -0.00034378976 0.0
0.24988832 -0.0031592406 0.0
0.31497888 -0.0044780879 0.0
0.35384771 -0.0040847108 0.0
0.3443357 -0.001648211 0.0
0.29986391 -0.0036133805 0.0
0.34895852 -0.0044188944 0.0
0.33877856 -0.004424166 0.0
0.31248232 -0.0043827882 0.0
0.28174312 -0.0039180089 0.0
0.25027866 -0.0025711739 0.0
0.24236717 -0.0034113905 0.0
0.1567265 -0.0024354901 0.0
0.28252366 -0.0040432184 0.0
0.27238361 -0.0028461784 0.0
0.27417317 -0.0037380647 0.0
0.23937193 -0.0020276817 0.0
0.24281256 -0.0035561556 0.0
0.20205876 -0.0020649449 0.0
0.25468915 -0.0025708991 0.0
0.22540787 -0.0047929966 0.0
0.34245626 -0.00035642032 0.0
0.34255918 -0.00062450682 0.0
0.33267136 -0.0012404476 0.0
0.3336343 -0.00097275231 0.0
0.35703919 -0.003560957 0.0
0.35658583 -0.0040556457 0.0
0.34406957 -0.0044733968 0.0
0.28344546 -0.00419353 0.0
0.29660887 -0.004286475 0.0
0.27834622 -0.0037493964 0.0
0.339918 -0.004719917 0.0
0.33733836 -0.004963645 0.0
0.24537889 -0.0034775984 0.0
0.16600768 -0.0026892157 0.0
0.20750575 -0.0034821287 0.0
0.21135991 -0.0023777895 0.0
0.15545546 -0.0021100422 0.0
0.21327558 -0.0046210841 0.0
0.34207833 0.00016693184 0.0
0.34139163 -0.00040426353 0.0
0.34264449 -0.00069484246 0.0
0.34150126 -0.0010237704 0.0
0.33791692 -0.0010279233 0.0
0.34282075 -0.0014692727 0.0
0.34250885 -0.0012462232 0.0
0.34111375 -0.0012999221 0.0
0.33610792 -0.00093670663 0.0
0.27725667 -0.00049483741 0.0
0.3362326 -0.00089045202 0.0
0.32649462 -0.0015357577 0.0
0.33920353 -0.00012387945 0.0
0.33276981 -0.0011841973 0.0
0.33813039 -0.0012138708 0.0
0.34302623 -0.0014775601 0.0
0.34099322 0.00018192694 0.0
0.29305899 -0.00055423941 0.0
0.32817986 -0.0015497949 0.0
0.33602575 -0.0010070245 0.0
0.33618316 -0.00087986128 0.0
0.32481491 -0.00013019893 0.0
0.31424069 -7.8288569e-05 0.0
0.31436824 -0.0017799906 0.0
0.31327968 0.0007463901 0.0
0.23462831 -0.0027765837 0.0
0.32707873 -3.2946705e-05 0.0
0.31247069 -7.975875e-05 0.0
0.35473907 -0.0033486088 0.0
0.35440707 -0.0034759576 0.0
0.34884404 -0.0042189178 0.0
0.33908025 -0.004634077 0.0
0.2981408 -0.0045767257 0.0
0.27093881 -0.0042896786 0.0
0.02245624 -0.00051907574 0.0
0.10512925 -0.0027008159 0.0
0.22719614 -0.0017769717 0.0
0.32697107 -0.0036225399 0.0
0.34264953 -0.0005392105 0.0
0.34071061 0.00037824578 0.0
0.33797701 -0.0010899128 0.0
0.33816734 -0.0011855355 0.0
0.33341733 -0.0011246593 0.0
0.33761773 -0.0013191795 0.0
0.32946318 -0.0010879956 0.0
0.32966656 -0.00089824984 0.0
0.27948486 -0.0023673385 0.0
0.28888015 -0.00084698604 0.0
0.35658016 -0.0038988079 0.0
0.35648464 -0.0041230573 0.0
0.3557679 -0.0046004348 0.0
0.28342845 -0.0040930276 0.0
0.24327655 -0.0020142054 0.0
0.19891215 0.00030905954 0.0
0.33264919 -0.0048537739 0.0
0.2740736 -0.0037754818 0.0
0.17339996 -0.0031821232 0.0
0.11247622 -0.0018664116 0.0
0.10602576 -0.0022110946 0.0
0.11032747 -0.0023294876 0.0
0.034847378 -0.00035298011 0.0
0.17926344 -0.0024518368 0.0
0.15244657 -0.0021656307 0.0
0.18136397 -0.002111781 0.0
0.13547834 -0.001321359 0.0
0.18472162 -0.0042772386 0.0
0.24649486 -0.0035921078 0.0
0.34154496 -0.0013389081 0.0
0.34188177 -0.0006674713 0.0
0.34102958 0.00057421417 0.0
0.33327663 0.00076056515 0.0
0.35608459 -0.0038414986 0.0
0.35687054 -0.0032047097 0.0
0.35539861 -0.0045620021 0.0
0.34741993 -0.0059308676 0.0
0.3506425 -0.0047427007 0.0
0.26809692 -0.0044914816 0.0
0.27924793 -0.004318225 0.0
0.24296738 -0.0020217372 0.0
0.33196468 -0.0045925913 0.0
0.29279808 -0.0048089892 0.0
0.25745248 -0.0038631709 0.0
0.24635213 -0.0023548486 0.0
0.33857676 -0.0021533897 0.0
0.33973 -0.0012856076 0.0
0.33805619 -0.00032462607 0.0
0.34172754 0.00035502718 0.0
0.33942366 -0.00017908305 0.0
0.33974491 0.00092483907 0.0
0.34088191 0.00050970027 0.0
0.33714626 0.00084302197 0.0
0.33053464 -9.8030465e-05 0.0
0.33400325 -0.00021678178 0.0
0.3327164 0.0015534952 0.0
0.29395791 -0.00090625488 0.0
0.33364933 -0.0005217311 0.0
0.33964815 -0.00050674637 0.0
0.35666528 -0.0030559992 0.0
0.35424016 -0.0031237774 0.0
0.35722164 -0.0036213198 0.0
0.35766428 -0.0043213613 0.0
0.35783503 -0.0045333245 0.0
0.35746918 -0.0048869431 0.0
0.34908173 -0.0054288792 0.0
0.32290689 -0.0045154091 0.0
0.35617265 -0.0050885585 0.0
0.35733313 -0.0067314463 0.0
0.18812983 -0.00049752664 0.0
0.23768575 -0.003777353 0.0
0.29918263 -0.0044873267 0.0
0.29473713 -0.004722713 0.0
0.31883224 -0.0045716797 0.0
0.30407058 -0.0046344677 0.0
0.29589941 -0.0039876211 0.0
0.24196025 -0.0017370527 0.0
0.31774082 -0.004543202 0.0
0.31610556 -0.0043882222 0.0
0.30349758 -0.004890544 0.0
0.23472479 -0.0026868657 0.0
0.3394991 -0.0059622769 0.0
0.31431422 -0.004201733 0.0
0.32209076 -0.0042770941 0.0
0.31514304 -0.0056986545 0.0
0.29241193 -0.0044542487 0.0
0.083061956 0.0057249183 0.0
0.27273305 -0.0044615472 0.0
0.2323894 -0.001221742 0.0
0.30873497 -0.0037525266 0.0
0.062286487 0.0032151138 0.0
0.35641894 -0.0032000468 0.0
0.34955223 -0.0028182176 0.0
0.35496658 -0.0029225457 0.0
0.35386922 -0.0027166262 0.0
0.34351338 -0.0028795781 0.0
0.34909615 -0.0033258614 0.0
0.34902236 -0.0053478023 0.0
0.35321051 -0.0056495115 0.0
0.35607957 -0.004710847 0.0
0.35291247 -0.0049528487 0.0
0.35545486 -0.0037533806 0.0
0.35366046 -0.0059121767 0.0
0.26573381 -0.0034623701 0.0
0.26863942 -0.0043463458 0.0
0.20604402 0.00065633115 0.0
0.055523194 0.0041907245 0.0
0.20533527 -0.0022241129 0.0
0.19448757 -0.0012924426 0.0
0.21537265 -0.0011511683 0.0
0.15357324 0.00086808961 0.0
0.14127118 0.0010703945 0.0
0.12386911 -0.0034374324 0.0
0.34817957 -0.0059944459 0.0
0.32805066 -0.0065903042 0.0
0.19366032 -0.0027936609 0.0
0.082957175 -0.003056297 0.0
0.33724891 -0.00082826855 0.0
0.33989704 0.0015078982 0.0
0.33941582 -0.0032048415 0.0
0.35768947 -0.0071428156 0.0
0.3562541 -0.0048688489 0.0
0.3515692 -0.0064938754 0.0
0.35527784 -0.0049231397 0.0
0.3571235 -0.005213179 0.0
0.35629948 -0.0048218615 0.0
0.35746498 -0.0050409881 0.0
0.34570155 -0.0042961272 0.0
0.35437269 -0.0069384994 0.0
0.17405278 -0.0044947738 0.0
0.17156314 -0.0037983452 0.0
0.31628908 -0.0044581549 0.0
0.29985677 -0.0048593992 0.0
0.25870443 -0.0030168725 0.0
0.20403673 -7.1184218e-05 0.0
0.17947291 -0.0043079963 0.0
0.15268859 0.0012632873 0.0
0.23123035 -0.0017640969 0.0
0.22468194 -0.0012373774 0.0
0.34800336 -0.0031211183 0.0
0.35270672 -0.0039639262 0.0
0.33106548 -0.0028048941 0.0
0.34842682 -0.0035986014 0.0
0.35176702 -0.0040318099 0.0
0.35758237 -0.0041030786 0.0
0.3534879 -0.0053211861 0.0
0.3478575 -0.0060340611 0.0
0.35737665 -0.0046376992 0.0
0.35615057 -0.0050052133 0.0
0.32707098 -0.0050695249 0.0
0.33731611 -0.0056590532 0.0
0.33749974 -0.0058861821 0.0
0.23822231 -0.0029379809 0.0
0.33459291 -0.005337503 0.0
0.33845548 -0.003900015 0.0
0.35735987 -0.0061268249 0.0
0.35300101 -0.0072286028 0.0
0.35713907 -0.0064119816 0.0
0.28263566 -0.0034338753 0.0
0.29995827 -0.0048331803 0.0
0.26920854 -0.0042246342 0.0
0.33078256 -0.0021100174 0.0
0.34524333 -0.0039378698 0.0
0.35125603 -0.0062705386 0.0
0.33351649 -0.0060454949 0.0
0.34443123 -0.0062281709 0.0
0.26256743 -0.004911694 0.0
0.24299622 -0.003439168 0.0
0.17944813 -0.0026118639 0.0
0.34936525 -0.0065322912 0.0
0.34378977 -0.0060948833 0.0
0.33828206 -0.0069685189 0.0
0.30325616 -0.0055208775 0.0
0.34130383 -0.0070130945 0.0
0.34070608 -0.0064559935 0.0
0.32199329 -0.0065844554 0.0
0.32942383 -0.0061052408 0.0
0.35496503 -0.0070456837 0.0
0.35723161 -0.0070369082 0.0
0.26895105 -0.004348288 0.0
0.27135707 -0.0053841473 0.0
0.24816054 -0.0039606732 0.0
0.25028079 -0.002509002 0.0
0.24632695 -0.0049944445 0.0
0.20648035 -0.0034444209 0.0
0.26331063 -0.0041462222 0.0
0.32502716 -0.005913602 0.0
0.055667875 0.0020573082 0.0
0.19039806 -0.0029832914 0.0
0.28112584 -0.0040068851 0.0
0.35750622 -0.0068326299 0.0
0.22728898 -0.0047949667 0.0
0.18316872 -0.002921872 0.0
0.35490416 -0.0066751547 0.0
0.35000943 -0.0066704304 0.0
0.35703273 -0.0056430549 0.0
0.35675031 -0.0073532936 0.0
0.35458291 -0.0064761652 0.0
0.35447974 -0.0067281053 0.0
0.32294744 -0.0063703174 0.0
0.29041736 -0.0062295537 0.0
0.34759034 -0.0069892298 0.0
0.32005206 -0.00615685 0.0
0.30175397 -0.0062194666 0.0
0.3113618 -0.0062176009 0.0
0.33740904 -0.0068132516 0.0
0.35375495 -0.0071595451 0.0
0.20456841 -0.0043149954 0.0
0.22283022 -0.0047640143 0.0
0.35530419 -0.0059807783 0.0
0.35788592 -0.0061689342 0.0
0.3481144 -0.0052125279 0.0
0.35343911 -0.0062657234 0.0
0.33160587 -0.0085900578 0.0
0.35720397 -0.0069990826 0.0
0.33415216 -0.0063638907 0.0
0.31911578 -0.005964514 0.0
0.33491381 -0.007492848 0.0
0.31175502 -0.0070974895 0.0
0.32930036 -0.0065142318 0.0
0.29358059 -0.0071335297 0.0
0.21658803 -0.0036486119 0.0
0.32726534 -0.0059903612 0.0
0.31536238 -0.0065831542 0.0
0.33545077 -0.0078521431 0.0
0.29444978 -0.0062745959 0.0
0.34641257 -0.0078187517 0.0
0.3270678 -0.0069547449 0.0
0.35738409 -0.0072911417 0.0
0.35784077 -0.0086588476 0.0
0.33901017 -0.0073972312 0.0
0.3429011 -0.008017065 0.0
0.35702252 -0.007529939 0.0
0.24687286 -0.003864202 0.0
0.3467053 -0.008161857 0.0
0.33321235 -0.0086186517 0.0
0.35744646 -0.010991208 0.0
0.21745347 -0.0057870036 0.0
0.33326228 -0.008397681 0.0
0.31447896 -0.0067621354 0.0
0.18432199 -0.0022113022 0.0
0.28960759 -0.0061284052 0.0
0.22572684 -0.0038206047 0.0
0.13798201 0.0040412972 0.0
0.16968429 -0.00025698084 0.0
0.20078327 -0.002619384 0.0
0.35695037 -0.0057680631 0.0
0.34721429 -0.0067121411 0.0
0.35755465 -0.0075630821 0.0
0.34820219 -0.0072629227 0.0
0.2794591 -0.0070094835 0.0
0.27437379 -0.0054878627 0.0
0.21527436 -0.0044997741 0.0
0.14482327 -0.0012620415 0.0
0.10935768 -0.0016873339 0.0
0.31392771 -0.0060565248 0.0
0.22156866 -0.0036869765 0.0
0.18081513 -0.00086737104 0.0
0.23299386 -0.0027013085 0.0
0.22023666 -0.0038522937 0.0
0.13610255 0.0046614565 0.0
0.11609326 -0.00088345285 0.0
0.17266965 -0.0011279731 0.0
0.046524254 -0.0015728857 0.0
0.35758794 -0.0068813305 0.0
0.3531403 -0.0067887012 0.0
0.3575975 -0.0070296315 0.0
0.35390919 -0.0072927355 0.0
0.31020515 -0.0074115278 0.0
0.27553573 -0.0058685566 0.0
0.31197351 -0.0065448013 0.0
0.28821802 -0.0066717325 0.0
0.25198421 -0.0053707372 0.0
0.25000923 -0.0035966816 0.0
0.24166853 -0.0053052771 0.0
0.27196259 -0.0069251111 0.0
0.26845772 -0.0063825059 0.0
0.20793826 -0.0029933752 0.0
0.27331483 -0.006996383 0.0
0.29541807 -0.0056304409 0.0
0.20420335 -0.0038431136 0.0
0.14906832 -0.0035973944 0.0
0.22361662 -0.0042706653 0.0
0.16739644 -0.0031138386 0.0
0.21939096 -0.0042291962 0.0
0.18607286 -0.0026024568 0.0
0.026512971 -0.0015187796 0.0
0.097487947 0.0046855689 0.0
0.082154855 -0.0017911964 0.0
0.35310935 -0.010566491 0.0
0.3575436 -0.0061938817 0.0
0.35351092 -0.0061547408 0.0
0.34870138 -0.006098245 0.0
0.35610004 -0.0084893769 0.0
0.28795175 -0.0072490736 0.0
0.29274343 -0.0060728343 0.0
0.35340543 -0.012114487 0.0
0.24245374 -0.0061205603 0.0
0.3514154 -0.0056680183 0.0
0.34702948 -0.0052993867 0.0
0.35459844 -0.0070009847 0.0
0.35529965 -0.0077361654 0.0
0.23811322 0.002789138 0.0
0.35146441 -0.012044126 0.0
0.35750729 -0.0065218976 0.0
0.34897454 -0.0055029642 0.0
0.34352669 -0.0055511267 0.0
0.34068001 -0.005926236 0.0
0.33908946 -0.0063842345 0.0
0.3563146 -0.0084543401 0.0
0.35744487 -0.005724938 0.0
0.3517416 -0.0057356857 0.0
0.35598315 -0.0047882784 0.0
0.35391633 -0.0058521911 0.0
0.35778375 -0.0059478158 0.0
0.35378665 -0.0058266594 0.0
0.35733729 -0.0055864152 0.0
0.35726402 -0.0053707786 0.0
0.34838383 -0.0053162668 0.0
0.35144894 -0.005741818 0.0
0.22713422 -0.0053015423 0.0
0.34693256 -0.0052904418 0.0
0.35145851 -0.0057090352 0.0
0.3452131 -0.005045915 0.0
0.35578749 -0.0053283723 0.0
0.35139246 -0.0047371787 0.0
0.34168574 -0.0045969409 0.0
0.3498614 -0.006348354 0.0
0.33747164 -0.0058319321 0.0
0.33198381 -0.0058042672 0.0
0.35505928 -0.0076349786 0.0
0.3577746 -0.0083010274 0.0
0.35694154 -0.0054624434 0.0
0.35748995 -0.0054217951 0.0
0.35757865 -0.0051920026 0.0
0.35729341 -0.0053965296 0.0
0.35073712 -0.0043381771 0.0
0.3371944 -0.0039935059 0.0
0.34970717 -0.0061320195 0.0
0.3447957 -0.0064139865 0.0
0.34307471 -0.0053960653 0.0
0.34120005 -0.0062062288 0.0
0.34246168 -0.0086411611 0.0
0.35630666 -0.0080423846 0.0
0.35360249 -0.0081926167 0.0
0.35238378 -0.0077314913 0.0
0.35803583 -0.0091367146 0.0
0.35202221 -0.0077802533 0.0
0.35233789 -0.004146295 0.0
0.34506491 -0.0040182818 0.0
0.3243704 -0.0028151401 0.0
0.33366049 -0.0040276517 0.0
0.34178311 -0.0047807194 0.0
0.32827041 -0.0052894141 0.0
0.34465413 -0.0065014879 0.0
0.3446208 -0.0066517435 0.0
0.35554264 -0.011633393 0.0
0.35708025 -0.0090822792 0.0
0.3577409 -0.0079521999 0.0
0.35698273 -0.0079259926 0.0
0.31664933 -0.0038247251 0.0
0.33415737 -0.004957692 0.0
0.34449072 -0.0038147984 0.0
0.33586703 -0.0042125462 0.0
0.33229141 -0.0052042224 0.0
0.33864683 -0.0062329669 0.0
0.2976256 -0.0047864164 0.0
0.35022731 -0.0097718388 0.0
0.3524579 -0.0079134581 0.0
0.35688505 -0.0096582615 0.0
0.32477128 -0.0040577088 0.0
0.33300021 -0.0058032367 0.0
0.30387977 -0.0040098485 0.0
0.28259843 -0.0043566434 0.0
0.34740614 -0.0070176927 0.0
0.34673172 -0.0080979714 0.0
0.34372385 -0.0087390493 0.0
0.35408046 -0.0089771243 0.0
0.35113285 -0.010718864 0.0
0.35813226 -0.010744228 0.0
0.33829402 -0.0048646705 0.0
0.32001854 -0.0042568335 0.0
0.33308768 -0.0053202228 0.0
0.31752413 -0.0055720107 0.0
0.32435377 -0.0060500487 0.0
0.34427919 -0.0072391783 0.0
0.31698549 -0.0060585272 0.0
0.35801584 -0.010371993 0.0
0.35659728 -0.0092705454 0.0
0.35770115 -0.0097884673 0.0
0.31877429 -0.0038221832 0.0
0.32046565 -0.0041132228 0.0
0.3034208 -0.0039281915 0.0
0.32039836 -0.0057999084 0.0
0.33788047 -0.0058912788 0.0
0.32203343 -0.005025566 0.0
0.32834454 -0.0050699751 0.0
0.32074359 -0.0051665119 0.0
0.29420499 -0.0052628603 0.0
0.31855627 -0.0054907444 0.0
0.30538315 -0.0042926711 0.0
0.30238064 -0.0035667254 0.0
0.25349841 -0.0031518994 0.0
0.27946222 -0.0047624658 0.0
0.18675494 0.00080621602 0.0
0.33666261 -0.0073838367 0.0
0.25249529 -0.003148587 0.0
0.27101706 -0.0036498851 0.0
0.29984076 -0.0041643538 0.0
0.28580692 -0.0067686772 0.0
0.35471851 -0.012651569 0.0
0.32416811 -0.0057857103 0.0
0.25563022 -0.0032826837 0.0
0.32114692 -0.0092678282 0.0
0.32120443 -0.012573656 0.0
0.291524 -0.0054514883 0.0
0.2054158 -0.0020422038 0.0
0.28760629 -0.0082781884 0.0
0.2077999 -0.00042341996 0.0
0.31532372 -0.0051194073 0.0
0.34346288 -0.0085205056 0.0
0.34398759 -0.0092926203 0.0
0.34340746 -0.0099926964 0.0
0.35660063 -0.010476414 0.0
0.35692878 -0.010446786 0.0
0.35112068 -0.008953798 0.0
0.33916907 -0.0048555771 0.0
0.32647526 -0.0045211252 0.0
0.32677462 -0.0044758933 0.0
0.31934554 -0.0039877251 0.0
0.31820548 -0.0029796253 0.0
0.2461451 -0.0026013713 0.0
0.32424591 -0.0041223797 0.0
0.28510113 -0.0039941103 0.0
0.30151028 -0.0034856155 0.0
0.25907306 -0.0042424657 0.0
0.31043899 -0.0029341718 0.0
0.28012562 -0.0043680062 0.0
0.30369877 -0.0023025241 0.0
0.29664607 -0.0036024184 0.0
0.24407611 -0.0047792732 0.0
0.2791076 -0.0048322058 0.0
0.29926929 -0.0054163151 0.0
0.32140855 -0.0057021887 0.0
0.3054969 -0.0046611268 0.0
0.32313397 -0.006364129 0.0
0.3582383 -0.01259618 0.0
0.31654513 -0.0062446954 0.0
0.33275621 -0.0066664265 0.0
0.33417089 -0.0070453482 0.0
0.33390325 -0.0068736468 0.0
0.32404359 -0.0060058619 0.0
0.35576219 -0.012044613 0.0
0.35681324 -0.0098200645 0.0
0.35827734 -0.010019977 0.0
0.35736804 -0.0092515232 0.0
0.30477962 -0.0051582472 0.0
0.30575811 -0.0051541152 0.0
0.028437157 -0.0029146295 0.0
0.19164334 0.0001774181 0.0
0.20229982 -0.0018004641 0.0
0.30208142 -0.0063769902 0.0
0.3147997 -0.0049855451 0.0
0.33299129 -0.0069493235 0.0
0.22873692 -0.0041838076 0.0
0.32194954 -0.0068821156 0.0
0.35037598 -0.009889186 0.0
0.35794735 -0.011302407 0.0
0.332599 -0.010329146 0.0
0.35265442 -0.011026243 0.0
0.3507803 -0.011160648 0.0
0.32770513 -0.0098844686 0.0
0.35813329 -0.012006832 0.0
0.33273681 -0.01113626 0.0
0.34691691 -0.014006583 0.0
0.28693205 -0.0042776919 0.0
0.33635615 -0.011691741 0.0
0.26679752 -0.0032580676 0.0
0.35292362 -0.01421449 0.0
0.3442366 -0.011131758 0.0
0.35253353 -0.010682168 0.0
0.34922168 -0.0098846941 0.0
0.35696301 -0.011281826 0.0
0.35667206 -0.011985938 0.0
0.29064834 -0.0045305443 0.0
0.28629744 -0.0070087379 0.0
0.22871188 -0.0026418854 0.0
0.2597505 -0.0047749179 0.0
0.35728811 -0.011785273 0.0
0.35719686 -0.012829696 0.0
0.35425606 -0.01100897 0.0
0.27063361 -0.0029574353 0.0
0.27104553 -0.0039696106 0.0
0.23446083 -0.0042090211 0.0
0.30856989 -0.0065068322 0.0
0.27227306 -0.0058503143 0.0
0.26217172 -0.003186829 0.0
0.24641991 -0.0062108405 0.0
0.24483823 -0.0014984751 0.0
0.18485369 -0.00018477106 0.0
0.22850117 -0.0018712841 0.0
0.21436744 -0.0012721992 0.0
0.3008486 -0.0077639144 0.0
0.33448823 -0.0095311094 0.0
0.31693233 -0.011066098 0.0
0.34390016 -0.012484713 0.0
0.31166336 -0.0084966203 0.0
0.34452302 -0.010509759 0.0
0.35043382 -0.012695948 0.0
0.3374838 -0.012420375 0.0
0.34521456 -0.011743846 0.0
0.32343508 -0.011999282 0.0
0.33359376 -0.012809352 0.0
0.34462437 -0.014554519 0.0
0.34844839 -0.015886517 0.0
0.097803009 -0.0023014775 0.0
0.33429027 -0.013224434 0.0
0.32311131 -0.011953719 0.0
0.33186474 -0.013838191 0.0
0.30203291 -0.0078891181 0.0
0.29350553 -0.0074270732 0.0
0.33029468 -0.019859709 0.0
0.12637611 -0.0036051843 0.0
0.32417848 -0.013373663 0.0
0.34334067 -0.014696602 0.0
0.35801704 -0.013643846 0.0
0.087466986 -0.003132107 0.0
0.35622779 -0.014951529 0.0
0.35390699 -0.0092729973 0.0
0.065686061 0.00086239459 0.0
0.23379968 -0.0059543195 0.0
0.3344731 -0.0080844502 0.0
0.31693385 -0.0068255058 0.0
0.31920939 -0.0079777132 0.0
0.32346135 -0.0076190302 0.0
0.35158604 -0.012212088 0.0
0.35707634 -0.013216004 0.0
0.3502534 -0.013664082 0.0
0.35542524 -0.013168329 0.0
0.35740402 -0.013721144 0.0
0.34797353 -0.013016647 0.0
0.35680272 -0.014473548 0.0
0.082008817 -0.00084633383 0.0
0.06212483 0.0050183738 0.0
0.3568739 -0.012135269 0.0
0.35679541 -0.014805187 0.0
0.34873045 -0.016294787 0.0
0.3548581 -0.015215756 0.0
0.059761368 -0.0012167296 0.0
0.35446109 -0.011310047 0.0
0.3538972 -0.010034654 0.0
0.24731389 -0.0032612134 0.0
0.27373404 -0.0063886661 0.0
0.33260893 -0.0085007755 0.0
0.3324962 -0.0072075571 0.0
0.17925528 0.0021099949 0.0
0.33049496 -0.0097545984 0.0
0.35805769 -0.01317281 0.0
0.21145168 0.0017522166 0.0
0.15481583 0.0048055026 0.0
0.34459843 -0.012051027 0.0
0.17353288 0.00025055336 0.0
0.2943753 -0.0080408579 0.0
0.17127377 0.0037703591 0.0
0.099463376 0.006418505 0.0
0.24323232 -0.002409702 0.0
0.26530718 -0.0073506805 0.0
0.16706538 0.0028242886 0.0
0.2375936 0.0012625822 0.0
0.21944829 -0.0028273219 0.0
0.22583451 -0.0028726835 0.0
0.2020456 -0.0022367837 0.0
0.22615916 -0.0024275133 0.0
0.20048519 -0.0013076547 0.0
0.18914149 0.00072252763 0.0
0.1798034 -0.0024705962 0.0
0.18788332 0.00080082545 0.0
0.06835717 -0.0033633913 0.0
0.13659919 0.0016953093 0.0
0.259564 -0.0079933888 0.0
0.26269351 -0.0080501936 0.0
0.17857377 0.0069546534 0.0
0.2420896 0.0010077913 0.0
0.079536247 -0.020665034 0.0
0.20753574 -0.0030939176 0.0
0.23477964 -0.0043355278 0.0
0.29247181 -0.0073702288 0.0
0.22938596 -0.0046389341 0.0
0.2682941 -0.0073743596 0.0
0.17665812 -0.0022284379 0.0
0.29826841 -0.0094267049 0.0
0.23693848 -0.005998259 0.0
0.24790525 -0.0085328948 0.0
0.24704564 -0.015032152 0.0
0.25173164 -0.01435898 0.0
0.24737129 -0.0082517989 0.0
0.28408246 -0.010292784 0.0
0.28790752 -0.012101974 0.0
0.30767865 -0.012682182 0.0
0.29898648 -0.0089058167 0.0
0.28500787 -0.0074295817 0.0
0.2773888 0.0013256511 0.0
0.13731237 -0.0028276665 0.0
0.18682535 0.0009317289 0.0
0.31742819 -0.0085896282 0.0
0.34926149 -0.010465775 0.0
0.35148317 -0.011414516 0.0
0.22227282 0.00062529681 0.0
0.10083246 0.00017804394 0.0
0.20359729 0.0047112373 0.0
0.3560763 -0.013724262 0.0
0.24845084 0.0026916881 0.0
0.032537423 0.0010413572 0.0
0.21324572 0.0016167968 0.0
0.30193794 -0.0072793618 0.0
0.065396842 -0.0020067715 0.0
0.28442438 0.0025640676 0.0
0.19656684 -0.0047531255 0.0
0.21332874 -0.0041358584 0.0
0.26920707 -0.0005693947 0.0
0.29711248 -0.00091985808 0.0
0.1703312 -0.0048676542 0.0
0.19924258 -0.0058600263 0.0
0.27022408 -0.0016659408 0.0
0.29953782 -0.0024350021 0.0
0.32772736 -0.0018522441 0.0
0.33035577 -0.0023862226 0.0
0.250043 -0.0033760449 0.0
0.22709279 -0.0019344973 0.0
0.29048819 -0.0036292905 0.0
0.27237565 -0.0023834555 0.0
0.33500104 -0.0022294348 0.0
0.34205446 -0.0022773388 0.0
0.3284228 -0.00178472 0.0
0.33316755 -0.0018945719 0.0
0.29064666 -5.9196466e-05 0.0
0.26131213 0.00088416841 0.0
0.34381314 -0.0023955691 0.0
0.34518623 -0.0025534677 0.0
0.34217017 -0.0019596914 0.0
0.345833 -0.0024991986 0.0
0.34747396 -0.0034895417 0.0
0.34884449 -0.0033140681 0.0
0.18324556 -0.0039913097 0.0
0.19134685 -0.0044821184 0.0
0.34851056 -0.0029841859 0.0
0.07498555 -0.0082665824 0.0
0.047916925 -0.0019046334 0.0
0.34477618 -0.0020685177 0.0
0.3450018 -0.0023792666 0.0
0.34191897 -0.0041282972 0.0
0.33875927 -0.0044788024 0.0
0.33890726 -0.0043309307 0.0
0.33196043 -0.0044783568 0.0
0.065654107 0.0034692255 0.0
0.13173454 0.0034486434 0.0
0.022629179 -0.0011177899 0.0
0.088236717 -5.8967205e-05 0.0
0.20759833 0.00028211116 0.0
0.3287144 -0.0013197088 0.0
0.15190992 0.0023620534 0.0
0.14924909 0.0061444665 0.0
0.20374574 -7.2075712e-05 0.0
0.21737692 0.0037607479 0.0
0.34071218 -0.0018854385 0.0
0.34067378 -0.001683615 0.0
0.0057960099 -0.0018419572 0.0
0.00044754896 -0.0054645314 0.0
0.30811415 -0.00047353454 0.0
0.31475303 -0.00013987428 0.0
0.18058631 0.0046538494 0.0
0.27450335 0.0009511957 0.0
0.20451589 0.0026673726 0.0
0.19517244 -0.00020210178 0.0
0.28326824 0.0041356946 0.0
0.27163336 0.005276089 0.0
0.20654908 0.0003192276 0.0
0.14443001 0.0037308728 0.0
0.25283756 0.0031418704 0.0
0.23432741 0.0026454889 0.0
0.19335146 0.0014283905 0.0
0.1365983 0.0049557606 0.0
0.15743139 -0.00068969115 0.0
0.06088978 0.0010450203 0.0
0.28823339 0.0034851389 0.0
0.33560826 0.0018481648 0.0
0.23456161 0.0033051346 0.0
0.18432111 -0.00064886149 0.0
0.27192548 0.0049190046 0.0
0.2606411 0.0051669805 0.0
0.24964912 0.0029816248 0.0
0.29891814 0.0051298144 0.0
0.2523034 0.0026970946 0.0
0.26459062 0.002959911 0.0
0.3009669 0.005702456 0.0
0.32595336 0.0092096974 0.0
0.23225529 0.001384593 0.0
0.26259176 0.0027003255 0.0
0.29189298 0.0016473317 0.0
0.2961398 0.0039016892 0.0
0.28653041 0.0049023747 0.0
0.28235108 0.0056135244 0.0
0.30982247 0.0052354962 0.0
0.31873217 0.0062560253 0.0
0.30301855 0.0069446764 0.0
0.26801277 0.0036757112 0.0
0.3199727 0.0070090225 0.0
0.30937678 0.0051562887 0.0
0.29874673 0.0065074744 0.0
0.26769164 0.0039954876 0.0
0.30554899 0.0064875061 0.0
0.28165771 0.00462755 0.0
0.31805364 0.0063304281 0.0
0.33440293 0.010170233 0.0
0.33654108 -0.00010753879 0.0
0.31836632 0.0067896569 0.0
0.28495863 0.003524164 0.0
0.32622734 0.006399393 0.0
0.31789276 0.0062549491 0.0
0.3346351 0.0080542402 0.0
0.34045821 -0.001523392 0.0
0.34076592 -0.001462066 0.0
0.34143989 -0.0017036219 0.0
0.34454311 -0.0017628 0.0
-0.0049184569 -0.0095944574 0.0
-0.0013653992 -0.004803069 0.0
-0.0031601774 -0.0032339906 0.0
0.26136043 0.0027068673 0.0
0.20121097 0.0031181697 0.0
0.23138471 0.0014734271 0.0
0.19304783 0.0013531156 0.0
0.1705901 0.0036102145 0.0
0.20534052 0.0027225384 0.0
0.30910912 -0.003624001 0.0
0.29981237 -0.0035797657 0.0
0.15642676 -0.00048302815 0.0
0.13627617 -0.0031744176 0.0
0.027829948 0.002392039 0.0
0.10839583 0.00072149816 0.0
0.17127361 -0.0012793829 0.0
0.12268589 0.0028973214 0.0
0.24013524 -0.002547912 0.0
0.21142504 -0.0011088777 0.0
0.20905747 -0.0043598326 0.0
0.04149813 0.0046360018 0.0
0.26822843 -0.0047969116 0.0
0.30349504 -0.0029103949 0.0
0.29142539 -0.004069821 0.0
0.17104939 -0.0007823697 0.0
0.2065589 -0.0012565102 0.0
0.33096466 -0.0045493608 0.0
0.3379176 -0.0043628356 0.0
0.3366429 -0.0039600991 0.0
0.30541859 -0.0041355714 0.0
0.32374442 -0.0039226653 0.0
0.32150285 -0.0034214141 0.0
0.32625729 -0.0032544033 0.0
0.30345724 -0.004492243 0.0
0.32451368 -0.0050408533 0.0
0.31575446 -0.0045552989 0.0
0.28063913 -0.0041548575 0.0
0.27863629 -0.003656398 0.0
0.32454273 -0.0032687704 0.0
0.31512471 -0.0039683915 0.0
0.27731217 -0.0040659176 0.0
0.27505552 -0.0047502208 0.0
0.32703596 -0.0044540089 0.0
0.29650299 -0.0030530594 0.0
0.29073926 -0.004197074 0.0
0.26444605 -0.002828625 0.0
0.31297451 -0.0039152555 0.0
0.24024205 -0.0013525966 0.0
0.32286115 -0.0047107963 0.0
0.29713303 -0.0028934795 0.0
0.21793302 -0.004285036 0.0
0.28090012 -0.0030309366 0.0
0.29315993 -0.0037074083 0.0
0.28062432 -0.0036690659 0.0
0.17750273 -0.0019533873 0.0
0.24142379 -0.0029805231 0.0
0.35296413 -0.0026608022 0.0
0.35195909 -0.0030747786 0.0
0.35120088 -0.0019257096 0.0
0.353342 -0.002222923 0.0
0.33885551 -0.0039200758 0.0
0.32723008 -0.0037000499 0.0
0.1779427 -0.0038474077 0.0
0.16207121 -0.0034007952 0.0
0.3011701 -0.0050535569 0.0
0.29393577 -0.0049821875 0.0
0.32111171 -0.004524577 0.0
0.3190895 -0.0045758402 0.0
0.25876993 -0.0020668119 0.0
0.29860724 -0.0024817049 0.0
0.28978659 -0.003460688 0.0
0.29972798 -0.0047292362 0.0
0.31304376 -0.0040025339 0.0
0.30479778 -0.0047656568 0.0
0.29847132 -0.0045855843 0.0
0.28923961 -0.0030665182 0.0
0.19227983 -0.0032212493 0.0
0.26885424 -0.0023519908 0.0
0.063603963 0.00046853664 0.0
0.14152952 -0.0054564666 0.0
0.11104738 0.0009351418 0.0
0.26595646 -0.003861843 0.0
0.07095182 0.00019455829 0.0
0.27985657 -0.003209098 0.0
0.062749175 -0.0016467608 0.0
0.20079677 -0.0029843383 0.0
0.24028709 -0.003830444 0.0
0.26156355 -0.003835805 0.0
0.20413508 -0.0022122269 0.0
0.26351967 -0.0037299854 0.0
0.051138443 7.9815308e-05 0.0
0.060477934 0.0010051015 0.0
0.23877449 -0.0023065931 0.0
0.30034802 -0.0036260386 0.0
0.19956365 -0.0035361251 0.0
0.30024564 -0.0035240447 0.0
0.21701318 -0.0028167665 0.0
0.16026741 0.00048584937 0.0
0.3375667 -0.001366659 0.0
0.33817453 0.00059754287 0.0
0.16623944 -0.002463392 0.0
0.16262495 -0.0042685416 0.0
0.12337748 -0.00014869776 0.0
0.11865427 -0.0026141774 0.0
0.14809519 -0.0023708575 0.0
0.11184474 -0.00016328959 0.0
0.20125433 -0.0035644443 0.0
0.2184498 -0.00198895 0.0
0.24060413 -0.0027047948 0.0
0.18302577 -0.0031150446 0.0
0.23746796 -0.0036750525 0.0
0.23741521 -0.0026639674 0.0
0.25149029 -0.0022535782 0.0
0.24006585 -0.0015256928 0.0
0.068453787 -0.0060257486 0.0
0.044902468 -0.0025767605 0.0
0.0813649 0.0056649431 0.0
0.040457697 0.0010436241 0.0
0.12012603 -0.00414658 0.0
0.20208778 0.0013384873 0.0
0.20274657 -0.0036424632 0.0
0.079663053 0.0014832994 0.0
0.16839768 -0.0023881215 0.0
0.20145023 -0.0002153419 0.0
0.26073287 -0.0027186946 0.0
0.19959686 -0.0023559108 0.0
0.18557998 -0.0040775757 0.0
0.22417119 -0.001359168 0.0
0.23244312 -0.0027082614 0.0
0.33586928 -0.00097456021 0.0
0.31900055 0.0003713733 0.0
0.32818218 -0.0040861982 0.0
0.33546204 -0.0042777967 0.0
0.28289197 0.00081408822 0.0
0.22565876 0.0021307225 0.0
0.34694034 -0.0025590009 0.0
0.34212922 -0.0020508412 0.0
0.3367969 -0.0025510423 0.0
0.33663905 -0.0022935947 0.0
0.33880137 -0.0041592157 0.0
0.34181338 -0.0039559801 0.0
0.28232414 -0.0039230187 0.0
0.27010041 -0.0041200454 0.0
0.32601599 -0.0013322005 0.0
0.31200891 -0.0019891862 0.0
0.035392764 -0.00095031193 0.0
0.084878301 -0.0019876336 0.0
0.32781763 -0.0013477241 0.0
0.32417676 -0.0012958857 0.0
0.20939674 -0.0042775697 0.0
0.2479906 -0.0038530101 0.0
0.28938006 -0.0018299238 0.0
0.26735939 -0.0023130174 0.0
0.33556256 -0.0021888646 0.0
0.3394197 -0.0011367738 0.0
0.35537283 -0.0027044554 0.0
0.35642196 -0.003021003 0.0
0.33342321 -0.00090224664 0.0
0.33622036 0.00022495812 0.0
0.33872995 0.0018294387 0.0
0.31602431 0.0051378039 0.0
0.20403522 -0.0040336102 0.0
0.16100755 -0.0011398518 0.0
0.18938541 -0.0011370073 0.0
0.18094283 -0.0015744439 0.0
0.14671105 -0.00064566692 0.0
0.11131563 -0.0011731773 0.0
0.20482514 -0.0019660936 0.0
0.14947113 0.00090850709 0.0
0.17914136 0.0002604478 0.0
0.031208264 0.00056500467 0.0
0.20112365 -4.4073627e-05 0.0
0.18843407 0.00026830364 0.0
0.12856349 -0.0024856286 0.0
0.11856975 -0.0014807643 0.0
0.095209699 -0.0016324033 0.0
0.16161483 -0.0027932312 0.0
0.12571881 -0.0027965547 0.0
0.35752919 -0.0037395705 0.0
0.35534972 -0.0036467343 0.0
0.31241423 -0.0044326642 0.0
0.32736277 -0.0046883274 0.0
0.33720157 -0.0054024737 0.0
0.33625351 -0.005959719 0.0
0.19539557 -0.00046583541 0.0
0.30344498 -0.0025171768 0.0
0.32803237 -0.0020360022 0.0
0.31591285 -0.0024196243 0.0
0.35556351 -0.0061081704 0.0
0.35754952 -0.0057757089 0.0
0.32447642 -0.0078975635 0.0
0.30918321 -0.0055892527 0.0
0.35372524 -0.0076844032 0.0
0.3471404 -0.0078712102 0.0
0.22136522 -1.3958532e-06 0.0
0.20324739 -0.0016422542 0.0
0.15189416 0.0028748272 0.0
0.074151331 0.004405322 0.0
0.056733368 0.0047408811 0.0
0.034150835 -0.0024126738 0.0
0.34537161 -0.010793835 0.0
0.25589746 -0.0065741352 0.0
0.35673264 -0.0076561501 0.0
0.3564279 -0.0089812081 0.0
0.3535322 -0.009937482 0.0
0.35260265 -0.0082695799 0.0
0.34709154 -0.0097275551 0.0
0.34243982 -0.0080435433 0.0
0.34893512 -0.0038041813 0.0
0.34008458 -0.0035864564 0.0
0.32496011 -0.0032529738 0.0
0.33884119 -0.0039329516 0.0
0.31818925 -0.0028912912 0.0
0.33591373 -0.0043350158 0.0
0.30359379 -0.0023297831 0.0
0.29939161 -0.0032717888 0.0
0.2732905 -0.0015538172 0.0
0.27351494 -0.0026190993 0.0
0.30960275 -0.0023492862 0.0
0.31225454 -0.0026219391 0.0
0.27605943 -0.0018260253 0.0
0.27314691 -0.003595475 0.0
0.31236373 -0.0030504881 0.0
0.29906809 -0.0023180924 0.0
0.32240043 -0.0026923744 0.0
0.30890156 -0.0030342507 0.0
0.23488717 -0.0016395822 0.0
0.25888538 -0.0043478806 0.0
0.25019456 -0.00053313114 0.0
0.24691621 -0.0030726627 0.0
0.27880168 -0.00065183941 0.0
0.24586236 0.0030863379 0.0
0.1974753 -0.0023501321 0.0
0.22593125 -0.0025750663 0.0
0.27210909 -0.00095933545 0.0
0.1957823 0.00040150715 0.0
0.23531129 -0.0019323437 0.0
0.25259023 -0.003274038 0.0
0.1629157 0.00025787146 0.0
0.24495 -0.0025515293 0.0
0.25040758 -0.0036451706 0.0
0.2948173 -0.0035680585 0.0
0.2118295 -0.0019161867 0.0
0.2117794 -0.0022629847 0.0
0.18766304 -0.0083699882 0.0
0.23407117 -0.0036838876 0.0
0.21964597 -0.0026368573 0.0
0.17727144 -0.0076074748 0.0
0.16040305 -0.0082939931 0.0
0.24300998 -0.0057286426 0.0
0.31002897 -0.0025647379 0.0
0.25027525 -0.00090542409 0.0
0.30814817 -0.0018412039 0.0
0.24267944 0.0019495389 0.0
0.29213672 -0.0009922977 0.0
0.3031826 -0.0022875232 0.0
0.27652342 -0.0030919524 0.0
0.28017143 -0.0039332107 0.0
0.28001863 -0.0038586192 0.0
0.27756701 -0.0042651781 0.0
0.22212291 -0.0036818371 0.0
0.20154978 -0.00495942 0.0
0.18730766 -0.004434692 0.0
0.26408721 -0.0038098391 0.0
0.32846609 -0.0040858369 0.0
0.32963632 -0.0045401026 0.0
0.30850915 -0.002634723 0.0
0.29696392 -0.0034323063 0.0
0.30864526 -0.0055216564 0.0
0.27903335 -0.00532203 0.0
0.35528518 -0.013754914 0.0
0.35286501 -0.014933949 0.0
0.31940445 -0.015678663 0.0
0.21455009 0.00092535259 0.0
0.20836042 0.00095982368 0.0
0.097685993 0.00099312134 0.0
0.22934539 -0.0021476488 0.0
0.067707403 0.0026803195 0.0
0.1411159 -0.0037671972 0.0
0.14452759 -0.00051225319 0.0
0.041860777 0.002052333 0.0
0.13374408 -0.0047914294 0.0
0.10948019 -0.00011119988 0.0
0.071522867 -0.0052093072 0.0
0.065066938 0.0010938571 0.0
0.1279574 0.003459284 0.0
0.22894132 -0.0060205842 0.0
0.15127256 -0.0022760658 0.0
0.18648461 -0.0011956464 0.0
0.20987297 -0.0031592185 0.0
0.15072695 0.00015239117 0.0
0.13356825 -0.0083904749 0.0
0.189445 -0.0016048784 0.0
0.1145443 -0.0010960561 0.0
0.068874692 -0.0026186683 0.0
0.025686923 -0.0013474717 0.0
0.1126984 5.1616631e-05 0.0
0.025628383 -0.0012713828 0.0
0.090584062 -0.0024909056 0.0
0.11656051 -0.0022406989 0.0
0.30185391 -0.010166047 0.0
0.27545498 -0.0065211854 0.0
0.32143686 0.0037827576 0.0
0.28936381 0.0027588881 0.0
0.09316582 -0.0065166066 0.0
0.015478342 0.00088986866 0.0
0.14026464 -0.0086277119 0.0
0.097786477 -0.0069217126 0.0
0.26280486 0.0013516867 0.0
0.23748364 0.0026743191 0.0
0.20917119 0.0029058624 0.0
0.23880741 0.0020667717 0.0
0.2138098 0.0033939251 0.0
0.25189774 0.0018026554 0.0
0.22815141 0.0020504724 0.0
0.30161246 0.00037786063 0.0
0.085181479 0.0039070931 0.0
0.30650441 0.0014370331 0.0
0.33965198 0.0024099229 0.0
0.29733824 0.0041097314 0.0
0.32141328 0.0039485616 0.0
0.2830313 0.0038669784 0.0
0.30251221 0.0034743816 0.0
0.33756934 0.0037407546 0.0
0.33051135 0.0071761362 0.0
0.32516545 0.0067210747 0.0
0.32710534 0.0065439974 0.0
0.33656929 0.0058608687 0.0
0.33499462 0.0094304131 0.0
-0.0016042729 -0.0021897065 0.0
-0.0015649693 -0.0037376578 0.0
-0.0016858849 -0.00035458093 0.0
-0.0023754763 -0.00042872361 0.0
0.13813315 -0.0023375998 0.0
-0.00051230319 -0.00071032798 0.0
0.048340101 0.00086198024 0.0
-0.00074021859 -0.0015590574 0.0
0.16697463 -0.00026808156 0.0
0.27369211 -0.0029957361 0.0
0.060477314 0.0012923038 0.0
0.24870982 -0.0029657826 0.0
0.21938835 -0.0034463009 0.0
0.24860602 -0.0023281343 0.0
0.23129465 -0.0034607925 0.0
0.23089007 -0.0027598892 0.0
0.29734435 -0.0048068364 0.0
0.25286766 -0.0028833226 0.0
0.23098863 -0.0031938919 0.0
0.26635469 -0.0044251558 0.0
0.30173488 -0.0053938721 0.0
0.27797412 -0.0049563555 0.0
0.23770852 -0.0043660369 0.0
0.17097152 -0.00090611115 0.0
0.23598217 -0.0034537864 0.0
0.20677045 -0.0030103952 0.0
0.14192193 0.0019365555 0.0
0.12947922 0.001651869 0.0
0.17020168 -0.00081229327 0.0
0.068864995 0.0021341151 0.0
0.055418675 -0.0021816699 0.0
0.065437176 0.00064803964 0.0
0.21087137 -0.0028879675 0.0
0.17397148 -0.0016115805 0.0
0.33488771 -0.0043136086 0.0
0.32654971 -0.0042514991 0.0
0.34228639 -0.0036951089 0.0
0.32627673 -0.0047569624 0.0
0.28790935 -0.0030725932 0.0
0.28333841 -0.0042209058 0.0
0.28780549 -0.0036252514 0.0
0.26025004 -0.0034566367 0.0
0.24797149 -0.0028107967 0.0
0.21494943 -0.0028326508 0.0
0.31179855 -0.0029152191 0.0
0.29124336 -0.0035582749 0.0
0.33056175 -0.0041007165 0.0
0.29958814 -0.0038509314 0.0
0.29808879 -0.0043631329 0.0
0.27906898 -0.0038770522 0.0
0.30374175 -0.0027981059 0.0
0.28028256 -0.0031400685 0.0
0.30363267 -0.0033472074 0.0
0.31839644 -0.0034981954 0.0
0.2584338 -0.0031269261 0.0
0.26148856 -0.003080643 0.0
0.18581012 -0.002267945 0.0
0.25543396 -0.0026030955 0.0
0.25834496 -0.003881896 0.0
0.27890852 -0.0025746606 0.0
0.27039142 -0.0032645021 0.0
0.25040305 -0.0025864979 0.0
0.28158665 -0.002920333 0.0
0.27617678 -0.0020107383 0.0
0.22173144 -0.0017600382 0.0
0.19761908 -0.0013710799 0.0
0.10394084 0.00062588833 0.0
0.23323297 -0.0026476558 0.0
0.23155313 -0.0011294777 0.0
0.17849199 -0.0023218528 0.0
0.21820466 -0.0017927186 0.0
0.18174023 -0.0024413557 0.0
0.13370567 -0.0040327274 0.0
0.1828594 -0.0017437267 0.0
0.21980873 -0.0021159496 0.0
0.19748872 -0.0020582015 0.0
0.050848647 -0.00050024975 0.0
0.1910651 -0.00083703198 0.0
0.1482051 -0.00076380911 0.0
0.23951501 -0.0023970312 0.0
0.091472805 -0.0017151873 0.0
0.13979017 -0.0028334727 0.0
0.22126785 -0.0040236234 0.0
0.17448183 -0.0029148186 0.0
0.14904395 -0.0026422575 0.0
0.012793505 -0.00011426673 0.0
0.14449854 -0.0019147959 0.0
0.052842821 0.00033018625 0.0
0.039883313 -0.00029625569 0.0
0.061719281 -0.0080703391 0.0
0.32375152 -0.0044612076 0.0
0.30964816 -0.0053692892 0.0
0.30171013 -0.0049520826 0.0
0.30155619 -0.0049742619 0.0
0.32688299 -0.0045231655 0.0
0.3068581 -0.0056391472 0.0
0.31493464 -0.0039997004 0.0
0.31092272 -0.0034717465 0.0
0.27607808 -0.0018371286 0.0
0.28377182 -0.0026348527 0.0
0.30787145 -0.0034012439 0.0
0.29634074 -0.0044291192 0.0
0.33214333 0.0010828831 0.0
0.32997669 -0.0022467387 0.0
0.27606725 -0.0037523244 0.0
0.29153572 -0.0037544521 0.0
0.33597981 -0.0012526564 0.0
0.34387465 -0.0014155838 0.0
0.34528477 -0.001696725 0.0
0.35112087 -0.0018005196 0.0
0.30652053 -0.00047916111 0.0
0.32061628 -0.0013594264 0.0
0.29033954 0.0005996295 0.0
0.28605812 0.0013145459 0.0
0.31662357 -0.00062804216 0.0
0.33704781 -0.00073063632 0.0
0.31636451 0.00022855279 0.0
0.33557599 -0.0012682218 0.0
0.10052318 -0.00052257289 0.0
0.14299011 -0.0040829847 0.0
0.1472121 -0.0012560218 0.0
0.051631941 -0.0011274328 0.0
0.11677702 -0.0034254522 0.0
0.046449486 -0.001462047 0.0
0.13504279 -0.0021804327 0.0
0.026358548 -0.00013099863 0.0
0.11189827 0.00054665224 0.0
0.11047366 -0.0024228557 0.0
0.050852155 -0.00055681547 0.0
0.085942459 -0.0028622257 0.0
0.051070332 -0.001839177 0.0
0.10825809 -0.0013996907 0.0
0.29168663 -0.0011568241 0.0
0.27899408 -0.002800125 0.0
0.31004373 -2.673508e-05 0.0
0.26356443 -0.0028821515 0.0
0.26414957 -0.0030772362 0.0
0.2881076 -0.0013770115 0.0
0.2486929 -0.0028603839 0.0
0.23474457 -0.0032849908 0.0
0.24939957 -0.0036781512 0.0
0.23469247 -0.0043296552 0.0
0.31198877 0.00094124737 0.0
0.26505927 -0.0018241272 0.0
0.29252622 -0.00074119185 0.0
0.27080511 -0.0015502119 0.0
0.30945251 -0.0018819514 0.0
0.3104919 -0.0016760712 0.0
0.26456126 -0.0026861709 0.0
0.2521325 -0.0023929241 0.0
0.3376945 8.7711844e-05 0.0
0.3342313 -0.0010302801 0.0
0.32563175 -0.0013239072 0.0
0.33735832 0.00090164452 0.0
0.33452644 0.00043110771 0.0
0.33703032 0.0012193889 0.0
0.33449802 -0.0016671947 0.0
0.33504604 0.00023962896 0.0
0.33006827 -0.0023995288 0.0
0.32703925 -0.0018975457 0.0
0.32858323 -0.00032772402 0.0
0.33120801 0.0020171097 0.0
0.30950318 -0.0034556154 0.0
0.32716847 -0.0014842758 0.0
0.33666944 0.0029887529 0.0
0.33940799 0.0033879048 0.0
0.33069507 -0.00046032616 0.0
0.3342032 0.0018625295 0.0
0.33599926 0.001517002 0.0
0.3387139 0.0024864995 0.0
0.33889051 0.0038880546 0.0
0.33933428 0.003606014 0.0
0.33849388 0.0026148591 0.0
0.33996873 0.0027155288 0.0
0.340424 0.0016547396 0.0
0.3395461 0.0019176404 0.0
0.34076363 0.0014042747 0.0
0.34035618 0.00046958324 0.0
0.34007512 0.0016766551 0.0
0.34142484 0.00059282591 0.0
0.3278665 0.0011867596 0.0
0.33739526 0.0061775445 0.0
0.33328037 0.002609304 0.0
0.33713326 0.0023831078 0.0
0.33132852 0.0014722439 0.0
0.33631722 0.0081968829 0.0
0.3342682 0.0024051278 0.0
0.33712382 0.0046362443 0.0
0.33428197 0.0069880935 0.0
0.33835613 0.0044692263 0.0
0.33705827 0.0041978698 0.0
0.33853524 0.0043557072 0.0
0.33683627 0.0051282671 0.0
0.33842615 0.0044106894 0.0
0.34019721 0.0024143014 0.0
0.3336365 0.0023574676 0.0
0.3323915 0.00020748153 0.0
0.32793587 0.00048023921 0.0
0.33924524 0.0027782567 0.0
0.33839256 0.0034283563 0.0
0.33311161 0.0043460695 0.0
0.33526358 0.0042625185 0.0
0.34060667 0.0014239498 0.0
0.33689656 0.0012294397 0.0
0.33766755 0.00095242687 0.0
0.34037742 0.00086142363 0.0
0.33166317 -0.0011838136 0.0
0.33089692 -0.00069852258 0.0
0.32519513 -0.0010525754 0.0
0.32947434 0.0031166202 0.0
0.33759308 0.005189145 0.0
0.3372203 0.0047756996 0.0
0.3373675 0.0054005227 0.0
0.33427592 0.0059738639 0.0
0.33307728 0.0050225737 0.0
0.33794115 0.0035229888 0.0
0.33752509 0.005855197 0.0
0.33558118 0.0037331434 0.0
0.32652253 0.0036411587 0.0
0.33203637 0.0032875532 0.0
0.3378566 0.0054829529 0.0
0.33669157 0.0062511848 0.0
0.33806922 0.0047929484 0.0
0.33662459 0.0054243645 0.0
0.33718639 0.0071847789 0.0
0.33332081 0.0064198581 0.0
0.32867283 -0.0018822389 0.0
0.31660367 -0.0033422742 0.0
0.29988766 -0.0025814005 0.0
0.32283462 -0.0011281714 0.0
0.32864524 -0.0017658776 0.0
0.3214406 -0.0020018502 0.0
0.328513 0.00022159122 0.0
0.32985637 0.0027045412 0.0
0.32648139 0.0050181486 0.0
0.32657055 0.0036268122 0.0
0.31776191 0.0027157022 0.0
0.32271769 0.00091773491 0.0
0.33586949 0.0019657801 0.0
0.33569065 0.0039770334 0.0
0.32641783 0.0023252243 0.0
0.33655202 0.0078698983 0.0
0.32285585 -0.0027573838 0.0
0.32322856 -0.002604253 0.0
0.31144297 -0.002280588 0.0
0.31655738 -0.0021449603 0.0
0.32303075 -0.00044216937 0.0
0.31107137 -0.00078985542 0.0
0.32484087 0.0014502227 0.0
0.33483935 0.0039916414 0.0
0.32528613 0.0057345083 0.0
0.31617708 0.0041941896 0.0
0.31721272 0.0030544148 0.0
0.32907334 0.0027819225 0.0
0.33176949 0.0035676421 0.0
0.33778483 0.0029552229 0.0
0.33823548 0.002465003 0.0
0.33952018 0.0033872144 0.0
0.32250184 -0.0034342104 0.0
0.30546379 -0.0043768361 0.0
0.048130088 -0.0049713718 0.0
0.3252055 0.0010097388 0.0
0.30237934 -0.0028083278 0.0
0.30200509 -0.0027475185 0.0
0.33006478 0.0023154003 0.0
0.33324589 0.0039311063 0.0
0.33558337 0.0030114834 0.0
0.33270862 0.0032412986 0.0
0.31091576 0.0027335825 0.0
0.29265367 0.0016506564 0.0
0.33046603 0.0023872841 0.0
0.33353197 0.0027684312 0.0
0.32555261 0.0010886624 0.0
0.33614657 0.0018219614 0.0
0.31165166 -0.0031444369 0.0
0.23488726 -0.00034770024 0.0
0.31594669 -0.0019768229 0.0
0.33439074 0.008560629 0.0
0.30256915 0.00127484 0.0
0.30625022 0.00096794792 0.0
0.28975437 -0.0039637027 0.0
0.16662399 -0.0039507324 0.0
0.32304458 0.0014479386 0.0
0.33689749 0.0080287748 0.0
0.32162208 -7.0190725e-06 0.0
0.31815769 0.00046614813 0.0
0.31571948 -0.0031291499 0.0
0.28612772 -0.0023335249 0.0
0.30966963 -0.0041664581 0.0
0.30460938 -0.0031027917 0.0
0.2889099 -0.0031716234 0.0
0.3116344 0.00088380644 0.0
0.32960124 0.0043670707 0.0
0.31626176 0.0004288529 0.0
0.33565779 0.0052539061 0.0
0.32781641 0.0074822074 0.0
0.3217326 -0.0022538808 0.0
0.32127966 -0.0030080939 0.0
0.32498519 0.0030259555 0.0
0.15203941 -0.004740841 0.0
0.31051555 -0.0006267922 0.0
0.32593345 0.0028763068 0.0
0.30677506 0.00050071045 0.0
0.027464635 0.0009574845 0.0
0.33507234 -0.001736212 0.0
0.31229376 0.0015004409 0.0
0.04131114 0.00049145856 0.0
0.32246128 0.0021397758 0.0
0.12123663 -0.0015051142 0.0
0.031411687 0.0011381301 0.0
0.055781173 0.0028045062 0.0
0.097318024 -0.0019849779 0.0
0.030233286 -0.0026768464 0.0
0.022539229 -0.0014747093 0.0
0.046903196 -0.0047291339 0.0
0.082068509 -0.00299533 0.0
0.057788305 0.0014412689 0.0
0.031659273 9.2278158e-05 0.0
0.05556925 -0.0053878498 0.0
0.11712315 -0.0017865354 0.0
0.023810204 0.0027039878 0.0
0.048049547 -0.00094205745 0.0
0.090522349 -0.00086759155 0.0
0.042623272 0.0041709239 0.0
0.091270411 -0.0022318463 0.0
0.11402318 -0.0018173672 0.0
0.3298516 -0.002574172 0.0
0.31875265 -0.0022519367 0.0
0.35093224 -0.0085057712 0.0
0.34569681 -0.0085580878 0.0
0.18649548 -0.0079285121 0.0
0.17642477 0.0001836665 0.0
0.095953053 -0.0028927456 0.0
0.22704505 -0.0056327983 0.0
0.22934866 -0.003237486 0.0
0.19855333 -0.0043182328 0.0
0.18140527 -0.0029778999 0.0
0.34833564 -0.015548686 0.0
0.35191198 -0.016421743 0.0
0.11030275 0.0055932504 0.0
0.1980788 0.00037483755 0.0
0.15805842 0.0035972566 0.0
0.16835323 0.0025159486 0.0
0.16253839 0.0050541319 0.0
0.10998274 0.0014675455 0.0
0.32492446 -0.014000953 0.0
0.087194519 0.0012612498 0.0
0.15974121 0.0017969029 0.0
0.0239793 -0.0011869425 0.0
0.11367718 -0.0021950598 0.0
0.11535004 0.00095246959 0.0
0.3360911 -0.01876527 0.0
0.014629907 -0.00057089444 0.0
0.35286179 -0.021846015 0.0
0.082240665 0.0015859753 0.0
0.014912729 -0.00036940865 0.0
0.16812885 -0.00080618768 0.0
0.19956768 0.00074419419 0.0
0.11371869 0.0024726953 0.0
0.058262105 -0.0015738573 0.0
0.037725319 0.0021428204 0.0
0.13196802 -0.00061862673 0.0
0.22307621 0.0010912459 0.0
0.10492277 0.0026977482 0.0
0.29414565 0.00021779165 0.0
0.13474697 -0.0027128403 0.0
0.065057606 0.0043910678 0.0
0.29321122 -0.0009104752 0.0
0.061303338 0.0036054314 0.0
0.30599469 0.0032289281 0.0
0.32527148 0.0086015732 0.0
0.069382722 -0.0037213356 0.0
0.056099225 -0.001057936 0.0
0.26120298 0.0019278226 0.0
0.15947412 0.0010132361 0.0
0.33059014 0.0073000492 0.0
0.28300018 0.00028895252 0.0
0.30025713 0.001459303 0.0
0.31200569 0.0029859065 0.0
0.19822432 0.0068268743 0.0
0.15981536 0.0040602142 0.0
0.34118439 -0.01032615 0.0
0.33862654 -0.012095089 0.0
0.12151435 0.0036829118 0.0
0.030193127 -0.0012323914 0.0
0.12688989 0.0041806188 0.0
0.24408889 0.00091970172 0.0
0.2535227 -0.0073585233 0.0
0.34922399 -0.010670999 0.0
0.19813904 0.0035275122 0.0
0.21375615 -0.00056266726 0.0
0.2404809 0.001694059 0.0
0.019508945 -0.0012931026 0.0
0.21527346 0.00058178481 0.0
0.056268493 -0.0012821534 0.0
0.1843818 -0.005440821 0.0
0.037953001 -0.00018587676 0.0
0.32651992 0.0076484405 0.0
0.32696979 0.0079186421 0.0
0.33658116 0.0085239371 0.0
0.33661399 0.011515148 0.0
0.33730359 0.0072665132 0.0
0.33296164 0.0054966549 0.0
0.31031134 0.0041233838 0.0
0.33381817 0.012601481 0.0
0.33402873 0.0072217824 0.0
0.3365054 0.0067226869 0.0
0.33734546 0.0067328607 0.0
0.33539819 0.0069995762 0.0
0.33266135 0.0098570077 0.0
0.33602556 0.0097680588 0.0
0.33712815 0.009015377 0.0
0.33603228 0.013260261 0.0
0.33523757 0.009055386 0.0
0.33682902 0.009710804 0.0
0.33628138 0.0069879495 0.0
0.3355097 0.0086720503 0.0
0.33500798 0.0074206084 0.0
0.31598528 0.0040771912 0.0
0.33366811 0.0087595208 0.0
0.33537388 0.010467864 0.0
0.32970004 0.0056703532 0.0
0.31736369 0.0018464513 0.0
0.33496176 0.011299377 0.0
0.33680866 0.010431376 0.0
-0.0038199139 -0.0020774734 0.0
-0.0036646421 0.0015175705 0.0
-0.00034836231 0.00047996201 0.0
-0.0014979909 9.6879208e-05 0.0
-0.0018528059 0.0006776505 0.0
-0.0005000592 -1.8761264e-05 0.0
-0.00020722233 0.00011323035 0.0
-0.00069918613 5.9359191e-05 0.0
-9.7364239e-05 -1.9028087e-06 0.0
-0.00048556439 0.00036964842 0.0
-0.0002238822 -0.0001809758 0.0
0.30440972 -0.0045472609 0.0
0.28881185 -0.0048563813 0.0
0.17372669 -0.0036339797 0.0
0.14278281 -0.0029373496 0.0
0.18817732 -0.0035666386 0.0
0.11772435 -0.0020389858 0.0
0.18902085 -0.0036693461 0.0
0.1456356 -0.0021947691 0.0
0.21986927 -0.0041676275 0.0
0.19141562 -0.0035540061 0.0
0.060971566 -0.0013407019 0.0
0.1411105 -0.0019007144 0.0
0.22653794 -0.003659817 0.0
0.25308088 -0.001584971 0.0
0.043180139 -0.00084577175 0.0
0.10391281 0.0018057933 0.0
0.14554483 0.00021302218 0.0
0.021701253 -0.00075962634 0.0
0.069383973 -0.0025904923 0.0
0.34086705 -0.0040072597 0.0
0.33629321 -0.0041434843 0.0
0.3415813 -0.0040993417 0.0
0.33258907 -0.004338139 0.0
0.24123781 -0.0049753253 0.0
0.22186262 -0.0039174898 0.0
0.31428063 -0.003558294 0.0
0.3237301 -0.0041220137 0.0
0.31987037 -0.0033785811 0.0
0.31767093 -0.00382097 0.0
0.23109612 -0.0017366471 0.0
0.2569391 -0.0021034667 0.0
0.29665852 -0.0033290341 0.0
0.29600326 -0.0039395458 0.0
0.26446585 -0.0021755078 0.0
0.23893805 -0.0037535215 0.0
0.097112521 0.00078215598 0.0
0.14606945 -0.0033694266 0.0
0.10244179 0.0054507986 0.0
0.032988748 -0.0011894472 0.0
0.13588841 -0.0017935529 0.0
0.14253874 -0.0035759223 0.0
0.083757206 0.0028282367 0.0
0.31328287 -0.005132108 0.0
0.31743403 -0.0048583016 0.0
0.32906833 -0.0045118884 0.0
0.32073108 -0.0045536512 0.0
0.28998024 -0.0044122657 0.0
0.31063023 -0.0041364847 0.0
0.3191633 -0.0035034033 0.0
0.32358719 -0.0039834596 0.0
0.32287445 -0.0028541871 0.0
0.32568101 -0.0027940809 0.0
0.31408631 -0.0037119215 0.0
0.32252678 -0.0035537623 0.0
0.25940883 -0.0039434076 0.0
0.28912574 -0.0043629158 0.0
0.23974954 -0.001856191 0.0
0.22470309 -0.0020278106 0.0
0.27612195 -0.0047384604 0.0
0.28817405 -0.003462316 0.0
0.26787405 -0.0050976985 0.0
0.28446238 -0.0032136749 0.0
0.30442152 -0.0032528601 0.0
0.29371278 -0.00395843 0.0
0.27282895 -0.0024747528 0.0
0.27430724 -0.0028671777 0.0
0.26988307 -0.0038644583 0.0
0.25315557 -0.0027530534 0.0
0.24079251 -0.0026922866 0.0
0.23962061 -0.0018164848 0.0
0.15393202 -0.001659985 0.0
0.24350656 -0.0029286861 0.0
0.24559822 -0.0025039803 0.0
0.070146898 5.4038682e-05 0.0
0.21203912 -0.0026607833 0.0
0.20574226 -0.0025976663 0.0
0.17385125 0.0019809602 0.0
0.30166619 -0.001020624 0.0
0.20566451 0.0010422426 0.0
0.23554665 -0.00048766356 0.0
0.35240362 -0.0021095651 0.0
0.34945316 -0.0020324142 0.0
0.26566202 -0.0028374155 0.0
0.23669818 -0.0047648846 0.0
0.22775309 -0.0036381054 0.0
0.18944306 -0.0036125308 0.0
0.31472701 -0.0004477419 0.0
0.32520444 -0.00045788886 0.0
0.3306037 -4.750778e-05 0.0
0.32021498 -0.00032455722 0.0
0.31303402 0.00062109157 0.0
0.29713881 0.00055067992 0.0
0.2964816 -0.00051843199 0.0
0.26035818 -0.0010599742 0.0
0.27415572 -0.0012715967 0.0
0.28768115 -0.0012884445 0.0
0.33228781 -0.0024600056 0.0
0.32583248 -0.0031744555 0.0
0.33691065 0.0052196139 0.0
0.33672592 0.0066596751 0.0
0.33007942 0.0040158639 0.0
0.3324755 0.0046187379 0.0
0.33025733 0.005373228 0.0
0.33498033 0.0059465776 0.0
0.32719852 0.0052566806 0.0
0.33102742 0.0073450515 0.0
0.33219116 0.0060247117 0.0
0.33228182 0.0066801022 0.0
0.28176081 0.0012386961 0.0
0.3072338 0.0008914354 0.0
0.31868393 0.0014908661 0.0
0.31772594 0.0021323087 0.0
0.32014768 0.0028446714 0.0
0.3055215 0.0015304947 0.0
0.32639488 8.851138e-05 0.0
0.33376377 0.0013413754 0.0
0.33687246 0.0012290397 0.0
0.33452322 0.0016720175 0.0
0.3339357 0.00058026378 0.0
0.32647333 0.00064949018 0.0
0.32130451 0.00033036327 0.0
0.31906422 0.00023981241 0.0
0.31141083 0.0018145425 0.0
0.33076732 0.0077447752 0.0
0.092467247 -0.0054811318 0.0
0.056620097 0.005016972 0.0
0.15786146 -0.0020756262 0.0
0.11085278 3.6688941e-05 0.0
0.11456828 0.00034177796 0.0
0.055413597 -0.0025413011 0.0
0.14270174 0.0019600582 0.0
0.098201493 0.0030669266 0.0
0.12817132 -0.0064681979 0.0
0.13957701 -0.00030579252 0.0
0.2202478 -0.0014509352 0.0
0.25722389 -0.0041872661 0.0
0.27771756 -0.0042871964 0.0
0.26149052 -0.0042823939 0.0
0.080313735 0.0027972021 0.0
0.13195819 0.0060590782 0.0
0.35739172 -0.015742797 0.0
0.33160446 -0.011193219 0.0
0.32343873 -0.011807193 0.0
0.30293034 -0.0088493242 0.0
0.338119 -0.012340681 0.0
0.33181806 -0.01092418 0.0
0.28062516 -0.0088801571 0.0
0.2043417 -0.0056060188 0.0
0.34387271 -0.012421062 0.0
0.29895137 -0.010042553 0.0
0.35264918 -0.01293764 0.0
0.34814168 -0.014259477 0.0
0.22314834 0.00069031072 0.0
0.28040887 -0.0095982539 0.0
0.35767675 -0.014812739 0.0
0.35248685 -0.015042953 0.0
0.33666369 -0.014224437 0.0
0.34295334 -0.013677234 0.0
0.3301488 -0.012665484 0.0
0.26475703 0.00051240284 0.0
0.35312042 -0.012468206 0.0
0.35224689 -0.014757594 0.0
0.355836 -0.013004335 0.0
0.35352687 -0.013697699 0.0
0.35729359 -0.012901432 0.0
0.35773055 -0.014095092 0.0
0.30106186 -0.010207841 0.0
0.25773161 -0.0077792599 0.0
0.24979541 -0.0047195873 0.0
0.063096855 0.0071871685 0.0
0.32022059 -0.012134084 0.0
0.28082505 -0.0099936156 0.0
0.33059359 -0.012309483 0.0
0.26489424 -0.008651903 0.0
0.3269055 -0.013734455 0.0
0.276299 -0.0084673181 0.0
0.33372431 -0.014759614 0.0
0.32589432 -0.00053509167 0.0
0.25703511 -0.0060755182 0.0
0.2683439 0.0018042075 0.0
0.32692922 -0.013357089 0.0
0.28175603 0.00050678271 0.0
0.3087444 -0.011366052 0.0
0.29079356 -0.0012251608 0.0
0.34270935 -0.014013635 0.0
0.33535416 -0.013468433 0.0
0.25892807 0.0022620843 0.0
0.24233698 0.0013798668 0.0
0.30864935 -0.0015747017 0.0
0.2803321 -0.008085457 0.0
0.24614373 0.002046922 0.0
0.29015502 -0.0011377971 0.0
0.2728983 -0.0079974078 0.0
0.030424552 0.0013667403 0.0
0.27547268 -0.0079413206 0.0
0.30277241 -0.010841061 0.0
0.31532775 -0.010304392 0.0
0.31241714 -0.011345943 0.0
0.32377334 -0.011185251 0.0
0.32781646 -0.010415635 0.0
0.2345043 -0.0054393436 0.0
0.32020001 -0.011808857 0.0
0.32388869 -0.0015550392 0.0
0.29890621 -0.0099583862 0.0
0.27804465 -9.0263573e-05 0.0
0.27720338 -0.0080701979 0.0
0.29928513 0.00013774885 0.0
0.29716367 -0.0014863168 0.0
0.23792929 0.0006875845 0.0
0.30783137 -0.0018852884 0.0
0.079945131 -0.0066185074 0.0
0.28166172 0.00065837707 0.0
0.13933231 -0.0060082985 0.0
0.071376253 -0.0054168453 0.0
0.033414375 -0.00011360698 0.0
0.062257453 -0.0060093718 0.0
0.093912895 -0.0052170027 0.0
-0.0012226502 -0.00096631135 0.0
-0.0027621815 0.0071272858 0.0
0.016207002 0.00077266014 0.0
-0.0010710003 -0.0061404281 0.0
0.050711465 -0.0010623828 0.0
0.0028938432 0.0024950507 0.0
-0.00060887487 0.0095009876 0.0
-0.006390249 0.00023439078 0.0
0.0058458391 -0.0014038606 0.0
0.034444098 -0.00035695804 0.0
0.011690363 0.0024267964 0.0
0.006687889 -0.0063302717 0.0
0.0383384 0.0009666861 0.0
0.1373849 -0.0042266884 0.0
0.014597098 0.0026909081 0.0
-0.0049568396 -0.0071450381 0.0
-0.0035927148 -0.0065118358 0.0
0.058863944 0.007607759 0.0
-0.004121206 -0.0016547847 0.0
0.010524388 -0.0081875742 0.0
-0.00034877709 -0.00020292917 0.0
-0.0002091741 4.1420979e-05 0.0
-0.00082767567 -0.0031071586 0.0
-0.0026229271 -0.0097357915 0.0
0.019703877 -0.0030582886 0.0
-0.0010198957 -0.00039288893 0.0
-0.0062119388 -0.0038292403 0.0
-0.001739894 -0.00058593272 0.0
-0.00085584809 -0.0028381966 0.0
-0.0065180398 -0.0015257385 0.0
-0.0035262439 -0.004925609 0.0
-9.0387921e-05 -0.00060904387 0.0
-0.0018507721 -0.0034479267 0.0
-0.0017058538 -0.009178255 0.0
-0.00028855288 -0.00081773662 0.0
0.0038917797 -0.010018578 0.0
-0.0048594446 -0.0076283487 0.0
0.083073162 -0.003529317 0.0
0.16168625 -0.0066303725 0.0
0.13548283 -0.0064245057 0.0
0.12935147 -0.006259573 0.0
0.019536594 -0.00037137957 0.0
-0.002482038 -0.00076545237 0.0
-0.0020964139 -0.0061883721 0.0
0.00023499637 -0.009883679 0.0
-0.0012210284 -0.0016702178 0.0
0.00043321898 -0.0061597259 0.0
-6.3988831e-05 -2.9455604e-05 0.0
-0.0021041708 -0.0023748322 0.0
-0.00058550695 -0.00050503738 0.0
-0.0047589337 -0.0037657852 0.0
-0.0041065716 -0.0019807952 0.0
-0.00037329332 -0.00013368361 0.0
-0.00016761589 -0.00026484865 0.0
-0.0037680702 0.002865587 0.0
-0.00079240865 0.00039614853 0.0
0.074361861 -0.0007063192 0.0
0.14259094 0.0020898474 0.0
0.12454766 0.0028352398 0.0
0.12090697 0.0036929279 0.0
0.1354014 -0.0040692001 0.0
0.028491479 0.0016930364 0.0
0.19370597 -0.0013854406 0.0
0.19611343 3.3509436e-05 0.0
0.11206922 0.0023949881 0.0
0.029142333 0.0020097784 0.0
0.010617938 -0.0048218472 0.0
-0.0058473592 -0.0079081228 0.0
0.046561458 -3.6296115e-05 0.0
-0.00020457369 -0.011663579 0.0
0.33495299 0.013396388 0.0
0.3179387 0.0094566328 0.0
-0.0014683326 0.0035263153 0.0
-0.0014494294 0.00089048367 0.0
-0.00067925248 0.0016607269 0.0
-0.00049514773 0.00085161673 0.0
-1.8620925e-05 3.3879767e-05 0.0
0.14419664 -0.002053377 0.0
0.17448894 -0.0037865248 0.0
0.15571305 -0.0032957825 0.0
0.11293648 -0.0056391848 0.0
0.13543557 -0.0031260036 0.0
0.12017129 -0.0014955806 0.0
0.049143637 0.0021800012 0.0
0.084023559 -0.0033763137 0.0
0.32300696 0.00095949211 0.0
0.31630189 0.001059146 0.0
0.28191388 0.00075892038 0.0
0.27613029 -0.0015067001 0.0
0.32507599 0.0057857662 0.0
0.32380909 0.0064134302 0.0
0.33312327 0.0091962708 0.0
0.33378201 0.0072954508 0.0
0.32992586 0.0018481055 0.0
0.32612819 0.0011768567 0.0
0.32244637 0.001935787 0.0
0.31961776 0.00069735938 0.0
0.3106889 -0.0016219341 0.0
0.31720276 -0.00030190175 0.0
0.25168904 -0.0032674963 0.0
0.30467242 -0.00049917657 0.0
0.31631521 -0.00081022604 0.0
0.30929573 -0.0015458552 0.0
0.31792371 -0.0014913154 0.0
0.31015226 -0.0022389696 0.0
0.28893402 -0.0028323221 0.0
0.30281595 -0.0016204066 0.0
0.21117742 -0.0029589063 0.0
0.31165852 -5.6239727e-05 0.0
0.30081646 -0.0025512659 0.0
0.2719927 -0.0027939148 0.0
0.30506539 -0.0021998647 0.0
0.27272584 -0.0020564109 0.0
0.298098 0.0078079622 0.0
0.30659921 0.00074656594 0.0
0.28885661 -0.0018132723 0.0
0.29890759 -0.00063603652 0.0
0.29835534 1.5299466e-05 0.0
0.31134807 -8.4470898e-06 0.0
0.31367853 -0.0004461772 0.0
0.30505339 -0.0008552009 0.0
0.23447726 -0.0028641652 0.0
0.28110365 0.00013803958 0.0
0.28885962 -0.00051035164 0.0
0.30067656 0.00020446087 0.0
0.2837702 0.00092974301 0.0
0.3023118 0.00026114016 0.0
0.3015083 0.00065584641 0.0
0.31106266 0.0011946324 0.0
0.28869324 -0.00016988831 0.0
0.29052817 0.00030433638 0.0
0.3168208 0.0023958999 0.0
0.31565822 0.0010395053 0.0
0.26786109 -0.0018105431 0.0
0.26337223 -0.0010321024 0.0
0.2945805 0.0020022675 0.0
0.30308632 0.00077358935 0.0
0.2821202 -0.0010105662 0.0
0.30159366 0.0010682872 0.0
0.26020425 0.00015797335 0.0
0.25563923 0.00078216621 0.0
0.28391421 0.0013761384 0.0
0.30567295 0.0029118007 0.0
0.29026429 -2.0393655e-05 0.0
0.26791379 0.0011580604 0.0
0.25414635 -0.00085923494 0.0
0.23411849 0.0018916356 0.0
0.26789969 0.00086886181 0.0
0.27486085 0.00049434099 0.0
0.25321469 0.00070337914 0.0
0.23373723 -0.00076191333 0.0
0.32849252 0.018879061 0.0
0.32104118 0.0057937849 0.0
0.26554585 -0.00032870424 0.0
0.293664 0.0030623936 0.0
0.29756205 0.00384863 0.0
0.33209609 0.011073584 0.0
0.29646694 0.00084147417 0.0
0.31095051 0.0027222949 0.0
0.23521302 -0.00082963006 0.0
0.14418908 -0.0015084891 0.0
0.26483087 -0.001820352 0.0
0.23239706 -0.0022088811 0.0
0.2054065 -0.0027616108 0.0
0.20161189 -0.0014632282 0.0
0.24121775 -0.001308631 0.0
0.23554578 -0.001896685 0.0
0.213679 -0.0015931717 0.0
0.21318985 -0.0016848339 0.0
0.13478613 -0.0015853082 0.0
0.25775755 -0.0020065373 0.0
0.11693412 -0.0026667119 0.0
0.13547081 0.00078999982 0.0
0.067963026 -0.0010515412 0.0
0.056710755 -0.002860324 0.0
0.13953361 0.0019058715 0.0
0.23094233 -0.0019775188 0.0
0.24013855 -0.0026680319 0.0
0.21423629 -0.0011100571 0.0
0.17564028 7.9052935e-05 0.0
0.21742789 -0.0010954119 0.0
0.23494627 0.00053244416 0.0
0.18744854 -0.0042789364 0.0
0.14335141 -0.0023365705 0.0
0.18037103 -0.00097754004 0.0
0.16926127 0.0024548908 0.0
0.071513937 0.0027184439 0.0
0.18883014 0.0015969695 0.0
0.3559085 -0.016905241 0.0
0.35599509 -0.015577095 0.0
0.35573714 -0.01468372 0.0
0.35259315 -0.015568732 0.0
0.32520546 -0.013095236 0.0
0.33575037 -0.013303993 0.0
0.35189635 -0.015706263 0.0
0.3440077 -0.015565958 0.0
0.35695606 -0.016878914 0.0
0.28238771 -0.012290588 0.0
0.34360751 -0.015163602 0.0
0.33710205 -0.01517779 0.0
0.34470403 -0.014744122 0.0
0.3521929 -0.016461127 0.0
0.35351707 -0.018418837 0.0
0.28352789 -0.012440145 0.0
0.34928726 -0.017337617 0.0
0.28467828 -0.011270127 0.0
0.32013302 -0.0087549779 0.0
0.33548535 -0.0094452346 0.0
0.31827297 -0.011103348 0.0
0.31771402 -0.0095214026 0.0
0.31642334 -0.0092641449 0.0
0.32997332 -0.0093015088 0.0
0.27808656 -0.0079368604 0.0
0.30758814 -0.0088322529 0.0
0.33602905 -0.0097599915 0.0
0.34115776 -0.010592706 0.0
0.32688504 -0.0085939848 0.0
0.34575325 -0.010200317 0.0
0.23024067 -0.0056322538 0.0
0.27721145 -0.0054871765 0.0
0.31795201 -0.0079487198 0.0
0.31953725 -0.0082833691 0.0
0.34557857 -0.0088302172 0.0
0.34531411 -0.0099475163 0.0
0.33868551 -0.0087917019 0.0
0.33898709 -0.0093142938 0.0
0.33120062 -0.0085854067 0.0
0.32607811 -0.0086472421 0.0
0.30004832 -0.0087084913 0.0
0.28570931 -0.007206801 0.0
0.30166926 -0.0087104892 0.0
0.28569992 -0.0077970549 0.0
0.30285303 -0.0097836893 0.0
0.27244706 -0.0074394829 0.0
0.30839958 -0.0087069439 0.0
0.29866761 -0.0076672413 0.0
0.27679678 -0.007153934 0.0
0.30011694 -0.0085691873 0.0
0.26318176 -0.0057384308 0.0
0.27677386 -0.0059094185 0.0
0.13830767 -0.003394848 0.0
0.14579647 -0.00096349034 0.0
0.26297723 -0.0058229127 0.0
0.24488474 -0.0058168117 0.0
0.27513171 -0.0078030233 0.0
0.23369205 -0.0059576865 0.0
0.20022616 -0.0028616468 0.0
0.23189486 -0.0039779401 0.0
0.25136674 -0.0053473895 0.0
0.14653414 -0.00029060358 0.0
0.019064802 0.0023138473 0.0
0.098570444 -0.00064402531 0.0
0.16618246 -0.003168424 0.0
0.17015113 -0.0016215934 0.0
0.20836364 -0.0056801395 0.0
0.16970475 -0.0051238828 0.0
0.22192235 -0.004088847 0.0
0.1837459 -0.004171829 0.0
0.18485133 -0.0056981191 0.0
0.24416734 -0.0051677607 0.0
0.19092249 -0.0047946425 0.0
0.18786675 -0.0021733525 0.0
0.22418404 -0.0049744733 0.0
0.20242904 -0.0052230949 0.0
0.30942511 -0.011605689 0.0
0.32409003 -0.013513892 0.0
0.30073113 -0.010917094 0.0
0.28981455 -0.0092897385 0.0
0.30631434 -0.012462626 0.0
0.26756435 -0.010024601 0.0
0.32037249 -0.013087702 0.0
0.27810807 -0.010959793 0.0
0.34800736 -0.018971669 0.0
0.27936117 -0.012648309 0.0
0.27108669 -0.010839848 0.0
0.25825352 -0.0079149152 0.0
0.3006615 -0.012473115 0.0
0.29014137 -0.0123877 0.0
0.31666503 -0.014102979 0.0
0.28573003 -0.011924983 0.0
0.30203456 -0.01357819 0.0
0.26637839 -0.010462293 0.0
0.30881088 -0.014208588 0.0
0.25316866 -0.0087359587 0.0
0.21920377 -0.0067068452 0.0
0.24753305 -0.0096269194 0.0
0.35518549 -0.017178034 0.0
0.30733018 -0.014559156 0.0
0.26709652 -0.010500962 0.0
0.24169772 -0.0092479543 0.0
0.31696644 -0.013434126 0.0
0.30340136 -0.013984794 0.0
0.308236 -0.014701014 0.0
0.17025187 -0.0070134992 0.0
0.055686829 -0.0004028809 0.0
0.20597592 -0.0063275332 0.0
0.33977364 -0.016310978 0.0
0.3224345 -0.015210678 0.0
0.30908521 -0.014911015 0.0
0.2844731 -0.012205958 0.0
0.32120493 -0.016398913 0.0
0.30222547 -0.01363239 0.0
0.3074671 -0.015415035 0.0
0.24508965 -0.0095267217 0.0
0.28480288 -0.012178253 0.0
0.25049708 -0.010137905 0.0
0.33521394 -0.017286425 0.0
0.32433409 -0.02644419 0.0
0.24995353 -0.0090058399 0.0
0.21019204 -0.0019594134 0.0
0.32259365 -0.016165772 0.0
0.32376918 -0.017935395 0.0
0.29671859 0.00079616807 0.0
0.27661616 0.0011459374 0.0
0.31839844 -0.00098761762 0.0
0.32028529 -0.0014508742 0.0
0.3033421 0.0011372236 0.0
0.27520372 0.00051127437 0.0
0.32161863 -0.00013481672 0.0
0.34081022 -0.0023424862 0.0
0.3426711 -0.0010685957 0.0
0.32849444 -0.0016180227 0.0
0.32124806 -0.00078533017 0.0
0.33168742 -0.0010248903 0.0
0.34880955 -0.0016639471 0.0
0.34456856 -0.0013201118 0.0
0.34399328 -0.0014603637 0.0
0.33673132 -0.0007110304 0.0
0.27421473 -5.3772069e-05 0.0
0.29281974 -0.00044870434 0.0
0.29579828 -0.0014750093 0.0
0.31634547 -0.0023880059 0.0
0.2779255 0.0011223685 0.0
0.30736894 -0.0017580365 0.0
0.076952942 0.0079513749 0.0
0.12047944 0.00062739829 0.0
0.12585642 0.0058713135 0.0
0.13736396 0.0052895635 0.0
-0.00055310341 0.0089756143 0.0
0.04381826 0.0032651464 0.0
-0.0038039853 0.0086320658 0.0
-0.0058559355 0.00069027686 0.0
-0.0042851964 -0.00077314653 0.0
-0.0047919331 0.0043958644 0.0
-0.0011941107 1.6517271e-05 0.0
-4.3078854e-05 -4.1778778e-05 0.0
-0.00023737412 -0.00025577939 0.0
-0.00027341666 0.0007390168 0.0
-0.00027485493 -2.6845834e-05 0.0
-0.001267149 -0.00025448538 0.0
-0.00051970873 -0.00014400954 0.0
-0.00016824453 0.00036716875 0.0
-0.0017482484 0.0012863676 0.0
-0.0006077652 2.4081028e-05 0.0
-0.00083756115 0.00072447769 0.0
-3.9777383e-05 4.7343975e-05 0.0
-0.0013715662 0.00028214991 0.0
-0.0031113095 0.00087270899 0.0
-7.230786e-05 3.5106008e-05 0.0
-0.0023173672 0.00080102665 0.0
-0.00035145064 0.0001841799 0.0
-0.00050771887 0.0017170825 0.0
-0.004024151 0.0018238182 0.0
-0.0027258209 0.0031453709 0.0
-0.0022577204 0.0041629424 0.0
-0.0015885878 0.0020372012 0.0
-0.000608455 0.0014891034 0.0
0.0041117398 0.0068309915 0.0
0.018611963 -0.0025214615 0.0
0.0018038334 -0.013148018 0.0
0.33630325 0.012123699 0.0
0.32903489 0.010792506 0.0
0.33325538 0.011918297 0.0
0.33496339 0.011271339 0.0
0.32976866 0.009872364 0.0
0.27771117 0.008176441 0.0
-0.0026885361 0.0039230988 0.0
-0.00032824675 0.00073574639 0.0
-0.00042677735 0.0013283398 0.0
-0.0018906598 0.0028384733 0.0
-0.00020878284 5.0165918e-05 0.0
-0.00085376024 0.00050844577 0.0
0.11602963 -0.0033029592 0.0
0.14041658 -0.0027785238 0.0
0.064329718 -0.0029947693 0.0
0.067902399 -0.0013250371 0.0
0.32963057 0.006487803 0.0
0.32718381 0.0066876811 0.0
0.30801661 0.0044651723 0.0
0.32712142 0.0096883179 0.0
0.32539058 0.0049963755 0.0
0.32770775 0.0092485968 0.0
0.3215377 0.0026466298 0.0
0.32017279 0.0045823197 0.0
0.32789039 0.0049773233 0.0
0.32787377 0.0063572774 0.0
0.32780114 0.0038680539 0.0
0.32446701 0.0041134801 0.0
0.28561454 -0.0026815005 0.0
0.28658128 -0.0029899375 0.0
0.21416162 -0.0036772885 0.0
0.24359395 -0.0026983385 0.0
0.3158675 0.0026258373 0.0
0.32208205 0.0040286878 0.0
0.266876 -0.0017817223 0.0
0.28090618 0.00030909698 0.0
0.30551218 0.0017198039 0.0
0.29415256 0.0015882506 0.0
0.28197351 0.0026110948 0.0
0.30600527 0.011877878 0.0
0.2818055 -0.00097213717 0.0
0.28964889 -0.0014802397 0.0
0.26902853 -0.0021195291 0.0
0.24267214 -0.0026308333 0.0
0.28769674 -0.0018898761 0.0
0.26276566 -0.001418449 0.0
0.28182798 -0.0014682114 0.0
0.26992317 -0.0015438544 0.0
0.1696168 0.00077257045 0.0
0.15287081 -8.739473e-05 0.0
0.17383876 -0.0038149538 0.0
0.13476333 0.0032787419 0.0
0.16095651 0.0027708346 0.0
0.16189371 0.0040074587 0.0
0.20916989 -0.0008421629 0.0
0.13802201 0.0029470745 0.0
0.15980963 -0.0008641479 0.0
0.11602252 0.0015939435 0.0
0.035362971 0.0025804485 0.0
0.18171917 -0.0035194187 0.0
0.20592033 -0.0020080463 0.0
0.35587384 -0.014178966 0.0
0.35770957 -0.014467451 0.0
0.35744551 -0.014308739 0.0
0.35687945 -0.015615575 0.0
0.34453171 -0.016710218 0.0
0.35664442 -0.018143471 0.0
0.32054637 -0.013180226 0.0
0.3337752 -0.014396462 0.0
0.30057558 -0.010225493 0.0
0.31951851 -0.01060718 0.0
0.25917028 -0.0068296664 0.0
0.28234205 -0.0057189872 0.0
0.16002797 -0.0025544046 0.0
0.22623913 -0.0055154795 0.0
0.14966897 -0.0017370088 0.0
0.1125443 -0.0017876358 0.0
0.20122235 -0.0044336818 0.0
0.16084684 -0.0047246342 0.0
0.045322308 0.0017590891 0.0
0.1661357 -0.0035517287 0.0
0.089149305 0.0026510226 0.0
0.14921756 -0.00042021076 0.0
0.10199211 -0.0066359329 0.0
0.31392129 -0.012107281 0.0
0.29075954 -0.0093431108 0.0
0.32469542 -0.014530046 0.0
0.30597274 -0.012599379 0.0
0.24743706 -0.0083175041 0.0
0.24762068 -0.0069528715 0.0
0.3540268 -0.017573024 0.0
0.35688268 -0.017638139 0.0
0.26397127 -0.010150549 0.0
0.24204419 -0.0096195978 0.0
0.18001662 -0.0054787722 0.0
0.084423561 -0.0003687767 0.0
0.26477011 -0.011170823 0.0
0.238525 -0.007862809 0.0
0.25632709 -0.011981764 0.0
0.088803304 -0.0062658726 0.0
0.33463118 -0.017577046 0.0
0.32511665 -0.017464225 0.0
0.33207059 -0.016180802 0.0
0.34490413 -0.018971209 0.0
0.3497119 -0.021181569 0.0
0.11805652 -0.0025402747 0.0
0.34184154 -0.0014003004 0.0
0.33047094 -0.00056274496 0.0
0.00087238561 0.0028984024 0.0
-0.0051932527 0.0065948315 0.0
0.0039398106 0.0072592016 0.0
-0.0026780926 0.006212305 0.0
0.019691827 0.00059685572 0.0
-0.0017754282 0.01015694 0.0
0.0062479595 0.006625671 0.0
-0.00068777299 0.011833091 0.0
0.02523662 -0.0039248092 0.0
-0.0049040668 0.00043833215 0.0
-0.0056624273 0.0037595896 0.0
-0.0064304464 0.0043352819 0.0
-0.0024849194 0.0099564308 0.0
-0.00030747034 0.002555124 0.0
-0.0010998813 0.0042510876 0.0
-0.0031452046 -0.0019060994 0.0
-0.0031951475 3.6705212e-06 0.0
0.33595119 0.013705566 0.0
0.33105787 0.024725127 0.0
0.3294358 0.017379035 0.0
0.32337264 0.0082526304 0.0
0.31246737 0.0072026752 0.0
0.3192458 0.010121047 0.0
0.32241227 0.0038025137 0.0
0.32451408 0.0059893197 0.0
0.21752394 -0.0029505495 0.0
0.164419 0.0018683002 0.0
0.3171877 0.0038827606 0.0
0.32077232 0.0038056605 0.0
0.31136054 0.0035066845 0.0
0.32412968 0.0076525347 0.0
0.30629245 0.0027528468 0.0
0.31263352 0.0047513113 0.0
0.31613323 0.0050208659 0.0
0.32004172 0.0084232304 0.0
0.29739193 0.0040299252 0.0
0.31497844 0.0053977074 0.0
0.3174701 0.0076781786 0.0
0.32001286 0.0064812657 0.0
0.30608584 0.0066356576 0.0
0.31300659 0.0067685738 0.0
0.31166285 0.0051463847 0.0
0.31465014 0.0064391555 0.0
0.30644716 0.0037213854 0.0
0.30976913 0.0066956173 0.0
0.30883545 0.0073223756 0.0
0.31649725 0.0094892786 0.0
0.31361044 0.0084885099 0.0
0.3254295 0.0098222891 0.0
0.30481075 0.010067701 0.0
0.31577724 0.011079478 0.0
0.32064096 0.0078075044 0.0
0.32457711 0.01052986 0.0
0.32016198 0.011373041 0.0
0.32821403 0.011051878 0.0
0.3172959 0.0091616231 0.0
0.32042993 0.0094856289 0.0
0.31340039 0.011016729 0.0
0.32103427 0.014236797 0.0
0.31003454 0.0090102209 0.0
0.31248537 0.0092668299 0.0
0.31227419 0.01179368 0.0
0.3176452 0.013049982 0.0
0.30975695 0.011263736 0.0
0.32603043 0.015248666 0.0
0.31259896 0.016733692 0.0
0.32070063 0.017714933 0.0
0.28891926 0.0054710581 0.0
0.31066322 0.018544519 0.0
0.31479974 0.017178509 0.0
0.32014687 0.015314199 0.0
0.3087545 0.0096479412 0.0
0.30887526 0.014135715 0.0
0.32480541 0.015758066 0.0
0.32429481 0.011447086 0.0
0.30363874 0.0081812668 0.0
0.30846606 0.012258241 0.0
0.30453157 0.012730245 0.0
0.33263441 0.022157208 0.0
0.32411289 0.016617469 0.0
0.32267536 0.013967945 0.0
0.32502238 0.018152214 0.0
0.32952898 0.01659595 0.0
0.32327766 0.013204601 0.0
0.31909313 0.01250204 0.0
0.33515622 0.025629535 0.0
0.31861269 0.023950489 0.0
0.31785377 0.015535261 0.0
0.31847792 0.019489692 0.0
0.30416985 0.014129952 0.0
0.31193761 0.017933202 0.0
0.32715431 0.022118145 0.0
0.32996485 0.026999061 0.0
0.30564532 0.0093395696 0.0
0.3044133 0.018035685 0.0
0.3167629 0.014052884 0.0
0.31926944 0.018460306 0.0
0.31244194 0.01336373 0.0
0.31716192 0.016396138 0.0
0.3158882 0.019286133 0.0
0.32319844 0.021241586 0.0
0.30747677 0.020406518 0.0
0.32138855 0.022121964 0.0
0.32905035 0.020762517 0.0
0.32360495 0.019667807 0.0
0.30111139 0.012830162 0.0
0.30489669 0.022897452 0.0
0.31498243 0.020019097 0.0
0.31547044 0.016456568 0.0
0.29652074 0.0068363291 0.0
0.30233572 0.0095244007 0.0
0.31480011 0.021481217 0.0
0.32063824 0.023470636 0.0
0.33243018 0.023878825 0.0
0.33252711 0.020782861 0.0
0.30790547 0.014914057 0.0
0.30434565 0.019255718 0.0
0.30152251 0.010516527 0.0
0.29198005 0.00709629 0.0
0.24881992 0.0022955493 0.0
0.32706812 0.023648172 0.0
0.3141798 0.02570285 0.0
0.32487718 0.026829452 0.0
0.30648077 0.015230491 0.0
0.30194127 0.015768104 0.0
0.29792853 0.0096398325 0.0
0.30361745 0.013134499 0.0
0.30977772 0.0324033 0.0
0.30007688 0.013265751 0.0
0.29966108 0.010447451 0.0
0.23665244 0.0015228808 0.0
0.32275165 0.037435361 0.0
0.33283959 0.017693036 0.0
0.32412022 0.035690684 0.0
0.30136371 0.016984057 0.0
0.2974515 0.0064658752 0.0
0.28790579 0.0062311497 0.0
0.30705986 0.022085494 0.0
0.31733759 0.025950356 0.0
0.29024144 0.0080376091 0.0
0.28473919 0.011095363 0.0
0.21829965 0.0024548753 0.0
0.32392148 0.028500531 0.0
0.32779227 0.041517107 0.0
0.30284251 0.020464765 0.0
0.33507485 0.018887689 0.0
0.33510531 0.022960401 0.0
0.27970432 0.00540614 0.0
0.3278611 0.036098431 0.0
0.32911363 0.03921952 0.0
0.32322497 0.032168975 0.0
0.32040787 0.044023099 0.0
0.32640976 0.025676458 0.0
0.31890868 0.035246072 0.0
0.31248616 0.027210143 0.0
0.32524998 0.029929716 0.0
0.29801725 0.013424164 0.0
0.29916219 0.022216824 0.0
0.29016666 0.0071580068 0.0
0.2953793 0.0038259266 0.0
0.28585737 0.0044078785 0.0
0.26120333 0.0017990516 0.0
0.26722183 0.0046248732 0.0
0.3131406 0.030006963 0.0
0.33147378 0.016253029 0.0
0.31295692 0.022488652 0.0
0.30918933 0.025760406 0.0
0.29847201 0.027754326 0.0
0.32868808 0.030735008 0.0
0.30107443 0.020027911 0.0
0.30972214 0.023732712 0.0
0.29671197 0.014313398 0.0
0.30385333 0.023916331 0.0
0.29693504 0.017348139 0.0
0.31718363 0.036304399 0.0
0.2938727 0.024590033 0.0
0.30059576 0.017752914 0.0
0.30241455 0.0056302112 0.0
0.26114179 0.0015797596 0.0
0.28322019 0.0074451608 0.0
0.33568731 0.030528706 0.0
0.29621856 0.0079726083 0.0
0.26228688 0.0039032404 0.0
0.29388227 0.013990967 0.0
0.24155406 0.0016215197 0.0
0.31833913 0.028208565 0.0
0.31560675 0.038190163 0.0
0.29153964 0.029232097 0.0
0.28211846 0.0025155417 0.0
0.32091526 0.041642118 0.0
0.32268815 0.023212361 0.0
0.27381827 0.0039053028 0.0
0.33320326 0.028623308 0.0
0.27498911 0.0034533324 0.0
0.21991407 0.0023482699 0.0
0.31955418 0.03341612 0.0
0.3351909 0.028504744 0.0
0.26810035 0.0020524575 0.0
0.2619798 0.002767744 0.0
0.2067188 -0.00074395626 0.0
0.30120588 0.038506394 0.0
0.2899914 0.044380455 0.0
0.29700608 0.0099356513 0.0
0.32254204 0.033407838 0.0
0.33016534 0.028644765 0.0
0.30759434 0.034727234 0.0
0.3289014 0.033692417 0.0
0.28728319 0.002943691 0.0
0.27361933 0.0030386323 0.0
0.24627933 0.0019840835 0.0
0.27872328 0.0058698714 0.0
0.23966124 0.0026845658 0.0
0.2485849 0.0028026519 0.0
0.29279597 0.01081278 0.0
0.27858306 0.006118504 0.0
0.29629104 0.011498799 0.0
0.33593914 0.032744255 0.0
0.33546154 0.027184235 0.0
0.33433375 0.026557703 0.0
0.33479532 0.022103709 0.0
0.31187803 0.03160672 0.0
0.31204761 0.039306569 0.0
0.30247755 0.019049673 0.0
0.335779 0.040882488 0.0
0.28398184 0.0021481656 0.0
0.27227542 0.0020705735 0.0
0.28811253 0.015644532 0.0
0.30445503 0.033685756 0.0
0.33343847 0.032661632 0.0
0.33424258 0.028902729 0.0
0.33438926 0.024108899 0.0
0.33514814 0.024079394 0.0
0.33501479 0.020895845 0.0
0.33354342 0.019379187 0.0
0.33443736 0.019722118 0.0
0.33569106 0.017041971 0.0
0.30731646 0.026497881 0.0
0.30292607 0.031053573 0.0
0.30188205 0.03549255 0.0
0.30958391 0.044341416 0.0
0.29231982 0.012404093 0.0
0.29450518 0.017173075 0.0
0.33341933 0.031011072 0.0
0.33414247 0.030791371 0.0
0.3322425 0.03316389 0.0
0.33296645 0.036095703 0.0
0.3158357 0.036007285 0.0
0.30733196 0.016095206 0.0
0.33327915 0.027226739 0.0
0.32569316 0.0228613 0.0
0.30164134 0.024816153 0.0
0.30619298 0.02842186 0.0
0.28784625 0.023446495 0.0
0.30651472 0.044579728 0.0
0.30727188 0.037754058 0.0
0.31670363 0.045510152 0.0
0.037625579 0.0029073506 0.0
0.27459359 0.012750354 0.0
0.33425301 0.025055036 0.0
0.33305847 0.019919117 0.0
0.32828119 0.017206821 0.0
0.32707123 0.016145734 0.0
0.3250088 0.029408354 0.0
0.31688746 0.017191316 0.0
0.30415538 0.029269179 0.0
0.29894221 0.032780993 0.0
0.3004574 0.026895697 0.0
0.30033422 0.031123214 0.0
0.29490351 0.029341332 0.0
0.31988444 0.054837278 0.0
0.296619 0.03328994 0.0
0.29893391 0.040047037 0.0
0.27750488 0.062463369 0.0
0.29485017 0.03432696 0.0
0.29731125 0.029006609 0.0
0.29120272 0.034282672 0.0
0.29669699 0.022689044 0.0
0.29171458 0.022613534 0.0
0.27261362 0.02632068 0.0
0.31077917 0.082682038 0.0
0.28879797 0.032596106 0.0
0.29370253 0.040990169 0.0
0.33009305 0.047580405 0.0
0.32293918 0.02671508 0.0
0.32433028 0.025452653 0.0
0.3244185 0.020936724 0.0
0.29404296 0.026613056 0.0
0.3111534 0.013753546 0.0
0.33292553 0.0223734 0.0
0.33204249 0.025227499 0.0
0.30951855 0.018883892 0.0
0.30524547 0.02195389 0.0
0.26204307 0.011740884 0.0
0.28246957 0.011045954 0.0
0.32349299 0.031596422 0.0
0.27618713 0.0095731687 0.0
0.28100476 0.010600227 0.0
0.24385006 0.0055779983 0.0
0.27874311 0.020912129 0.0
0.26144969 0.012326041 0.0
0.23226652 0.010009216 0.0
0.31068662 0.014708643 0.0
0.258138 0.016041575 0.0
0.29710849 0.023695163 0.0
0.19492288 0.0060090611 0.0
0.32776155 0.03826523 0.0
0.31734256 0.039674475 0.0
0.33375888 0.043914873 0.0
0.29592965 0.027746971 0.0
0.33342967 0.045110797 0.0
0.33427022 0.063873221 0.0
0.27706385 0.025357256 0.0
0.23475721 0.012183934 0.0
0.32754911 0.036049819 0.0
0.32899186 0.047807715 0.0
0.33438325 0.035296265 0.0
0.33205979 0.039066378 0.0
0.33557447 0.048989736 0.0
0.24900775 0.037193106 0.0
0.33615346 0.045292866 0.0
0.33672679 0.042468503 0.0
0.33237565 0.046994493 0.0
0.31433731 0.051769926 0.0
0.3100297 0.055937842 0.0
0.32814197 0.054365841 0.0
0.33433116 0.037710592 0.0
0.33540668 0.035031411 0.0
0.28166166 0.019628225 0.0
0.3011572 0.025953344 0.0
0.2791031 0.027314157 0.0
0.24570271 0.020315269 0.0
0.3354947 0.053215988 0.0
0.32830972 0.051856665 0.0
0.33057831 0.088247375 0.0
0.32978269 0.058972514 0.0
0.1554802 -0.00046506468 0.0
0.1550476 0.0033357332 0.0
0.30338302 0.039844521 0.0
0.23320647 0.013952338 0.0
0.30989771 0.059494415 0.0
0.10336229 0.00036887573 0.0
0.3296188 0.069946895 0.0
0.32993362 0.06434233 0.0
0.32295902 0.052093611 0.0
0.32949033 0.060285691 0.0
0.25647097 0.019232418 0.0
0.13282808 0.011626134 0.0
0.18817891 0.0051677292 0.0
0.2333455 0.0088863633 0.0
0.10739392 -0.003618378 0.0
0.057740987 -0.0065729784 0.0
0.20603732 0.007103628 0.0
0.19065387 0.0021709895 0.0
0.3046631 0.037281894 0.0
0.24891544 0.020391463 0.0
0.33531813 0.056181435 0.0
0.33484987 0.069700549 0.0
0.33119092 0.056475734 0.0
0.32498314 0.062347003 0.0
0.32607741 0.07162496 0.0
0.32149978 0.083392147 0.0
0.063805311 -0.0050511243 0.0
0.025984604 0.0013623917 0.0
0.24914528 0.011193649 0.0
0.1766732 0.0041375094 0.0
0.10167909 0.0017789492 0.0
0.17505233 0.0045818651 0.0
0.14705346 0.00023455431 0.0
0.10619169 -0.0025901085 0.0
0.13387233 0.0002409245 0.0
0.053817183 -0.00013731101 0.0
0.10067204 -0.0041381936 0.0
0.015523315 -0.0029024152 0.0
0.27083374 -0.0019445854 0.0
0.06746522 -0.00033784216 0.0
0.19280321 -0.0020943918 0.0
0.073021507 0.001989195 0.0
0.045438102 -0.0018563533 0.0
0.1509578 -0.0001542585 0.0
0.068876412 -0.00058298937 0.0
0.045468648 -0.00052798833 0.0
0.1281859 -0.0022100233 0.0
0.2129693 0.0001846158 0.0
0.16452984 -0.0019321753 0.0
0.21385233 0.0003672796 0.0
0.25220566 0.0019265651 0.0
0.082625717 -0.00078492287 0.0
0.20427082 0.0042971669 0.0
0.26202279 0.0014582252 0.0
0.27564258 0.00042425892 0.0
0.35577292 -0.016036603 0.0
0.35414146 -0.019259427 0.0
0.35605437 -0.016056116 0.0
0.35687996 -0.017310286 0.0
0.35479852 -0.015830742 0.0
0.35171561 -0.017146119 0.0
0.34838675 -0.018013431 0.0
0.35362826 -0.018568326 0.0
0.35602733 -0.016641454 0.0
0.35728097 -0.016217764 0.0
0.31380241 -0.015482724 0.0
0.34035634 -0.019515277 0.0
0.34762957 -0.019817046 0.0
0.35264828 -0.019305372 0.0
0.34569739 -0.015941221 0.0
0.34495494 -0.017895553 0.0
0.33869739 -0.017748125 0.0
0.34025129 -0.019743848 0.0
0.31725747 -0.020126914 0.0
0.35067563 -0.020576454 0.0
0.35088155 -0.020222783 0.0
0.34999165 -0.019241787 0.0
0.33227184 -0.018498819 0.0
0.33490074 -0.020531724 0.0
0.29280121 -0.014536604 0.0
0.2520844 -0.022443625 0.0
0.31584125 -0.020701799 0.0
0.35350938 -0.021859061 0.0
0.33235498 -0.019131112 0.0
0.30209842 -0.018431231 0.0
0.33450344 -0.02019395 0.0
0.34574202 -0.020318581 0.0
0.27860844 -0.022693853 0.0
0.32193397 -0.022125616 0.0
0.31182555 -0.01927489 0.0
0.30199785 -0.022346056 0.0
0.35532968 -0.019987703 0.0
0.35557083 -0.019599613 0.0
0.34728367 -0.020010915 0.0
0.34621833 -0.021288067 0.0
0.33357874 -0.02299676 0.0
0.34409996 -0.022758392 0.0
0.30314935 -0.022981224 0.0
0.34960547 -0.022992272 0.0
0.35345517 -0.02082222 0.0
0.35548421 -0.019244626 0.0
0.35100808 -0.022293039 0.0
0.35505069 -0.020393417 0.0
0.34405188 -0.022185968 0.0
0.34631055 -0.025586359 0.0
0.34763069 -0.0179216 0.0
0.35523878 -0.017750548 0.0
0.29460379 -0.024664216 0.0
0.3423952 -0.025600681 0.0
0.30394038 -0.02080984 0.0
0.31758379 -0.02330551 0.0
0.33539662 -0.021750588 0.0
0.34165581 -0.02407143 0.0
0.33429476 -0.021143911 0.0
0.31733742 -0.022939189 0.0
0.31070274 -0.024261718 0.0
0.32430294 -0.024992629 0.0
0.33545235 -0.024089253 0.0
0.34838422 -0.023759814 0.0
0.25549738 -0.019640903 0.0
0.22569951 -0.020508922 0.0
0.24383925 -0.024285721 0.0
0.25188643 -0.023008774 0.0
0.26835267 -0.020553995 0.0
0.27025192 -0.022846026 0.0
0.21409665 -0.022267579 0.0
0.31209067 -0.026082478 0.0
0.26435666 -0.014597474 0.0
0.17621698 -0.01774149 0.0
0.27825635 -0.023581133 0.0
0.2803154 -0.025669511 0.0
0.2678531 -0.020814247 0.0
0.21480852 -0.016080885 0.0
0.24562023 -0.026705137 0.0
0.26763567 -0.024069578 0.0
0.19861905 -0.023655006 0.0
0.30258007 -0.029531561 0.0
0.30160553 -0.020421995 0.0
0.3027878 -0.0174053 0.0
0.068662544 -0.013461669 0.0
0.060393895 -0.0085101983 0.0
0.089662429 -0.017211377 0.0
0.29007021 -0.026422525 0.0
0.28068691 -0.025319953 0.0
0.30832134 -0.025453286 0.0
0.25835981 -0.017452923 0.0
0.27832304 -0.017498994 0.0
0.22501627 -0.01851746 0.0
0.17182844 -0.018541411 0.0
0.23091063 -0.02475949 0.0
0.12557882 -0.014527754 0.0
0.26730079 -0.027246237 0.0
0.23458541 -0.025608447 0.0
0.32248233 -0.025512418 0.0
0.32255009 -0.024284958 0.0
0.27732048 -0.01814415 0.0
0.25229893 -0.015157155 0.0
0.28445883 -0.019385704 0.0
0.31355122 -0.016961429 0.0
0.22229805 -0.0074742185 0.0
0.16831162 -0.017172153 0.0
0.22688307 -0.01570631 0.0
0.19444972 -0.012216069 0.0
0.11475247 -0.018848702 0.0
0.1360118 -0.017028474 0.0
0.15839159 -0.024328603 0.0
0.29248085 -0.027577009 0.0
0.28826122 -0.026778573 0.0
0.31604426 -0.028293923 0.0
0.32497739 -0.023843602 0.0
0.3103628 -0.024022112 0.0
0.31174636 -0.019755587 0.0
0.28513671 -0.018601038 0.0
0.30640526 -0.0134429 0.0
0.28904108 -0.016400752 0.0
0.263285 -0.012728476 0.0
0.3066238 -0.013876426 0.0
0.16102014 -0.019483193 0.0
0.15383009 -0.013839073 0.0
0.23020092 -0.024919788 0.0
0.18143964 -0.019868637 0.0
0.13492444 -0.018017064 0.0
0.17473163 -0.019836511 0.0
0.10817215 -0.015156069 0.0
0.19756244 -0.025329009 0.0
0.23792127 -0.023515564 0.0
0.27236254 -0.026642371 0.0
0.23814047 -0.026391845 0.0
0.01411835 -0.0035165083 0.0
0.016068072 -0.0049167212 0.0
0.29717493 -0.029634025 0.0
0.33609165 -0.027092513 0.0
0.33799246 -0.026392883 0.0
0.21724594 -0.020885918 0.0
0.16926145 -0.019496689 0.0
0.21414757 -0.025343925 0.0
0.046662 -0.007485373 0.0
-0.010628865 -0.0045026815 0.0
0.12348112 -0.020781207 0.0
0.26543176 -0.026741104 0.0
0.29144992 -0.028025812 0.0
0.07223841 -0.008807393 0.0
0.18750748 -0.025564081 0.0
0.299881 -0.029052058 0.0
0.21493721 -0.025330488 0.0
0.061846254 -0.01658318 0.0
0.1010603 -0.019034598 0.0
-0.021750518 0.00071760906 0.0
0.27208417 -0.027226902 0.0
0.12012925 -0.015724265 0.0
0.33126127 -0.029303569 0.0
0.03368745 -0.003405863 0.0
0.33838678 -0.028630483 0.0
0.18173716 -0.029494589 0.0
-0.0083166249 -0.00082207501 0.0
-0.01002406 0.0029593044 0.0
0.32706483 -0.030267078 0.0
0.018932634 -0.009523625 0.0
0.26624431 -0.028285367 0.0
0.28403191 -0.027770976 0.0
0.31177712 -0.02770602 0.0
0.30982488 -0.027178695 0.0
0.31043409 -0.028224354 0.0
-0.018314103 0.0044643068 0.0
0.073631814 -0.0088510719 0.0
0.1696031 -0.023165045 0.0
0.14944375 -0.023149258 0.0
0.0034087447 0.0095122737 0.0
0.0067492674 0.011375114 0.0
-0.0080767531 -0.0005487783 0.0
0.034818679 -0.0058858896 0.0
0.15422829 -0.023214406 0.0
0.11135302 -0.020011357 0.0
-0.022564001 0.00082788037 0.0
0.24278956 -0.029853695 0.0
0.27317223 -0.02910368 0.0
0.16352605 -0.0186134 0.0
0.24796948 -0.029294801 0.0
0.2830595 -0.028388047 0.0
-0.024001918 0.00090119208 0.0
0.29780405 -0.02979182 0.0
0.32966378 -0.03034599 0.0
0.32946846 -0.02035727 0.0
0.068897086 -0.0069750817 0.0
0.30659423 -0.034164397 0.0
-0.024112258 0.00082962763 0.0
0.13937067 -0.026048601 0.0
0.33926892 -0.022290672 0.0
0.32283344 -0.027044271 0.0
0.045880114 -0.011859274 0.0
0.33517583 -0.019092164 0.0
0.17848725 -0.024742108 0.0
-0.013186781 0.00093667946 0.0
0.067339418 -0.01305718 0.0
-0.0031596822 0.015779447 0.0
0.18355102 -0.028256173 0.0
0.082024993 -0.012785887 0.0
0.2372705 -0.027617398 0.0
0.34722945 -0.023825228 0.0
0.20520417 -0.023232035 0.0
0.23874406 -0.025159793 0.0
0.19611716 -0.025713083 0.0
0.20438027 -0.025598502 0.0
0.065099578 -0.0057594573 0.0
0.16618531 -0.027954742 0.0
0.34967494 -0.025070505 0.0
0.26366501 -0.029512616 0.0
-0.0093744329 -0.0033375168 0.0
0.33216242 -0.030765969 0.0
-0.023356109 -0.00011942005 0.0
0.14511739 -0.017125194 0.0
0.12228628 -0.011422045 0.0
0.20023043 -0.024562925 0.0
0.17780105 -0.02450517 0.0
0.24828665 -0.03020048 0.0
-0.021779044 0.0016198927 0.0
0.018318874 0.0056635526 0.0
0.032597475 0.003580285 0.0
0.086807228 -0.010511161 0.0
0.16781007 -0.020877657 0.0
0.1079505 -0.016350806 0.0
0.16958323 -0.022864346 0.0
0.15377839 -0.021318707 0.0
0.15099906 -0.020807674 0.0
0.080386164 -0.008845276 0.0
0.11944959 -0.020021777 0.0
0.15867596 -0.023327779 0.0
0.21752073 -0.02687623 0.0
0.15849466 -0.023471608 0.0
0.12000241 -0.018139187 0.0
0.079255491 -0.018974528 0.0
0.0034846023 -0.0072246428 0.0
-0.021143536 0.0040060454 0.0
-0.0053924326 0.015024981 0.0
0.16080856 -0.023050977 0.0
0.13790067 -0.02227963 0.0
0.11635618 -0.016878213 0.0
0.13905854 -0.02115017 0.0
0.11757018 -0.020261467 0.0
0.147827 -0.027258172 0.0
0.045022065 -0.0016303034 0.0
0.050488711 -0.0061557172 0.0
0.016765646 0.0028503707 0.0
0.020509481 0.0074125291 0.0
-0.012203742 0.0093463882 0.0
0.021724297 0.0020297862 0.0
-0.0024512419 0.015334795 0.0
-0.0020104128 0.012468798 0.0
0.0080281637 0.011866206 0.0
0.015541572 0.0032444278 0.0
-0.004446208 0.016385457 0.0
-0.0028274692 0.01555462 0.0
0.027495808 0.0014870444 0.0
0.02752882 0.0017272157 0.0
-0.0045325914 0.0053315628 0.0
0.045211681 -0.002097859 0.0
0.0097944688 -0.0012790588 0.0
-0.0064236408 0.0096162926 0.0
-0.016783041 0.0064171573 0.0
0.0023589634 0.0052960228 0.0
0.0011266159 0.01346249 0.0
0.075065909 -0.011585144 0.0
0.084077186 -0.010698587 0.0
0.045857044 -0.0025948129 0.0
-0.015577388 0.0043810134 0.0
-0.0061689638 0.013021014 0.0
-0.013457338 0.007398877 0.0
0.011674242 0.0083827975 0.0
-0.01248697 0.010714857 0.0
0.010994294 -1.4123874e-05 0.0
-0.017475283 -0.00013175342 0.0
0.023018128 0.0053484373 0.0
-0.00014037851 4.7743035e-05 0.0
-0.0004104874 0.0077574897 0.0
-0.022624429 0.0026385264 0.0
-0.0079898039 0.01186878 0.0
-0.015452021 0.0021993666 0.0
-0.0033718553 0.0039935115 0.0
-0.0078621724 0.014573445 0.0
0.068539271 -0.010276451 0.0
0.14169032 -0.0017235394 0.0
0.12675936 -0.0023407743 0.0
0.027162283 0.00099551759 0.0
0.051429559 0.00088276969 0.0
0.11629254 -0.00085408393 0.0
0.078649126 0.0025273032 0.0
0.089554424 0.00090058654 0.0
0.02585013 4.0428365e-06 0.0
0.11708438 -0.0033150462 0.0
0.10193942 -0.0058070375 0.0
0.11390223 -0.0038909885 0.0
0.1652597 -0.0034064135 0.0
0.26468243 -0.0086239351 0.0
0.25266796 -0.0085645377 0.0
0.13298584 -0.0030354266 0.0
0.13426033 -0.0019407773 0.0
0.029241061 8.4466345e-05 0.0
0.23235873 -0.0061309933 0.0
0.17236773 -0.0032473492 0.0
0.18358462 -0.0011998258 0.0
0.040338292 -0.0029138934 0.0
0.22483815 -0.0047492713 0.0
0.24594895 -0.012058168 0.0
0.21200019 -0.0083764814 0.0
0.33251148 -0.015833053 0.0
0.3411184 -0.017497708 0.0
0.34037809 -0.018109501 0.0
0.33377791 -0.016420775 0.0
0.34826417 -0.016906876 0.0
0.35335316 -0.019092313 0.0
0.3369158 -0.015552845 0.0
0.33908054 -0.016854923 0.0
0.34925971 -0.024969118 0.0
0.045750897 -0.0095935948 0.0
0.21678445 -0.0079085726 0.0
0.29349595 -0.013022469 0.0
0.34625424 -0.027098423 0.0
0.31333744 -0.017475859 0.0
-0.0012779725 0.0034191625 0.0
-0.003727037 0.005895646 0.0
0.33131832 0.014424554 0.0
0.29975099 0.010328308 0.0
0.33336746 0.012114704 0.0
0.33364113 0.01644676 0.0
0.21773651 -0.001343798 0.0
0.26670562 -0.0032637932 0.0
0.14171415 0.00034587489 0.0
0.11319348 -0.00083476543 0.0
0.12374201 -0.0040291109 0.0
0.13684178 -0.0010317926 0.0
0.17078936 0.00096319005 0.0
0.05310827 -0.00044494411 0.0
0.20737253 0.0027033511 0.0
0.16298442 0.0008903237 0.0
0.22358607 -0.0018172142 0.0
0.16867341 0.00011098302 0.0
0.058164066 0.0020854138 0.0
0.064414838 0.0019878282 0.0
0.022551988 1.8961673e-05 0.0
0.072541512 0.00017488012 0.0
0.13685369 0.0024943706 0.0
0.17185827 0.00060910148 0.0
0.18085756 9.2723223e-05 0.0
0.15381497 -0.00075862837 0.0
0.22486763 -0.0033872272 0.0
0.19560035 -0.0020477644 0.0
0.047239383 -9.1370809e-05 0.0
0.25813351 -0.0014723976 0.0
0.2469494 -0.002046285 0.0
0.15713998 0.0013196319 0.0
0.071689293 -0.00070078371 0.0
0.1589542 2.5181428e-06 0.0
0.14208898 0.00018619289 0.0
0.14969528 0.00074358776 0.0
0.19038651 -0.00014109697 0.0
0.062952441 0.0012341869 0.0
0.071210357 -0.000828963 0.0
0.051650071 0.00047197792 0.0
0.15229878 0.00048428333 0.0
0.042396204 0.00080009995 0.0
0.30417778 0.0054349812 0.0
0.3044887 0.0077356141 0.0
0.30467768 0.0049096643 0.0
0.30064438 0.00336095 0.0
0.3072734 0.0050939267 0.0
0.29451748 0.0031776465 0.0
0.28976237 0.0028274104 0.0
0.3003938 0.0039918941 0.0
0.3304255 0.012894935 0.0
0.330508 0.010810017 0.0
0.32955578 0.0078936592 0.0
0.32694206 0.0080705754 0.0
0.33372262 0.016037573 0.0
0.33285127 0.013795675 0.0
0.33328936 0.010377333 0.0
0.33021443 0.0094144458 0.0
0.32787363 0.011976839 0.0
0.33179339 0.011550378 0.0
0.32656899 0.012531508 0.0
0.33122547 0.014751593 0.0
0.33017619 0.015003027 0.0
0.32651928 0.014016631 0.0
0.32248453 0.011597556 0.0
0.32592599 0.013247147 0.0
0.31490129 0.014028707 0.0
0.31077523 0.014120037 0.0
0.31204544 0.023613011 0.0
0.30946288 0.02000921 0.0
0.29827212 0.016781954 0.0
0.30024798 0.020478999 0.0
0.32190784 0.028869066 0.0
0.31627804 0.029806119 0.0
0.17870954 0.0043675181 0.0
0.28717774 0.0099972103 0.0
0.24026691 0.0027738767 0.0
0.25400033 0.0028448464 0.0
0.28489715 0.026107222 0.0
0.2608079 0.0045852307 0.0
0.28720617 0.0077341087 0.0
0.20700988 0.0021817904 0.0
0.21022875 0.0010103847 0.0
0.23754742 0.0022728678 0.0
0.29391689 0.0090117357 0.0
0.11415059 0.0011824646 0.0
0.32309842 0.040069704 0.0
0.29382571 0.010573231 0.0
0.32705247 0.044287629 0.0
0.33540076 0.018771783 0.0
0.3359258 0.017766554 0.0
0.33534585 0.019837709 0.0
0.33509703 0.021406388 0.0
0.31030614 0.014084759 0.0
0.31989259 0.014471202 0.0
0.31159262 0.04207689 0.0
0.30402507 0.038951105 0.0
0.29538068 0.024217068 0.0
0.29298659 0.028754197 0.0
0.29515659 0.019883926 0.0
0.29136672 0.020668094 0.0
0.29714973 0.018766441 0.0
0.29273194 0.01823965 0.0
0.28978889 0.015581472 0.0
0.27460387 0.011436436 0.0
0.29244085 0.019636561 0.0
0.28656692 0.021071251 0.0
0.29053219 0.015202605 0.0
0.28879349 0.020189032 0.0
0.28449377 0.012204932 0.0
0.28595715 0.021982426 0.0
0.28927574 0.0093131186 0.0
0.28685213 0.010841982 0.0
0.27986964 0.01338907 0.0
0.24701804 0.010524192 0.0
0.33442498 0.042957131 0.0
0.33560814 0.037184093 0.0
0.30533162 0.050589823 0.0
0.30241137 0.05233065 0.0
0.31997474 0.045673747 0.0
0.31335705 0.049263466 0.0
0.32094278 0.067048255 0.0
0.33180961 0.065349806 0.0
0.30445178 0.059696455 0.0
0.31116208 0.064602241 0.0
0.1148518 -0.0042320238 0.0
0.13938374 0.0024556842 0.0
0.20604087 0.0077198527 0.0
0.20726708 0.0040053323 0.0
0.0634259 -0.0012616941 0.0
0.27108701 0.0040817451 0.0
0.064210292 -0.004054912 0.0
0.28555145 0.0063476857 0.0
0.21627359 -0.00062519999 0.0
0.040285002 0.0061065446 0.0
0.25541115 0.00042193838 0.0
0.27192936 0.00036629623 0.0
0.35552513 -0.018978481 0.0
0.35626195 -0.018720826 0.0
0.35579485 -0.019125598 0.0
0.35491283 -0.018448761 0.0
0.35481723 -0.020922422 0.0
0.35420053 -0.021461204 0.0
0.2546726 -0.010581399 0.0
0.22274313 -0.0082549427 0.0
0.28813515 -0.015552188 0.0
0.28560262 -0.013600731 0.0
0.25551963 -0.0096515585 0.0
0.20741889 -0.0036908417 0.0
0.081280217 -0.00098983416 0.0
0.23608559 -0.01104852 0.0
0.23648733 -0.009254233 0.0
0.19422017 -0.011119581 0.0
0.021547944 0.00057867557 0.0
0.096027731 -0.014546456 0.0
0.32437728 -0.018186601 0.0
0.33428679 -0.014736028 0.0
0.33156237 -0.016599008 0.0
0.3238275 -0.017922762 0.0
0.32331223 -0.015498519 0.0
0.33091529 -0.01588292 0.0
0.32277116 -0.028027988 0.0
0.34663185 -0.026157908 0.0
0.34306474 -0.024604756 0.0
0.33308704 -0.025237647 0.0
0.23954931 -0.027333062 0.0
0.22048447 -0.027419088 0.0
0.030186625 -0.0055502158 0.0
-0.015020537 0.00070610061 0.0
-0.0072249681 -0.0062297031 0.0
-0.021152728 -0.0025432467 0.0
-0.019711044 -0.0036879638 0.0
0.03607163 -0.011223065 0.0
-0.014912918 -0.0044126505 0.0
0.23109778 -0.0093130717 0.0
0.093566523 -0.020474609 0.0
-0.023469575 -0.00074177712 0.0
0.037460734 -0.011310937 0.0
0.019723363 -0.0087679926 0.0
0.0017966955 -0.0082100018 0.0
0.042016656 -0.01308695 0.0
0.090536934 -0.019763954 0.0
0.33772314 -0.029178702 0.0
0.0070589507 -0.0097559089 0.0
0.19042307 -0.031485636 0.0
0.097834991 -0.01837287 0.0
0.34605414 -0.028067021 0.0
0.080392176 -0.018007675 0.0
-0.000327579 0.013833886 0.0
0.11575329 -0.013185325 0.0
0.009194863 -0.0035946619 0.0
0.09204506 -0.0087237551 0.0
-0.021359974 0.00027945203 0.0
-0.0051301648 -0.00029789752 0.0
0.077704326 -0.01084648 0.0
0.03921324 -0.0017111388 0.0
0.080118438 -0.0080734204 0.0
0.089323354 -0.013400891 0.0
-0.0017063013 0.012623625 0.0
-0.0014973408 0.0086284604 0.0
-0.019743744 0.0047877863 0.0
-0.0010112268 0.0086891189 0.0
-0.012902564 0.0034643988 0.0
-0.0091091501 0.013584367 0.0
-0.016961419 0.0076908354 0.0
-0.016214099 0.0017826351 0.0
-0.020150108 0.0025763305 0.0
0.049149929 -0.0079692059 0.0
-0.0090275379 0.0091281767 0.0
-0.017710269 0.00044472322 0.0
-0.0043493364 0.014126863 0.0
-0.017219884 0.003717032 0.0
-0.0053705673 0.003853195 0.0
-0.020853436 0.0038155442 0.0
-0.022906502 0.0019971985 0.0
-0.018825643 0.0060705808 0.0
-0.009359751 0.000898552 0.0
-0.0038039978 0.0058181364 0.0
-0.022170802 0.00065669887 0.0
-0.0024430154 0.010201441 0.0
-0.0084886538 0.00098330662 0.0
-0.014215917 0.0095587163 0.0
-0.015905097 0.0065658565 0.0
-0.011910367 0.011150096 0.0
-0.011713835 0.0090453838 0.0
-0.013063276 0.007390591 0.0
-0.010328119 0.0049272001 0.0
-0.0054436266 0.0055212836 0.0
-0.014969853 -0.0002774634 0.0
-0.0013799994 0.00067870764 0.0
-0.0021179948 0.00010596039 0.0
-0.011868141 0.0028760716 0.0
-0.00564074 0.0011181329 0.0
-0.0031078697 3.1716799e-05 0.0
-0.011646943 0.00066652721 0.0
-0.018102063 6.0097556e-05 0.0
-0.017624162 0.0010654771 0.0
-0.0077183326 0.012154224 0.0
-0.0019271806 0.005996027 0.0
-0.0028649206 -4.374321e-05 0.0
-0.0034787749 0.00088366001 0.0
-0.011455502 0.0005654506 0.0
-0.0014234605 0.0006181636 0.0
-0.011852992 -0.0001160701 0.0
-0.011926113 -0.00021616238 0.0
-0.021713507 0.00099191495 0.0
-0.0031830588 -8.2031908e-05 0.0
-0.011966209 0.0001931613 0.0
-0.022975811 0.0022141938 0.0
-0.020839535 0.0021961401 0.0
0.029250538 -0.0088620502 0.0
0.084246839 -0.015901563 0.0
-0.0038053864 0.001372628 0.0
-0.0020490398 0.0012818022 0.0
-0.0066066537 0.0032694961 0.0
0.21545661 -0.0041862751 0.0
0.18288781 -0.0036536602 0.0
0.21615468 -0.0060463262 0.0
0.20223667 -0.0059473073 0.0
0.11524459 -0.0024054726 0.0
0.043795304 -0.0063814681 0.0
0.15506688 -0.0023648236 0.0
0.046535662 0.00012051634 0.0
0.16574717 -0.0034548116 0.0
0.19287623 -0.0050425041 0.0
0.04613944 0.0008757389 0.0
0.032110619 -0.0019144835 0.0
0.043185235 0.00115399 0.0
0.052694402 -0.0051078973 0.0
0.094118942 0.0019484581 0.0
0.13725377 -0.00020850425 0.0
0.1418117 -0.0037364295 0.0
0.19142506 -0.0068407403 0.0
0.15819487 -0.0011167445 0.0
0.21736792 -0.0045771079 0.0
0.20234327 -0.002539402 0.0
0.15032287 -0.0027733074 0.0
0.10740134 0.00089730918 0.0
0.16235481 -0.00053341408 0.0
0.25542926 -0.0068738255 0.0
0.18431066 -0.0047283132 0.0
0.18257062 -0.0014160455 0.0
0.022983117 0.0019230929 0.0
0.15129743 -0.0011753235 0.0
0.24334565 -0.0050238693 0.0
0.18721337 -0.0044894029 0.0
0.21057566 -0.0025972807 0.0
0.047570557 0.0027891066 0.0
0.13778299 -0.0017786898 0.0
0.07896274 -0.00047214501 0.0
0.18564363 -0.0034096107 0.0
0.13391027 -0.0025679826 0.0
0.11095498 -0.0023923681 0.0
0.17124822 -0.0035257558 0.0
0.15880768 -0.0021113699 0.0
0.08008578 0.0014987701 0.0
0.13067543 -0.0024856716 0.0
0.04238015 0.0047907908 0.0
0.13621936 -0.0043981019 0.0
0.041643089 0.00054100431 0.0
0.04403745 -0.0035582515 0.0
0.10549712 -0.0017272919 0.0
0.047606267 0.00065714618 0.0
0.091642301 0.00060962202 0.0
0.12169626 -0.0020138533 0.0
0.10730206 -0.0029917653 0.0
0.13740382 -0.0024890524 0.0
0.051610428 0.00029968694 0.0
0.091235934 0.00083532083 0.0
0.15741502 -0.0037811915 0.0
0.054161721 -0.0034602952 0.0
0.20432088 -0.0066902021 0.0
0.2080139 -0.009467766 0.0
0.24049062 -0.010472835 0.0
0.21141584 -0.0078544816 0.0
0.2775779 -0.013815537 0.0
0.28672818 -0.015460878 0.0
0.34848536 -0.018442853 0.0
0.34878107 -0.017524646 0.0
0.35261017 -0.020154858 0.0
0.34397801 -0.020943129 0.0
0.31199583 -0.015820291 0.0
0.29344751 -0.013688003 0.0
0.28846572 -0.013479726 0.0
0.25696263 -0.01094795 0.0
0.28871003 -0.014599232 0.0
0.27843962 -0.013497889 0.0
0.27907266 -0.012260946 0.0
0.26938892 -0.011593043 0.0
0.27040692 -0.011712241 0.0
0.25005112 -0.01053493 0.0
0.29981808 -0.015758713 0.0
0.26746499 -0.011942797 0.0
0.30163133 -0.016256166 0.0
0.28908609 -0.015156709 0.0
0.17182246 -0.028037675 0.0
0.16747109 -0.026646636 0.0
0.3478724 -0.025940572 0.0
0.3074903 -0.017555419 0.0
0.2192457 -0.030475015 0.0
0.1623209 -0.028426567 0.0
0.043237166 -0.012153346 0.0
0.31650281 -0.019749996 0.0
0.31380538 -0.018101201 0.0
-0.024498768 0.0015623912 0.0
0.34025714 -0.027979224 0.0
0.26332701 -0.011740222 0.0
0.3230431 -0.019133692 0.0
0.32453502 -0.018529621 0.0
-0.024423613 0.0014586627 0.0
0.039296443 -0.011797583 0.0
0.3504388 -0.024757892 0.0
0.0054924715 -0.0058903232 0.0
-0.013173481 -0.0010453083 0.0
-0.024121149 0.0016496554 0.0
0.11271442 -0.019064715 0.0
0.18202754 -0.029272784 0.0
-0.019056322 -0.0031811983 0.0
0.098399626 -0.019248427 0.0
0.14958861 -0.028940033 0.0
-0.0027913764 -2.3887753e-05 0.0
0.32502102 -0.020580772 0.0
0.31346293 -0.018399835 0.0
0.34791856 -0.027272511 0.0
0.14871208 -0.026218687 0.0
-0.014001508 -0.0019851342 0.0
0.20676437 -0.030211721 0.0
0.32629805 -0.019872378 0.0
0.3258843 -0.019961955 0.0
0.31265181 -0.01756631 0.0
0.33652124 -0.021647259 0.0
0.34230602 -0.021738807 0.0
0.034106203 -0.0084011676 0.0
0.33415241 -0.020098502 0.0
0.34382449 -0.020506565 0.0
0.34767742 -0.022659691 0.0
0.35046823 -0.024976559 0.0
0.13553608 -0.026832671 0.0
-0.00062693089 -0.0019762394 0.0
0.3471857 -0.022747101 0.0
-0.01266716 0.00074613625 0.0
0.35096922 -0.023957501 0.0
0.34585265 -0.026888199 0.0
-0.020664133 0.0014140924 0.0
0.068689524 -0.017301132 0.0
0.2152948 -0.032232183 0.0
0.012559758 -0.0092545786 0.0
-0.017486028 0.00081091297 0.0
-0.024687529 0.001202882 0.0
-0.013367254 -0.0044446107 0.0
0.12053889 -0.027879337 0.0
0.26555947 -0.01346221 0.0
0.00084377704 -0.0024006564 0.0
-0.007011718 1.2172424e-05 0.0
0.1796427 -0.030676831 0.0
0.35104023 -0.024268295 0.0
0.33102824 -0.028784852 0.0
0.31595391 -0.029553855 0.0
-0.0067926405 0.00031136114 0.0
0.011572122 -0.0047710876 0.0
0.042253788 -0.015240439 0.0
0.015524848 -0.010503403 0.0
0.22125846 -0.010889541 0.0
0.021413504 -0.0099495514 0.0
-0.00022756407 -0.0018935011 0.0
0.0035293275 -0.0074873037 0.0
0.16706234 -0.0067904158 0.0
-0.024454402 0.0011894801 0.0
0.029918504 -0.00025124701 0.0
0.35201789 -0.023459088 0.0
0.34960253 -0.025469472 0.0
0.34990055 -0.021888456 0.0
0.3511916 -0.023734308 0.0
0.33729367 -0.027726402 0.0
0.21013036 -0.031400287 0.0
0.34882039 -0.025381058 0.0
0.31415988 -0.028558031 0.0
0.35094546 -0.024185878 0.0
0.34531879 -0.026092692 0.0
0.35131598 -0.023370014 0.0
0.34860596 -0.024908084 0.0
0.3377237 -0.027296327 0.0
0.34243436 -0.022397088 0.0
0.11457926 -0.024068158 0.0
0.16326844 -0.027707945 0.0
-0.0016223001 -0.0065164046 0.0
-0.018678583 -0.0036877447 0.0
0.24714643 -0.035864006 0.0
0.14699376 -0.027995549 0.0
0.11310889 -0.021082663 0.0
-0.006714098 -0.00019768135 0.0
0.017908975 -0.011826176 0.0
0.25200226 -0.035026257 0.0
0.011681547 -0.0092540583 0.0
-0.008603851 -0.0057967418 0.0
0.20663465 -0.031475733 0.0
0.019043287 -0.0095931224 0.0
0.0036108161 -0.0054372588 0.0
0.045522861 -0.012583818 0.0
-0.016822322 0.0018657666 0.0
0.00065970983 -0.0078471626 0.0
-0.0076700017 -0.0056293419 0.0
-0.019892826 -0.00064642068 0.0
0.17651066 -0.029110735 0.0
0.078873777 -0.018206974 0.0
-0.011875694 -0.0037232397 0.0
0.24810795 -0.0098801962 0.0
-0.015491565 0.0020658239 0.0
0.27589783 -0.032985606 0.0
0.1247436 -0.024681671 0.0
-0.019242191 -0.0014719735 0.0
0.2251799 -0.033192767 0.0
-0.00099234412 -0.0053972582 0.0
0.13962122 -0.0034755736 0.0
-0.023068444 0.00068625589 0.0
-0.0084461201 -0.0058493424 0.0
-0.0028821196 -0.0070066686 0.0
0.050527629 -0.015201414 0.0
0.040274489 -0.014211028 0.0
0.091353756 -0.021075543 0.0
0.11778017 -0.024687179 0.0
-0.0222688 0.0024575368 0.0
0.1733075 -0.029278046 0.0
0.057538642 -0.014487561 0.0
-0.0087210315 -0.0039948609 0.0
-0.010113208 -0.0052587694 0.0
-0.016413336 -0.0033075411 0.0
-0.016417401 -0.0023855303 0.0
-0.01154689 -0.0013382999 0.0
-0.0109481 -0.0026165693 0.0
-0.017884081 -0.002835022 0.0
-0.0069656214 -0.00017837225 0.0
0.19297312 -0.03231529 0.0
-0.0092256553 -0.0015681518 0.0
0.25619729 -0.035611116 0.0
0.22390118 -0.034562122 0.0
0.15252971 -0.027367277 0.0
0.28808065 -0.036218502 0.0
0.19024855 -0.030351143 0.0
0.25766793 -0.034341521 0.0
0.10426328 -0.023052412 0.0
-0.014923156 -0.0020435448 0.0
-0.0067519149 -0.00057314278 0.0
0.25581709 -0.035825794 0.0
0.22095402 -0.03343136 0.0
0.23885815 -0.03253422 0.0
0.24348219 -0.034145942 0.0
0.17198313 -0.029286774 0.0
0.2402784 -0.033446205 0.0
0.23804937 -0.031473661 0.0
-0.011916907 -0.00085517518 0.0
-0.010005953 -0.00042222666 0.0
0.072815869 -0.017920604 0.0
-0.0055496661 -0.00046378061 0.0
0.27221815 -0.034261362 0.0
0.13449527 -0.027284764 0.0
0.22964533 -0.033434929 0.0
0.17120647 -0.029433607 0.0
0.18856198 -0.029594112 0.0
0.20924367 -0.031388133 0.0
0.20957154 -0.030435628 0.0
0.21758131 -0.030275519 0.0
0.1812926 -0.027005628 0.0
0.24297995 -0.033104186 0.0
0.2556766 -0.029950696 0.0
0.17992757 -0.029003294 0.0
0.21319089 -0.03077926 0.0
0.2473458 -0.033289358 0.0
0.22047612 -0.031572352 0.0
0.26591537 -0.033996507 0.0
0.23887302 -0.032969819 0.0
-0.0031809893 -0.00034508999 0.0
-0.0068695887 -0.00058792604 0.0
0.00021583621 -0.0023077721 0.0
0.11758071 -0.026538589 0.0
0.18881916 -0.030156073 0.0
-0.0088266189 -0.0026718145 0.0
-0.0069242686 -0.0014734847 0.0
0.20643247 -0.033622933 0.0
0.21197222 -0.03395531 0.0
0.078359108 -0.018514581 0.0
0.10332646 -0.023158329 0.0
0.091990734 -0.021695664 0.0
0.012031813 -0.0064306973 0.0
0.021510023 -0.01042084 0.0
0.024164257 -0.011391461 0.0
0.18740766 -0.029624776 0.0
0.0015466617 -0.0065522494 0.0
0.041039387 -0.013978041 0.0
0.14681958 -0.02717834 0.0
0.24772501 -0.034154194 0.0
0.27403829 -0.034713461 0.0
0.2515863 -0.033585953 0.0
0.29258364 -0.017070455 0.0
0.15955212 -0.028898982 0.0
0.28111692 -0.035826887 0.0
0.23364015 -0.034479332 0.0
0.15228636 -0.028387778 0.0
0.2150041 -0.031089466 0.0
0.25689049 -0.033784674 0.0
0.25010605 -0.033048511 0.0
0.2801144 -0.035632798 0.0
0.22646494 -0.034234315 0.0
0.24175218 -0.033675069 0.0
0.24783238 -0.033371942 0.0
0.26805811 -0.0352149 0.0
0.016789021 -0.010042078 0.0
0.19514042 -0.032368827 0.0
0.0071443638 -0.0023441169 0.0
0.20572297 -0.033554495 0.0
0.27536406 -0.035962434 0.0
0.2341912 -0.033399258 0.0
0.20997737 -0.034287762 0.0
0.3365129 -0.022363123 0.0
0.26121451 -0.032930016 0.0
0.0039586941 -0.0067619105 0.0
0.22516848 -0.034029205 0.0
0.17170025 -0.028882557 0.0
0.19573265 -0.030342498 0.0
0.047718913 -0.015811038 0.0
0.11371269 -0.023544199 0.0
0.10072008 -0.022241553 0.0
0.1612643 -0.028318182 0.0
-0.0068887808 -0.002230562 0.0
0.0163149 -0.0093798766 0.0
-0.0034028143 -0.002088949 0.0
0.10188572 -0.022733575 0.0
0.017303094 -0.0095943997 0.0
0.046846512 -0.016185751 0.0
0.074922418 -0.019102494 0.0
0.083473399 -0.020386323 0.0
0.28981044 -0.034665863 0.0
0.34251257 -0.024757376 0.0
-0.0030851915 -0.0027678075 0.0
0.27462308 -0.035870432 0.0
0.28958564 -0.036292808 0.0
0.092469889 -0.021731463 0.0
0.13261211 -0.026384499 0.0
0.048067382 -0.014738626 0.0
0.027120811 -0.010890751 0.0
-0.0044011376 -0.00091764539 0.0
-0.0020845455 -0.0042806008 0.0
0.10545869 -0.023119217 0.0
0.075244742 -0.020417137 0.0
0.065260872 -0.019673045 0.0
0.10730322 -0.022542326 0.0
0.14182847 -0.026730009 0.0
0.1319684 -0.025626879 0.0
0.055069787 -0.014753877 0.0
0.14356154 -0.026693051 0.0
0.26005815 -0.033172691 0.0
0.024967444 -0.0081039769 0.0
0.27127631 -0.034807761 0.0
-0.0012100036 -9.9464507e-05 0.0
-0.00029957608 -0.0033837279 0.0
0.010477556 -0.004984917 0.0
0.0020516007 -0.004447527 0.0
0.052421544 -0.015176295 0.0
0.024943347 -0.0093712741 0.0
0.0082895942 -0.0053269582 0.0
0.0321622 -0.010421497 0.0
0.097969956 -0.021837737 0.0
0.07671605 -0.019945695 0.0
0.14126012 -0.026702392 0.0
0.1439967 -0.028283612 0.0
0.043441141 -0.013489909 0.0
0.061255582 -0.016957625 0.0
0.056074095 -0.014910889 0.0
0.071558756 -0.018852517 0.0
0.063137948 -0.017143087 0.0
0.06677305 -0.018335555 0.0
0.079045162 -0.01860175 0.0
0.096562313 -0.020708179 0.0
0.10149331 -0.02315971 0.0
0.04817717 -0.014677785 0.0
0.11363043 -0.023184398 0.0
0.14348633 -0.025541687 0.0
0.111939 -0.023676644 0.0
0.090669006 -0.020576742 0.0
0.037287114 -0.014036413 0.0
0.02458316 -0.010393343 0.0
0.087331942 -0.020250726 0.0
0.1322053 -0.025478124 0.0
0.032286171 -0.011155883 0.0
0.082616847 -0.020834767 0.0
0.044862408 -0.013538186 0.0
0.013214998 -0.0042340397 0.0
0.10932051 -0.023243229 0.0
0.042439618 -0.013389479 0.0
0.11287411 -0.0232961 0.0
0.088782031 -0.021347896 0.0
0.0056875518 -0.0035163343 0.0
0.025916522 -0.0088099046 0.0
0.01244265 -0.005498404 0.0
0.026358403 -0.0093233907 0.0
0.13987573 -0.026536214 0.0
0.17085472 -0.029651093 0.0
0.076506177 -0.019399442 0.0
0.1049759 -0.02366481 0.0
0.30273473 -0.016047734 0.0
0.30703193 -0.015584727 0.0
0.33454376 0.015023547 0.0
0.32684147 0.012729711 0.0
0.33577984 0.016224753 0.0
0.33497144 0.01793033 0.0
0.31857502 0.013421749 0.0
0.33062862 0.015076507 0.0
0.30014026 0.010695911 0.0
0.29726527 0.0059579005 0.0
0.33600047 0.013820115 0.0
0.3362856 0.015500335 0.0
0.33605479 0.01518886 0.0
0.33586274 0.016396626 0.0
0.24643606 -0.0021938415 0.0
0.2103191 -0.0028822637 0.0
0.063771305 0.00053666813 0.0
0.11749026 0.002695147 0.0
0.079438131 0.0010188833 0.0
0.031066912 0.00089030749 0.0
0.21010222 -0.0019333565 0.0
0.3344904 0.01471906 0.0
0.33120202 0.014174535 0.0
0.33593237 0.014390553 0.0
0.33590569 0.012194093 0.0
0.20149229 0.0039713348 0.0
0.17925263 0.004268343 0.0
0.23748714 0.0031567824 0.0
0.058133239 0.00039231134 0.0
0.15760181 -0.0021430944 0.0
0.067057942 -0.0013213565 0.0
0.21734921 0.002466898 0.0
0.18000358 0.0011865094 0.0
0.24213603 0.0030146531 0.0
0.040753866 0.0026430345 0.0
0.14632385 0.001945655 0.0
0.17849881 0.0024629014 0.0
0.033617714 -0.00020662782 0.0
0.20169001 0.0010713491 0.0
0.13435332 -0.00082004545 0.0
0.08458915 0.0012648143 0.0
0.081879626 0.002539221 0.0
0.27784289 0.008392679 0.0
0.14110754 0.0043837803 0.0
0.064139674 0.0011547595 0.0
0.11227815 0.0020157977 0.0
0.13557025 0.003060259 0.0
0.067810032 -0.0023870152 0.0
0.22588426 0.0016184289 0.0
0.28270459 0.006462571 0.0
0.067406742 6.9354118e-05 0.0
0.052073772 -0.0012691102 0.0
0.26788162 0.0044676086 0.0
0.26364214 0.0039658592 0.0
0.26427404 0.0044042148 0.0
0.28155511 0.0064443352 0.0
0.27795828 0.0062537615 0.0
0.28962096 0.030698534 0.0
0.2898205 0.023047043 0.0
0.26017182 0.026023099 0.0
0.2860359 0.029235992 0.0
0.29233946 0.01510581 0.0
0.28949675 0.012003095 0.0
0.30403739 0.046445161 0.0
0.31088897 0.05301773 0.0
0.29942155 0.045512644 0.0
0.29254495 0.044115324 0.0
0.29708365 0.041824054 0.0
0.29680791 0.051225552 0.0
0.29498339 0.053485324 0.0
0.23995364 0.057761307 0.0
0.29659094 0.046968682 0.0
0.30126269 0.061771835 0.0
0.28125977 0.039282677 0.0
0.28392414 0.031106405 0.0
0.29164894 0.067412148 0.0
0.32082069 0.068853545 0.0
0.31517096 0.07438789 0.0
0.31987609 0.087900899 0.0
0.16185101 0.0015542008 0.0
0.053253404 -0.00043057439 0.0
0.050578557 0.0017815781 0.0
0.025816059 -0.0020200051 0.0
0.11084288 -0.0024903718 0.0
0.12599374 -0.0022356891 0.0
0.19762989 -0.00083913451 0.0
0.23557382 0.0070434826 0.0
0.26108426 0.0055664494 0.0
0.15756132 -0.0001003598 0.0
0.2408273 0.0032991559 0.0
0.27588465 0.0047252752 0.0
0.30471162 0.0115711 0.0
0.11031136 -0.0024080121 0.0
0.11779804 -0.0043283388 0.0
0.19653662 -0.0014032914 0.0
0.15098164 -0.00062489503 0.0
0.071436079 -0.0041138628 0.0
0.081433773 -0.0031318644 0.0
0.19810929 0.00047612743 0.0
0.14561133 -0.0017419894 0.0
0.35516957 -0.019983873 0.0
0.35400542 -0.020821645 0.0
0.35337816 -0.021227297 0.0
0.35309596 -0.022185846 0.0
0.2064946 -0.0042423718 0.0
0.18487231 -0.0026527023 0.0
0.21678161 -0.015653465 0.0
0.20746027 -0.012305896 0.0
0.11326757 -0.02015148 0.0
0.073264888 -0.005068737 0.0
0.14759071 -0.014878357 0.0
0.16503881 -0.0096190957 0.0
0.12283441 -0.018525718 0.0
0.10212591 -0.016892855 0.0
0.069504437 -0.01124882 0.0
0.050729821 -0.0074900018 0.0
0.039458736 -0.007296534 0.0
0.014715561 -0.0028090446 0.0
0.028821874 -0.0037935482 0.0
0.050235197 -0.01033297 0.0
0.047745664 -0.0075560742 0.0
0.014406289 0.0011579832 0.0
-0.00028529954 0.0031932627 0.0
-0.00082755703 0.0024613747 0.0
-0.0062569181 0.012235274 0.0
-0.0016192053 0.002979773 0.0
-0.0013507651 0.0053496325 0.0
-0.0039208265 0.0084048954 0.0
0.25604134 -0.0058480565 0.0
-0.00089462451 0.0012107454 0.0
0.22541227 -0.0050817068 0.0
0.27881169 -0.0083935794 0.0
0.25076791 -0.0052256774 0.0
0.22312087 -0.0056316529 0.0
0.22170738 -0.0045056224 0.0
0.11327861 -0.00078917736 0.0
0.093230832 -0.00221083 0.0
0.044000154 0.00174599 0.0
0.11361311 -0.0011700795 0.0
0.093403529 0.00067538957 0.0
0.037730338 -0.00031108371 0.0
0.02507061 0.0018127689 0.0
0.045723646 -0.0033812002 0.0
0.020620604 0.00059386566 0.0
0.051260596 -0.00028546634 0.0
0.084304519 0.0001699559 0.0
0.15503753 -0.0060787737 0.0
0.024997547 -0.0017407733 0.0
0.21672642 -0.0060832393 0.0
0.21703395 -0.0081047732 0.0
0.20793971 -0.0084474766 0.0
0.17196714 -0.0044717852 0.0
0.21701527 -0.0086230836 0.0
0.17625669 -0.0057561803 0.0
0.15058979 -0.004196868 0.0
0.16987534 -0.0036934462 0.0
0.14691729 -0.0056737228 0.0
0.10047922 -0.0019120405 0.0
0.15677289 -0.0061577379 0.0
0.1141139 -0.0012039118 0.0
0.17168316 -0.0054205648 0.0
0.066479217 0.0044020918 0.0
0.13654389 -0.0041097755 0.0
0.1078251 -0.0040261077 0.0
0.18122779 -0.0075439233 0.0
0.18685258 -0.0068792465 0.0
0.18563303 -0.007985923 0.0
0.21766599 -0.0088746693 0.0
0.1050517 -0.0039687748 0.0
0.037597515 -0.004713875 0.0
0.069126557 -0.0061140075 0.0
0.075942172 -0.0058748834 0.0
0.13001211 -0.0063467878 0.0
0.11459771 -0.0007063489 0.0
0.022538551 -0.0018327384 0.0
0.098770072 -0.00020918406 0.0
0.080199663 -0.00091531905 0.0
0.035246854 -4.0755983e-05 0.0
0.04372816 0.00083847521 0.0
0.086861281 0.0011356239 0.0
0.24158726 -0.0060030569 0.0
0.060176328 0.0054167548 0.0
0.094235593 -0.0032504461 0.0
0.015634774 0.0020761967 0.0
0.15107329 -0.0048193419 0.0
0.13574219 -0.0046531271 0.0
0.03941323 -0.0020953164 0.0
0.089866646 -0.0023654632 0.0
0.12823677 -0.003665914 0.0
0.041678919 0.00365485 0.0
0.035076139 0.0037872535 0.0
0.22712945 -0.008437365 0.0
0.022605092 -0.00056325497 0.0
0.13710155 -0.0045121864 0.0
0.20578433 -0.00334367 0.0
0.10901788 -0.0062160912 0.0
0.086023895 -0.00070658148 0.0
0.089995938 0.00079662291 0.0
0.16262568 -0.0043765788 0.0
0.15280798 -0.0050834201 0.0
0.10253691 -0.0021666886 0.0
0.21810626 -0.0079997374 0.0
0.20305857 -0.0067128604 0.0
0.24292214 -0.010857727 0.0
0.20601274 -0.0068266561 0.0
0.25324577 -0.011185753 0.0
0.21434565 -0.0086722808 0.0
0.3505286 -0.019998572 0.0
0.34622717 -0.01994323 0.0
0.35370969 -0.021360893 0.0
0.3502988 -0.020245292 0.0
0.34426387 -0.019642108 0.0
0.34613114 -0.020423003 0.0
0.34996667 -0.021358578 0.0
0.3479226 -0.022031013 0.0
0.33905323 -0.020681186 0.0
0.33612975 -0.019519903 0.0
0.33381343 -0.019569981 0.0
0.32821836 -0.020060843 0.0
0.35141344 -0.021191675 0.0
0.35261796 -0.022839446 0.0
0.35132141 -0.023097501 0.0
0.35346166 -0.022449443 0.0
0.34918855 -0.023342597 0.0
0.34912954 -0.024203441 0.0
0.33891446 -0.021256879 0.0
0.34635554 -0.023995276 0.0
0.34912464 -0.025605225 0.0
0.32628308 -0.020193062 0.0
0.32893389 -0.030383444 0.0
0.3475408 -0.026889015 0.0
-0.002288776 -8.4751247e-05 0.0
-0.018554241 0.0016507806 0.0
0.14848363 -0.027678962 0.0
0.1514206 -0.026539507 0.0
-0.02131414 -0.0013727104 0.0
-0.020523934 0.00044461076 0.0
-0.01389106 -0.00053177585 0.0
-0.01474764 -7.159536e-05 0.0
-0.020917883 -0.0014394882 0.0
-0.019937964 -0.0028755393 0.0
-0.022390734 -0.0014895592 0.0
-0.022909478 -0.0019230258 0.0
-0.0076745068 0.00013124571 0.0
0.23318084 -0.032676564 0.0
0.21104304 -0.031674448 0.0
0.24715713 -0.033602099 0.0
0.26481333 -0.03474965 0.0
0.26710642 -0.034599715 0.0
0.29513016 -0.034863931 0.0
0.27531191 -0.035840363 0.0
0.15812032 -0.029304794 0.0
0.24335212 -0.035280029 0.0
0.29376628 -0.036370053 0.0
0.31042773 -0.03508488 0.0
0.2936575 -0.032571929 0.0
0.17782806 -0.029753335 0.0
0.14547552 -0.026966763 0.0
0.17946795 -0.030111921 0.0
0.17567284 -0.029872264 0.0
0.1668061 -0.030966376 0.0
0.18499308 -0.031288728 0.0
0.078449577 -0.019888523 0.0
0.06371247 -0.017234009 0.0
-0.0019313845 -0.001898921 0.0
0.00073649999 2.1085388e-05 0.0
-0.0032225824 -0.00052885265 0.0
-0.0012384718 -0.0009092554 0.0
0.15877838 -0.029593149 0.0
-0.0006417125 -0.00066134744 0.0
0.0012899536 -0.00046740119 0.0
0.18855355 -0.030873925 0.0
0.17616349 -0.032012756 0.0
0.15683802 -0.0284383 0.0
0.22991248 -0.034011738 0.0
0.17543797 -0.031151844 0.0
0.21491135 -0.033009261 0.0
0.20089432 -0.031087627 0.0
0.20730088 -0.032186454 0.0
0.16657451 -0.029396419 0.0
0.21511605 -0.032760361 0.0
0.27363483 -0.037428446 0.0
0.22244384 -0.03331707 0.0
0.27609373 -0.036030447 0.0
0.23534488 -0.035548964 0.0
0.19348157 -0.03126815 0.0
0.22431957 -0.034330722 0.0
0.15699186 -0.027852311 0.0
0.1430056 -0.026712983 0.0
0.16095196 -0.028645008 0.0
0.13304728 -0.024369719 0.0
0.12438327 -0.025105429 0.0
0.12401723 -0.024054504 0.0
0.11109441 -0.023560734 0.0
0.11661902 -0.024386856 0.0
0.19188176 -0.031712814 0.0
0.20799986 -0.033179726 0.0
0.1981007 -0.031453607 0.0
0.24314131 -0.0359915 0.0
0.22217861 -0.034028936 0.0
0.20015513 -0.032479803 0.0
0.25120333 -0.035755889 0.0
0.22442307 -0.034250146 0.0
0.27197836 -0.035724831 0.0
0.27787662 -0.036228817 0.0
0.25208049 -0.035925459 0.0
0.26257934 -0.035933486 0.0
0.1046469 0.0020269844 0.0
0.26205837 -0.035404149 0.0
0.31782351 -0.035714575 0.0
0.28760988 -0.036628969 0.0
0.27266427 -0.036026966 0.0
0.24676476 -0.036186261 0.0
0.29371988 -0.036510412 0.0
0.28061917 -0.036628769 0.0
0.22408776 -0.034067192 0.0
0.23552248 -0.035131713 0.0
0.3215768 0.012694458 0.0
0.31164466 0.0091238771 0.0
0.31206997 0.010002198 0.0
0.32125265 0.012015319 0.0
0.25916491 0.0041816305 0.0
0.30363671 0.0096964578 0.0
0.1316665 -0.0061101713 0.0
0.268627 0.0047167057 0.0
0.24732606 0.00090002281 0.0
0.29753555 0.0061183367 0.0
0.28479254 0.0057277776 0.0
0.31730006 0.0090895989 0.0
0.25155392 0.0040933692 0.0
0.28955366 0.0052073564 0.0
0.32568062 0.0097909109 0.0
0.32642951 0.011289732 0.0
0.23377506 0.00019881864 0.0
0.15342975 -0.0012258593 0.0
0.29165249 0.0054818854 0.0
0.30656428 0.0070523198 0.0
0.24075874 0.0037415037 0.0
0.24506458 0.0034735788 0.0
0.24524416 0.0047847282 0.0
0.26921794 0.0044158343 0.0
0.14576208 -0.00024420056 0.0
0.15616421 0.0038629073 0.0
0.1768449 -0.00026499454 0.0
0.24810182 0.0029858461 0.0
0.068083323 -0.00037240944 0.0
0.036498167 0.0012595442 0.0
0.27541064 0.0067842349 0.0
0.27983637 0.0092404793 0.0
0.27636942 0.010898503 0.0
0.2787292 0.0076917466 0.0
0.24537261 0.003307713 0.0
0.27822098 0.014175297 0.0
0.26781734 0.0050384236 0.0
0.2653466 0.00575161 0.0
0.27430525 0.0077594054 0.0
0.27935227 0.01097434 0.0
0.28625275 0.0078274888 0.0
0.28223084 0.0081157594 0.0
0.22384964 0.0027907957 0.0
0.26633024 0.0046327492 0.0
0.28663368 0.016307792 0.0
0.27727661 0.01850144 0.0
0.26973552 0.0099142638 0.0
0.28905923 0.058441117 0.0
0.31422953 0.059416408 0.0
0.30575945 0.057559433 0.0
0.31910295 0.057689915 0.0
0.31249591 0.051143249 0.0
0.287149 0.046751923 0.0
0.28252707 0.081075444 0.0
0.31332958 0.063325415 0.0
0.30923928 0.069008368 0.0
0.29896431 0.064242383 0.0
0.30823107 0.09810209 0.0
0.33387654 0.071186202 0.0
0.33110132 0.078733706 0.0
0.32050662 0.079218341 0.0
0.32802873 0.083175988 0.0
0.31886979 0.1056316 0.0
0.31842069 0.11366957 0.0
0.13109042 0.0024559942 0.0
0.092952279 0.00021009746 0.0
0.0024477385 0.0061858919 0.0
0.095640368 -0.0022684477 0.0
-0.0067436178 0.0021596968 0.0
-0.0031443252 0.0031205786 0.0
0.12420871 -0.0031171918 0.0
0.10935646 -0.0031259609 0.0
0.13741776 -0.0014812405 0.0
0.24623109 0.0015033718 0.0
-0.0033608866 -0.0014420235 0.0
0.027172542 0.0015712897 0.0
-0.0031397257 0.0050086109 0.0
0.070990178 -0.0027025602 0.0
0.30998886 0.013650881 0.0
0.29521611 0.0091874957 0.0
0.13402259 0.0013750042 0.0
0.1815643 0.0012699179 0.0
0.20793428 -0.013603588 0.0
0.20207081 -0.01518166 0.0
0.16173384 -0.0064906894 0.0
0.089325982 -0.0013293417 0.0
0.03743889 0.0013748192 0.0
0.12683327 -0.011162333 0.0
0.076265343 5.6192622e-05 0.0
0.10747176 -0.0024140154 0.0
0.12750311 -0.019181993 0.0
0.090754305 -0.013048234 0.0
0.081421224 -0.01698753 0.0
0.083627647 -0.01550915 0.0
-0.00093280233 0.00079366993 0.0
-0.00021052112 5.227154e-05 0.0
0.092730391 0.0018271191 0.0
0.029063978 -0.0022253673 0.0
0.021806283 5.6034119e-06 0.0
0.025402589 9.9274246e-05 0.0
0.12955871 -0.001094866 0.0
0.102471 -0.0022828769 0.0
0.038434769 0.00058853944 0.0
0.20709233 -0.0068904867 0.0
0.022444293 0.00090358094 0.0
0.054433729 -0.00046030231 0.0
0.030514796 0.0022131815 0.0
0.17965323 -0.0060996027 0.0
0.19136638 -0.0061672058 0.0
0.1451744 -0.0038681017 0.0
0.13942259 -0.0068352871 0.0
0.18088718 -0.0055310959 0.0
0.34446519 -0.024387658 0.0
0.34282739 -0.029745383 0.0
0.3460601 -0.024637077 0.0
0.34159562 -0.022993114 0.0
0.34518366 -0.028572356 0.0
0.34366697 -0.027921966 0.0
0.34890945 -0.026042422 0.0
0.34740497 -0.027620586 0.0
0.34540521 -0.02779195 0.0
0.34855629 -0.026518189 0.0
0.33973236 -0.02929155 0.0
0.340103 -0.029907152 0.0
0.32857293 -0.032869156 0.0
0.34505008 -0.028882792 0.0
0.33903809 -0.029730106 0.0
0.34310644 -0.029524989 0.0
0.33508313 -0.031414661 0.0
0.3371423 -0.030996169 0.0
-0.01319515 -0.00031888228 0.0
-0.021769317 -0.0017728266 0.0
0.29397918 -0.031107886 0.0
0.32937548 -0.031612093 0.0
0.32069207 -0.031803575 0.0
0.32442145 -0.031151825 0.0
0.27533148 -0.034405932 0.0
0.29298897 -0.033801473 0.0
0.27355904 -0.034424979 0.0
0.29362742 -0.035322206 0.0
0.29475439 -0.036317162 0.0
0.2955569 -0.023494826 0.0
0.15947599 -0.028106625 0.0
0.19263824 -0.032601807 0.0
0.27154613 -0.036070624 0.0
0.28651097 -0.036129463 0.0
0.25571747 -0.035486178 0.0
0.27198581 -0.036064943 0.0
0.28697697 -0.035803839 0.0
0.30639246 -0.035887362 0.0
0.23206276 0.0015543065 0.0
0.26880326 0.0024422593 0.0
0.19559834 0.00095627125 0.0
0.19255257 0.00026252158 0.0
0.17856884 -0.00073304493 0.0
0.18186136 -0.0014422993 0.0
0.20895401 0.0011239657 0.0
0.19849452 -0.0024683038 0.0
0.20512805 -0.0021165021 0.0
0.11877454 -0.001851658 0.0
0.091275453 -0.004186402 0.0
0.061721346 -0.00019589378 0.0
0.059426823 -0.0015408105 0.0
0.049954304 0.00052526394 0.0
0.079722479 0.0013744957 0.0
0.13279748 -0.0015797214 0.0
0.24149308 0.0030085824 0.0
0.21051939 -0.00097133242 0.0
0.11975006 0.0030414283 0.0
0.21951455 0.0020647227 0.0
0.23626357 0.0033873884 0.0
0.27692945 0.0090538122 0.0
0.28037218 0.013175012 0.0
0.28340057 0.017606712 0.0
0.27548518 0.0062758298 0.0
0.26470107 0.0047506718 0.0
0.25374625 0.0034358962 0.0
0.25084605 0.0029048909 0.0
0.17440393 0.0012071547 0.0
0.065869099 -0.0050077924 0.0
0.14495171 0.0029483947 0.0
0.20274118 -0.00043832072 0.0
0.067999734 0.0010288862 0.0
0.19915157 0.0025951289 0.0
0.21879835 0.0033842538 0.0
0.26850125 0.0076259075 0.0
0.20277347 0.0017022583 0.0
0.14297452 0.0033691787 0.0
0.20389689 0.0021018508 0.0
0.13473444 -0.00040986207 0.0
0.11785325 0.00083073061 0.0
0.22193432 0.00274291 0.0
0.22799329 0.0026464492 0.0
0.25027621 0.0047631059 0.0
0.068941518 0.0026933569 0.0
0.12295938 -0.0004385609 0.0
0.17559844 0.00085025649 0.0
0.036016207 0.003198845 0.0
0.27897751 0.0064010528 0.0
0.26888165 0.0050848736 0.0
0.25156744 0.0038846408 0.0
0.26642922 0.0048210609 0.0
0.28400356 0.017561737 0.0
0.28150047 0.021542169 0.0
0.2716144 0.044414762 0.0
0.28905987 0.050949688 0.0
0.27860048 0.026431952 0.0
0.28050013 0.032014378 0.0
0.31880885 0.090923334 0.0
0.2851925 0.06590804 0.0
0.22367478 -0.00087225104 0.0
0.18357806 -0.00093512558 0.0
-0.0021930101 0.006598906 0.0
0.0038541999 0.0012143119 0.0
0.036962991 -0.00014423295 0.0
0.10431229 -0.00025488986 0.0
0.054082866 -0.0016899209 0.0
0.010069178 -0.00039652378 0.0
0.33706502 -0.02171989 0.0
0.3306137 -0.021441955 0.0
0.33769687 -0.024097775 0.0
0.2630898 -0.013883831 0.0
0.33067625 -0.022535543 0.0
0.2391712 -0.012732593 0.0
0.32553156 -0.03463278 0.0
0.32182619 -0.021736392 0.0
0.34531503 -0.027215012 0.0
0.33704005 -0.024310944 0.0
0.34808414 -0.025703982 0.0
0.34418611 -0.025077802 0.0
0.33545749 -0.031907158 0.0
0.33731381 -0.030781065 0.0
0.32817241 -0.034423503 0.0
0.34090338 -0.030636302 0.0
0.33979066 -0.030245332 0.0
0.33219418 -0.030367477 0.0
0.32959775 -0.031815541 0.0
0.34005217 -0.030819824 0.0
0.32085586 -0.032717584 0.0
0.33319167 -0.032696907 0.0
0.31992781 -0.033070524 0.0
0.3077563 -0.03391736 0.0
0.31914647 -0.03454013 0.0
0.32820113 -0.03404321 0.0
0.33870506 -0.031677006 0.0
0.3399514 -0.026336218 0.0
0.34090466 -0.030371511 0.0
0.34263047 -0.029841556 0.0
0.29020161 -0.033128837 0.0
0.28991607 -0.032072077 0.0
0.28919789 -0.033527493 0.0
0.3093787 -0.033672247 0.0
0.29327217 -0.031650796 0.0
0.26976286 -0.031272137 0.0
0.26813462 -0.03235865 0.0
0.29231994 -0.031839775 0.0
0.27117128 -0.029727757 0.0
0.25625416 -0.029956881 0.0
0.3048609 -0.032293794 0.0
0.31049806 -0.030113733 0.0
0.24940607 -0.031074473 0.0
0.27212482 -0.030179962 0.0
0.21475547 -0.030449302 0.0
0.24981465 -0.030494228 0.0
0.28063973 -0.031491767 0.0
0.30861082 -0.030395703 0.0
0.27983131 -0.031389271 0.0
0.29881491 -0.031627727 0.0
0.28912662 -0.035712444 0.0
0.32250176 -0.034595321 0.0
0.28143273 -0.036510688 0.0
0.29679983 -0.036394453 0.0
0.27529696 -0.035971722 0.0
0.30494341 -0.035653861 0.0
0.31866437 -0.035510237 0.0
0.29835862 -0.036328376 0.0
0.30510832 -0.036309376 0.0
0.29818696 -0.036655922 0.0
0.30949524 -0.036394893 0.0
0.31787113 -0.035992259 0.0
0.30564301 -0.036763277 0.0
0.32641895 -0.034482027 0.0
0.31344242 -0.036008451 0.0
0.31576848 -0.035958502 0.0
0.30182921 -0.020103152 0.0
0.32698849 -0.034138934 0.0
0.31382603 -0.036031718 0.0
0.32801428 -0.034309234 0.0
0.32646268 -0.034440807 0.0
0.32841252 -0.034306843 0.0
0.32537632 -0.03511049 0.0
0.33020254 -0.033757492 0.0
0.23688643 -0.012920258 0.0
0.33740391 -0.031755437 0.0
0.33084593 -0.033781991 0.0
0.33125901 -0.034182779 0.0
0.32177576 -0.034838431 0.0
0.32023435 -0.035166747 0.0
0.31073101 -0.036719548 0.0
0.31928165 -0.036035697 0.0
0.31674166 -0.035577025 0.0
0.31937081 -0.034431535 0.0
0.32221056 -0.034294874 0.0
0.30718445 -0.034440478 0.0
0.29574185 -0.036978921 0.0
0.31976575 -0.035415492 0.0
0.29375921 -0.03696554 0.0
0.30886222 -0.036801992 0.0
0.32614916 -0.034308295 0.0
0.10782599 -0.0032015599 0.0
0.30964916 -0.036549075 0.0
0.32894223 -0.032790585 0.0
0.32210285 -0.034615458 0.0
0.30793204 -0.036392163 0.0
0.32816858 -0.026702805 0.0
0.24901712 -0.016451764 0.0
0.32709019 -0.034128886 0.0
0.3286567 -0.027442418 0.0
0.028616706 -0.00054902061 0.0
0.32263184 -0.034954376 0.0
0.33038881 -0.033835168 0.0
0.30025087 -0.023492315 0.0
0.007003465 0.00031961374 0.0
0.29674345 -0.036328203 0.0
0.31228727 -0.036092941 0.0
0.29521072 -0.035632325 0.0
0.31779466 -0.03563313 0.0
0.28638833 -0.036386188 0.0
0.31179138 -0.035743179 0.0
0.14639441 -5.7771955e-05 0.0
0.06285811 0.00058519665 0.0
0.054821228 0.00025429927 0.0
0.27777387 0.0090642118 0.0
0.28256728 0.012220373 0.0
0.28478427 0.016273689 0.0
0.27822611 0.011169785 0.0
0.28218599 0.013161599 0.0
0.27229193 0.0081624363 0.0
0.28199086 0.016084603 0.0
0.25813886 0.0059632904 0.0
0.27391206 0.013401542 0.0
0.27337802 0.0073814964 0.0
0.27142957 0.0097516647 0.0
0.2659425 0.0068202076 0.0
0.25518372 0.0058689366 0.0
0.26337346 0.0072559816 0.0
0.26979257 0.019360473 0.0
0.23346704 0.0025003913 0.0
0.24438267 0.0025797351 0.0
0.21532699 0.00077074068 0.0
0.20603672 0.0018515094 0.0
0.19521121 0.002399239 0.0
0.22490088 0.0032591873 0.0
0.13920684 0.00081682258 0.0
0.24523047 0.0037694955 0.0
0.063679754 0.0066355687 0.0
0.041259494 -0.001097937 0.0
0.17801589 0.00092939887 0.0
0.11726069 0.0042234093 0.0
0.28478572 0.038784527 0.0
0.28223448 0.045916405 0.0
0.28649039 0.038105026 0.0
0.27691311 0.029433295 0.0
0.27612506 0.035861326 0.0
0.28718675 0.068295403 0.0
0.27833419 0.043338983 0.0
0.28528791 0.053087667 0.0
0.28345093 0.059027886 0.0
0.29279696 0.053923762 0.0
0.27317441 0.03815812 0.0
0.28072625 0.058766996 0.0
0.28511862 0.058152211 0.0
0.28327792 0.070205092 0.0
0.29591562 0.074958494 0.0
0.29862716 0.073737186 0.0
0.28246342 0.025813534 0.0
0.28269638 0.030891101 0.0
0.33019641 0.081464447 0.0
0.32539007 0.094744475 0.0
0.27528425 0.079502866 0.0
0.3076241 0.12508478 0.0
0.015151876 0.0022352298 0.0
0.31007272 0.06588046 0.0
0.0058029956 -0.0049316475 0.0
0.0045492352 0.0033950413 0.0
-0.0023641641 0.0039394148 0.0
-0.006052911 0.0012892634 0.0
2.0735005e-05 -0.0042201025 0.0
-0.0029618683 0.00826208 0.0
-0.0051917126 -0.0048734048 0.0
-0.006069988 -0.0036335498 0.0
0.035556058 0.00012689207 0.0
-0.0047160877 0.0034962936 0.0
-0.0041268949 -0.0041751874 0.0
-0.0060916144 0.0056185012 0.0
-0.0055539264 0.00013626889 0.0
-0.0041914576 0.0074390121 0.0
-0.00050814562 0.0024398455 0.0
-0.0045168432 -0.0020035401 0.0
-0.0020367146 -0.0016164095 0.0
-0.0048327124 0.0054458089 0.0
-0.001485184 0.0046961435 0.0
-0.0004101334 7.5908242e-05 0.0
-0.00049390485 1.6320705e-05 0.0
-0.0051851947 0.0014370309 0.0
-0.002636198 -0.0036283247 0.0
-0.0015046043 -1.212519e-05 0.0
-0.0030675789 -0.00024313214 0.0
-0.0016014639 -0.0063352332 0.0
-0.0028087657 -0.012104597 0.0
-2.9935287e-05 -9.0998362e-06 0.0
-0.002064873 -0.00021311761 0.0
-0.00069680107 -0.0014787501 0.0
-0.0034510927 0.00071595696 0.0
-0.00074351929 -0.00043833281 0.0
-0.00071736222 0.0014093702 0.0
-0.0021369672 0.002062452 0.0
-0.0015216645 -0.00079570252 0.0
-0.00032505032 -0.00023114314 0.0
-0.00053548857 -0.001398027 0.0
-0.00079056299 0.00072028584 0.0
-0.00041637254 0.000696226 0.0
-0.00038641453 0.001611212 0.0
-0.0023587612 0.0014357658 0.0
-0.00092835482 -0.00010312654 0.0
-5.5330465e-05 -3.3379679e-05 0.0
-0.0017062119 -0.0035302908 0.0
-0.00032812941 -0.00066581726 0.0
-0.0017036217 -0.0022373372 0.0
0.092157942 -0.0022408753 0.0
0.073573275 -0.00022233883 0.0
0.10508267 -0.0030559836 0.0
0.029624885 0.00052804414 0.0
0.020729984 0.0001450945 0.0
0.0077613439 -0.00031125728 0.0
0.073300897 -0.0011620236 0.0
0.058201765 -0.0024302949 0.0
0.11315507 -0.003660909 0.0
0.088231208 -0.0022027835 0.0
0.17163719 -0.0059850884 0.0
0.047278487 -0.0032930253 0.0
0.15083219 -0.005881011 0.0
0.11222517 -0.0036485333 0.0
0.19282871 -0.0053620102 0.0
0.18013098 -0.0069956379 0.0
0.17558538 -0.0067829774 0.0
0.17619132 -0.0055401648 0.0
0.20588545 -0.0085760123 0.0
0.13378238 -0.0039032682 0.0
0.22971644 -0.0098734207 0.0
0.10012149 -0.00037032605 0.0
0.049223068 -0.00083606844 0.0
0.011875826 -0.00034660679 0.0
0.054612301 0.00040999469 0.0
0.094123359 -0.0027859975 0.0
0.050894386 -0.0012596588 0.0
0.058625828 -0.0024751649 0.0
0.025813915 -0.0019047713 0.0
0.087584687 -0.0010877826 0.0
0.20912904 -0.0080511304 0.0
0.031877303 -0.0002874314 0.0
0.094729455 -0.001176852 0.0
0.07561856 -0.0008297803 0.0
0.12897007 -0.0013428672 0.0
0.16380754 -0.0062160291 0.0
0.076206112 -0.00021728173 0.0
0.027725755 0.00086336136 0.0
0.18809199 -0.0060909538 0.0
0.11078498 -0.0019332886 0.0
0.14058315 -0.0033666157 0.0
0.19287081 -0.0078056893 0.0
0.088230981 -0.0024754982 0.0
0.027523276 0.0024509312 0.0
0.053763173 0.0025556289 0.0
0.053535919 0.00073447401 0.0
0.2473027 -0.011595773 0.0
0.18493072 -0.0064497725 0.0
0.18574673 -0.0061487617 0.0
0.13589453 -0.0027726489 0.0
0.14853298 -0.0026122084 0.0
0.058632956 -0.00027682197 0.0
0.22483198 -0.011148985 0.0
0.10568464 -0.0021876676 0.0
0.094427821 -0.0026682115 0.0
0.1285479 -0.0025607141 0.0
0.22066417 -0.010407565 0.0
0.12560702 -0.0050259957 0.0
0.18368346 -0.01176353 0.0
0.079176059 -0.0023867497 0.0
0.32088909 -0.024405969 0.0
0.067016395 0.00068333742 0.0
0.05394046 -0.0002968505 0.0
0.054486864 0.00026671141 0.0
0.028774726 0.00090262009 0.0
0.0085112779 0.0002382609 0.0
0.27899417 -0.015585523 0.0
0.2626947 -0.013637424 0.0
0.22982794 -0.0086172775 0.0
0.24646516 -0.012824351 0.0
0.2423477 -0.009788699 0.0
0.26649634 -0.013394226 0.0
0.24775427 -0.01293655 0.0
0.18477517 -0.0085486982 0.0
0.24070951 -0.0093257101 0.0
0.27108682 -0.013835197 0.0
0.29128743 -0.016189463 0.0
0.26330449 -0.013568221 0.0
0.24899301 -0.012254946 0.0
0.22299896 -0.010945246 0.0
0.30713607 -0.018075891 0.0
0.30760216 -0.018771829 0.0
0.28864047 -0.015927021 0.0
0.28955325 -0.015749909 0.0
0.27953474 -0.014861355 0.0
0.2748305 -0.015018213 0.0
0.20911807 -0.010839724 0.0
0.16444358 -0.0056585366 0.0
0.30739768 -0.019665268 0.0
0.2922623 -0.017261299 0.0
0.23897141 -0.012636962 0.0
0.19131941 -0.0077655779 0.0
0.2464999 -0.012803158 0.0
0.21322439 -0.0099582735 0.0
0.26287777 -0.013545236 0.0
0.33514018 -0.027714802 0.0
0.18111423 -0.0075710364 0.0
0.16539449 -0.0041709948 0.0
0.21632462 -0.011516244 0.0
0.14862042 -0.0043390229 0.0
0.14642753 -0.0032174027 0.0
0.18250634 -0.0048898059 0.0
0.12671463 -0.0029665621 0.0
0.098328391 -0.0019386833 0.0
0.32945131 -0.026671396 0.0
0.27233658 -0.017375901 0.0
0.31134884 -0.024645647 0.0
0.18067694 -0.0092070347 0.0
0.13704082 -0.0035159875 0.0
0.11118072 -0.0040702956 0.0
0.27482318 -0.01544096 0.0
0.27896362 -0.016129202 0.0
0.20558783 -0.010914117 0.0
0.31281581 -0.023987882 0.0
0.30219665 -0.018574611 0.0
0.28837076 -0.017376441 0.0
0.33292335 -0.027919302 0.0
0.33257582 -0.02521672 0.0
0.24599242 -0.013556031 0.0
0.23933061 -0.012957298 0.0
0.33050384 -0.024030263 0.0
0.29407207 -0.018509914 0.0
0.25744067 -0.014654983 0.0
0.32891758 -0.025314593 0.0
0.31596196 -0.022670416 0.0
0.23519774 -0.013697979 0.0
0.33187399 -0.032991103 0.0
0.095239096 -0.0017553547 0.0
0.30211774 -0.01806154 0.0
0.30557876 -0.020406526 0.0
0.30837864 -0.0195812 0.0
0.32178788 -0.022190524 0.0
0.31082765 -0.021422054 0.0
0.28861724 -0.017763953 0.0
0.31662358 -0.022765118 0.0
0.27599631 -0.018350535 0.0
0.31130547 -0.021242927 0.0
0.21400789 -0.010170726 0.0
0.31969216 -0.021747309 0.0
0.31948248 -0.022265325 0.0
0.21410007 -0.010593995 0.0
0.23047021 -0.015431504 0.0
0.33811555 -0.026413384 0.0
0.32470248 -0.023769602 0.0
0.33014602 -0.03156985 0.0
0.13258991 -0.0077804478 0.0
0.33631813 -0.031609828 0.0
0.32400883 -0.023771655 0.0
0.33029345 -0.024506493 0.0
0.34089622 -0.030000745 0.0
0.33396986 -0.024545208 0.0
0.3378394 -0.027164557 0.0
0.32185163 -0.024037877 0.0
0.34152123 -0.029327088 0.0
0.32974067 -0.033395973 0.0
0.31115984 -0.022065295 0.0
0.05973834 -0.0031592209 0.0
0.27668127 -0.019861546 0.0
0.33370519 -0.031749551 0.0
0.34588718 -0.026536635 0.0
0.321411 -0.034677904 0.0
0.31747387 -0.027437622 0.0
0.25781924 -0.016689584 0.0
0.34185177 -0.027908681 0.0
0.16830739 -0.01084465 0.0
0.15499927 -0.0058338929 0.0
0.34368169 -0.025301039 0.0
0.091349526 -0.0028119322 0.0
0.2149679 -0.010129203 0.0
0.33420231 -0.031516066 0.0
0.33088568 -0.03383899 0.0
0.33576068 -0.031816177 0.0
0.035719013 -0.0022712137 0.0
0.34211182 -0.027653637 0.0
0.30050007 -0.02367729 0.0
0.034188993 -0.0031984324 0.0
0.32872074 -0.025646386 0.0
0.3274465 -0.032635258 0.0
0.33430847 -0.03269368 0.0
0.3303448 -0.033394998 0.0
0.32379152 -0.025700553 0.0
0.33243964 -0.033095176 0.0
0.28049812 -0.017481502 0.0
0.33682034 -0.030170056 0.0
0.30746214 -0.021246726 0.0
0.33344486 -0.032767762 0.0
0.33401249 -0.024106102 0.0
0.34021336 -0.025643754 0.0
0.32913476 -0.022709723 0.0
0.33606047 -0.023362225 0.0
0.34254417 -0.025986553 0.0
0.34314091 -0.029580089 0.0
0.27840847 -0.016379555 0.0
0.28786236 -0.018376077 0.0
0.276447 -0.017770432 0.0
0.081187793 -0.00052940707 0.0
0.2943449 -0.019734781 0.0
0.15213795 -0.0066778156 0.0
0.092167737 -0.0011166049 0.0
0.12924486 -0.0040777443 0.0
0.16259588 -0.010741505 0.0
0.128155 -0.0065106605 0.0
0.1180023 -0.0063613157 0.0
0.25665988 -0.017190617 0.0
0.24828623 -0.015802192 0.0
0.34032343 -0.028462166 0.0
0.33436492 -0.033176571 0.0
0.34431362 -0.027459298 0.0
0.34374844 -0.029374656 0.0
0.34266049 -0.02973571 0.0
0.33915609 -0.029304336 0.0
0.30921962 -0.023983086 0.0
0.26034387 -0.016870174 0.0
0.27326882 -0.018741358 0.0
0.22612334 -0.013173048 0.0
0.33634505 -0.030429817 0.0
0.33858418 -0.031335198 0.0
0.3420214 -0.029089974 0.0
0.33983108 -0.028628733 0.0
0.33981588 -0.031099743 0.0
0.3382042 -0.032031421 0.0
0.33273128 -0.026271651 0.0
0.3405738 -0.027955805 0.0
0.30383598 -0.022334811 0.0
0.27829034 -0.019858897 0.0
0.30120831 -0.022782847 0.0
0.26126717 -0.018259792 0.0
0.28738984 -0.019741366 0.0
0.28458739 -0.02020613 0.0
0.30226849 -0.023786813 0.0
0.25688371 -0.016923707 0.0
0.25521611 -0.016997925 0.0
0.16848792 -0.0099845879 0.0
0.31256263 -0.024396273 0.0
0.33558983 -0.02826518 0.0
0.33987501 -0.030632277 0.0
0.33378535 -0.033869323 0.0
0.34065491 -0.03083753 0.0
0.33807352 -0.031612467 0.0
0.29480874 -0.021255285 0.0
0.28731114 -0.019975544 0.0
0.23565255 -0.01468538 0.0
0.20866395 -0.011114548 0.0
0.3367998 -0.03202718 0.0
0.33354434 -0.033704336 0.0
0.34120829 -0.030663684 0.0
0.33300889 -0.033009541 0.0
0.33929516 -0.031035846 0.0
0.33909309 -0.031660074 0.0
0.33894465 -0.031513157 0.0
0.3343437 -0.033223695 0.0
0.32224297 -0.025544777 0.0
0.32791987 -0.033139368 0.0
0.31097368 -0.022619383 0.0
0.30990375 -0.024028652 0.0
0.3260571 -0.034941049 0.0
0.33639185 -0.033036692 0.0
0.32868979 -0.034772521 0.0
0.33317076 -0.033809508 0.0
0.31016477 -0.023922064 0.0
0.31201072 -0.025830945 0.0
0.29265732 -0.022358694 0.0
0.28462284 -0.020383318 0.0
0.33606896 -0.022387938 0.0
0.34263806 -0.024244274 0.0
0.32761164 -0.031973905 0.0
0.3193479 -0.033236224 0.0
0.30702044 -0.032843315 0.0
0.32151045 -0.032141195 0.0
0.31039115 -0.030423749 0.0
0.31044309 -0.031276832 0.0
0.23859753 -0.03215373 0.0
0.23777381 -0.030721316 0.0
0.29821669 -0.034715088 0.0
0.30935202 -0.034237457 0.0
0.33204444 -0.033514414 0.0
0.32189416 -0.033853442 0.0
0.33815805 -0.032132516 0.0
0.32874841 -0.034151958 0.0
0.33347835 -0.032857675 0.0
0.33513777 -0.032696011 0.0
0.30717587 -0.035569052 0.0
0.31053454 -0.035225872 0.0
0.035780801 -0.00093852363 0.0
0.31405241 -0.034876262 0.0
0.11496854 -0.00019617074 0.0
0.26761843 0.0068473897 0.0
0.26955744 0.0076472556 0.0
0.26291511 0.0059111996 0.0
0.25156298 0.0042448562 0.0
0.2452357 0.0048172006 0.0
0.25698047 0.0060309701 0.0
0.22032411 0.0042280769 0.0
0.25055983 0.0052149764 0.0
0.23598763 0.0043592218 0.0
0.25142182 0.0051755921 0.0
0.19929362 0.0032145497 0.0
0.24388648 0.0042124404 0.0
0.03023218 0.00023346618 0.0
0.14082423 -0.0019777999 0.0
0.042554139 -0.00066155616 0.0
0.25817851 0.0064849338 0.0
0.26054339 0.007312973 0.0
0.2628249 0.0073758733 0.0
0.063547443 -0.0011258087 0.0
0.25329513 0.0050686898 0.0
0.17607315 -0.00074423898 0.0
0.17490222 0.00036247556 0.0
0.18945955 -0.00036235285 0.0
0.26024961 0.020236035 0.0
0.24167751 0.0042258743 0.0
0.18295342 -0.00057569119 0.0
0.25869258 0.0065114433 0.0
0.26743673 0.0092818907 0.0
0.25367525 0.0056671462 0.0
0.26290326 0.0076315698 0.0
0.25393788 0.0043144817 0.0
0.26544325 0.027887677 0.0
0.26860852 0.0085133253 0.0
0.25956661 0.0061218041 0.0
0.22476489 0.0013658779 0.0
0.058885089 -0.00026069822 0.0
0.24294006 0.003645668 0.0
0.19277083 -0.0001666575 0.0
0.13354748 -0.001613262 0.0
0.12907663 -0.0015723705 0.0
0.17425552 0.0034927982 0.0
0.24669842 0.0041426932 0.0
0.11646316 -0.001576051 0.0
0.18098708 -0.0017469593 0.0
0.070639173 5.9664656e-05 0.0
0.043519512 -0.00010316223 0.0
0.11977518 0.0015216445 0.0
0.18364365 -0.00011667467 0.0
0.15839 -0.0010878799 0.0
0.25598516 0.0057475302 0.0
0.22691196 0.0021420177 0.0
0.24030459 0.002979812 0.0
0.22113251 0.0020198248 0.0
0.18995033 0.00011742772 0.0
0.21684614 0.00028350638 0.0
0.24205841 0.0033007995 0.0
0.22412989 0.0025868668 0.0
0.18854486 0.00016144306 0.0
0.13836994 -0.0024138648 0.0
0.14588321 -0.0021308827 0.0
0.24072076 0.0043052783 0.0
0.23033336 0.0035801824 0.0
0.21998662 0.0031044921 0.0
0.22972071 0.003892272 0.0
0.12142009 -0.00069491953 0.0
0.048770902 -0.00064094656 0.0
0.068821761 -0.00041694893 0.0
0.045659367 -0.00064255022 0.0
0.27941685 0.017598641 0.0
0.13469826 0.0007300244 0.0
0.21493745 3.5096954e-05 0.0
0.039098739 0.00015093256 0.0
0.068933792 -0.0016848533 0.0
0.12689016 0.00029994931 0.0
0.036757683 -0.00098517989 0.0
0.18201784 -0.00086693918 0.0
0.1932118 -0.0018675649 0.0
0.14846011 0.0010965121 0.0
0.27665864 0.050339111 0.0
0.25369045 0.0053501077 0.0
0.25359145 0.015476245 0.0
0.070738164 0.0018543233 0.0
0.18667179 -0.0013616046 0.0
0.28941205 0.037174155 0.0
0.27584361 0.011546301 0.0
0.28584807 0.032791848 0.0
0.27396137 0.031554 0.0
0.27855198 0.03590902 0.0
0.26845988 0.026401068 0.0
0.2647387 0.038782642 0.0
0.2714201 0.031712703 0.0
0.23968403 0.016610753 0.0
0.26588504 0.032280072 0.0
0.26854354 0.044120674 0.0
0.25994105 0.017106919 0.0
0.26305017 0.025895145 0.0
0.26634035 0.046872647 0.0
0.27534015 0.052270278 0.0
0.269635 0.036974685 0.0
0.25894245 0.028850051 0.0
0.26785623 0.022650443 0.0
0.26373289 0.031417446 0.0
0.28036213 0.049557587 0.0
0.2737152 0.043275969 0.0
0.26148585 0.031512198 0.0
0.28397166 0.12879785 0.0
0.27115032 0.052752833 0.0
0.27057301 0.062440714 0.0
0.26858601 0.033051133 0.0
0.26653961 0.038124896 0.0
0.2727101 0.016697131 0.0
0.26351161 0.01439158 0.0
0.26009521 0.041283161 0.0
0.26469662 0.054383956 0.0
0.26828247 0.069348172 0.0
0.2778723 0.066803015 0.0
0.27053918 0.026778075 0.0
0.26321757 0.020761358 0.0
0.27290452 0.060188908 0.0
0.27490493 0.067355032 0.0
0.26877684 0.055054219 0.0
0.26666181 0.062252201 0.0
0.27310679 0.06972548 0.0
0.28326437 0.073107241 0.0
0.26540272 0.073372892 0.0
0.23163201 0.032806153 0.0
0.2632763 0.062215694 0.0
0.27128161 0.080397685 0.0
0.24114489 0.022438875 0.0
0.23808322 0.012614284 0.0
0.28502786 0.10938569 0.0
0.28577631 0.092883767 0.0
0.27585666 0.027372262 0.0
0.27481845 0.01488745 0.0
0.25244345 0.018995155 0.0
0.26217113 0.038746818 0.0
0.28103261 0.026322165 0.0
0.27489426 0.018660086 0.0
0.27044558 0.021959139 0.0
0.2729883 0.023023133 0.0
0.26512554 0.022265564 0.0
0.25691636 0.021957254 0.0
0.28305262 0.022831529 0.0
0.27925983 0.021437465 0.0
0.27060128 0.012931311 0.0
0.2676041 0.01316259 0.0
0.2747941 0.022733112 0.0
0.27710208 0.022995996 0.0
0.26775426 0.018306172 0.0
0.26610927 0.018362065 0.0
0.25770216 0.016281194 0.0
0.2456787 0.020981413 0.0
0.27353937 0.016762819 0.0
0.26896569 0.015823975 0.0
0.26884693 0.01252718 0.0
0.26429595 0.0107749 0.0
0.25812326 0.022346106 0.0
0.25413066 0.030022299 0.0
0.26550194 0.0094473514 0.0
0.26452336 0.009422277 0.0
0.25998866 0.0078342065 0.0
0.25381923 0.024283636 0.0
0.26078422 0.0099317183 0.0
0.25500741 0.019001758 0.0
0.24729446 0.024482277 0.0
0.26234651 0.046424989 0.0
0.26194061 0.0076118939 0.0
0.26225872 0.0082252238 0.0
0.25822373 0.0066694499 0.0
0.26233422 0.010619461 0.0
0.26363192 0.015991285 0.0
0.25913575 0.013248756 0.0
0.25699808 0.0082038589 0.0
0.25260232 0.013292763 0.0
0.25563978 0.028975892 0.0
0.25769285 0.033993457 0.0
0.17230758 -0.00082346989 0.0
0.24141465 0.012231023 0.0
0.26156201 0.01330874 0.0
0.26590323 0.012872413 0.0
0.25573576 0.016812218 0.0
0.25149773 0.016807025 0.0
0.25451319 0.011907042 0.0
0.23500757 0.017823846 0.0
0.2473034 0.016100913 0.0
0.25031695 0.020250328 0.0
0.26080944 0.0079346444 0.0
0.25741445 0.0062966561 0.0
0.25873335 0.0097673854 0.0
0.24951833 0.016166569 0.0
0.24602742 0.0023537818 0.0
0.20065212 -0.014048619 0.0
0.25014699 0.0080339961 0.0
0.2363818 0.022596068 0.0
0.25516532 0.0053046396 0.0
0.2529431 0.0045876081 0.0
0.25531646 0.005095111 0.0
0.25502577 0.0080307272 0.0
0.24275685 0.0089783045 0.0
0.24196475 0.017133671 0.0
0.25169894 0.0090584701 0.0
0.2572654 0.012122157 0.0
0.24375027 0.013300411 0.0
0.2435651 0.02075415 0.0
0.23930076 0.0025778324 0.0
0.22552085 0.0010942859 0.0
0.24650148 0.0095896603 0.0
0.23985984 0.0077121925 0.0
0.21306906 0.010735498 0.0
0.24586118 0.028804583 0.0
0.24470718 0.014943259 0.0
0.23555702 0.013772737 0.0
0.24686861 0.012054013 0.0
0.25070445 0.0065276996 0.0
0.23104205 0.0021957446 0.0
0.23584369 0.0059190091 0.0
0.25041811 0.012826052 0.0
0.24947823 0.0052172114 0.0
0.23184974 -0.012802685 0.0
0.24654656 0.0043331643 0.0
0.23644318 0.0012939958 0.0
0.23243038 -0.00018437421 0.0
0.24857464 0.0026836458 0.0
0.23375663 0.0050570826 0.0
0.23543128 0.0088730312 0.0
0.23464576 0.021658824 0.0
0.22693341 0.002557764 0.0
0.23230077 0.025482865 0.0
0.24747774 0.0051320729 0.0
0.24486881 0.0090901374 0.0
0.19345286 -0.010484488 0.0
0.23107634 -0.0012116916 0.0
0.23308231 0.0030884781 0.0
0.2303505 0.024919742 0.0
0.2390927 0.013238213 0.0
0.23995038 0.0025207722 0.0
0.24998553 0.0037697592 0.0
0.24299396 0.0024404359 0.0
0.23421176 -0.011576241 0.0
0.23040356 0.012832361 0.0
0.24135643 0.0078334049 0.0
0.23081539 0.0086481382 0.0
0.23219108 -0.016131883 0.0
0.23305497 0.0095955654 0.0
0.21482512 0.0113396 0.0
0.2490365 0.024818774 0.0
0.23041494 0.0063325696 0.0
0.22853767 -0.001589605 0.0
0.24461918 0.0034685236 0.0
0.24449647 3.8969617e-06 0.0
0.23335329 0.012209574 0.0
0.23748038 0.0093994465 0.0
0.22392443 0.011528777 0.0
0.23844566 0.0012616163 0.0
0.23346451 0.01675351 0.0
0.24166162 0.024747645 0.0
0.23550821 -0.00029295158 0.0
0.22693284 -0.005887685 0.0
0.23492839 -0.009794167 0.0
0.22883052 -0.0048190073 0.0
0.22372271 0.0092531645 0.0
0.22814419 0.0051428194 0.0
0.23869984 -0.0049837506 0.0
0.22340202 0.0059934818 0.0
0.22827671 -0.0087373597 0.0
0.23599321 -0.0069954294 0.0
0.23246146 -0.0089576947 0.0
0.22243047 0.00079282792 0.0
0.21281531 -0.013307779 0.0
0.21671128 -0.01043531 0.0
0.23761491 -0.0065919715 0.0
0.23524387 -0.01200662 0.0
0.12218382 0.0010842882 0.0
0.23832741 0.0056820005 0.0
0.23002864 0.015639809 0.0
0.23317241 -0.0051560528 0.0
0.28654365 0.14772763 0.0
0.23760631 -0.0034836121 0.0
0.2048858 0.00078044856 0.0
0.24073582 -0.00070439497 0.0
0.22603051 -0.016482029 0.0
0.23670469 -0.0090436708 0.0
0.23384111 -0.0034006806 0.0
0.22595025 0.00080118097 0.0
0.23725611 0.018625875 0.0
0.23775426 -0.007911017 0.0
0.14623439 -0.0037229488 0.0
0.23240704 -0.014869942 0.0
0.23126036 -0.017153324 0.0
0.22233425 0.0054597623 0.0
0.22191465 -0.020780363 0.0
0.18185405 -0.0091048303 0.0
0.23144806 -0.0056070074 0.0
0.22774513 -0.013426003 0.0
0.22512207 -0.015209288 0.0
0.21870943 0.014860592 0.0
0.21480372 -0.0013320268 0.0
0.055073665 -0.0037923184 0.0
0.21617585 0.0045901657 0.0
0.22563603 0.0082529471 0.0
0.23708025 -0.0085906864 0.0
0.15627093 -0.0083916556 0.0
0.23141972 -0.012068247 0.0
0.23875134 -0.0030636576 0.0
0.22374149 0.0012610488 0.0
0.23838984 0.020998852 0.0
0.24273689 -0.0016713518 0.0
0.24079735 -0.0019438516 0.0
0.23225868 -0.0048424713 0.0
0.21222497 -0.013401793 0.0
0.20732459 -0.014275347 0.0
0.19590885 -0.010575733 0.0
0.22006552 -0.0097332829 0.0
0.22262212 -0.0058710386 0.0
0.2269798 -0.0095870955 0.0
0.22382502 -0.018461104 0.0
0.15101064 -0.0093634851 0.0
0.23606768 -0.0089400711 0.0
0.22560294 -0.017780673 0.0
0.23023866 -0.018042112 0.0
0.2108031 0.0086098456 0.0
0.075099116 -0.0037850184 0.0
0.040498753 -0.00055181268 0.0
0.22468539 -0.0029067394 0.0
0.21696834 0.00024863569 0.0
0.21937737 0.0084959895 0.0
0.23835721 0.024990186 0.0
0.25819252 0.047936423 0.0
0.17176421 -0.0082220272 0.0
0.21857017 -0.0018800139 0.0
0.18560536 -8.6373146e-05 0.0
0.1445333 0.0012489546 0.0
0.22828633 0.0032545438 0.0
0.2193727 0.0218621 0.0
0.23382639 -0.013066699 0.0
0.22528132 0.0066409112 0.0
0.21673846 -0.0045130147 0.0
0.19747968 -0.010988088 0.0
0.23871471 -0.0076474067 0.0
0.22911492 -0.013319393 0.0
0.21718698 0.023795703 0.0
0.081387533 -0.0017248357 0.0
0.21883817 -0.013310095 0.0
0.19364986 -0.010798103 0.0
0.22451437 0.0036017707 0.0
0.16516952 -0.0059211699 0.0
0.2027899 -0.016819568 0.0
0.23351327 -0.014837817 0.0
0.24085493 -0.0043062872 0.0
0.24261859 -0.0030679508 0.0
0.23468714 -0.0099175677 0.0
0.2348441 -0.011007901 0.0
0.22253727 0.0085512437 0.0
0.22782971 0.0095574963 0.0
0.22983292 -0.01252835 0.0
0.23102715 -0.009823115 0.0
0.22713774 -0.0030213106 0.0
0.22460016 -0.0094531611 0.0
0.22477223 -0.019189354 0.0
0.22397063 -0.010896095 0.0
0.1602878 -0.0086654808 0.0
0.22516113 -0.0069040284 0.0
0.22521086 0.012342636 0.0
0.22086482 -0.012910211 0.0
0.21715584 -0.019365989 0.0
0.22137872 -0.0063831887 0.0
0.21925332 -0.0062328476 0.0
0.13952296 -0.0017538343 0.0
0.089614318 0.00019605557 0.0
0.16159465 -0.014234421 0.0
0.22038781 -0.0024054612 0.0
0.21793603 -0.021176664 0.0
0.21108618 -0.021405494 0.0
0.22326041 -0.015591168 0.0
0.22799713 -0.020365312 0.0
0.22593485 -0.018482011 0.0
0.21873675 -0.010126853 0.0
0.21351724 0.0052153105 0.0
0.22209042 -0.0016770022 0.0
0.2244863 -0.0052148027 0.0
0.22581876 -0.022011607 0.0
0.22474283 -0.023079608 0.0
0.20591977 0.0011235889 0.0
0.21408052 0.0014345701 0.0
0.21891336 0.0019958748 0.0
0.07705915 -0.0053304909 0.0
0.1555898 -0.0073145122 0.0
0.18326542 -0.015415542 0.0
0.099751432 -0.0052610482 0.0
0.2123943 -0.022486322 0.0
0.22104121 -0.017688301 0.0
0.22344784 -0.017435869 0.0
0.21325649 -0.011291044 0.0
0.21696789 -0.002853545 0.0
0.2155754 0.00013310775 0.0
0.21376958 -0.0060502159 0.0
0.21308362 -0.0014470738 0.0
0.21233441 0.00097505922 0.0
0.21852692 0.0068639393 0.0
0.21157116 0.0033381222 0.0
0.20997146 0.003599242 0.0
0.21115086 0.00038505357 0.0
0.21067974 0.0064509042 0.0
0.20911401 0.00070607613 0.0
0.20744736 0.0030568247 0.0
0.21514822 0.0083458812 0.0
0.21535088 0.0043668539 0.0
0.037808214 -8.694479e-05 0.0
0.21010742 -0.0072669946 0.0
0.21477338 -0.0047987007 0.0
0.20773105 -0.00095138853 0.0
0.20569402 0.0043400793 0.0
0.12843142 -0.0026286528 0.0
0.09397466 -0.0070578832 0.0
0.10736331 -0.0051067222 0.0
0.18334014 -0.018007029 0.0
0.21589422 -0.01299233 0.0
0.21437318 -0.009337831 0.0
0.20894277 -0.0037620996 0.0
0.21008495 -0.0031149206 0.0
0.2096589 -0.0015997793 0.0
0.20624479 0.0022558335 0.0
0.2033665 -0.01307367 0.0
0.20625578 -0.011389677 0.0
0.16740841 -0.012052649 0.0
0.20157398 -0.019584274 0.0
0.21018409 -0.015797105 0.0
0.20038118 -0.01418599 0.0
0.21251772 0.0065905517 0.0
0.20971179 0.0056300647 0.0
0.049739665 3.10953e-05 0.0
0.20247213 -0.02047561 0.0
0.21898526 -0.026332287 0.0
0.22293012 -0.025043373 0.0
0.20776469 7.0381644e-05 0.0
0.21761079 -0.015806861 0.0
0.21920512 -0.026370583 0.0
0.22162248 -0.025812406 0.0
0.21780354 -0.025693683 0.0
0.21361386 -0.017139114 0.0
0.20282428 0.0066207213 0.0
0.20141169 0.00047410137 0.0
0.20386071 0.0016052199 0.0
0.20504536 -0.00090470748 0.0
0.21617396 0.0092540967 0.0
0.20870513 0.002876458 0.0
0.20849023 0.005694772 0.0
0.20689711 0.0066872297 0.0
0.2079784 0.0072095487 0.0
0.20499305 0.0033285667 0.0
0.20714347 0.0044934606 0.0
0.20371614 0.0050140469 0.0
0.21717807 0.01747555 0.0
0.21854391 -0.022693011 0.0
0.11238449 -0.0068936574 0.0
0.21891742 -0.02078821 0.0
0.20630156 -0.028872162 0.0
0.21036163 -0.016937557 0.0
0.20911754 0.009989888 0.0
0.21364304 0.0078777119 0.0
0.21366229 0.01679285 0.0
0.15629564 -0.019957114 0.0
0.20762961 0.014801477 0.0
0.20983886 0.013004296 0.0
0.15489043 -0.015909559 0.0
0.17134756 -0.017247822 0.0
0.20376881 -0.0044359437 0.0
0.20381721 -0.027785312 0.0
0.20889982 0.014882657 0.0
0.21210576 0.009294011 0.0
0.20479449 0.0094037895 0.0
0.22047835 0.011222257 0.0
0.20581706 0.0053733592 0.0
0.20750156 0.0095919956 0.0
0.19381567 -0.01888226 0.0
0.20165242 -0.010911084 0.0
0.079785747 -0.0029392848 0.0
0.21703794 -0.025121748 0.0
0.20302117 0.0012931375 0.0
0.20446774 0.0055949354 0.0
0.20915057 0.0087930435 0.0
0.21204058 0.012062082 0.0
0.20432416 0.0029119407 0.0
0.20564653 0.0077688022 0.0
0.20331146 0.0034990492 0.0
0.20489403 0.0069836707 0.0
0.20854434 0.012334371 0.0
0.21049087 0.011324187 0.0
0.20279805 -0.0093397224 0.0
0.21612031 -0.022338055 0.0
0.20120803 -0.0061642935 0.0
0.20776941 0.011406513 0.0
0.17486891 -0.019851507 0.0
0.21639528 -0.027345779 0.0
0.21305758 0.013366506 0.0
0.21123511 0.017176193 0.0
0.21127482 0.014660278 0.0
0.21617022 0.013137449 0.0
0.21233853 0.018538133 0.0
0.22412678 0.030360993 0.0
0.20774611 -0.015528395 0.0
0.21335269 -0.024765207 0.0
0.20284345 0.0051688547 0.0
0.2017237 0.0016729863 0.0
0.2184143 0.017916148 0.0
0.20668312 0.011395868 0.0
0.20783811 0.018442767 0.0
0.22374341 0.023086255 0.0
0.20734474 -0.0034345529 0.0
0.19066637 -0.0074709593 0.0
0.21624827 -0.031352705 0.0
0.20296114 -0.00012857754 0.0
0.200157 0.00017335889 0.0
0.20265167 0.0028313749 0.0
0.20165205 0.0048736979 0.0
0.22111527 0.017673163 0.0
0.22388758 0.015450382 0.0
0.2048326 0.013535512 0.0
0.20628102 0.012588307 0.0
0.214772 0.014464782 0.0
0.21588171 0.020706405 0.0
0.21028131 0.016741361 0.0
0.21399393 0.018629024 0.0
0.20073022 -0.0035599612 0.0
0.20495113 -0.019682573 0.0
0.20424467 -0.00011352063 0.0
0.20130675 0.0013330782 0.0
0.21997129 0.018820272 0.0
0.22012957 0.015451891 0.0
0.22096034 0.020894442 0.0
0.22665182 0.020821519 0.0
0.22190538 0.013969996 0.0
0.21754898 0.013553783 0.0
0.21518259 0.024402661 0.0
0.24448785 0.055326337 0.0
0.21789735 0.020698188 0.0
0.22288554 0.025567364 0.0
0.21105877 0.022167729 0.0
0.22079437 0.024699628 0.0
0.22695761 0.029473932 0.0
0.23284893 0.021432644 0.0
0.2252217 0.029219347 0.0
0.22788329 0.022698835 0.0
0.21281948 0.021015801 0.0
0.24741575 0.04417782 0.0
0.20572281 0.010041073 0.0
0.20468756 0.011728881 0.0
0.20637455 0.0086296233 0.0
0.20404377 0.0073593817 0.0
0.20307848 0.0085320642 0.0
0.20985699 0.018595438 0.0
0.20531696 0.011787779 0.0
0.20655633 0.01481466 0.0
0.21247809 0.01528811 0.0
0.21558152 0.01615979 0.0
0.20726323 0.019593522 0.0
0.21527761 0.026593225 0.0
0.20141433 -0.00068590529 0.0
0.2008412 0.0012381379 0.0
0.20121889 0.0042522225 0.0
0.21200423 0.025632923 0.0
0.22117422 0.027517793 0.0
0.20071286 -0.0035285943 0.0
0.20529269 -0.014912095 0.0
0.20009816 -0.00066882651 0.0
0.20465977 -0.011392047 0.0
0.20787205 -0.018918636 0.0
0.21115298 -0.026136784 0.0
0.20239162 0.00044827096 0.0
0.20068371 -0.0011343791 0.0
0.20266492 -0.0022364764 0.0
0.20090916 -2.8352892e-05 0.0
0.20014391 -0.00030518122 0.0
0.20873677 0.017560402 0.0
0.20960249 0.021403348 0.0
0.20040336 -0.0025800475 0.0
0.20766486 0.015759611 0.0
0.20620351 0.016957543 0.0
0.20783063 0.020625759 0.0
0.21333916 0.02772908 0.0
0.20345826 0.010385352 0.0
0.20019795 -0.0030164029 0.0
0.20148635 0.0071748665 0.0
0.21111345 0.020838249 0.0
0.21418603 0.025411985 0.0
0.21063615 0.026520362 0.0
0.21250087 0.024079145 0.0
0.21560616 0.030171009 0.0
0.21816568 0.025096025 0.0
0.12142115 0.17086294 0.0
0.2552688 0.15904885 0.0
0.20984269 0.023319103 0.0
0.21321339 0.029807842 0.0
0.19823062 0.12752236 0.0
0.2382693 0.043410927 0.0
0.21235715 0.02903809 0.0
0.21618054 0.032088142 0.0
0.21903713 0.035407258 0.0
0.21979476 0.025874953 0.0
0.32315745 0.098740116 0.0
0.29738715 0.12265356 0.0
0.32169279 0.085417374 0.0
0.310257 0.11167454 0.0
0.30311891 0.082700794 0.0
0.29677847 0.087711054 0.0
0.27278366 0.1252268 0.0
0.23764106 0.15654167 0.0
0.30119401 0.11585671 0.0
0.27577016 0.1413355 0.0
0.29248793 0.10739153 0.0
0.27895726 0.094790568 0.0
0.26003915 0.12607294 0.0
0.29872334 0.13795961 0.0
0.3007124 0.09646808 0.0
0.26460137 0.091487782 0.0
0.25798104 0.079623654 0.0
0.094190016 0.11966162 0.0
0.25902621 0.14593859 0.0
0.27459623 0.15352992 0.0
0.19344669 0.15836782 0.0
0.19653627 0.21027447 0.0
0.22362029 0.19385051 0.0
0.25572558 0.16424417 0.0
0.23629679 0.050325137 0.0
0.27259512 0.14347407 0.0
0.27679385 0.10044703 0.0
0.092459217 0.0066564319 0.0
0.25572491 0.11068094 0.0
0.26926651 0.083830575 0.0
0.26578067 0.10588241 0.0
0.24725213 0.14094651 0.0
0.092776517 0.20394602 0.0
0.088920518 0.14371817 0.0
0.23033844 0.13844247 0.0
0.27036824 0.10655332 0.0
0.27593676 0.11447764 0.0
0.21429867 0.15545042 0.0
0.15329849 0.21429595 0.0
0.22054634 0.040495201 0.0
-0.00056351702 0.00036469267 0.0
0.21317758 0.034342996 0.0
0.21227492 0.13898504 0.0
0.22019862 0.051393869 0.0
0.016092576 0.0025983876 0.0
-0.0012396336 0.0053914523 0.0
-0.0013701302 0.00047156987 0.0
0.24160821 0.11815001 0.0
-0.0012751595 0.012823948 0.0
0.15888607 0.13528778 0.0
0.21628591 0.038836 0.0
-0.00148269 -0.0037284668 0.0
-0.0004677901 0.00062121571 0.0
0.25864383 0.032957864 0.0
0.042930087 0.063859006 0.0
0.019540832 0.0032691197 0.0
-0.0034578189 0.0099013223 0.0
-0.0012543882 0.010201364 0.0
0.31413077 0.091832105 0.0
-0.0015555571 0.0010552969 0.0
0.0056522246 0.050686738 0.0
-0.00080087781 0.00032710474 0.0
0.0044670742 0.034370888 0.0
-0.0058518168 0.0060247773 0.0
0.035894158 -0.0027798427 0.0
0.1666078 0.12394326 0.0
-0.00014925939 0.00011857671 0.0
-1.6478755e-05 1.2075501e-05 0.0
-0.0001352946 3.5828256e-05 0.0
-0.00015528709 7.323152e-05 0.0
-3.6186024e-05 1.0354965e-05 0.0
-0.0030134684 0.003309316 0.0
-0.00065502602 0.0020738485 0.0
-0.0014757231 -0.0011392602 0.0
-0.0002786203 -6.7351963e-05 0.0
-0.00024698902 -0.0003129438 0.0
0.31716313 -0.019387921 0.0
-0.00038583284 -0.00062802583 0.0
-0.00014147636 -2.4776051e-05 0.0
-0.00069067377 -0.00020124905 0.0
0.17419706 -0.0067494933 0.0
0.19454906 -0.008242031 0.0
0.30452618 -0.018977449 0.0
0.32315967 -0.021353966 0.0
0.3337608 -0.03287318 0.0
0.33374006 -0.033290621 0.0
0.16745611 -0.0082872699 0.0
0.10252988 -0.0081941458 0.0
0.30118593 -0.020077099 0.0
0.306207 -0.020922454 0.0
0.33745099 -0.028240228 0.0
0.33841981 -0.029916032 0.0
0.33773261 -0.028109183 0.0
0.34042913 -0.030138348 0.0
0.3381049 -0.030709466 0.0
0.33511779 -0.028471552 0.0
0.33882277 -0.029912674 0.0
0.33982642 -0.029331495 0.0
0.28776195 -0.018789855 0.0
0.29405063 -0.020048367 0.0
0.3375642 -0.026461609 0.0
0.33642232 -0.027634008 0.0
0.077122884 -0.0044973117 0.0
0.13234716 -0.0045778881 0.0
0.20835723 -0.010545187 0.0
0.20200538 -0.011233014 0.0
0.22557148 -0.014459472 0.0
0.29279985 -0.023749634 0.0
0.33468622 -0.02995728 0.0
0.32330185 -0.025910968 0.0
0.32397356 -0.025674236 0.0
0.32861447 -0.026775577 0.0
0.33238497 -0.028270481 0.0
0.32830039 -0.027654354 0.0
0.32087913 -0.025526905 0.0
0.32013308 -0.025225474 0.0
0.33425572 -0.030135828 0.0
0.3234164 -0.026245988 0.0
0.33094935 -0.029294137 0.0
0.31578991 -0.025564148 0.0
0.30416966 -0.021634498 0.0
0.29474361 -0.020783313 0.0
0.32208668 -0.027736535 0.0
0.27908881 -0.021527158 0.0
0.13547904 -0.00064844761 0.0
0.047491556 0.00090001463 0.0
0.11780765 -0.0004230009 0.0
0.059838322 3.6988671e-05 0.0
0.26002885 0.0072484799 0.0
0.24751623 0.0040695771 0.0
0.054217964 -0.00094725766 0.0
0.11201075 0.00072403356 0.0
0.061447016 0.0011509828 0.0
0.20078098 -0.0073967962 0.0
0.037308163 0.0017411128 0.0
0.13682588 -0.0010300067 0.0
0.2266552 -0.0071305558 0.0
0.24222517 -0.0041445826 0.0
0.18166358 0.0007011124 0.0
0.14767615 -0.00057155554 0.0
0.18209551 0.0011011825 0.0
0.050614417 -0.0013441852 0.0
0.1278477 -0.00062493672 0.0
0.20436916 0.0025576188 0.0
0.22566881 0.0011659088 0.0
0.20458372 0.0010823952 0.0
0.073785735 -0.0028982579 0.0
0.20683434 -0.0041251183 0.0
0.19714884 -0.0003642756 0.0
0.22175431 -0.00030624567 0.0
0.15675188 0.0014902547 0.0
0.23643189 -0.0062206213 0.0
0.24062299 -0.0050081628 0.0
0.24767908 0.00045255445 0.0
0.18951791 -4.7177763e-05 0.0
0.22256643 -0.0021727889 0.0
0.063345074 -0.001584193 0.0
0.20331621 -0.0055284979 0.0
0.21854501 -0.0033867411 0.0
0.24522596 -0.0010943007 0.0
0.2522358 0.0036371063 0.0
0.23732151 -0.00015735029 0.0
0.23811918 0.00044811465 0.0
0.20908748 0.00055308091 0.0
0.061747723 0.00050387954 0.0
0.06623599 -0.0014062503 0.0
0.24865495 0.00081512112 0.0
0.23765191 0.0022830052 0.0
0.20807379 -0.00093402449 0.0
0.1535013 -5.6166916e-05 0.0
0.28738009 0.07578592 0.0
0.27716284 0.075046521 0.0
0.27173399 0.012873543 0.0
0.27122072 0.015065068 0.0
0.26905072 0.010010951 0.0
0.26730478 0.010249453 0.0
0.25972733 0.034173409 0.0
0.25704123 0.040466241 0.0
0.25089988 0.030326998 0.0
0.23484725 0.027944847 0.0
0.25554512 0.036599235 0.0
0.25017565 0.045753721 0.0
0.23266854 0.0017451743 0.0
0.23832342 0.0023990891 0.0
0.25120654 0.022780427 0.0
0.24769469 0.019822787 0.0
0.25364836 0.0095972565 0.0
0.24904194 0.011962221 0.0
0.25345754 0.0067841345 0.0
0.25120171 0.0036604869 0.0
0.25054464 0.0010012795 0.0
0.24434828 -0.0029481736 0.0
0.24496731 0.033610336 0.0
0.25009035 0.036528021 0.0
0.22804082 0.016120243 0.0
0.22781899 0.011099888 0.0
0.24091992 -0.0054576237 0.0
0.23691749 -0.0059509042 0.0
0.22092735 -0.0057068272 0.0
0.23445627 -0.0072272677 0.0
0.20752993 -0.0043559849 0.0
0.19674628 -0.0045018954 0.0
0.10629704 -0.0041528389 0.0
0.16837145 -0.0096251973 0.0
0.21941588 -0.0058631511 0.0
0.19587187 -0.0092600465 0.0
0.24341223 -0.0030842037 0.0
0.24138552 -0.0047359343 0.0
0.24469895 -0.0024311314 0.0
0.24383344 -0.0033492331 0.0
0.24632947 -0.00023674686 0.0
0.24752991 -0.00027181803 0.0
0.067328171 -0.0040143424 0.0
0.1589787 -0.0070234838 0.0
0.11173068 -0.005937656 0.0
0.17463149 -0.0036978721 0.0
0.053298106 -0.00052911205 0.0
0.039991825 -0.0012088548 0.0
0.11951053 -0.0055444439 0.0
0.1527084 -0.0091433832 0.0
0.087488602 -0.0049539992 0.0
0.084301578 0.0029480172 0.0
0.065767198 0.0019303199 0.0
0.047042305 0.0012249053 0.0
0.17890409 -0.0085110296 0.0
0.16758272 -0.0061709338 0.0
0.22748302 -0.015260933 0.0
0.22276975 -0.01111344 0.0
0.22841725 -0.019254623 0.0
0.22677078 -0.021707478 0.0
0.21873121 0.011581113 0.0
0.22000486 0.0053250504 0.0
0.21809443 0.003566226 0.0
0.21674448 0.0063816663 0.0
0.21618226 -0.0083909609 0.0
0.21242395 -0.0063608724 0.0
0.21152723 -0.00085693523 0.0
0.21236577 -0.0032531346 0.0
0.21129842 -0.0062816279 0.0
0.20659209 -0.0014256337 0.0
0.21100589 -0.01076437 0.0
0.20800134 -0.0062426394 0.0
0.2023174 -0.008474755 0.0
0.2063497 -0.0037359018 0.0
0.21178375 -0.010502296 0.0
0.20739331 -0.006740833 0.0
0.20593532 -0.00647157 0.0
0.20318007 -0.0016888475 0.0
0.20445199 -0.007317975 0.0
0.20041064 -0.0012413715 0.0
0.20573364 -0.0079962058 0.0
0.20261934 -0.0041059008 0.0
0.20730519 -0.0094290406 0.0
0.2037654 -0.0085984091 0.0
0.20064183 -0.0017922491 0.0
0.20128327 -0.0010906052 0.0
0.22594494 0.01444049 0.0
0.22159566 0.012421012 0.0
0.20177013 0.0043011904 0.0
0.20091777 0.0041703283 0.0
0.23097234 0.0193131 0.0
0.22867293 0.019383209 0.0
0.2314424 0.01637276 0.0
0.2272842 0.017631412 0.0
0.22521277 0.01700752 0.0
0.22433193 0.019628184 0.0
0.22256344 0.021553395 0.0
0.22577433 0.024223718 0.0
0.22786769 0.033913524 0.0
0.24993136 0.039133899 0.0
0.20229938 0.001921156 0.0
0.2016726 0.0027127395 0.0
0.20030759 -0.00029291949 0.0
0.20200879 0.010022048 0.0
0.20017273 0.00057482573 0.0
0.2004596 0.00070101196 0.0
0.20038218 -0.00078947864 0.0
0.20127661 -0.0023351249 0.0
0.20189942 -0.0030467243 0.0
0.20115111 -0.0029723367 0.0
0.20098085 -0.0036235536 0.0
0.200075 -0.00054367731 0.0
0.20174915 -0.0046951529 0.0
0.20058482 -0.0043405618 0.0
0.20016395 -0.0014896013 0.0
0.20288696 -0.0083815046 0.0
0.20866276 0.020001139 0.0
0.20679839 0.017212335 0.0
0.21902107 0.034658749 0.0
0.21000694 0.027308992 0.0
0.21584028 0.022138636 0.0
0.21402541 0.02214267 0.0
0.21808194 0.030109952 0.0
0.22024759 0.029685516 0.0
0.2210727 0.033753266 0.0
0.22696086 0.044769584 0.0
0.2188392 0.028993376 0.0
0.2235967 0.033005688 0.0
0.21934633 0.033109441 0.0
0.22138568 0.031513512 0.0
0.22028455 0.037555363 0.0
0.22323855 0.044570394 0.0
0.21781775 0.034404346 0.0
0.22463832 0.038621085 0.0
0.21561754 0.035701589 0.0
0.21865723 0.041346061 0.0
0.23385492 0.11780134 0.0
0.21728785 0.037340896 0.0
0.219618 0.047723844 0.0
0.25920301 0.091404454 0.0
0.21421432 0.031890967 0.0
0.21738338 0.040358733 0.0
0.21851397 0.039691733 0.0
0.22237529 0.045833506 0.0
0.22314084 0.052650178 0.0
0.24749552 0.073678027 0.0
0.20914327 0.024043782 0.0
0.21108062 0.029573694 0.0
0.21906959 0.046592519 0.0
0.22009883 0.043073509 0.0
0.21487831 0.037182453 0.0
0.12502018 0.066588827 0.0
0.20889768 0.027525477 0.0
0.21520097 0.040497647 0.0
0.21459671 0.028537494 0.0
0.21715096 0.029242153 0.0
0.31427187 0.079805704 0.0
0.31356799 0.094307975 0.0
0.28914381 0.087968957 0.0
0.29482587 0.099713873 0.0
0.25373213 0.061661793 0.0
0.22364698 0.048062152 0.0
0.26318454 0.083011099 0.0
0.27491366 0.095777091 0.0
0.26195166 0.073812266 0.0
0.25324282 0.079055681 0.0
0.25984577 0.052287771 0.0
0.24993381 0.074153461 0.0
0.24683073 0.092862573 0.0
0.22365131 0.057301038 0.0
0.033931092 0.071818486 0.0
0.028037012 0.088489995 0.0
0.11100145 0.073882521 0.0
0.16681233 0.14730563 0.0
0.11805715 0.12031812 0.0
0.22446031 0.097606456 0.0
0.21669472 0.048331704 0.0
0.31270809 0.10194079 0.0
0.28307356 0.056115624 0.0
0.29606376 0.11086259 0.0
0.22512115 0.065418318 0.0
0.20710008 0.025973603 0.0
0.29671429 0.043181214 0.0
0.29118459 0.12887025 0.0
0.25296028 0.10278986 0.0
0.22923866 0.11232041 0.0
0.082047931 0.0039131189 0.0
0.025793563 0.0034982222 0.0
0.046805154 0.00078379639 0.0
-0.00013915219 0.00017691505 0.0
-0.00032364853 0.00019998587 0.0
-0.00018241161 -6.3631466e-05 0.0
-0.00026498806 -0.00023980212 0.0
0.30849001 -0.019303536 0.0
0.15388184 -0.0053948532 0.0
0.093874474 -0.0051651791 0.0
0.21313295 -0.014646425 0.0
0.11694368 -0.0039997632 0.0
0.2095281 -0.013356194 0.0
0.045014712 -0.001916396 0.0
0.14040512 -0.0051356042 0.0
0.17127083 -0.0077348146 0.0
0.12642232 -0.0069672406 0.0
0.0096893075 -0.00036818322 0.0
0.27721607 -0.019492949 0.0
0.25298939 -0.017623916 0.0
0.33488995 -0.031329513 0.0
0.33083927 -0.02980651 0.0
0.33159518 -0.029230493 0.0
0.32448241 -0.027717354 0.0
0.10359865 -0.0021154126 0.0
0.31920572 -0.027807524 0.0
0.33277536 -0.032002851 0.0
0.28358184 -0.02068737 0.0
0.31231868 -0.025362186 0.0
0.26281522 -0.018292745 0.0
0.31605963 -0.025241157 0.0
0.32959489 -0.029859724 0.0
0.30253799 -0.025145969 0.0
0.29563058 -0.022997685 0.0
0.16042362 -0.002806971 0.0
0.32952408 -0.033197132 0.0
0.065282858 -0.0020307667 0.0
0.1906711 -0.00067928385 0.0
0.24493324 0.0011217093 0.0
0.25274483 0.0042377509 0.0
0.2469438 0.039393096 0.0
0.23942796 0.039450269 0.0
0.25285177 0.035704515 0.0
0.25368017 0.041375367 0.0
0.25201294 0.030870162 0.0
0.24743497 0.03411925 0.0
0.24305329 0.030516807 0.0
0.24478369 0.044330535 0.0
0.24012041 0.030217514 0.0
0.24217991 0.04023626 0.0
0.24414902 0.038143766 0.0
0.23417016 0.035801146 0.0
0.2374534 0.028173413 0.0
0.23801381 0.034175505 0.0
0.24250758 0.035583881 0.0
0.2428779 0.045997392 0.0
0.23996555 0.034619313 0.0
0.23668543 0.036490834 0.0
0.24872797 0.051678213 0.0
0.25553692 0.053251563 0.0
0.2357232 0.04298267 0.0
0.24066588 0.049553265 0.0
0.25078073 0.058404811 0.0
0.25853969 0.0606547 0.0
0.23236034 0.03024078 0.0
0.22891026 0.035696835 0.0
0.23112791 0.037686024 0.0
0.24378693 0.064902638 0.0
0.25336385 0.045340972 0.0
0.25181325 0.051762562 0.0
0.24764109 0.058613775 0.0
0.25040794 0.065125999 0.0
0.22300865 0.037529786 0.0
0.22861148 0.044297543 0.0
0.23882586 0.05423891 0.0
0.22982919 0.052543445 0.0
0.2530786 0.068430915 0.0
0.24727933 0.06299372 0.0
0.25923024 0.074803436 0.0
0.25627643 0.062047491 0.0
0.2428486 0.050821885 0.0
0.2451948 0.062376672 0.0
0.23735252 0.049713901 0.0
0.24238173 0.056172269 0.0
0.2331599 0.045021227 0.0
0.2262738 0.051924164 0.0
0.24545183 -0.0021968628 0.0
0.24963596 0.00091386865 0.0
0.2442237 0.026537958 0.0
0.24915412 0.031458909 0.0
0.20349467 -0.010407543 0.0
0.22731941 -0.0084635137 0.0
0.23667558 -0.002438096 0.0
0.23238074 -0.0057592027 0.0
0.16162411 -5.9245812e-05 0.0
0.13420844 -0.0059255924 0.0
0.033497636 0.0011640325 0.0
0.1343953 -0.0043164409 0.0
0.22061085 0.0092349897 0.0
0.060312944 0.0014005565 0.0
0.21769029 0.0098186442 0.0
0.20513418 -0.003281689 0.0
0.20402245 -0.0038690359 0.0
0.21017746 -0.011648713 0.0
0.21427469 -0.015886634 0.0
0.20783028 -0.011989136 0.0
0.21028675 -0.013425656 0.0
0.20201325 -0.0017908982 0.0
0.20138476 -0.0021315314 0.0
0.20121626 0.0025759621 0.0
0.20218899 0.0059202275 0.0
0.20061885 0.0015036612 0.0
0.20013458 0.0012508462 0.0
0.20118966 0.0051508212 0.0
0.20420802 0.0085563038 0.0
0.20325509 0.0065259911 0.0
0.20355428 0.0083103013 0.0
0.20224856 0.004277848 0.0
0.20098587 0.0034347121 0.0
0.20204423 0.0030598949 0.0
0.20135707 0.0036018005 0.0
0.20005964 0.00081530361 0.0
0.20078852 0.0051967855 0.0
0.20100314 0.0061865322 0.0
0.20063054 0.0027723923 0.0
0.20174506 0.0062876215 0.0
0.20039803 0.00212583 0.0
0.20005263 0.0014845652 0.0
0.20060363 0.0033539066 0.0
0.20101101 0.0052707789 0.0
0.19990861 0.00088146979 0.0
0.20224517 0.0074171735 0.0
0.20489879 0.019782293 0.0
0.20299665 0.00965306 0.0
0.2005592 0.0033699595 0.0
0.20204589 0.0076043552 0.0
0.20091371 0.002130999 0.0
0.20003275 0.00051473058 0.0
0.19996352 0.00087278943 0.0
0.20032433 0.0022154541 0.0
0.20132741 0.0064579634 0.0
0.20958298 0.030005222 0.0
0.20429828 0.012795349 0.0
0.20068015 0.00012151408 0.0
0.20004067 0.00021357931 0.0
0.20296528 -0.005671205 0.0
0.20455806 -0.0093997083 0.0
0.21314187 0.032325826 0.0
0.21406164 0.033545898 0.0
0.2173971 0.05051322 0.0
0.22894914 0.058386538 0.0
0.20662602 0.019479264 0.0
0.21492276 0.040516746 0.0
0.20558868 0.01599292 0.0
0.20831698 0.023269339 0.0
0.21204754 0.034067444 0.0
0.2073823 0.021720451 0.0
0.20903265 0.025690764 0.0
0.21134636 0.027266488 0.0
0.20827832 0.025628962 0.0
0.21067134 0.030299501 0.0
0.20281541 0.011599623 0.0
0.21571126 0.041976814 0.0
0.21172795 0.034488848 0.0
0.21238269 0.031537751 0.0
0.21105941 0.033392736 0.0
0.21625792 0.042807189 0.0
0.21170769 0.033527422 0.0
0.21414137 0.037892549 0.0
0.21583222 0.042458318 0.0
0.21538119 0.038602851 0.0
0.21603234 0.043986042 0.0
0.21630804 0.045918371 0.0
0.21754936 0.048528382 0.0
0.21793032 0.04661865 0.0
0.21493104 0.04191434 0.0
0.21655892 0.04506656 0.0
0.21496196 0.041497215 0.0
0.21445423 0.039889725 0.0
0.21392681 0.040263887 0.0
0.21604167 0.044820933 0.0
0.21285922 0.035970987 0.0
0.21326053 0.037699344 0.0
0.17161298 0.083688067 0.0
0.21936165 0.052535691 0.0
0.21565357 0.044806113 0.0
0.21726234 0.050481078 0.0
0.21678043 0.04698837 0.0
0.24432651 0.10603846 0.0
0.2166933 0.048923795 0.0
0.21835084 0.05321944 0.0
0.22016225 0.056763635 0.0
0.21839958 0.050021497 0.0
0.18573289 0.097905001 0.0
0.22359867 0.065767794 0.0
0.21934851 0.056001525 0.0
0.221857 0.05743714 0.0
0.20968091 0.028704912 0.0
0.2108217 0.032740645 0.0
0.21097811 0.029971725 0.0
0.21731956 0.039245641 0.0
0.20600386 0.020300005 0.0
0.20639553 0.023052255 0.0
0.21281807 0.036269685 0.0
0.21558855 0.038284125 0.0
0.2127913 0.035806251 0.0
0.21326308 0.037512161 0.0
0.21140063 0.031511783 0.0
0.21669514 0.046437942 0.0
0.211194 0.038606232 0.0
0.21702517 0.040234673 0.0
0.21141532 0.033837312 0.0
0.2126813 0.036132777 0.0
0.21507046 0.038779783 0.0
0.21708549 0.042762749 0.0
0.21053061 0.031756608 0.0
0.20111035 0.0070337937 0.0
0.21877838 0.03552799 0.0
0.21636668 0.039254224 0.0
0.21250821 0.033217057 0.0
0.21736078 0.037791771 0.0
0.21568302 0.040327718 0.0
0.21592489 0.042905108 0.0
0.21444627 0.043428146 0.0
0.21845381 0.033185333 0.0
0.2172383 0.043912034 0.0
0.21689528 0.046114135 0.0
0.21514643 0.036096667 0.0
0.098285824 0.0082693491 0.0
0.20206743 0.008644461 0.0
0.21583473 0.035814728 0.0
0.21766892 0.036425065 0.0
0.21371274 0.046308029 0.0
0.16334817 0.017865322 0.0
0.21036373 0.033954001 0.0
0.20980531 0.030156944 0.0
0.21064794 0.040104191 0.0
0.21604102 0.037061351 0.0
0.21540353 0.033902773 0.0
0.053992392 0.0061464109 0.0
0.21083943 0.036678947 0.0
0.18683413 0.031754857 0.0
0.20782793 0.039221082 0.0
0.20335394 0.016133305 0.0
0.21605316 0.036335942 0.0
0.21790918 0.037270549 0.0
0.19812692 0.032156037 0.0
0.21771233 0.035781336 0.0
0.098683304 0.011999658 0.0
0.21778916 0.034587308 0.0
0.21812989 0.035552221 0.0
0.21852936 0.033789505 0.0
0.21589556 0.029883961 0.0
0.21017456 0.030445938 0.0
0.20928031 0.027945143 0.0
0.20145027 0.0085409027 0.0
0.20165544 0.011587743 0.0
0.20034201 0.0029808125 0.0
0.20019895 0.0017347828 0.0
0.20008425 0.0013954856 0.0
0.20083046 0.0044768443 0.0
0.20086455 0.0060433195 0.0
0.20093173 0.0074086286 0.0
0.20426094 0.018729399 0.0
0.20057823 0.0041648088 0.0
0.20146922 0.0096520143 0.0
0.20299017 0.013858848 0.0
0.2038022 0.013361495 0.0
0.2050022 0.032016998 0.0
0.18581314 0.022351365 0.0
0.21642405 0.034321148 0.0
0.21531823 0.029134319 0.0
0.20921277 0.02891553 0.0
0.20834877 0.027099439 0.0
0.209548 0.027152033 0.0
0.20582968 0.022421996 0.0
0.21596657 0.032937783 0.0
0.21873284 0.032836603 0.0
0.20766986 0.026043731 0.0
0.21388302 0.029757803 0.0
0.21336772 0.028937898 0.0
0.21826014 0.032962645 0.0
0.21963088 0.032211869 0.0
0.20878809 0.030712791 0.0
0.20639562 0.023469933 0.0
0.20653154 0.020840072 0.0
0.21356378 0.031723234 0.0
0.21189594 0.029190643 0.0
0.20221391 0.012188639 0.0
0.21488817 0.029307175 0.0
0.20444225 0.018606357 0.0
0.20327022 0.016183181 0.0
0.21581763 0.032354226 0.0
0.21326981 0.030670607 0.0
0.20841741 0.025236661 0.0
0.21469276 0.028615847 0.0
0.20251392 0.014308241 0.0
0.20874506 0.024706756 0.0
0.20575421 0.021634989 0.0
0.20490294 0.019850783 0.0
0.20419325 0.017542528 0.0
0.20200871 0.012833217 0.0
0.20533309 0.021130776 0.0
0.20245243 0.015166356 0.0
0.20783486 0.025965562 0.0
0.20707262 0.024849845 0.0
0.20181165 0.010809762 0.0
0.2004031 0.0068643645 0.0
0.20838789 0.026857054 0.0
0.20691038 0.024699933 0.0
0.20709165 0.023790721 0.0
0.20349142 0.013359462 0.0
0.20317927 0.016626801 0.0
0.20039856 0.002460201 0.0
0.20916029 0.028337192 0.0
0.20748383 0.02553337 0.0
0.20770037 0.024033485 0.0
0.2054676 0.020919224 0.0
0.20678568 0.021827036 0.0
0.20619222 0.022305236 0.0
0.20629001 0.023080991 0.0
0.2046583 0.018839403 0.0
0.20544225 0.020451394 0.0
0.20305889 0.012657031 0.0
0.20358213 0.016058809 0.0
0.20226745 0.012087707 0.0
0.20460598 0.018858526 0.0
0.20186232 0.01272247 0.0
0.20108109 0.0077521637 0.0
0.20101241 0.0056490967 0.0
0.20135882 0.0094802717 0.0
0.20130259 0.011094439 0.0
0.20113622 0.011361956 0.0
0.20128213 0.0081181624 0.0
0.20315241 0.016157934 0.0
0.20132934 0.0088888104 0.0
0.20015305 0.0037652163 0.0
0.2000427 0.0061174065 0.0
0.20020559 0.0097523922 0.0
0.21104926 0.025465317 0.0
0.20051787 0.0093963271 0.0
0.20066049 0.0072614836 0.0
0.20034527 0.0064618465 0.0
0.20120479 0.009528275 0.0
0.209481 0.023509834 0.0
0.20306329 0.014739058 0.0
0.20004953 0.0017079663 0.0
0.19992292 0.0045486425 0.0
0.19986457 0.0031345179 0.0
0.20153316 0.011450683 0.0
0.20203411 0.012799913 0.0
0.20486827 0.017963521 0.0
0.20549648 0.018342194 0.0
0.20325641 0.014874006 0.0
0.2038476 0.01627007 0.0
0.20846109 0.0214564 0.0
0.20055983 0.0046353865 0.0
0.20068176 0.0084925644 0.0
0.20059023 0.005617968 0.0
0.20201484 0.01056605 0.0
0.20132203 0.010299653 0.0
0.20032082 0.0029832067 0.0
0.20146944 0.007717262 0.0
0.20608422 0.020758612 0.0
0.1998734 0.004280718 0.0
0.21110328 0.026589262 0.0
0.20625567 0.020135997 0.0
0.081544802 0.005945902 0.0
0.19833532 0.027125745 0.0
0.20760577 0.022365103 0.0
0.21041226 0.025640678 0.0
0.12070145 0.013803536 0.0
0.20060228 0.009363743 0.0
0.23803177 0.068046984 0.0
0.25934443 0.095448137 0.0
0.25312382 0.11868009 0.0
0.24949637 0.10652051 0.0
0.035853567 0.11177852 0.0
0.0215769 0.11517491 0.0
0.046074937 0.090414564 0.0
0.010184595 0.040982482 0.0
0.15776863 0.10977732 0.0
0.069169894 0.079556599 0.0
0.090112817 0.06216911 0.0
0.011046147 0.029308571 0.0
0.027816817 0.038653135 0.0
0.073838545 0.074223387 0.0
0.0052108913 0.011471043 0.0
0.12256423 0.096967641 0.0
0.16005906 0.075118207 0.0
0.12427736 0.06024249 0.0
0.0080798593 0.017404368 0.0
0.20567607 0.077865131 0.0
0.21563677 0.05201314 0.0
0.20573052 0.030446746 0.0
0.048576292 -0.0047673588 0.0
0.064780395 -0.0034780221 0.0
0.17305444 0.010296149 0.0
0.083519032 -0.0013961373 0.0
0.26055653 0.043947751 0.0
0.18105289 0.013519129 0.0
0.23570659 0.023925857 0.0
0.3052881 0.04424917 0.0
0.31453593 0.058095641 0.0
0.27641818 -0.019497725 0.0
0.26223222 -0.018091888 0.0
0.28194938 -0.021413965 0.0
0.16543884 -0.010316827 0.0
0.29234165 -0.022991291 0.0
0.26552471 -0.018658329 0.0
0.30518863 -0.025426939 0.0
0.27816271 -0.020680895 0.0
0.21342372 -0.01380435 0.0
0.27137972 -0.020264256 0.0
0.23153555 -0.016348709 0.0
0.28786866 -0.022605734 0.0
0.20737424 -0.012962187 0.0
0.18479399 -0.0089766864 0.0
0.18739772 -0.010137852 0.0
0.14044085 -0.00570049 0.0
0.21448389 -0.013493277 0.0
0.22711982 -0.016156646 0.0
0.18765763 -0.0089259249 0.0
0.18738022 -0.0087744147 0.0
0.23429719 -0.01683979 0.0
0.20881688 -0.011993477 0.0
0.12473842 -0.0056520299 0.0
0.058140818 -0.0033552623 0.0
0.26638916 -0.018598944 0.0
0.15987102 -0.0082927826 0.0
0.25269079 -0.016911703 0.0
0.16326509 -0.0096955424 0.0
0.3233499 -0.026775021 0.0
0.32434871 -0.027945979 0.0
0.32972211 -0.03026013 0.0
0.32913728 -0.030432439 0.0
0.32715747 -0.031972495 0.0
0.32623645 -0.033198003 0.0
0.32959587 -0.031688688 0.0
0.32824775 -0.031605179 0.0
0.32510784 -0.029790779 0.0
0.25346945 0.0033118209 0.0
0.24605222 0.0016552479 0.0
0.24517843 0.049473277 0.0
0.2398655 0.044617614 0.0
0.23345496 0.038884313 0.0
0.23044423 0.042011086 0.0
0.22813967 0.041064121 0.0
0.2340376 0.046790341 0.0
0.22652347 0.039083029 0.0
0.22575697 0.043833454 0.0
0.22616607 0.036599679 0.0
0.22243902 0.035351278 0.0
0.22518562 0.032208588 0.0
0.22448506 0.035214172 0.0
0.22039629 -0.0042808866 0.0
0.23771851 -0.0037299959 0.0
0.1395644 -0.0017532941 0.0
0.10686772 -0.0013234522 0.0
0.2030921 0.011909725 0.0
0.20574087 0.01791061 0.0
0.20209922 0.011096196 0.0
0.20404364 0.015129948 0.0
0.20395339 0.015846508 0.0
0.20493494 0.01712776 0.0
0.20519921 0.016962418 0.0
0.20448753 0.01555949 0.0
0.2021469 0.010204594 0.0
0.20358949 0.014619717 0.0
0.20468786 0.018691811 0.0
0.20477664 0.017379609 0.0
0.20005973 -1.2274136e-05 0.0
0.20041745 0.00037845365 0.0
0.22209585 0.04929614 0.0
0.22541125 0.054088871 0.0
0.22067168 0.047845584 0.0
0.22037391 0.0541136 0.0
0.22674533 0.062118301 0.0
0.23101355 0.057512819 0.0
0.22204794 0.059762743 0.0
0.22212904 0.053704178 0.0
0.20621863 0.083851255 0.0
0.22780895 0.063318469 0.0
0.23430428 0.089734403 0.0
0.22665091 0.055559907 0.0
0.2320504 0.069434499 0.0
0.24123514 0.064266319 0.0
0.21087162 0.024569375 0.0
0.20857739 0.022883451 0.0
0.20832921 0.027174364 0.0
0.21053227 0.032159064 0.0
0.18830549 0.030291722 0.0
0.19912145 0.072915627 0.0
0.20004939 0.0015438323 0.0
0.20013276 0.0025952888 0.0
0.20073134 0.0058515942 0.0
0.20051614 0.0047715429 0.0
0.20076792 0.0042553525 0.0
0.2002846 0.0030508525 0.0
0.20006378 0.00071794313 0.0
0.20011926 0.0036905615 0.0
0.20118167 0.0073599431 0.0
0.20040871 0.0052308602 0.0
0.20081397 0.007529147 0.0
0.20262308 0.0097775902 0.0
0.20155716 0.008650714 0.0
0.15963628 0.017650294 0.0
0.038888186 0.0031723317 0.0
0.0077983705 0.0085625379 0.0
0.15995351 0.093178346 0.0
0.21198828 0.032919457 0.0
0.21894326 0.034449115 0.0
0.21902771 0.032887318 0.0
0.21743483 0.031541654 0.0
0.21367167 0.028278372 0.0
0.22027221 0.032937073 0.0
0.21938813 0.033493474 0.0
0.21607153 0.030789136 0.0
0.21398463 0.029542148 0.0
0.19580597 0.026138731 0.0
0.21936691 0.032736495 0.0
0.21660754 0.031576732 0.0
0.21352988 0.027680091 0.0
0.21951695 0.031333492 0.0
0.2099445 0.023180555 0.0
0.20875526 0.023314016 0.0
0.20768395 0.021122959 0.0
0.13375975 0.011402352 0.0
0.17619731 0.020367188 0.0
0.21972054 0.032845067 0.0
0.19409149 0.015128202 0.0
0.14494073 0.012946263 0.0
0.20596348 0.022017242 0.0
0.2054254 0.02109657 0.0
0.19998727 0.00088072897 0.0
0.20006312 0.0038896331 0.0
0.20061178 0.0088361257 0.0
0.20041349 0.0050722677 0.0
0.20457399 0.018615253 0.0
0.20230634 0.014529927 0.0
0.20565707 0.019789028 0.0
0.23856508 0.075439669 0.0
0.20063786 0.011284715 0.0
0.22566513 0.080568441 0.0
0.25213067 0.085963406 0.0
0.24691224 0.085798495 0.0
0.071729369 0.099940115 0.0
0.12625647 0.10460542 0.0
0.1992049 0.11392188 0.0
0.16505143 0.10278437 0.0
0.1872057 0.074909005 0.0
0.032775188 0.008172843 0.0
0.18578858 0.10601786 0.0
0.17130273 0.090439998 0.0
0.22717892 0.11272507 0.0
0.20332603 0.096161981 0.0
0.18573691 0.084277644 0.0
0.18693787 0.045898033 0.0
0.20581899 0.040817876 0.0
0.16383398 0.06972197 0.0
0.19158505 0.094292335 0.0
0.17550879 0.032978194 0.0
0.2180954 0.080555748 0.0
0.2161077 0.056497762 0.0
0.0700347 0.010298677 0.0
0.22004973 0.061237822 0.0
0.075470077 0.062068697 0.0
0.034306405 0.022591822 0.0
0.2037192 0.08597191 0.0
0.18866404 0.079654677 0.0
0.22387764 0.073023127 0.0
0.22037345 0.063984471 0.0
0.22020246 0.078420884 0.0
0.027849144 0.0080564517 0.0
0.21848265 0.085750426 0.0
0.21248187 0.075875573 0.0
0.21770363 0.096849221 0.0
0.23620627 0.084230324 0.0
0.21905479 0.067112532 0.0
0.21293829 0.052695997 0.0
0.30350115 -0.024216342 0.0
0.22616577 -0.014704602 0.0
0.31027169 -0.025476733 0.0
0.31832792 -0.02738064 0.0
0.31033346 -0.025314979 0.0
0.31347043 -0.027232942 0.0
0.31074488 -0.026700453 0.0
0.32220912 -0.027945567 0.0
0.31250618 -0.026653927 0.0
0.32793653 -0.030313112 0.0
0.31816341 -0.027847392 0.0
0.32465204 -0.029011772 0.0
0.32585776 -0.029826649 0.0
0.32636337 -0.029359517 0.0
0.32738542 -0.030416342 0.0
0.32882727 -0.031453231 0.0
0.32045952 -0.028558545 0.0
0.27861734 -0.02125944 0.0
0.3256164 -0.030600384 0.0
0.25966454 -0.017602036 0.0
0.1717994 -0.0060294772 0.0
0.13156311 -0.0064385721 0.0
0.12849676 -0.008031343 0.0
0.092565103 -0.0049842061 0.0
0.077194171 -0.004918341 0.0
0.095594129 -0.0046731908 0.0
0.1074451 -0.0066891995 0.0
0.12046606 -0.0057604501 0.0
0.012640617 0.00053919024 0.0
0.15391063 -0.0078427335 0.0
0.055821481 -0.0027795297 0.0
0.07763998 -0.0036552099 0.0
0.041119508 0.00012886599 0.0
0.02502492 -0.0012540511 0.0
0.10146469 -0.0054558602 0.0
0.016710372 -0.0017719655 0.0
0.013763883 -0.00041672365 0.0
0.043537266 -0.0028074319 0.0
0.021796598 -0.0014028647 0.0
0.028267761 -0.0022638867 0.0
0.057368677 -0.003635336 0.0
0.028589424 0.00099448332 0.0
0.020748891 0.00059909838 0.0
0.090541484 -0.0045709204 0.0
0.025269315 0.0015688768 0.0
0.01689798 -0.0016440323 0.0
0.089232568 -0.0065571995 0.0
0.077403479 -0.0042216809 0.0
0.026053436 -0.002186098 0.0
0.053189388 -0.0027674146 0.0
0.32970867 -0.02962991 0.0
0.32651128 -0.029063114 0.0
0.33200405 -0.031912845 0.0
0.33119657 -0.032058887 0.0
0.32779521 -0.033151128 0.0
0.3265519 -0.0338545 0.0
0.22839049 0.051094664 0.0
0.23067184 0.045714323 0.0
0.20298001 0.015661613 0.0
0.20247604 0.011209281 0.0
0.22567569 0.05849588 0.0
0.22976096 0.062075215 0.0
0.23243822 0.065593603 0.0
0.23131787 0.052099742 0.0
0.22871029 0.068034061 0.0
0.24476264 0.075749164 0.0
0.23349024 0.059705699 0.0
0.23521876 0.05435962 0.0
0.22580743 0.077442803 0.0
0.23292514 0.078943697 0.0
0.24476482 0.083011705 0.0
0.23485621 0.073570485 0.0
0.2296355 0.076592967 0.0
0.22850542 0.086784187 0.0
0.22383077 0.089993972 0.0
0.23835327 0.10045928 0.0
0.2195821 0.088185928 0.0
0.21078155 0.10095617 0.0
0.21381451 0.1105867 0.0
0.22991748 0.10183171 0.0
0.22344611 0.063453038 0.0
0.22788859 0.071349069 0.0
0.20781856 0.049971205 0.0
0.21233342 0.060013398 0.0
0.21408937 0.04519392 0.0
0.21396224 0.051785457 0.0
0.19877032 0.03038276 0.0
0.16366758 0.018330177 0.0
0.17121145 0.019693597 0.0
0.10879691 0.0049387039 0.0
0.049977612 -0.0011343383 0.0
0.19966542 0.027095756 0.0
0.064762179 0.0032600182 0.0
0.20483927 0.028410079 0.0
0.17570014 0.020033729 0.0
0.023245817 0.001195511 0.0
0.11730194 0.0087834427 0.0
0.028139973 0.00073646688 0.0
0.11407009 0.007139952 0.0
0.051639788 0.0023313972 0.0
0.14585592 0.012991281 0.0
0.024022538 0.0037337741 0.0
0.11221617 0.012315441 0.0
0.12549219 0.0094666769 0.0
0.1709272 0.01921809 0.0
0.19460607 0.025777214 0.0
0.19685109 0.025374833 0.0
0.21832017 0.032219695 0.0
0.21066175 0.030032619 0.0
0.21445045 0.030952715 0.0
0.095980174 0.0077955828 0.0
0.075219012 0.010504011 0.0
0.15902999 0.020981051 0.0
0.21475846 0.030606708 0.0
0.069653873 0.0054722719 0.0
0.19583855 0.025426208 0.0
0.16904901 0.020966639 0.0
0.094628075 0.014533686 0.0
0.17684742 0.040418269 0.0
0.17450471 0.021453853 0.0
0.16365741 0.023037261 0.0
0.18540112 0.023982321 0.0
0.14964192 0.017176099 0.0
0.1894955 0.037810886 0.0
0.1517252 0.015652495 0.0
0.19098741 0.033617133 0.0
0.16819708 0.0224153 0.0
0.16824597 0.025404489 0.0
0.17229202 0.030316634 0.0
0.21529795 0.062108022 0.0
0.18773357 0.033005838 0.0
0.19283274 0.036298429 0.0
0.16468386 0.027007777 0.0
0.19381241 0.053363996 0.0
0.19452789 0.0433625 0.0
0.20658571 0.044717672 0.0
0.10753611 0.011493094 0.0
0.2252105 0.068539254 0.0
0.16840167 0.03253187 0.0
0.21228691 0.054854884 0.0
0.21865536 0.031029894 0.0
0.21049556 0.026174811 0.0
0.20468661 0.016850236 0.0
0.20240738 0.016436106 0.0
0.20528188 0.023020045 0.0
0.19666408 0.025009862 0.0
0.25073877 0.095431088 0.0
0.23798409 0.094522619 0.0
0.14139978 0.083315047 0.0
0.16181949 0.065710935 0.0
0.21758174 0.056840357 0.0
0.22103146 0.073115731 0.0
0.21089286 0.068689633 0.0
0.29301698 -0.02348331 0.0
0.2775546 -0.021125946 0.0
0.21619517 -0.01282662 0.0
0.18445407 -0.011634933 0.0
0.24158412 -0.015781564 0.0
0.24348278 -0.015736609 0.0
0.1977892 -0.012715195 0.0
0.18757741 -0.012330298 0.0
0.23204136 -0.015732268 0.0
0.21446167 -0.013878681 0.0
0.1797931 -0.011642897 0.0
0.20803664 -0.011742421 0.0
0.15180142 -0.0094365387 0.0
0.07096293 -0.0030551172 0.0
0.20293893 0.014880352 0.0
0.092323973 -0.0047501091 0.0
0.066691766 -0.00280101 0.0
0.1201615 -0.0055125738 0.0
0.20245781 0.013413671 0.0
0.24059178 0.072667752 0.0
0.24135279 0.082766336 0.0
0.20426488 0.028055932 0.0
0.19407065 0.024481304 0.0
0.2131342 0.031102163 0.0
0.21359594 0.030770419 0.0
0.032177905 0.0044323278 0.0
0.039411797 0.0053733448 0.0
0.15045006 0.028423293 0.0
0.21045744 0.049410247 0.0
0.20363208 0.052181719 0.0
0.19326679 0.043545386 0.0
0.19080177 0.062148153 0.0
0.20717171 0.05246281 0.0
0.20667599 0.059519138 0.0
0.20518336 0.065100886 0.0
0.21276482 0.072222669 0.0
0.21766924 0.059379768 0.0
0.21307145 0.057311521 0.0
0.21972602 0.070666316 0.0
0.21549072 0.064949509 0.0
0.21151206 0.046780572 0.0
0.20246126 0.046619043 0.0
0.22013114 0.033983659 0.0
0.21614298 0.033331372 0.0
0.21133451 0.028277588 0.0
0.13219987 0.0078758581 0.0
0.21175684 0.026688957 0.0
0.21808028 0.033188936 0.0
0.12930895 0.013593227 0.0
0.21360312 0.030590831 0.0
0.0042115274 0.012689415 0.0
0.027360636 0.043403655 0.0
0.11828099 0.010579128 0.0
0.027871108 0.023342399 0.0
0.16946982 0.031106975 0.0
0.12850949 0.08632591 0.0
0.13981966 0.074039067 0.0
2.3775713e-05 -0.00094104287 0.0
0.052841303 0.045752528 0.0
0.078408263 0.04482134 0.0
0.033879744 0.036094024 0.0
0.10531277 0.051537339 0.0
0.021146091 0.011906235 0.0
0.056949345 0.032655196 0.0
0.011678888 0.0078229988 0.0
0.05307443 0.034420625 0.0
-4.1619196e-06 -0.00035064831 0.0
0.0085865113 0.0074430553 0.0
0.043635405 0.021213835 0.0
0.023295636 0.01559844 0.0
0.0001220965 0.00036891041 0.0
0.00035586313 -0.00035785042 0.0
0.059112611 0.02491545 0.0
0.0025865937 0.0017074985 0.0
0.0032359224 0.0030742679 0.0
0.0067624118 0.0046141928 0.0
-0.00051832899 -0.00014910527 0.0
0.083472711 0.042133318 0.0
0.012143759 0.013185273 0.0
0.031060632 0.012089261 0.0
0.16787141 0.039183275 0.0
0.0045855519 0.00027872505 0.0
0.021740682 0.0098701931 0.0
0.0054841391 0.0031618812 0.0
0.048669925 0.021321402 0.0
0.050000283 0.015014089 0.0
0.14133645 0.02848752 0.0
0.14159515 0.020249018 0.0
0.014693682 0.011081403 0.0
0.027858059 0.016025908 0.0
-0.00027377287 0.00032373934 0.0
0.0098503538 0.0029967365 0.0
-0.0010282293 -0.00030825634 0.0
0.0026823136 0.0024509915 0.0
-0.00037633191 0.0002330023 0.0
0.22064172 0.058703053 0.0
0.21896672 0.060512443 0.0
0.10022568 -0.0047023051 0.0
0.13463364 -0.0085127971 0.0
0.16639046 0.042249379 0.0
0.10436365 0.012088219 0.0
0.15812153 0.024293319 0.0
0.19773095 0.0251344 0.0
0.20779152 0.037159954 0.0
0.20141382 0.020412466 0.0
0.20945795 0.036251686 0.0
0.09115435 0.0059104165 0.0
0.20584396 0.03108127 0.0
0.21322811 0.033073057 0.0
0.21017922 0.037517429 0.0
0.10614759 0.042921463 0.0
0.075926885 0.031327991 0.0
0.00026702423 0.00058168593 0.0
0.0026347308 0.0031116009 0.0
0.012343599 0.0054841313 0.0
0.0016990504 0.0004522003 0.0
0.016183735 0.0016839628 0.0
0.012172624 0.0027203412 0.0
0.017266162 2.8178244e-05 0.0
0.064489991 0.00197524 0.0
0.17848834 0.038131351 0.0
0.18595322 0.048237136 0.0
0.12512573 0.020215433 0.0
0.1298862 0.035467872 0.0
0.20275415 0.054412928 0.0
0.19434571 0.046749065 0.0
0.080225858 0.013560475 0.0
0.12102355 0.036982103 0.0
0.14133361 0.021101445 0.0
0.1120682 0.018065311 0.0
0.077753688 0.0055698032 0.0
0.11198743 0.01595075 0.0
0.1150792 0.023083482 0.0
0.16649974 0.0571791 0.0
0.14933053 0.030588059 0.0
0.15276299 0.039118019 0.0
0.14581567 0.042632464 0.0
0.18938627 0.058562998 0.0
0.1022289 0.018014235 0.0
0.13946006 0.030549746 0.0
0.057864505 0.0027481833 0.0
0.058128535 0.015331678 0.0
0.11356469 0.025189651 0.0
0.17034125 0.061786074 0.0
0.17569731 0.047670771 0.0
0.17517792 0.053740352 0.0
0.16996851 0.053951426 0.0
0.18479113 0.065533564 0.0
0.15069771 0.042799647 0.0
0.14937787 0.050122296 0.0
0.13786255 0.050700658 0.0
0.14001354 0.057653374 0.0
0.1906662 0.071924662 0.0
0.2002794 0.065483842 0.0
0.06778349 0.0083828946 0.0
0.17607655 0.021441639 0.0
0.042040305 0.0076461686 0.0
0.020403267 0.0016162152 0.0
0.11537261 0.012307947 0.0
0.017849378 0.0018384581 0.0
0.12567519 0.018352085 0.0
0.018037918 0.0016853121 0.0
0.064808166 0.010573134 0.0
0.099631837 0.023015208 0.0
0.1015257 0.028548923 0.0
0.068100862 0.012500568 0.0
0.089337372 0.027172934 0.0
0.09099369 0.034246868 0.0
0.12227262 0.043984703 0.0
0.030206692 0.0022419439 0.0
0.016107236 0.00020058151 0.0
0.046287281 0.0025245481 0.0
0.0095565276 0.00024248557 0.0
0.063222487 0.0063997593 0.0
0.028095149 -0.00075060501 0.0
0.0046577665 -0.00017796953 0.0
0.10658104 0.015405305 0.0
0.071878134 0.0034572512 0.0
0.06680564 0.0051452718 0.0
0.031787266 0.0024530111 0.0
0.019150193 -0.0014023439 0.0
0.047454859 0.0057829122 0.0
0.056116223 0.011094208 0.0
0.031406325 0.0031954934 0.0
0.024718072 0.00098964505 0.0
0.015688411 -4.8352552e-05 0.0
-0.0036225615 0.0064315194 0.0
-0.00028218267 0.0023390529 0.0
-0.0050333694 0.0048319971 0.0
-0.0019638122 0.0070580485 0.0
0.0019858814 0.010157282 0.0
-0.0015285 0.0091862489 0.0
0.06766825 -0.0029314563 0.0
0.10486426 -0.0043264135 0.0
0.13593905 -0.004132596 0.0
0.090136702 -0.0019773036 0.0
0.088348225 0.0013494117 0.0
0.023590597 0.00091686537 0.0
0.14836153 0.0033061426 0.0
0.099592015 0.0031568547 0.0
0.34598058 -0.0023687063 0.0
0.34539918 -0.0020620224 0.0
0.2173511 -0.0011151005 0.0
0.15854209 6.8361506e-06 0.0
0.35179464 -0.0031580646 0.0
0.35215427 -0.0030834557 0.0
0.31750626 -0.0043817325 0.0
0.32782677 -0.0051448545 0.0
0.28601438 -0.0038993387 0.0
0.30194366 -0.0041013682 0.0
0.098161914 0.0007975463 0.0
0.04652264 -0.0026602435 0.0
0.05760232 -0.0010468521 0.0
0.34438895 -0.014744592 0.0
0.34564858 -0.015444076 0.0
0.15488944 0.007656246 0.0
0.18224248 0.004430758 0.0
-2.1000917e-05 -5.6978377e-05 0.0
-0.00025862789 -0.00049970719 0.0
-0.00089246603 -0.00030379015 0.0
-0.00029410386 -0.00010625989 0.0
0.25673739 -0.0025257393 0.0
0.24773122 -0.0024575869 0.0
0.33870454 0.0013975176 0.0
0.3398179 0.0023000107 0.0
0.26807376 -0.00031865131 0.0
0.23728875 0.0018898239 0.0
0.085597268 0.0045964637 0.0
0.037579206 -0.0045042155 0.0
0.13408582 0.0043813082 0.0
-0.00022727098 0.0003280887 0.0
0.069628097 0.0053595258 0.0
0.20129909 -0.001455625 0.0
0.14707549 -0.0022682513 0.0
0.012346018 0.0065433308 0.0
0.00015478992 0.01250443 0.0
0.26373635 -0.011936581 0.0
0.24787828 -0.010894127 0.0
0.2100966 -0.0073831441 0.0
0.2083705 -0.0073391866 0.0
0.19160917 -0.005714347 0.0
0.22593381 -0.0080078753 0.0
0.21028067 -0.028077501 0.0
0.17515733 -0.026740863 0.0
-0.0086837651 -0.00042997178 0.0
-0.013052278 -0.00080067635 0.0
0.13897984 -0.0050173616 0.0
0.24840108 -0.035428421 0.0
0.097773408 -0.0017751603 0.0
0.34640981 -0.028282208 0.0
0.34548855 -0.028211777 0.0
0.31872509 -0.032685043 0.0
0.30471002 -0.032866993 0.0
0.27644302 -0.035909286 0.0
0.26845657 -0.036581052 0.0
0.30386246 0.070221268 0.0
0.29380576 0.064797687 0.0
-0.0055916554 -0.0096157913 0.0
-0.0028824517 -0.0066719832 0.0
-0.0041229614 -0.005318562 0.0
-0.0068019028 -0.0032731073 0.0
-0.0048333977 -0.0072263865 0.0
-0.0067474165 -0.0048607764 0.0
0.30630571 -0.034108785 0.0
0.32151066 -0.034405058 0.0
0.27975819 0.01403672 0.0
0.27749144 0.015439745 0.0
0.20413007 -0.0018662105 0.0
0.2023266 -0.00070539395 0.0
0.18393981 -0.00067635063 0.0
0.18130268 -0.002025923 0.0
0.22989973 0.02800713 0.0
0.23485553 0.03070881 0.0
0.22757984 0.027578439 0.0
0.22916203 0.03254616 0.0
0.20526249 0.013084333 0.0
0.20377292 0.010214131 0.0
0.20002505 0.00079735932 0.0
0.20035097 0.0038891367 0.0
0.20022825 0.0022435515 0.0
0.20016556 0.0023000887 0.0
0.20065824 0.0049138388 0.0
0.20007352 0.00086149596 0.0
0.20066836 0.004537046 0.0
0.20013761 0.002149151 0.0
0.20043823 0.0032007158 0.0
0.2003012 0.0028637701 0.0
0.23732868 0.058502141 0.0
0.23497601 0.065507991 0.0
0.21817678 0.052912474 0.0
0.2162751 0.053183082 0.0
0.21068383 0.029622407 0.0
0.21605947 0.031662782 0.0
0.1406866 -0.00080650305 0.0
0.13683101 -0.00027931463 0.0
0.013810756 -0.0019661488 0.0
0.20021118 0.0009609397 0.0
0.010306344 0.0010062437 0.0
0.048374309 -0.0012048997 0.0
0.058729049 0.0085461365 0.0
0.17176844 0.010749745 0.0
0.18502049 0.017877744 0.0
0.056962144 -0.00080247421 0.0
0.10793185 -0.0043516213 0.0
0.15147438 0.012885685 0.0
0.35205617 -0.011124061 0.0
0.34585794 -0.011073751 0.0
0.34316591 -0.011494067 0.0
0.33847095 -0.010720314 0.0
