# vtk DataFile Version 2.0
jnl FVM output
ASCII
DATASET UNSTRUCTURED_GRID
POINTS 4540 float
0 0 0.0
1.9 0 0.0
1.9 0.35 0.0
2.1 0.35 0.0
2.1 0 0.0
4 0 0.0
4 1 0.0
0 1 0.0
2 1 0.0
2 0.66730769 0.0
2 0.49289627 0.0
2 0.35 0.0
2.05 0.42144814 0.0
1.9739516 0.42144814 0.0
2.05 0.35 0.0
2.075 0.38572407 0.0
2.075 0.35 0.0
2.1555587 0.41549006 0.0
2.0369758 0.38572407 0.0
2.1035612 0.43232106 0.0
2.1191854 0.39003573 0.0
2.0119758 0.41507469 0.0
2.025 0.35 0.0
2.0125 0.37405976 0.0
1.95 0.35 0.0
2.0791455 0.41523477 0.0
2.0717144 0.45184125 0.0
2.098308 0.37542556 0.0
2.0245219 0.45683765 0.0
1.9945382 0.39434102 0.0
1.9193924 0.40392362 0.0
1.9571724 0.38733431 0.0
2.1248261 0.50275315 0.0
2.0285402 0.43286453 0.0
2.0022099 0.44077448 0.0
1.9647039 0.46529202 0.0
1.9783896 0.44528142 0.0
1.9947533 0.46656607 0.0
1.9473423 0.43873282 0.0
1.9054246 0.48508853 0.0
1.9324665 0.46741133 0.0
1.9519762 0.51793395 0.0
1.896393 0.44174994 0.0
1.9322086 0.49653917 0.0
1.8970017 0.54184053 0.0
1.9086605 0.51456982 0.0
1.9285365 0.53919472 0.0
1 1 0.0
1.8808942 0.50269921 0.0
1.8616053 0.46534899 0.0
1.9220799 0.44382638 0.0
1.9807607 0.57321989 0.0
1.9178097 0.60059519 0.0
1.9591136 0.54935417 0.0
1.9151158 0.56848733 0.0
1.9869824 0.52650281 0.0
1.947137 0.58196765 0.0
1.9036848 0.62349789 0.0
2.0575157 0.53449962 0.0
1.9758245 0.6232402 0.0
1.9186125 0.64588564 0.0
2.0232985 0.52124546 0.0
1.9690812 0.59732103 0.0
2.0076399 0.60112615 0.0
1.9446307 0.617519 0.0
1.8824244 0.57123018 0.0
1.8399305 0.53789649 0.0
2.0333684 0.48922122 0.0
2.0093946 0.55326046 0.0
1.9520538 0.66494595 0.0
2.0495024 0.46741367 0.0
2.0836726 0.49252558 0.0
1.8849749 0.60415925 0.0
1.9566413 0.63993356 0.0
1.7229154 0.6060795 0.0
1.8552934 0.58967345 0.0
1.8468803 0.67754448 0.0
1.6473929 0.67050705 0.0
1.8744948 0.63301876 0.0
1.8928013 0.65231822 0.0
1.83474 0.61318624 0.0
1.4652598 0.39462844 0.0
1.9158148 0.68966069 0.0
1.8680566 0.54579374 0.0
1.5 1 0.0
1.6518359 0.4396668 0.0
1.772404 0.58433147 0.0
1.554044 0.82464904 0.0
1.6666425 0.56229064 0.0
1.7350141 0.46088224 0.0
1.6258929 0.46142151 0.0
1.7163651 0.3639752 0.0
1.8180371 0.57784601 0.0
1.701866 0.39354218 0.0
1.7451093 0.5307294 0.0
1.7538179 0.48119757 0.0
1.7552154 0.5627342 0.0
1.5236875 0.76692601 0.0
1.6536895 0.5380771 0.0
1.7766893 0.61159919 0.0
1.7925939 0.53333321 0.0
1.6690258 0.58964745 0.0
1.7293213 0.32474943 0.0
1.6249334 0.53637311 0.0
1.7821395 0.55850292 0.0
0.95 0 0.0
1.5961893 0.53447717 0.0
1.7331016 0.55211903 0.0
1.5278182 0.65822652 0.0
1.5852977 0.64808057 0.0
1.6272018 0.49525335 0.0
1.6845119 0.54143979 0.0
1.5999039 0.47936823 0.0
1.7734809 0.40938298 0.0
1.6522566 0.48266447 0.0
1.5259509 0.7033413 0.0
1.6913608 0.3303407 0.0
1.5682596 0.60963743 0.0
1.7419221 0.42901565 0.0
1.6378583 0.56211728 0.0
1.7801744 0.48966055 0.0
1.7110744 0.44571099 0.0
1.549348 0.68163475 0.0
1.5683441 0.48058924 0.0
1.7447883 0.58867145 0.0
1.7190407 0.41902513 0.0
1.7602217 0.50812863 0.0
1.75 1 0.0
1.7008605 0.50625945 0.0
1.7130132 0.52923295 0.0
1.797005 0.44510302 0.0
1.5010954 0.72578287 0.0
1.5331631 0.73543066 0.0
1.6944534 0.42336508 0.0
1.5559463 0.75945822 0.0
1.5804227 0.67435748 0.0
1.6727021 0.46347588 0.0
1.6857467 0.66849427 0.0
1.7322909 0.39786377 0.0
1.4973629 0.64906384 0.0
1.588458 0.76838006 0.0
1.3270405 0.33758012 0.0
1.5568841 0.71264776 0.0
1.6961406 0.63240942 0.0
1.5586899 0.65058366 0.0
1.627756 0.39709118 0.0
1.7697785 0.35985738 0.0
1.4698309 0.458242 0.0
1.6157161 0.58050962 0.0
1.6050231 0.63004862 0.0
1.5689269 0.51442619 0.0
1.4894496 0.68789914 0.0
1.4332141 0.41099367 0.0
1.6019859 0.50718822 0.0
1.7030803 0.47238856 0.0
1.7097105 0.55950522 0.0
1.6775529 0.49476073 0.0
1.7264861 0.50192363 0.0
1.76561 0.4514229 0.0
1.632867 0.70606069 0.0
1.6713054 0.51955039 0.0
1.6112824 0.68358738 0.0
1.5792603 0.73594532 0.0
1.5884007 0.70556424 0.0
1.4952881 0.37480294 0.0
1.4684229 0.73312618 0.0
1.4911758 0.75800417 0.0
1.5909966 0.3930486 0.0
1.5867939 0.43899842 0.0
1.2841991 0.41042189 0.0
1.3201609 0.42637838 0.0
1.5886178 0.36670597 0.0
1.2884786 0.46562248 0.0
1.6358028 0.37189511 0.0
1.2526421 0.32879701 0.0
1.5307469 0.40102028 0.0
1.6134863 0.3576977 0.0
1.7473236 0.37520013 0.0
1.5464405 0.79180399 0.0
1.6180322 0.74247203 0.0
1.4324038 0.78891228 0.0
1.5244326 0.61428408 0.0
1.5549888 0.56193646 0.0
1.3332865 0.37128158 0.0
1.5793741 0.8014826 0.0
1.4898822 0.82219962 0.0
1.4577339 0.76574585 0.0
1.5705963 0.5407156 0.0
1.5899024 0.56430186 0.0
1.5336147 0.52986625 0.0
1.5903017 0.59232629 0.0
1.5231183 0.89197406 0.0
1.4997964 0.79028864 0.0
1.4649199 0.79903419 0.0
1.400934 0.72907217 0.0
1.4877193 0.88947928 0.0
1.5223505 0.81468334 0.0
1.6875 1 0.0
1.4341464 0.73995543 0.0
1.5432837 0.86500721 0.0
1.625 1 0.0
1.4396842 0.82281336 0.0
1.4080303 0.76353525 0.0
1.4339728 0.68436648 0.0
1.5703202 0.87353276 0.0
1.4914505 0.84850045 0.0
1.4651057 0.84888437 0.0
1.6304698 0.97015291 0.0
1.4464195 0.71212234 0.0
1.418905 0.70779213 0.0
1.4615497 0.68866868 0.0
1.3818102 0.6673734 0.0
1.454093 0.6459312 0.0
1.4056616 0.68271499 0.0
1.3757032 0.70307943 0.0
1.4140423 0.64347398 0.0
1.5321361 0.83894217 0.0
1.2822755 0.71114686 0.0
1.5155435 0.85916434 0.0
1.6600701 0.94174394 0.0
1.3998816 0.79575504 0.0
1.25 1 0.0
1.3444415 0.75866672 0.0
1.6369091 0.76975677 0.0
1.3683048 0.73550292 0.0
1.3753696 0.77241539 0.0
1.3107324 0.67359178 0.0
1.6556935 0.73658843 0.0
1.6120137 0.79264188 0.0
1.6190438 0.94204217 0.0
1.590909 0.83952603 0.0
1.5513359 0.89457 0.0
1.6009065 0.92021879 0.0
1.5625 1 0.0
1.5349246 0.91829954 0.0
1.579487 0.90088947 0.0
1.5674351 0.93577717 0.0
1.4980779 0.9293965 0.0
1.611202 0.8750481 0.0
1.59375 1 0.0
1.5906675 0.94197451 0.0
1.3470873 0.6798098 0.0
1.3260152 0.69362493 0.0
1.5711845 0.96836632 0.0
1.5043088 0.90647692 0.0
1.6680603 0.82862803 0.0
1.6447593 0.80328023 0.0
1.32879 0.71866874 0.0
1.3407559 0.60744027 0.0
1.3503172 0.70506787 0.0
1.6407615 0.9055441 0.0
1.65625 1 0.0
1.3534183 0.6427942 0.0
1.3431607 0.83078349 0.0
1.53125 1 0.0
1.671875 0.97177132 0.0
1.6863581 0.77585815 0.0
1.6303133 0.83994337 0.0
1.3469077 0.79478027 0.0
1.6799029 0.89779436 0.0
1.5405327 0.94684327 0.0
1.6008094 0.96984871 0.0
1.7231783 0.93426789 0.0
1.6729368 0.80076166 0.0
1.7270916 0.813879 0.0
1.6971004 0.81935005 0.0
1.7225191 0.87375146 0.0
1.7169486 0.84321519 0.0
1.7779091 0.84787088 0.0
1.6838176 0.86503523 0.0
1.7468179 0.85354259 0.0
1.3730188 0.81569428 0.0
1.2764437 0.80564355 0.0
1.4292714 0.85839641 0.0
1.7094924 0.96938822 0.0
1.7722329 0.90480906 0.0
1.4051115 0.83086581 0.0
1.3084465 0.7792658 0.0
1.4545471 0.88136201 0.0
1.7510698 0.88336768 0.0
1.7432998 0.91220185 0.0
1.9511091 0.92903568 0.0
1.7122821 0.90412479 0.0
1.7491721 0.93776374 0.0
1.7411114 0.96835548 0.0
1.3741041 0.8549275 0.0
1.3184044 0.81001047 0.0
1.375 1 0.0
1.6905595 0.92901812 0.0
1.2912075 0.8675608 0.0
1.312358 0.84235456 0.0
1.4015829 0.85832858 0.0
1.4153273 0.89913508 0.0
1.3840921 0.88693773 0.0
1.4633818 0.91709754 0.0
1.3393866 0.86752123 0.0
1.2807745 0.83732969 0.0
1.3800015 0.94350549 0.0
1.4410178 0.90366662 0.0
1.4897345 0.9570582 0.0
1.2283971 0.87232134 0.0
1.3907992 0.91585452 0.0
1.4158675 0.92627921 0.0
1.3444205 0.91367736 0.0
1.5162443 0.94556853 0.0
1.2591776 0.86169876 0.0
1.2640246 0.92565063 0.0
1.2280559 0.82142585 0.0
1.253209 0.89431075 0.0
1.2558577 0.82459621 0.0
1.2454239 0.79260676 0.0
1.2368182 0.846816 0.0
1.1948357 0.84709744 0.0
1.286002 0.90052987 0.0
1.2627707 0.65350616 0.0
1.2734319 0.76938699 0.0
1.181836 0.77392811 0.0
1.3153141 0.8882625 0.0
1.3125 1 0.0
1.2212996 0.90532293 0.0
1.2996162 0.74357149 0.0
1.2261042 0.74080129 0.0
1.2111789 0.79161177 0.0
1.2888129 0.92516306 0.0
1.3139543 0.91525253 0.0
1.2772297 0.96663896 0.0
1.125 1 0.0
1.1318441 0.75203432 0.0
1.3198808 0.75749773 0.0
1.2447885 0.76333856 0.0
1.2580664 0.73331701 0.0
1.199018 0.81817959 0.0
1.1418348 0.82467058 0.0
1.1712782 0.82892896 0.0
1.1658136 0.86037106 0.0
1.1606671 0.79837833 0.0
1.2083172 0.7631738 0.0
1.1745884 0.71810114 0.0
1.1973674 0.7362114 0.0
1.2204801 0.68375934 0.0
1.2158068 0.71301834 0.0
1.2466516 0.70294221 0.0
1.3314351 0.95793872 0.0
1.1936097 0.88278139 0.0
1.1534441 0.77073554 0.0
1.1252161 0.79287656 0.0
1.1590581 0.74242659 0.0
1.1314994 0.70771188 0.0
1.2699564 0.68319505 0.0
1.2451044 0.67349599 0.0
1.2132393 0.63171541 0.0
1.1875 1 0.0
1.072954 0.84043424 0.0
1.1881604 0.91775303 0.0
1.1053258 0.82351351 0.0
1.1774952 0.95879353 0.0
1.1417448 0.90278674 0.0
1.1223258 0.86367727 0.0
1.0569039 0.77030163 0.0
1.2120978 0.93118088 0.0
1.2388481 0.935804 0.0
1.1660385 0.88853544 0.0
1.1620385 0.91930734 0.0
1.1306796 0.93710378 0.0
1.1230864 0.83967568 0.0
1.0981843 0.85089931 0.0
1.0859115 0.90328067 0.0
1.0742637 0.87292319 0.0
1.0880976 0.79055339 0.0
1.21875 1 0.0
1.1139141 0.91275545 0.0
1.0625 1 0.0
1.1072435 0.88635222 0.0
1.0222529 0.91029234 0.0
1.0245822 0.85865506 0.0
1.0531621 0.89843289 0.0
1.1945428 0.97647225 0.0
1.1556497 0.94457655 0.0
1.15625 1 0.0
1.0517867 0.8575584 0.0
1.0365296 0.81705432 0.0
1.0657246 0.92661046 0.0
1.0301937 0.88477936 0.0
1.0964456 0.94272992 0.0
0.5 1 0.0
1.1346864 0.96917014 0.0
1.0660162 0.96338889 0.0
1.09375 1 0.0
1.03125 0.97852424 0.0
1.0936114 0.971295 0.0
1.975 0.36455328 0.0
1.928555 0.373476 0.0
1.9453442 0.41171141 0.0
1.887579 0.46619713 0.0
2.0073289 0.63462198 0.0
2.071298 0.61846662 0.0
2.0479909 0.6609038 0.0
2.0371934 0.61814994 0.0
2.0228149 0.65525879 0.0
2.0277475 0.69222349 0.0
2.0404319 0.57836326 0.0
2.0540756 0.63662673 0.0
2.1039158 0.73031549 0.0
2.101754 0.4651114 0.0
2.1382254 0.45067654 0.0
2.0963203 0.52954429 0.0
1.8421551 0.49904952 0.0
1.9279006 0.66845617 0.0
1.9435718 0.69143464 0.0
1.9750038 0.68689722 0.0
1.9263137 0.74342802 0.0
1.9281199 0.71516663 0.0
1.9639718 0.72161342 0.0
1.8738249 0.72588504 0.0
1.8995334 0.71323666 0.0
1.8741228 0.69403935 0.0
1.9989463 0.71361657 0.0
1.8714065 0.66778153 0.0
1.8494503 0.64831236 0.0
1.7986302 0.65857334 0.0
1.8255541 0.66094046 0.0
1.808081 0.70538058 0.0
1.8143544 0.63402552 0.0
2.0399995 0.80107881 0.0
1.9946852 0.77545986 0.0
2.0323214 0.72846514 0.0
1.9874677 0.74389411 0.0
2.0754923 0.70460719 0.0
2.0220755 0.75882761 0.0
1.9567087 0.76753508 0.0
2.097284 0.66035739 0.0
2.0188553 0.81373349 0.0
1.9245869 0.83927527 0.0
2.0625 1 0.0
2.0719254 0.79125247 0.0
1.9306924 0.8847158 0.0
2.0491516 0.70793158 0.0
2.1009239 0.77467235 0.0
3 1 0.0
2.5 1 0.0
1.9608128 0.90235419 0.0
1.9784694 0.83764382 0.0
1.9789605 0.92352506 0.0
2.0192064 0.78497228 0.0
2.0547008 0.88940093 0.0
1.9947374 0.80867976 0.0
2.0231022 0.9128829 0.0
2.0496613 0.75552208 0.0
2.0455999 0.83442806 0.0
2.0778056 0.75837026 0.0
1.9607579 0.86744936 0.0
2.125 1 0.0
2.0119125 0.83737697 0.0
1.9562448 0.80611053 0.0
2.0656724 0.73281639 0.0
1.9956993 0.90122362 0.0
1.9954276 0.86717271 0.0
2.0156995 0.88403749 0.0
1.875 1 0.0
2.0307071 0.85818914 0.0
1.9516311 0.84186078 0.0
2.1180118 0.83820818 0.0
2.25 1 0.0
1.9745931 0.96492937 0.0
2.0351743 0.94069749 0.0
1.9211971 0.91595261 0.0
2.0051274 0.93662663 0.0
2.03125 1 0.0
2.0671926 0.92352082 0.0
2.0159865 0.96939932 0.0
1.8125 1 0.0
1.8747433 0.945139 0.0
2.1011303 0.80868262 0.0
2.1071654 0.88953953 0.0
2.0671666 0.96190278 0.0
1.9375 1 0.0
1.78125 1 0.0
1.8679035 0.88269093 0.0
2.1658208 0.79128422 0.0
2.0816443 0.83941272 0.0
2.0809075 0.89915293 0.0
2.077124 0.86923162 0.0
2.1070588 0.92991504 0.0
1.9198259 0.95982345 0.0
2.042954 0.97505504 0.0
1.8990255 0.89215134 0.0
2.1357587 0.80847245 0.0
2.0663153 0.81744538 0.0
2.1038752 0.86203271 0.0
2.1460316 0.87094039 0.0
1.8919523 0.92096759 0.0
1.8584474 0.91532526 0.0
1.892849 0.85654896 0.0
2.1357705 0.77360969 0.0
2.15141 0.83797723 0.0
1.8259076 0.95247176 0.0
1.818276 0.88599803 0.0
1.9171501 0.86340493 0.0
1.8782632 0.79195572 0.0
2.1177185 0.75352582 0.0
2.1550356 0.71562479 0.0
2.1471736 0.7452055 0.0
2.1300036 0.72480685 0.0
2.2074595 0.74539326 0.0
2.1100719 0.69494228 0.0
2.1773412 0.73738835 0.0
2.2076506 0.68401184 0.0
2.1855105 0.76731374 0.0
2.1995003 0.71467746 0.0
2.2382461 0.798169 0.0
2.201484 0.80050652 0.0
1.8489822 0.93985935 0.0
1.84375 1 0.0
1.8226874 0.91916652 0.0
1.8436907 0.89336219 0.0
1.8411152 0.8547138 0.0
1.8947152 0.82218411 0.0
2.1537874 0.65912161 0.0
2.2619972 0.71487212 0.0
2.2182824 0.77444726 0.0
2.2447522 0.74804413 0.0
2.2243183 0.869374 0.0
2.1773152 0.82040199 0.0
1.8506373 0.97030127 0.0
1.8261531 0.97819625 0.0
1.7917594 0.93896515 0.0
1.7993364 0.9053946 0.0
1.7863817 0.87746752 0.0
1.8091164 0.85494829 0.0
1.8669407 0.85679931 0.0
1.856785 0.82161568 0.0
1.9190077 0.78937141 0.0
2.125749 0.66948898 0.0
2.1247471 0.62368078 0.0
2.1483472 0.68750717 0.0
2.1775647 0.67839276 0.0
2.2033127 0.623885 0.0
2.1975915 0.65451767 0.0
2.258811 0.6501009 0.0
2.2287809 0.66034283 0.0
2.2307743 0.70657362 0.0
2.1849792 0.86037491 0.0
2.2219383 0.83194382 0.0
1.7700908 0.95165591 0.0
1.8054191 0.79890941 0.0
1.9188495 0.81465291 0.0
2.2530834 0.68245332 0.0
1.79894 0.82747828 0.0
1.7644741 0.81297437 0.0
1.827289 0.81888835 0.0
1.8405937 0.78236502 0.0
2.3175825 0.67718903 0.0
2.286227 0.69077509 0.0
2.2907204 0.65816958 0.0
2.3200198 0.74898429 0.0
2.2901375 0.59334406 0.0
2.2954849 0.72431417 0.0
2.3341124 0.62536404 0.0
2.2819222 0.62583331 0.0
2.3318916 0.71264226 0.0
2.282217 0.76204467 0.0
2.3176227 0.6486532 0.0
2.3625545 0.66298447 0.0
2.24294 0.6118474 0.0
2.3079231 0.61512466 0.0
2.3765556 0.568769 0.0
2.3300995 0.59701584 0.0
2.4214456 0.54857197 0.0
2.4077244 0.62792907 0.0
2.375674 0.63379601 0.0
2.2736026 0.73781736 0.0
2.389405 0.53734335 0.0
2.3572493 0.60763077 0.0
2.4926821 0.67720108 0.0
2.5057242 0.4943261 0.0
2.4683953 0.5519822 0.0
2.5420165 0.48867698 0.0
2.571492 0.53223994 0.0
2.5097978 0.578416 0.0
2.5410664 0.58863254 0.0
2.6435068 0.50616941 0.0
2.6254214 0.62860854 0.0
2.4796756 0.5202205 0.0
2.5205697 0.74079095 0.0
2.5302931 0.52162836 0.0
2.4288361 0.43106531 0.0
2.3199367 0.48885614 0.0
2.6006619 0.56320889 0.0
2.3951575 0.45966085 0.0
2.504772 0.6447564 0.0
2.464482 0.61694279 0.0
2.3084402 0.53098438 0.0
2.5599395 0.61557518 0.0
2.6362347 0.47577336 0.0
2.5605381 0.68401141 0.0
2.4385252 0.63855745 0.0
2.2967859 0.35127101 0.0
2.4753831 0.72975773 0.0
2.6041316 0.53071867 0.0
2.4151082 0.5151617 0.0
2.5887063 0.64205883 0.0
2.2894016 0.47285801 0.0
2.4813393 0.47407125 0.0
2.6443967 0.55144897 0.0
2.5281431 0.62220175 0.0
2.3188968 0.45501518 0.0
2.5547229 0.75447605 0.0
2.3713924 0.37574033 0.0
2.503899 0.54457579 0.0
2.3522766 0.46067911 0.0
2.5041457 0.37229336 0.0
2.4779501 0.43821606 0.0
2.671595 0.51304322 0.0
2.5747794 0.58509838 0.0
2.4325516 0.6059246 0.0
2.6504306 0.59384587 0.0
2.5407891 0.78924985 0.0
2.5487507 0.71817106 0.0
2.3191999 0.40941816 0.0
2.5849422 0.71154607 0.0
2.2922675 0.44429551 0.0
2.6143413 0.65519896 0.0
2.4499677 0.38742625 0.0
2.313995 0.37803094 0.0
2.4489532 0.41685572 0.0
2.2673433 0.31585981 0.0
2.2930625 0.56033677 0.0
2.3560739 0.5133727 0.0
2.6139935 0.49773087 0.0
2.6313879 0.68824304 0.0
2.5547947 0.51178434 0.0
2.5777538 0.78316914 0.0
2.2549456 0.47391682 0.0
2.2966333 0.41982951 0.0
2.4706747 0.6507725 0.0
2.3861127 0.60354501 0.0
2.6942988 0.53095225 0.0
2.2925377 0.50401193 0.0
2.3424649 0.43070813 0.0
2.2459044 0.51026876 0.0
2.4465744 0.66578787 0.0
2.4977079 0.61086067 0.0
2.3807542 0.4065402 0.0
2.575 0 0.0
2.6757375 0.45336961 0.0
2.58414 0.50487318 0.0
2.6668305 0.4845214 0.0
2.4043467 0.42844151 0.0
2.6077983 0.5978938 0.0
2.5958553 0.67729165 0.0
2.2525951 0.33830985 0.0
2.627211 0.57582308 0.0
2.2706975 0.42535436 0.0
2.4454431 0.69416049 0.0
2.4049539 0.66449937 0.0
2.4578525 0.49536093 0.0
2.3731865 0.43782927 0.0
2.6702451 0.62559172 0.0
2.2767836 0.53147443 0.0
2.5275038 0.67170183 0.0
2.4105592 0.58078836 0.0
2.4433731 0.5745641 0.0
2.6197227 0.72354772 0.0
2.5924279 0.47588663 0.0
2.3864285 0.48663014 0.0
2.5499494 0.64723755 0.0
2.5149705 0.70533646 0.0
2.4871268 0.70449786 0.0
2.5362623 0.55608993 0.0
2.5115745 0.81269935 0.0
2.3350804 0.52981495 0.0
2.5916876 0.74839534 0.0
3.05 0 0.0
2.4757804 0.58486855 0.0
2.4466486 0.52648519 0.0
2.4231223 0.45502285 0.0
2.2244079 0.3778005 0.0
2.2495105 0.54755419 0.0
2.4516878 0.46286103 0.0
2.5745506 0.55858117 0.0
2.5257271 0.41096351 0.0
2.340525 0.57035065 0.0
2.4268223 0.48441224 0.0
2.3574339 0.54435439 0.0
2.6977789 0.47711713 0.0
2.6705393 0.66301267 0.0
2.6434657 0.65173122 0.0
2.2880841 0.39649376 0.0
2.6444335 0.44420169 0.0
2.4823971 0.40181718 0.0
2.7320001 0.42325179 0.0
2.4871217 0.33698927 0.0
2.7626653 0.48053688 0.0
2.5006575 0.42251927 0.0
2.6364991 0.41195175 0.0
2.3189365 0.55518778 0.0
2.2652521 0.57450558 0.0
2.2285136 0.57789073 0.0
2.253793 0.39550306 0.0
2.3412842 0.34156789 0.0
2.4765355 0.37472685 0.0
2.6774921 0.39212246 0.0
2.6137501 0.3877547 0.0
2.2183793 0.60223909 0.0
2.1696079 0.58435842 0.0
2.1989216 0.57985717 0.0
2.1759258 0.52780154 0.0
2.2113731 0.54359261 0.0
2.180399 0.55693255 0.0
2.1346092 0.55475185 0.0
2.218435 0.43523814 0.0
2.2520447 0.36516522 0.0
2.2162867 0.32349514 0.0
2.5181249 0.45459085 0.0
2.2281661 0.34947855 0.0
2.1771095 0.35711388 0.0
2.2015385 0.34594518 0.0
2.7003005 0.41334481 0.0
2.5317944 0.38222016 0.0
2.2428826 0.42139363 0.0
2.2534819 0.44660614 0.0
2.3431897 0.38931482 0.0
2.6681987 0.42185873 0.0
2.5061421 0.39653641 0.0
2.1 0.175 0.0
2.1 0.2625 0.0
2.4542194 0.35828788 0.0
2.7306709 0.47031228 0.0
2.4200678 0.3973065 0.0
2.5324665 0.33688019 0.0
2.6695055 0.36200888 0.0
2.7078211 0.44569378 0.0
2.6043656 0.43695857 0.0
2.571381 0.40558838 0.0
2.6481662 0.38378427 0.0
2.7256485 0.36323473 0.0
2.6257304 0.34045416 0.0
2.7057405 0.38463051 0.0
2.6440735 0.35842987 0.0
2.6622307 0.32155464 0.0
2.7556025 0.44746748 0.0
2.7344097 0.5137829 0.0
2.7899351 0.39039436 0.0
2.7182716 0.49327483 0.0
2.7652793 0.41442561 0.0
2.8221351 0.45054663 0.0
2.7414958 0.39190223 0.0
2.7884647 0.45773782 0.0
2.7647561 0.3603301 0.0
2.7989217 0.42427836 0.0
2.819 0.51828836 0.0
2.8589815 0.39021583 0.0
2.7957866 0.49202008 0.0
2.8341972 0.41649626 0.0
2.8303468 0.48487008 0.0
2.7757973 0.53307576 0.0
2.824438 0.38246578 0.0
2.8849934 0.45365211 0.0
2.7723819 0.50601882 0.0
2.8564746 0.32053132 0.0
2.8883392 0.52319631 0.0
2.8531107 0.4612799 0.0
2.8680157 0.42356259 0.0
2.8485837 0.35570255 0.0
2.8543137 0.51164327 0.0
2.9270282 0.38967803 0.0
2.8057488 0.34133081 0.0
2.8758625 0.4859325 0.0
2.8493165 0.58224265 0.0
2.9062512 0.42182307 0.0
2.8927777 0.36121109 0.0
2.8321868 0.333553 0.0
2.8195228 0.28077097 0.0
2.8327811 0.30550015 0.0
2.7986639 0.30787305 0.0
2.873264 0.26787686 0.0
2.8579597 0.29200088 0.0
2.9109539 0.30870393 0.0
2.8821833 0.3075657 0.0
2.8955933 0.33278619 0.0
2.9410162 0.34481872 0.0
2.8240403 0.35783335 0.0
2.9376291 0.48597233 0.0
2.8425507 0.54628721 0.0
2.8694618 0.36823549 0.0
2.8708707 0.34223199 0.0
2.8890564 0.39106697 0.0
2.7756977 0.33021533 0.0
2.7574606 0.25458321 0.0
2.9067514 0.47723821 0.0
2.8773519 0.55835285 0.0
2.8026984 0.57240064 0.0
2.7850552 0.27582122 0.0
2.9313263 0.44930656 0.0
2.914953 0.50719129 0.0
2.9667157 0.53978261 0.0
2.9233415 0.55126972 0.0
2.9451112 0.51669437 0.0
2.8140913 0.54632121 0.0
2.7466221 0.2972115 0.0
2.6923678 0.16747534 0.0
2.8989605 0.54581093 0.0
2.9041777 0.57968562 0.0
2.9998993 0.48707917 0.0
2.7612286 0.27823326 0.0
2.7727163 0.30218466 0.0
2.7319109 0.27077911 0.0
2.7029358 0.30421552 0.0
2.7603301 0.21666553 0.0
2.7303208 0.24001997 0.0
2.6832396 0.25787452 0.0
2.990625 0 0.0
2.7030385 0.23908067 0.0
2.7948527 0.21560902 0.0
2.6606643 0.20598311 0.0
2.7176814 0.2104542 0.0
2.6861947 0.21697132 0.0
2.807911 0.24758405 0.0
2.6629397 0.23584959 0.0
3.040133 0.029497191 0.0
2.6387577 0.27850501 0.0
2.8336293 0.21842691 0.0
2.6576899 0.26105566 0.0
2.6741536 0.28909256 0.0
2.6210242 0.2402694 0.0
3.0203125 0 0.0
2.9582607 0.59548938 0.0
2.9763915 0.50907636 0.0
2.8125 0 0.0
2.7822242 0.24775626 0.0
2.9337421 0.57895391 0.0
2.9595144 0.56718465 0.0
2.9201058 0.62561944 0.0
3.0153193 0.56720296 0.0
2.9874118 0.58260043 0.0
2.968924 0.47753634 0.0
2.8333592 0.25730487 0.0
3.0020012 0.53402377 0.0
3.0306996 0.6280688 0.0
3.0025919 0.42329602 0.0
2.9874993 0.5561475 0.0
3.0718706 0.52524085 0.0
2.9886347 0.62477628 0.0
3.0150223 0.59965417 0.0
2.9928757 0.45483426 0.0
3.0380885 0.53880094 0.0
2.9625701 0.4468467 0.0
3.057818 0.45757577 0.0
3.0236025 0.50953725 0.0
3.0770337 0.58696424 0.0
2.9446102 0.41837986 0.0
3.0249871 0.46472708 0.0
3.0474568 0.60029116 0.0
3.0649644 0.55689618 0.0
2.9750019 0.38002665 0.0
2.9736772 0.41994022 0.0
3.0351536 0.43246339 0.0
3.047216 0.48784038 0.0
3.0836106 0.64104467 0.0
3.1199018 0.55230076 0.0
2.9527825 0.39363767 0.0
3.0344498 0.37255147 0.0
3.0906187 0.48605548 0.0
3.0490061 0.51348678 0.0
3.0591786 0.62630576 0.0
3.0477655 0.67284406 0.0
3.0931395 0.56304309 0.0
3.123992 0.60119815 0.0
3.0259869 0.40261098 0.0
2.9987142 0.39533775 0.0
3.0812949 0.40196126 0.0
3.0030125 0.36266371 0.0
3.0537365 0.41042357 0.0
3.0755294 0.43228993 0.0
3.136192 0.42810957 0.0
3.1053121 0.4222393 0.0
2.9739426 0.34704226 0.0
3.1319356 0.36634461 0.0
3.1145197 0.45795894 0.0
2.9607269 0.29784186 0.0
3.1259587 0.39778563 0.0
3.0863883 0.45824257 0.0
3.1822225 0.48432256 0.0
2.9589128 0.32470427 0.0
2.9990521 0.31392245 0.0
3.1888461 0.39345195 0.0
3.1367208 0.50105906 0.0
3.1518307 0.46225643 0.0
3.0286573 0.33604843 0.0
3.1579711 0.40387121 0.0
3.1167556 0.48407522 0.0
3.1060942 0.51683501 0.0
3.0560074 0.268584 0.0
3.0817214 0.34633901 0.0
3.1643041 0.37168262 0.0
3.1861264 0.43634783 0.0
3.0931817 0.53813491 0.0
3.0334793 0.29872719 0.0
3.0533174 0.35084633 0.0
3.062583 0.31748451 0.0
3.0715629 0.37407389 0.0
3.1016409 0.36936275 0.0
3.1138785 0.33864636 0.0
3.3093069 0.35376185 0.0
3.1616749 0.42910307 0.0
3.1542093 0.33208879 0.0
3.1958834 0.36079983 0.0
3.525 0 0.0
3.254571 0.39053274 0.0
3.1679033 0.29452857 0.0
3.2213255 0.38336758 0.0
3.2515987 0.32361343 0.0
3.2183728 0.33416349 0.0
3.229343 0.42687722 0.0
3.1285381 0.30150564 0.0
3.1984308 0.30219034 0.0
3.3533276 0.42604277 0.0
3.2110898 0.40774725 0.0
3.3151666 0.320412 0.0
3.2836 0.33266343 0.0
3.2282246 0.30759519 0.0
3.3757722 0.34825048 0.0
3.2196491 0.28058789 0.0
3.3366485 0.29423798 0.0
3.3028634 0.38586977 0.0
3.2735541 0.30708228 0.0
3.2629347 0.46521613 0.0
3.1863929 0.32997471 0.0
3.3124245 0.47742405 0.0
3.2249123 0.46464489 0.0
3.2806233 0.44286733 0.0
3.3640077 0.31559628 0.0
3.3011067 0.28103782 0.0
3.3418163 0.34228423 0.0
3.2443033 0.35746312 0.0
3.3402935 0.45763823 0.0
3.3228237 0.41257845 0.0
3.3091147 0.4436366 0.0
3.2535136 0.43958509 0.0
3.2896394 0.41582912 0.0
3.2773583 0.36532881 0.0
3.4070037 0.46667199 0.0
3.3910182 0.25279455 0.0
3.2631974 0.28162535 0.0
3.3424337 0.37711032 0.0
3.4321002 0.30951045 0.0
3.3692718 0.28065095 0.0
3.2572485 0.60620516 0.0
3.374834 0.45340105 0.0
3.3988525 0.32148882 0.0
3.3349817 0.24427716 0.0
3.343908 0.49224949 0.0
3.413131 0.40116328 0.0
3.4048521 0.28601072 0.0
3.3623474 0.25282886 0.0
3.4063385 0.19708418 0.0
3.3766524 0.22738222 0.0
3.2875 0 0.0
3.4322489 0.21271976 0.0
3.4063747 0.22734665 0.0
3.4405402 0.25758517 0.0
3.3791482 0.48856931 0.0
3.2574077 0.57691191 0.0
3.4020048 0.43316351 0.0
3.4159246 0.35954597 0.0
3.4331616 0.18192083 0.0
3.4314206 0.28275142 0.0
3.4839252 0.28754226 0.0
3.4567285 0.29549689 0.0
3.4854814 0.34333254 0.0
3.4583866 0.32705942 0.0
3.4150957 0.26225558 0.0
3.2979137 0.64860215 0.0
3.3150168 0.51276098 0.0
3.3808451 0.40787209 0.0
3.4685322 0.43836019 0.0
3.4221104 0.33391332 0.0
3.4444783 0.35287391 0.0
3.3914458 0.17073981 0.0
3.0925617 0.31756728 0.0
3.4837856 0.31546299 0.0
3.5370478 0.30176856 0.0
3.5086196 0.30162644 0.0
3.5231045 0.24753845 0.0
3.5226588 0.33668677 0.0
3.5229598 0.27648322 0.0
3.5670353 0.30284328 0.0
3.5524306 0.27663056 0.0
3.1168714 0.12875251 0.0
3.5611714 0.34117003 0.0
3.6513452 0.30532406 0.0
3.0553009 0.2206704 0.0
3.2015209 0.59125524 0.0
3.2691257 0.51073293 0.0
3.35577 0.39982012 0.0
3.3705304 0.37588128 0.0
3.4345124 0.44544104 0.0
3.3032087 0.2489866 0.0
3.4901203 0.19829851 0.0
3.4303362 0.49597213 0.0
3.3509029 0.12041985 0.0
3.2927393 0.49663173 0.0
3.4454749 0.41284599 0.0
3.474501 0.2356111 0.0
3.4938059 0.46496799 0.0
3.4579572 0.47281678 0.0
3.109375 0 0.0
3.2561276 0.63710479 0.0
3.5168483 0.44952575 0.0
3.4379821 0.38297618 0.0
3.4710919 0.37436933 0.0
3.4593407 0.19810966 0.0
3.3131353 0.59186182 0.0
3.1034213 0.15402045 0.0
3.5174419 0.49662722 0.0
3.5100724 0.37358762 0.0
3.4779324 0.40668959 0.0
3.521076 0.57897675 0.0
3.4490813 0.15553959 0.0
3.5937244 0.28797316 0.0
3.3305275 0.16901851 0.0
3.1658584 0.034080744 0.0
3.1891071 0.53828784 0.0
3.0700335 0.020929763 0.0
3.3101232 0.18610055 0.0
3.6096713 0.26191318 0.0
3.5 1 0.0
3.2399771 0.66347155 0.0
3.2145701 0.55129125 0.0
3.0326321 0.1371973 0.0
3.4383024 0.12983468 0.0
3.4559611 0.10826855 0.0
3.2833097 0.59169973 0.0
3.1213762 0.21524749 0.0
3.633679 0.3639921 0.0
3.5926301 0.31850561 0.0
3.1741184 0.067271562 0.0
3.1390625 0 0.0
3.18292 0.098191357 0.0
3.5338968 0.41104994 0.0
3.3461269 0.52597778 0.0
3.1308319 0.16105262 0.0
3.0981174 0.188822 0.0
3.328503 0.14248486 0.0
3.2431612 0.55131589 0.0
3.3149182 0.21845092 0.0
4 0.5 0.0
3.4966081 0.43055869 0.0
3.6191235 0.3358622 0.0
3.4787327 0.48871763 0.0
3.5927857 0.36732112 0.0
3.2153339 0.63024705 0.0
3.2148057 0.072402217 0.0
3.1609459 0.20372523 0.0
3.2719316 0.55147224 0.0
3.2508893 0.21141082 0.0
3.3495658 0.19678485 0.0
3.3779584 0.19574601 0.0
3.0054687 0.031381954 0.0
3.1565202 0.17292264 0.0
3.0785534 0.22949017 0.0
3.5093166 0.54143799 0.0
3.0574264 0.13012862 0.0
3.2838276 0.20652866 0.0
3.3828471 0.13617509 0.0
3.0830109 0.12694231 0.0
3.4081679 0.53546169 0.0
3.2716245 0.2377516 0.0
3.2580573 0.14621833 0.0
3.1550757 0.14645715 0.0
3.1068629 0.24310886 0.0
3.111412 0.069120731 0.0
3.0969484 0.21329949 0.0
3.2807034 0.26224165 0.0
3.2344936 0.24564908 0.0
3.2788567 0.17299179 0.0
3.3656944 0.55353925 0.0
3.4158283 0.14632227 0.0
3.2275821 0.57674982 0.0
2.9991919 0.20929294 0.0
3.3356728 0.085229342 0.0
3.2985086 0.075787564 0.0
3.2450621 0.17777979 0.0
3.3194637 0.11997977 0.0
3.1333159 0.18940834 0.0
3.0452734 0.074823542 0.0
3.2831446 0.62206735 0.0
3.0324717 0.19143068 0.0
3.6202579 0.30420993 0.0
2.9614296 0.20851016 0.0
3.3800354 0.52263098 0.0
3.0569025 0.10435177 0.0
3.3292149 0.55871139 0.0
3.0962152 0.033336062 0.0
3.4000064 0.57522104 0.0
3.1920597 0.20428386 0.0
3.3061167 0.15181444 0.0
3.0897463 0.093709105 0.0
3.5444951 0.45177723 0.0
3.0656063 0.16129253 0.0
3.064124 0.049293026 0.0
3.0844246 0.067180615 0.0
3.2205908 0.50806948 0.0
3.1515011 0.090422366 0.0
3.4029023 0.50499302 0.0
3.4343951 0.52421777 0.0
3.2225462 0.19900148 0.0
3.2116359 0.22664961 0.0
3.1985203 0.15095503 0.0
3.1670322 0.24593997 0.0
3.2177577 0.17136563 0.0
3.2278138 0.1426164 0.0
3.3508694 0.15186217 0.0
3.2487763 0.095375676 0.0
3.2057711 0.12080388 0.0
3.2455783 0.12222788 0.0
3.1447041 0.12206574 0.0
3.1754032 0.12944834 0.0
3.2822739 0.1129817 0.0
3.16875 0 0.0
3.40625 0 0.0
3.4338052 0.55274746 0.0
3.0686389 0.1996808 0.0
3.5352644 0.54228705 0.0
3.4566716 0.50660221 0.0
3.4895487 0.52460827 0.0
3.4618682 0.53905681 0.0
3.4700067 0.59134618 0.0
3.4578649 0.56645793 0.0
3.4884908 0.55693939 0.0
3.432481 0.59424739 0.0
3.2993584 0.56470443 0.0
3.2965328 0.53552079 0.0
2.93125 0 0.0
3.0194328 0.1020543 0.0
3.1210693 0.10043728 0.0
3.1433341 0.059820092 0.0
3.1371062 0.24115224 0.0
3.1477429 0.2705879 0.0
3.0823889 0.25775038 0.0
3.1095287 0.2753404 0.0
3.080303 0.29020935 0.0
3.0317029 0.22851899 0.0
3.4082175 0.11238699 0.0
3.228125 0 0.0
2.6977077 0.19327428 0.0
2.7329228 0.17253338 0.0
3.0240966 0.054270527 0.0
2.9767613 0.073769982 0.0
2.9974943 0.056896384 0.0
2.9606428 0.032790312 0.0
3.1984375 0.019681887 0.0
2.776367 0.17612973 0.0
2.9827677 0.022918062 0.0
2.9609375 0 0.0
3.1355819 0.030311099 0.0
3.2320479 0.038147886 0.0
1.8425276 0.56529357 0.0
1.8059115 0.60519421 0.0
1.8453679 0.4039732 0.0
1.6942029 0.60366052 0.0
1.621447 0.65526376 0.0
1.6447689 0.62211661 0.0
1.6719906 0.61959736 0.0
1.6696403 0.42235448 0.0
1.4883141 0.4341709 0.0
1.514199 0.68025886 0.0
1.5609787 0.41464763 0.0
1.6104958 0.71817385 0.0
1.5478841 0.62646678 0.0
1.5440883 0.59066557 0.0
1.4930273 0.56815985 0.0
1.5241716 0.5666762 0.0
1.5097019 0.59056019 0.0
1.49273 0.61753368 0.0
1.3159985 0.453276 0.0
1.474505 0.66438903 0.0
1.4331624 0.6594583 0.0
1.6698903 0.70217513 0.0
1.5661476 0.84777055 0.0
1.5911823 0.86292744 0.0
1.6160593 0.89991385 0.0
1.6394667 0.92948414 0.0
1.3161944 0.63618179 0.0
1.3840809 0.61186748 0.0
1.515625 0.96988253 0.0
1.4375 1 0.0
1.6628966 0.76257111 0.0
1.6906738 0.74088074 0.0
1.7353943 0.76415364 0.0
1.7086929 0.76085903 0.0
1.7264592 0.72671995 0.0
1.7117285 0.78950794 0.0
1.6108171 0.82029538 0.0
1.6457719 0.87111369 0.0
1.71875 1 0.0
1.6896381 0.95407489 0.0
1.6633203 0.91676093 0.0
1.28125 1 0.0
1.3025787 0.95136288 0.0
1.0918164 0.75067568 0.0
1.247489 0.96435346 0.0
1.2215788 0.97287242 0.0
1.0601091 0.79951426 0.0
1.0805651 0.81556908 0.0
0.97675945 0.82240481 0.0
1.1588211 0.97524554 0.0
0.91646823 0.78189985 0.0
2.015501 0.57744932 0.0
2.0364463 0.55155229 0.0
2.1298063 0.42466666 0.0
2.1269753 0.47554402 0.0
2.1730719 0.48141968 0.0
2.0748968 0.51619384 0.0
2.1019339 0.50695645 0.0
1.8597656 0.5195452 0.0
1.8180416 0.51715582 0.0
1.8126103 0.48481255 0.0
1.7423398 0.6652561 0.0
1.9512965 0.74314388 0.0
1.9724588 0.78701503 0.0
2.0816608 0.56916221 0.0
2.09375 1 0.0
2.102743 0.96540162 0.0
2.1875 1 0.0
2.1286292 0.95054405 0.0
2.1445375 0.9123178 0.0
1.96875 1 0.0
1.8009804 0.96557302 0.0
1.7660045 0.97805913 0.0
2.0845585 0.94272358 0.0
1.9477218 0.95688109 0.0
1.90625 1 0.0
1.8907977 0.97239663 0.0
1.896836 0.76229303 0.0
1.90205 0.73797739 0.0
1.9317104 0.7678388 0.0
2.1770196 0.70349509 0.0
2.2272332 0.73085807 0.0
2.2944373 0.84612472 0.0
2.2076759 0.85164145 0.0
1.7461629 0.82913123 0.0
1.8048765 0.75209167 0.0
2.25603 0.77499262 0.0
2.2868173 0.80430414 0.0
2.3452906 0.68662012 0.0
2.3826104 0.69575637 0.0
2.2279633 0.63378943 0.0
2.3821105 0.51232753 0.0
2.5715051 0.6609422 0.0
2.5869571 0.61509356 0.0
2.3594828 0.48664342 0.0
2.6803395 0.56796145 0.0
3.1623129 0.86796654 0.0
2.5056913 0.77544659 0.0
2.75 1 0.0
2.5702191 0.7332832 0.0
2.6826198 0.72475047 0.0
2.6472147 0.61790976 0.0
2.2677813 0.49640954 0.0
2.3115536 0.57956176 0.0
2.2073719 0.50489329 0.0
2.2320149 0.53042921 0.0
2.1235155 0.52991938 0.0
2.1492635 0.51754684 0.0
2.5593192 0.45113316 0.0
2.3563224 0.41024776 0.0
2.4300941 0.28495567 0.0
2.5098203 0.34780042 0.0
2.5097503 0.31871339 0.0
2.4725038 0.29574294 0.0
2.5557184 0.28451959 0.0
2.5372214 0.30764866 0.0
2.5092513 0.27783981 0.0
2.5814679 0.32407297 0.0
2.6142937 0.46129757 0.0
2.765532 0.38525618 0.0
2.7912321 0.36373218 0.0
2.7416837 0.64374178 0.0
2.7407542 0.3316904 0.0
2.7088709 0.3358114 0.0
2.7265128 0.31152788 0.0
2.6871225 0.32354134 0.0
2.6329074 0.30961909 0.0
2.6081015 0.32009812 0.0
2.5900455 0.29033064 0.0
2.5793685 0.24910784 0.0
2.6158298 0.29030099 0.0
2.6029086 0.26500489 0.0
2.9544276 0.62985891 0.0
2.9812142 0.69248622 0.0
2.9760392 0.65765749 0.0
3.0077473 0.65095061 0.0
2.9242984 0.68314417 0.0
3.0326411 0.65296874 0.0
3.0179328 0.67985347 0.0
3.046203 0.73318366 0.0
3.0390662 0.70280881 0.0
3.1005023 0.70439979 0.0
3.0049286 0.72685553 0.0
3.0695755 0.71166628 0.0
2.9340827 0.6535159 0.0
2.8933263 0.65648639 0.0
2.9542535 0.67869332 0.0
2.9462187 0.72764476 0.0
2.9423907 0.7018813 0.0
2.9041171 0.72073426 0.0
3.0988824 0.76695243 0.0
3.076974 0.74315517 0.0
3.1087225 0.73590996 0.0
3.0425915 0.79679198 0.0
3.1646431 0.70449436 0.0
3.0527443 0.76546173 0.0
3.0117265 0.88653062 0.0
3.1325603 0.71286397 0.0
3.0750447 0.78999843 0.0
3.0103635 0.7690382 0.0
3.1313355 0.76015887 0.0
3.1285838 0.66298335 0.0
3.120501 0.78931378 0.0
3.0303678 0.75319459 0.0
3.1560251 0.73713494 0.0
3.1683698 0.79051208 0.0
3.1429301 0.68693846 0.0
3.1740103 0.65205156 0.0
3.0648436 0.82217942 0.0
3.2225184 0.73723297 0.0
3.25 1 0.0
3.0955952 0.81422003 0.0
3.0053514 0.85187862 0.0
3.1892566 0.74742386 0.0
3.1268738 0.81975688 0.0
3.2121342 0.7627168 0.0
3.0312003 0.82922214 0.0
3.1972978 0.71429268 0.0
2.9778044 0.87485893 0.0
3.1586073 0.76465381 0.0
3.0380733 0.86313738 0.0
2.9910066 0.80943888 0.0
3.1892411 0.68183001 0.0
3.232707 0.70069765 0.0
3.1011404 0.87401206 0.0
3.1887593 0.88355185 0.0
3.2201955 0.78902787 0.0
2.952359 0.83568171 0.0
3.017559 0.80621485 0.0
3.1650942 0.6753962 0.0
3.2026161 0.65620478 0.0
3.1441768 0.80024621 0.0
3.2190449 0.87854181 0.0
3.174818 0.84146984 0.0
3.0627047 0.88955068 0.0
3.125 1 0.0
3.0871955 0.84515217 0.0
3.0002631 0.91984718 0.0
3.2531056 0.76455425 0.0
3.0357124 0.91341397 0.0
3.2134468 0.93874443 0.0
2.9778849 0.84695466 0.0
3.1172567 0.84842579 0.0
3.1456828 0.84201394 0.0
3.161287 0.89724791 0.0
3.1344898 0.8771495 0.0
3.0655767 0.86218095 0.0
3.0625 1 0.0
3.1789177 0.92861659 0.0
3.2083458 0.90790852 0.0
3.0676432 0.92233413 0.0
3.1142413 0.91356827 0.0
3.0212666 0.93469803 0.0
3.2696424 0.91360829 0.0
2.9925926 0.95297346 0.0
3.0880354 0.90249858 0.0
3.2384125 0.94439965 0.0
3.09375 1 0.0
3.2382461 0.91880208 0.0
3.1875 1 0.0
3.1452249 0.92691459 0.0
2.875 1 0.0
3.28125 0.96728644 0.0
3.1873446 0.96381106 0.0
3.1136732 0.95752445 0.0
3.2364818 0.97380965 0.0
3.21875 1 0.0
3.15625 0.9820394 0.0
2.9379295 0.92286489 0.0
3.2128433 0.96423959 0.0
3.1316872 0.97546873 0.0
3.1504473 0.95453501 0.0
2.9695235 0.93018056 0.0
2.9375 1 0.0
2.9597662 0.90043943 0.0
2.9564808 0.96645207 0.0
2.9095452 0.8733814 0.0
2.9852356 0.89924917 0.0
2.9437639 0.87000516 0.0
2.9289663 0.89512374 0.0
2.8805977 0.92607032 0.0
2.89932 0.90206003 0.0
2.8497963 0.86824048 0.0
2.8789961 0.8786515 0.0
2.8537734 0.90323985 0.0
2.8842305 0.81781684 0.0
2.8895964 0.84892105 0.0
2.8393072 0.81402659 0.0
2.9179635 0.82801241 0.0
2.8498776 0.93499082 0.0
2.7851068 0.89331698 0.0
2.9159602 0.77373833 0.0
2.9247848 0.85274364 0.0
2.8746061 0.96279342 0.0
2.8207423 0.88926763 0.0
2.9076544 0.80121892 0.0
2.8717458 0.77537032 0.0
2.9459318 0.79779251 0.0
2.8141678 0.92560121 0.0
2.79521 0.82340253 0.0
2.7800655 0.85690124 0.0
2.8166193 0.85298461 0.0
2.8125 1 0.0
2.8234164 0.96302663 0.0
2.7132098 0.88471346 0.0
2.8419318 0.84164043 0.0
2.8193351 0.82848086 0.0
2.8130051 0.79870907 0.0
2.8403626 0.78197354 0.0
2.7570635 0.77715416 0.0
2.7822057 0.79527256 0.0
2.7544793 0.82516118 0.0
2.8008331 0.74292043 0.0
2.8003665 0.77224438 0.0
2.7502873 0.87958051 0.0
2.8670604 0.83679383 0.0
2.8470144 0.73570821 0.0
2.8521372 0.7600556 0.0
2.8246674 0.75942014 0.0
2.8790928 0.74167137 0.0
2.8693827 0.7046425 0.0
2.9058101 0.7481811 0.0
3.1572754 0.48671984 0.0
3.1723894 0.5129988 0.0
3.1540933 0.54326395 0.0
3.1756649 0.56937664 0.0
3.1317155 0.52779727 0.0
3.1643849 0.60892475 0.0
3.176864 0.45974031 0.0
3.1322673 0.32444105 0.0
3.2972912 0.30459767 0.0
3.2633917 0.41526045 0.0
3.2104054 0.44379927 0.0
3.3255771 0.26959912 0.0
3.3973618 0.37920233 0.0
3.4486494 0.2328877 0.0
3.5027453 0.2255089 0.0
3.5482719 0.18785158 0.0
3.5340471 0.21700304 0.0
3.5189273 0.19157886 0.0
3.494701 0.15282848 0.0
3.4748803 0.17379746 0.0
3.5295684 0.15797796 0.0
3.582012 0.22236177 0.0
3.5217678 0.090176894 0.0
3.5555435 0.24193488 0.0
3.5791939 0.26117228 0.0
3.5589856 0.21112573 0.0
3.5862449 0.1844747 0.0
3.5166072 0.1251199 0.0
3.4846971 0.12240577 0.0
3.6460531 0.153153 0.0
3.4712668 0.1436782 0.0
3.4850618 0.0853908 0.0
3.5511735 0.13047023 0.0
3.435397 0.052163852 0.0
3.5090489 0.044574645 0.0
3.5374068 0.061240166 0.0
3.5785718 0.1510675 0.0
3.4548174 0.076866723 0.0
3.5057236 0.070076952 0.0
3.465625 0 0.0
3.7625 0 0.0
3.5607928 0.092573569 0.0
3.5552243 0.162707 0.0
3.430635 0.093469221 0.0
3.3898124 0.067835688 0.0
3.4776452 0.053788484 0.0
3.64375 0 0.0
3.486843 0.027013858 0.0
3.4953125 0 0.0
3.4556225 0.029043925 0.0
3.4257579 0.023324813 0.0
3.4075944 0.045426202 0.0
3.346875 0 0.0
3.3693093 0.033306668 0.0
3.6120388 0.1609655 0.0
3.6089487 0.10988564 0.0
3.6417023 0.21216278 0.0
3.6169817 0.19229369 0.0
3.6238909 0.1346151 0.0
3.6635324 0.093783654 0.0
3.6525912 0.12282015 0.0
3.635658 0.099859961 0.0
3.7133798 0.12914623 0.0
3.584375 0 0.0
3.6810252 0.14482004 0.0
3.6134111 0.081183012 0.0
3.5882024 0.091962007 0.0
3.6471385 0.053009827 0.0
3.5811071 0.12114325 0.0
3.5738747 0.064352383 0.0
3.6863077 0.11449343 0.0
3.7143747 0.060748922 0.0
3.6932885 0.083938078 0.0
3.727063 0.19862259 0.0
3.6720572 0.18473558 0.0
3.537018 0.02944208 0.0
3.6128041 0.22280423 0.0
3.703125 0 0.0
3.7289309 0.095166528 0.0
3.7111044 0.16567999 0.0
3.5546875 0 0.0
3.5695312 0.028931519 0.0
3.6647995 0.069591521 0.0
3.6819134 0.033667436 0.0
3.7831858 0.37662221 0.0
3.6995802 0.19159953 0.0
3.6999419 0.24746917 0.0
3.677961 0.21967546 0.0
3.7070925 0.21948689 0.0
4 0.25 0.0
3.728336 0.23982032 0.0
3.7287109 0.29773905 0.0
3.7209231 0.26882888 0.0
3.6891802 0.29288383 0.0
3.6877161 0.16728852 0.0
3.6111195 0.03199535 0.0
3.7483021 0.1679968 0.0
3.6558379 0.25976039 0.0
3.6366579 0.28087254 0.0
3.6355079 0.23990022 0.0
3.5892924 0.044485044 0.0
3.6753107 0.24436016 0.0
3.4684735 0.26352565 0.0
3.4955652 0.25476752 0.0
3.3506582 0.22310575 0.0
3.2417037 0.26933533 0.0
3.2832388 0.13912524 0.0
3.2083812 0.48492707 0.0
3.2435705 0.48842906 0.0
3.2288088 0.60518142 0.0
3.2217464 0.098741789 0.0
3.3039158 0.10028792 0.0
3.2743523 0.087383867 0.0
3.2527453 0.063156606 0.0
3.2673123 0.03003177 0.0
3.2578125 0 0.0
3.3081641 0.035691733 0.0
3.2795696 0.055187435 0.0
3.3903446 0.5525204 0.0
3.3598675 0.60075124 0.0
3.3388674 0.58386827 0.0
3.456771 0.66428785 0.0
3.0184191 0.26398167 0.0
3.5391246 0.36289995 0.0
3.5435514 0.32487234 0.0
3.5863357 0.34293368 0.0
3.619157 0.43843368 0.0
3.4949104 0.58255658 0.0
3.5148132 0.63061525 0.0
3.4913617 0.6121768 0.0
3.4844375 0.64511658 0.0
3.4601493 0.62281336 0.0
3.5272522 0.69573536 0.0
3.490496 0.68340843 0.0
3.0380958 0.16433039 0.0
2.9998146 0.17051962 0.0
2.8598136 0.23804872 0.0
2.8841034 0.17835359 0.0
2.9131415 0.23194818 0.0
2.864125 0.20501372 0.0
2.8874537 0.24353161 0.0
2.91503 0.27041106 0.0
2.8285192 0.16543533 0.0
2.8948285 0.20720646 0.0
2.9287098 0.17819235 0.0
2.855035 0.17738619 0.0
2.8645449 0.12089502 0.0
2.8704655 0.15093777 0.0
2.9176142 0.12604137 0.0
2.9014925 0.15260344 0.0
2.8906545 0.12785182 0.0
2.8908532 0.074631565 0.0
2.88377 0.10121561 0.0
2.8366658 0.074429185 0.0
2.9142771 0.095108451 0.0
2.863733 0.081641136 0.0
2.9273981 0.056463199 0.0
2.9530766 0.10656916 0.0
2.871875 0 0.0
2.8603141 0.040073605 0.0
2.7412839 0.1979173 0.0
2.69375 0 0.0
3.1970894 0.049001546 0.0
3.1169606 0.045645227 0.0
1.8642535 0.43181265 0.0
1.8321495 0.44615028 0.0
1.882377 0.39919272 0.0
1.8360361 0.47238301 0.0
1.8154081 0.41774358 0.0
1.9008582 0.37806049 0.0
1.8647412 0.36512176 0.0
1.8128943 0.3727979 0.0
1.6212113 0.6076193 0.0
1.6416358 0.58936743 0.0
1.6654323 0.64782583 0.0
1.442504 0.32750822 0.0
1.7806888 0.30641994 0.0
1.3316005 0.6575349 0.0
1.2917093 0.65171057 0.0
1.2738192 0.59747691 0.0
1.290136 0.622162 0.0
1.3088343 0.59206722 0.0
1.2810206 0.52806412 0.0
1.3540826 0.53893921 0.0
1.2865286 0.56371552 0.0
1.3384302 0.57144094 0.0
1.2158544 0.55638322 0.0
1.3164593 0.54084018 0.0
1.3794083 0.57115562 0.0
1.2521537 0.55077513 0.0
1.3590368 0.58818445 0.0
1.2389045 0.58529793 0.0
1.22332 0.48442461 0.0
1.2464584 0.61977874 0.0
1.1989451 0.59350772 0.0
1.2464437 0.51381615 0.0
1.3863106 0.6397581 0.0
1.3613607 0.62000499 0.0
1.4373388 0.59138583 0.0
1.5437845 0.97480001 0.0
1.4133769 0.96704433 0.0
1.46875 1 0.0
1.453125 0.96576631 0.0
1.7452487 0.79135486 0.0
1.7715776 0.76643075 0.0
1.7741267 0.72651672 0.0
1.7952693 0.77561504 0.0
1.754743 0.74531722 0.0
1.6996044 0.71115252 0.0
1.7273852 0.69417572 0.0
1.7034992 0.68630728 0.0
1.7135653 0.65852271 0.0
1.7342101 0.63514834 0.0
1.76615 0.64267542 0.0
1.7621766 0.69384027 0.0
1.7893301 0.63321155 0.0
1.7502508 0.71672502 0.0
1.7734077 0.66897575 0.0
1.6623411 0.85271686 0.0
1.1112094 0.76964461 0.0
1.0369703 0.69397612 0.0
1.1125543 0.73002178 0.0
1.0744995 0.71255016 0.0
1.0076789 0.83128461 0.0
0.99482628 0.85812679 0.0
0.99919394 0.88912315 0.0
1.0037022 0.78686093 0.0
1.0331386 0.78769136 0.0
1.0196328 0.74429988 0.0
0.99194746 0.92015985 0.0
0.75 1 0.0
1.0170198 0.94569151 0.0
0.96951796 0.87749887 0.0
1.0393154 0.93090113 0.0
0.97343537 0.84651575 0.0
0.94909793 0.84679195 0.0
0.9375 1 0.0
0.94129857 0.81006406 0.0
0.99229268 0.9448973 0.0
1.0038336 0.97090678 0.0
0.96761435 0.93287056 0.0
0.875 1 0.0
0.96819028 0.90542369 0.0
0.91880228 0.88908158 0.0
0.94577567 0.89036402 0.0
0.96875 1 0.0
0.93061085 0.92501861 0.0
2.1732684 0.44607661 0.0
2.1899361 0.41600567 0.0
2.2014304 0.46390524 0.0
2.229559 0.46158282 0.0
2.1731513 0.38881868 0.0
2.2173618 0.40609716 0.0
2.1461851 0.39016938 0.0
2.1328398 0.3588777 0.0
2.197147 0.37571499 0.0
2.169931 0.30911173 0.0
2.1553638 0.36776324 0.0
2.15417 0.33779864 0.0
2.1 0.30625 0.0
2.1235326 0.32812799 0.0
2.1356267 0.29152409 0.0
2.0786422 0.54552416 0.0
2.1027758 0.55445407 0.0
2.111669 0.58973152 0.0
2.0986907 0.61422472 0.0
2.1416252 0.59768528 0.0
2.1689617 0.61904298 0.0
2.1887248 0.60310704 0.0
2.064982 0.59139789 0.0
2.1204672 0.90976257 0.0
2.1728205 0.89262338 0.0
2.1884207 0.9451824 0.0
2.1719197 0.92148543 0.0
2.2108752 0.9082562 0.0
2.1585708 0.94837433 0.0
2.1762349 0.97239426 0.0
2.21875 1 0.0
2.15625 1 0.0
2.1453526 0.97364512 0.0
2.1986272 0.88393698 0.0
1.8635494 0.75785537 0.0
1.834356 0.75351777 0.0
2.2563269 0.84854797 0.0
2.3097264 0.78043015 0.0
2.3747813 0.78431735 0.0
2.3258201 0.81880203 0.0
2.342764 0.77383691 0.0
2.3717528 0.73942308 0.0
2.3510603 0.8026381 0.0
2.397824 0.83866916 0.0
2.3791703 0.81451705 0.0
2.4345099 0.79105556 0.0
2.3553493 0.85219458 0.0
2.4099188 0.81004825 0.0
2.4583977 0.84740081 0.0
2.4292567 0.83508618 0.0
2.3465095 0.74757554 0.0
2.5351151 0.84947148 0.0
2.4167183 0.86475681 0.0
2.4465077 0.87757101 0.0
2.375 1 0.0
2.5099306 0.88513785 0.0
2.4375 1 0.0
2.4792121 0.87303174 0.0
2.4689621 0.80968568 0.0
2.4922482 0.84117848 0.0
2.4838339 0.90633049 0.0
2.4072004 0.92791638 0.0
2.5156366 0.91882838 0.0
2.4202475 0.89758558 0.0
2.625 1 0.0
2.4956482 0.95706978 0.0
2.4508631 0.9105203 0.0
2.3734382 0.8954217 0.0
2.4924709 0.93106449 0.0
2.3859262 0.86717225 0.0
2.3964355 0.90531422 0.0
2.3717975 0.93091332 0.0
2.5602496 0.89394404 0.0
2.4641227 0.94772472 0.0
2.3093097 0.91024092 0.0
2.5335275 0.89846983 0.0
2.5532649 0.93385529 0.0
2.3434509 0.91181919 0.0
2.2968001 0.93574729 0.0
2.3279201 0.87772044 0.0
2.3251912 0.93675337 0.0
2.3125 1 0.0
2.2724292 0.95034598 0.0
2.3099207 0.96658579 0.0
2.2604404 0.90269037 0.0
2.3501347 0.96834588 0.0
2.28125 1 0.0
2.265625 0.97716522 0.0
2.2413531 0.95673459 0.0
2.2520784 0.93012981 0.0
2.4140174 0.69459275 0.0
2.4303202 0.73726948 0.0
2.6570525 0.57127563 0.0
2.670066 0.54294922 0.0
2.7333876 0.56683316 0.0
2.6798065 0.59756727 0.0
2.7072008 0.58325275 0.0
2.7088943 0.62313469 0.0
2.707934 0.55533024 0.0
2.7371698 0.60195709 0.0
2.7671314 0.58096517 0.0
2.7583242 0.55464269 0.0
2.7977336 0.62991656 0.0
2.7681854 0.61434748 0.0
2.7942805 0.60064625 0.0
2.8225508 0.59369434 0.0
2.8538081 0.62974592 0.0
2.5299323 0.76533212 0.0
2.4943656 0.75006258 0.0
2.4714309 0.77551419 0.0
2.6513573 0.71442079 0.0
2.6589079 0.68795539 0.0
2.6960188 0.69007781 0.0
2.6502922 0.77011661 0.0
2.6422103 0.74210397 0.0
2.6192707 0.76389447 0.0
2.6229275 0.82610529 0.0
2.6292628 0.79452001 0.0
2.6862689 0.82238199 0.0
2.5999338 0.80506534 0.0
2.5817457 0.84802689 0.0
2.5668543 0.81639171 0.0
2.6541096 0.81593165 0.0
2.5581535 0.83980986 0.0
2.5619909 0.86676894 0.0
2.5372236 0.8222006 0.0
2.5957553 0.88257573 0.0
2.6758257 0.79105566 0.0
2.6598316 0.87079661 0.0
2.6814715 0.75813349 0.0
2.7181952 0.79433484 0.0
2.6461765 0.84448988 0.0
2.6267938 0.87124831 0.0
2.7254846 0.74293612 0.0
2.6981524 0.77793932 0.0
2.6441733 0.9339635 0.0
2.7005582 0.74207875 0.0
2.7092609 0.71512045 0.0
2.7367586 0.68455779 0.0
2.6220137 0.90633862 0.0
2.6544814 0.90299456 0.0
2.5987026 0.94773803 0.0
2.6830172 0.8911928 0.0
2.6916791 0.85796999 0.0
2.6875 1 0.0
2.7038603 0.91473238 0.0
2.58985 0.91549064 0.0
2.6186718 0.93171956 0.0
2.628629 0.96458893 0.0
2.6714116 0.84284588 0.0
2.7198973 0.83547494 0.0
2.7457489 0.92182161 0.0
2.6778945 0.93638315 0.0
2.7324264 0.8143513 0.0
2.7435627 0.85169138 0.0
2.718056 0.95815303 0.0
2.65625 1 0.0
2.7023108 0.93926982 0.0
2.6873111 0.96778281 0.0
2.6582858 0.96038402 0.0
2.1827297 0.50410417 0.0
2.5658582 0.4769058 0.0
2.5397295 0.46486393 0.0
2.5372605 0.43544924 0.0
2.5843849 0.45212571 0.0
2.4559106 0.32483718 0.0
2.4069302 0.33912897 0.0
2.4485048 0.30133455 0.0
2.4551075 0.2753761 0.0
2.4281211 0.32067568 0.0
2.4243506 0.23251234 0.0
2.392161 0.30077483 0.0
2.4965501 0.29843472 0.0
2.6962434 0.35951161 0.0
2.5374401 0.2467089 0.0
2.583358 0.16532939 0.0
3.0048603 0.70153664 0.0
2.9755003 0.72179468 0.0
2.9684695 0.76281025 0.0
3.2777037 0.6901624 0.0
3.268673 0.66291896 0.0
3.2176786 0.67843968 0.0
3.2586099 0.72760953 0.0
3.2796075 0.83455593 0.0
3.0503698 0.95070278 0.0
3.0823837 0.9507526 0.0
3.03125 1 0.0
3.0663422 0.97291357 0.0
3.015625 0.97344218 0.0
3.0937142 0.9740729 0.0
2.96875 1 0.0
2.984375 0.97836451 0.0
2.9106816 0.94982901 0.0
2.9658093 0.81391039 0.0
2.8490011 0.96066891 0.0
2.84375 1 0.0
2.78125 1 0.0
2.8162136 0.68994478 0.0
2.8941043 0.68690372 0.0
2.8649936 0.67242972 0.0
2.8443592 0.69164664 0.0
2.8322617 0.65812846 0.0
2.8700639 0.64829354 0.0
2.8863318 0.61763847 0.0
2.8003279 0.6619766 0.0
2.8257739 0.63083359 0.0
2.8630764 0.60490558 0.0
2.9073069 0.60432909 0.0
2.7760092 0.694285 0.0
2.7724873 0.64809447 0.0
2.8786739 0.58422344 0.0
3.1484112 0.58298598 0.0
3.1909684 0.61693606 0.0
3.1460365 0.63565743 0.0
3.1145137 0.63476061 0.0
3.0938675 0.61235715 0.0
3.4163506 0.070895209 0.0
3.3677836 0.092223089 0.0
3.3574452 0.062477404 0.0
3.3928013 0.092678331 0.0
3.3286547 0.056719849 0.0
3.3369816 0.028108322 0.0
3.3171875 0 0.0
3.3765625 0 0.0
3.3935988 0.023107409 0.0
3.5402877 0.10753794 0.0
3.6435821 0.18168432 0.0
3.7717544 0.056768284 0.0
3.7522528 0.12638834 0.0
3.7010762 0.35938282 0.0
3.6140625 0 0.0
3.621152 0.056175167 0.0
3.638192 0.026968487 0.0
3.6734375 0 0.0
3.6614946 0.020907326 0.0
3.7128162 0.029621443 0.0
3.7328125 0 0.0
3.7420242 0.043761818 0.0
3.7471854 0.072446288 0.0
3.7798752 0.096584384 0.0
3.88125 0 0.0
3.7664107 0.028500947 0.0
3.821875 0 0.0
3.8052181 0.035803476 0.0
3.8075608 0.39025034 0.0
3.6651934 0.28368619 0.0
3.3739158 0.5785195 0.0
3.3904575 0.60452665 0.0
3.3679699 0.66091658 0.0
3.3718139 0.62977067 0.0
3.4159779 0.64288085 0.0
3.3353463 0.64108002 0.0
3.3904652 0.64788278 0.0
3.4127508 0.69398664 0.0
3.3916007 0.67577204 0.0
3.3674747 0.7251729 0.0
3.3642741 0.69301817 0.0
3.3882454 0.70686878 0.0
3.4127317 0.75559155 0.0
3.3940949 0.73444337 0.0
3.4263627 0.72479334 0.0
3.3631234 0.78052275 0.0
3.3725624 0.75341883 0.0
3.3162067 0.74898845 0.0
3.3449659 0.74380834 0.0
3.3234084 0.70654795 0.0
3.4469927 0.69726747 0.0
3.4782215 0.76616126 0.0
3.4468636 0.75228248 0.0
3.4777565 0.72484733 0.0
3.4361018 0.81896249 0.0
3.4520573 0.72701998 0.0
3.4327326 0.78421027 0.0
3.4647841 0.79864233 0.0
3.3967162 0.80524146 0.0
3.5333832 0.80800168 0.0
3.4067504 0.78107017 0.0
3.4891553 0.86344567 0.0
3.5003118 0.79432008 0.0
3.4684659 0.83424212 0.0
3.5288902 0.74915636 0.0
3.5047126 0.83049344 0.0
3.375 1 0.0
3.506577 0.76666085 0.0
3.5025721 0.73858203 0.0
3.5337904 0.77837641 0.0
3.5022555 0.70986839 0.0
3.5870081 0.75443094 0.0
3.557257 0.75942018 0.0
3.5548926 0.72162342 0.0
3.5794359 0.80047607 0.0
3.625 1 0.0
3.4387316 0.85530755 0.0
3.5266253 0.86098734 0.0
3.459747 0.88537783 0.0
3.3908322 0.85284198 0.0
3.75 1 0.0
3.3125 1 0.0
3.4155725 0.83871559 0.0
3.4916205 0.89743372 0.0
3.4126275 0.89592983 0.0
3.4714494 0.92027898 0.0
3.4493194 0.95411832 0.0
3.4340206 0.8809787 0.0
3.441538 0.91444101 0.0
3.4895325 0.94990611 0.0
3.4375 1 0.0
3.5043745 0.92421896 0.0
3.5274428 0.89680578 0.0
3.5625 1 0.0
3.5190099 0.94980662 0.0
3.5489765 0.92740329 0.0
3.5043491 0.97295064 0.0
3.53125 1 0.0
3.46875 1 0.0
3.5873511 0.87751999 0.0
3.5757198 0.95997945 0.0
3.4031441 0.94257242 0.0
3.5545338 0.87826895 0.0
3.4169027 0.92108444 0.0
3.3822352 0.91403586 0.0
3.453125 0.97956188 0.0
3.4211821 0.97133321 0.0
3.5599687 0.83831621 0.0
3.5715628 0.90507641 0.0
3.3560888 0.95512179 0.0
3.3844197 0.88314193 0.0
3.3260121 0.89453609 0.0
3.3567513 0.89670968 0.0
3.3555332 0.92590567 0.0
3.3444668 0.85199319 0.0
3.3154311 0.94128166 0.0
3.3674426 0.86372048 0.0
3.3679813 0.83429465 0.0
3.3316337 0.81047295 0.0
3.40625 1 0.0
3.3892052 0.97135145 0.0
3.6319552 0.92137682 0.0
3.603898 0.9053016 0.0
3.6485519 0.85988683 0.0
3.6029793 0.93942788 0.0
3.6321845 0.88845393 0.0
3.6367927 0.96142399 0.0
3.5762514 0.93233031 0.0
3.6154059 0.85986839 0.0
3.694792 0.90535218 0.0
3.588206 0.84775818 0.0
3.6178366 0.81780779 0.0
3.6612708 0.90511873 0.0
3.6319901 0.83972625 0.0
3.6666707 0.80180288 0.0
3.6617728 0.832143 0.0
3.6435068 0.81362885 0.0
3.6241339 0.77555816 0.0
3.7220233 0.82630406 0.0
3.6909125 0.86305109 0.0
3.6911318 0.82131713 0.0
3.6875 1 0.0
3.6781685 0.88554831 0.0
3.7160783 0.76495856 0.0
3.6563359 0.93077944 0.0
3.7110007 0.79641145 0.0
3.7839452 0.8402596 0.0
3.7430252 0.80158128 0.0
3.7484364 0.76937462 0.0
3.7620981 0.86151224 0.0
3.7406705 0.70552043 0.0
3.7544521 0.83257024 0.0
3.7361742 0.73846661 0.0
3.7413888 0.90418719 0.0
3.7645636 0.89189132 0.0
3.7372958 0.87827373 0.0
3.6756559 0.71342752 0.0
3.7769531 0.80667195 0.0
3.875 1 0.0
3.6208123 0.68984276 0.0
3.7340727 0.850992 0.0
3.7092008 0.71800553 0.0
3.7697191 0.74304463 0.0
3.8100805 0.87952394 0.0
3.7844103 0.87499107 0.0
3.688428 0.74502847 0.0
3.70115 0.6518094 0.0
3.6795077 0.67893809 0.0
3.7356921 0.92979593 0.0
3.7685491 0.64361231 0.0
3.8134131 0.8324746 0.0
3.6480528 0.74296533 0.0
3.713862 0.683851 0.0
3.8011888 0.73055952 0.0
4 0.75 0.0
3.7464859 0.67090799 0.0
3.6518162 0.6933053 0.0
3.6334871 0.71688888 0.0
3.6420136 0.64054173 0.0
3.6165462 0.74345796 0.0
3.6549288 0.66543465 0.0
3.6016874 0.71529834 0.0
3.6726766 0.64042966 0.0
3.6571316 0.58206897 0.0
3.705132 0.60053417 0.0
3.6572457 0.61328921 0.0
3.6951342 0.62554997 0.0
3.5977103 0.59789648 0.0
3.6787087 0.59760044 0.0
3.7338277 0.62650854 0.0
3.6294979 0.5977803 0.0
3.6975095 0.54872768 0.0
3.7745443 0.70930348 0.0
3.7993775 0.77189753 0.0
3.5728303 0.6737058 0.0
3.6133828 0.53727914 0.0
3.7802819 0.6756607 0.0
3.7740231 0.76829006 0.0
3.5941484 0.68972212 0.0
3.605296 0.65268886 0.0
3.6293796 0.565415 0.0
3.8354715 0.63728419 0.0
3.6136983 0.62360432 0.0
3.5768281 0.6287088 0.0
3.5967957 0.56532531 0.0
3.6570722 0.5310547 0.0
3.8028407 0.64923016 0.0
3.5608258 0.58263372 0.0
3.5738787 0.53284372 0.0
3.6535629 0.55656595 0.0
3.7963976 0.58109155 0.0
3.8364863 0.69059503 0.0
3.8085607 0.61431536 0.0
3.8050463 0.6983966 0.0
3.8267919 0.66411448 0.0
3.8700547 0.663291 0.0
3.7734478 0.60833168 0.0
3.8657745 0.57453134 0.0
3.7475146 0.56319528 0.0
3.8423883 0.60193125 0.0
3.7686981 0.58104243 0.0
3.7452688 0.59917822 0.0
3.7826153 0.54302811 0.0
3.830139 0.56779611 0.0
4 0.625 0.0
3.7245236 0.57982187 0.0
3.8060309 0.55607655 0.0
3.819182 0.50494287 0.0
3.8310556 0.53525465 0.0
3.8608128 0.62388906 0.0
3.8050416 0.52796329 0.0
3.7651282 0.49277086 0.0
3.7910992 0.50354603 0.0
3.8078017 0.45074329 0.0
3.8063795 0.47933646 0.0
3.7784462 0.46361509 0.0
3.8615641 0.46774939 0.0
3.8354923 0.48078453 0.0
3.8667675 0.51074772 0.0
3.7162419 0.45282051 0.0
3.7686016 0.40125341 0.0
3.7459276 0.46638057 0.0
3.7817073 0.43114239 0.0
3.7191493 0.50604348 0.0
3.7448385 0.42949085 0.0
3.7638914 0.31180288 0.0
3.7397316 0.4910685 0.0
3.7501348 0.52615883 0.0
3.7027279 0.40706435 0.0
3.8121395 0.41779849 0.0
3.773714 0.52046288 0.0
3.7262392 0.54307921 0.0
3.7350448 0.39713142 0.0
3.7190802 0.42710845 0.0
3.6870085 0.43658082 0.0
3.7798944 0.26844717 0.0
3.7816385 0.3452768 0.0
3.7129673 0.38284029 0.0
3.6817516 0.38392157 0.0
3.750486 0.34907858 0.0
3.6667297 0.35221297 0.0
3.6812246 0.48142424 0.0
3.8381191 0.39932592 0.0
3.7545621 0.37689571 0.0
3.8079862 0.36232751 0.0
3.6899002 0.32706857 0.0
3.6930409 0.46015359 0.0
3.711992 0.47974355 0.0
3.6604121 0.45594513 0.0
3.8609699 0.37709932 0.0
3.7504588 0.27637655 0.0
3.6645527 0.32695893 0.0
3.7216025 0.33419393 0.0
3.641384 0.49272804 0.0
3.6525273 0.41716866 0.0
3.6437116 0.34097012 0.0
3.8412791 0.43839323 0.0
3.8258516 0.3058385 0.0
3.8338259 0.3720526 0.0
3.8316168 0.33873142 0.0
3.876462 0.41588598 0.0
3.8045991 0.32651514 0.0
3.7956342 0.29603999 0.0
3.8913992 0.31130159 0.0
3.868091 0.44155284 0.0
3.9358624 0.49700292 0.0
3.8935363 0.46180402 0.0
3.8233962 0.26191803 0.0
3.8579085 0.31717154 0.0
4 0.375 0.0
4 0.4375 0.0
3.9100804 0.48495773 0.0
3.8817061 0.4871259 0.0
3.9059832 0.52734258 0.0
3.9336549 0.46811298 0.0
3.9813409 0.46875 0.0
3.8673981 0.27283893 0.0
3.8802339 0.34607315 0.0
3.8716196 0.29692449 0.0
3.8463138 0.28894712 0.0
3.8992808 0.27966353 0.0
3.8545348 0.35161027 0.0
3.9433476 0.34716083 0.0
3.904075 0.38236956 0.0
3.8963411 0.21551069 0.0
3.9119551 0.33708057 0.0
3.8837437 0.36974592 0.0
3.8893925 0.24797287 0.0
3.9276013 0.30351943 0.0
3.9212586 0.36202938 0.0
3.9569023 0.39114022 0.0
3.8527562 0.23772768 0.0
3.9448085 0.24286005 0.0
3.9163017 0.23675808 0.0
4 0.1875 0.0
3.9303427 0.2715268 0.0
4 0.3125 0.0
3.0390255 0.25148125 0.0
3.0085694 0.2888876 0.0
2.9789204 0.26276149 0.0
3.0039526 0.23834345 0.0
2.9752803 0.23398986 0.0
2.9452769 0.25240188 0.0
2.9407916 0.27927346 0.0
3.5775933 0.42142154 0.0
3.6159608 0.39917291 0.0
3.5175004 0.66385002 0.0
3.5462859 0.64479657 0.0
3.5425225 0.61113444 0.0
2.9807107 0.18960447 0.0
2.9618039 0.15157497 0.0
2.8932313 0.28423626 0.0
2.8159581 0.1933888 0.0
2.9325 0.028448267 0.0
2.8967532 0.036410245 0.0
2.8770203 0.023188791 0.0
2.9015625 0 0.0
2.9542344 0.058970665 0.0
2.9863452 0.10564172 0.0
2.9702817 0.1265819 0.0
3.0011594 0.13363719 0.0
2.9855508 0.1515338 0.0
2.8210483 0.038362216 0.0
2.8421875 0 0.0
2.7584368 0.12852559 0.0
2.7171315 0.13403424 0.0
1.8988665 0.41734863 0.0
1.9 0.175 0.0
1.797911 0.39617903 0.0
1.8400153 0.37704814 0.0
1.8332659 0.33146106 0.0
1.3715551 0.41560251 0.0
1.7682213 0.33170695 0.0
1.4507064 0.48142867 0.0
1.4330214 0.45712633 0.0
1.5945982 0.32029833 0.0
1.3372228 0.50669442 0.0
1.5106398 0.48559322 0.0
1.7920495 0.27103956 0.0
1.5183671 0.42994412 0.0
1.5394009 0.48204127 0.0
1.5521312 0.4466068 0.0
1.7845716 0.23464013 0.0
1.6629336 0.35611194 0.0
1.3698265 0.46347308 0.0
1.5557349 0.38190365 0.0
1.5219307 0.45880001 0.0
1.4679918 0.50601691 0.0
1.4995917 0.40540208 0.0
1.4577227 0.42981279 0.0
1.4626898 0.35808219 0.0
1.2473183 0.3966102 0.0
1.3816252 0.49461977 0.0
1.8239146 0.24552535 0.0
1.4009742 0.4752691 0.0
1.4218821 0.51552427 0.0
1.2677898 0.63027022 0.0
1.2224368 0.60649673 0.0
1.1416832 0.6367083 0.0
1.2091992 0.51932618 0.0
1.425 0 0.0
1.4354725 0.62180488 0.0
1.4120459 0.60510082 0.0
1.4632488 0.60824226 0.0
1.4111609 0.57328893 0.0
1.46446 0.57803921 0.0
1.4680288 0.54211647 0.0
1.397392 0.54085612 0.0
1.4845227 0.59354344 0.0
1.4985886 0.52403531 0.0
1.4394369 0.55741457 0.0
1.4476828 0.52408755 0.0
1.3963962 0.51538925 0.0
1.4916899 0.50076266 0.0
1.5190342 0.50933479 0.0
1.4219682 0.54011166 0.0
1.4032537 0.9459672 0.0
1.40625 1 0.0
1.3846231 0.97238329 0.0
1.34375 1 0.0
1.3589746 0.96167938 0.0
1.4750092 0.97646052 0.0
1.4326516 0.94776329 0.0
1.4671217 0.94330089 0.0
1.7987331 0.72820476 0.0
1.8268305 0.72638593 0.0
1.847951 0.70652005 0.0
1.75048 0.61440914 0.0
1.0632188 0.74066943 0.0
1.0420612 0.95586068 0.0
0.96103759 0.76763395 0.0
0.88321987 0.83624016 0.0
0.96651287 0.96646352 0.0
0.85771073 0.92906429 0.0
2.2292625 0.48876916 0.0
2.1118149 0.284375 0.0
2.1323688 0.25914546 0.0
2.1 0.21875 0.0
2.1673058 0.27198336 0.0
2.1140912 0.240625 0.0
2.1487201 0.20284208 0.0
2.1419568 0.23140396 0.0
2.1922068 0.22822115 0.0
2.1665969 0.22215689 0.0
2.3375 0 0.0
2.1743412 0.64399162 0.0
2.1481895 0.63409027 0.0
2.2078642 0.97022382 0.0
2.2472865 0.82335849 0.0
2.2741662 0.82821377 0.0
2.3020116 0.82314012 0.0
2.4440813 0.81452619 0.0
2.4912853 0.79681262 0.0
2.5110031 0.85917042 0.0
2.4346116 0.93322341 0.0
2.4137412 0.9675769 0.0
2.3913181 0.95090529 0.0
2.5625 1 0.0
2.5256409 0.94840212 0.0
2.5533704 0.96755762 0.0
2.5729748 0.9506449 0.0
2.5893084 0.97990052 0.0
2.53125 1 0.0
2.517201 0.97542342 0.0
2.3539415 0.87818198 0.0
2.2941427 0.87997604 0.0
2.3239727 0.84836451 0.0
2.2344412 0.89463888 0.0
2.34375 1 0.0
2.3496533 0.94308273 0.0
2.2177717 0.9377402 0.0
2.6908271 0.64414156 0.0
2.444524 0.7632193 0.0
2.408606 0.76601712 0.0
2.401013 0.73770721 0.0
2.730617 0.76988026 0.0
2.7341103 0.89920679 0.0
2.7615029 0.90214989 0.0
2.7832222 0.92423529 0.0
2.7976713 0.94811074 0.0
2.3737189 0.32989711 0.0
2.3850597 0.3534533 0.0
2.410761 0.36883603 0.0
2.3404895 0.28845364 0.0
2.3642121 0.30347628 0.0
2.3742487 0.26138544 0.0
2.5576988 0.26023887 0.0
2.5338369 0.27177409 0.0
2.4844349 0.22704087 0.0
2.5923571 0.20774215 0.0
2.942785 0.77101395 0.0
2.9917852 0.74999044 0.0
2.9869303 0.78264831 0.0
3.2528349 0.68530559 0.0
3.2563861 0.80332979 0.0
2.9122947 0.92420969 0.0
2.9368795 0.94905323 0.0
2.90625 1 0.0
2.9245279 0.97468083 0.0
2.8981078 0.97486513 0.0
2.8042592 0.97746865 0.0
2.7625515 0.95305481 0.0
2.7783038 0.97397706 0.0
2.7391472 0.94550947 0.0
2.7431934 0.97302962 0.0
2.71875 1 0.0
2.79842 0.71349927 0.0
2.8265385 0.71624256 0.0
2.7638494 0.73114431 0.0
2.7606451 0.67222695 0.0
3.7340854 0.14565512 0.0
3.7542727 0.10055817 0.0
3.7921875 0 0.0
3.8515625 0.035587945 0.0
3.8039329 0.070941487 0.0
3.8284766 0.054246709 0.0
3.8755667 0.088898805 0.0
3.8565689 0.065393338 0.0
3.8969638 0.043285086 0.0
3.8339348 0.103117 0.0
3.8071236 0.098041655 0.0
3.81086 0.15165791 0.0
3.7919632 0.12603649 0.0
3.8190846 0.12581266 0.0
3.8697477 0.1427562 0.0
3.8466396 0.12763616 0.0
3.8421863 0.15966027 0.0
3.7785125 0.15573619 0.0
3.8749164 0.18210441 0.0
3.8143855 0.20317359 0.0
3.8211138 0.17683466 0.0
3.8462697 0.19728962 0.0
3.7914 0.18327305 0.0
3.7757892 0.22452846 0.0
3.4154297 0.61557805 0.0
3.4423294 0.64223668 0.0
3.3128786 0.62159841 0.0
3.2830174 0.75012836 0.0
3.2987409 0.72419338 0.0
3.3008472 0.78551994 0.0
3.3221887 0.67250315 0.0
3.3471217 0.67477993 0.0
3.3034734 0.69021791 0.0
3.4719444 0.70038283 0.0
3.5281819 0.72244247 0.0
3.2670914 0.94225404 0.0
3.59375 1 0.0
3.6052237 0.97075904 0.0
3.5471337 0.95618163 0.0
3.5332747 0.83491163 0.0
3.5578937 0.81332108 0.0
3.327885 0.97133567 0.0
3.34375 1 0.0
3.3039063 0.97692651 0.0
3.28125 1 0.0
3.359375 0.98016061 0.0
3.3302995 0.92007686 0.0
3.3001909 0.91478039 0.0
3.2863988 0.87556627 0.0
3.3694926 0.80705273 0.0
3.3132104 0.83891056 0.0
3.3199698 0.86664081 0.0
3.299356 0.81399197 0.0
3.5926135 0.82248626 0.0
3.6053137 0.79434715 0.0
3.6747848 0.96409901 0.0
3.7101823 0.88261227 0.0
3.6669448 0.76935176 0.0
3.6924164 0.77727503 0.0
3.647418 0.78541354 0.0
3.579768 0.7293955 0.0
3.7276444 0.65227551 0.0
3.8077023 0.80188323 0.0
3.8606663 0.77103056 0.0
3.8301357 0.77950668 0.0
3.8398766 0.8117057 0.0
3.8363813 0.74278005 0.0
3.8557006 0.8591126 0.0
3.8262679 0.71666708 0.0
3.8648365 0.71674469 0.0
3.839317 0.83823688 0.0
3.876714 0.82575406 0.0
3.5546267 0.6942076 0.0
3.5427961 0.67079516 0.0
3.6286511 0.66475218 0.0
3.5735754 0.60402207 0.0
3.542304 0.56609762 0.0
3.5715218 0.55883182 0.0
3.54807 0.51098038 0.0
3.5431771 0.48156633 0.0
3.5860139 0.46853801 0.0
3.5790886 0.50052901 0.0
3.6094509 0.49035664 0.0
3.6121245 0.46398775 0.0
3.6238405 0.51277684 0.0
3.8623462 0.54257843 0.0
3.8913793 0.55562377 0.0
3.9070283 0.60360668 0.0
3.891232 0.58221514 0.0
3.9313193 0.56914116 0.0
3.6873949 0.51677231 0.0
3.6637677 0.50593988 0.0
3.6431479 0.43926575 0.0
3.8528911 0.41779254 0.0
3.9677438 0.50251154 0.0
4 0.5625 0.0
3.9459128 0.53384804 0.0
4 0.53125 0.0
3.9736445 0.546875 0.0
3.9677017 0.58693904 0.0
3.9573606 0.47871097 0.0
3.9577986 0.44591951 0.0
3.919356 0.42832811 0.0
4 0.125 0.0
3.9689628 0.27303213 0.0
2.983534 0.28741222 0.0
2.9398347 0.22548102 0.0
3.5529948 0.42782275 0.0
3.559259 0.40143092 0.0
3.6428583 0.39066719 0.0
3.602424 0.42003539 0.0
3.5886433 0.39627065 0.0
2.9559622 0.17819389 0.0
2.9332606 0.14996831 0.0
2.9391186 0.082416304 0.0
2.8401456 0.051507617 0.0
2.8413214 0.024528176 0.0
2.7561145 0.1565791 0.0
2.7868542 0.14500089 0.0
2.7951315 0.09797816 0.0
2.8017385 0.1673463 0.0
2.7823796 0.11997335 0.0
2.7587358 0.091571482 0.0
2.8187753 0.12638002 0.0
2.843694 0.1406089 0.0
2.7349271 0.1098571 0.0
2.679969 0.088042959 0.0
2.7204051 0.066306112 0.0
2.7045855 0.10616193 0.0
2.6813111 0.13339815 0.0
2.7834986 0.057479655 0.0
2.8230355 0.09879119 0.0
2.6478142 0.16309891 0.0
2.7794346 0.08056699 0.0
2.7578088 0.064858869 0.0
2.8051245 0.073187776 0.0
2.753125 0 0.0
2.7622576 0.031939049 0.0
2.6710464 0.15556098 0.0
2.6704226 0.18171245 0.0
2.6507978 0.13272436 0.0
2.614905 0.14453249 0.0
2.7234375 0 0.0
2.7828125 0 0.0
2.7141756 0.15773482 0.0
1.9 0.2625 0.0
1.5446199 0.50693522 0.0
1.2542799 0.43537219 0.0
1.2748826 0.35081915 0.0
1.7652722 0.25757286 0.0
1.7211609 0.29643494 0.0
1.7401236 0.27388017 0.0
1.437597 0.35269852 0.0
1.4938193 0.33752956 0.0
1.41618 0.36683862 0.0
1.3082428 0.48469117 0.0
1.7527705 0.22746455 0.0
1.7299104 0.24616664 0.0
1.3050711 0.35908128 0.0
1.3103466 0.39674851 0.0
1.6622822 0.38963867 0.0
1.4407247 0.38072516 0.0
1.2910679 0.32279862 0.0
1.3372288 0.47030788 0.0
1.7131979 0.26806431 0.0
1.2577989 0.46585024 0.0
1.8007453 0.33202557 0.0
1.2063277 0.39017343 0.0
1.4958267 0.46357513 0.0
1.6883907 0.36859565 0.0
1.4100462 0.33425869 0.0
1.6874041 0.2379037 0.0
1.6109343 0.38090338 0.0
1.5274825 0.27115282 0.0
1.3987854 0.43402752 0.0
1.283442 0.38092476 0.0
1.7649013 0.28454626 0.0
1.8190841 0.27214791 0.0
1.6873506 0.27758971 0.0
1.8164385 0.2990755 0.0
1.5988538 0.41693435 0.0
1.6208687 0.42908386 0.0
1.715752 0.20553826 0.0
1.3405065 0.40478789 0.0
1.2153752 0.437396 0.0
1.7449428 0.34761242 0.0
1.1574177 0.44476635 0.0
1.1588487 0.3977613 0.0
1.1854293 0.43347568 0.0
1.1965634 0.46475935 0.0
1.2931073 0.43855192 0.0
1.510844 0.30433883 0.0
1.1767208 0.62360001 0.0
1.081545 0.65111346 0.0
1.2304928 0.53462809 0.0
1.1504455 0.54900417 0.0
1.2763694 0.49027219 0.0
1.0398115 0.72310339 0.0
1.0065532 0.71164527 0.0
0.98385135 0.73968509 0.0
0.9880999 0.64486245 0.0
0.99929705 0.76095016 0.0
0.91919851 0.71019655 0.0
1.0060902 0.67583232 0.0
0.96306289 0.69964416 0.0
0.94765529 0.7334249 0.0
1.0354876 0.63804534 0.0
0.98219048 0.71513043 0.0
0.97615104 0.67251365 0.0
0.93226428 0.66806425 0.0
0.93359347 0.75864782 0.0
0.89073728 0.74501645 0.0
1.0325743 0.66610762 0.0
1.0622924 0.67570078 0.0
1.0984389 0.68417319 0.0
1.1143208 0.65521096 0.0
1.099143 0.70905358 0.0
1.1033845 0.60955457 0.0
1.1467368 0.67366523 0.0
1.1174316 0.63032782 0.0
1.1380465 0.60125184 0.0
1.1116083 0.56738267 0.0
1.1171081 0.59034294 0.0
1.0891732 0.58489548 0.0
1.1381151 0.57317219 0.0
1.0656836 0.61485749 0.0
1.0670267 0.53339743 0.0
1.1713517 0.5748998 0.0
1.0848578 0.55624028 0.0
1.0476129 0.57650179 0.0
1.1135518 0.51546095 0.0
1.1068158 0.54120605 0.0
1.1842305 0.54311559 0.0
1.1596307 0.50184034 0.0
1.1640468 0.5271767 0.0
0.96613611 0.79581232 0.0
0.94187683 0.78452659 0.0
0.90822301 0.81419671 0.0
0.91522581 0.84734159 0.0
0.86352166 0.7886953 0.0
0.93248348 0.8668861 0.0
0.89092973 0.79258091 0.0
0.89361826 0.91726542 0.0
2.2018291 0.28819937 0.0
2.1198146 0.196875 0.0
2.1411128 0.027819142 0.0
2.4439412 0.97036356 0.0
2.46875 1 0.0
2.4737135 0.97321819 0.0
2.40625 1 0.0
2.3764903 0.97323606 0.0
2.2662957 0.87501806 0.0
2.7163926 0.6613952 0.0
2.3988227 0.78834396 0.0
2.384104 0.76113919 0.0
2.4025451 0.27228519 0.0
2.4748464 0.17853405 0.0
2.5070036 0.2474767 0.0
2.4827286 0.26453844 0.0
2.5212622 0.20904994 0.0
2.5975224 0.23208604 0.0
2.5599839 0.22029916 0.0
2.567209 0.19091695 0.0
2.5265361 0.14735726 0.0
2.5525887 0.1637998 0.0
2.5396212 0.18829114 0.0
2.5695116 0.10812511 0.0
2.5055232 0.17663268 0.0
2.569271 0.13846127 0.0
2.5944834 0.12349224 0.0
2.6112738 0.068234487 0.0
2.6248855 0.11441468 0.0
2.5956274 0.093660041 0.0
2.6046875 0 0.0
2.5818461 0.067652323 0.0
2.5842883 0.033232627 0.0
2.4949177 0.20181113 0.0
2.4515524 0.1985857 0.0
2.189353 0.18316466 0.0
2.4249986 0.14418196 0.0
2.45625 0 0.0
2.4454146 0.1678993 0.0
2.6529121 0.10224153 0.0
2.6299888 0.087814327 0.0
2.634375 0 0.0
2.6551718 0.073668486 0.0
2.4879703 0.14185489 0.0
2.6195313 0.031988715 0.0
2.6855203 0.049890584 0.0
2.4078057 0.19137868 0.0
2.4562948 0.13788773 0.0
2.6556772 0.029323193 0.0
2.515625 0 0.0
2.4286554 0.081411677 0.0
2.6640625 0 0.0
2.681615 0.023622332 0.0
2.6391273 0.051310114 0.0
2.4747874 0.11867442 0.0
2.4781013 0.092214223 0.0
2.4350641 0.11327669 0.0
2.5427258 0.063485716 0.0
2.5133798 0.11007027 0.0
2.371153 0.10955338 0.0
2.4519608 0.093301502 0.0
2.4609155 0.046963819 0.0
2.5453125 0 0.0
2.4035971 0.10302829 0.0
2.3930768 0.13464088 0.0
2.3805583 0.038097495 0.0
2.4021142 0.1625755 0.0
2.3500864 0.1878202 0.0
2.3678655 0.15822642 0.0
2.3819905 0.079517329 0.0
2.3792183 0.18518432 0.0
2.3857993 0.22387612 0.0
2.3025962 0.139152 0.0
2.3228043 0.07513532 0.0
2.396875 0 0.0
2.3327278 0.15725419 0.0
2.3530094 0.06906055 0.0
2.21875 0 0.0
2.2831752 0.2056074 0.0
2.3348324 0.11962249 0.0
2.3422604 0.093744563 0.0
2.3016063 0.17492823 0.0
2.3191986 0.20637319 0.0
2.2441778 0.16130283 0.0
2.3503599 0.22326381 0.0
2.3001425 0.25511772 0.0
2.2756931 0.15630942 0.0
2.3007349 0.22725217 0.0
2.3268726 0.24174688 0.0
2.2624367 0.2403771 0.0
2.3233515 0.26811172 0.0
2.3038365 0.30194335 0.0
2.2638208 0.18332807 0.0
2.2265572 0.19678947 0.0
2.2520121 0.098626821 0.0
2.2733765 0.12300593 0.0
2.2422142 0.12952632 0.0
2.3029186 0.10405589 0.0
2.2069638 0.14765342 0.0
2.2453732 0.066898243 0.0
2.6265025 0.20654505 0.0
2.6407275 0.22616295 0.0
2.6085534 0.18214457 0.0
2.6432801 0.18782489 0.0
2.9312846 0.74828289 0.0
3.2381395 0.84114629 0.0
2.7761538 0.7564644 0.0
2.7391342 0.7143465 0.0
3.8283396 0.024783905 0.0
3.8515625 0 0.0
3.8232858 0.23187167 0.0
3.8683634 0.21448495 0.0
3.7569865 0.24745402 0.0
3.7476895 0.21860378 0.0
3.2776385 0.71372054 0.0
3.331495 0.77691102 0.0
3.2737727 0.78233229 0.0
3.5296927 0.97464749 0.0
3.2530097 0.88357076 0.0
3.2645611 0.85811509 0.0
3.65625 1 0.0
3.6870999 0.93551282 0.0
3.7105462 0.92543127 0.0
3.7163415 0.96666156 0.0
3.813528 0.75180887 0.0
3.8636 0.68964243 0.0
3.91703 0.68876368 0.0
3.8905254 0.70199335 0.0
3.9289818 0.74587308 0.0
3.9155117 0.71888676 0.0
3.9425532 0.66994369 0.0
3.8909717 0.74799072 0.0
3.9439014 0.72157111 0.0
3.9617797 0.74927777 0.0
4 0.875 0.0
4 0.78125 0.0
4 0.8125 0.0
3.863592 0.7439522 0.0
3.865719 0.79926362 0.0
3.8914629 0.78008777 0.0
3.5759307 0.70556168 0.0
3.637508 0.46740981 0.0
3.8940695 0.63687337 0.0
3.9479034 0.63868665 0.0
3.8991755 0.66563902 0.0
3.9206764 0.64698658 0.0
4 0.6875 0.0
3.9800481 0.71786814 0.0
4 0.65625 0.0
3.9594765 0.69533308 0.0
3.9742443 0.63295707 0.0
3.9725182 0.66830536 0.0
3.9235575 0.545268 0.0
3.9278397 0.5189846 0.0
3.95602 0.56473349 0.0
4 0.59375 0.0
3.9799872 0.60866648 0.0
3.9515375 0.61041588 0.0
4 0.40625 0.0
3.9457025 0.41738055 0.0
3.9291519 0.39480621 0.0
4 0.34375 0.0
3.9724305 0.36699386 0.0
3.9749054 0.42183597 0.0
3.9706304 0.328125 0.0
3.9458045 0.32161294 0.0
3.9645474 0.30073745 0.0
3.9156121 0.45213567 0.0
3.8940277 0.43548781 0.0
3.9018152 0.40864065 0.0
3.9083401 0.18424188 0.0
3.9412983 0.1347056 0.0
3.932084 0.1643072 0.0
3.9014645 0.15194468 0.0
3.9376508 0.20665994 0.0
4 0.15625 0.0
3.8940682 0.11814087 0.0
4 0.21875 0.0
3.8685383 0.11381968 0.0
3.9194039 0.081637009 0.0
3.9160643 0.13103917 0.0
3.9323927 0.10732899 0.0
4 0.0625 0.0
3.9675376 0.11103319 0.0
3.9529561 0.080803674 0.0
3.8990202 0.094533746 0.0
3.8927223 0.069120876 0.0
3.9764074 0.1351263 0.0
4 0.09375 0.0
3.9645273 0.036745978 0.0
3.9674177 0.171875 0.0
3.9789966 0.078125 0.0
3.940625 0 0.0
3.9463489 0.18397444 0.0
3.9354707 0.052663003 0.0
3.9400412 0.0265266 0.0
3.9109375 0 0.0
4 0.28125 0.0
3.565241 0.3737789 0.0
2.8481806 0.10159817 0.0
2.7140558 0.032223796 0.0
2.7380956 0.021745198 0.0
2.7924514 0.028628862 0.0
1.9 0.30625 0.0
1.8477248 0.27868296 0.0
1.3474655 0.437978 0.0
1.3561192 0.48850426 0.0
1.3094475 0.51319057 0.0
1.2417327 0.36205612 0.0
1.3741344 0.35788721 0.0
1.4134146 0.26904747 0.0
1.5558078 0.33888865 0.0
1.6625 0 0.0
1.1838248 0.32464276 0.0
1.3643314 0.38636439 0.0
1.3967569 0.39386462 0.0
1.3492227 0.35089855 0.0
1.3635049 0.30197949 0.0
1.3685247 0.32998943 0.0
1.4202878 0.3020951 0.0
1.5657559 0.36041307 0.0
1.5375992 0.36036535 0.0
1.5255691 0.33170858 0.0
1.5486837 0.30162672 0.0
1.2176883 0.33575046 0.0
1.3918786 0.31076136 0.0
1.4662577 0.27529589 0.0
1.213898 0.36335648 0.0
1.1784086 0.36781494 0.0
1.2219181 0.26568249 0.0
1.4493446 0.29911085 0.0
1.4799892 0.30296104 0.0
1.1115772 0.3455241 0.0
1.1939234 0.34783551 0.0
1.2289979 0.30127153 0.0
1.1420678 0.36543949 0.0
1.1943598 0.28966343 0.0
1.2732336 0.27397289 0.0
1.0888813 0.41357004 0.0
1.1453834 0.3270649 0.0
0.95933131 0.43182528 0.0
1.2586046 0.29975741 0.0
1.2465946 0.27590127 0.0
1.1875 0 0.0
1.1091586 0.38252535 0.0
1.1614698 0.34778533 0.0
1.1868691 0.25323027 0.0
1.1261472 0.41576625 0.0
1.0398761 0.35941696 0.0
1.0775497 0.36187953 0.0
1.0832155 0.38772479 0.0
1.0368101 0.4114414 0.0
1.1873842 0.66183825 0.0
0.93826736 0.69301796 0.0
0.84546427 0.66423853 0.0
1.1236415 0.6837621 0.0
1.1565228 0.69847793 0.0
1.1845697 0.69078467 0.0
1.0866545 0.62728064 0.0
1.0601324 0.63888358 0.0
1.1643825 0.60031422 0.0
1.0662843 0.59113975 0.0
1.0423822 0.60240092 0.0
0.99565655 0.57948625 0.0
1.0078752 0.61421534 0.0
0.9665372 0.60924525 0.0
1.1677031 0.47294743 0.0
1.127305 0.4772348 0.0
0.9033585 0.9629195 0.0
0.86154711 0.8802014 0.0
0.89043693 0.86712107 0.0
0.88459616 0.89266472 0.0
2.1945034 0.31180898 0.0
2.1946682 0.25858723 0.0
2.2262055 0.24074815 0.0
2.2150302 0.218678 0.0
2.2419853 0.21889364 0.0
2.2447191 0.27942963 0.0
2.2444769 0.25577437 0.0
2.2699742 0.26734211 0.0
2.2201752 0.26785212 0.0
2.292376 0.27928892 0.0
2.6968806 0.071023618 0.0
2.45429 0.22864898 0.0
2.4421143 0.25223271 0.0
2.4276513 0.20729053 0.0
2.5604045 0.083233699 0.0
2.5412809 0.10434224 0.0
2.5090651 0.074816697 0.0
2.4829006 0.064502745 0.0
2.4931252 0.029137549 0.0
2.4859375 0 0.0
2.4265625 0 0.0
2.5200313 0.026658424 0.0
2.4336872 0.053794303 0.0
2.409414 0.038190597 0.0
2.4414062 0.02518827 0.0
2.4684167 0.022504983 0.0
2.5201244 0.052007322 0.0
2.562217 0.046586861 0.0
2.5461085 0.02607158 0.0
2.4011617 0.24566285 0.0
2.3557339 0.043747498 0.0
2.3671875 0 0.0
2.3581307 0.13312136 0.0
2.3295173 0.31518088 0.0
2.2918824 0.32540242 0.0
2.2842083 0.06989371 0.0
2.2051391 0.10076706 0.0
2.2280001 0.08709225 0.0
2.159375 0 0.0
2.2174109 0.060412044 0.0
2.2134019 0.030102315 0.0
2.278125 0 0.0
2.1890625 0 0.0
2.1434049 0.15559506 0.0
2.2484375 0.020800635 0.0
2.1742187 0.024441405 0.0
2.1929788 0.048223601 0.0
2.1581615 0.056398054 0.0
2.1 0.0875 0.0
2.2805193 0.035003193 0.0
2.3078125 0 0.0
2.3226563 0.031860533 0.0
2.2571179 0.044528305 0.0
2.1817207 0.078507974 0.0
2.1 0.04375 0.0
2.3335685 0.053460839 0.0
2.3065511 0.05355329 0.0
2.3007846 0.022662394 0.0
2.1658296 0.11867527 0.0
2.1280069 0.055012084 0.0
2.1415052 0.090059612 0.0
2.1296875 0 0.0
2.2194573 0.17114608 0.0
3.2571503 0.82700883 0.0
3.2341272 0.81590004 0.0
3.2064375 0.83324262 0.0
3.2003131 0.85935113 0.0
3.1846391 0.81434022 0.0
3.7969868 0.2446983 0.0
3.6548196 0.97652647 0.0
3.6948343 0.97720021 0.0
3.71875 1 0.0
3.7535989 0.9627065 0.0
3.9263875 0.88034239 0.0
3.9403519 0.79601967 0.0
3.9431544 0.76902193 0.0
3.9712122 0.77683272 0.0
3.9691587 0.80794136 0.0
3.9796234 0.84375 0.0
3.9408184 0.83565692 0.0
3.9311489 0.59481388 0.0
3.9701073 0.20609424 0.0
3.9703125 0 0.0
4 0.03125 0.0
3.9146916 0.025110061 0.0
2.7384136 0.047663416 0.0
1.869982 0.32867497 0.0
1.8499232 0.30765483 0.0
1.8745202 0.29121901 0.0
1.7944026 0.35611174 0.0
1.4237003 0.43402065 0.0
1.7123054 0.34088171 0.0
1.6448217 0.3075694 0.0
1.9 0.21875 0.0
1.2339244 0.41902188 0.0
1.7521856 0.30913862 0.0
1.2479435 0.48884416 0.0
1.231765 0.45881258 0.0
1.6950477 0.3035325 0.0
1.4971043 0.27668612 0.0
1.3139356 0.31830987 0.0
1.3122638 0.25436317 0.0
1.2940202 0.29405028 0.0
1.8129347 0.20866845 0.0
1.4098613 0.41333542 0.0
1.3227929 0.2967546 0.0
1.5201077 0.37832213 0.0
1.5691774 0.31702053 0.0
1.5880986 0.27049243 0.0
1.5248285 0.23412435 0.0
1.4691732 0.32733913 0.0
1.0933133 0.27188956 0.0
1.1483199 0.28014269 0.0
1.1680493 0.30081538 0.0
0.88155516 0.40373453 0.0
1.1337688 0.39090939 0.0
1.150351 0.42102691 0.0
1.2136085 0.65818971 0.0
1.1626701 0.65266247 0.0
0.88836224 0.67754174 0.0
0.95386219 0.64125437 0.0
0.89867724 0.61890217 0.0
0.93264492 0.61433864 0.0
0.91895067 0.64110577 0.0
0.88961395 0.64753491 0.0
0.85417613 0.62056676 0.0
0.90696701 0.55190787 0.0
0.94379961 0.57325462 0.0
1.1344453 0.50139098 0.0
1.0728661 0.47923568 0.0
1.1056148 0.44689817 0.0
0.88235759 0.94353395 0.0
0.8125 1 0.0
0.90859468 0.93793629 0.0
0.93419132 0.95634136 0.0
2.2400082 0.30759547 0.0
2.5451548 0.12970479 0.0
2.2780939 0.095447313 0.0
2.2169758 0.1237851 0.0
2.1755029 0.15417369 0.0
2.1619824 0.17843683 0.0
2.1646904 0.094997472 0.0
2.1 0.13125 0.0
2.121438 0.077665182 0.0
3.1597747 0.8205948 0.0
3.7622908 0.93665033 0.0
3.7924322 0.90451516 0.0
3.8221487 0.90677332 0.0
3.8125 1 0.0
3.8464927 0.92396457 0.0
3.8034181 0.93453935 0.0
3.7840239 0.95837797 0.0
3.839015 0.88300653 0.0
3.8176487 0.96592535 0.0
3.8831395 0.89604668 0.0
3.8281457 0.94224687 0.0
3.8646394 0.96052271 0.0
3.84375 1 0.0
3.9631286 0.87677373 0.0
4 0.9375 0.0
3.9430578 0.86105304 0.0
3.9119314 0.85100097 0.0
3.9494291 0.92664852 0.0
3.983025 0.90625 0.0
3.9000108 0.87510598 0.0
3.9467528 0.89909451 0.0
3.9140546 0.91617746 0.0
3.9749756 0.93085788 0.0
3.9783117 0.96875 0.0
3.8878507 0.95422487 0.0
3.8825424 0.93076748 0.0
3.9375 1 0.0
3.9084586 0.96662414 0.0
3.9253622 0.94296552 0.0
3.9517662 0.95600305 0.0
3.9725352 0.24541783 0.0
1.6635527 0.32823078 0.0
1.6343515 0.33588252 0.0
1.641488 0.25768483 0.0
1.8742933 0.2653552 0.0
1.8455637 0.25510706 0.0
1.8490543 0.21797212 0.0
1.3410802 0.31548564 0.0
1.7763196 0.19715513 0.0
1.4834176 0.23746025 0.0
1.5575679 0.25038715 0.0
1.5616128 0.27747845 0.0
1.5721808 0.17988328 0.0
1.5981287 0.22202764 0.0
1.5556225 0.21321763 0.0
1.5834835 0.24426701 0.0
1.6131988 0.24789352 0.0
1.6405489 0.21463567 0.0
1.112108 0.30631014 0.0
1.1733902 0.27498819 0.0
1.1557533 0.25275134 0.0
1.1234176 0.25868057 0.0
1.1234323 0.28384158 0.0
1.2537243 0.2237801 0.0
1.0966498 0.2385841 0.0
1.0315306 0.24888043 0.0
0.93463169 0.47459976 0.0
1.0627391 0.23518698 0.0
1.1355358 0.23363088 0.0
1.0591003 0.26930402 0.0
1.0210472 0.18257784 0.0
1.0736076 0.30499098 0.0
1.0105298 0.30604928 0.0
1.0487968 0.20341138 0.0
1.0294215 0.28054739 0.0
1.0167174 0.21724254 0.0
0.87558232 0.36553447 0.0
1.0421391 0.30971696 0.0
0.97654056 0.2611217 0.0
0.95257305 0.35963189 0.0
1.0619323 0.3343809 0.0
1.0233317 0.3337621 0.0
0.98272826 0.37810858 0.0
1.0088493 0.36126353 0.0
1.0258119 0.38469067 0.0
0.97181043 0.33250355 0.0
1.0546213 0.38417229 0.0
0.99974095 0.41104556 0.0
0.9976769 0.32879996 0.0
0.98097929 0.30436078 0.0
0.92277948 0.30096438 0.0
0.95143369 0.31029986 0.0
0.91932135 0.36022186 0.0
0.94650475 0.27678552 0.0
0.92882649 0.33104691 0.0
0.86849211 0.32752595 0.0
0.89912134 0.32136904 0.0
0.87207707 0.2660951 0.0
0.89285254 0.29018318 0.0
0.95284184 0.1916614 0.0
1.0015088 0.2436502 0.0
1.0026206 0.2718157 0.0
0.969651 0.22469935 0.0
0.475 0 0.0
0.90717444 0.38782477 0.0
1.0893771 0.3282695 0.0
1.0629854 0.40908685 0.0
1.0703197 0.4437544 0.0
0.93577543 0.42322298 0.0
0.91198586 0.25267783 0.0
0.98794058 0.19459883 0.0
1.0534002 0.16838217 0.0
0.9001146 0.22201458 0.0
1.0174278 0.46538239 0.0
0.96595016 0.40763706 0.0
0.92143473 0.27591534 0.0
0.93299116 0.22255619 0.0
0.98505914 0.13506376 0.0
0.6590736 0.41896292 0.0
1.0180203 0.43514254 0.0
1.0445885 0.43690663 0.0
0.97715346 0.44946757 0.0
0.93730157 0.38917517 0.0
0.94994716 0.24712928 0.0
0.71506567 0.3359585 0.0
1.1718891 0.2154408 0.0
0.98287869 0.16500655 0.0
1.0746124 0.14012828 0.0
0.93989996 0.14682604 0.0
0.58863595 0.82036294 0.0
1.0232139 0.14355065 0.0
1.1049885 0.1850234 0.0
0.52022537 0.55732165 0.0
0.95900865 0.101686 0.0
1.0824929 0.20895058 0.0
1.0820626 0.16781131 0.0
1.1184917 0.14316331 0.0
0.68072064 0.39982114 0.0
0.68516424 0.3420419 0.0
0.54199327 0.57756742 0.0
0.61660778 0.41300307 0.0
0.82188078 0.34030252 0.0
0.90951306 0.15027871 0.0
0.86573503 0.29256823 0.0
0.77341095 0.37920527 0.0
0.79254084 0.35339342 0.0
0.82827964 0.3940684 0.0
0.73277773 0.28479754 0.0
0.80244566 0.38072894 0.0
0.78994937 0.43661554 0.0
0.7865353 0.40651176 0.0
0.730891 0.42806787 0.0
0.75407138 0.4053077 0.0
0.74081556 0.36384145 0.0
0.76009017 0.43462187 0.0
0.77122159 0.49250409 0.0
0.737023 0.46906941 0.0
0.77325149 0.46210225 0.0
0.83015571 0.48117038 0.0
0.79920138 0.47910359 0.0
0.81074106 0.53910872 0.0
0.79709703 0.51062045 0.0
0.92164417 0.12160077 0.0
0.85200041 0.24626255 0.0
0.5339909 0.62971154 0.0
0.74964545 0.55085811 0.0
0.71789196 0.39164459 0.0
0.92819803 0.17448938 0.0
0.63342973 0.3681518 0.0
0.84542577 0.27370661 0.0
0.73812591 0.31597529 0.0
0.77324687 0.28247225 0.0
0.50472046 0.62735037 0.0
0.76809104 0.52451244 0.0
0.78188941 0.55380326 0.0
0.72361953 0.51300633 0.0
0.81740516 0.58786454 0.0
0.74902951 0.50649087 0.0
0.80558039 0.56464744 0.0
0.84481448 0.5592848 0.0
0.77817107 0.59322718 0.0
1.237164 0.64508244 0.0
0.91298464 0.68517746 0.0
0.91153099 0.58648264 0.0
0.87534792 0.59089462 0.0
0.84621357 0.59249593 0.0
0.96898928 0.5825184 0.0
0.97654629 0.53019795 0.0
0.96473825 0.55519841 0.0
0.9364234 0.54353219 0.0
0.91088636 0.50970645 0.0
1.1004876 0.48917347 0.0
1.0858253 0.51285026 0.0
1.0564669 0.50486327 0.0
1.0217105 0.53394683 0.0
1.0435851 0.47855939 0.0
1.0164575 0.49985897 0.0
1.0001453 0.51982137 0.0
0.97286519 0.48980279 0.0
0.99760365 0.48207641 0.0
1.1313391 0.44152726 0.0
0.8780843 0.97297453 0.0
0.84375 0.98274484 0.0
0.80146649 0.94309248 0.0
0.85498434 0.9570109 0.0
0.82575054 0.95956785 0.0
2.1194825 0.109375 0.0
2.1263618 0.13511527 0.0
3.8577617 0.90074556 0.0
3.8423844 0.97401192 0.0
3.9107022 0.81552949 0.0
3.9152314 0.79012801 0.0
3.8829545 0.85298282 0.0
3.96875 1 0.0
1.6687228 0.25772155 0.0
1.6602634 0.2843194 0.0
1.8748552 0.196875 0.0
1.839566 0.18004302 0.0
1.7110017 0.22997486 0.0
1.7455058 0.19751717 0.0
1.7153478 0.14484328 0.0
1.7604037 0.15401717 0.0
1.7235146 0.17513772 0.0
1.674363 0.17877852 0.0
1.6981078 0.16573892 0.0
1.6613934 0.1270221 0.0
1.6872771 0.13924328 0.0
1.78125 0 0.0
1.7068627 0.11422185 0.0
1.679955 0.10579832 0.0
1.54375 0 0.0
1.664232 0.075075287 0.0
1.5910784 0.086073439 0.0
1.7437701 0.12048128 0.0
1.6511635 0.10041212 0.0
1.6055832 0.13320633 0.0
1.6326768 0.12279051 0.0
1.6419526 0.15939701 0.0
1.6197804 0.093311808 0.0
1.5618603 0.046090567 0.0
1.7047716 0.073713339 0.0
1.609428 0.062846476 0.0
1.603125 0 0.0
1.6663321 0.045649464 0.0
1.6391646 0.058498472 0.0
1.6328125 0 0.0
1.5848633 0.11378438 0.0
1.5630517 0.095597191 0.0
1.6416619 0.028633194 0.0
1.5741356 0.14599219 0.0
1.5702084 0.070657329 0.0
1.5268135 0.071701569 0.0
1.5085916 0.1592136 0.0
1.5430986 0.16120393 0.0
1.5239345 0.19333286 0.0
1.5281176 0.12081018 0.0
1.5498562 0.1357228 0.0
1.3471486 0.26820186 0.0
1.5054115 0.25178682 0.0
1.4433901 0.24211546 0.0
1.5796243 0.20436048 0.0
1.6105721 0.18157884 0.0
1.5975358 0.15847984 0.0
0.9570564 0.16615931 0.0
1.281539 0.24185681 0.0
1.2560456 0.25064586 0.0
1.30207 0.1798282 0.0
1.3096646 0.21675408 0.0
1.2156139 0.22787474 0.0
0.73461557 0.57710296 0.0
0.89562805 0.34786276 0.0
1.0072812 0.16223982 0.0
0.98627208 0.050327048 0.0
1.1132434 0.21373805 0.0
1.1432931 0.18955546 0.0
0.84190266 0.32193436 0.0
0.84975845 0.35059375 0.0
0.85099333 0.37824701 0.0
0.70273818 0.45323759 0.0
0.61940916 0.6872865 0.0
0.84586231 0.51865554 0.0
0.80401792 0.63612421 0.0
0.87634033 0.55938424 0.0
0.88153755 0.46427188 0.0
0.9483548 0.51240166 0.0
0.95940486 0.46797618 0.0
1.6712198 0.30557757 0.0
1.685212 0.20738641 0.0
1.6669024 0.15446476 0.0
1.6473439 0.18717118 0.0
1.9 0.0875 0.0
1.7294895 0.09274562 0.0
1.721875 0 0.0
1.7745182 0.087105444 0.0
1.7313572 0.06475286 0.0
1.461516 0.22355558 0.0
1.5137886 0.03100073 0.0
1.5023845 0.2142107 0.0
1.4585191 0.19778671 0.0
1.4451914 0.10281255 0.0
1.5367829 0.09600845 0.0
1.4997701 0.09699133 0.0
1.4969481 0.12912788 0.0
1.484375 0 0.0
1.4675962 0.15778334 0.0
1.4736527 0.11089005 0.0
1.4670504 0.079972804 0.0
1.5017497 0.07200403 0.0
1.4178742 0.054788423 0.0
1.4511879 0.050342595 0.0
1.4375736 0.075364335 0.0
1.3885243 0.10260617 0.0
1.4094742 0.082548743 0.0
1.365625 0 0.0
1.30625 0 0.0
1.3890522 0.061218179 0.0
1.3953125 0 0.0
1.4313438 0.028682679 0.0
1.4614647 0.021007134 0.0
1.4833386 0.045137829 0.0
1.3802253 0.27303389 0.0
1.3724898 0.21035974 0.0
1.393048 0.2396368 0.0
1.3614263 0.23998491 0.0
1.4152312 0.20220341 0.0
1.4180617 0.24407223 0.0
1.3412835 0.21558424 0.0
1.3956995 0.21591847 0.0
1.3902581 0.1874043 0.0
1.3505308 0.17500832 0.0
1.4238155 0.1592475 0.0
1.335099 0.24120389 0.0
1.4648041 0.25182747 0.0
1.4402399 0.26875675 0.0
1.6171445 0.20573913 0.0
1.2796125 0.20369103 0.0
1.2283963 0.16441538 0.0
1.2660131 0.16839369 0.0
1.1915143 0.22952506 0.0
1.2012711 0.19521474 0.0
0.5418699 0.74866845 0.0
1.011664 0.10546589 0.0
1.0134909 0.073241172 0.0
1.1479917 0.21310277 0.0
1.1263285 0.16879926 0.0
1.1712497 0.14105113 0.0
1.1540544 0.16344908 0.0
1.1845647 0.16907283 0.0
0.70585856 0.4283982 0.0
0.70907389 0.48455611 0.0
0.64624047 0.48096713 0.0
0.67812814 0.47451629 0.0
0.68159258 0.51654983 0.0
0.65610827 0.44770676 0.0
0.80735644 0.30437419 0.0
0.84425058 0.21912691 0.0
0.62167415 0.45558473 0.0
0.49519246 0.57335555 0.0
0.58560076 0.51507774 0.0
0.86035694 0.15490466 0.0
0.74342947 0.25501172 0.0
0.59583047 0.48059749 0.0
0.70479078 0.36469054 0.0
0.56113529 0.64634026 0.0
0.62084486 0.50677646 0.0
0.52502658 0.47834878 0.0
0.58049232 0.43889233 0.0
0.65127409 0.51131899 0.0
0.65646795 0.57169479 0.0
0.63091916 0.54348134 0.0
0.65091232 0.75759105 0.0
0.8904962 0.18427083 0.0
0.56013344 0.48876439 0.0
0.53849879 0.4385737 0.0
0.57593527 0.61815705 0.0
0.91692188 0.1998862 0.0
0.87190697 0.22590283 0.0
0.81847154 0.26724932 0.0
0.70887172 0.30551367 0.0
0.68852536 0.28203435 0.0
0.67536034 0.37034841 0.0
0.81564393 0.20136146 0.0
0.56586843 0.73756753 0.0
0.68091672 0.43788064 0.0
0 0.5 0.0
0.65291937 0.39019223 0.0
0.70732642 0.5394656 0.0
0.74061567 0.62486376 0.0
0.62287072 0.74239864 0.0
0.60709095 0.766602 0.0
0.53286884 0.51628905 0.0
0.51284334 0.74660463 0.0
0.71559525 0.60061714 0.0
0.55922203 0.51512743 0.0
0.57250606 0.56535726 0.0
0.54734279 0.54514057 0.0
0.59401797 0.74087469 0.0
0.73634366 0.6891012 0.0
0.61180803 0.61426243 0.0
0.57322129 0.53869859 0.0
0.60225503 0.53886049 0.0
0.61061801 0.57819851 0.0
0.52140918 0.60318799 0.0
0.7324208 0.71609307 0.0
0.48723662 0.73655408 0.0
0.6311131 0.78259368 0.0
0.59738965 0.45635098 0.0
0.57063988 0.70831503 0.0
0.4986155 0.7725936 0.0
0.55775493 0.67857489 0.0
0.48282007 0.52648092 0.0
0.57831172 0.76446807 0.0
0.57163728 0.46436901 0.0
0.45276066 0.46492244 0.0
0.53192597 0.65899523 0.0
0.63450322 0.4324661 0.0
0.47407407 0.76119275 0.0
0.47345884 0.78824608 0.0
0.50175454 0.45587705 0.0
0.59080865 0.79106071 0.0
0.55017019 0.60521606 0.0
0.62222771 0.66044441 0.0
0.59353232 0.64537547 0.0
0.70907149 0.68952423 0.0
0.5931899 0.68088393 0.0
0.55264205 0.80296239 0.0
0.81128101 0.70229714 0.0
0.42838151 0.77368731 0.0
0.42671066 0.66677876 0.0
0.4717997 0.70918217 0.0
0.49988203 0.48110255 0.0
0.63644395 0.59539791 0.0
0.69161326 0.6216945 0.0
0.6443142 0.63119476 0.0
0.66747938 0.6013066 0.0
0.50753884 0.71799235 0.0
0.64664857 0.7259847 0.0
0.50901038 0.81734237 0.0
0.76652916 0.67751358 0.0
0.79648598 0.66697466 0.0
0.45977841 0.73821678 0.0
0.70511034 0.57045992 0.0
0.52747432 0.691694 0.0
0.60875689 0.71666522 0.0
0.67568419 0.67784593 0.0
0.69126658 0.73605643 0.0
0.76028659 0.70636194 0.0
0.78517144 0.69664723 0.0
0.73822095 0.66189042 0.0
0.52821645 0.77131228 0.0
0.68100107 0.57942518 0.0
0.67743405 0.54795116 0.0
0.54048639 0.72226304 0.0
0.48681177 0.68157496 0.0
0.65195612 0.65992881 0.0
0.6706033 0.6395863 0.0
0.64585448 0.69267972 0.0
0.70177881 0.65491337 0.0
0.76968109 0.64533435 0.0
0.71551519 0.63254494 0.0
0.75498471 0.73594301 0.0
0.76489269 0.76431521 0.0
0.78211189 0.7255394 0.0
0.72317365 0.762968 0.0
0.68431872 0.70672543 0.0
0.45481958 0.68206364 0.0
0.76707526 0.61816454 0.0
0.82046552 0.65648445 0.0
0.68379208 0.80396872 0.0
0.43730447 0.71190591 0.0
0.46086234 0.63746239 0.0
0.66057578 0.78558407 0.0
0.69079168 0.77127836 0.0
0.64072789 0.83449937 0.0
0.64350463 0.80714167 0.0
0.61716318 0.81828784 0.0
0.60585517 0.85995722 0.0
0.42851078 0.74217091 0.0
0.47050497 0.66147879 0.0
0.49855346 0.65538324 0.0
0.67462345 0.7534462 0.0
0.3684036 0.75768285 0.0
0.40049275 0.75781446 0.0
0.32288394 0.62697234 0.0
0.38465467 0.70740173 0.0
0.38433144 0.78621005 0.0
0.41006024 0.72039996 0.0
0.40920751 0.69073943 0.0
0.36518741 0.65229445 0.0
0.39531741 0.66221947 0.0
0.38454094 0.73513173 0.0
0.34109024 0.72108828 0.0
0.41281389 0.8026633 0.0
0.28914104 0.5738511 0.0
0.37253284 0.68069175 0.0
0.32664772 0.67741204 0.0
0.39916077 0.59985565 0.0
0.44445266 0.80099161 0.0
0.25 1 0.0
0.41570841 0.63217579 0.0
0.47256934 0.82560055 0.0
0 0.75 0.0
0.31641547 0.75813407 0.0
0.38465183 0.6276803 0.0
0.44259448 0.59801415 0.0
0.43716309 0.64440473 0.0
0.23900854 0.58935981 0.0
0.38590543 0.8163651 0.0
0.34243911 0.76131595 0.0
0.32802669 0.60290529 0.0
0.42130082 0.60891633 0.0
0.42008757 0.58030065 0.0
0.45564523 0.55827631 0.0
0.37236952 0.55021006 0.0
0.3922799 0.57151717 0.0
0.36325881 0.5935684 0.0
0.41645535 0.52897031 0.0
0.41278055 0.55502402 0.0
0.32336542 0.80930319 0.0
0.25189133 0.66832404 0.0
0.43090571 0.8448362 0.0
0.26475654 0.6132401 0.0
0.35229093 0.62332328 0.0
0.33694117 0.56540201 0.0
0.30306261 0.59576775 0.0
0.37080125 0.84251215 0.0
0.33513876 0.64831456 0.0
0.27545903 0.64668684 0.0
0.30508529 0.65533219 0.0
0.27380173 0.70745114 0.0
0.29891308 0.62139841 0.0
0.28260419 0.67728647 0.0
0.40090031 0.84246317 0.0
0.35432764 0.81555988 0.0
0.375 1 0.0
0.38590413 0.87527368 0.0
0.22409922 0.63125624 0.0
0.26559394 0.58651617 0.0
0.24688375 0.53728958 0.0
0.26561766 0.55833815 0.0
0.29635076 0.51212351 0.0
0.29262708 0.54297343 0.0
0.27166129 0.5247931 0.0
0.32632225 0.53139085 0.0
0.31146968 0.56073635 0.0
0.2354652 0.48383713 0.0
0.26951426 0.49021792 0.0
0.24818879 0.50906496 0.0
0.19376494 0.52069101 0.0
0.21945123 0.5077362 0.0
0.1819276 0.46527811 0.0
0.20626099 0.48158311 0.0
0.22515728 0.42707256 0.0
0.22286229 0.4568075 0.0
0.26645341 0.44521589 0.0
0.33167614 0.84791538 0.0
0.34347778 0.78951306 0.0
0.41577572 0.87095261 0.0
0.47309563 0.88671887 0.0
0.44137242 0.88997253 0.0
0.40624915 0.91050709 0.0
0.24055657 0.61351174 0.0
0.24987363 0.63865699 0.0
0.21168321 0.60323683 0.0
0.20739448 0.56095011 0.0
0.15042662 0.69146971 0.0
0.2041902 0.67513599 0.0
0.19303945 0.62825889 0.0
0.16560526 0.60485902 0.0
0.17640217 0.68031991 0.0
0.16451084 0.64090054 0.0
0.18197318 0.57272991 0.0
0.1485996 0.53781219 0.0
0.34804313 0.46465788 0.0
0.25595522 0.46853504 0.0
0.45464604 0.86311276 0.0
0.48803664 0.85602879 0.0
0.4375 1 0.0
0.32842564 0.49517404 0.0
0.53903446 0.89983825 0.0
0.46011985 0.91648253 0.0
0.3062028 0.45932427 0.0
0.3746511 0.50332666 0.0
0.50778664 0.88462572 0.0
0.43070828 0.93581885 0.0
0.30309539 0.48606323 0.0
0.34884366 0.51452935 0.0
0.52546999 0.85129454 0.0
0.50497796 0.93009409 0.0
0.43044966 0.91159526 0.0
0.38669092 0.95387999 0.0
0.48649844 0.91027226 0.0
0.51576363 0.90793941 0.0
0.625 1 0.0
0.46974868 0.96316496 0.0
0.4051042 0.93608697 0.0
0.41824295 0.96810781 0.0
0.37355217 0.92185914 0.0
0.390625 0.979419 0.0
0.3125 1 0.0
0.45566079 0.94173651 0.0
0.40625 1 0.0
0.35854767 0.97128775 0.0
0.53721499 0.93208544 0.0
0.57204981 0.87923591 0.0
0.57326921 0.91794479 0.0
0.5625 1 0.0
0.34375 1 0.0
0.83400635 0.53867792 0.0
0.82286004 0.50626051 0.0
0.80032599 0.60911342 0.0
0.82629798 0.61932119 0.0
0.90588566 0.48074037 0.0
0.87652233 0.50072434 0.0
0.91103639 0.446892 0.0
0.88753444 0.52882041 0.0
0.8520368 0.4940352 0.0
0.85369403 0.4661759 0.0
0.8243123 0.44602494 0.0
0.86548052 0.43399853 0.0
0.90705278 0.41796507 0.0
0.86338816 0.53730861 0.0
0.81322926 0.41904891 0.0
0.84149236 0.41905293 0.0
1.7802803 0.12326544 0.0
1.7923687 0.10280006 0.0
1.8085961 0.066344972 0.0
1.8024872 0.1594186 0.0
1.7827373 0.14665309 0.0
1.8059563 0.1323909 0.0
1.7803492 0.17200842 0.0
1.9 0.13125 0.0
1.6906602 0.052684459 0.0
1.6866533 0.020958016 0.0
1.4872297 0.18326989 0.0
1.3104599 0.080913088 0.0
1.3974727 0.031150084 0.0
1.3605661 0.037027665 0.0
1.5140625 0 0.0
1.5412669 0.027578999 0.0
1.5734375 0 0.0
1.5882812 0.028227765 0.0
1.6150032 0.024262958 0.0
1.327665 0.19113888 0.0
1.3816407 0.1451637 0.0
1.4462225 0.17396497 0.0
1.4449186 0.13497499 0.0
1.4117518 0.12744897 0.0
1.2444279 0.19266098 0.0
1.2235001 0.20493213 0.0
0.98626901 0.09058303 0.0
1.1691162 0.18976623 0.0
0.59522263 0.56091349 0.0
0.63251642 0.56770956 0.0
0.8328263 0.29702876 0.0
0.88750853 0.2459333 0.0
0.95920817 0.12838503 0.0
0.95070254 0.051179812 0.0
1.06875 0 0.0
0.96104316 0.075415316 0.0
1.0335912 0.090544854 0.0
1.0600711 0.092046069 0.0
1.009375 0 0.0
1.0490437 0.052268551 0.0
1.0451849 0.12033334 0.0
0.9796875 0 0.0
0.99453125 0.023652179 0.0
0.96484375 0.025390971 0.0
1.0271918 0.027665491 0.0
1.0390625 0 0.0
1.055243 0.024756708 0.0
1.1045568 0.050323066 0.0
1.128125 0 0.0
1.0765449 0.044011095 0.0
1.0972005 0.017656895 0.0
1.0845917 0.073613127 0.0
1.1316218 0.093726623 0.0
1.0917771 0.10869733 0.0
1.1112679 0.076278475 0.0
1.1491997 0.052625373 0.0
1.0116259 0.04783332 0.0
1.0972144 0.13206907 0.0
1.1169407 0.11516149 0.0
1.1477217 0.1204989 0.0
1.1729581 0.087095593 0.0
1.1419887 0.14328613 0.0
0.78430777 0.24054348 0.0
0.7980471 0.28136064 0.0
0.77414939 0.31857838 0.0
0.79793912 0.32827645 0.0
0.75456356 0.33906029 0.0
0.58506769 0.59105267 0.0
0.54589974 0.4632496 0.0
0.5600006 0.37217129 0.0
0.6550859 0.53625371 0.0
0.50994275 0.53168901 0.0
0.55441869 0.77634115 0.0
0.5267263 0.79771242 0.0
0.82691185 0.75183869 0.0
0.71737341 0.7374742 0.0
0.74219226 0.82064908 0.0
0.4767391 0.60615621 0.0
0.46419487 0.58309618 0.0
0.48063843 0.5521269 0.0
0.44955655 0.52556187 0.0
0.42959109 0.49410256 0.0
0.46701557 0.49608002 0.0
0.35998927 0.57024502 0.0
0.44745059 0.82593304 0.0
0.2539599 0.84444221 0.0
0.21904927 0.53561794 0.0
0.23492311 0.56211128 0.0
0.1875289 0.65433447 0.0
0.20017219 0.73066749 0.0
0.19489405 0.70237448 0.0
0.23205672 0.69985204 0.0
0.16643123 0.72232312 0.0
0.18836871 0.59622187 0.0
0.089127595 0.69977377 0.0
0.14536329 0.57431311 0.0
0.16740466 0.7907759 0.0
0.099649448 0.73738714 0.0
0.1330911 0.62190909 0.0
0.10719001 0.6712433 0.0
0.17590068 0.75642177 0.0
0.13106356 0.72109167 0.0
0.13205631 0.65910741 0.0
0 0.625 0.0
0.11460704 0.55319221 0.0
0.2321733 0.78514037 0.0
0.13346864 0.76415566 0.0
0 0.6875 0.0
0.052485898 0.61919799 0.0
0.19913086 0.78039439 0.0
0.12257995 0.74316463 0.0
0.14809981 0.74030625 0.0
0.10469312 0.76576274 0.0
0.051952109 0.76050123 0.0
0.121817 0.81395068 0.0
0.079065848 0.75568185 0.0
0.12033095 0.78734225 0.0
0.090266264 0.84501042 0.0
0.1021527 0.63713234 0.0
0.1564242 0.76983273 0.0
0.12245219 0.69432313 0.0
0.21950441 0.75594668 0.0
0.20926894 0.82720804 0.0
0.22903382 0.72862734 0.0
0.26123721 0.75518205 0.0
0.19021919 0.80682891 0.0
0.16091936 0.85331055 0.0
0.16257479 0.82187862 0.0
0.18429672 0.83878221 0.0
0.21639111 0.87530159 0.0
0.18682502 0.86892273 0.0
0.55832024 0.8493276 0.0
0.19325698 0.91081951 0.0
0.25005356 0.92576079 0.0
0.5358219 0.82531026 0.0
0.15535274 0.8918464 0.0
0.125 1 0.0
0.33728414 0.38228019 0.0
0 0.875 0.0
0.54322373 0.87250065 0.0
0.44478331 0.97384225 0.0
0.46875 1 0.0
0.67179182 0.91366504 0.0
0.49374115 0.97430048 0.0
0.53125 0.97877748 0.0
0.51970746 0.95357586 0.0
0.85766822 0.40131018 0.0
1.8137817 0.18275572 0.0
1.8305402 0.15262718 0.0
1.8363292 0.10052919 0.0
1.8315354 0.12636714 0.0
1.8637301 0.11897663 0.0
1.8665377 0.08606415 0.0
1.8673214 0.1557118 0.0
1.8399276 0.069268083 0.0
1.9 0.04375 0.0
1.840625 0 0.0
1.8686053 0.053311071 0.0
1.8273689 0.034504085 0.0
1.7912728 0.034677052 0.0
1.8109375 0 0.0
1.8703125 0 0.0
1.781673 0.06050058 0.0
1.7542313 0.035603133 0.0
1.8777213 0.026920121 0.0
1.7211321 0.033179488 0.0
1.8515325 0.023989041 0.0
1.3523577 0.081447499 0.0
1.2981314 0.12968077 0.0
1.3359375 0 0.0
1.3210937 0.03657775 0.0
1.5870315 0.052759282 0.0
1.3989097 0.16364001 0.0
1.3743097 0.16865859 0.0
1.4206325 0.10449061 0.0
1.1501965 0.077361096 0.0
1.1955449 0.046105002 0.0
0.76769334 0.25858389 0.0
0.75893963 0.23385131 0.0
0.74687045 0.11988804 0.0
0.39873975 0.26085386 0.0
0.81613593 0.23503206 0.0
0.92664024 0.08596514 0.0
0.56000815 0.12975142 0.0
0.55972295 0.40876384 0.0
0.50186085 0.39002748 0.0
0.58966996 0.39069374 0.0
0.53374707 0.39026942 0.0
0.59141895 0.41599984 0.0
0.59551857 0.3483019 0.0
0.61544655 0.38698728 0.0
0.51760597 0.41624308 0.0
0.47680536 0.4229119 0.0
0.51818745 0.33960727 0.0
0.5339579 0.36248422 0.0
0.55857488 0.32864002 0.0
0.80956935 0.7300738 0.0
0.84653538 0.71841066 0.0
0.79601995 0.7586619 0.0
0.82025842 0.7950582 0.0
0.78593384 0.79164791 0.0
0.79690361 0.85568092 0.0
0.75553424 0.79328475 0.0
0.80023463 0.82215412 0.0
0.77130403 0.81790833 0.0
0.75993904 0.85317179 0.0
0.84132408 0.83157236 0.0
0.77528477 0.90063429 0.0
0.70223454 0.86355628 0.0
0.81758334 0.84080666 0.0
0.83910916 0.86101299 0.0
0.86432019 0.8542456 0.0
0.82364618 0.90180773 0.0
0.77710395 0.87383404 0.0
0.80345343 0.88269915 0.0
0.74269244 0.88496009 0.0
0.72935771 0.84875589 0.0
0.70205031 0.83096553 0.0
0.73474075 0.94321725 0.0
0.67223608 0.84742997 0.0
0.74813118 0.91537369 0.0
0.7740322 0.93070822 0.0
0.70996948 0.91416271 0.0
0.77316015 0.96921916 0.0
0.6737605 0.88055922 0.0
0.69870555 0.88999001 0.0
0.6323892 0.89471047 0.0
0.49855356 0.59683765 0.0
0.40300782 0.50399602 0.0
0.38872848 0.5277924 0.0
0.38975517 0.4644447 0.0
0.29327379 0.83598046 0.0
0.25499888 0.69228212 0.0
0.15658169 0.66479573 0.0
0.10230254 0.48074225 0.0
0.08049524 0.66396303 0.0
0.10011222 0.59393559 0.0
0.074221882 0.63674305 0.0
0.070461151 0.72527382 0.0
0.25630142 0.7283636 0.0
0.28729632 0.73652258 0.0
0.30851266 0.7090065 0.0
0.31827891 0.73263489 0.0
0.30460198 0.68575984 0.0
0.13432269 0.84063001 0.0
0.13778828 0.86759387 0.0
0.081750889 0.91021026 0.0
0.17920981 0.89153391 0.0
0.16758346 0.91476088 0.0
0.18692895 0.95518707 0.0
0.13167029 0.91920836 0.0
0.075772053 0.80317653 0.0
0.12965527 0.89353446 0.0
0.1875 1 0.0
0.10654641 0.87204402 0.0
0.10424621 0.89768724 0.0
0.10482191 0.92518726 0.0
0.081165089 0.88269209 0.0
0.12654322 0.95945624 0.0
0.15276767 0.9423464 0.0
0 0.9375 0.0
0.080002581 0.93816155 0.0
0.0625 1 0.0
0.15887705 0.97795464 0.0
0.057854161 0.91191817 0.0
0.039904508 0.9495349 0.0
0.22485938 0.9061103 0.0
0.25315778 0.88176386 0.0
0.21842624 0.94033448 0.0
0.24798599 0.96287892 0.0
0.3318536 0.42488088 0.0
0.56415109 0.82508322 0.0
0.58404218 0.84590212 0.0
0.56859699 0.95906589 0.0
1.8137716 0.090488005 0.0
1.8871907 0.109375 0.0
1.9 0.153125 0.0
1.3764505 0.081754805 0.0
1.3546799 0.11896738 0.0
1.2899265 0.15555356 0.0
1.2621479 0.1325069 0.0
1.3244111 0.15225208 0.0
1.2775832 0.09854405 0.0
1.3262538 0.12352236 0.0
1.3520087 0.14694368 0.0
1.3409833 0.023348419 0.0
1.3406076 0.056307843 0.0
1.1740026 0.060952907 0.0
1.1699277 0.031989298 0.0
1.1996198 0.07506861 0.0
1.1578125 0 0.0
1.246875 0 0.0
1.2015924 0.11500708 0.0
1.2210684 0.057282528 0.0
1.1422211 0.024887528 0.0
1.2329532 0.093440236 0.0
1.2209677 0.022782762 0.0
1.1182982 0.030067138 0.0
1.2590108 0.039921765 0.0
0.36598324 0.26779274 0.0
0.71087142 0.21488279 0.0
0.37738822 0.18816634 0.0
0.89014278 0.12518008 0.0
0.63810184 0.31310051 0.0
0.49921564 0.43187479 0.0
0.47532891 0.44995311 0.0
0.44913686 0.43496211 0.0
0.42134254 0.45352324 0.0
0.440014 0.37622517 0.0
0.4522832 0.40439649 0.0
0.4164834 0.4161561 0.0
0.47183018 0.37912596 0.0
0.47681471 0.47403349 0.0
0.46120657 0.319715 0.0
0.49570195 0.3601797 0.0
0.46756041 0.34923415 0.0
0.43276937 0.34127935 0.0
0.48993676 0.32897437 0.0
0.49321188 0.26961019 0.0
0.51671276 0.30067916 0.0
0.48378424 0.2988625 0.0
0.43276887 0.26627556 0.0
0.46255278 0.27587452 0.0
0.38803167 0.36877779 0.0
0.42672604 0.30377749 0.0
0.46594802 0.21433308 0.0
0.41536824 0.36311064 0.0
0.40665138 0.38982834 0.0
0.3938844 0.32824446 0.0
0.37381512 0.41709069 0.0
0.47232619 0.24554934 0.0
0.52860786 0.21779001 0.0
0.50410975 0.23905525 0.0
0.49777699 0.20701589 0.0
0.54601381 0.26258596 0.0
0.46792238 0.15003644 0.0
0.51901337 0.26159177 0.0
0.7843731 0.18886802 0.0
0.47537254 0.18244385 0.0
0.52274851 0.18505757 0.0
0.40990744 0.1804336 0.0
0.50039114 0.15963224 0.0
0.83125 0 0.0
0.44290379 0.17284805 0.0
0.44865551 0.23412605 0.0
0.55471015 0.19622685 0.0
0.43303396 0.20547342 0.0
0.52588601 0.13608544 0.0
0.7125 0 0.0
0.3454142 0.17842176 0.0
0.57850742 0.23309486 0.0
0.37527084 0.23562322 0.0
0.43518038 0.13925206 0.0
0.47870185 0.11758815 0.0
0.84544146 0.18529478 0.0
0.55445918 0.22250308 0.0
0.40006718 0.21272158 0.0
0.3530019 0.21085397 0.0
0.2375 0 0.0
0.34146645 0.29059765 0.0
0.5486359 0.1622939 0.0
0.79217748 0.21471566 0.0
0.42242778 0.23582882 0.0
0.37767253 0.12990442 0.0
0.6163194 0.16768818 0.0
0.81341403 0.16156103 0.0
0.38864732 0.29399693 0.0
0.32413523 0.24738439 0.0
0.38765192 0.15908477 0.0
0.359114 0.15254785 0.0
0.40611851 0.13647278 0.0
0.30297118 0.13938503 0.0
0.43054332 0.05967274 0.0
0.35625 0 0.0
0.32931529 0.1533338 0.0
0.42358281 0.10718933 0.0
0.28956914 0.19654814 0.0
0.3037714 0.16972527 0.0
0.24556945 0.15607968 0.0
0.27646108 0.15526491 0.0
0.25946303 0.096820021 0.0
0.2756315 0.12381189 0.0
0.49973994 0.13335171 0.0
0.59375 0 0.0
0.58176978 0.17387283 0.0
0.36339362 0.31538288 0.0
0.34869504 0.23712121 0.0
0.34112702 0.2656517 0.0
0.3089291 0.27856509 0.0
0.34336463 0.1207127 0.0
0.4453125 0 0.0
0.46078611 0.061271786 0.0
0.45054284 0.11556635 0.0
0.4448316 0.086375327 0.0
0.40001956 0.079469542 0.0
0.32188802 0.20102954 0.0
0.415625 0 0.0
0.53849803 0.10895089 0.0
0.50694536 0.10181479 0.0
0.58888061 0.078371772 0.0
0.56770208 0.1002728 0.0
0.534375 0 0.0
0.61060564 0.12057057 0.0
0.55886628 0.070538028 0.0
0.58444027 0.12038483 0.0
0.59734118 0.14608434 0.0
0.5832101 0.038682294 0.0
0.60514533 0.20486139 0.0
0.31583536 0.33536509 0.0
0.27577398 0.24309788 0.0
0.30206324 0.22522251 0.0
0.47972851 0.086253623 0.0
0.52863218 0.079249279 0.0
0.31713375 0.30638735 0.0
0.26127846 0.31840263 0.0
0.28659812 0.30027127 0.0
0.2879353 0.32888317 0.0
0.2510598 0.27738812 0.0
0.28062873 0.27179009 0.0
0.29201317 0.37461674 0.0
0.26259638 0.35419113 0.0
0.30839176 0.098083946 0.0
0.3951528 0.10748142 0.0
0.36242959 0.087367401 0.0
0.39419488 0.037058757 0.0
0.49825629 0.052532564 0.0
0.25509278 0.39639346 0.0
0.19017403 0.2528524 0.0
0.4070614 0.056897046 0.0
0.37949739 0.060682678 0.0
0.42128333 0.033581558 0.0
0.36118299 0.032904534 0.0
0.26854664 0.37701733 0.0
0.28289044 0.40133591 0.0
0.24074898 0.37207488 0.0
0 0.25 0.0
0.296875 0 0.0
0.16973242 0.37400469 0.0
0.3265625 0.021272732 0.0
0.23064846 0.3374491 0.0
0.33254446 0.060805746 0.0
0.20498746 0.36372062 0.0
0.23058068 0.22697269 0.0
0.21655443 0.39492473 0.0
0.21739721 0.27311001 0.0
0.30054321 0.026232572 0.0
0.28511515 0.047763446 0.0
0.18727894 0.28516371 0.0
0.23116376 0.3041254 0.0
0.26683483 0.018371626 0.0
0.24003039 0.055423371 0.0
0.17115623 0.31331437 0.0
0.18171165 0.42147374 0.0
0.20294166 0.32035482 0.0
0.18007396 0.34388544 0.0
0.24061814 0.027627088 0.0
0.11875 0 0.0
0.178125 0 0.0
0.2078125 0.017340193 0.0
0.26100689 0.042376982 0.0
0.26753446 0.069805496 0.0
0.29504366 0.073714589 0.0
0.23696103 0.25374805 0.0
0.12558716 0.26852333 0.0
0.12744694 0.3426508 0.0
0.15993359 0.065228374 0.0
0.15925872 0.26636774 0.0
0.15395635 0.33491787 0.0
0.13098513 0.30547497 0.0
0.1775889 0.03500136 0.0
0.13831628 0.20329713 0.0
0.20702186 0.050678613 0.0
0.13908094 0.03277888 0.0
0.16197058 0.23045503 0.0
0.21807259 0.090990332 0.0
0.12896027 0.23532644 0.0
0.19219131 0.18025274 0.0
0.19567926 0.21696404 0.0
0.064811808 0.24557818 0.0
0.16897478 0.20047414 0.0
0.14927476 0.15441787 0.0
0.16656148 0.17426504 0.0
0.18864699 0.13757687 0.0
0.098248171 0.24897562 0.0
0 0.375 0.0
0 0.125 0.0
0.079456548 0.26768295 0.0
0 0.3125 0.0
0.055049291 0.26794956 0.0
0.067704404 0.30914845 0.0
0.029813325 0.25195566 0.0
0 0.1875 0.0
0.017020703 0.21875 0.0
0.098950794 0.20917929 0.0
0.053835684 0.17843799 0.0
0.028479815 0.19224838 0.0
0.019846001 0.15625 0.0
0.055978947 0.2125549 0.0
0.06945803 0.10281597 0.0
0.076152606 0.19416179 0.0
0.092659811 0.14703378 0.0
0.10359295 0.17731819 0.0
0.078513819 0.22422033 0.0
0.037640121 0.12302263 0.0
0.12052872 0.1540884 0.0
0.11798891 0.10554713 0.0
0.13464325 0.17680561 0.0
0.13519136 0.12898413 0.0
0.15180996 0.098754611 0.0
0.18423731 0.088864647 0.0
0.1632906 0.12474884 0.0
0.18520803 0.063553372 0.0
0.19976735 0.11201449 0.0
0.23343973 0.12285119 0.0
0.21680847 0.14775042 0.0
0.25429115 0.13406775 0.0
0.5708973 0.35002543 0.0
0.85878707 0.74807676 0.0
0.83752926 0.69149208 0.0
0.86632334 0.69682435 0.0
0.87364244 0.72339658 0.0
0.83954098 0.77590476 0.0
0.84392841 0.80573622 0.0
0.84993174 0.90387149 0.0
0.82858822 0.93054607 0.0
0.66496153 0.82222877 0.0
0.6875 1 0.0
0.8012018 0.97390999 0.0
0.78125 1 0.0
0.7437931 0.97122629 0.0
0.70654083 0.96779865 0.0
0.75841609 0.94961995 0.0
0.63591142 0.8645153 0.0
0.63123896 0.9475338 0.0
0.59945667 0.89774619 0.0
0.6181903 0.92082547 0.0
0.6458724 0.92384277 0.0
0.59873471 0.94687242 0.0
0.67183152 0.95185926 0.0
0.61447933 0.9721449 0.0
0.64348974 0.97388833 0.0
0.59375 1 0.0
0.65625 1 0.0
0.58892596 0.97476925 0.0
0.671875 0.97846531 0.0
0.3689717 0.4787458 0.0
0.26630776 0.80625284 0.0
0.11796205 0.51535257 0.0
0.12012816 0.57810642 0.0
0.021172323 0.578125 0.0
0.037956982 0.65943388 0.0
0.056348034 0.68872964 0.0
0.028220899 0.68596649 0.0
0.039444726 0.71625487 0.0
0.09375 0.97850928 0.0
0 0.8125 0.0
0 0.90625 0.0
0.030735579 0.890625 0.0
0.028720219 0.92110717 0.0
0 0.96875 0.0
0.03125 1 0.0
0.046875 0.97670496 0.0
0.27866007 0.86364251 0.0
0.28989866 0.9064641 0.0
0.28125 0.97968935 0.0
0.21875 0.9830803 0.0
0.1955166 0.97748774 0.0
0.3287366 0.44933265 0.0
0.55466878 0.97791245 0.0
0.56004796 0.93726856 0.0
1.3020686 0.10473392 0.0
1.3312012 0.097456725 0.0
1.1745077 0.11414947 0.0
1.2042286 0.14555162 0.0
1.2306778 0.1278828 0.0
1.253866 0.10825403 0.0
1.2765625 0 0.0
1.2895833 0.029543854 0.0
1.300427 0.055063735 0.0
1.2489794 0.068140416 0.0
0.62420348 0.33964488 0.0
0.59955641 0.30982922 0.0
0.65476669 0.33873676 0.0
0.67095884 0.30997643 0.0
0.6513567 0.27816017 0.0
0.5344103 0.31950073 0.0
0.54481895 0.29198257 0.0
0.57943842 0.27866713 0.0
0.57260303 0.30515505 0.0
0.56972961 0.25606983 0.0
0.60243687 0.25540164 0.0
0.45057537 0.29744764 0.0
0.39557642 0.43612535 0.0
0.36858758 0.44502365 0.0
0.34996748 0.40554348 0.0
0.8855561 0.15919155 0.0
0.53431746 0.042158855 0.0
0.57886536 0.20674958 0.0
0.65887342 0.20074574 0.0
0.46015625 0.028841101 0.0
0.48876021 0.02532241 0.0
0.5046875 0 0.0
0.51506556 0.024197768 0.0
0.31872931 0.12044696 0.0
0.33570517 0.094210669 0.0
0.3859375 0 0.0
0.25160773 0.42293739 0.0
0.31325992 0.40086417 0.0
0.2985045 0.42873895 0.0
0.1987219 0.4432926 0.0
0.13640322 0.44359982 0.0
0.18867261 0.39447102 0.0
0.15434959 0.29259273 0.0
0.1484375 0 0.0
0.2406726 0.080381315 0.0
0.10210795 0.29082332 0.0
0 0.28125 0.0
0.032906553 0.296875 0.0
0.023139392 0.27498141 0.0
0.035815798 0.34409307 0.0
0.024249752 0.32110703 0.0
0 0.34375 0.0
0.034538933 0.082985464 0.0
0 0.0625 0.0
0.066143709 0.13275112 0.0
0.069555824 0.15817167 0.0
0.12136884 0.067085897 0.0
0.71875 1 0.0
0.70796123 0.94096189 0.0
0.27118683 0.82892132 0.0
0.23836872 0.81831015 0.0
0.25816066 0.78127461 0.0
0.28802863 0.77156867 0.0
0.31167916 0.78483391 0.0
0.15506891 0.49686089 0.0
0.080894622 0.56414874 0.0
0.069043237 0.59288764 0.0
0.044502155 0.56595426 0.0
0.076860951 0.52260761 0.0
0.092355509 0.54206948 0.0
0.027436255 0.63289382 0.0
0 0.65625 0.0
0.1011373 0.95347635 0.0
0.068502074 0.85969369 0.0
0.062133586 0.83014833 0.0
0.03092486 0.8523344 0.0
0.03698265 0.8004965 0.0
0.070844044 0.96379798 0.0
0.26443335 0.90466739 0.0
0.31793697 0.9574387 0.0
0.54408658 0.955834 0.0
1.2769584 0.070474796 0.0
0.5828716 0.32752633 0.0
0.62093892 0.28660531 0.0
0.82752493 0.092219087 0.0
0.890625 0 0.0
0.77467369 0.14945673 0.0
0.5640625 0 0.0
0.63214711 0.14186358 0.0
0.55912542 0.045506549 0.0
0.63121488 0.19243172 0.0
0.65581119 0.1607696 0.0
0.63441342 0.2319544 0.0
0.16439262 0.44346184 0.0
0.15052128 0.46855335 0.0
0.15025486 0.41451141 0.0
0.12939927 0.48646568 0.0
0.087912093 0.40266657 0.0
0.11752913 0.41676994 0.0
0.10293036 0.44709342 0.0
0.11733823 0.37902128 0.0
0.12152749 0.46317437 0.0
0 0.4375 0.0
0.076793165 0.46343603 0.0
0.075345422 0.49302351 0.0
0.062013905 0.42932994 0.0
0.038895856 0.50972161 0.0
0.098157011 0.32486296 0.0
0.06957836 0.34288076 0.0
0.09753967 0.35555746 0.0
0.071933107 0.37486265 0.0
0.059375 0 0.0
0.09485164 0.084134723 0.0
0.084532857 0.038938805 0.0
0.29468711 0.80760414 0.0
0.18255621 0.49555915 0.0
0.16761028 0.51982877 0.0
0.17987532 0.54489912 0.0
0.14128089 0.51566937 0.0
0 0.5625 0.0
0 0.59375 0.0
0 0.53125 0.0
0.061705843 0.54504558 0.0
0.026297675 0.54341308 0.0
0.046669269 0.87155799 0.0
0 0.84375 0.0
0.036174035 0.82667491 0.0
0 0.78125 0.0
0.02387905 0.765625 0.0
0.02446471 0.73867077 0.0
0 0.71875 0.0
0.057514218 0.78538205 0.0
0.30495772 0.97740859 0.0
0.29073873 0.95396428 0.0
0.30763283 0.92990798 0.0
0.33248973 0.89267545 0.0
0.34145446 0.93294295 0.0
0.35135854 0.90960636 0.0
0.35869896 0.88244604 0.0
0.85370157 0.11844967 0.0
0.83441439 0.14080583 0.0
0.8022456 0.12925886 0.0
0.87029329 0.075715379 0.0
0.82465636 0.11740767 0.0
0.80221974 0.10209486 0.0
0.77605933 0.11570177 0.0
0.771875 0 0.0
0.80611304 0.074712593 0.0
0.75504523 0.073033575 0.0
0.83864129 0.047173248 0.0
0.78021337 0.084998015 0.0
0.85255552 0.093416674 0.0
0.87811545 0.10129147 0.0
0.89842 0.081097346 0.0
0.91762201 0.054011847 0.0
0.9203125 0 0.0
0.90164906 0.028242737 0.0
0.88895205 0.053947928 0.0
0.87093122 0.029058158 0.0
0.93508181 0.025842685 0.0
0.8609375 0 0.0
0.8015625 0 0.0
0.78261115 0.053284233 0.0
0.7470278 0.032730143 0.0
0.86273207 0.052279026 0.0
0.84569073 0.021903042 0.0
0.79063208 0.16642844 0.0
0.73952784 0.17900558 0.0
0.653125 0 0.0
0.66194212 0.090177986 0.0
0.66425278 0.12594071 0.0
0.63879319 0.10962966 0.0
0.61548701 0.091365815 0.0
0.61722414 0.054072459 0.0
0.70427839 0.10539862 0.0
0.70127177 0.15335057 0.0
0.67980574 0.10697982 0.0
0.69022131 0.078008862 0.0
0.66003263 0.046797784 0.0
0.72286625 0.078556798 0.0
0.67697506 0.1474617 0.0
0.68220398 0.17895483 0.0
0.74224179 0.094940101 0.0
0.7071696 0.040998162 0.0
0.71086466 0.18039663 0.0
0.68542361 0.20578689 0.0
0.68613419 0.24394481 0.0
0.71259814 0.26078359 0.0
0.72417 0.23736539 0.0
0.73929458 0.21324473 0.0
0.76553339 0.20789774 0.0
0.60868426 0.23039374 0.0
0.63018418 0.25971459 0.0
0.14257129 0.36644445 0.0
0.087028201 0.42771721 0.0
0.045840977 0.47675067 0.0
0 0.09375 0.0
0.022167173 0.10408244 0.0
0.037485487 0.038658087 0.0
0.11087209 0.027580764 0.0
0.0890625 0 0.0
0.042348614 0.59445349 0.0
0.26662642 0.94530059 0.0
0.35313702 0.85895966 0.0
0.81640625 0.025498446 0.0
0.78671875 0.024732879 0.0
0.7421875 0 0.0
0.76438007 0.17288926 0.0
0.74574696 0.15072677 0.0
0.6234375 0 0.0
0.63828125 0.026099721 0.0
0.60914789 0.025397877 0.0
0.63827908 0.073740332 0.0
0.7305088 0.053303471 0.0
0.68473459 0.053110424 0.0
0.68005541 0.019933607 0.0
0.72408841 0.022352274 0.0
0.67162142 0.26397571 0.0
0.65977129 0.24011722 0.0
0.024782664 0.060075319 0.0
0 0.03125 0.0
0.052269608 0.061902446 0.0
0.020939102 0.60826067 0.0
0.078183454 0.064164363 0.0
1.9702998 0.49450459 0.0
1.8148627 0.55013253 0.0
1.3566301 0.88899319 0.0
2.0728055 0.67579325 0.0
2.630447 0.52907461 0.0
2.2784437 0.37119019 0.0
2.5983043 0.41030566 0.0
2.9202773 0.36296246 0.0
2.7044196 0.27622862 0.0
3.0424216 0.57303051 0.0
3.1979623 0.25624537 0.0
3.187945 0.27932239 0.0
3.2440946 0.52331572 0.0
3.1850745 0.17638188 0.0
3.5064336 0.40220852 0.0
2.5942084 0.35763772 0.0
2.5870874 0.38365664 0.0
2.5599783 0.36225343 0.0
2.5559733 0.38647495 0.0
2.5584824 0.33627359 0.0
3.0820516 0.67538973 0.0
3.1026327 0.65911605 0.0
2.8630283 0.80099366 0.0
2.3603126 0.71339534 0.0
2.4506302 0.72018724 0.0
2.6092298 0.85001551 0.0
3.4281259 0.66930272 0.0
3.8765042 0.026217691 0.0
2.9220551 0.20471083 0.0
0.91679578 0.73727442 0.0
1.1898945 0.49505005 0.0
3.7635228 0.19348825 0.0
1.1845698 0.40636681 0.0
1.4245746 0.48856864 0.0
0.90625 1 0.0
2.4059249 0.065637471 0.0
1.6142539 0.29240623 0.0
1.6189769 0.31660629 0.0
0.86346755 0.64512509 0.0
3.78125 1 0.0
3.7968002 0.98013289 0.0
3.90625 1 0.0
3.9333042 0.97432807 0.0
1.8742738 0.23495216 0.0
1.0445569 0.5492013 0.0
1.0209267 0.56566773 0.0
0.99640832 0.55084587 0.0
1.0192904 0.59125601 0.0
0.3484922 0.69441467 0.0
0.22617341 0.65865375 0.0
0.22644159 0.84923908 0.0
1.7515625 0 0.0
0.79912545 0.91523454 0.0
0.096231831 0.81951567 0.0
0.86829935 0.19932581 0.0
0.35615889 0.35110304 0.0
0.33064132 0.35695662 0.0
0.34135292 0.32951151 0.0
0.37936181 0.34683671 0.0
0.26090658 0.21337289 0.0
0.26172167 0.18245525 0.0
0.22681895 0.18569589 0.0
0.21731582 0.20737176 0.0
0.092905937 0.11870856 0.0
0.89278555 0.70425167 0.0
0.035977159 0.38048569 0.0
0.057504765 0.40037191 0.0
0.02918837 0.41961122 0.0
0.038681879 0.44784078 0.0
0 0.46875 0.0
0 0.40625 0.0
0.020891625 0.484375 0.0
0.30475481 0.87967949 0.0
0.308297 0.85539114 0.0
0.71952532 0.13042484 0.0
0.0296875 0 0.0
0.021342544 0.021798854 0.0
0.061082594 0.026493231 0.0
0.7174091 0.79684463 0.0
1.2726421 0.33084025 0.0
CELLS 8763 35052
3 1603 1604 1159
3 12 15 25
3 27 16 3
3 1603 1605 2248
3 61 67 58
3 39 43 45
3 571 567 660
3 19 25 20
3 50 30 392
3 460 432 545
3 392 13 38
3 63 59 62
3 23 11 22
3 33 34 21
3 34 36 13
3 29 390 23
3 16 27 15
3 18 14 15
3 18 15 12
3 616 606 631
3 15 14 16
3 429 1219 426
3 21 18 12
3 22 14 18
3 26 403 71
3 25 26 12
3 635 614 568
3 1692 1210 20
3 33 21 12
3 29 23 21
3 18 21 23
3 23 22 18
3 390 31 24
3 391 24 31
3 31 390 29
3 25 15 27
3 26 25 19
3 19 404 403
3 71 70 26
3 1693 27 3
3 25 27 20
3 12 70 33
3 36 37 35
3 13 29 21
3 29 13 31
3 38 13 36
3 40 50 38
3 31 392 391
3 423 434 487
3 398 397 401
3 70 12 26
3 34 33 28
3 37 28 10
3 13 21 34
3 39 40 43
3 35 40 38
3 37 36 34
3 38 36 35
3 28 37 34
3 37 10 4460
3 4460 43 35
3 392 30 391
3 54 44 46
3 49 393 48
3 35 37 4460
3 393 50 39
3 62 64 56
3 45 46 44
3 45 48 39
3 1603 393 49
3 35 43 40
3 46 45 43
3 48 1215 406
3 79 78 57
3 46 43 41
3 57 64 60
3 53 46 41
3 46 56 54
3 72 65 52
3 1157 92 4461
3 44 48 45
3 54 65 44
3 78 80 75
3 92 80 1158
3 39 50 40
3 50 42 2248
3 55 53 41
3 55 10 61
3 83 65 1157
3 60 407 79
3 41 4460 55
3 56 53 51
3 56 46 53
3 78 72 57
3 10 67 61
3 51 53 55
3 62 56 51
3 54 56 52
3 75 72 78
3 65 72 75
3 394 63 397
3 61 68 55
3 55 68 51
3 64 52 56
3 229 1182 207
3 79 57 60
3 67 10 28
3 63 400 397
3 63 62 51
3 62 59 64
3 9 59 394
3 59 63 394
3 69 73 9
3 150 123 153
3 73 64 59
3 69 60 73
3 64 57 52
3 83 44 65
3 28 70 67
3 70 71 67
3 1209 61 58
3 51 68 1208
3 114 160 110
3 52 57 72
3 33 70 28
3 403 26 19
3 1213 1214 405
3 71 1213 67
3 1173 181 1174
3 90 85 114
3 9 73 59
3 52 65 54
3 231 191 199
3 227 159 1178
3 64 73 60
3 2309 86 99
3 178 97 134
3 407 60 69
3 409 69 9
3 128 160 156
3 83 66 1215
3 92 75 80
3 422 80 418
3 92 86 104
3 166 165 131
3 415 82 414
3 1157 65 75
3 4461 66 1157
3 128 154 157
3 417 78 79
3 154 89 157
3 117 149 109
3 1180 1179 230
3 162 179 140
3 1200 1660 1658
3 1158 86 92
3 113 118 138
3 89 95 157
3 69 409 408
3 166 97 192
3 165 198 208
3 422 418 420
3 166 186 165
3 91 138 93
3 154 136 121
3 153 112 110
3 86 124 96
3 157 94 129
3 78 417 418
3 1215 44 83
3 184 178 134
3 122 142 115
3 94 126 100
3 119 103 98
3 89 154 121
3 124 155 107
3 100 104 94
3 109 149 1161
3 103 106 153
3 160 111 98
3 124 107 96
3 95 89 158
3 124 74 155
3 128 111 160
3 1217 1216 120
3 77 161 1161
3 187 189 150
3 114 110 90
3 97 166 131
3 143 1160 74
3 111 129 155
3 94 104 96
3 104 100 4461
3 153 106 150
3 163 135 161
3 97 131 132
3 95 158 120
3 162 132 142
3 138 177 113
3 2561 2265 116
3 2577 177 91
3 42 393 1603
3 1607 113 2250
3 104 86 96
3 188 103 148
3 134 97 132
3 1612 119 88
3 148 103 119
3 95 120 126
3 121 118 89
3 118 125 138
3 123 112 153
3 118 121 125
3 155 88 111
3 1162 1163 1613
3 175 2267 1167
3 2252 2558 2571
3 139 108 1166
3 163 162 142
3 2309 124 86
3 90 2573 85
3 136 154 156
3 2263 168 123
3 111 128 129
3 406 49 48
3 168 2263 1167
3 81 2271 152
3 121 133 125
3 125 93 138
3 85 136 114
3 2560 2261 2268
3 129 128 157
3 228 140 223
3 93 125 133
3 94 96 107
3 107 155 129
3 100 126 120
3 128 156 154
3 1164 85 145
3 108 139 181
3 160 114 156
3 135 109 161
3 136 133 121
3 137 77 1613
3 1606 406 1217
3 2557 3003 3004
3 2263 2268 2261
3 131 151 115
3 122 135 142
3 2558 2252 2996
3 1172 189 182
3 2262 2268 2263
3 117 190 149
3 1610 2996 2252
3 144 135 122
3 1651 1218 1650
3 158 130 120
3 112 90 110
3 118 158 89
3 1166 108 122
3 133 1164 93
3 163 1168 162
3 1169 108 181
3 2 1608 1609
3 2296 2262 2538
3 158 113 130
3 85 1164 136
3 1609 2252 2993
3 1651 1652 1218
3 77 137 1178
3 142 135 163
3 1612 88 101
3 1162 1611 1612
3 186 198 165
3 195 205 218
3 193 186 166
3 106 188 187
3 1175 2555 2547
3 144 122 108
3 115 132 131
3 88 119 98
3 1166 122 115
3 2268 2262 2259
3 3012 2852 3089
3 131 165 151
3 2572 145 2573
3 2261 2270 175
3 1614 2544 2562
3 117 144 1169
3 3001 2559 2273
3 110 160 98
3 129 94 107
3 118 113 158
3 110 98 103
3 101 88 155
3 135 144 109
3 77 159 161
3 114 136 156
3 126 157 95
3 74 1160 155
3 230 87 184
3 2281 1631 1634
3 157 126 94
3 1162 1613 1161
3 111 88 98
3 1168 163 161
3 162 140 134
3 178 87 196
3 1168 161 159
3 132 115 142
3 2839 2569 3087
3 117 109 144
3 162 134 132
3 1165 2270 2261
3 188 190 182
3 103 153 110
3 3083 2265 3084
3 1165 81 2270
3 2260 2264 2275
3 2573 168 2572
3 1636 1629 1184
3 176 2564 171
3 2565 3016 3092
3 3093 2565 3092
3 3263 3670 3672
3 141 183 2550
3 2552 173 2265
3 2257 176 171
3 2263 2261 1167
3 2550 2567 2540
3 2253 2575 2849
3 1615 2558 2254
3 2582 170 1175
3 2549 2548 2541
3 2557 2539 2582
3 1165 2261 2560
3 113 177 146
3 184 134 140
3 196 192 178
3 270 279 266
3 140 179 223
3 180 193 201
3 210 165 208
3 212 139 1176
3 106 187 150
3 1169 1170 117
3 1172 182 1170
3 2866 2865 2861
3 2540 2843 174
3 199 204 231
3 87 178 184
3 216 196 87
3 271 253 258
3 166 192 193
3 180 202 198
3 106 103 188
3 189 187 182
3 190 188 148
3 182 187 188
3 210 1176 151
3 2856 2267 3013
3 190 148 1611
3 190 117 1170
3 234 191 231
3 249 241 214
3 178 192 97
3 192 185 193
3 206 201 193
3 180 186 193
3 206 278 273
3 241 211 214
3 216 185 196
3 244 195 191
3 184 140 228
3 185 192 196
3 251 200 207
3 202 194 198
3 180 198 186
3 209 208 198
3 1179 199 216
3 261 243 240
3 205 216 218
3 195 206 205
3 206 193 185
3 244 294 195
3 202 180 220
3 225 202 220
3 203 209 213
3 1177 213 215
3 1179 216 87
3 240 243 236
3 225 271 258
3 206 185 205
3 205 185 216
3 218 216 199
3 290 289 296
3 211 213 214
3 209 198 194
3 210 208 203
3 214 213 209
3 203 208 209
3 203 1177 210
3 165 210 151
3 202 225 224
3 1635 252 1636
3 215 2283 1177
3 2285 2287 2290
3 214 209 194
3 213 211 215
3 214 194 224
3 224 222 247
3 241 252 211
3 2283 215 2284
3 1181 1182 232
3 277 222 258
3 202 224 194
3 195 218 191
3 254 84 1185
3 234 237 244
3 296 309 272
3 282 288 259
3 201 220 180
3 206 273 201
3 255 207 219
3 250 1182 1181
3 224 249 214
3 265 269 245
3 227 179 159
3 227 223 179
3 266 279 280
3 218 199 191
3 321 341 330
3 224 225 222
3 2566 2266 2253
3 1644 1655 1653
3 246 263 245
3 231 235 236
3 228 1193 184
3 229 240 232
3 241 242 1616
3 228 223 246
3 257 1194 238
3 274 255 1196
3 235 231 204
3 204 1180 235
3 1187 223 227
3 236 234 231
3 238 1181 235
3 204 1179 1180
3 1638 233 254
3 235 232 236
3 232 240 236
3 261 229 207
3 260 234 236
3 302 2298 301
3 246 257 1193
3 230 1193 257
3 233 243 239
3 249 242 241
3 251 207 255
3 286 258 253
3 249 224 247
3 1616 1183 252
3 219 288 1196
3 252 248 1636
3 200 239 261
3 234 304 237
3 234 244 191
3 240 229 261
3 246 1187 263
3 197 255 274
3 222 277 328
3 217 226 242
3 225 258 222
3 1616 242 226
3 315 329 330
3 1620 1183 1619
3 207 1182 219
3 276 271 220
3 246 245 257
3 217 242 247
3 242 249 247
3 315 310 329
3 304 234 260
3 84 2303 1185
3 197 251 255
3 227 1178 1188
3 270 266 267
3 245 269 1657
3 1180 257 238
3 271 225 220
3 286 277 258
3 295 253 285
3 291 292 293
3 243 260 236
3 243 1638 260
3 200 261 207
3 239 243 261
3 265 245 263
3 269 265 267
3 1187 246 223
3 1192 265 263
3 256 1187 1188
3 411 414 82
3 1192 263 256
3 267 265 264
3 420 421 419
3 269 282 259
3 548 268 1241
3 267 266 269
3 411 82 408
3 262 280 283
3 266 280 282
3 250 1181 1194
3 1241 267 264
3 527 279 268
3 276 220 201
3 271 276 285
3 286 290 296
3 296 272 286
3 278 206 195
3 253 271 285
3 262 283 284
3 1195 197 274
3 453 460 545
3 274 262 284
3 201 273 276
3 285 276 291
3 315 272 310
3 277 315 320
3 237 294 244
3 1194 259 250
3 268 279 270
3 280 279 275
3 435 440 465
3 280 262 282
3 281 440 442
3 1233 471 483
3 288 282 262
3 269 266 282
3 275 283 280
3 491 471 511
3 127 284 1229
3 1195 284 127
3 291 276 273
3 285 291 293
3 290 286 253
3 272 277 286
3 1197 288 219
3 298 292 278
3 1196 262 274
3 219 1182 1197
3 253 295 290
3 289 305 296
3 278 292 273
3 289 317 313
3 278 195 294
3 291 273 292
3 4462 303 317
3 301 293 292
3 295 317 290
3 2305 2303 1641
3 297 301 2298
3 293 4462 285
3 303 4462 301
3 305 308 300
3 309 305 311
3 2304 298 294
3 2613 2623 2587
3 278 294 298
3 237 299 2305
3 237 304 299
3 1639 2299 2300
3 2632 1671 1683
3 310 272 309
3 302 301 292
3 301 297 303
3 298 302 292
3 237 2305 294
3 1199 324 342
3 313 323 306
3 1638 1185 260
3 1188 1187 227
3 289 313 308
3 305 300 311
3 306 308 313
3 2887 2584 350
3 319 300 308
3 322 310 307
3 289 308 305
3 359 1202 376
3 305 309 296
3 310 309 307
3 307 311 312
3 272 315 277
3 312 311 300
3 309 311 307
3 331 335 316
3 331 322 307
3 289 290 317
3 323 313 324
3 356 362 363
3 343 300 319
3 336 329 322
3 315 330 320
3 334 333 312
3 348 217 341
3 4462 317 295
3 303 342 324
3 2301 342 2302
3 323 1199 325
3 360 308 306
3 346 347 2891
3 217 247 320
3 328 247 222
3 336 338 321
3 338 340 321
3 331 307 312
3 336 322 316
3 324 313 317
3 1198 221 325
3 317 303 324
3 318 325 1199
3 297 2302 303
3 353 343 319
3 323 325 306
3 369 351 376
3 1183 1617 1619
3 331 333 335
3 277 320 328
3 247 328 320
3 322 329 310
3 330 329 321
3 321 340 341
3 330 217 320
3 333 331 312
3 316 322 331
3 361 334 343
3 338 316 346
3 300 343 312
3 333 332 335
3 353 362 361
3 332 333 334
3 345 327 344
3 335 345 344
3 344 346 316
3 329 336 321
3 344 316 335
3 217 348 226
3 316 338 336
3 337 2892 340
3 2610 2891 2890
3 252 1183 248
3 337 340 338
3 340 339 341
3 349 348 341
3 217 330 341
3 345 335 332
3 2302 287 2301
3 334 312 343
3 346 344 327
3 334 361 357
3 345 332 354
3 347 346 327
3 338 346 337
3 368 345 354
3 3024 3223 349
3 349 341 339
3 348 314 1617
3 349 339 3024
3 314 348 349
3 350 2584 1633
3 2840 2575 2253
3 1202 360 1201
3 367 365 372
3 352 379 380
3 368 1200 1658
3 359 353 319
3 360 1202 359
3 364 334 357
3 1203 1204 380
3 359 319 360
3 377 1206 385
3 385 378 326
3 364 354 332
3 370 356 363
3 364 365 354
3 379 375 382
3 1662 1665 380
3 319 308 360
3 359 355 353
3 1201 306 325
3 369 1202 221
3 353 361 343
3 357 361 356
3 353 355 377
3 361 362 356
3 370 363 383
3 365 357 372
3 334 364 332
3 365 364 357
3 370 372 356
3 354 365 352
3 377 363 362
3 352 365 367
3 366 381 375
3 367 366 375
3 1204 354 352
3 368 358 1200
3 1202 369 376
3 383 363 385
3 383 389 386
3 372 370 366
3 371 388 386
3 381 366 383
3 367 372 366
3 356 372 357
3 373 1664 382
3 367 379 352
3 370 383 366
3 368 1203 358
3 382 375 373
3 377 355 1206
3 359 376 355
3 353 377 362
3 1206 376 351
3 351 378 1206
3 377 385 363
3 375 379 367
3 380 379 374
3 1673 1662 1663
3 374 1662 380
3 387 389 326
3 375 381 1672
3 2906 2634 2315
3 1670 1672 2311
3 1663 374 1664
3 379 382 374
3 385 389 383
3 3027 2600 2601
3 388 371 47
3 381 383 386
3 386 389 371
3 385 326 389
3 1670 1668 373
3 386 388 2311
3 371 389 387
3 24 11 390
3 390 11 23
3 1608 30 1605
3 2 24 391
3 13 392 31
3 50 392 38
3 50 393 42
3 48 393 39
3 400 1708 397
3 1213 405 1701
3 454 402 449
3 9 394 398
3 395 430 401
3 9 398 399
3 63 1208 400
3 401 397 395
3 397 398 394
3 399 398 396
3 532 533 2328
3 408 82 407
3 1209 400 1208
3 1705 1706 2328
3 469 8 463
3 398 401 396
3 450 440 435
3 454 436 427
3 404 19 1210
3 403 1211 1214
3 443 445 424
3 1214 1211 32
3 425 447 428
3 1213 1701 58
3 1216 406 66
3 406 1216 1217
3 408 407 69
3 79 407 82
3 1219 411 412
3 413 415 414
3 399 416 9
3 428 426 425
3 408 412 411
3 429 1236 1219
3 412 408 409
3 414 411 1235
3 416 409 9
3 412 409 416
3 432 516 545
3 548 1643 1645
3 1235 411 410
3 2307 2308 413
3 76 417 415
3 415 417 82
3 425 416 399
3 412 416 426
3 417 76 418
3 82 417 79
3 418 76 420
3 80 78 418
3 76 415 2308
3 1651 1650 143
3 421 420 76
3 420 419 422
3 530 550 498
3 265 1192 264
3 1654 419 1652
3 422 1654 1158
3 401 4463 396
3 460 450 497
3 425 399 436
3 441 460 453
3 570 518 556
3 501 493 499
3 425 426 416
3 426 424 429
3 441 452 456
3 431 448 452
3 455 466 442
3 426 428 424
3 424 428 443
3 453 429 1220
3 430 4463 401
3 455 440 450
3 456 459 457
3 487 479 448
3 442 440 455
3 402 504 502
3 454 425 436
3 1231 281 463
3 431 443 423
3 492 432 497
3 435 465 485
3 507 501 505
3 455 456 457
3 1220 445 453
3 468 444 480
3 492 497 485
3 396 4463 436
3 443 431 445
3 449 437 434
3 543 1229 284
3 457 459 444
3 484 433 467
3 452 441 445
3 456 450 441
3 281 465 440
3 445 431 452
3 1209 1221 400
3 494 541 489
3 447 434 423
3 469 467 8
3 459 452 448
3 445 441 453
3 402 454 427
3 523 495 511
3 485 490 477
3 455 450 456
3 423 448 431
3 402 499 449
3 454 449 447
3 473 480 481
3 446 464 466
3 488 489 473
3 497 450 435
3 459 456 452
3 454 447 425
3 449 434 447
3 441 450 460
3 410 1219 1236
3 447 443 428
3 396 436 399
3 423 443 447
3 553 561 551
3 484 467 469
3 661 590 614
3 750 752 754
3 479 487 472
3 446 457 444
3 446 468 464
3 474 464 468
3 486 493 478
3 472 434 437
3 459 448 481
3 466 464 469
3 1231 475 483
3 463 442 466
3 468 446 444
3 455 446 466
3 463 466 469
3 475 1231 1227
3 1226 1712 1714
3 486 461 472
3 457 446 455
3 463 281 442
3 465 281 483
3 527 526 275
3 464 474 484
3 491 514 477
3 437 493 486
3 472 461 479
3 494 461 486
3 468 1230 474
3 468 480 482
3 1222 433 474
3 543 275 525
3 283 543 284
3 477 490 491
3 1236 1234 410
3 501 499 502
3 507 510 478
3 479 488 481
3 448 479 481
3 481 480 444
3 480 473 1709
3 481 444 459
3 479 461 488
3 489 1226 1709
3 474 1223 1222
3 458 523 1233
3 490 483 471
3 464 484 469
3 433 484 474
3 490 485 465
3 485 477 492
3 437 486 472
3 461 494 489
3 423 487 448
3 472 487 434
3 489 488 461
3 473 481 488
3 494 486 522
3 1710 1226 489
3 483 490 465
3 490 471 491
3 512 523 458
3 513 491 511
3 514 515 477
3 432 492 516
3 437 499 493
3 502 499 402
3 478 522 486
3 507 503 519
3 1228 470 476
3 495 525 513
3 496 526 527
3 530 498 516
3 460 497 432
3 485 497 435
3 492 477 529
3 550 530 549
3 449 499 437
3 502 504 534
3 535 506 1237
3 1686 1212 404
3 505 501 500
3 478 493 501
3 402 427 504
3 500 501 502
3 504 532 534
3 505 508 503
3 4463 504 427
3 504 430 532
3 535 1237 534
3 507 505 503
3 538 546 539
3 519 503 520
3 510 507 519
3 501 507 478
3 1237 505 500
3 540 508 506
3 520 503 1238
3 2346 1765 1732
3 510 509 542
3 478 510 522
3 511 471 523
3 513 511 495
3 523 512 524
3 512 470 524
3 1228 495 524
3 513 496 514
3 513 514 491
3 515 514 496
3 496 527 528
3 516 529 530
3 516 492 529
3 516 498 531
3 430 395 1704
3 703 536 1707
3 506 535 537
3 546 552 518
3 540 1238 508
3 509 510 519
3 518 552 556
3 519 520 1243
3 509 1243 1244
3 1715 1717 1718
3 542 1240 522
3 510 542 522
3 523 471 1233
3 1228 524 470
3 495 523 524
3 495 1228 525
3 526 525 275
3 496 513 526
3 525 526 513
3 279 527 275
3 527 268 528
3 549 515 528
3 496 528 515
3 477 515 529
3 515 530 529
3 547 549 528
3 547 528 268
3 531 498 1234
3 453 531 1236
3 533 532 430
3 534 532 517
3 1703 533 1704
3 709 1263 1264
3 535 534 517
3 534 500 502
3 2327 537 535
3 1237 506 508
3 1262 1261 639
3 537 539 506
3 2327 535 517
3 1247 539 537
3 559 554 556
3 570 520 518
3 1247 537 536
3 546 540 506
3 546 506 539
3 1238 518 520
3 522 541 494
3 1226 1714 1225
3 2330 1722 542
3 1240 542 521
3 1229 1228 476
3 275 543 283
3 547 268 548
3 550 1721 1720
3 516 531 545
3 453 545 531
3 553 552 546
3 518 540 546
3 270 1241 268
3 549 547 544
3 256 1188 1190
3 544 547 548
3 549 544 550
3 515 549 530
3 544 1645 550
3 498 1720 1234
3 553 551 552
3 561 558 564
3 553 546 538
3 559 556 552
3 538 563 558
3 553 538 558
3 561 562 551
3 542 1722 521
3 1796 1800 662
3 695 1260 626
3 559 552 551
3 556 554 560
3 638 656 609
3 654 1776 1246
3 539 1247 538
3 564 558 555
3 559 551 1245
3 599 567 571
3 1723 1244 560
3 519 1243 509
3 558 561 553
3 562 561 557
3 568 569 635
3 681 572 566
3 697 677 696
3 555 558 563
3 681 565 572
3 561 564 557
3 639 1259 658
3 577 668 584
3 658 626 696
3 608 578 673
3 602 655 678
3 565 635 572
3 614 595 568
3 673 641 590
3 641 589 634
3 567 599 674
3 556 560 570
3 520 570 560
3 578 604 641
3 586 670 591
3 695 670 683
3 568 654 569
3 604 592 665
3 641 634 590
3 679 579 668
3 4484 1776 653
3 683 571 565
3 584 576 630
3 654 595 640
3 567 575 661
3 682 674 599
3 668 578 608
3 645 577 630
3 588 675 682
3 613 592 579
3 617 606 583
3 734 730 701
3 684 646 644
3 1779 4464 612
3 587 4464 603
3 713 1848 574
3 595 590 634
3 573 666 667
3 624 611 678
3 661 614 660
3 577 679 668
3 585 678 675
3 593 688 644
3 648 613 587
3 674 575 567
3 682 655 674
3 593 646 580
3 713 611 693
3 1741 2335 1737
3 571 660 565
3 587 651 648
3 658 696 677
3 574 608 582
3 673 575 608
3 655 682 678
3 580 646 612
3 588 656 647
3 1275 628 663
3 1250 581 600
3 583 666 617
3 598 679 577
3 578 668 579
3 557 564 566
3 587 679 598
3 684 727 743
3 721 699 607
3 743 612 684
3 1361 1362 1253
3 575 673 661
3 668 608 584
3 595 634 640
3 1794 666 583
3 631 606 671
3 588 682 664
3 687 623 618
3 577 584 630
3 656 588 609
3 3047 2325 2322
3 682 599 664
3 648 615 1258
3 575 582 608
3 1793 1254 583
3 658 637 591
3 722 688 694
3 605 609 586
3 1852 2362 1857
3 606 616 1793
3 594 617 666
3 627 670 586
3 594 666 659
3 587 603 651
3 722 644 688
3 700 723 689
3 4465 623 687
3 713 602 611
3 1428 1426 1427
3 722 731 644
3 685 686 657
3 723 700 610
3 592 600 665
3 1245 562 1246
3 648 1250 613
3 594 665 1249
3 1265 1849 733
3 620 601 720
3 728 585 647
3 683 627 1248
3 647 585 675
3 605 620 633
3 698 687 652
3 612 636 1779
3 671 619 662
3 1778 651 603
3 649 621 629
3 639 632 1259
3 687 618 633
3 1212 1846 1264
3 686 685 1797
3 1409 1403 1405
3 626 658 591
3 678 585 624
3 1691 698 719
3 789 794 767
3 642 647 656
3 707 697 705
3 640 653 1776
3 635 660 614
3 679 587 613
3 593 580 628
3 686 581 1258
3 758 692 752
3 651 615 648
3 594 659 665
3 616 669 1254
3 667 666 1794
3 732 1275 1850
3 658 677 639
3 693 611 689
3 590 595 614
3 604 579 592
3 573 634 589
3 660 635 565
3 572 557 566
3 1266 721 607
3 741 692 758
3 1797 1257 1796
3 601 637 1259
3 721 623 699
3 609 1251 586
3 605 633 618
3 652 687 633
3 1795 597 1794
3 1806 1807 1805
3 681 683 565
3 661 673 590
3 1778 1779 1252
3 601 620 605
3 628 598 645
3 618 638 605
3 1266 618 721
3 684 612 646
3 598 4464 587
3 722 717 731
3 679 613 579
3 1248 1251 664
3 621 600 581
3 712 650 714
3 599 571 1248
3 1256 671 606
3 1256 617 619
3 720 601 632
3 596 623 4465
3 686 621 581
3 684 731 727
3 629 662 619
3 596 4465 650
3 659 666 573
3 665 659 589
3 641 673 578
3 654 568 595
3 572 569 557
3 574 584 608
3 665 589 604
3 642 607 2364
3 585 728 624
3 686 629 621
3 594 1249 649
3 652 633 620
3 619 649 629
3 628 580 4464
3 602 574 582
3 571 683 1248
3 562 557 569
3 641 604 589
3 1260 564 555
3 4465 698 711
3 637 601 586
3 628 645 663
3 1847 630 576
3 701 737 717
3 582 575 674
3 577 645 598
3 653 573 667
3 667 597 4484
3 588 664 609
3 689 622 700
3 1848 1265 1847
3 573 653 640
3 659 573 589
3 1765 2348 1732
3 1726 554 1736
3 601 605 586
3 600 592 1250
3 605 638 609
3 1266 656 638
3 572 635 569
3 569 654 562
3 584 574 576
3 578 579 604
3 675 678 682
3 675 588 647
3 678 611 602
3 600 621 649
3 593 644 646
3 626 555 696
3 563 703 697
3 625 2941 650
3 695 683 681
3 655 602 582
3 573 640 634
3 617 594 619
3 581 648 1258
3 743 636 612
3 670 627 683
3 567 661 660
3 713 574 602
3 674 655 582
3 738 730 734
3 649 619 594
3 1847 645 630
3 1260 566 564
3 637 586 591
3 698 652 719
3 1252 1781 1778
3 695 626 591
3 716 712 714
3 711 714 650
3 700 622 726
3 734 701 722
3 622 689 624
3 740 747 692
3 593 1275 688
3 2364 622 728
3 693 723 680
3 4475 4476 4477
3 691 700 726
3 1268 718 610
3 1855 726 1852
3 1850 1847 1265
3 607 2363 2364
3 670 695 591
3 1260 681 566
3 555 563 696
3 697 696 563
3 703 1707 705
3 703 705 697
3 720 710 719
3 698 676 711
3 610 700 691
3 1695 2320 2635
3 718 4478 680
3 723 693 689
3 731 684 644
3 693 680 1849
3 717 690 731
3 690 740 727
3 1247 703 563
3 1705 704 1706
3 1704 1708 1703
3 704 708 705
3 706 708 709
3 707 677 697
3 32 1211 1212
3 1262 639 677
3 708 707 705
3 707 706 1261
3 709 708 704
3 707 708 706
3 709 1705 1703
3 405 1214 1263
3 2316 639 1261
3 710 1686 1687
3 714 711 676
3 618 623 721
3 1687 1694 1691
3 1693 3 1699
3 712 3042 650
3 715 2907 716
3 676 1694 716
3 728 647 642
3 1690 1692 1696
3 1692 20 1693
3 676 716 714
3 718 680 723
3 1268 610 691
3 1860 2369 2649
3 624 728 622
3 771 773 759
3 720 719 652
3 719 710 1691
3 620 720 652
3 720 632 1689
3 2325 2320 2323
3 1275 593 628
3 1693 1699 1697
3 689 611 624
3 744 746 1276
3 2652 824 1288
3 715 1695 2907
3 1695 1700 2320
3 699 623 596
3 690 727 731
3 1266 607 642
3 717 722 701
3 1859 737 701
3 717 737 746
3 694 702 734
3 2941 596 650
3 734 722 694
3 4466 694 732
3 692 741 743
3 1851 1270 691
3 718 723 610
3 4477 4479 4475
3 1284 4475 1274
3 732 1850 4466
3 688 732 694
3 738 739 730
3 738 702 736
3 740 692 727
3 809 812 815
3 1282 739 823
3 1859 701 730
3 737 735 746
3 702 738 734
3 739 738 736
3 812 816 815
3 759 773 776
3 744 740 690
3 744 742 749
3 752 692 747
3 1787 741 755
3 1277 1276 748
3 798 755 750
3 692 743 727
3 636 743 741
3 746 744 690
3 744 749 747
3 753 756 751
3 749 753 745
3 746 690 717
3 746 735 748
3 744 747 740
3 745 754 752
3 792 805 804
3 763 751 756
3 756 753 749
3 745 747 749
3 753 762 761
3 750 783 798
3 786 762 751
3 750 754 764
3 745 752 747
3 750 755 758
3 756 749 742
3 753 751 762
3 745 761 754
3 761 757 767
3 764 783 750
3 1785 1786 1789
3 1277 742 1276
3 779 785 778
3 751 763 784
3 768 783 790
3 750 758 752
3 741 758 755
3 763 756 781
3 763 771 759
3 762 769 757
3 657 615 1781
3 753 761 745
3 767 764 754
3 784 786 751
3 761 762 757
3 781 756 1277
3 765 769 786
3 767 754 761
3 760 790 783
3 834 826 831
3 797 827 795
3 774 772 773
3 766 1277 787
3 789 767 757
3 760 764 767
3 767 794 760
3 1289 1301 832
3 789 793 782
3 789 757 793
3 784 763 785
3 776 778 759
3 781 771 763
3 774 773 771
3 792 772 774
3 772 817 836
3 774 771 766
3 772 836 776
3 787 774 766
3 788 792 804
3 788 829 792
3 779 780 4467
3 772 776 773
3 778 776 2233
3 1087 1142 1079
3 4467 765 786
3 2233 776 775
3 779 778 777
3 779 777 780
3 784 785 770
3 884 876 883
3 837 845 833
3 1277 756 742
3 771 781 766
3 835 846 844
3 790 802 1896
3 760 783 764
3 768 791 798
3 763 759 785
3 786 784 770
3 778 785 759
3 770 785 779
3 786 770 4467
3 762 786 769
3 735 1279 748
3 806 799 1281
3 788 804 806
3 1058 825 819
3 793 757 769
3 789 782 794
3 801 794 796
3 790 760 801
3 832 1301 1302
3 636 741 1784
3 787 1279 805
3 788 809 808
3 765 850 769
3 850 765 860
3 797 794 782
3 797 796 794
3 803 827 835
3 840 831 795
3 796 830 802
3 801 802 790
3 782 835 827
3 796 797 795
3 768 798 783
3 755 798 791
3 1279 799 805
3 807 1281 1280
3 816 2531 1145
3 775 776 836
3 794 801 760
3 802 801 796
3 796 831 830
3 832 1893 830
3 835 844 803
3 843 852 838
3 805 792 774
3 806 804 799
3 787 805 774
3 799 804 805
3 739 736 1283
3 4468 812 806
3 1281 807 4468
3 822 810 823
3 2530 2521 800
3 788 806 809
3 806 1281 4468
3 808 1152 813
3 2736 822 824
3 1085 1091 1134
3 2508 828 2245
3 1023 819 672
3 806 812 809
3 818 816 812
3 1576 1584 1586
3 1147 1100 1085
3 814 816 818
3 2736 818 822
3 775 836 1575
3 1145 815 816
3 818 812 810
3 808 1599 1152
3 829 788 808
3 792 817 772
3 823 820 822
3 810 822 818
3 1150 1153 1149
3 819 1100 1147
3 1271 1274 1272
3 1287 1284 1285
3 809 1599 808
3 1119 1021 1037
3 4468 823 810
3 824 822 820
3 1282 823 807
3 823 739 1283
3 726 1851 691
3 1269 729 1268
3 1021 1155 1037
3 811 825 1058
3 827 837 795
3 1889 832 1302
3 782 827 797
3 833 834 840
3 1077 1064 1143
3 1091 1097 1065
3 1599 809 815
3 792 829 817
3 831 796 795
3 832 830 826
3 840 834 831
3 826 830 831
3 834 843 842
3 1884 1306 1437
3 851 803 844
3 826 1289 832
3 843 834 833
3 842 826 834
3 793 846 782
3 855 846 850
3 829 808 813
3 821 817 813
3 827 803 837
3 837 848 845
3 4469 845 853
3 852 864 838
3 856 847 851
3 872 873 856
3 795 837 840
3 833 840 837
3 851 857 848
3 993 1001 1132
3 1291 1292 1295
3 826 842 1289
3 843 4469 852
3 842 843 838
3 835 782 846
3 839 856 851
3 848 837 803
3 841 853 845
3 850 846 793
3 844 846 855
3 844 855 839
3 890 891 862
3 848 803 851
3 845 848 863
3 866 849 853
3 865 1294 864
3 769 850 793
3 780 854 860
3 839 851 844
3 851 847 857
3 4469 843 833
3 849 1901 864
3 896 866 853
3 4469 849 852
3 861 869 871
3 868 869 861
3 860 855 850
3 869 855 854
3 868 856 839
3 868 872 856
3 862 857 847
3 863 857 862
3 849 866 867
3 1044 1078 1028
3 862 841 863
3 1900 1901 867
3 860 765 4467
3 855 860 854
3 854 780 876
3 862 881 878
3 856 873 847
3 881 875 878
3 845 863 841
3 848 857 863
3 849 864 852
3 865 864 858
3 1087 1574 1573
3 1301 1291 1303
3 896 853 841
3 867 866 859
3 878 890 862
3 951 928 935
3 869 868 839
3 861 900 872
3 855 869 839
3 869 854 871
3 884 871 876
3 880 874 875
3 876 871 854
3 884 888 871
3 861 872 868
3 872 870 873
3 875 873 870
3 847 873 881
3 900 861 898
3 910 917 885
3 900 901 870
3 875 874 878
3 879 883 777
3 876 780 883
3 885 894 906
3 904 887 874
3 887 878 874
3 890 887 1439
3 1579 1580 2233
3 897 888 884
3 870 880 875
3 877 894 889
3 847 881 862
3 875 881 873
3 880 889 874
3 930 939 937
3 777 883 780
3 884 883 879
3 1042 1072 1122
3 861 871 888
3 889 894 885
3 1439 1445 882
3 1440 1546 1102
3 862 891 841
3 874 889 904
3 887 1445 1439
3 2222 2219 1561
3 861 888 898
3 877 889 880
3 885 895 904
3 887 890 878
3 891 890 886
3 1443 891 886
3 896 859 866
3 905 894 877
3 901 880 870
3 888 899 898
3 899 979 893
3 877 901 902
3 920 911 912
3 885 906 910
3 917 895 885
3 841 891 896
3 859 896 891
3 1561 2220 2221
3 898 899 893
3 899 888 897
3 900 898 893
3 892 1141 897
3 1141 892 1139
3 901 900 893
3 900 870 872
3 902 901 893
3 880 901 877
3 905 927 894
3 902 1446 877
3 923 1447 932
3 908 940 924
3 885 904 889
3 904 895 1445
3 1030 1031 1469
3 927 906 894
3 922 920 915
3 912 915 920
3 934 912 911
3 951 973 928
3 906 912 934
3 917 1449 895
3 925 919 911
3 943 925 911
3 940 934 919
3 908 913 917
3 914 905 1446
3 933 903 918
3 919 903 940
3 939 924 936
3 947 1032 1086
3 936 937 939
3 902 893 979
3 906 934 910
3 933 944 903
3 903 919 918
3 912 906 927
3 905 909 927
3 908 917 910
3 917 913 1449
3 1082 1106 1110
3 964 1009 1451
3 914 909 905
3 924 944 936
3 925 943 932
3 4471 915 909
3 946 942 953
3 1447 923 918
3 996 1002 975
3 919 934 911
3 944 924 903
3 936 944 994
3 978 1112 1064
3 927 909 915
3 935 928 937
3 916 937 936
3 931 921 933
3 956 942 954
3 1059 1084 1041
3 940 903 924
3 1001 928 973
3 945 953 966
3 928 1001 926
3 1102 4472 1028
3 929 938 926
3 913 938 929
3 948 935 916
3 938 930 926
3 916 935 937
3 941 948 963
3 933 921 995
3 928 926 930
3 915 912 927
3 908 939 1448
3 963 948 974
3 956 959 942
3 1073 1544 1067
3 919 925 1447
3 923 933 918
3 1448 913 908
3 1445 1449 1546
3 931 923 946
3 908 934 940
3 930 938 1448
3 920 922 1544
3 908 910 934
3 946 1450 954
3 928 930 937
3 948 941 961
3 931 949 921
3 923 931 933
3 908 924 939
3 920 943 911
3 954 942 946
3 1450 923 932
3 964 977 1009
3 946 953 949
3 1525 1529 1531
3 1013 1099 1065
3 974 952 963
3 948 961 951
3 946 949 931
3 974 995 1451
3 956 955 959
3 978 1077 965
3 948 951 935
3 1548 1078 962
3 964 921 949
3 945 966 968
3 959 960 971
3 945 949 953
3 1450 946 923
3 954 950 1543
3 1045 1056 1543
3 942 971 953
3 1057 1543 1056
3 1057 956 1543
3 1045 1063 1024
3 1458 965 1018
3 1011 998 1003
3 985 987 981
3 997 1045 950
3 958 1452 959
3 981 982 985
3 1003 1452 1011
3 1296 1297 1300
3 1040 1090 1076
3 1099 1062 1065
3 1004 1008 1014
3 974 948 916
3 1002 996 963
3 949 945 976
3 980 968 967
3 1106 1107 1095
3 978 965 955
3 971 966 953
3 960 1541 968
3 1524 1526 1513
3 945 968 970
3 960 968 966
3 980 970 968
3 980 967 982
3 1119 1151 1021
3 964 976 977
3 970 977 976
3 959 971 942
3 966 971 960
3 963 996 941
3 2227 1050 1034
3 951 1090 1040
3 1001 973 1132
3 916 994 974
3 994 944 995
3 984 969 980
3 1005 1049 1124
3 970 976 945
3 964 949 976
3 970 969 977
3 1010 1002 1009
3 950 1450 997
3 1000 1064 1112
3 1489 1910 1120
3 965 958 955
3 1541 967 968
3 969 970 980
3 1493 1496 1465
3 982 984 980
3 967 1542 985
3 982 981 984
3 1003 1541 1452
3 1025 1019 1463
3 1008 1004 1047
3 987 986 981
3 967 985 982
3 1453 1455 983
3 983 1455 1462
3 1903 1000 1080
3 983 987 985
3 1025 1088 1019
3 1583 4488 1582
3 1584 1576 1578
3 1088 1048 1035
3 987 1019 986
3 1040 1076 1092
3 1015 1010 969
3 1104 941 999
3 1048 1034 1050
3 1932 1076 1557
3 986 1035 989
3 988 1013 1065
3 1102 1546 1547
3 936 994 916
3 944 933 995
3 1451 921 964
3 974 994 995
3 1002 963 952
3 1005 999 996
3 1073 932 943
3 1063 1075 1024
3 1019 1035 986
3 1559 1076 1932
3 941 996 999
3 1005 996 975
3 1142 2222 1079
3 1044 962 1078
3 951 1040 973
3 926 1001 993
3 952 1009 1002
3 977 1010 1009
3 1035 1564 989
3 1442 1028 992
3 998 1453 1003
3 965 1011 958
3 1563 984 981
3 899 1141 979
3 1897 1441 1442
3 1290 1295 1862
3 1043 1112 1020
3 1101 1091 1085
3 2043 2447 2977
3 1375 1357 1366
3 1009 952 1451
3 1010 977 969
3 1015 969 984
3 1002 1010 1016
3 1087 991 1142
3 1542 967 1541
3 975 1004 1005
3 2234 1152 2512
3 984 1563 1562
3 978 1064 1077
3 4472 993 1054
3 1007 1027 1051
3 1462 1463 987
3 1002 1016 975
3 1015 4474 1010
3 1563 986 989
3 1052 1601 1156
3 2110 2470 2473
3 998 1458 1457
3 955 958 959
3 2219 1060 892
3 1041 988 1116
3 1964 1971 1961
3 1084 1033 1042
3 1116 1135 1103
3 1036 1038 1103
3 882 1440 1439
3 1441 1443 1440
3 1067 1055 1063
3 1032 947 962
3 1075 1096 1024
3 1035 1019 1088
3 1029 1573 1574
3 829 813 817
3 1547 929 926
3 1131 1132 1092
3 1362 1368 1341
3 2500 2833 2503
3 2242 2241 2240
3 1126 1124 1125
3 1041 1084 1042
3 1017 1061 1123
3 1324 1444 1898
3 1147 1058 819
3 1041 1069 1059
3 1140 1137 1138
3 1112 1056 1020
3 1469 1031 1467
3 1084 1059 1053
3 825 672 819
3 992 1028 1078
3 819 1023 1100
3 1339 1334 1311
3 972 1007 1086
3 1038 1036 1052
3 1116 1038 1117
3 1093 1101 1100
3 1119 1144 1151
3 1090 951 961
3 1156 1151 1144
3 2502 2472 2226
3 2241 2242 2243
3 1053 1109 1137
3 1071 1136 1103
3 1056 1024 1020
3 1127 1129 1566
3 965 1077 1018
3 1556 1555 1081
3 1094 1932 1557
3 1044 1054 962
3 1102 1028 1022
3 997 1067 1063
3 1045 1024 1056
3 1047 1004 975
3 1931 1537 1536
3 975 1016 1047
3 1016 1010 4474
3 1084 1053 1033
3 1054 1131 1032
3 2177 990 2173
3 1004 1049 1005
3 2531 816 814
3 1102 1022 1440
3 1548 962 947
3 1155 1021 1136
3 1008 1098 2471
3 1077 1143 1030
3 1122 1060 991
3 1146 1145 2536
3 1315 1310 1312
3 1054 1044 4472
3 1055 1067 1074
3 1024 1096 1020
3 1043 1020 1096
3 955 1057 978
3 956 1057 955
3 1112 1057 1056
3 1472 1488 1484
3 1122 1072 1060
3 1023 1006 1093
3 1059 4473 1053
3 1090 1104 1066
3 1052 1156 1552
3 1033 1072 1042
3 1561 892 897
3 1066 1557 1090
3 1041 1013 988
3 997 1063 1045
3 1055 1082 1075
3 1000 1043 1083
3 1550 1083 1118
3 1083 1080 1000
3 1023 1093 1100
3 1548 992 1078
3 1042 1013 1041
3 997 1073 1067
3 943 920 1544
3 1068 1075 1082
3 1082 1111 1068
3 1099 1013 1042
3 1472 1476 1902
3 1095 1109 1053
3 1137 1070 1033
3 1464 1462 1455
3 979 1141 1140
3 1131 1092 1012
3 1070 1072 1033
3 932 1073 997
3 1073 943 1544
3 4470 1109 1107
3 1106 1082 1055
3 1055 1075 1063
3 1118 1083 1545
3 2418 1032 1012
3 1121 1105 1126
3 1021 1151 1601
3 1065 1097 988
3 2375 1866 1865
3 1098 1008 2499
3 2473 2471 2472
3 1061 1017 1129
3 1030 1018 1077
3 1118 1113 1551
3 1136 1021 1036
3 1014 1061 1125
3 1107 1106 1055
3 1082 1110 1111
3 1068 1111 1115
3 1550 1080 1083
3 1108 1069 1117
3 1602 1071 1101
3 1039 1008 1047
3 961 1104 1090
3 2177 1088 990
3 1086 1007 947
3 1087 1573 1122
3 2418 1086 1032
3 1454 1456 1459
3 1054 1032 962
3 1060 1072 1070
3 2219 2222 1142
3 1122 1099 1042
3 988 1097 1135
3 973 1040 1092
3 1155 1006 1037
3 1105 999 1124
3 836 821 1575
3 1124 999 1005
3 1060 1139 892
3 1130 1121 1128
3 1346 1339 1311
3 1095 1107 1109
3 1568 1127 1566
3 1545 1075 1068
3 1096 1083 1043
3 836 817 821
3 1121 1126 1128
3 1442 1441 1022
3 1145 1146 815
3 1029 1134 1091
3 1562 1015 984
3 1091 1101 1097
3 1071 1097 1101
3 1030 1143 1482
3 1149 1058 1147
3 1085 1134 1147
3 1149 1134 1148
3 1552 1556 1551
3 1099 1573 1062
3 1008 1039 2499
3 1066 1121 1094
3 1559 1012 1092
3 1548 1007 1051
3 1107 1055 1074
3 1095 4473 1110
3 922 4470 1074
3 4471 1109 4470
3 1069 1116 1117
3 1118 1545 1115
3 1137 1109 1138
3 1060 1070 1139
3 1095 1110 1106
3 1110 1108 1111
3 1114 1111 1108
3 1117 1038 1114
3 1043 1000 1112
3 1052 1113 1549
3 1549 1038 1052
3 1903 1064 1000
3 1036 1103 1136
3 1069 4473 1059
3 1114 1115 1111
3 1118 1115 1113
3 1069 1108 4473
3 1069 1041 1116
3 1112 978 1057
3 1549 1115 1114
3 1029 1091 1062
3 1083 1096 1545
3 1116 1103 1038
3 1114 1108 1117
3 1105 1104 999
3 941 1104 961
3 1049 1125 1124
3 991 1060 2219
3 1145 800 2536
3 1066 1105 1121
3 1066 1104 1105
3 1004 1014 1049
3 1105 1124 1126
3 1123 1061 1014
3 1125 1061 1129
3 1127 1128 1129
3 1050 1564 1048
3 1121 1130 1094
3 1129 1128 1126
3 1128 1127 1130
3 1125 1129 1126
3 1014 1125 1049
3 1568 1566 1017
3 1558 1932 1933
3 1032 1131 1012
3 1132 1131 1054
3 993 1132 1054
3 1092 1132 973
3 4474 1047 1016
3 1006 1023 672
3 1087 1122 991
3 1962 1947 1948
3 988 1135 1116
3 1071 1135 1097
3 1071 1103 1135
3 1101 1093 1602
3 1053 1137 1033
3 4471 1138 1109
3 909 914 1138
3 1138 914 1140
3 1070 1140 1139
3 899 897 1141
3 1140 1070 1137
3 979 914 1446
3 1139 1140 1141
3 979 1140 914
3 778 2233 777
3 1065 1062 1091
3 1573 1029 1062
3 1101 1085 1100
3 1058 1153 811
3 1472 1490 1489
3 1148 2239 1149
3 1134 1149 1147
3 1588 1576 1586
3 1153 1154 811
3 1036 1601 1052
3 1146 2509 1152
3 1593 1587 1589
3 1149 1153 1058
3 1150 2235 1154
3 1602 1136 1071
3 1150 1154 1153
3 1006 1155 1093
3 957 1553 1554
3 1081 1551 1556
3 83 1157 66
3 75 92 1157
3 422 1158 80
3 86 1158 99
3 1159 1604 1607
3 1605 30 2248
3 1163 1160 143
3 155 1160 101
3 109 1161 161
3 1162 1161 149
3 1611 1162 149
3 101 1160 1163
3 1613 143 137
3 101 1163 1162
3 136 1164 133
3 123 2262 2263
3 2998 2561 116
3 2998 116 102
3 115 151 1166
3 139 1166 151
3 2560 147 1165
3 2538 150 189
3 159 179 1168
3 162 1168 179
3 108 1169 144
3 1170 1169 181
3 1173 1172 1170
3 190 1170 182
3 1635 215 211
3 1620 248 1183
3 1173 1170 181
3 1172 1171 2291
3 1174 181 139
3 1171 1172 1173
3 139 212 1174
3 2283 2285 212
3 2551 183 2575
3 123 168 112
3 151 1176 139
3 1177 1176 210
3 1177 212 1176
3 213 1177 203
3 77 1178 159
3 1190 1191 1189
3 199 1179 204
3 87 230 1179
3 257 1180 230
3 235 1180 238
3 235 1181 232
3 1194 1181 238
3 1182 229 232
3 1197 1182 250
3 226 1617 1183
3 350 2279 1632
3 1623 1621 1626
3 2283 212 1177
3 304 1185 299
3 1186 1641 1640
3 260 1185 304
3 263 1187 256
3 1188 1647 1191
3 1642 548 1241
3 1178 1647 1188
3 1242 2307 1721
3 1191 1190 1188
3 1189 1642 1192
3 1650 1218 1648
3 1644 1242 1643
3 256 1190 1192
3 1189 1192 1190
3 184 1193 230
3 246 1193 228
3 1657 257 245
3 259 1194 269
3 219 1196 255
3 284 1195 274
3 262 1196 288
3 250 259 1197
3 288 1197 259
3 324 1199 323
3 325 318 1198
3 318 1199 342
3 2310 1661 1200
3 347 327 1660
3 306 1201 360
3 221 1201 325
3 221 1202 1201
3 368 354 1204
3 1666 380 1665
3 380 1204 352
3 368 1204 1203
3 2629 2630 2313
3 4497 3084 176
3 376 1206 355
3 378 385 1206
3 3852 3182 3854
3 1673 1671 1674
3 51 1208 63
3 1209 1208 68
3 61 1209 68
3 1209 58 1701
3 20 1210 19
3 17 404 1210
3 403 404 1211
3 1211 404 1212
3 1686 404 17
3 1688 1689 2316
3 67 1213 58
3 1214 1213 71
3 403 1214 71
3 1263 1214 32
3 1215 48 44
3 66 406 1215
3 4461 1216 66
3 120 1216 100
3 120 130 1217
3 1217 130 1604
3 1653 421 1644
3 1649 1648 1647
3 411 1219 410
3 426 1219 412
3 429 424 1220
3 445 1220 424
3 1221 1701 1702
3 1221 1703 1708
3 1225 1223 482
3 474 1230 1223
3 451 1222 1223
3 1709 1225 482
3 543 525 1228
3 480 1709 482
3 463 8 1227
3 1710 489 541
3 1226 1710 1712
3 1228 1229 543
3 1718 1223 1225
3 468 482 1230
3 127 1229 476
3 1223 1230 482
3 1231 463 1227
3 483 281 1231
3 483 1232 1233
3 483 475 1232
3 458 1233 1232
3 1720 498 550
3 1235 413 414
3 410 1234 1235
3 1235 1234 1720
3 453 1236 429
3 1234 1236 531
3 505 1237 508
3 534 1237 500
3 508 1238 503
3 518 1238 540
3 1725 2348 2332
3 1728 1732 1725
3 1719 1240 521
3 522 1240 541
3 267 1241 270
3 1642 1241 264
3 1643 548 1642
3 1644 421 2306
3 520 560 1243
3 1244 1243 560
3 1723 560 554
3 2331 1244 2332
3 551 562 1245
3 1246 562 654
3 2355 2356 1777
3 1245 1246 4483
3 703 1247 536
3 538 1247 563
3 1251 1248 627
3 599 1248 664
3 665 600 1249
3 649 1249 600
3 613 1250 592
3 581 1250 648
3 586 1251 627
3 609 664 1251
3 1780 1784 741
3 1778 1781 615
3 662 1800 1801
3 2972 1343 2971
3 1723 554 1726
3 667 1794 597
3 662 629 1796
3 1366 1365 1342
3 617 1256 606
3 619 671 1256
3 1783 2353 657
3 1302 1888 1889
3 615 657 1258
3 686 1258 657
3 601 1259 632
3 658 1259 637
3 626 1260 555
3 681 1260 695
3 706 1846 1261
3 1212 1686 1688
3 677 707 1262
3 1261 1262 707
3 1264 1263 32
3 1702 1263 709
3 1212 1264 32
3 709 1264 706
3 1265 1848 1849
3 733 4466 1850
3 656 1266 642
3 618 1266 638
3 2366 1857 2362
3 1860 2368 2369
3 1269 1268 691
3 718 1268 729
3 1858 691 1270
3 729 1269 1272
3 1854 2650 1270
3 1287 1288 820
3 1269 1858 1272
3 1272 1273 2369
3 1272 1858 1273
3 1284 1274 1285
3 1270 1853 1854
3 1287 1285 1288
3 4475 736 702
3 1272 1274 4479
3 1850 1275 663
3 688 1275 732
3 744 1276 742
3 746 748 1276
3 787 1277 748
3 781 1277 766
3 791 1791 1790
3 1797 1798 1257
3 748 1279 787
3 1279 735 1280
3 1859 735 737
3 1282 730 739
3 799 1279 1281
3 1280 1281 1279
3 807 1280 1282
3 1282 1280 1859
3 1284 1283 736
3 823 1283 820
3 4475 1284 736
3 1274 1271 1285
3 1271 2368 1285
3 1283 1287 820
3 2918 2650 2919
3 824 2652 2735
3 1284 1287 1283
3 1285 1286 1288
3 2652 1288 1286
3 820 1288 824
3 1292 1291 842
3 1289 842 1291
3 1299 1862 1297
3 1400 1403 1393
3 1292 842 838
3 1291 1290 1303
3 838 1294 1292
3 1292 1294 1295
3 1863 1290 1862
3 1434 1413 1425
3 864 1294 838
3 1295 1294 865
3 1295 865 1297
3 1291 1295 1290
3 4480 865 858
3 1300 1308 1296
3 865 4480 1300
3 1297 1296 1299
3 1323 1311 1314
3 1296 1312 1320
3 1296 1308 1312
3 1305 1293 1303
3 865 1300 1297
3 1298 1309 1308
3 1291 1301 1289
3 1302 1301 1293
3 1305 1306 1293
3 1886 1887 1885
3 1290 1863 1305
3 1301 1303 1293
3 1296 1320 1299
3 1358 1329 1335
3 1290 1305 1303
3 1306 1305 1304
3 1316 1310 1345
3 1434 1435 1433
3 1309 1307 1308
3 1309 1317 1307
3 1298 1308 1300
3 1307 1315 1312
3 1298 1318 1323
3 1314 1311 1321
3 1341 1359 1362
3 1310 1333 1345
3 1334 1340 1326
3 1309 1298 1314
3 1307 1312 1308
3 1310 1316 1320
3 1330 1334 1326
3 1322 2974 3051
3 4480 4481 1298
3 1314 1321 1317
3 1333 1337 1329
3 1310 1315 1325
3 1325 1333 1310
3 1408 2372 1414
3 1314 1317 1309
3 1319 1348 1331
3 1899 1318 1900
3 1444 867 1897
3 1317 1319 1307
3 1319 1328 1315
3 1310 1320 1312
3 1320 1316 2373
3 1334 1330 1321
3 1330 1322 1336
3 1946 1957 1954
3 1414 1344 1405
3 1298 1323 1314
3 1318 1899 1346
3 1324 1899 1444
3 1347 1339 1324
3 1369 1371 1354
3 1333 1325 1363
3 1359 1341 1353
3 1317 1321 1336
3 1326 1332 1330
3 1349 2753 1375
3 2973 1253 1350
3 1328 1319 1331
3 1337 1313 1329
3 1405 1412 1414
3 1334 1321 1311
3 1877 1392 1371
3 1317 1348 1319
3 1353 1328 1359
3 1319 1315 1307
3 1356 1354 1313
3 1328 1325 1315
3 1329 1338 1345
3 1323 1346 1311
3 1339 1867 1334
3 1356 1337 1351
3 1322 1332 1343
3 1348 1336 1322
3 1360 1331 3051
3 1369 1870 1874
3 1363 1325 1353
3 1313 1335 1329
3 2374 1879 1414
3 1324 1898 1347
3 1347 1867 1339
3 1027 1007 1866
3 1332 1355 1343
3 2970 2971 2376
3 1341 1351 1363
3 1348 1317 1336
3 1330 1332 1322
3 2972 2973 1350
3 1868 1326 1340
3 1355 1332 1326
3 1356 1313 1337
3 1329 1345 1333
3 1345 1338 2374
3 1318 1346 1323
3 1324 1339 1346
3 1051 1027 1347
3 1867 1027 2375
3 1325 1328 1353
3 1330 1336 1321
3 1867 2375 1340
3 1941 1951 1942
3 1363 1351 1337
3 1394 1313 1354
3 1359 1328 1331
3 1357 1375 1373
3 1343 2972 2974
3 1358 1335 1395
3 1933 1935 1558
3 1349 1366 1342
3 1381 1388 1387
3 1338 1329 1358
3 1354 1356 1369
3 1367 1356 1351
3 2337 1747 2336
3 2376 1343 1355
3 2379 2381 2380
3 1358 1344 1879
3 1331 1360 1359
3 1253 1360 1350
3 3051 1331 1348
3 1253 1362 1360
3 1361 1253 1342
3 1342 1365 1361
3 1360 1362 1359
3 1381 1368 1377
3 1363 1337 1333
3 1341 1363 1353
3 1351 1372 1367
3 438 1874 1872
3 1870 1356 1367
3 1341 1372 1351
3 1372 1341 1368
3 1366 1357 1365
3 1361 1377 1368
3 1362 1361 1368
3 1361 1365 1377
3 1875 1352 1374
3 1872 1874 1873
3 1375 2427 1373
3 1380 1365 1357
3 1391 1395 1335
3 1354 1371 1389
3 1386 1376 1380
3 1871 1372 1368
3 1394 1389 1391
3 1369 1356 1870
3 438 1876 1877
3 1349 1375 1366
3 1989 1984 1978
3 1365 1380 1388
3 1383 1376 1386
3 1384 1388 1380
3 2427 1375 1370
3 2011 2017 2438
3 1382 1379 1327
3 1373 2427 1382
3 1373 1382 1386
3 1380 1376 1384
3 1873 1871 1875
3 1368 1381 1871
3 1376 1352 1384
3 1357 1386 1380
3 1382 1327 1383
3 1387 1384 1352
3 1396 1398 1393
3 1391 1385 1396
3 1373 1386 1357
3 1383 1386 1382
3 1387 1875 1381
3 1388 1381 1377
3 1388 1377 1365
3 1384 1387 1388
3 1392 1389 1371
3 1391 1389 1385
3 1396 1395 1391
3 1389 1392 2378
3 1394 1391 1335
3 1874 1877 1371
3 2381 1878 2380
3 1396 2377 1398
3 1398 1400 1393
3 1313 1394 1335
3 1389 1394 1354
3 1409 1395 1393
3 1358 1395 1344
3 1397 1878 1410
3 1393 1395 1396
3 1401 1397 1406
3 1411 1399 1401
3 2377 1396 1385
3 1401 1400 1398
3 1399 1400 1401
3 1438 1413 1436
3 1401 1398 1397
3 1432 1399 1422
3 1431 1417 1407
3 1420 1880 1881
3 1418 1399 1411
3 1402 1412 1405
3 1432 1400 1399
3 1405 1403 1402
3 1420 1419 2382
3 1420 1881 1419
3 1408 1412 1413
3 1344 1395 1409
3 1410 1406 1397
3 1415 1411 1401
3 662 1801 671
3 1402 1403 1432
3 1408 2739 2372
3 1864 1304 1863
3 1403 1409 1393
3 1344 1409 1405
3 1397 1398 2377
3 1410 1880 1406
3 1415 1401 1406
3 1407 1417 1418
3 1412 1402 4482
3 1412 1408 1414
3 1418 1422 1399
3 1424 1425 1404
3 2739 1864 2372
3 1414 1864 2374
3 1412 4482 1413
3 1407 1411 1415
3 1416 1418 1417
3 1435 1424 1430
3 2360 2383 1837
3 1406 1420 1415
3 1407 1418 1411
3 1418 1416 1423
3 1404 1423 1424
3 1839 1836 1816
3 1407 2359 1431
3 2384 1255 2386
3 2340 1751 1754
3 1423 1422 1418
3 4482 1432 1404
3 1424 1423 1416
3 1422 1423 1404
3 1427 1424 1416
3 4482 1425 1413
3 1424 1427 1430
3 1436 1437 1306
3 1428 1427 1416
3 2357 2390 1426
3 1428 1416 1417
3 1430 1427 2741
3 1840 1417 1431
3 1835 1817 1808
3 1816 2357 1426
3 1789 1278 1785
3 2741 1427 1426
3 1435 1434 1425
3 1843 1838 1831
3 1421 1829 1836
3 1432 1403 1400
3 1404 1432 1422
3 1788 1891 1890
3 1434 1433 1436
3 1424 1435 1425
3 1433 1437 1436
3 1430 1429 1435
3 1435 1429 2389
3 1438 1436 1306
3 1413 1434 1436
3 2388 2389 1429
3 1293 1884 1302
3 2739 1306 1304
3 1413 1438 1408
3 1546 1440 882
3 890 1439 886
3 1441 1440 1022
3 886 1439 1440
3 1022 1028 1442
3 1443 1441 859
3 1444 1442 992
3 1442 1444 1897
3 891 1443 859
3 1440 1443 886
3 1898 1444 992
3 1324 1346 1899
3 904 1445 887
3 1445 895 1449
3 877 1446 905
3 979 1446 902
3 919 1447 918
3 925 932 1447
3 930 1448 939
3 913 1448 938
3 913 929 1449
3 1449 929 1546
3 997 1450 932
3 954 1450 950
3 974 1451 952
3 921 1451 995
3 959 1452 960
3 1011 1452 958
3 1455 1453 1456
3 1542 1453 983
3 1454 1455 1456
3 1460 1464 1465
3 1456 1453 998
3 1454 1464 1455
3 1011 1458 998
3 1456 998 1457
3 1457 1466 1459
3 1456 1457 1459
3 965 1458 1011
3 1469 1458 1018
3 1467 1461 1466
3 1471 1459 1466
3 1481 1471 1475
3 1507 1480 1505
3 1470 1461 1467
3 1481 1454 1459
3 1463 1460 1025
3 987 983 1462
3 987 1463 1019
3 1460 1463 1462
3 1465 1464 1454
3 1462 1464 1460
3 1499 1503 1468
3 1497 1468 1493
3 1467 1466 1457
3 1461 1911 1466
3 1469 1467 1457
3 1467 1031 1470
3 1912 1493 1468
3 1496 1460 1465
3 1458 1469 1457
3 1030 1469 1018
3 1476 1470 1031
3 1511 1509 1498
3 1477 1474 1461
3 1461 1474 1480
3 1476 1031 1482
3 1486 1473 1484
3 1461 1470 1477
3 1470 1476 1484
3 1477 1473 1474
3 1911 1480 1471
3 1475 1507 1497
3 1481 1465 1454
3 1031 1030 1482
3 1477 1470 1484
3 1473 1477 1484
3 1500 1494 1504
3 1478 1488 1489
3 1476 1472 1484
3 1505 1494 1507
3 907 1514 1473
3 1497 1499 1468
3 1493 1465 1475
3 1471 1481 1459
3 1465 1481 1475
3 1905 1902 1482
3 1476 1482 1902
3 1064 1903 1905
3 1904 1906 1907
3 1495 1496 1912
3 1486 1478 1487
3 1488 1486 1484
3 907 1486 1487
3 1515 1460 1496
3 1473 1486 907
3 1486 1488 1478
3 1489 1488 1472
3 1472 1902 1490
3 1478 1489 1120
3 1492 1490 1483
3 1489 1490 1910
3 1483 1903 1904
3 1081 1555 1906
3 1910 1909 1120
3 1493 1912 1496
3 1499 1498 1509
3 1499 1500 1498
3 1495 1540 1538
3 2392 1518 1501
3 1496 1495 1515
3 1475 1497 1493
3 1500 1499 1497
3 1511 1521 1522
3 1503 1499 1509
3 1500 1497 1494
3 1509 1511 1517
3 1508 1504 1505
3 1504 1506 1500
3 1509 1517 1501
3 1529 1525 1527
3 1520 1474 1514
3 1521 1500 1506
3 1518 1503 1501
3 1503 1533 1468
3 1505 1504 1494
3 1539 1508 1520
3 1497 1507 1494
3 1505 1480 1508
3 1508 1539 1504
3 1522 1516 1921
3 1475 1471 1507
3 1480 1507 1471
3 1480 1474 1508
3 1473 1514 1474
3 1521 1511 1498
3 1501 1503 1509
3 1924 1923 1913
3 1498 1500 1521
3 1511 1510 1517
3 1501 1517 1914
3 1540 1526 1525
3 1513 1468 1533
3 1527 1526 1524
3 1502 1520 1519
3 1514 1519 1520
3 1538 1515 1495
3 1025 1460 1515
3 1534 1916 1918
3 1506 1918 1920
3 1914 1517 2393
3 1535 1512 1518
3 2392 1914 1535
3 1524 1518 1512
3 1534 1520 1502
3 1514 907 1519
3 1474 1520 1508
3 1919 1516 1522
3 1522 1521 1506
3 1921 1510 1522
3 1511 1522 1510
3 1923 1924 1510
3 2142 1930 2151
3 1512 1527 1524
3 1533 1524 1513
3 2822 2818 2495
3 1531 1532 1525
3 1525 1931 1540
3 1495 1513 1526
3 2415 2748 4491
3 1526 1527 1525
3 2200 2185 2190
3 2173 2167 2162
3 2748 1527 1512
3 2747 2172 1531
3 2129 2134 2136
3 2159 2160 1915
3 2158 2166 1523
3 1532 1531 1530
3 1915 2174 2161
3 1532 990 1931
3 1503 1518 1533
3 1524 1533 1518
3 1918 1916 1485
3 1534 1918 1917
3 2174 2147 2161
3 1537 990 1088
3 1025 1515 1538
3 1088 1025 1537
3 1538 1537 1025
3 1540 1495 1526
3 1538 1536 1537
3 1520 1534 1539
3 1539 1534 1917
3 1931 1525 1532
3 1538 1540 1536
3 1452 1541 960
3 1542 1541 1003
3 1453 1542 1003
3 1542 983 985
3 954 1543 956
3 1045 1543 950
3 922 1074 1544
3 1544 1074 1067
3 1075 1545 1096
3 1115 1545 1068
3 1445 1546 882
3 1547 1546 929
3 926 993 1547
3 4472 1547 993
3 1007 1548 947
3 1548 1051 1898
3 1115 1549 1113
3 1038 1549 1114
3 1551 1550 1118
3 1080 1550 1081
3 1552 1551 1113
3 1550 1551 1081
3 1052 1552 1113
3 1552 1156 1553
3 1554 1156 1144
3 1553 957 1555
3 1491 1907 1908
3 1156 1554 1553
3 1492 1904 1907
3 1552 1553 1556
3 1555 1556 1553
3 1090 1557 1076
3 1066 1094 1557
3 1094 1130 2416
3 1558 1937 2418
3 1076 1559 1092
3 2418 1559 1558
3 1572 1560 1569
3 1570 1127 1568
3 884 2220 897
3 1561 897 2220
3 989 1564 2833
3 1039 1015 1562
3 986 1563 981
3 1562 1563 989
3 1048 1564 1035
3 2833 1564 1050
3 1915 2160 2162
3 2050 2045 2054
3 1129 1017 1566
3 1017 1567 1568
3 2078 2082 2069
3 1569 1567 2228
3 1567 1569 1568
3 1568 1569 1570
3 2228 1572 1569
3 1570 1130 1127
3 1560 2417 1569
3 1569 2417 1570
3 2084 2068 2069
3 1965 1956 1959
3 1941 1943 1945
3 2440 2754 1869
3 1122 1573 1099
3 1574 1087 1079
3 1079 1089 2231
3 2498 4488 1089
3 1578 1575 821
3 1582 1579 1578
3 1584 821 2234
3 1596 2241 2505
3 2498 2224 1577
3 775 1575 1579
3 821 813 2234
3 1582 1578 1576
3 1578 1579 1575
3 1579 1577 1580
3 2223 2224 2498
3 777 1580 2225
3 2237 2508 1597
3 2238 2235 2236
3 1582 1576 1583
3 1579 1582 1577
3 1586 1585 1589
3 2232 2243 2504
3 821 1584 1578
3 2834 2516 2515
3 2509 2510 1152
3 1596 1593 2506
3 2516 1584 1581
3 1589 1588 1586
3 1593 1589 1591
3 1587 1593 1596
3 2505 1588 1587
3 1583 1576 1588
3 1589 1585 1591
3 1587 1588 1589
3 1591 1594 1590
3 1133 1154 2235
3 2834 1594 1591
3 1591 1590 1593
3 2510 2513 2515
3 2247 2246 2509
3 1595 1593 1590
3 2239 2506 1595
3 2834 1591 1585
3 1594 1592 2507
3 1598 2236 1590
3 1595 2235 2239
3 2240 1148 1134
3 2231 2504 2243
3 2507 2244 2508
3 1590 1594 1598
3 2238 2236 2237
3 815 1146 1599
3 1152 1599 1146
3 1861 2661 2533
3 2244 2507 2527
3 1021 1601 1036
3 1156 1601 1151
3 1093 1155 1602
3 1136 1602 1155
3 1604 1603 49
3 1603 1159 1605
3 1606 1604 49
3 1604 130 1607
3 1609 1605 1159
3 391 1608 2
3 406 1606 49
3 1217 1604 1606
3 130 113 1607
3 146 2996 2250
3 30 1608 391
3 1609 1608 1605
3 1607 1610 1159
3 2251 2252 1609
3 2254 2558 2996
3 1609 1159 2251
3 190 1611 149
3 1612 1611 148
3 119 1612 148
3 1162 1612 101
3 1613 77 1161
3 143 1613 1163
3 3010 2275 2264
3 167 2572 1167
3 2577 91 2998
3 1624 248 1620
3 241 1616 252
3 226 1183 1616
3 348 1617 226
3 2278 1619 1617
3 1628 1621 1623
3 2994 2571 2839
3 2278 1617 314
3 1619 1618 1620
3 1618 1623 1620
3 1629 248 1624
3 1628 1630 1625
3 2550 2540 2554
3 2541 2264 2260
3 2295 2560 2259
3 1618 1630 1628
3 1626 1624 1620
3 1626 1620 1623
3 1624 1622 1627
3 1625 1630 1633
3 1621 1628 1634
3 2547 2842 2588
3 1622 1624 1626
3 2274 2276 2294
3 2276 4493 2294
3 1618 1628 1623
3 2586 2281 1634
3 1624 1627 1629
3 1184 1629 1627
3 1632 1630 1618
3 1633 1630 2279
3 2895 2584 2280
3 2550 2551 2567
3 2278 1618 1619
3 1632 2278 3223
3 2610 2892 2891
3 1200 2608 1660
3 2586 1628 1625
3 2557 3004 2539
3 252 1635 211
3 2284 1635 1184
3 1629 1636 248
3 1635 1636 1184
3 2284 1627 2286
3 1174 2290 1173
3 233 1638 243
3 1185 1638 254
3 2305 2304 294
3 2300 2299 287
3 1186 1639 1641
3 84 1640 2303
3 1641 1639 2304
3 1192 1642 264
3 1643 1642 1189
3 1643 1646 1644
3 1645 1643 1242
3 1646 1643 1189
3 1648 1653 1655
3 1645 1242 1721
3 548 1645 544
3 1189 1191 1646
3 1655 1646 1191
3 137 1649 1178
3 1650 1648 1649
3 1648 1218 1653
3 1191 1647 1648
3 1178 1649 1647
3 1649 137 1650
3 137 143 1650
3 1651 143 74
3 2309 74 124
3 1651 2309 1652
3 1654 1652 99
3 1656 1652 419
3 1656 1218 1652
3 1653 1656 421
3 1158 1654 99
3 419 1654 422
3 1646 1655 1644
3 1648 1655 1191
3 421 1656 419
3 1218 1656 1653
3 269 1194 1657
3 257 1657 1194
3 327 345 1658
3 368 1658 345
3 1666 358 1203
3 1665 1205 2627
3 1658 1660 327
3 2608 1200 1661
3 2310 1200 358
3 2604 2605 1659
3 1663 1662 374
3 1665 1662 1205
3 1664 374 382
3 373 1668 1664
3 4489 2603 4524
3 1664 1671 1663
3 1205 1674 1676
3 358 1666 1667
3 380 1666 1203
3 1666 1665 2593
3 1205 1676 2627
3 2589 1661 2310
3 1671 1673 1663
3 1664 1668 1681
3 1673 1674 1205
3 1672 1670 373
3 1678 1677 1670
3 1662 1673 1205
3 1684 1675 2314
3 375 1672 373
3 2311 381 386
3 3129 2886 3161
3 1677 1668 1670
3 1664 1681 1671
3 2590 1667 2591
3 1683 1681 1685
3 2634 3038 2315
3 1676 1207 2628
3 1670 388 1678
3 1679 1677 2314
3 388 47 1678
3 1683 1682 2632
3 1677 1678 2314
3 1679 1681 1668
3 1684 2314 1678
3 1676 2630 2629
3 1679 1668 1677
3 1676 2629 1207
3 1685 1681 1679
3 1671 1681 1683
3 1685 1682 1683
3 1678 47 1684
3 1679 2314 3041
3 2903 3243 3038
3 1687 1686 17
3 1688 1686 710
3 1690 1687 17
3 1687 1690 1694
3 710 720 1689
3 1846 1688 1261
3 632 639 2316
3 710 1689 1688
3 1692 1690 17
3 1694 1690 715
3 1691 676 698
3 710 1687 1691
3 1210 1692 17
3 27 1693 20
3 1697 715 1696
3 1696 1693 1697
3 716 1694 715
3 1691 1694 676
3 1690 1696 715
3 2317 2318 1700
3 1692 1693 1696
3 3 1698 1699
3 1695 715 1697
3 1697 1700 1695
3 1697 1699 1700
3 1699 1698 1700
3 1698 2317 1700
3 2636 2323 2319
3 1702 1701 405
3 1209 1701 1221
3 1263 1702 405
3 704 1705 709
3 1221 1702 1703
3 709 1703 1702
3 430 1704 533
3 1704 395 1708
3 1707 704 705
3 533 1703 1705
3 2327 536 537
3 1706 2327 2328
3 536 1706 1707
3 704 1707 1706
3 397 1708 395
3 400 1221 1708
3 489 1709 473
3 1225 1709 1226
3 1713 1710 1719
3 1713 1711 1712
3 1710 1713 1712
3 1715 1711 2329
3 541 1719 1710
3 1712 1711 1714
3 2643 1239 2347
3 1764 1769 1768
3 1711 1715 1714
3 1225 1714 1718
3 1716 1224 2329
3 451 1223 1718
3 2352 1711 1713
3 1715 2329 1224
3 1715 1718 1714
3 1715 1224 1717
3 451 1718 1717
3 1240 1719 541
3 2349 1719 521
3 550 1645 1721
3 1235 1720 413
3 1242 2306 2307
3 413 1720 1721
3 542 509 2330
3 2347 1239 2348
3 1736 4483 1727
3 1723 1725 2332
3 1745 1734 1744
3 1730 1728 1724
3 1728 1723 1726
3 1723 1728 1725
3 559 4483 1736
3 1726 1724 1728
3 1246 1776 2356
3 1736 2646 1726
3 1733 1729 1730
3 1730 1732 1728
3 1729 1733 1735
3 1729 1738 1755
3 2645 1733 1730
3 1730 1729 1732
3 2355 2646 2356
3 2334 1254 669
3 1729 1735 1738
3 1755 1749 1756
3 2645 1730 1724
3 2333 1735 1733
3 1734 1743 1739
3 1769 1766 1771
3 2333 1733 1731
3 1734 1739 1738
3 559 1736 554
3 1736 1727 2646
3 1749 1755 1738
3 1739 1749 1738
3 1734 1738 1735
3 1759 1754 1751
3 2335 1743 1745
3 1795 1794 1254
3 1745 1744 2334
3 1765 2346 1763
3 1807 1811 616
3 1748 1741 1761
3 1749 1739 1752
3 1753 1757 1763
3 1745 1743 1734
3 1746 1743 1741
3 1752 1743 1746
3 2639 1742 2638
3 1735 2333 1734
3 669 1737 2335
3 1746 1741 1748
3 1834 1845 1842
3 1832 1812 1825
3 1729 1755 1732
3 1762 2340 1748
3 1739 1743 1752
3 1749 1747 1756
3 1801 1803 1805
3 439 2639 2640
3 2336 1747 1749
3 1746 1748 1754
3 1746 1754 1759
3 1749 1752 2336
3 1759 2638 2336
3 1757 1753 1756
3 1810 1761 1737
3 2340 1754 1748
3 1757 1756 1747
3 1755 1753 2346
3 1755 1756 1753
3 1760 1763 1766
3 1769 1771 2350
3 1801 1805 631
3 1748 1761 1762
3 2336 1752 1759
3 1740 2642 2641
3 1763 1757 2351
3 1760 1764 1770
3 1737 1761 1741
3 1762 1761 1758
3 1825 1833 1832
3 2343 2341 2342
3 1769 1764 1766
3 1763 1760 1765
3 1772 1773 1769
3 1768 1773 1774
3 2347 1765 1760
3 2348 1239 2332
3 2337 2338 1747
3 1764 1768 1775
3 2350 1767 1769
3 1773 462 1774
3 1760 1766 1764
3 2349 1713 1719
3 1764 1775 1770
3 1772 462 1773
3 2643 2349 521
3 2351 1771 1766
3 1757 1747 2338
3 2352 2329 1711
3 1769 1767 1772
3 1769 1773 1768
3 1774 462 1716
3 1713 2349 1775
3 1768 1774 1775
3 1775 1774 2352
3 640 1776 654
3 1777 1776 4484
3 2354 597 1795
3 2354 2355 1777
3 651 1778 615
3 1779 1778 603
3 603 4464 1779
3 636 1252 1779
3 1787 791 1786
3 1278 1824 2644
3 1252 636 1784
3 1781 1252 1782
3 1783 1782 1785
3 1780 1785 1782
3 657 1781 1783
3 1782 1783 1781
3 1780 1782 1784
3 1252 1784 1782
3 1786 1785 1780
3 1278 1783 1785
3 1787 1786 1780
3 1790 1789 1786
3 741 1787 1780
3 791 1787 755
3 768 1892 1791
3 1433 2389 1886
3 1790 1786 791
3 1789 1788 1895
3 1791 791 768
3 1788 1789 1790
3 1896 1889 1892
3 1790 1791 1891
3 1885 1302 1884
3 1791 1792 1891
3 606 1793 583
3 616 1254 1793
3 583 1254 1794
3 2334 1795 1254
3 1744 1731 1795
3 1795 1731 2354
3 1797 1796 629
3 1257 1815 1800
3 686 1797 629
3 1797 685 1798
3 2353 685 657
3 2742 1823 1824
3 1820 1813 1815
3 1737 1811 1809
3 1257 1800 1796
3 1800 1799 1801
3 1803 1801 1799
3 631 671 1801
3 1802 1803 1808
3 1810 1812 1758
3 1799 1813 1808
3 1803 1802 1805
3 1808 1813 1804
3 1836 1840 1421
3 1805 1802 4485
3 1807 631 1805
3 1805 4485 1806
3 1809 1810 1737
3 1809 1807 1806
3 616 631 1807
3 1799 1808 1803
3 1829 1421 1828
3 1810 1809 1806
3 1811 1737 669
3 1812 1810 1806
3 1810 1758 1761
3 616 1811 669
3 1807 1809 1811
3 1808 1817 1802
3 1825 1812 1818
3 1815 1799 1800
3 1813 1799 1815
3 1832 1762 1758
3 1818 4485 1817
3 1822 1815 1257
3 1820 1822 2357
3 1839 1426 1428
3 1804 1813 1816
3 1835 1808 1804
3 1818 1817 1814
3 1825 1818 1826
3 1812 1806 4485
3 1823 1822 1257
3 1824 1823 1798
3 1820 1815 1822
3 1816 1813 1820
3 1826 1821 1825
3 1828 1421 1831
3 1823 1257 1798
3 1822 1819 2357
3 2353 2644 1798
3 1819 1822 1823
3 1278 1789 1895
3 2390 2742 1894
3 1826 1818 1814
3 1825 1821 1833
3 1814 1828 1826
3 1831 1838 1828
3 1834 1827 1833
3 1751 2340 2345
3 1829 1828 1814
3 2358 1831 1421
3 1835 1814 1817
3 1836 1829 1804
3 1834 1842 1750
3 1826 1828 1838
3 2358 1421 1431
3 1837 2385 1843
3 1832 1827 2342
3 1758 1812 1832
3 1834 1833 1821
3 1832 1833 1827
3 1838 1844 1845
3 2343 1834 1750
3 1804 1829 1835
3 1814 1835 1829
3 1816 1836 1804
3 1840 1836 1428
3 2359 1407 2360
3 2382 2361 1420
3 1844 1843 1841
3 1826 1838 1821
3 1426 1839 1816
3 1428 1836 1839
3 1417 1840 1428
3 1421 1840 1431
3 1837 1843 1831
3 2386 2387 1841
3 1834 1821 1845
3 1841 2387 1844
3 1842 1844 1830
3 1838 1843 1844
3 1838 1845 1821
3 1842 1845 1844
3 1264 1846 706
3 1688 1846 1212
3 645 1847 663
3 1848 1847 576
3 574 1848 576
3 1849 1848 713
3 693 1849 713
3 733 1849 680
3 1847 1850 663
3 733 1850 1265
3 2364 726 622
3 1854 1853 1267
3 2363 699 2362
3 1855 1267 1853
3 1270 1851 1853
3 1855 1853 1851
3 1267 2647 2919
3 2368 1860 2653
3 726 1855 1851
3 1855 1852 1857
3 1857 1267 1855
3 2693 2655 2678
3 2940 596 2941
3 1857 2367 2647
3 691 1858 1269
3 2650 1858 1270
3 1282 1859 730
3 735 1859 1280
3 2650 2370 2649
3 2654 2656 1861
3 2653 2371 2652
3 828 2508 2244
3 1297 1862 1295
3 1863 1862 1299
3 1299 1320 2373
3 1305 1863 1304
3 2373 1863 1299
3 1864 2373 2374
3 1935 1937 1558
3 1326 1868 1355
3 1007 972 1866
3 2424 1866 972
3 1867 1340 1334
3 1347 1027 1867
3 2375 1868 1340
3 1940 1939 1943
3 1940 1942 1934
3 1948 1941 1945
3 1871 1870 1367
3 1870 1871 1873
3 1871 1367 1372
3 1352 1875 1387
3 1374 1364 1873
3 1872 1873 1364
3 1871 1381 1875
3 1369 1874 1371
3 1873 1874 1870
3 1873 1875 1374
3 1877 1874 438
3 1390 1392 1876
3 1392 1877 1876
3 2378 1878 2377
3 1390 2380 1392
3 1358 1879 1338
3 1344 1414 1879
3 1378 1880 1410
3 1420 1406 1880
3 2383 2384 2386
3 1880 1378 1881
3 2360 1837 2359
3 1278 1895 2391
3 1792 1888 1887
3 1306 1884 1293
3 1885 1884 1437
3 1886 1885 1437
3 1888 1885 1887
3 1433 1886 1437
3 1886 1883 1887
3 1890 1887 1883
3 1891 1887 1890
3 1888 1792 1889
3 1302 1885 1888
3 1892 1889 1792
3 1893 1889 1896
3 1894 1890 1883
3 1824 2391 1894
3 1891 1788 1790
3 1792 1887 1891
3 1791 1892 1792
3 768 790 1896
3 830 1893 802
3 832 1889 1893
3 1883 2388 1894
3 1894 2388 2390
3 1788 1890 1895
3 2391 1890 1894
3 1896 802 1893
3 768 1896 1892
3 867 859 1897
3 1441 1897 859
3 1548 1898 992
3 1898 1051 1347
3 1318 4481 1900
3 867 1444 1899
3 1901 1900 858
3 867 1899 1900
3 864 1901 858
3 867 1901 849
3 1905 1482 1143
3 1490 1902 1483
3 1904 1903 1080
3 1905 1903 1483
3 1906 1904 1080
3 1483 1904 1492
3 1902 1905 1483
3 1064 1905 1143
3 1081 1906 1080
3 1906 1555 1907
3 1908 1555 957
3 1492 1907 1491
3 1490 1492 1910
3 1555 1908 1907
3 1492 1491 1909
3 1909 1910 1492
3 1466 1911 1471
3 1461 1480 1911
3 1468 1513 1912
3 1495 1912 1513
3 1479 2394 1927
3 1530 2172 2147
3 1924 1925 2393
3 2401 2405 2402
3 2140 2130 2129
3 2758 2979 1982
3 1506 1504 1917
3 1534 1502 1916
3 1539 1917 1504
3 1485 1919 1920
3 1917 1918 1506
3 1506 1920 1522
3 1920 1919 1522
3 1485 1920 1918
3 1479 1927 1922
3 1929 1928 2743
3 1510 1921 1923
3 1921 1516 1922
3 1922 1923 1921
3 1924 1913 1925
3 1510 1924 1517
3 1913 1927 1929
3 2218 2801 2832
3 2747 1531 1529
3 1922 1927 1923
3 2744 1926 4487
3 1913 1923 1927
3 2394 1928 1929
3 1913 1929 2396
3 2157 2147 2172
3 2139 2135 2178
3 1537 1931 990
3 1540 1931 1536
3 1933 1932 1094
3 1559 1932 1558
3 1570 2417 2416
3 1934 1935 1938
3 1934 1938 1940
3 2422 2423 1951
3 1933 2416 1938
3 1937 1935 1934
3 1933 1094 2416
3 1936 4486 1940
3 1934 1942 2423
3 1086 2418 972
3 1933 1938 1935
3 1936 2417 4486
3 1939 1952 1946
3 1948 1950 1941
3 1936 1940 1938
3 1942 1940 1943
3 1944 1945 1946
3 2419 1355 1868
3 1941 1950 1951
3 972 1937 2422
3 1946 1945 1943
3 1941 1942 1943
3 1954 1944 1946
3 1956 1984 1960
3 1946 1943 1939
3 1944 1962 1948
3 1939 4486 1952
3 1972 2426 1970
3 1958 1944 1954
3 1949 2421 2419
3 1944 1948 1945
3 1947 2750 1950
3 2421 2750 2020
3 2420 1951 1949
3 1947 1950 1948
3 1950 1949 1951
3 1949 2419 2420
3 2424 972 2422
3 1572 2425 1560
3 1954 1955 1953
3 1953 1969 1964
3 1962 1944 1958
3 1952 2425 1957
3 1953 1959 1958
3 2425 1955 1957
3 1571 2426 1972
3 1959 1956 1958
3 1978 1956 1965
3 1952 1957 1946
3 1955 1954 1957
3 1953 1958 1954
3 1958 1956 1960
3 1964 1959 1953
3 1965 1964 1967
3 1978 1984 1956
3 1981 2018 2019
3 1974 1971 1966
3 2432 1971 1976
3 1958 1960 1962
3 1947 1962 1960
3 2010 1994 2004
3 1986 2012 1981
3 1970 1969 1953
3 1967 1964 1961
3 1964 1965 1959
3 1963 1980 1978
3 1975 2452 1974
3 1969 1971 1964
3 2004 1979 2009
3 1965 1967 1963
3 1979 2431 2009
3 1379 2436 1327
3 1970 1953 1955
3 1969 1966 1971
3 1970 1955 1972
3 1966 1969 1970
3 1974 1966 1975
3 1974 1976 1971
3 2425 1972 1955
3 1572 1571 1972
3 2023 2046 2028
3 1979 1963 1967
3 1975 1966 2426
3 1974 1973 1976
3 2061 2083 2100
3 2084 2069 2082
3 2034 2044 2031
3 1985 1980 1963
3 2752 1996 2430
3 1026 2000 1998
3 1963 1978 1965
3 1989 1978 1980
3 2431 1967 1961
3 1987 1991 1988
3 1985 1963 1979
3 1986 2006 2012
3 1984 1989 1981
3 1947 1960 2441
3 1993 1997 1996
3 1990 1989 1980
3 1960 1984 1981
3 1988 2003 2005
3 2027 2023 2024
3 1994 1993 1985
3 1990 1980 1987
3 2005 2006 1986
3 1993 1991 1987
3 2752 1995 1999
3 1987 1985 1993
3 1986 1990 2005
3 1985 1987 1980
3 1981 1989 1986
3 2021 2022 2008
3 1986 1989 1990
3 2438 2017 2439
3 2000 2007 1998
3 1990 1987 1988
3 1994 1985 1979
3 2008 1988 2007
3 2032 2004 2009
3 2429 2428 2002
3 1997 1993 1994
3 1996 1991 1993
3 1994 1979 2004
3 2000 1992 2007
3 2430 1996 1997
3 1997 2029 2430
3 1996 1998 1991
3 1026 1998 1999
3 2025 2030 2035
3 1991 1998 2007
3 2024 2026 2029
3 1997 1994 2010
3 2428 1995 2002
3 2015 2003 2011
3 2004 2001 2010
3 1988 2005 1990
3 2006 2005 2003
3 2011 2003 2022
3 2014 2012 2006
3 2008 2007 1992
3 1991 2007 1988
3 2022 2021 1968
3 2003 1988 2008
3 2432 2009 2431
3 2032 2030 2001
3 2024 2010 2001
3 1997 2010 2029
3 2437 2433 2011
3 2435 2017 2433
3 2015 2014 2006
3 2016 2018 2014
3 2013 2439 2440
3 2018 1981 2012
3 2006 2003 2015
3 2014 2013 2016
3 2011 2433 2017
3 2014 2015 2438
3 2443 2440 2442
3 2020 1947 2441
3 2017 1379 2427
3 2014 2438 2013
3 2014 2018 2012
3 2019 2018 2016
3 2019 2016 2020
3 1960 1981 2019
3 2016 2442 2020
3 2444 2376 2751
3 2436 2435 1983
3 2008 1992 2021
3 2003 2008 2022
3 2027 2030 2025
3 1977 2428 2429
3 2001 2030 2027
3 2026 2024 2023
3 2035 2033 2038
3 2027 2034 2023
3 2026 2023 2028
3 2029 2026 2002
3 2001 2027 2024
3 2041 2044 2025
3 2023 2034 2046
3 2447 2028 2046
3 2029 2002 2430
3 2024 2029 2010
3 2001 2004 2032
3 2030 2032 2033
3 2025 2035 2037
3 2041 2040 2062
3 2445 2009 2432
3 2033 2032 2445
3 2039 2446 1973
3 2451 2038 2039
3 2044 2027 2025
3 2046 2756 2447
3 2030 2033 2035
3 2035 2038 2037
3 2033 2039 2038
3 2049 2053 2040
3 2042 2037 2036
3 2025 2037 2041
3 2445 2446 2033
3 2036 2037 2038
3 2063 2052 2054
3 2058 2067 2073
3 2047 2040 2042
3 2047 2049 2040
3 2042 2041 2037
3 2040 2053 2062
3 2450 2036 2449
3 2041 2042 2040
3 2757 2448 2055
3 2447 2976 2028
3 2044 2034 2027
3 2448 2044 2041
3 2067 2449 2073
3 2055 2057 2056
3 2756 2034 2031
3 1977 2028 2976
3 2450 2042 2036
3 2045 2050 2049
3 2066 2056 2051
3 2059 2049 2099
3 2045 2049 2047
3 2055 2056 3052
3 2067 2058 2063
3 2050 2099 2049
3 2074 2077 2052
3 2065 3053 2066
3 2048 2053 2059
3 2048 2072 2065
3 2059 2072 2048
3 2062 2053 2051
3 2045 2067 2063
3 2098 2116 2115
3 3053 2056 2066
3 2075 2759 2064
3 2051 2057 2062
3 2050 2054 2064
3 2051 2053 2048
3 2044 2448 2031
3 2061 2078 2079
3 2106 2097 2102
3 2094 2064 2052
3 2058 2078 2069
3 2454 2457 2072
3 2059 2053 2049
3 2066 2048 2065
3 3064 3251 2060
3 2064 2099 2050
3 2062 2057 2448
3 2045 2063 2054
3 2058 2069 2074
3 2048 2066 2051
3 2077 2098 2094
3 2074 2052 2063
3 2079 2078 2058
3 2059 2454 2072
3 2055 2070 2757
3 2450 2045 2047
3 2451 2073 2449
3 2068 2074 2069
3 2068 2088 2091
3 2065 2462 3059
3 2071 2108 2098
3 2072 2462 2065
3 2453 2074 2068
3 2052 2064 2054
3 2230 2105 2229
3 3052 3058 2979
3 2056 2057 2051
3 1973 2081 2039
3 2083 2061 2079
3 2058 2074 2063
3 2123 2127 2120
3 2087 2090 2088
3 2464 2096 2775
3 2453 2091 2071
3 2064 2094 2075
3 2079 2058 2073
3 2046 2034 2756
3 2073 2081 2079
3 2466 2082 2078
3 2079 2081 2083
3 2080 2082 2466
3 2102 2085 2092
3 2039 2081 2073
3 2452 2083 2081
3 2466 2078 2061
3 2082 2080 2084
3 2452 2081 1973
3 2464 1975 1571
3 2087 2092 2085
3 2068 2084 2088
3 2086 2090 2093
3 2084 2080 2087
3 2111 2085 2102
3 2108 2114 2103
3 2101 2104 2080
3 2090 2087 2085
3 2087 2088 2084
3 2091 2088 2086
3 2100 2101 2061
3 2468 1123 2469
3 2093 2090 2085
3 2088 2090 2086
3 2123 2122 2118
3 2071 2077 2453
3 2080 2092 2087
3 2089 2106 2102
3 2170 2156 2168
3 2128 2124 2132
3 2052 2077 2094
3 2098 2077 2071
3 2458 2455 2456
3 2059 2095 2454
3 2465 2228 2229
3 2105 2089 2104
3 2106 2110 2097
3 2093 2085 2111
3 2118 2112 2114
3 2113 2460 2115
3 2064 2095 2099
3 2059 2099 2095
3 2083 2452 2775
3 2100 2096 2101
3 2105 2101 2096
3 2092 2104 2089
3 2089 2102 2092
3 2097 2107 2111
3 2479 2777 2131
3 2094 2115 2075
3 2080 2104 2092
3 2105 2104 2101
3 2465 2096 2464
3 2230 1017 2109
3 2109 2106 2089
3 2106 2469 2110
3 2175 2776 2170
3 2143 2137 2133
3 2071 2118 2114
3 2108 2103 2116
3 2105 2467 2089
3 1123 2468 1017
3 1014 2470 1123
3 2110 1123 2470
3 2097 2111 2102
3 2093 2111 2107
3 2112 2118 2122
3 2103 2114 2121
3 2117 2113 2116
3 2456 2454 2095
3 2071 2114 2108
3 2112 2125 2121
3 2094 2098 2115
3 2116 2098 2108
3 2117 2116 2103
3 2115 2116 2113
3 2121 2131 2103
3 2764 2766 2762
3 2071 2091 2118
3 2086 2127 2123
3 2122 2124 2112
3 2117 2103 2131
3 2134 2129 2132
3 2125 2119 2121
3 2112 2121 2114
3 2480 2119 2478
3 2123 2118 2091
3 2124 2122 2120
3 2086 2123 2091
3 2120 2122 2123
3 2145 2149 2153
3 2135 2137 2144
3 2112 2128 2125
3 2125 2128 2130
3 2119 2477 2478
3 2761 2764 2762
3 2086 2093 2127
3 2153 2127 2093
3 2112 2124 2128
3 2132 2130 2128
3 2149 2145 2148
3 2485 2178 2151
3 2139 2140 2129
3 2125 2130 2477
3 2119 2131 2121
3 2131 2119 2480
3 2152 2134 2132
3 2129 2130 2132
3 2156 2141 2168
3 2136 2137 2135
3 2152 2132 2124
3 2137 2136 2134
3 2142 1523 1930
3 2129 2136 2139
3 2137 2134 2133
3 2135 2151 2178
3 2143 2133 2148
3 2143 2141 2146
3 2151 2135 2144
3 2119 2125 2477
3 2135 2139 2136
3 2139 2138 2140
3 2188 2138 2186
3 2194 2195 2140
3 2146 2154 2142
3 2146 2155 2154
3 2161 2165 2159
3 2181 2180 2166
3 2133 2149 2148
3 2146 2144 2137
3 2146 2137 2143
3 2142 2165 1523
3 2482 2093 2107
3 2148 2169 2143
3 2146 2141 2155
3 2142 2144 2146
3 2184 2147 2157
3 2198 2209 2202
3 2134 2152 2133
3 2148 2145 2169
3 2124 2120 2149
3 2149 2120 2153
3 2156 2150 2155
3 2176 2156 2170
3 2142 2151 2144
3 1930 1523 2166
3 2124 2149 2152
3 2133 2152 2149
3 2127 2153 2120
3 2153 2093 2482
3 2150 2159 2154
3 2167 2174 1915
3 2156 2155 2141
3 2154 2155 2150
3 2163 2168 2169
3 2501 2160 2176
3 2154 2165 2142
3 2164 2151 1930
3 2140 2138 2194
3 1930 2166 2180
3 2160 2159 2150
3 2161 2159 1915
3 2176 2150 2156
3 2160 2501 2162
3 2183 2181 2166
3 1523 2165 2158
3 2177 1034 1048
3 2173 1532 2167
3 2482 2145 2153
3 2175 2170 2163
3 2177 1048 1088
3 2186 2138 2178
3 2159 2165 2154
3 1531 2172 1530
3 1535 2409 4491
3 2161 2147 2158
3 1530 2167 1532
3 1915 2162 2167
3 2169 2168 2141
3 2170 2168 2163
3 2169 2141 2143
3 2169 2145 2482
3 2482 2483 2163
3 2176 2170 2484
3 2180 2164 1930
3 2178 2138 2139
3 2158 2165 2161
3 2157 2189 2184
3 2162 1034 2177
3 1532 2173 990
3 2167 1530 2174
3 2147 2174 1530
3 2097 2476 2107
3 2110 2473 2097
3 2176 1565 2227
3 2150 2176 2160
3 2164 2485 2151
3 2162 2177 2173
3 2485 2171 2182
3 2190 2201 2200
3 2199 2203 2190
3 2158 2183 2166
3 2171 2164 2180
3 2190 2181 2179
3 2180 2181 2203
3 2196 2802 2493
3 2171 2203 2208
3 2147 2183 2158
3 2179 2181 2183
3 2179 2183 2184
3 2147 2184 2183
3 2179 2184 2189
3 2187 2788 2193
3 2485 2186 2178
3 2186 2182 2803
3 2478 2195 2787
3 2193 2195 2194
3 2182 2171 2208
3 2138 2188 2194
3 2409 2403 2414
3 2396 2402 1925
3 2200 2201 2198
3 2190 2185 2199
3 2802 2803 2494
3 2193 2194 2188
3 2187 2196 2492
3 2493 2192 2197
3 2210 2800 2207
3 1046 2197 2192
3 2203 2199 2208
3 2193 2196 2187
3 2802 2193 2188
3 2195 2478 2477
3 2197 2492 2493
3 2486 2492 2197
3 2197 1046 2486
3 2746 2209 2213
3 2185 2200 2202
3 2185 2207 2199
3 2804 2795 2494
3 2201 2190 2179
3 2202 2200 2198
3 2179 2189 2201
3 2189 2198 2201
3 2209 2198 2213
3 2218 2796 2799
3 2180 2203 2171
3 2190 2203 2181
3 2185 2210 2207
3 2204 2212 2211
3 2208 2207 2211
3 2212 2795 2211
3 1913 2396 1925
3 2215 2202 2209
3 2210 2185 2202
3 2211 2207 2204
3 2207 2208 2199
3 2182 2208 2205
3 2213 2198 2189
3 2215 2209 2206
3 2217 2210 2202
3 2214 2496 2217
3 2192 2798 2793
3 2208 2211 2205
3 2187 2492 2486
3 2799 2797 2204
3 2414 2411 2415
3 2404 1925 2402
3 2809 2206 2805
3 2988 2214 2809
3 2809 2214 2215
3 2215 2214 2217
3 2396 2397 2401
3 2828 2809 2805
3 2215 2217 2202
3 2206 2809 2215
3 2797 2796 2191
3 2217 2496 2801
3 991 2219 1142
3 892 1561 2219
3 879 2497 884
3 2221 2220 2497
3 2221 2225 2224
3 2223 1079 2222
3 1561 2221 2222
3 2223 2222 2221
3 2223 2221 2224
3 1079 2223 1089
3 2225 2221 879
3 1577 2224 1580
3 777 2225 879
3 1580 2224 2225
3 2226 2499 2500
3 2502 2503 2227
3 2501 2227 1034
3 2502 2227 1565
3 2228 1567 2229
3 1571 1572 2228
3 2230 2229 1567
3 2096 2229 2105
3 1017 2230 1567
3 2230 2109 2467
3 1089 4488 2504
3 1574 1079 2231
3 2232 2504 2505
3 2240 1596 1148
3 1579 2233 775
3 777 2233 1580
3 1152 2234 813
3 1584 2234 1581
3 2239 2235 1150
3 2235 1595 2236
3 1590 2236 1595
3 2237 2236 1598
3 2237 1598 2508
3 2238 1133 2235
3 1149 2239 1150
3 2237 1597 2238
3 2506 1148 1596
3 2242 1134 1029
3 2505 2241 2232
3 1596 2240 2241
3 1134 2242 2240
3 1029 1574 2242
3 2243 2242 1574
3 2231 2243 1574
3 2241 2243 2232
3 2523 2834 2515
3 2525 2511 2514
3 2246 2517 2514
3 2508 1598 2507
3 2515 1581 2512
3 2520 2521 2518
3 2514 2517 2519
3 50 2248 30
3 1603 2248 42
3 146 2250 113
3 2569 2571 2260
3 1610 1607 2250
3 1159 1610 2251
3 2252 2251 1610
3 91 93 2561
3 2994 2995 2993
3 2273 169 2539
3 2869 174 2859
3 147 2560 2295
3 102 3005 2542
3 2270 81 164
3 3017 2865 2866
3 3002 2254 2577
3 2255 2269 2293
3 2548 2264 2541
3 169 2567 2551
3 90 168 2573
3 2273 2567 169
3 2291 1171 2288
3 2286 1637 2284
3 1621 1634 2588
3 2543 3002 2542
3 2256 2276 2566
3 2256 2997 2271
3 2538 123 150
3 2839 2571 2569
3 177 138 91
3 168 90 112
3 1615 2571 2558
3 145 2572 167
3 2291 2295 2296
3 3013 2270 164
3 2547 2588 172
3 2255 2256 147
3 2560 2268 2259
3 81 1165 2271
3 2255 2295 2269
3 145 85 2573
3 2290 1171 1173
3 168 1167 2572
3 1626 2258 1622
3 2545 164 2272
3 1165 147 2271
3 2545 2583 2857
3 2555 2840 2266
3 2559 2863 2862
3 3086 2537 2995
3 2576 3001 2539
3 2256 2255 4493
3 2258 1626 2842
3 2253 2850 3011
3 2543 2541 2568
3 2552 2265 2561
3 2266 2274 2841
3 2291 2288 2269
3 2297 2289 2277
3 3223 2278 314
3 1618 2278 1632
3 1632 2279 1630
3 350 1633 2279
3 2606 1661 2605
3 3023 4492 2580
3 1625 1633 2619
3 2607 2610 2890
3 2582 2539 169
3 2549 3260 2548
3 215 1635 2284
3 2285 2283 1637
3 1627 2284 1184
3 1637 2283 2284
3 2285 1637 2287
3 212 2285 1174
3 2289 2286 1627
3 2292 2288 2287
3 2292 1637 2286
3 4493 2293 2277
3 1171 2287 2288
3 1637 2292 2287
3 1627 1622 2289
3 2294 1622 2274
3 2285 2290 1174
3 1171 2290 2287
3 2295 2291 2269
3 2291 189 1172
3 2297 2286 2289
3 2292 2297 2293
3 2269 2288 2293
3 2292 2293 2288
3 2277 2289 2294
3 1622 2294 2289
3 2293 4493 2255
3 2296 2295 2259
3 2262 2296 2259
3 189 2291 2296
3 2293 2297 2277
3 2286 2297 2292
3 2304 2298 302
3 2300 2298 1639
3 2302 2300 287
3 1639 1186 2299
3 2298 2300 297
3 318 342 2301
3 2300 2302 297
3 303 2302 342
3 2303 299 1185
3 1640 1641 2303
3 2298 2304 1639
3 2304 302 298
3 2303 2305 299
3 2304 2305 1641
3 2306 421 2307
3 1242 1644 2306
3 2308 421 76
3 413 1721 2307
3 413 2308 415
3 421 2308 2307
3 1652 2309 99
3 74 2309 1651
3 358 1667 2310
3 2589 2310 1667
3 1670 2311 388
3 381 2311 1672
3 2312 2597 2591
3 2312 2591 2593
3 1682 1685 2634
3 1207 2633 2603
3 1675 2903 3041
3 3038 3243 3246
3 3879 3880 3873
3 1688 2316 1261
3 632 2316 1689
3 1698 725 2317
3 2318 2317 725
3 2635 712 2907
3 1700 2318 2320
3 2321 2319 2323
3 2318 725 2321
3 2321 2323 2318
3 725 2319 2321
3 2636 2319 724
3 2732 2708 2715
3 2635 2912 3042
3 2325 2323 2322
3 2320 2318 2323
3 2636 724 2950
3 2673 2682 2648
3 2950 3047 2636
3 2325 2324 2908
3 2706 1856 2936
3 1267 1857 2647
3 2328 2327 517
3 536 2327 1706
3 532 2328 517
3 1705 2328 533
3 1774 1716 2329
3 509 1244 2330
3 2331 2330 1244
3 1239 1722 2331
3 2330 2331 1722
3 2331 2332 1239
3 1723 2332 1244
3 1731 1744 2333
3 1734 2333 1744
3 1745 2334 669
3 1795 2334 1744
3 1743 2335 1741
3 669 2335 1745
3 1752 1746 1759
3 2336 2638 2337
3 2337 2641 2642
3 1740 1771 2642
3 2642 2351 1757
3 1762 2341 2340
3 2339 2341 2343
3 2344 2345 2341
3 2342 2341 1762
3 439 1751 2345
3 1832 2342 1762
3 2342 1827 2343
3 1834 2343 1827
3 1750 2339 2343
3 2341 2345 2340
3 2341 2339 2344
3 439 2345 2344
3 1755 2346 1732
3 1763 2346 1753
3 1760 1770 2347
3 2643 2347 1770
3 1732 2348 1725
3 2347 2348 1765
3 2643 521 1722
3 1775 2349 1770
3 1763 2351 1766
3 1771 1740 2350
3 2642 1757 2338
3 1775 2352 1713
3 2329 2352 1774
3 2644 1783 1278
3 1798 685 2353
3 2355 2354 1731
3 2354 1777 4484
3 2645 1731 1733
3 2355 2645 2646
3 1246 2356 1727
3 1776 1777 2356
3 1820 2357 1816
3 2390 2357 1819
3 2359 2358 1431
3 1831 2358 1837
3 2360 1407 1415
3 2358 2359 1837
3 1415 2361 2360
3 2360 2361 2383
3 1420 2361 1415
3 2384 2382 1882
3 2363 2362 1852
3 699 2940 2366
3 2364 2363 1852
3 699 2363 607
3 726 2364 1852
3 2364 728 642
3 2722 2724 2713
3 2366 2367 1857
3 699 2366 2362
3 2367 2366 2365
3 2718 2727 2728
3 2727 2721 2716
3 1285 2368 1286
3 2369 2368 1271
3 1272 2369 1271
3 2649 2369 1273
3 2661 1861 2660
3 1860 2649 2651
3 1286 2368 2653
3 2735 2371 2737
3 1408 1438 2739
3 1864 1414 2372
3 2374 2373 1316
3 1863 2373 1864
3 1345 2374 1316
3 1879 2374 1338
3 1866 2375 1027
3 2375 1865 2749
3 2421 2751 2419
3 2970 2376 1869
3 2378 2377 1385
3 1397 2377 1878
3 1389 2378 1385
3 2379 2380 1390
3 2381 1378 1410
3 1392 2380 2378
3 1878 2378 2380
3 1378 2381 2379
3 1878 2381 1410
3 2361 2382 2384
3 2382 1419 1882
3 1255 2384 1882
3 2383 2386 2385
3 2361 2384 2383
3 1843 2385 1841
3 1837 2383 2385
3 2387 1830 1844
3 1841 2385 2386
3 2389 2388 1883
3 2386 1255 2387
3 2390 2388 1429
3 1886 2389 1883
3 2389 1433 1435
3 2741 2390 1429
3 1819 1823 2742
3 1278 2391 1824
3 1890 2391 1895
3 1518 2392 1535
3 1501 1914 2392
3 1924 2393 1517
3 1925 1914 2393
3 2400 2821 2399
3 1927 2394 1929
3 2397 2399 2401
3 2397 1929 2743
3 1929 2397 2396
3 2395 2399 2397
3 2405 2408 2403
3 2399 2395 4487
3 2806 2822 2825
3 2399 4487 2400
3 2399 2398 2401
3 2990 2817 2824
3 2218 2799 2801
3 2405 2407 2408
3 1914 2404 2409
3 2396 2401 2402
3 2404 2402 2405
3 2407 2405 2401
3 2745 2213 2189
3 2409 2404 2403
3 1914 1925 2404
3 2813 2407 2401
3 2403 2404 2405
3 2805 2206 2410
3 2412 2413 2411
3 2813 2401 2398
3 2407 2406 2408
3 2410 2408 2406
3 2412 2408 2413
3 2408 2412 2403
3 1914 2409 1535
3 2816 2815 2811
3 2206 2209 2746
3 2157 2747 2975
3 2412 2414 2403
3 2413 2408 2410
3 2412 2411 2414
3 2746 2410 2206
3 2745 2413 2213
3 2745 2975 2411
3 2409 2414 4491
3 2747 2157 2172
3 2748 1529 1527
3 1570 2416 1130
3 1938 2416 1936
3 4486 2417 1560
3 2416 2417 1936
3 2418 1012 1559
3 972 2418 1937
3 2749 2420 2419
3 2750 2421 1949
3 2749 2419 1868
3 2420 2749 2424
3 2020 2442 2444
3 1355 2751 2376
3 1937 1934 2423
3 2424 2422 1951
3 1951 2423 1942
3 1937 2423 2422
3 2420 2424 1951
3 2424 1865 1866
3 1560 2425 1952
3 1972 2425 1572
3 2426 1966 1970
3 1571 1975 2426
3 2427 1370 2439
3 1382 2427 1379
3 2026 2028 2429
3 2002 2026 2429
3 1977 2429 2028
3 1995 2430 2002
3 1998 2752 1999
3 1967 2431 1979
3 2432 2431 1961
3 1971 2432 1961
3 2445 2432 1976
3 2437 2434 2433
3 2435 2433 1983
3 2437 2022 1968
3 1983 2433 2434
3 2017 2435 1379
3 2022 2437 2011
3 2435 2436 1379
3 1968 2434 2437
3 2011 2438 2015
3 2017 2427 2439
3 2440 2439 1370
3 2013 2438 2439
3 2753 2440 1370
3 1869 2442 2440
3 1960 2019 2441
3 2020 2441 2019
3 2442 2016 2443
3 2444 2442 1869
3 2016 2013 2443
3 2440 2443 2013
3 2376 2444 1869
3 2020 2444 2421
3 2009 2445 2032
3 2446 2445 1976
3 1973 2446 1976
3 2039 2033 2446
3 2062 2448 2041
3 2758 2977 2756
3 2055 2448 2057
3 2067 2045 2450
3 2451 2449 2036
3 2450 2047 2042
3 2067 2450 2449
3 2038 2451 2036
3 2073 2451 2039
3 1974 2452 1973
3 1975 2464 2775
3 2074 2453 2077
3 2068 2091 2453
3 2095 2759 2456
3 2456 2457 2454
3 2460 2461 2458
3 2774 3253 3252
3 2095 2064 2759
3 2455 2773 2456
3 2459 2462 2463
3 2072 2457 2462
3 2460 2075 2115
3 2461 2113 2760
3 2457 2773 2463
3 3080 3073 3069
3 2461 2460 2113
3 2460 2458 2759
3 2760 2762 2461
3 2458 2461 2772
3 2463 2462 2457
3 2462 2459 3059
3 2763 2774 2766
3 3254 2459 2463
3 1571 2228 2465
3 2775 2096 2100
3 2096 2465 2229
3 1571 2465 2464
3 2061 2101 2466
3 2080 2466 2101
3 2230 2467 2105
3 2109 2089 2467
3 2469 1123 2110
3 2109 1017 2468
3 2106 2109 2469
3 2468 2469 2109
3 1014 2471 2470
3 1098 2472 2471
3 1008 2471 1014
3 2499 2472 1098
3 2475 2776 2474
3 2473 2474 2476
3 2471 2473 2470
3 2473 2472 2474
3 2475 2474 2472
3 2476 2474 2175
3 2472 1565 2475
3 2484 2776 1565
3 2476 2175 2483
3 2473 2476 2097
3 2130 2140 2477
3 2195 2477 2140
3 2491 2987 2789
3 2481 2987 2480
3 2481 2480 2478
3 2987 2780 2479
3 2131 2480 2479
3 2788 2488 2787
3 2491 2792 2987
3 2483 2482 2107
3 2169 2482 2163
3 2476 2483 2107
3 2163 2483 2175
3 2484 2170 2776
3 1565 2176 2484
3 2171 2485 2164
3 2186 2485 2182
3 2490 2489 2487
3 2488 2789 2787
3 2187 2486 2488
3 2488 2490 2789
3 2486 2489 2490
3 2490 2487 2491
3 2486 1046 2489
3 2486 2490 2488
3 2785 2791 2126
3 2792 2785 2778
3 2493 2492 2196
3 2802 2196 2193
3 2493 2494 2794
3 2182 2205 2804
3 2205 2211 2795
3 884 2497 2220
3 2807 2828 2805
3 879 2221 2497
3 2809 2828 2988
3 2223 2498 1089
3 1577 1582 4488
3 2500 2499 1039
3 2472 2499 2226
3 1039 1562 2500
3 2833 2500 1562
3 2501 1034 2162
3 2176 2227 2501
3 2472 2502 1565
3 2503 2502 2226
3 2500 2503 2226
3 1050 2227 2503
3 1089 2504 2231
3 2505 2504 1583
3 1588 2505 1583
3 1596 2505 1587
3 1595 2506 1593
3 1148 2506 2239
3 1594 2507 1598
3 2527 2507 1592
3 2509 1146 2536
3 2508 2245 1597
3 2510 2509 2246
3 2510 2246 2513
3 2512 2510 2515
3 2511 2513 2514
3 2511 2525 2527
3 2234 2512 1581
3 1152 2510 2512
3 2514 2513 2246
3 2515 2513 2511
3 2517 2246 2247
3 2535 2837 2529
3 2523 2515 2511
3 2516 1585 1586
3 1584 2516 1586
3 1581 2515 2516
3 2520 2517 2247
3 2520 2519 2517
3 2521 2520 2247
3 2674 2677 2518
3 2518 2677 2680
3 2529 2522 2526
3 2247 2536 2521
3 2520 2518 2917
3 2531 2524 2530
3 2530 2532 2521
3 2526 2522 2525
3 2244 2522 2837
3 2527 2523 2511
3 1592 1594 2834
3 818 2736 814
3 2532 2674 2521
3 2526 2525 2514
3 2527 2525 2522
3 2514 2519 2526
3 2992 2835 2836
3 2244 2527 2522
3 2523 2527 1592
3 2680 2687 2835
3 2836 2528 2529
3 2837 828 2244
3 2531 2530 800
3 2532 2530 2524
3 1145 2531 800
3 2531 814 2738
3 2737 2524 2738
3 2532 2524 2533
3 1861 2656 2660
3 2533 2663 2532
3 2992 2526 2519
3 2917 2680 2519
3 2521 2536 800
3 2529 2528 2535
3 2509 2536 2247
3 2296 2538 189
3 123 2538 2262
3 2276 2266 2566
3 2582 172 2557
3 174 2869 2876
3 2849 183 2851
3 2569 2275 3087
3 172 1175 2547
3 152 2553 81
3 172 2588 2557
3 2861 3374 3006
3 183 2551 2550
3 169 170 2582
3 2568 2260 1615
3 3084 173 176
3 171 2564 167
3 2543 2542 2556
3 145 2564 173
3 173 2552 145
3 3003 2588 1634
3 2843 2540 2567
3 2295 2255 147
3 2854 2860 2845
3 3257 3085 3256
3 4539 2540 174
3 1175 172 2582
3 2562 2544 2546
3 152 2850 2553
3 2253 2849 2850
3 3002 2577 102
3 2552 93 1164
3 2858 2857 2583
3 2548 2574 3261
3 2546 2544 2553
3 173 2564 176
3 2859 174 2843
3 1622 2258 2841
3 2843 2567 2273
3 2570 2556 2542
3 2547 2258 2842
3 3017 2272 1614
3 2544 2272 2553
3 2566 3011 2997
3 2256 2271 147
3 170 169 2551
3 2260 2571 1615
3 2272 164 81
3 2580 4492 2576
3 1614 2854 2865
3 2841 2258 2555
3 2846 3014 2257
3 2556 2570 2563
3 2549 2543 2556
3 2844 2562 2546
3 2265 3083 116
3 2568 2541 2260
3 3005 102 116
3 2561 93 2552
3 2855 2257 171
3 2258 2547 2555
3 2553 2272 81
3 3015 3092 3097
3 1615 2254 3002
3 1175 2840 2555
3 2876 3009 2554
3 2574 2548 3260
3 2568 3002 2543
3 2844 2851 2853
3 2260 2275 2569
3 167 1167 2267
3 2840 1175 170
3 2253 2266 2840
3 1614 2272 2544
3 2276 2274 2266
3 2266 2841 2555
3 2551 2575 170
3 2550 2554 141
3 2281 2624 2626
3 2261 175 1167
3 2576 2581 2580
3 2624 1625 2619
3 1659 2589 2590
3 2267 171 167
3 1659 2595 2604
3 2549 2541 2543
3 2576 3004 2581
3 2580 2578 3023
3 4490 1631 2281
3 2580 2581 2901
3 3098 3099 3085
3 1164 145 2552
3 3260 2556 2563
3 2855 171 2267
3 2887 350 3024
3 2280 2612 2895
3 2595 1659 2590
3 2598 2894 2604
3 1628 2586 1634
3 1625 2281 2586
3 2280 2607 2611
3 2626 2624 2587
3 3003 1634 1631
3 2575 2840 170
3 2590 2589 1667
3 1661 2589 1659
3 2867 2879 2884
3 2616 2614 2613
3 2593 2591 1667
3 4489 2597 2602
3 2597 2596 2599
3 2595 2600 2592
3 1666 2593 1667
3 2312 2593 1665
3 2629 2633 1207
3 2601 2888 3224
3 2599 2590 2591
3 2592 2598 2604
3 2600 2596 2888
3 2590 2599 2595
3 2602 2597 2312
3 2597 2594 2888
3 2620 2613 2615
3 2611 2612 2280
3 2597 2599 2591
3 2599 2596 2600
3 2599 2600 2595
3 2600 2888 2601
3 4183 3863 4186
3 2871 3101 2881
3 2628 2602 2312
3 1207 2603 4489
3 2630 2905 2313
3 3864 3504 3862
3 2592 2604 2595
3 2894 2605 2604
3 2606 2605 2585
3 1661 1659 2605
3 2607 2606 2585
3 2608 347 1660
3 2893 2611 2607
3 2607 2280 2610
3 1661 2606 2608
3 2608 2606 2890
3 2617 2893 2894
3 2609 2617 2615
3 3025 2584 2887
3 346 2891 337
3 2893 2607 2585
3 2612 2611 2609
3 2614 2612 2609
3 2895 2616 2619
3 2614 2615 2613
3 2620 2623 2613
3 2615 2614 2609
3 2616 2613 2587
3 2897 2617 2598
3 2896 2620 2615
3 2619 2616 2587
3 2612 2614 2616
3 2893 2617 2609
3 4504 2620 2621
3 3126 3128 2886
3 2882 3242 3037
3 2619 2587 2624
3 1633 2584 2895
3 2896 2615 2617
3 3234 2623 2618
3 2621 2896 2897
3 2592 3027 2900
3 3035 3233 2902
3 2578 2580 2901
3 2618 2623 2620
3 2587 2623 2622
3 2626 2587 3035
3 2281 1625 2624
3 2902 2901 2625
3 2625 2901 4490
3 3035 2587 2622
3 2626 2625 4490
3 2628 2627 1676
3 1665 2627 2312
3 2602 2628 1207
3 2627 2628 2312
3 2630 1676 1674
3 2313 2631 2633
3 1674 2632 2630
3 2905 2904 3877
3 3406 3409 3411
3 3393 3394 3409
3 2632 1674 1671
3 2905 2632 1682
3 2313 2633 2629
3 2603 2633 2631
3 2634 1685 3040
3 4189 2906 2315
3 2320 2908 2635
3 2325 2670 2324
3 3248 2955 3050
3 2323 2636 2322
3 2637 2945 2952
3 2681 2701 2673
3 1759 1751 2640
3 1742 2337 2638
3 439 2640 1751
3 2638 1759 2640
3 2638 2640 2639
3 2351 2642 1771
3 2337 1742 2641
3 2337 2642 2338
3 2349 2643 1770
3 1239 2643 1722
3 1798 2644 1824
3 1783 2644 2353
3 2646 2645 1724
3 1731 2645 2355
3 2646 1724 1726
3 2356 2646 1727
3 2936 2367 2706
3 2647 2936 2919
3 2691 2682 2671
3 2935 2934 2692
3 2650 2649 1273
3 2651 2649 2370
3 2650 1273 1858
3 1854 2919 2650
3 2655 2657 2659
3 2654 2371 2653
3 2653 2652 1286
3 2735 2652 2371
3 1860 2651 2653
3 2654 1861 2737
3 2651 2657 2653
3 2657 2655 2656
3 2651 2370 2668
3 2669 2668 2370
3 2657 2656 2654
3 2660 2656 3043
3 2653 2657 2654
3 2657 2651 2659
3 2668 2648 2659
3 2521 2674 2518
3 2668 2659 2651
3 2698 2694 2704
3 3043 2656 2655
3 2660 2658 2661
3 2661 2658 2664
3 2533 2661 2663
3 2662 2664 2666
3 2688 2683 2680
3 2664 2663 2661
3 2662 2688 2675
3 2693 2678 2689
3 2664 2662 2675
3 2655 2659 2678
3 2691 2689 2682
3 2921 2664 2658
3 2935 2667 2934
3 2686 2687 2683
3 2662 2666 2667
3 2705 2701 2681
3 2918 2669 2370
3 2679 2676 2683
3 2673 2671 2682
3 2669 2918 2920
3 2648 2668 2669
3 2731 2729 2730
3 2662 2667 2679
3 2673 2648 2669
3 2922 2923 2692
3 2717 2722 2713
3 2920 2673 2669
3 2532 2663 2674
3 2675 2674 2663
3 2664 2675 2663
3 2667 2665 2679
3 2665 2676 2679
3 1600 2835 2687
3 2675 2677 2674
3 2679 2688 2662
3 2648 2678 2659
3 2678 2648 2682
3 2703 2699 2701
3 2667 643 2665
3 2687 2686 1600
3 2534 2835 1600
3 2689 2678 2682
3 2688 2680 2677
3 2689 2690 2693
3 2695 2689 2691
3 2685 2691 2698
3 2929 2685 4495
3 2836 2835 2534
3 2683 2676 2686
3 2680 2683 2687
3 2688 2677 2675
3 2679 2683 2688
3 2666 2921 2934
3 2923 2693 2690
3 2685 2929 2695
3 2923 2933 2692
3 2671 2699 2698
3 2695 2691 2685
3 2921 2692 2934
3 2693 2922 3043
3 2692 2921 2922
3 2694 2698 2699
3 2938 2709 2700
3 2698 2704 4495
3 2689 2695 2690
3 2932 2926 2925
3 2695 2696 2924
3 2933 2925 2928
3 2935 643 2667
3 2671 2698 2691
3 2694 2939 2714
3 2671 2701 2699
3 2701 2705 2703
3 2928 2697 2935
3 2711 2700 2704
3 2673 2701 2671
3 2719 2705 2706
3 2723 2722 2717
3 2714 2939 2710
3 2710 2703 2702
3 2699 2703 2939
3 2714 2715 2694
3 2937 2326 2938
3 2706 2705 2681
3 2702 2703 2705
3 2706 2681 2920
3 2719 2717 2702
3 2710 2716 2707
3 2716 2721 2707
3 2730 2707 2721
3 2711 2708 2962
3 2696 2929 2931
3 2700 2930 4495
3 2702 2717 2716
3 2710 2707 2714
3 2715 2704 2694
3 2732 3044 2942
3 2954 2952 2953
3 2716 2717 2713
3 2707 2730 2732
3 2909 2913 2915
3 2711 2715 2708
3 2715 2711 2704
3 2732 2715 2714
3 2702 2716 2710
3 2910 2911 2909
3 2702 2705 2719
3 2723 2720 2722
3 2729 2944 2734
3 2734 2942 3044
3 2706 2367 2719
3 2367 2365 2725
3 2725 2726 2916
3 2913 2909 2724
3 2727 2716 2713
3 2730 2721 2731
3 2723 2717 2719
3 2724 2722 2720
3 2367 2723 2719
3 2725 2723 2367
3 2916 625 2914
3 2969 2670 2733
3 2726 2725 2365
3 2720 2723 2725
3 2726 2365 2940
3 625 2912 2914
3 2911 2713 2724
3 2718 2721 2727
3 2727 2713 2911
3 2670 2728 2910
3 2729 3045 2944
3 2708 2732 2942
3 2731 2721 2718
3 2729 3044 2730
3 2969 2718 2728
3 2731 2718 2733
3 2958 2957 2326
3 2714 2707 2732
3 3047 3046 2670
3 2946 2734 2944
3 3045 2731 2733
3 2947 2712 2951
3 2654 2737 2371
3 2531 2738 2524
3 824 2735 2736
3 814 2736 2735
3 1861 2533 2737
3 2524 2737 2533
3 814 2735 2738
3 2737 2738 2735
3 1306 2739 1438
3 1864 2739 1304
3 2754 2440 2753
3 1342 2973 1349
3 1430 2741 1429
3 1426 2390 2741
3 1894 2742 1824
3 1819 2742 2390
3 2744 2743 1928
3 2397 2743 2395
3 2189 2157 2975
3 2743 2744 2395
3 2413 2745 2411
3 2213 2413 2746
3 2410 2746 2413
3 2748 2747 1529
3 2747 2415 2975
3 4491 1512 1535
3 2747 2748 2415
3 2375 2749 1868
3 2424 2749 1865
3 1950 2750 1949
3 2020 2750 1947
3 2419 2751 1355
3 2444 2751 2421
3 1996 2752 1998
3 1995 2752 2430
3 1375 2753 1370
3 2740 2753 1349
3 2753 2740 2754
3 2970 2754 2740
3 2031 2757 2756
3 2043 2755 2976
3 2756 2757 2758
3 2757 2031 2448
3 2757 2070 2758
3 2979 2758 2070
3 2043 2977 2978
3 2460 2759 2075
3 2456 2759 2458
3 2113 2117 2760
3 2762 2760 2779
3 2777 2117 2131
3 2984 2981 2983
3 2779 2760 2117
3 2763 2764 2767
3 2770 2984 2983
3 2461 2762 2766
3 2780 2765 2761
3 2764 2763 2766
3 2780 2778 2765
3 2768 2782 2076
3 2774 2773 2455
3 2772 2455 2458
3 2761 2767 2764
3 2786 2784 2765
3 2982 3253 2763
3 2761 2765 2784
3 2771 2985 2984
3 2076 2770 2983
3 2768 2983 2982
3 2461 2766 2772
3 2768 2763 2767
3 2766 2455 2772
3 2456 2773 2457
3 2774 2455 2766
3 2763 2768 2982
3 2773 2774 3252
3 2083 2775 2100
3 1975 2775 2452
3 2474 2776 2175
3 2776 2475 1565
3 2491 2791 2792
3 2762 2779 2761
3 2784 2782 2767
3 2780 2761 2779
3 2117 2777 2779
3 2780 2779 2777
3 2479 2780 2777
3 2782 2784 2781
3 2782 2768 2767
3 2778 2785 2786
3 2785 2126 2783
3 2076 2782 2781
3 2786 2781 2784
3 2761 2784 2767
3 2783 2786 2785
3 2792 2791 2785
3 2786 2765 2778
3 2781 2786 2783
3 2478 2787 2481
3 2788 2787 2195
3 2193 2788 2195
3 2187 2488 2788
3 2789 2481 2787
3 2490 2491 2789
3 2491 2790 2791
3 2491 2487 2790
3 2126 2791 2790
3 2780 2792 2778
3 2987 2479 2480
3 2212 2798 2794
3 2794 2798 2493
3 2212 2191 2793
3 2798 2212 2793
3 2212 2794 2795
3 2494 2795 2794
3 2191 2212 2797
3 2192 2493 2798
3 2212 2204 2797
3 2799 2796 2797
3 2204 2800 2799
3 2800 2210 2801
3 2207 2800 2204
3 2210 2217 2801
3 2801 2496 2832
3 2799 2800 2801
3 2803 2802 2188
3 2493 2802 2494
3 2186 2803 2188
3 2804 2803 2182
3 2795 2804 2205
3 2803 2804 2494
3 2406 2808 2410
3 2811 2808 2406
3 2807 2805 2808
3 2398 2820 2811
3 2805 2410 2808
3 2216 2988 2825
3 2407 2813 2406
3 2807 2808 2815
3 2822 2806 2818
3 2825 2822 2810
3 2216 2825 2810
3 2821 2814 2820
3 2807 2815 2806
3 2496 3082 1528
3 3082 2496 2214
3 2398 2811 2813
3 2406 2813 2811
3 2989 2830 2827
3 2806 2815 2816
3 2808 2811 2815
3 2811 2820 2816
3 2816 2819 2818
3 2806 2816 2818
3 2819 2816 2814
3 2827 2830 2991
3 2823 2495 2818
3 2819 2824 2826
3 2818 2826 2823
3 2821 2820 2398
3 2816 2820 2814
3 2399 2821 2398
3 2821 2400 2829
3 2807 2825 2828
3 2822 2495 2810
3 2826 2824 2817
3 2826 2818 2819
3 2825 2988 2828
3 2825 2807 2806
3 2824 2819 2829
3 2817 2823 2826
3 2990 2989 5
3 2814 2829 2819
3 2821 2829 2814
3 2216 2812 2988
3 2831 2991 1926
3 2824 2829 2830
3 2991 2829 2400
3 989 2833 1562
3 2831 2827 2991
3 2496 1528 2832
3 2503 2833 1050
3 2834 1585 2516
3 1592 2834 2523
3 2519 2680 2835
3 2528 2836 2534
3 2529 2526 2992
3 2529 2837 2522
3 828 2837 2535
3 2838 2993 2995
3 1609 2993 2
3 2577 2254 146
3 146 177 2577
3 167 2564 145
3 1626 1621 2842
3 1622 2841 2274
3 2588 2842 1621
3 2559 2862 2273
3 2868 2859 2862
3 2850 2849 2844
3 141 2851 183
3 1614 2562 2854
3 2562 2844 2853
3 2855 2856 2846
3 2846 2857 2858
3 3008 3009 2872
3 3090 2264 2548
3 2870 2880 2863
3 3008 3299 3012
3 183 2849 2575
3 2850 2844 2546
3 2553 2850 2546
3 3011 2850 152
3 2851 3089 2853
3 2849 2851 2844
3 2554 3007 141
3 4539 2876 2554
3 3089 2851 141
3 2853 2852 2860
3 2860 2854 2562
3 2865 2854 3375
3 2856 2855 2267
3 2257 2855 2846
3 3013 2267 175
3 2856 3013 2545
3 2846 2856 2857
3 2545 2857 2856
3 2565 3006 3300
3 3084 4497 2999
3 2862 2859 2843
3 2848 2871 2869
3 2853 2860 2562
3 2860 2852 3362
3 3091 3339 3300
3 2853 3089 2852
3 2273 2862 2843
3 4492 2863 2559
3 2870 2863 2579
3 2868 2863 2880
3 2864 2869 2871
3 3310 3307 2864
3 3375 2854 2845
3 3006 2866 2861
3 2583 2545 2866
3 3017 2866 2545
3 2879 2882 2873
3 2867 2870 2879
3 2859 2868 2848
3 2862 2863 2868
3 2848 2869 2859
3 2877 2876 2869
3 3022 2882 2879
3 2870 2867 2874
3 2868 2880 2848
3 3100 2874 2867
3 3315 3110 3106
3 3012 3009 3008
3 4505 4506 3236
3 2881 3101 3102
3 3119 3114 3116
3 2874 3019 3020
3 3124 3121 3127
3 2864 2871 2881
3 2877 2869 2864
3 2876 2872 3009
3 3310 3105 3307
3 2872 2876 2877
3 3167 3380 3102
3 3346 3676 3340
3 3022 2870 2579
3 2879 2885 2884
3 2870 2874 2880
3 2848 2880 2874
3 2871 2848 3020
3 3227 3221 3226
3 3023 2882 3022
3 2902 2578 2901
3 2882 3037 2873
3 3226 3225 3028
3 2885 2879 2873
3 3018 3113 3111
3 2885 3148 3128
3 2884 2885 3128
3 2899 2900 2898
3 2897 2899 4507
3 2891 2892 337
3 2280 3025 2610
3 2597 2888 2596
3 3224 2888 2594
3 3398 3403 3448
3 3120 3131 3135
3 2608 2890 347
3 2607 2890 2606
3 2890 2891 347
3 2892 2610 2887
3 2887 339 2892
3 340 2892 339
3 2611 2893 2609
3 2894 2893 2585
3 2605 2894 2585
3 2598 2617 2894
3 2616 2895 2612
3 1633 2895 2619
3 2897 2896 2617
3 2620 2896 2621
3 2592 2899 2598
3 2897 2598 2899
3 3029 3028 3225
3 3326 3240 3229
3 2900 2899 2592
3 4507 2898 4505
3 3031 3028 3030
3 2900 3027 3029
3 4490 2901 2581
3 2902 2625 3035
3 3036 3233 3234
3 2902 3037 3242
3 2903 3040 3041
3 1680 3243 4494
3 3246 3247 4190
3 3869 3875 3867
3 2632 2905 2630
3 2906 1682 2634
3 2904 2905 2906
3 1682 2906 2905
3 716 2907 712
3 1695 2635 2907
3 2325 2908 2320
3 2909 2908 2324
3 2910 2909 2324
3 2912 2913 2914
3 2670 2910 2324
3 2911 2910 2728
3 2727 2911 2728
3 2724 2909 2911
3 3042 2912 625
3 2915 2635 2908
3 2914 2913 2724
3 2915 2913 2912
3 2724 2720 2914
3 2916 2914 2720
3 2635 2915 2912
3 2909 2915 2908
3 2725 2916 2720
3 625 2916 2726
3 2520 2917 2519
3 2518 2680 2917
3 2918 2370 2650
3 2920 2918 1856
3 1267 2919 1854
3 1856 2918 2919
3 2706 2920 1856
3 2673 2920 2681
3 2664 2921 2666
3 2922 2921 2658
3 2658 2660 3043
3 2922 2693 2923
3 2690 2924 2923
3 2925 2933 2924
3 2695 2924 2690
3 2925 2924 2696
3 2932 2672 2926
3 2925 2684 2928
3 2927 2672 2931
3 2684 2925 2926
3 2927 2931 2930
3 2672 2932 2931
3 2933 2928 2935
3 2695 2929 2696
3 2698 4495 2685
3 2709 2930 2700
3 2930 2709 2927
3 2930 2931 2929
3 2925 2696 2932
3 2931 2932 2696
3 2933 2923 2924
3 2928 2684 2697
3 2666 2934 2667
3 2935 2692 2933
3 643 2935 2697
3 2919 2936 1856
3 2367 2936 2647
3 2962 2963 2958
3 2700 2711 2937
3 2699 2939 2694
3 2937 2938 2700
3 2710 2939 2703
3 2366 2940 2365
3 596 2940 699
3 625 2726 2941
3 2940 2941 2726
3 2945 2637 2968
3 2964 2963 2956
3 2947 2951 2959
3 3045 2729 2731
3 2945 2949 2952
3 2962 2958 2937
3 2949 2712 2947
3 2943 2946 2944
3 2943 2960 2946
3 2953 2947 2946
3 2712 2948 2951
3 2947 2953 2952
3 2734 2946 2959
3 2966 2961 2637
3 2956 2951 2948
3 2959 2946 2947
3 2947 2952 2949
3 2960 3048 2954
3 3046 2965 2733
3 2966 2637 2954
3 2960 2954 2953
3 2952 2954 2637
3 2733 2670 3046
3 2967 2966 2954
3 2958 2326 2937
3 2959 2942 2734
3 2964 2958 2963
3 2948 2957 2964
3 2951 2956 2959
3 2942 2959 2956
3 2946 2960 2953
3 3048 2943 2965
3 2968 2961 4
3 2954 3048 2967
3 2711 2962 2937
3 2963 2962 2708
3 2708 2942 2963
3 2956 2963 2942
3 2948 2964 2956
3 2957 2958 2964
3 2965 2943 3045
3 724 3249 2950
3 2961 2966 3050
3 724 3049 3249
3 3050 2967 3248
3 2670 2969 2728
3 2961 2968 2637
3 2733 2718 2969
3 2754 2970 1869
3 2971 2970 2740
3 2972 2971 2740
3 1343 2376 2971
3 2973 2740 1349
3 2972 1350 2974
3 2973 1342 1253
3 2740 2973 2972
3 1350 1360 3051
3 1343 2974 1322
3 2411 2975 2415
3 2189 2975 2745
3 2043 2976 2447
3 1977 2976 2755
3 2756 2977 2447
3 2978 2977 2758
3 2070 3052 2979
3 2758 1982 2978
3 3058 4499 2979
3 3069 3072 3070
3 3059 3054 2065
3 3068 3252 2986
3 2768 2076 2983
3 2982 2981 3253
3 2984 2770 2771
3 2981 2982 2983
3 2985 2771 2769
3 2984 2985 2986
3 2769 3065 2985
3 2984 2986 2981
3 3067 2985 3065
3 2986 3067 3068
3 2987 2481 2789
3 2780 2987 2792
3 2812 1528 3082
3 2829 2991 2830
3 2830 2989 2824
3 2989 2990 2824
3 2991 2400 4487
3 2835 2992 2519
3 2529 2992 2836
3 2994 2993 2252
3 2838 2 2993
3 2571 2994 2252
3 2994 2839 2995
3 2839 3087 3086
3 2537 2838 2995
3 2250 2996 1610
3 2254 2996 146
3 2271 2997 152
3 2256 2566 2997
3 2577 2998 102
3 2561 2998 91
3 3014 3015 2257
3 2570 3328 3257
3 3000 3258 2249
3 2537 3086 4503
3 2559 3001 2576
3 2273 2539 3001
3 2542 3002 102
3 1615 3002 2568
3 3004 3003 1631
3 2588 3003 2557
3 2581 3004 1631
3 2539 3004 2576
3 116 3083 3328
3 2570 2542 3005
3 2570 3256 2563
3 3819 3814 3816
3 3089 3007 3012
3 3310 2864 2881
3 3094 3296 3295
3 2866 3006 2583
3 3012 3299 2852
3 3672 3813 3090
3 3090 3010 2264
3 3259 3258 3088
3 2997 3011 152
3 2253 3011 2566
3 3009 3012 3007
3 2872 3307 3306
3 2270 3013 175
3 2545 3013 164
3 2846 2858 3014
3 3014 2858 3093
3 2858 2583 2565
3 3007 3089 141
3 3375 3301 3374
3 3309 3008 3306
3 2272 3017 2545
3 2865 3017 1614
3 3315 3176 3173
3 3177 3176 3115
3 3104 2874 3100
3 3019 3103 3102
3 2874 3020 2848
3 3101 3020 3019
3 3109 3176 3106
3 3306 3008 2872
3 2870 3022 2879
3 3023 3022 2579
3 3023 2579 4492
3 3242 3023 2578
3 1632 3223 350
3 339 2887 3024
3 2584 3025 2280
3 2887 2610 3025
3 2603 4186 4524
3 3030 3029 3027
3 2600 3027 2592
3 3030 2601 3224
3 4498 3028 3031
3 2900 3029 3034
3 3030 3027 2601
3 3225 3034 3029
3 3224 3031 3030
3 3028 3029 3030
3 2889 4498 3026
3 3028 4498 3032
3 3194 3193 3208
3 3112 3115 3117
3 3133 3135 3131
3 3123 2883 3125
3 3156 2875 3150
3 2898 2900 3228
3 2626 3035 2625
3 3233 3035 2622
3 3237 3238 3155
3 3162 3148 3149
3 3233 3037 2902
3 2873 3149 3148
3 3040 3038 2634
3 2903 4494 3243
3 4194 1669 3889
3 1680 3244 3243
3 3041 3040 1685
3 3038 3040 2903
3 1679 3041 1685
3 1675 3041 2314
3 650 3042 625
3 2635 3042 712
3 2693 3043 2655
3 2658 3043 2922
3 2730 3044 2732
3 2734 3044 2729
3 2965 3045 2733
3 2944 3045 2943
3 2670 2325 3047
3 2965 3046 2950
3 2636 3047 2322
3 2950 3046 3047
3 2943 3048 2960
3 2965 2967 3048
3 2961 3050 2955
3 2950 3249 2965
3 1322 3051 1348
3 2966 2967 3050
3 1350 3051 2974
3 2055 3052 2070
3 3053 3052 2056
3 3057 3058 3052
3 2065 3054 3053
3 4500 3055 4499
3 3057 3052 3053
3 3054 3056 3062
3 2459 3061 3250
3 3060 3058 3057
3 3054 3057 3053
3 3251 3055 3060
3 3071 3254 3068
3 2979 4499 1982
3 3054 3059 3250
3 3057 3062 3060
3 3063 3251 3062
3 3072 2980 3065
3 3054 3250 3056
3 3054 3062 3057
3 3062 3056 3063
3 3077 3056 3250
3 2980 3072 3073
3 2060 3079 4501
3 3064 3055 3251
3 3067 3065 2980
3 3068 3067 2980
3 3065 2769 3070
3 2985 3067 2986
3 3071 3068 2980
3 3252 3068 2463
3 3066 6 3075
3 3061 3071 3073
3 2769 3066 3070
3 3074 3070 3066
3 3073 3071 2980
3 3254 3061 2459
3 3070 3072 3065
3 3072 3069 3073
3 3081 3074 3075
3 3080 3069 3081
3 3077 3080 3076
3 3069 3070 3074
3 3063 3076 2060
3 3077 3076 3063
3 3075 3074 3066
3 3069 3074 3081
3 3056 3077 3063
3 3061 3073 3077
3 4502 3255 3078
3 3080 3081 4502
3 3080 3077 3073
3 2060 3076 3079
3 3255 3081 3075
3 3076 3080 3079
3 4502 3078 4501
3 2214 2988 3082
3 2812 3082 2988
3 2265 173 3084
3 2999 3257 3328
3 4497 176 2257
3 2999 3083 3084
3 3085 3257 4496
3 3006 2565 2583
3 2839 3086 2995
3 4503 3087 3088
3 3088 2275 3010
3 3087 2275 3088
3 3088 3258 4503
3 3099 2563 3256
3 3009 3007 2554
3 3092 3015 3093
3 3261 3090 2548
3 3016 3339 3296
3 3278 3277 3280
3 3097 3096 3302
3 3014 3093 3015
3 2565 3093 2858
3 3264 3266 3262
3 3092 3016 3096
3 3099 3331 3329
3 3097 3098 3015
3 3295 3296 3294
3 3302 3096 3094
3 3096 3097 3092
3 3098 3097 3095
3 3098 3095 3376
3 3098 3085 4496
3 3099 3098 3376
3 3262 3266 3268
3 2884 3122 3147
3 3018 3103 3104
3 3020 3101 2871
3 3102 3101 3019
3 3019 3104 3103
3 3385 3102 3110
3 3106 3103 3018
3 3102 3103 3110
3 2874 3104 3019
3 3018 3104 3100
3 3109 3111 3107
3 3136 3121 3134
3 3018 3111 3109
3 3129 2875 3156
3 3107 3111 3116
3 3385 3316 3693
3 3357 3350 3354
3 3209 3305 3141
3 3018 3109 3106
3 3107 3117 3115
3 3106 3110 3103
3 2875 3163 3327
3 3113 3018 3100
3 3116 3111 3119
3 3143 3142 3107
3 3118 3146 3021
3 3147 3100 2867
3 2883 3123 3122
3 3114 3119 3123
3 3157 3135 3132
3 3107 3115 3109
3 3659 3661 3325
3 3119 3111 3113
3 3142 3143 3120
3 3117 3107 3142
3 3144 3117 3142
3 3318 3183 3317
3 3238 3241 3155
3 3122 3119 3113
3 3119 3122 3123
3 3123 3130 3114
3 3136 3138 3132
3 3159 3383 3172
3 3139 3185 3211
3 3147 3122 3113
3 2883 3122 2884
3 3125 3126 3124
3 3126 3129 3124
3 3130 3131 3114
3 3127 3130 3125
3 3126 3125 2883
3 3125 3124 3127
3 3128 3126 2883
3 3126 2886 3129
3 3133 3136 3132
3 3184 3204 3170
3 2884 3128 2883
3 2885 2873 3148
3 3161 3162 3155
3 3164 3124 3156
3 3125 3130 3123
3 3131 3130 3127
3 3133 3131 3127
3 3143 3131 3120
3 3121 3124 3164
3 3151 3157 3140
3 3127 3121 3136
3 3133 3132 3135
3 3156 3124 3129
3 3118 3312 3146
3 3132 3138 3140
3 3165 3151 3158
3 3127 3136 3133
3 3312 3138 3136
3 3146 3134 3164
3 3144 3152 3117
3 3312 3136 3134
3 3185 3137 3317
3 3498 3485 3321
3 3159 3168 3305
3 3185 3138 3137
3 3140 3139 3151
3 3211 3205 3139
3 3419 3847 3205
3 3143 3107 3116
3 3144 3142 3120
3 3116 3114 3143
3 3131 3143 3114
3 3165 3120 3135
3 3144 3141 3152
3 3159 3172 3313
3 4068 4407 4324
3 3166 3212 3732
3 3408 3454 3734
3 3100 3147 3113
3 2884 3147 2867
3 2873 3037 3149
3 2886 3128 3148
3 3037 3036 3149
3 3149 3237 3162
3 3163 2875 3129
3 3108 3654 3656
3 3151 3154 3158
3 3144 3158 3141
3 3692 3701 3314
3 3117 3152 3112
3 3377 3306 3105
3 3137 3138 3312
3 3115 3112 3153
3 3153 3112 3172
3 3235 3036 3234
3 3230 3034 3231
3 3129 3161 3163
3 3164 3156 3150
3 3140 3157 3132
3 3165 3157 3151
3 3165 3158 3144
3 3151 3139 3697
3 3154 3417 3158
3 3211 3185 3696
3 3690 3379 3377
3 3153 3169 3177
3 3162 3161 2886
3 3161 3155 3163
3 3148 3162 2886
3 3149 3036 3237
3 3230 2898 3228
3 3150 2875 3108
3 3662 3146 3164
3 3164 3134 3121
3 3120 3165 3144
3 3165 3135 3157
3 3847 3423 3397
3 3422 3180 3404
3 3313 3152 3168
3 3179 3390 3425
3 3152 3141 3168
3 3305 3168 3141
3 3662 3164 3150
3 3112 3313 3172
3 3208 3179 3404
3 3175 3698 3204
3 3175 3701 3692
3 3423 4020 3397
3 3153 3172 3706
3 3177 3178 3386
3 3316 3385 3315
3 3745 3737 3174
3 3474 3492 3434
3 3139 3140 3185
3 3141 3417 3209
3 3109 3115 3176
3 3177 3115 3153
3 3177 3169 3723
3 3176 3177 3173
3 3383 3702 3706
3 3377 3105 3690
3 3696 3419 3211
3 3118 3812 3319
3 3159 3175 3692
3 3730 3212 3213
3 4246 3210 3855
3 3444 3399 3174
3 3317 3183 3396
3 3495 3507 3520
3 3187 3190 3186
3 4020 4514 3397
3 3190 3183 3188
3 3697 3205 3418
3 3185 3140 3138
3 3186 3194 3195
3 3190 3192 3186
3 3213 3189 3402
3 3319 3183 3318
3 3696 3729 3419
3 3108 3232 3654
3 3197 3201 3203
3 3194 3186 3192
3 3436 3694 3733
3 3183 3190 3187
3 3664 3192 3190
3 3199 3198 3196
3 3198 3193 3196
3 3664 3190 3188
3 3196 3194 3192
3 3194 3196 3193
3 3197 3219 3198
3 3196 3192 3191
3 3390 3208 3193
3 3194 3208 3195
3 3213 3396 3730
3 3201 3197 3199
3 3196 3191 3199
3 3207 3215 3216
3 3197 3215 3219
3 3203 3215 3197
3 3160 3182 3427
3 3191 3660 3201
3 3198 3199 3197
3 3660 3659 3200
3 3326 3108 3240
3 3191 3201 3199
3 3651 3203 3201
3 3221 3220 3650
3 3216 3220 3222
3 3651 3201 3200
3 3202 3216 3215
3 3198 3320 3193
3 4514 3154 3418
3 3419 3205 3211
3 3408 3415 3850
3 3440 3443 3473
3 3449 3494 3484
3 3216 3222 3207
3 3186 3195 3732
3 3208 3390 3179
3 3423 4031 4020
3 3968 3184 4261
3 3210 4248 3422
3 3166 3732 3195
3 3418 3205 3397
3 3390 3320 3425
3 3696 3185 3317
3 3425 3393 3395
3 3174 3437 3181
3 3470 3531 3541
3 3416 3464 3405
3 3450 3446 3433
3 3184 3209 3413
3 3202 3215 3203
3 3207 3217 3219
3 3220 3221 3218
3 3216 3202 3220
3 3311 3434 3483
3 3320 3391 3393
3 3653 2889 3509
3 3653 3032 4498
3 3207 3219 3215
3 3198 3219 3217
3 3220 3202 3650
3 3222 3220 3218
3 3203 3651 3202
3 3226 3324 3225
3 3652 3222 3218
3 3444 3462 3206
3 349 3223 314
3 350 3223 3024
3 4524 3224 2594
3 3031 3224 3026
3 3028 3032 3226
3 3033 3034 3225
3 3227 3226 3032
3 3324 3226 3221
3 3653 3227 3032
3 3221 3227 3218
3 2900 3034 3228
3 3230 3228 3034
3 3155 3241 3163
3 3238 3237 3235
3 3231 3034 3033
3 3230 3229 4506
3 3231 3033 3232
3 3229 3230 3231
3 3657 3663 3655
3 3325 3654 3655
3 3234 3233 2622
3 3037 3233 3036
3 2623 3234 2622
3 3234 2618 3235
3 2618 4504 3235
3 3235 3236 3238
3 4504 3236 3235
3 4504 4505 3236
3 3162 3237 3155
3 3036 3235 3237
3 3236 3239 3238
3 3240 3241 3239
3 4506 3239 3236
3 3239 3229 3240
3 3229 3231 3326
3 3108 3327 3240
3 3239 3241 3238
3 3163 3241 3240
3 3023 3242 2882
3 2902 3242 2578
3 3039 4193 3247
3 1680 3039 3244
3 3038 3246 2315
3 3451 3456 3405
3 3447 3412 3513
3 3243 3244 3246
3 3247 3246 3244
3 3039 3247 3244
3 4512 4190 3245
3 2965 3248 2967
3 3049 2955 3248
3 3049 3248 3249
3 2965 3249 3248
3 2459 3250 3059
3 3077 3250 3061
3 3062 3251 3060
3 2060 3251 3063
3 3252 2463 2773
3 2986 3252 2981
3 3253 2774 2763
3 2981 3252 3253
3 3068 3254 2463
3 3061 3254 3071
3 3257 3256 2570
3 3075 6 3255
3 3099 3256 3085
3 3328 2570 3005
3 3257 2999 4496
3 4503 3258 3000
3 3259 3088 3010
3 3263 3672 3261
3 3259 3813 3814
3 2556 3260 2549
3 3329 3260 2563
3 3266 2574 3329
3 3264 3263 3261
3 3275 3263 3262
3 3261 2574 3264
3 3267 3271 3268
3 3666 3275 3335
3 3260 3329 2574
3 3263 3264 3262
3 3303 3304 3279
3 3268 3271 3270
3 2574 3266 3264
3 3330 3268 3266
3 3278 3279 3277
3 3273 3285 3674
3 3330 3266 3265
3 3267 3276 3271
3 3289 3274 3288
3 3262 3268 3270
3 3270 3333 3275
3 3262 3270 3275
3 3276 3273 3271
3 3271 3273 3282
3 3278 3276 3267
3 3684 3287 3290
3 3283 3280 3274
3 3276 3280 3286
3 3831 3675 3334
3 3333 3335 3275
3 3270 3271 3282
3 3270 3282 3333
3 3278 3267 3279
3 3285 3286 3290
3 3293 3338 3681
3 3286 3280 3283
3 3268 3330 3267
3 3280 3276 3278
3 3265 3331 3279
3 3302 3303 3376
3 3276 3286 3273
3 3681 3682 3281
3 3670 3671 3669
3 3285 3675 3674
3 3277 3304 3291
3 3292 3274 3289
3 3280 3288 3274
3 3684 3286 3283
3 3837 3274 3292
3 3684 3283 3837
3 3285 3273 3286
3 3292 3293 3281
3 3361 3351 3360
3 3366 3337 3301
3 3682 3681 3272
3 3288 3280 3277
3 3291 3288 3277
3 3295 3291 3094
3 2847 3290 3287
3 3288 3291 3298
3 3292 3289 3342
3 3281 3683 3837
3 3291 3295 3298
3 3343 3293 3342
3 3374 3301 3337
3 3288 3298 3289
3 3296 3094 3096
3 3295 3294 3297
3 3096 3016 3296
3 3016 3300 3339
3 3297 3344 3343
3 3292 3342 3293
3 3295 3297 3298
3 3298 3297 3342
3 3365 3362 3299
3 2860 3362 2845
3 2565 3300 3016
3 3006 3091 3300
3 3362 3365 3364
3 3339 3091 3337
3 3303 3302 3094
3 3097 3302 3095
3 3094 3291 3304
3 3303 3279 3331
3 3279 3304 3277
3 3094 3304 3303
3 3209 3170 3305
3 3305 3170 3698
3 3307 2872 2877
3 3310 3380 3381
3 2864 3307 2877
3 3105 3306 3307
3 3361 3349 3348
3 3377 3309 3306
3 3839 3363 3371
3 3368 3373 3309
3 2881 3380 3310
3 3385 3693 3167
3 3405 3466 3451
3 3469 3458 3459
3 3146 3312 3134
3 3137 3312 3118
3 3152 3313 3112
3 3159 3313 3168
3 3715 3705 3712
3 3702 3383 3384
3 3176 3315 3106
3 3315 3173 3316
3 3173 3386 3316
3 3388 3316 3386
3 3318 3317 3137
3 3457 3395 3398
3 3137 3118 3318
3 3319 3318 3118
3 3812 3118 3021
3 3183 3319 3188
3 3217 3391 3198
3 3320 3198 3391
3 3453 3431 3461
3 3448 3408 3854
3 3658 3325 3655
3 3232 3657 3655
3 3490 3499 3501
3 3477 3484 3494
3 3221 3650 3663
3 3225 3324 3033
3 3325 3658 3659
3 3661 3662 3656
3 3231 3232 3326
3 3108 3326 3232
3 2875 3327 3108
3 3163 3240 3327
3 116 3328 3005
3 2999 3328 3083
3 3099 3329 2563
3 3266 3329 3265
3 3265 3279 3330
3 3267 3330 3279
3 3329 3331 3265
3 3331 3099 3376
3 3332 3818 3823
3 3819 3816 3817
3 3282 3336 3333
3 3263 3275 3666
3 3282 3674 3831
3 3828 3829 3825
3 3336 3335 3333
3 3826 3825 3269
3 2847 3334 3675
3 3831 3334 4511
3 3339 3337 3340
3 3269 3825 3829
3 3293 3343 3349
3 3349 3338 3293
3 3091 3374 3337
3 3296 3339 3676
3 2845 3362 3364
3 3359 3360 3351
3 3346 3344 3294
3 3370 3838 3366
3 3298 3342 3289
3 3343 3342 3297
3 3344 3297 3294
3 3348 3343 3347
3 3294 3676 3346
3 3348 3347 3341
3 3352 3348 3341
3 2282 3360 3359
3 3366 3340 3337
3 3346 3688 3347
3 3343 3344 3347
3 3346 3347 3344
3 3352 3351 3348
3 3361 3348 3351
3 3348 3349 3343
3 3338 3680 3681
3 3354 3350 3352
3 3357 3354 3943
3 3350 3359 3351
3 2282 3345 3360
3 3840 3354 3352
3 3350 3351 3352
3 3340 3687 3346
3 3943 3354 3353
3 3840 3352 3341
3 3308 3377 3379
3 3308 3379 3945
3 3358 3678 3355
3 3678 3357 3679
3 3359 3350 3678
3 3350 3357 3678
3 3355 3678 3679
3 2282 3359 3678
3 3272 3681 3680
3 3345 3361 3360
3 3361 3345 3338
3 3338 3349 3361
3 2852 3299 3362
3 3373 3368 3365
3 3685 3371 3368
3 3366 3301 3367
3 3364 3363 3369
3 3375 3367 3301
3 3299 3008 3373
3 3363 3364 3365
3 3366 3369 3370
3 3366 3372 3687
3 2845 3364 3367
3 3367 3364 3369
3 3685 3309 3308
3 3363 3365 3368
3 3370 3369 3363
3 3367 3369 3366
3 3363 3368 3371
3 3689 3840 3688
3 3945 3947 3308
3 3944 3833 3943
3 3366 3838 3372
3 3347 3688 3341
3 3299 3373 3365
3 3309 3373 3008
3 3006 3374 3091
3 3375 3374 2861
3 2865 3375 2861
3 3367 3375 2845
3 3302 3376 3095
3 3331 3376 3303
3 3310 3381 3691
3 3308 3309 3377
3 3389 3378 3381
3 4244 3677 4317
3 3958 3726 3955
3 3679 3951 3355
3 3102 3380 2881
3 3381 3380 3167
3 3693 3388 3389
3 3378 3690 3691
3 3450 3491 3739
3 3510 3513 3514
3 3698 3175 3159
3 3159 3692 3383
3 3708 3710 3722
3 3705 3715 3717
3 3102 3385 3167
3 3315 3385 3110
3 3177 3386 3173
3 3388 3386 3727
3 3172 3383 3706
3 3726 4238 3725
3 3727 3386 3178
3 3389 3388 3387
3 3387 3958 4239
3 3693 3381 3167
3 3193 3320 3390
3 3393 3425 3320
3 3428 3207 3311
3 3393 3391 3394
3 4020 4031 4376
3 3179 3160 3427
3 3394 3391 3217
3 3393 3392 3395
3 3465 3486 3499
3 3448 3403 3454
3 3398 3395 3392
3 3404 3179 3422
3 3406 3400 3403
3 3398 3448 3182
3 3417 3141 3158
3 4262 4067 4323
3 3392 3406 3403
3 3189 3212 3420
3 3968 4388 4389
3 3521 3484 3495
3 3736 3411 3409
3 3453 3738 3382
3 3705 3702 3384
3 3166 3195 3404
3 3189 3213 3212
3 3465 3506 3486
3 3392 3403 3398
3 3414 3403 3400
3 3425 3160 3179
3 3175 3848 3701
3 3520 3521 3495
3 3733 3181 3436
3 3392 3409 3406
3 3736 3394 3493
3 3852 3854 3850
3 3404 3180 3166
3 3413 3417 3154
3 3160 3457 3182
3 3393 3409 3392
3 3428 3493 3394
3 3461 3467 3738
3 3432 3435 3437
3 3410 3695 3411
3 3406 3411 3442
3 3516 3447 3513
3 3529 3531 3470
3 4379 4375 4376
3 3421 3189 3420
3 3472 3452 3748
3 3427 3422 3179
3 3440 3464 3416
3 3430 3447 3431
3 3405 3206 3462
3 3180 4249 3420
3 3208 3404 3195
3 3432 3737 3472
3 3187 3731 3183
3 3154 3151 3697
3 3447 3430 3412
3 3395 3457 3160
3 3166 3420 3212
3 4422 4423 3421
3 3450 3459 3458
3 3180 3420 3166
3 3209 3417 3413
3 3398 3182 3457
3 3729 3728 3419
3 3210 3422 3427
3 3432 3407 3414
3 3427 3182 3856
3 3437 3737 3432
3 3395 3160 3425
3 3400 3441 3435
3 3516 3517 3447
3 3382 3491 3433
3 3408 3734 3415
3 3433 3494 3382
3 3478 3430 3485
3 3521 3520 3512
3 3517 3518 3938
3 3453 3424 3438
3 3213 3402 3843
3 3465 3439 3445
3 3430 3478 3412
3 3414 3400 3435
3 3435 3441 3437
3 3181 3444 3174
3 3564 3525 3551
3 3415 3407 3460
3 3466 3464 3463
3 3694 3441 3442
3 3432 3414 3435
3 3441 3694 3436
3 3438 3449 3485
3 3181 3437 3436
3 3437 3174 3737
3 3748 3978 3472
3 3527 3523 3524
3 3540 4230 3641
3 3496 3486 3498
3 3463 3464 3440
3 3469 3524 3519
3 3442 3441 3400
3 3436 3437 3441
3 3406 3442 3400
3 3695 3694 3411
3 3473 3410 3476
3 3462 3444 3181
3 3181 3733 3462
3 3214 3444 3206
3 3207 3428 3217
3 3485 3466 3321
3 3447 3461 3431
3 3495 3477 3471
3 3408 3448 3454
3 3502 3445 3488
3 3491 3450 3433
3 3454 3403 3414
3 3502 3505 3741
3 3485 3449 3466
3 3429 3500 3490
3 3416 3733 3440
3 3739 3738 3467
3 3170 3209 3184
3 3207 3222 3311
3 2889 4185 4184
3 3456 3451 3484
3 3495 3471 3507
3 3485 3430 3438
3 3734 3414 3407
3 3479 3459 3450
3 3483 3493 3428
3 3546 3512 3547
3 3461 3171 3467
3 3847 3728 4027
3 3893 3214 3743
3 3405 3462 3416
3 3797 3938 3646
3 3466 3405 3464
3 3453 3382 3424
3 3443 3695 3473
3 3321 3466 3463
3 3456 3214 3206
3 3587 3616 3588
3 3405 3456 3206
3 3498 3506 3478
3 3446 3482 3471
3 3500 3508 3323
3 3429 3501 3434
3 3471 3477 3446
3 3460 3407 3472
3 3433 3446 3477
3 3482 3458 3469
3 3451 3466 3449
3 3439 3490 3480
3 3481 3489 3480
3 3555 3585 3628
3 3471 3511 3507
3 3446 3458 3482
3 3489 3468 3504
3 3311 3222 3508
3 2631 4187 4183
3 3970 3971 3858
3 3432 3472 3407
3 3439 3465 3490
3 3476 3492 3474
3 3440 3473 3475
3 3474 3501 3499
3 3440 3475 3463
3 3476 3475 3473
3 3486 3496 3497
3 3492 3476 3410
3 3476 3474 3497
3 3424 3449 3438
3 3433 3477 3494
3 3463 3475 3496
3 3514 3741 3505
3 3430 3431 3438
3 3483 3428 3311
3 3490 3465 3499
3 3509 3481 3323
3 3862 3504 3468
3 3741 3506 3445
3 3490 3501 3429
3 3626 3637 3631
3 3492 3493 3483
3 3429 3434 3311
3 3449 3484 3451
3 3484 3477 3495
3 3321 3463 3498
3 3453 3438 3431
3 3499 3486 3497
3 3439 3488 3445
3 3511 3519 3528
3 3865 3872 3869
3 3488 3480 3489
3 3502 3503 3505
3 3868 3870 3742
3 3504 3488 3489
3 3481 3509 3468
3 3491 3738 3739
3 3517 3461 3447
3 3210 3856 3855
3 3493 3492 3410
3 3492 3483 3434
3 3736 3410 3411
3 3394 3217 3428
3 3424 3494 3449
3 3424 3382 3494
3 3446 3450 3458
3 3487 3522 3478
3 3497 3496 3475
3 3486 3506 3498
3 3476 3497 3475
3 3497 3474 3499
3 3485 3498 3478
3 3463 3496 3498
3 3434 3501 3474
3 3439 3480 3488
3 3481 3500 3323
3 3500 3480 3490
3 3507 3511 3470
3 3508 3500 3429
3 3468 3489 3481
3 3973 3747 3896
3 3480 3500 3481
3 3504 3502 3488
3 4538 3510 3514
3 3503 3502 3504
3 3505 4538 3514
3 3445 3506 3465
3 3478 3506 3487
3 3511 3471 3482
3 3520 3507 3547
3 3311 3508 3429
3 3508 3222 3652
3 3509 3323 3653
3 3509 2889 4184
3 3505 3503 3868
3 3871 3742 3870
3 3469 3519 3482
3 3519 3511 3482
3 3531 3530 3545
3 3512 3546 3743
3 3513 3522 3514
3 4191 3516 3513
3 3522 3513 3412
3 3741 3514 3487
3 3742 3871 3882
3 3810 3648 384
3 4191 3513 3510
3 3517 3516 3515
3 3518 3517 3515
3 3461 3517 3171
3 4200 3518 3892
3 3625 3600 3618
3 3549 3527 3534
3 3528 3524 3532
3 3547 3507 3470
3 3521 3512 3214
3 3214 3456 3521
3 3484 3521 3456
3 3478 3522 3412
3 3487 3514 3522
3 3906 3907 3908
3 3529 3511 3528
3 3469 3534 3527
3 3524 3523 3532
3 4374 4439 3577
3 3527 3598 3523
3 3531 3536 3530
3 3893 3744 3399
3 3469 3527 3524
3 3551 3586 3565
3 3524 3528 3519
3 3529 3528 3526
3 3536 3531 3529
3 3511 3529 3470
3 3526 3532 3533
3 3553 3538 3556
3 3536 3529 3526
3 3545 3541 3531
3 3533 3532 3523
3 3528 3532 3526
3 3534 3539 3750
3 3536 4508 3530
3 3459 3539 3469
3 3534 3469 3539
3 3566 3563 3579
3 3603 3563 3604
3 3533 4508 3526
3 3530 4508 3537
3 3550 3533 3523
3 3545 3530 3564
3 3545 3564 3557
3 3554 3746 3745
3 3479 3542 3459
3 3459 3542 3539
3 3527 3549 3575
3 3598 3527 3575
3 3552 3541 3538
3 3520 3547 3512
3 3629 3625 3618
3 3570 3525 3568
3 3581 3535 3579
3 3605 3759 3606
3 3574 3549 3534
3 3569 3570 3573
3 3530 3568 3564
3 3538 3541 3545
3 3552 3553 3546
3 3512 3743 3214
3 3470 3541 3547
3 3547 3541 3552
3 3548 3603 3605
3 3604 3561 4509
3 3788 3791 3771
3 3755 3766 3758
3 3897 3560 3597
3 3550 3544 3908
3 3570 3572 3525
3 3553 3559 3554
3 3553 3552 3538
3 3547 3552 3546
3 3749 3556 3557
3 3746 3554 3559
3 3546 3553 3554
3 3556 3559 3553
3 3565 3555 3749
3 3581 3583 3535
3 3557 3556 3538
3 3895 3559 3555
3 3545 3557 3538
3 3557 3551 3565
3 3620 3628 3585
3 3746 3452 3745
3 3555 3559 3556
3 3559 3558 3746
3 3750 3539 3542
3 3898 3573 3571
3 3574 3534 3562
3 3601 3599 3617
3 3574 3562 3599
3 3577 3574 3599
3 3612 3609 3754
3 3566 3535 3586
3 3568 3530 3537
3 3551 3557 3564
3 3551 3525 3572
3 3551 3566 3586
3 3563 3566 3572
3 3575 3549 3567
3 3579 3563 3548
3 3603 3548 3563
3 3570 3568 3537
3 3564 3568 3525
3 3907 3533 3908
3 3569 3563 3572
3 3907 3571 3909
3 3570 3569 3572
3 3550 3598 4299
3 4295 4212 4350
3 3561 3569 3573
3 3551 3572 3566
3 3909 3570 3537
3 3899 3754 3611
3 3597 3575 3567
3 3567 3549 3574
3 3575 3560 3598
3 3644 3632 3640
3 3567 3574 3577
3 3602 3577 3599
3 3597 3560 3575
3 3614 3761 3770
3 3591 3752 3590
3 3753 3581 3579
3 3566 3579 3535
3 3588 3584 3589
3 3565 3586 3585
3 3753 3579 3548
3 3584 3583 3581
3 3589 3584 3580
3 3582 3584 3588
3 3584 3581 3580
3 3583 3582 3585
3 3589 3591 3587
3 3582 3583 3584
3 3582 3620 3585
3 3555 3565 3585
3 3535 3583 3586
3 3585 3586 3583
3 3587 3591 3593
3 3593 3595 3587
3 3596 3616 3595
3 3620 3582 3627
3 3752 3591 3589
3 3588 3589 3587
3 3752 3753 3606
3 4353 3614 4352
3 3752 3589 3580
3 4351 3593 3591
3 4080 4086 4105
3 3844 4424 4425
3 4351 3591 3590
3 4275 3595 3593
3 4127 4106 4087
3 3735 3850 3853
3 4275 3593 3592
3 3594 4272 3595
3 4007 4048 4013
3 3455 3748 3747
3 3577 3602 3639
3 3799 3932 4314
3 3598 3560 4299
3 3598 3550 3523
3 3601 3617 3600
3 3601 3631 3599
3 3600 3617 3618
3 3622 3601 3600
3 3617 3599 3562
3 3600 3633 3622
3 3604 3563 3569
3 3602 3631 3637
3 3605 3603 3578
3 3561 3604 3569
3 3578 3603 3604
3 3607 3611 3758
3 3578 3609 3605
3 3548 3605 3606
3 3608 3757 3756
3 3904 3781 3779
3 3756 3757 3789
3 3578 3604 4509
3 3613 3610 3761
3 3754 3578 4509
3 3578 3754 3609
3 3607 3768 3899
3 4300 4351 4352
3 3778 3781 3763
3 3611 3754 3608
3 3610 3612 3764
3 3609 3612 3610
3 3609 3610 3759
3 3606 3613 4353
3 3613 3759 3610
3 3770 4213 3614
3 3616 3623 3588
3 3620 4233 3615
3 3595 3616 3587
3 3623 3616 3596
3 3750 3617 3562
3 3618 3617 3542
3 3542 3479 3618
3 3625 3629 3805
3 3638 3643 3640
3 3626 3631 3622
3 3627 3588 3623
3 3628 3620 4211
3 3515 4198 3518
3 3645 3630 3634
3 3634 3633 3625
3 3642 3630 3636
3 4099 3596 4272
3 3620 3623 4233
3 3896 3747 3894
3 3624 3894 3895
3 3629 3618 3479
3 3621 3634 3625
3 3806 3636 3807
3 3638 3632 3637
3 3588 3627 3582
3 3623 3620 3627
3 4211 3620 3615
3 3628 3624 3895
3 3479 3800 3629
3 3621 3805 3646
3 3621 3645 3634
3 3649 3641 4368
3 3599 3631 3602
3 3622 3631 3601
3 3625 3633 3600
3 3637 3639 3602
3 3642 3633 3630
3 3621 3647 3645
3 3633 3634 3630
3 3647 3621 3646
3 3645 3811 3630
3 3806 3807 3619
3 3626 3622 3642
3 3638 3637 3626
3 3639 3637 3632
3 3626 3642 3806
3 3643 3576 3640
3 3644 3640 3576
3 4373 4374 3639
3 3638 3640 3632
3 3632 3644 4372
3 3647 4201 4203
3 4235 3645 3647
3 3642 3622 3633
3 3642 3636 3806
3 3638 3619 3643
3 3629 3797 3805
3 4368 3641 4230
3 3890 4198 3885
3 3651 3650 3202
3 3805 3621 3625
3 3629 3800 3797
3 4234 3648 3810
3 3811 3809 3630
3 3809 3810 384
3 3644 3576 3649
3 3663 3650 3322
3 3658 3651 3200
3 3651 3322 3650
3 3218 3227 3653
3 3508 3652 3323
3 3323 3652 3653
3 3218 3653 3652
3 3655 3654 3232
3 3656 3654 3325
3 3232 3033 3657
3 3655 3322 3658
3 3656 3325 3661
3 3108 3656 3150
3 3033 3324 3657
3 3663 3657 3324
3 3651 3658 3322
3 3658 3200 3659
3 3200 3201 3660
3 3662 3661 3021
3 3191 3664 3660
3 3812 3661 3665
3 3659 3660 3661
3 3660 3664 3665
3 3146 3662 3021
3 3150 3656 3662
3 3221 3663 3324
3 3655 3663 3322
3 3192 3664 3191
3 3665 3664 3188
3 3188 3319 3812
3 3660 3665 3661
3 3335 3667 3666
3 3816 3671 3940
3 3940 3335 3668
3 3940 3667 3335
3 3832 3824 3822
3 3673 3819 3817
3 3813 3259 3010
3 3263 3666 3670
3 3671 3670 3666
3 3672 3670 3669
3 3667 3671 3666
3 3942 2249 3819
3 3672 3669 3813
3 3672 3090 3261
3 3817 3816 3815
3 3258 3259 3819
3 3273 3674 3282
3 3290 3675 3285
3 3675 3290 2847
3 3296 3676 3294
3 3339 3340 3676
3 3947 3371 3685
3 3946 3834 3945
3 3678 3358 2282
3 3679 3357 3943
3 3835 3836 3356
3 3684 3683 3284
3 3338 3345 3680
3 3293 3681 3281
3 3284 3683 3682
3 3682 3683 3281
3 3837 3283 3274
3 3287 3684 3284
3 3684 3290 3286
3 3309 3685 3368
3 3947 3685 3308
3 3686 3353 3689
3 3363 3839 3370
3 3366 3687 3340
3 3688 3687 3372
3 3687 3688 3346
3 3689 3688 3372
3 3689 3372 3838
3 3353 3354 3840
3 3105 3310 3691
3 3378 3379 3690
3 3378 3691 3381
3 3105 3691 3690
3 3384 3692 3314
3 3692 3384 3383
3 3388 3693 3316
3 3381 3693 3389
3 3411 3694 3442
3 3733 3694 3443
3 3473 3695 3410
3 3694 3695 3443
3 3317 3396 3696
3 3696 3396 3729
3 3205 3697 3139
3 3154 3697 3418
3 3305 3698 3159
3 3204 3698 3170
3 3699 3701 3848
3 3701 3699 3314
3 3314 3709 3708
3 4395 4391 105
3 3175 3204 3848
3 3711 3712 3710
3 3705 3703 3702
3 3960 3956 3954
3 3703 3717 3719
3 3702 3703 3706
3 3384 3314 3722
3 3719 3706 3703
3 3716 3713 3715
3 3153 3706 3169
3 3710 3708 3704
3 3704 3708 3707
3 3709 3314 3699
3 105 3707 3709
3 3708 3709 3707
3 3712 3711 3700
3 3722 3705 3384
3 3718 3841 3725
3 3710 3704 3711
3 3705 3710 3712
3 3724 3719 3720
3 3712 3716 3715
3 3716 3712 3700
3 3705 3717 3703
3 3715 3713 3717
3 3700 3714 3716
3 3962 3957 3964
3 3720 3717 3713
3 3169 3706 3719
3 3720 3721 3841
3 3725 3727 3724
3 3720 3719 3717
3 3719 3724 3723
3 3721 3720 3713
3 3720 3718 3724
3 3960 3963 3714
3 3726 3841 3953
3 3708 3722 3314
3 3705 3722 3710
3 3177 3723 3178
3 3169 3719 3723
3 3725 3724 3718
3 3178 3723 3724
3 3725 3841 3726
3 3387 3388 3727
3 3953 3954 3842
3 3948 3677 4236
3 3724 3727 3178
3 3387 3727 3725
3 3843 3844 3728
3 3205 3847 3397
3 3396 3213 3729
3 3729 3213 3843
3 3396 3731 3730
3 3187 3186 3732
3 3183 3731 3396
3 3187 3730 3731
3 3212 3730 3732
3 3187 3732 3730
3 3440 3733 3443
3 3462 3733 3416
3 3414 3734 3454
3 3407 3415 3734
3 3857 3851 3853
3 4000 3997 4021
3 3394 3736 3409
3 3410 3736 3493
3 3745 3174 3399
3 3472 3737 3452
3 3382 3738 3491
3 3461 3738 3453
3 3800 3739 3467
3 3450 3739 3479
3 3862 3863 3740
3 3864 3503 3504
3 3506 3741 3487
3 3502 3741 3445
3 3865 3866 3864
3 3881 3873 3886
3 3744 3743 3546
3 3743 3744 3893
3 3546 3554 3744
3 3744 3554 3745
3 3737 3745 3452
3 3744 3745 3399
3 3747 3746 3558
3 3748 3746 3747
3 3558 3894 3747
3 4211 3894 3624
3 3455 3971 3978
3 3452 3746 3748
3 3556 3749 3555
3 3557 3565 3749
3 3617 3750 3542
3 3534 3750 3562
3 4223 4360 3930
3 3608 3756 3611
3 3753 3752 3580
3 3752 3606 4353
3 3581 3753 3580
3 3548 3606 3753
3 3787 3790 3771
3 3756 3758 3611
3 4509 3757 3608
3 3761 3614 4353
3 3561 3898 3757
3 3756 3755 3758
3 3787 3789 3790
3 3775 3762 3766
3 3607 3758 3767
3 3606 3759 3613
3 3609 3759 3605
3 3764 3612 3768
3 3770 4214 4301
3 3764 3761 3610
3 3768 3765 3784
3 3791 3793 3762
3 3760 3786 3767
3 3776 3767 3777
3 3763 3767 3776
3 3612 3899 3768
3 3760 3901 3765
3 3765 3901 3784
3 4351 3592 3593
3 3775 3766 3787
3 3766 3762 3785
3 3766 3785 3777
3 3607 3786 3768
3 3786 3607 3767
3 4217 3901 3760
3 3764 3784 3902
3 3903 3784 3901
3 3764 3902 4214
3 3764 3768 3784
3 3775 3787 3771
3 4295 4350 3897
3 3772 3782 3778
3 3776 3778 3763
3 4218 4307 4216
3 3901 4217 4216
3 4214 3770 3761
3 3763 3904 3760
3 3787 3766 3755
3 4212 4296 3771
3 3777 3767 3758
3 3778 3776 3772
3 3766 3777 3758
3 3772 3776 3777
3 3782 3762 3780
3 4219 4366 4218
3 3782 3917 3778
3 3781 3917 4367
3 3762 3775 3791
3 3778 3917 3781
3 3782 3780 4513
3 3773 4307 4218
3 3782 3772 3785
3 3783 4310 4513
3 3801 3792 3796
3 4310 4311 4362
3 4355 4357 4359
3 3903 3902 3784
3 3782 3785 3762
3 3777 3785 3772
3 3760 3767 3763
3 3763 3781 3904
3 3789 3755 3756
3 3787 3755 3789
3 3794 3788 4510
3 3791 3788 3794
3 3905 3757 3898
3 3789 3905 3790
3 3906 3790 3905
3 4350 4298 4299
3 3771 3791 3775
3 3794 3793 3791
3 3794 4510 3796
3 3861 4182 3860
3 3910 3793 3792
3 3780 3762 3793
3 3788 4296 4510
3 3792 3793 3794
3 3932 3933 4314
3 3792 3794 3796
3 3739 3800 3479
3 3798 3932 3934
3 3922 3921 3916
3 3913 3801 3796
3 3795 3798 3913
3 4082 4085 4086
3 3795 3933 3932
3 3935 4230 3540
3 3797 3937 3938
3 3783 3920 3923
3 3798 3915 3914
3 3916 3921 3918
3 3798 3795 3932
3 3913 3914 3801
3 3937 3800 3467
3 3937 3467 3171
3 3911 3801 3918
3 3918 3920 3911
3 3619 3638 3806
3 3646 3805 3797
3 3806 3638 3626
3 3885 4191 3883
3 3809 3807 3636
3 4195 4196 3884
3 3807 3809 384
3 3630 3809 3636
3 3939 4316 4235
3 4316 3645 4235
3 3809 3811 3810
3 3661 3812 3021
3 3188 3812 3665
3 3813 3010 3090
3 3814 3813 3669
3 3671 3814 3669
3 3671 3816 3814
3 3940 3671 3667
3 3332 3673 3941
3 3818 3817 3815
3 3941 3818 3332
3 3814 3819 3259
3 3820 3815 3940
3 3818 3815 3820
3 3258 3819 2249
3 3824 3826 3822
3 3821 3332 3823
3 3824 3823 3820
3 3823 3818 3820
3 3668 3824 3820
3 3830 3832 3827
3 3824 3668 3825
3 3335 3336 3828
3 3335 3828 3668
3 3825 3668 3828
3 3821 3830 1
3 3825 3826 3824
3 3830 3821 3823
3 3829 3828 3336
3 3831 3829 3336
3 3269 3829 4511
3 3832 3823 3824
3 1 3830 3827
3 3282 3831 3336
3 3675 3831 3674
3 3827 3832 3822
3 3823 3832 3830
3 3944 3353 3686
3 4244 3952 3677
3 3946 3379 3378
3 3944 3949 4237
3 3836 3951 3952
3 3836 3835 3951
3 3961 3959 4245
3 3281 3837 3292
3 3684 3837 3683
3 3839 3838 3370
3 3689 3838 3686
3 3950 3839 3371
3 3838 3839 3686
3 3688 3840 3341
3 3353 3840 3689
3 3720 3841 3718
3 3953 3841 3721
3 4243 4242 3356
3 3948 3834 3946
3 3844 3843 3402
3 3729 3843 3728
3 4250 3421 4249
3 4424 3844 3402
3 3189 4423 3402
3 3848 4389 4390
3 3861 4318 4182
3 4007 4026 4005
3 3419 3728 3847
3 4027 3728 4426
3 4417 4327 4416
3 4006 4034 4036
3 4034 3967 4035
3 4012 4010 4028
3 3857 3853 3850
3 3850 3735 3852
3 3857 3970 3851
3 3981 3983 3980
3 3852 3735 4182
3 3427 3856 3210
3 3857 3850 3415
3 3851 3980 3860
3 3448 3854 3182
3 3850 3854 3408
3 3860 3735 3853
3 3210 4246 4248
3 3182 3852 3856
3 3855 3856 3852
3 3460 3970 3415
3 3851 3970 3858
3 3972 3455 3973
3 3858 3972 3975
3 3975 3977 3858
3 4251 3985 4252
3 3851 3860 3853
3 3860 3859 3861
3 3983 3859 3980
3 4249 3180 4248
3 3863 3862 3468
3 3862 3740 3864
3 4184 3863 3468
3 4183 4186 2603
3 4187 3865 3740
3 3864 3740 3865
3 2313 3872 4188
3 3864 3866 3503
3 3869 3866 3865
3 3866 3869 3870
3 3876 2904 4189
3 3867 3879 3871
3 3868 3742 4538
3 3503 3866 3868
3 3865 4188 3872
3 3867 3871 3870
3 3866 3870 3868
3 3867 3870 3869
3 3880 3876 3878
3 3881 3871 3879
3 3877 2313 2905
3 3872 3876 3875
3 3884 3886 4197
3 3881 3874 3882
3 3892 4198 3890
3 3882 3883 3742
3 3869 3872 3875
3 2313 3877 3872
3 4189 3878 3876
3 3867 3875 3876
3 2904 3876 3877
3 3872 3877 3876
3 3878 4189 4190
3 3878 4190 4512
3 3880 3879 3867
3 3881 3879 3873
3 3876 3880 3867
3 3880 3878 4512
3 3887 3886 3873
3 3881 3888 3891
3 3881 3882 3871
3 3883 3882 3874
3 3885 3883 3874
3 3883 3510 4538
3 4206 4205 4199
3 3886 3884 3888
3 3890 3885 3874
3 3515 3516 4191
3 3873 4512 3887
3 4195 1669 4293
3 3889 3887 3245
3 3886 3887 4197
3 3808 3890 3891
3 3881 3886 3888
3 3245 3247 4193
3 4195 3889 1669
3 3891 3890 3874
3 3890 3808 3892
3 3881 3891 3874
3 3808 3891 3888
3 3808 3888 4294
3 3646 4200 3647
3 3399 3444 3893
3 3214 3893 3444
3 3895 3894 3558
3 3894 4211 3896
3 3559 3895 3558
3 3895 3555 3628
3 4259 3936 3995
3 3972 3858 3971
3 4314 4228 4229
3 4296 4212 4295
3 3573 3898 3561
3 3898 3571 3905
3 3754 3899 3612
3 3607 3899 3611
3 3770 4305 4213
3 4115 4111 4112
3 3765 3768 3786
3 3760 3765 3786
3 4306 4307 3769
3 4356 4458 3769
3 3903 3774 4302
3 4364 4365 3779
3 3760 3904 4217
3 3905 3789 3757
3 3906 3905 3571
3 3906 3571 3907
3 4298 3906 3544
3 3909 3571 3573
3 4508 3907 3537
3 3550 3908 3533
3 3906 3908 3544
3 3570 3909 3573
3 3537 3907 3909
3 3793 3910 3780
3 3911 3792 3801
3 3912 3921 3922
3 3918 3921 3920
3 3910 3783 4513
3 3920 3910 3911
3 3795 3913 3796
3 3914 3913 3798
3 4231 3934 3935
3 4310 4312 3917
3 3925 3915 3929
3 3924 3916 3925
3 3801 3914 3916
3 3934 4231 4232
3 3920 3783 3910
3 3910 3792 3911
3 3801 3916 3918
3 3783 3923 4309
3 3929 3802 3924
3 3922 3927 3912
3 3916 3924 3922
3 3920 3921 3923
3 3923 3921 3912
3 3924 3925 3929
3 3923 3912 3930
3 4223 3930 4224
3 3916 3914 3925
3 3927 4308 4313
3 3924 4308 3922
3 3915 4232 3929
3 4221 4362 4361
3 3802 3929 3919
3 3928 4220 3802
3 3802 4220 3924
3 3914 3915 3925
3 3931 3930 3927
3 3926 3931 4225
3 4222 4224 3926
3 3927 3930 3912
3 4225 4226 7
3 3795 4510 3933
3 3934 3932 3799
3 4228 3751 4295
3 3933 3751 4228
3 3935 3934 3799
3 3798 3934 3915
3 4438 4229 4370
3 4231 3935 3540
3 4274 3596 4099
3 3993 3995 3989
3 3938 3937 3171
3 3800 3937 3797
3 3517 3938 3171
3 3646 3938 3518
3 4200 4201 3647
3 4203 4209 3939
3 3820 3940 3668
3 3816 3940 3815
3 3673 3817 3941
3 3818 3941 3817
3 3944 3943 3353
3 3819 3673 3942
3 3679 3943 3833
3 3686 3839 3950
3 3950 3949 3944
3 3946 3945 3379
3 3945 3834 3947
3 3958 3387 4238
3 3726 3953 3955
3 3949 3947 3834
3 3950 3947 3949
3 3378 4239 4240
3 3958 3955 3961
3 4236 3949 3834
3 4237 3677 3952
3 3686 3950 3944
3 3371 3947 3950
3 3355 3951 3835
3 3952 3951 3679
3 3679 3833 3952
3 3952 3833 4237
3 3954 3953 3721
3 3955 3953 3842
3 3960 3714 3956
3 2878 3842 3954
3 3959 3955 3842
3 4240 3961 4241
3 3713 3716 3963
3 2878 3954 3956
3 4245 3959 3964
3 3964 3959 3962
3 3959 3961 3955
3 3389 4239 3378
3 3962 3959 3842
3 3954 3721 3960
3 3963 3721 3713
3 3842 2878 3962
3 3946 4241 3948
3 2878 3957 3962
3 3714 3963 3716
3 3721 3963 3960
3 4243 3356 3836
3 4317 4243 4244
3 4514 4020 3401
3 4388 4375 4387
3 3423 3847 4027
3 4327 4264 4326
3 4061 4033 4076
3 4071 3849 4070
3 3968 3401 4375
3 4395 4392 4391
3 4318 4247 3855
3 3984 4002 3985
3 3415 3970 3857
3 3971 3970 3460
3 3978 3460 3472
3 3972 3971 3455
3 3975 3976 3974
3 3972 3976 3975
3 3747 3973 3455
3 4233 4259 3615
3 4257 3987 3988
3 3858 3977 3851
3 3976 3972 3973
3 3975 3974 3977
3 4258 3973 3896
3 4260 3989 3995
3 3974 3982 3981
3 3860 3980 3859
3 3455 3978 3748
3 3460 3978 3971
3 3979 3981 3982
3 3985 3859 3983
3 3851 3977 3980
3 3981 3980 3977
3 3974 3981 3977
3 3981 3979 3983
3 3974 3992 3982
3 3984 3986 3988
3 3986 3983 3979
3 3986 3985 3983
3 3979 3982 3990
3 3996 3998 3984
3 3998 4002 3984
3 3861 3859 4251
3 4257 3988 3986
3 3985 3986 3984
3 4051 4025 4032
3 3984 3988 3996
3 4257 3986 3979
3 4010 3987 4028
3 3992 3974 3993
3 3990 3982 3994
3 3994 3982 3992
3 3989 3803 4515
3 4009 4001 4004
3 4005 3997 3999
3 3993 3974 3976
3 3989 4518 3992
3 3995 3993 3976
3 3989 3992 3993
3 4012 4022 4006
3 4032 4025 3965
3 4258 3995 3976
3 4260 3995 3936
3 4010 3988 3987
3 3991 3999 3998
3 3997 3998 3999
3 4328 4073 4326
3 3991 3998 3996
3 3997 4000 4002
3 4004 3999 3991
3 4004 4001 4007
3 4021 3997 4011
3 4247 3969 4246
3 4009 4012 4006
3 4009 4018 4001
3 3997 4002 3998
3 4002 4000 4252
3 4402 4443 4322
3 3997 4005 4011
3 3991 4012 4009
3 4007 4005 3999
3 4007 3999 4004
3 3204 3184 3968
3 3846 4017 4028
3 3987 3990 3846
3 4063 4064 4078
3 4026 4013 3849
3 3849 4013 4063
3 4026 4050 4011
3 3991 4009 4004
3 4035 4029 4034
3 4073 4263 4050
3 3965 4053 4052
3 4026 4007 4013
3 4021 4011 4263
3 4010 3991 3996
3 4028 4017 4022
3 4037 4043 4045
3 4018 4036 4041
3 4048 4001 4019
3 4023 4022 4017
3 4261 3184 3413
3 4054 4025 4079
3 4010 3996 3988
3 4253 4256 4319
3 4017 3846 3965
3 4064 4048 4019
3 4006 4018 4009
3 4006 3967 4034
3 4018 4058 4001
3 4022 3967 4006
3 4032 3965 3846
3 4032 3990 3994
3 4005 4026 4011
3 4021 4016 4255
3 4028 4022 4012
3 4059 4077 4058
3 4022 4023 3967
3 3849 4063 4066
3 4017 4052 4023
3 4055 4029 4035
3 3967 4023 4015
3 4003 3423 4027
3 4426 3728 3844
3 3423 4003 4402
3 3965 4025 4053
3 4514 3401 3413
3 4012 3991 4010
3 4028 3987 3846
3 4038 4094 4096
3 4073 4427 4263
3 4385 4400 4387
3 3423 4402 4031
3 3990 4032 3846
3 4032 3994 4051
3 4054 4033 4053
3 4037 4045 4047
3 4035 3967 4015
3 4036 4034 4029
3 4040 4035 4015
3 4037 4269 4040
3 4036 4029 4088
3 4006 4036 4018
3 4061 4015 4023
3 4043 4037 4040
3 4040 4055 4035
3 3145 4265 4056
3 4104 4039 4097
3 4059 4060 4038
3 4015 4061 4043
3 4087 4270 4269
3 4029 4089 4088
3 4001 4058 4019
3 4033 4054 4084
3 4075 4033 4084
3 4015 4043 4040
3 4519 4520 4042
3 4042 4061 4076
3 4115 4121 4024
3 4042 4045 4043
3 4179 4046 4181
3 4132 4139 4093
3 4519 4076 4075
3 4181 4045 4044
3 4047 4087 4269
3 4001 4048 4007
3 4063 4013 4064
3 4069 4078 4262
3 4071 4070 4068
3 3849 4050 4026
3 4050 4030 4073
3 3994 3992 4518
3 4515 4516 4517
3 3965 4052 4017
3 4061 4052 4033
3 4054 4053 4025
3 4052 4053 4033
3 4079 4025 4517
3 4128 4083 4110
3 4094 4038 4060
3 4057 4265 4266
3 4087 4047 4046
3 4038 4096 4265
3 4265 3145 4266
3 4019 4077 4064
3 4018 4041 4058
3 4059 4058 4041
3 4089 4060 4088
3 4059 4057 4077
3 4033 4075 4076
3 4059 4038 4057
3 4061 4023 4052
3 4043 4061 4042
3 4060 4059 4041
3 4041 4088 4060
3 4064 4013 4048
3 4069 4065 4066
3 4071 4324 4030
3 4266 4091 4057
3 4066 4070 3849
3 4063 4078 4069
3 4408 4070 4065
3 4091 4078 4064
3 4049 4072 4323
3 4405 4407 4448
3 4383 4320 4380
3 4063 4069 4066
3 4419 4452 4449
3 4065 4070 4066
3 4324 4071 4068
3 4030 4050 4071
3 3849 4071 4050
3 4268 4091 4266
3 4069 4072 4065
3 4030 4326 4073
3 4454 4264 4421
3 4074 4085 4082
3 4054 4081 4084
3 4054 4079 4081
3 4046 4126 4127
3 4077 4057 4091
3 4077 4019 4058
3 4091 4064 4077
3 4091 4262 4078
3 4517 4025 4051
3 4081 4079 4082
3 4080 4081 4082
3 4175 4177 4140
3 4082 4079 4074
3 4081 4080 4083
3 4074 4516 4085
3 4086 4080 4082
3 4107 4105 4100
3 4083 4080 4114
3 4081 4083 4084
3 4083 4075 4084
3 3803 4260 4273
3 3596 3595 4272
3 4085 4098 4086
3 4098 4100 4086
3 4102 4111 4115
3 4095 4097 4090
3 4036 4088 4041
3 4089 4029 4055
3 4055 4270 4089
3 4111 4106 4112
3 4090 4094 4095
3 4271 4062 4090
3 4056 4265 4096
3 4072 4069 4325
3 4098 4099 4092
3 4153 4282 4283
3 4113 4114 4119
3 4109 4107 4100
3 4095 4094 4060
3 4096 4094 4090
3 4060 4089 4095
3 4097 4039 4271
3 4062 4096 4090
3 4096 4062 4056
3 4089 4106 4095
3 4097 4106 4104
3 4099 4098 4085
3 4100 4098 4092
3 4273 4085 3803
3 4273 3936 4274
3 4109 4092 3594
3 4105 4086 4100
3 4275 4329 4118
3 4109 3594 4118
3 4120 4119 4107
3 4102 4039 4104
3 4125 4115 4112
3 4097 4095 4106
3 4111 4102 4104
3 4109 4277 4107
3 4083 4128 4075
3 4107 4103 4120
3 4430 4341 4333
3 4135 4138 4279
3 4080 4105 4114
3 4135 4279 4123
3 4275 3594 3595
3 4121 4124 4024
3 4083 4114 4110
3 4106 4111 4104
3 4277 4118 4331
3 4133 4134 4117
3 4102 4115 4024
3 4270 4106 4089
3 4329 3592 4330
3 4134 4129 4278
3 4093 4113 4132
3 4113 4093 4110
3 4042 4076 4519
3 4093 4108 4128
3 4105 4119 4114
3 4126 4116 4125
3 4044 4045 4520
3 4092 4109 4100
3 4093 4139 4143
3 4114 4113 4110
3 4107 4119 4105
3 4103 4429 4133
3 4113 4119 4117
3 4119 4120 4117
3 4125 4121 4115
3 4137 4116 4280
3 4116 4137 4121
3 4124 4135 4123
3 4123 4024 4124
3 4137 4135 4124
3 4126 4125 4112
3 4121 4125 4116
3 4127 4126 4112
3 4126 4046 4280
3 4106 4127 4112
3 4046 4127 4087
3 4093 4128 4110
3 4128 4108 4519
3 4117 4120 4133
3 4165 4167 4159
3 4277 4331 4103
3 4155 4343 4344
3 4143 4108 4093
3 4159 4136 4141
3 4278 4113 4117
3 4141 4139 4132
3 4103 4133 4120
3 4134 4133 4130
3 4152 4144 4149
3 4129 4132 4278
3 4124 4121 4137
3 4135 4131 4138
3 4136 4139 4141
3 4142 4147 4148
3 4137 4280 4140
3 4135 4137 4177
3 4291 4165 4160
3 4292 4138 4131
3 4141 4132 4129
3 4139 4136 4145
3 4179 4044 4180
3 4148 4178 4180
3 4129 4149 4141
3 4144 4168 4149
3 4145 4147 4142
3 4044 4520 4521
3 4145 4143 4139
3 4522 4142 4521
3 4129 4134 4281
3 4435 4292 4349
3 4136 4172 4147
3 4143 4145 4142
3 4141 4149 4159
3 4176 4175 4178
3 4136 4147 4145
3 4148 4147 4146
3 4146 4170 4173
3 4179 4180 4178
3 4281 4134 4343
3 4158 4156 4101
3 4281 4152 4149
3 4152 4154 4144
3 4291 4167 4165
3 4131 4174 4292
3 4281 4149 4129
3 4153 4283 4286
3 4155 4154 4152
3 4156 4284 4101
3 4282 4284 4283
3 4286 4287 4153
3 4154 4155 4283
3 4165 4168 4163
3 4144 4154 4156
3 4156 4158 4163
3 4101 4157 4158
3 4163 4158 4161
3 4161 4158 4157
3 4162 4161 4157
3 4162 4290 4291
3 4162 4157 4151
3 4163 4161 4160
3 4169 4162 4151
3 4160 4161 4162
3 4165 4163 4160
3 4163 4144 4156
3 4288 4169 4433
3 4170 4166 4523
3 4290 4162 4169
3 4168 4165 4159
3 4170 4523 4173
3 4167 4170 4172
3 4170 4167 4166
3 4136 4159 4167
3 4149 4168 4159
3 4144 4163 4168
3 4288 4457 4164
3 4290 4169 4164
3 4523 4171 4173
3 4172 4170 4146
3 4347 4537 4535
3 4174 4173 4171
3 4147 4172 4146
3 4167 4172 4136
3 4171 4292 4174
3 4146 4173 4176
3 4175 4174 4131
3 4176 4174 4175
3 4177 4175 4131
3 4178 4175 4140
3 4146 4176 4148
3 4173 4174 4176
3 4135 4177 4131
3 4140 4177 4137
3 4178 4140 4179
3 4176 4178 4148
3 4280 4179 4140
3 4181 4046 4047
3 4521 4180 4044
3 4142 4148 4180
3 4045 4181 4047
3 4044 4179 4181
3 3852 4182 3855
3 3860 4182 3735
3 2631 4183 2603
3 3740 3863 4183
3 3509 4184 3468
3 4185 2889 3026
3 3224 4524 3026
3 3863 4184 4185
3 3863 4185 4186
3 4185 3026 4524
3 4183 4187 3740
3 4188 4187 2631
3 4187 4188 3865
3 2313 4188 2631
3 2906 4189 2904
3 4190 4189 2315
3 3246 4190 2315
3 3245 4190 3247
3 3883 4191 3510
3 3515 4191 3885
3 4293 4192 4196
3 3884 4294 3888
3 4194 4193 3039
3 3245 4193 3889
3 4205 4206 3635
3 4193 4194 3889
3 4197 4195 3884
3 3887 3889 4197
3 3884 4196 4294
3 4195 4197 3889
3 4198 3515 3885
3 3892 3518 4198
3 3808 4204 4202
3 4209 4203 4205
3 3518 4200 3646
3 4201 4200 3892
3 4202 3892 3808
3 4201 4199 4203
3 4199 4201 4202
3 3892 4202 4201
3 4205 4203 4199
3 4203 3939 4235
3 4204 4206 4199
3 4199 4202 4204
3 4204 4210 4206
3 4234 4209 3648
3 4210 4208 4206
3 3635 4206 4208
3 4210 4196 4192
3 4205 3635 4207
3 4205 4207 4209
3 3648 4209 4207
3 4196 4210 4204
3 4192 4208 4210
3 3628 4211 3624
3 4259 4211 3615
3 3771 4297 4212
3 3790 4298 4297
3 4301 4305 3770
3 4332 4337 4330
3 3764 4214 3761
3 4301 4214 3902
3 4215 4437 4458
3 4338 4528 4529
3 4216 3774 3903
3 4216 3903 3901
3 4216 4217 4218
3 4219 4218 4217
3 4217 3904 4219
3 3779 4219 3904
3 4365 4366 4219
3 3928 4227 4313
3 4308 4220 4313
3 4364 4312 4363
3 4309 4310 3783
3 3804 4223 4222
3 3930 3931 4224
3 4223 3804 4311
3 3926 4224 3931
3 4222 4223 4224
3 3931 3927 4313
3 4225 4227 4226
3 4227 4225 3931
3 3928 4226 4227
3 3597 4533 3897
3 4370 4229 4371
3 4532 3597 4371
3 4372 3644 4315
3 4438 3935 3799
3 4315 3644 3649
3 3540 3919 4231
3 4232 4231 3919
3 3929 4232 3919
3 3934 4232 3915
3 4274 4233 3623
3 4259 4233 3936
3 4316 3810 3811
3 4209 4234 3939
3 4203 4235 3647
3 4316 3939 4234
3 4236 3677 4237
3 3834 3948 4236
3 3944 4237 3833
3 4236 4237 3949
3 3725 4238 3387
3 3726 3958 4238
3 3387 4239 3389
3 4240 4239 3958
3 3961 4240 3958
3 3378 4240 3946
3 4240 4241 3946
3 4245 4241 3961
3 4244 4243 3836
3 3964 3957 4242
3 3964 4242 4243
3 3952 4244 3836
3 3677 3948 4317
3 3964 4243 4317
3 4241 4245 3948
3 4247 4246 3855
3 4248 4246 3969
3 4254 4252 4253
3 4254 4253 4247
3 4249 4248 3969
3 4248 3180 3422
3 4250 4249 3969
3 4249 3421 3420
3 3969 4247 4319
3 4428 4427 4328
3 3859 3985 4251
3 3985 4002 4252
3 4252 4000 4253
3 3861 4251 4252
3 4000 4255 4253
3 4253 4255 4256
3 4318 4254 4247
3 4252 4254 3861
3 4021 4255 4000
3 4256 4255 4016
3 4016 4263 4427
3 4319 4250 3969
3 3979 3990 4257
3 3987 4257 3990
3 3973 4258 3976
3 3896 4211 4259
3 3995 4258 4259
3 3896 4259 4258
3 4273 4260 3936
3 3989 4260 3803
3 3413 3401 4261
3 3968 4261 3401
3 4050 4263 4011
3 4021 4263 4016
3 4030 4324 4327
3 4421 3966 4422
3 4265 4057 4038
3 4262 4268 4067
3 4268 4262 4091
3 4266 4267 4268
3 4266 3145 4267
3 4067 4268 4267
3 4040 4269 4055
3 4047 4269 4037
3 4269 4270 4055
3 4106 4270 4087
3 3594 4092 4272
3 4097 4271 4090
3 4099 4272 4092
3 3936 4233 4274
3 4085 4273 4099
3 3596 4274 3623
3 4099 4273 4274
3 4329 4275 3592
3 3594 4275 4118
3 4150 4285 4525
3 4329 4331 4118
3 4107 4277 4103
3 4109 4118 4277
3 4113 4278 4132
3 4117 4134 4278
3 4126 4280 4116
3 4138 4122 4279
3 4179 4280 4046
3 4343 4134 4130
3 4155 4152 4281
3 4155 4285 4286
3 4284 4154 4283
3 4101 4284 4282
3 4154 4284 4156
3 4345 4336 4346
3 4334 4336 4331
3 4155 4286 4283
3 4287 4285 4150
3 4288 4164 4169
3 4285 4287 4286
3 4435 4122 4138
3 4523 4290 4164
3 4433 4432 4288
3 4291 4290 4166
3 4291 4166 4167
3 4162 4291 4160
3 4171 4523 4348
3 4164 4457 4459
3 4196 4204 4294
3 4195 4293 4196
3 3808 4294 4204
3 4228 4295 3897
3 4296 4295 3751
3 4510 4296 3751
3 3771 4296 3788
3 3771 3790 4297
3 3790 3906 4298
3 4299 4298 3544
3 4212 4297 4298
3 4299 3544 3550
3 3560 3897 4350
3 3614 4213 4354
3 4213 3900 4332
3 4302 4301 3902
3 3774 4437 4302
3 3903 4302 3902
3 4458 3774 4306
3 4356 4355 4215
3 4437 3774 4458
3 4303 4359 4358
3 4213 4304 4340
3 4358 4305 4301
3 4213 4305 4304
3 4303 4302 4437
3 3774 4216 4306
3 3922 4308 3927
3 4216 4307 4306
3 3924 4220 4308
3 3923 3930 4360
3 4360 4311 4309
3 4311 4310 4309
3 4310 3917 4513
3 4364 4363 3543
3 4362 4221 4312
3 4367 4312 4364
3 3928 4313 4220
3 3931 4313 4227
3 4228 4314 3933
3 4438 4314 4229
3 4369 4315 4368
3 4315 4369 4370
3 3810 4316 4234
3 3645 4316 3811
3 3948 4245 4317
3 3964 4317 4245
3 4182 4318 3855
3 4254 4318 3861
3 4253 4319 4247
3 4428 4319 4256
3 4031 4377 4376
3 4394 4321 4392
3 3204 3968 4389
3 3699 4395 3709
3 4425 4403 4426
3 4380 4320 4379
3 4415 4384 4418
3 4323 4072 4325
3 4049 4445 4447
3 4069 4262 4325
3 4323 4325 4262
3 4327 4326 4030
3 4326 4264 4328
3 4409 4408 4065
3 4417 4411 4420
3 4422 4454 4421
3 4328 4454 4428
3 4330 3592 4300
3 4331 4329 4276
3 4332 4330 4300
3 4276 4329 4330
3 4331 4276 4334
3 4331 4336 4429
3 4332 4300 4354
3 3900 4335 4337
3 4335 4334 4276
3 3900 4339 4335
3 4276 4337 4335
3 4336 4334 4333
3 4340 4339 3900
3 4334 4335 4430
3 4344 4285 4155
3 4336 4130 4429
3 4330 4337 4276
3 3900 4337 4332
3 4530 4525 4527
3 4341 4430 4339
3 3900 4213 4340
3 4340 4431 4339
3 4342 4340 4304
3 4340 4342 4431
3 4528 4339 4431
3 4525 4285 4346
3 4358 4304 4305
3 4531 4342 3426
3 4345 4130 4336
3 4155 4281 4343
3 4345 4344 4343
3 4346 4344 4345
3 4130 4345 4343
3 4346 4336 4333
3 4526 4333 4341
3 4285 4344 4346
3 4292 4171 4348
3 4288 4432 4455
3 4455 4457 4288
3 4435 4436 4122
3 4348 4459 4292
3 4298 4350 4212
3 3560 4350 4299
3 4352 4351 3590
3 3592 4351 4300
3 4353 4352 3590
3 4354 4352 3614
3 4353 3590 3752
3 4353 3613 3761
3 4332 4354 4213
3 4352 4354 4300
3 4303 4301 4302
3 4359 4215 4355
3 4357 4342 4359
3 3426 4342 4357
3 4342 4304 4358
3 4301 4303 4358
3 4215 4359 4303
3 4358 4359 4342
3 3923 4360 4309
3 4223 4311 4360
3 4362 4311 4361
3 4311 3804 4361
3 4312 4310 4362
3 4365 4364 3543
3 4312 4221 4363
3 4364 3779 4367
3 4366 3773 4218
3 3779 4365 4219
3 3781 4367 3779
3 4365 3543 4366
3 3917 4312 4367
3 4369 4368 4230
3 3649 4368 4315
3 4230 3935 4438
3 4369 4438 4370
3 4229 4228 4532
3 4372 3639 3632
3 4374 3577 3639
3 4372 4371 4373
3 4315 4370 4372
3 4371 4372 4370
3 4373 4371 4374
3 3639 4372 4373
3 3597 4439 4371
3 3567 4439 3597
3 4376 4375 3401
3 4375 4379 4387
3 4020 4376 3401
3 4402 4377 4031
3 4381 4322 3845
3 4379 4377 4380
3 4383 4385 4320
3 3848 4390 3699
3 4379 4320 4387
3 4376 4377 4379
3 4377 4381 4380
3 4381 3845 4418
3 4322 4381 4377
3 4399 4441 4398
3 4380 4386 4383
3 4400 4393 4378
3 4381 4418 4386
3 4383 4440 4385
3 4406 4327 4324
3 4398 4440 4383
3 4440 4008 4401
3 4392 4321 4391
3 4381 4386 4380
3 4382 4441 4399
3 4385 4387 4320
3 4388 4387 4378
3 4389 4388 4378
3 4375 4388 3968
3 4394 4396 4321
3 3204 4389 3848
3 4393 4389 4378
3 3699 4390 4395
3 4390 4393 4392
3 4395 105 3709
3 4396 4394 4401
3 4389 4393 4390
3 4378 4387 4400
3 4394 4400 4401
3 4393 4394 4392
3 4392 4395 4390
3 4383 4386 4398
3 4418 4410 4415
3 4386 4384 4398
3 4385 4440 4401
3 4442 4382 4399
3 4398 4384 4399
3 4401 4400 4385
3 4393 4400 4394
3 4008 4440 4397
3 4396 4401 4008
3 4443 4402 4003
3 4377 4402 4322
3 4327 4417 4264
3 4322 4443 4444
3 4407 4068 4408
3 4406 4324 4407
3 4450 4414 4451
3 4405 4412 4406
3 4534 4410 4418
3 4068 4070 4408
3 4405 4406 4407
3 4409 4065 4072
3 4407 4408 4448
3 4414 4409 4446
3 4450 4405 4414
3 4412 4413 4410
3 4444 4411 4534
3 4327 4406 4416
3 4412 4410 4416
3 4413 4412 4405
3 4410 4534 4416
3 4414 4405 4448
3 4449 4384 4415
3 4447 4072 4049
3 4450 4451 4419
3 4410 4413 4415
3 4415 4413 4419
3 4412 4416 4406
3 4416 4411 4417
3 4411 4444 4420
3 4421 4417 4420
3 4418 4384 4386
3 4418 3845 4534
3 4450 4419 4413
3 4014 4452 4419
3 4425 4420 4403
3 4421 4420 3966
3 4422 4424 4423
3 4264 4417 4421
3 3421 4250 4453
3 4250 4454 4453
3 3421 4423 3189
3 4424 4422 3966
3 4424 3966 4425
3 3402 4423 4424
3 4420 4425 3966
3 4403 4443 4426
3 4027 4426 4003
3 3844 4425 4426
3 4016 4427 4256
3 4073 4328 4427
3 4319 4428 4250
3 4427 4428 4256
3 4133 4429 4130
3 4331 4429 4103
3 4334 4430 4333
3 4339 4430 4335
3 4455 4432 4289
3 4338 4527 4528
3 4432 4433 4151
3 4151 4433 4169
3 4536 0 4535
3 4536 4537 4434
3 4292 4435 4138
3 4349 4537 4436
3 4303 4437 4215
3 4349 4436 4435
3 4438 3799 4314
3 4230 4438 4369
3 3577 4439 3567
3 4371 4439 4374
3 4441 4440 4398
3 4382 4397 4441
3 4440 4441 4397
3 4426 4443 4003
3 4452 4442 4399
3 4444 4443 4403
3 4444 4403 4420
3 3845 4322 4444
3 4446 4404 4451
3 4404 4446 4445
3 4447 4409 4072
3 4445 4446 4447
3 4409 4447 4446
3 4408 4409 4448
3 4414 4448 4409
3 4384 4449 4399
3 4415 4419 4449
3 4405 4450 4413
3 4414 4446 4451
3 4404 4014 4451
3 4014 4419 4451
3 4442 4452 4014
3 4449 4452 4399
3 4250 4428 4454
3 4422 3421 4453
3 4264 4454 4328
3 4422 4453 4454
3 4456 4455 4289
3 4457 4455 4434
3 4537 4457 4434
3 4456 4536 4455
3 4459 4457 4349
3 3769 4458 4306
3 4215 4458 4356
3 4292 4459 4349
3 4164 4459 4348
3 55 4460 10
3 43 4460 41
3 104 4461 92
3 1216 4461 100
3 285 4462 295
3 301 4462 293
3 504 4463 430
3 436 4463 427
3 628 4464 598
3 4464 580 612
3 698 4465 687
3 650 4465 711
3 4476 4466 733
3 694 4466 702
3 779 4467 770
3 860 4467 780
3 823 4468 807
3 812 4468 810
3 845 4469 833
3 849 4469 853
3 1074 4470 1107
3 922 915 4471
3 4471 909 1138
3 922 4471 4470
3 1028 4472 1044
3 1547 4472 1102
3 1110 4473 1108
3 1053 4473 1095
3 1015 1039 4474
3 1047 4474 1039
3 702 4476 4475
3 4478 4476 733
3 4466 4476 702
3 4476 4478 4477
3 718 729 4477
3 4479 4477 729
3 680 4478 733
3 718 4477 4478
3 1272 4479 729
3 4475 4479 1274
3 4481 4480 858
3 1300 4480 1298
3 1900 4481 858
3 1298 4481 1318
3 1432 4482 1402
3 1425 4482 1404
3 1245 4483 559
3 1246 1727 4483
3 667 4484 653
3 2354 4484 597
3 1817 4485 1802
3 1812 4485 1818
3 1952 4486 1560
3 1940 4486 1939
3 2744 4487 2395
3 2991 4487 1926
3 4488 1583 2504
3 1577 4488 2498
3 2597 4489 2594
3 1207 4489 2602
3 1631 4490 2581
3 2626 4490 2281
3 2415 4491 2414
3 1512 4491 2748
3 2863 4492 2579
3 2576 4492 2559
3 2294 4493 2277
3 2256 4493 2276
3 2700 4495 2704
3 2903 1675 4494
3 2929 4495 2930
3 2257 3015 4496
3 4496 3015 3098
3 2257 4496 4497
3 2999 4497 4496
3 3026 4498 3031
3 3653 4498 2889
3 3055 4500 3060
3 3060 4500 3058
3 4499 3058 4500
3 3080 4502 3079
3 4502 4501 3079
3 3255 4502 3081
3 2537 4503 3000
3 3087 4503 3086
3 2620 4504 2618
3 4505 4504 2621
3 4507 2621 2897
3 4505 2898 4506
3 3230 4506 2898
3 4506 3229 3239
3 2898 4507 2899
3 2621 4507 4505
3 3526 4508 3536
3 3907 4508 3533
3 3757 4509 3561
3 3754 4509 3608
3 3933 4510 3751
3 3796 4510 3795
3 3887 4512 3245
3 3831 4511 3829
3 3880 4512 3873
3 3782 4513 3917
3 3910 4513 3780
3 3154 4514 3413
3 3397 4514 3418
3 4516 4515 3803
3 4518 4051 3994
3 4085 4516 3803
3 4517 4516 4074
3 4079 4517 4074
3 4051 4515 4517
3 3989 4515 4518
3 4051 4518 4515
3 4128 4519 4075
3 4180 4521 4142
3 4042 4520 4045
3 4519 4108 4522
3 4519 4521 4520
3 4143 4522 4108
3 4142 4522 4143
3 4519 4522 4521
3 4290 4523 4166
3 4348 4523 4164
3 4524 2594 4489
3 4185 4524 4186
3 4346 4526 4525
3 4526 4527 4525
3 4333 4526 4346
3 4527 4526 4341
3 4528 4527 4341
3 4530 4150 4525
3 4339 4528 4341
3 4531 4529 4528
3 4342 4531 4431
3 4531 4528 4431
3 4527 4338 4530
3 3426 4529 4531
3 4228 3897 4533
3 4371 4229 4532
3 3597 4532 4533
3 4228 4533 4532
3 4444 4534 3845
3 4416 4534 4411
3 0 4536 4456
3 4536 4434 4455
3 4537 4536 4535
3 4436 4537 4347
3 4457 4537 4349
3 3868 4538 3505
3 3883 4538 3742
3 2876 4539 174
3 2554 2540 4539
CELL_TYPES 8763
7
7
7
7
7
7
7
7
7
7
7
7
7
7
7
7
7
7
7
7
7
7
7
7
7
7
7
7
7
7
7
7
7
7
7
7
7
7
7
7
7
7
7
7
7
7
7
7
7
7
7
7
7
7
7
7
7
7
7
7
7
7
7
7
7
7
7
7
7
7
7
7
7
7
7
7
7
7
7
7
7
7
7
7
7
7
7
7
7
7
7
7
7
7
7
7
7
7
7
7
7
7
7
7
7
7
7
7
7
7
7
7
7
7
7
7
7
7
7
7
7
7
7
7
7
7
7
7
7
7
7
7
7
7
7
7
7
7
7
7
7
7
7
7
7
7
7
7
7
7
7
7
7
7
7
7
7
7
7
7
7
7
7
7
7
7
7
7
7
7
7
7
7
7
7
7
7
7
7
7
7
7
7
7
7
7
7
7
7
7
7
7
7
7
7
7
7
7
7
7
7
7
7
7
7
7
7
7
7
7
7
7
7
7
7
7
7
7
7
7
7
7
7
7
7
7
7
7
7
7
7
7
7
7
7
7
7
7
7
7
7
7
7
7
7
7
7
7
7
7
7
7
7
7
7
7
7
7
7
7
7
7
7
7
7
7
7
7
7
7
7
7
7
7
7
7
7
7
7
7
7
7
7
7
7
7
7
7
7
7
7
7
7
7
7
7
7
7
7
7
7
7
7
7
7
7
7
7
7
7
7
7
7
7
7
7
7
7
7
7
7
7
7
7
7
7
7
7
7
7
7
7
7
7
7
7
7
7
7
7
7
7
7
7
7
7
7
7
7
7
7
7
7
7
7
7
7
7
7
7
7
7
7
7
7
7
7
7
7
7
7
7
7
7
7
7
7
7
7
7
7
7
7
7
7
7
7
7
7
7
7
7
7
7
7
7
7
7
7
7
7
7
7
7
7
7
7
7
7
7
7
7
7
7
7
7
7
7
7
7
7
7
7
7
7
7
7
7
7
7
7
7
7
7
7
7
7
7
7
7
7
7
7
7
7
7
7
7
7
7
7
7
7
7
7
7
7
7
7
7
7
7
7
7
7
7
7
7
7
7
7
7
7
7
7
7
7
7
7
7
7
7
7
7
7
7
7
7
7
7
7
7
7
7
7
7
7
7
7
7
7
7
7
7
7
7
7
7
7
7
7
7
7
7
7
7
7
7
7
7
7
7
7
7
7
7
7
7
7
7
7
7
7
7
7
7
7
7
7
7
7
7
7
7
7
7
7
7
7
7
7
7
7
7
7
7
7
7
7
7
7
7
7
7
7
7
7
7
7
7
7
7
7
7
7
7
7
7
7
7
7
7
7
7
7
7
7
7
7
7
7
7
7
7
7
7
7
7
7
7
7
7
7
7
7
7
7
7
7
7
7
7
7
7
7
7
7
7
7
7
7
7
7
7
7
7
7
7
7
7
7
7
7
7
7
7
7
7
7
7
7
7
7
7
7
7
7
7
7
7
7
7
7
7
7
7
7
7
7
7
7
7
7
7
7
7
7
7
7
7
7
7
7
7
7
7
7
7
7
7
7
7
7
7
7
7
7
7
7
7
7
7
7
7
7
7
7
7
7
7
7
7
7
7
7
7
7
7
7
7
7
7
7
7
7
7
7
7
7
7
7
7
7
7
7
7
7
7
7
7
7
7
7
7
7
7
7
7
7
7
7
7
7
7
7
7
7
7
7
7
7
7
7
7
7
7
7
7
7
7
7
7
7
7
7
7
7
7
7
7
7
7
7
7
7
7
7
7
7
7
7
7
7
7
7
7
7
7
7
7
7
7
7
7
7
7
7
7
7
7
7
7
7
7
7
7
7
7
7
7
7
7
7
7
7
7
7
7
7
7
7
7
7
7
7
7
7
7
7
7
7
7
7
7
7
7
7
7
7
7
7
7
7
7
7
7
7
7
7
7
7
7
7
7
7
7
7
7
7
7
7
7
7
7
7
7
7
7
7
7
7
7
7
7
7
7
7
7
7
7
7
7
7
7
7
7
7
7
7
7
7
7
7
7
7
7
7
7
7
7
7
7
7
7
7
7
7
7
7
7
7
7
7
7
7
7
7
7
7
7
7
7
7
7
7
7
7
7
7
7
7
7
7
7
7
7
7
7
7
7
7
7
7
7
7
7
7
7
7
7
7
7
7
7
7
7
7
7
7
7
7
7
7
7
7
7
7
7
7
7
7
7
7
7
7
7
7
7
7
7
7
7
7
7
7
7
7
7
7
7
7
7
7
7
7
7
7
7
7
7
7
7
7
7
7
7
7
7
7
7
7
7
7
7
7
7
7
7
7
7
7
7
7
7
7
7
7
7
7
7
7
7
7
7
7
7
7
7
7
7
7
7
7
7
7
7
7
7
7
7
7
7
7
7
7
7
7
7
7
7
7
7
7
7
7
7
7
7
7
7
7
7
7
7
7
7
7
7
7
7
7
7
7
7
7
7
7
7
7
7
7
7
7
7
7
7
7
7
7
7
7
7
7
7
7
7
7
7
7
7
7
7
7
7
7
7
7
7
7
7
7
7
7
7
7
7
7
7
7
7
7
7
7
7
7
7
7
7
7
7
7
7
7
7
7
7
7
7
7
7
7
7
7
7
7
7
7
7
7
7
7
7
7
7
7
7
7
7
7
7
7
7
7
7
7
7
7
7
7
7
7
7
7
7
7
7
7
7
7
7
7
7
7
7
7
7
7
7
7
7
7
7
7
7
7
7
7
7
7
7
7
7
7
7
7
7
7
7
7
7
7
7
7
7
7
7
7
7
7
7
7
7
7
7
7
7
7
7
7
7
7
7
7
7
7
7
7
7
7
7
7
7
7
7
7
7
7
7
7
7
7
7
7
7
7
7
7
7
7
7
7
7
7
7
7
7
7
7
7
7
7
7
7
7
7
7
7
7
7
7
7
7
7
7
7
7
7
7
7
7
7
7
7
7
7
7
7
7
7
7
7
7
7
7
7
7
7
7
7
7
7
7
7
7
7
7
7
7
7
7
7
7
7
7
7
7
7
7
7
7
7
7
7
7
7
7
7
7
7
7
7
7
7
7
7
7
7
7
7
7
7
7
7
7
7
7
7
7
7
7
7
7
7
7
7
7
7
7
7
7
7
7
7
7
7
7
7
7
7
7
7
7
7
7
7
7
7
7
7
7
7
7
7
7
7
7
7
7
7
7
7
7
7
7
7
7
7
7
7
7
7
7
7
7
7
7
7
7
7
7
7
7
7
7
7
7
7
7
7
7
7
7
7
7
7
7
7
7
7
7
7
7
7
7
7
7
7
7
7
7
7
7
7
7
7
7
7
7
7
7
7
7
7
7
7
7
7
7
7
7
7
7
7
7
7
7
7
7
7
7
7
7
7
7
7
7
7
7
7
7
7
7
7
7
7
7
7
7
7
7
7
7
7
7
7
7
7
7
7
7
7
7
7
7
7
7
7
7
7
7
7
7
7
7
7
7
7
7
7
7
7
7
7
7
7
7
7
7
7
7
7
7
7
7
7
7
7
7
7
7
7
7
7
7
7
7
7
7
7
7
7
7
7
7
7
7
7
7
7
7
7
7
7
7
7
7
7
7
7
7
7
7
7
7
7
7
7
7
7
7
7
7
7
7
7
7
7
7
7
7
7
7
7
7
7
7
7
7
7
7
7
7
7
7
7
7
7
7
7
7
7
7
7
7
7
7
7
7
7
7
7
7
7
7
7
7
7
7
7
7
7
7
7
7
7
7
7
7
7
7
7
7
7
7
7
7
7
7
7
7
7
7
7
7
7
7
7
7
7
7
7
7
7
7
7
7
7
7
7
7
7
7
7
7
7
7
7
7
7
7
7
7
7
7
7
7
7
7
7
7
7
7
7
7
7
7
7
7
7
7
7
7
7
7
7
7
7
7
7
7
7
7
7
7
7
7
7
7
7
7
7
7
7
7
7
7
7
7
7
7
7
7
7
7
7
7
7
7
7
7
7
7
7
7
7
7
7
7
7
7
7
7
7
7
7
7
7
7
7
7
7
7
7
7
7
7
7
7
7
7
7
7
7
7
7
7
7
7
7
7
7
7
7
7
7
7
7
7
7
7
7
7
7
7
7
7
7
7
7
7
7
7
7
7
7
7
7
7
7
7
7
7
7
7
7
7
7
7
7
7
7
7
7
7
7
7
7
7
7
7
7
7
7
7
7
7
7
7
7
7
7
7
7
7
7
7
7
7
7
7
7
7
7
7
7
7
7
7
7
7
7
7
7
7
7
7
7
7
7
7
7
7
7
7
7
7
7
7
7
7
7
7
7
7
7
7
7
7
7
7
7
7
7
7
7
7
7
7
7
7
7
7
7
7
7
7
7
7
7
7
7
7
7
7
7
7
7
7
7
7
7
7
7
7
7
7
7
7
7
7
7
7
7
7
7
7
7
7
7
7
7
7
7
7
7
7
7
7
7
7
7
7
7
7
7
7
7
7
7
7
7
7
7
7
7
7
7
7
7
7
7
7
7
7
7
7
7
7
7
7
7
7
7
7
7
7
7
7
7
7
7
7
7
7
7
7
7
7
7
7
7
7
7
7
7
7
7
7
7
7
7
7
7
7
7
7
7
7
7
7
7
7
7
7
7
7
7
7
7
7
7
7
7
7
7
7
7
7
7
7
7
7
7
7
7
7
7
7
7
7
7
7
7
7
7
7
7
7
7
7
7
7
7
7
7
7
7
7
7
7
7
7
7
7
7
7
7
7
7
7
7
7
7
7
7
7
7
7
7
7
7
7
7
7
7
7
7
7
7
7
7
7
7
7
7
7
7
7
7
7
7
7
7
7
7
7
7
7
7
7
7
7
7
7
7
7
7
7
7
7
7
7
7
7
7
7
7
7
7
7
7
7
7
7
7
7
7
7
7
7
7
7
7
7
7
7
7
7
7
7
7
7
7
7
7
7
7
7
7
7
7
7
7
7
7
7
7
7
7
7
7
7
7
7
7
7
7
7
7
7
7
7
7
7
7
7
7
7
7
7
7
7
7
7
7
7
7
7
7
7
7
7
7
7
7
7
7
7
7
7
7
7
7
7
7
7
7
7
7
7
7
7
7
7
7
7
7
7
7
7
7
7
7
7
7
7
7
7
7
7
7
7
7
7
7
7
7
7
7
7
7
7
7
7
7
7
7
7
7
7
7
7
7
7
7
7
7
7
7
7
7
7
7
7
7
7
7
7
7
7
7
7
7
7
7
7
7
7
7
7
7
7
7
7
7
7
7
7
7
7
7
7
7
7
7
7
7
7
7
7
7
7
7
7
7
7
7
7
7
7
7
7
7
7
7
7
7
7
7
7
7
7
7
7
7
7
7
7
7
7
7
7
7
7
7
7
7
7
7
7
7
7
7
7
7
7
7
7
7
7
7
7
7
7
7
7
7
7
7
7
7
7
7
7
7
7
7
7
7
7
7
7
7
7
7
7
7
7
7
7
7
7
7
7
7
7
7
7
7
7
7
7
7
7
7
7
7
7
7
7
7
7
7
7
7
7
7
7
7
7
7
7
7
7
7
7
7
7
7
7
7
7
7
7
7
7
7
7
7
7
7
7
7
7
7
7
7
7
7
7
7
7
7
7
7
7
7
7
7
7
7
7
7
7
7
7
7
7
7
7
7
7
7
7
7
7
7
7
7
7
7
7
7
7
7
7
7
7
7
7
7
7
7
7
7
7
7
7
7
7
7
7
7
7
7
7
7
7
7
7
7
7
7
7
7
7
7
7
7
7
7
7
7
7
7
7
7
7
7
7
7
7
7
7
7
7
7
7
7
7
7
7
7
7
7
7
7
7
7
7
7
7
7
7
7
7
7
7
7
7
7
7
7
7
7
7
7
7
7
7
7
7
7
7
7
7
7
7
7
7
7
7
7
7
7
7
7
7
7
7
7
7
7
7
7
7
7
7
7
7
7
7
7
7
7
7
7
7
7
7
7
7
7
7
7
7
7
7
7
7
7
7
7
7
7
7
7
7
7
7
7
7
7
7
7
7
7
7
7
7
7
7
7
7
7
7
7
7
7
7
7
7
7
7
7
7
7
7
7
7
7
7
7
7
7
7
7
7
7
7
7
7
7
7
7
7
7
7
7
7
7
7
7
7
7
7
7
7
7
7
7
7
7
7
7
7
7
7
7
7
7
7
7
7
7
7
7
7
7
7
7
7
7
7
7
7
7
7
7
7
7
7
7
7
7
7
7
7
7
7
7
7
7
7
7
7
7
7
7
7
7
7
7
7
7
7
7
7
7
7
7
7
7
7
7
7
7
7
7
7
7
7
7
7
7
7
7
7
7
7
7
7
7
7
7
7
7
7
7
7
7
7
7
7
7
7
7
7
7
7
7
7
7
7
7
7
7
7
7
7
7
7
7
7
7
7
7
7
7
7
7
7
7
7
7
7
7
7
7
7
7
7
7
7
7
7
7
7
7
7
7
7
7
7
7
7
7
7
7
7
7
7
7
7
7
7
7
7
7
7
7
7
7
7
7
7
7
7
7
7
7
7
7
7
7
7
7
7
7
7
7
7
7
7
7
7
7
7
7
7
7
7
7
7
7
7
7
7
7
7
7
7
7
7
7
7
7
7
7
7
7
7
7
7
7
7
7
7
7
7
7
7
7
7
7
7
7
7
7
7
7
7
7
7
7
7
7
7
7
7
7
7
7
7
7
7
7
7
7
7
7
7
7
7
7
7
7
7
7
7
7
7
7
7
7
7
7
7
7
7
7
7
7
7
7
7
7
7
7
7
7
7
7
7
7
7
7
7
7
7
7
7
7
7
7
7
7
7
7
7
7
7
7
7
7
7
7
7
7
7
7
7
7
7
7
7
7
7
7
7
7
7
7
7
7
7
7
7
7
7
7
7
7
7
7
7
7
7
7
7
7
7
7
7
7
7
7
7
7
7
7
7
7
7
7
7
7
7
7
7
7
7
7
7
7
7
7
7
7
7
7
7
7
7
7
7
7
7
7
7
7
7
7
7
7
7
7
7
7
7
7
7
7
7
7
7
7
7
7
7
7
7
7
7
7
7
7
7
7
7
7
7
7
7
7
7
7
7
7
7
7
7
7
7
7
7
7
7
7
7
7
7
7
7
7
7
7
7
7
7
7
7
7
7
7
7
7
7
7
7
7
7
7
7
7
7
7
7
7
7
7
7
7
7
7
7
7
7
7
7
7
7
7
7
7
7
7
7
7
7
7
7
7
7
7
7
7
7
7
7
7
7
7
7
7
7
7
7
7
7
7
7
7
7
7
7
7
7
7
7
7
7
7
7
7
7
7
7
7
7
7
7
7
7
7
7
7
7
7
7
7
7
7
7
7
7
7
7
7
7
7
7
7
7
7
7
7
7
7
7
7
7
7
7
7
7
7
7
7
7
7
7
7
7
7
7
7
7
7
7
7
7
7
7
7
7
7
7
7
7
7
7
7
7
7
7
7
7
7
7
7
7
7
7
7
7
7
7
7
7
7
7
7
7
7
7
7
7
7
7
7
7
7
7
7
7
7
7
7
7
7
7
7
7
7
7
7
7
7
7
7
7
7
7
7
7
7
7
7
7
7
7
7
7
7
7
7
7
7
7
7
7
7
7
7
7
7
7
7
7
7
7
7
7
7
7
7
7
7
7
7
7
7
7
7
7
7
7
7
7
7
7
7
7
7
7
7
7
7
7
7
7
7
7
7
7
7
7
7
7
7
7
7
7
7
7
7
7
7
7
7
7
7
7
7
7
7
7
7
7
7
7
7
7
7
7
7
7
7
7
7
7
7
7
7
7
7
7
7
7
7
7
7
7
7
7
7
7
7
7
7
7
7
7
7
7
7
7
7
7
7
7
7
7
7
7
7
7
7
7
7
7
7
7
7
7
7
7
7
7
7
7
7
7
7
7
7
7
7
7
7
7
7
7
7
7
7
7
7
7
7
7
7
7
7
7
7
7
7
7
7
7
7
7
7
7
7
7
7
7
7
7
7
7
7
7
7
7
7
7
7
7
7
7
7
7
7
7
7
7
7
7
7
7
7
7
7
7
7
7
7
7
7
7
7
7
7
7
7
7
7
7
7
7
7
7
7
7
7
7
7
7
7
7
7
7
7
7
7
7
7
7
7
7
7
7
7
7
7
7
7
7
7
7
7
7
7
7
7
7
7
7
7
7
7
7
7
7
7
7
7
7
7
7
7
7
7
7
7
7
7
7
7
7
7
7
7
7
7
7
7
7
7
7
7
7
7
7
7
7
7
7
7
7
7
7
7
7
7
7
7
7
7
7
7
7
7
7
7
7
7
7
7
7
7
7
7
7
7
7
7
7
7
7
7
7
7
7
7
7
7
7
7
7
7
7
7
7
7
7
7
7
7
7
7
7
7
7
7
7
7
7
7
7
7
7
7
7
7
7
7
7
7
7
7
7
7
7
7
7
7
7
7
7
7
7
7
7
7
7
7
7
7
7
7
7
7
7
7
7
7
7
7
7
7
7
7
7
7
7
7
7
7
7
7
7
7
7
7
7
7
7
7
7
7
7
7
7
7
7
7
7
7
7
7
7
7
7
7
7
7
7
7
7
7
7
7
7
7
7
7
7
7
7
7
7
7
7
7
7
7
7
7
7
7
7
7
7
7
7
7
7
7
7
7
7
7
7
7
7
7
7
7
7
7
7
7
7
7
7
7
7
7
7
7
7
7
7
7
7
7
7
7
7
7
7
7
7
7
7
7
7
7
7
7
7
7
7
7
7
7
7
7
7
7
7
7
7
7
7
7
7
7
7
7
7
7
7
7
7
7
7
7
7
7
7
7
7
7
7
7
7
7
7
7
7
7
7
7
7
7
7
7
7
7
7
7
7
7
7
7
7
7
7
7
7
7
7
7
7
7
7
7
7
7
7
7
7
7
7
7
7
7
7
7
7
7
7
7
7
7
7
7
7
7
7
7
7
7
7
7
7
7
7
7
7
7
7
7
7
7
7
7
7
7
7
7
7
7
7
7
7
7
7
7
7
7
7
7
7
7
7
7
7
7
7
7
7
7
7
7
7
7
7
7
7
7
7
7
7
7
7
7
7
7
7
7
7
7
7
7
7
7
7
7
7
7
7
7
7
7
7
7
7
7
7
7
7
7
7
7
7
7
7
7
7
7
7
7
7
7
7
7
7
7
7
7
7
7
7
7
7
7
7
7
7
7
7
7
7
7
7
7
7
7
7
7
7
7
7
7
7
7
7
7
7
7
7
7
7
7
7
7
7
7
7
7
7
7
7
7
7
7
7
7
7
7
7
7
7
7
7
7
7
7
7
7
7
7
7
7
7
7
7
7
7
7
7
7
7
7
7
7
7
7
7
7
7
7
7
7
7
7
7
7
7
7
7
7
7
7
7
7
7
7
7
7
7
7
7
7
7
7
7
7
7
7
7
7
7
7
7
7
7
7
7
7
7
7
7
7
7
7
7
7
7
7
7
7
7
7
7
7
7
7
7
7
7
7
7
7
7
7
7
7
7
7
7
7
7
7
7
7
7
7
7
7
7
7
7
7
7
7
7
7
7
7
7
7
7
7
7
7
7
7
7
7
7
7
7
7
7
7
7
7
7
7
7
7
7
7
7
7
7
7
7
7
7
7
7
7
7
7
7
7
7
7
7
7
7
7
7
7
7
7
7
7
7
7
7
7
7
7
7
7
7
7
7
7
7
7
7
7
7
7
7
7
7
7
7
7
7
7
7
7
7
7
7
7
7
7
7
7
7
7
7
7
7
7
7
7
7
7
7
7
7
7
7
7
7
7
7
7
7
7
7
7
7
7
7
7
7
7
7
7
7
7
7
7
7
7
7
7
7
7
7
7
7
7
7
7
7
7
7
7
7
7
7
7
7
7
7
7
7
7
7
7
7
7
7
7
7
7
7
7
7
7
7
7
7
7
7
7
7
7
7
7
7
7
7
7
7
7
7
7
7
7
7
7
7
7
7
7
7
7
7
7
7
7
7
7
7
7
7
7
7
7
7
7
7
7
7
7
7
7
7
7
7
7
7
7
7
7
7
7
7
7
7
7
7
7
7
7
7
7
7
7
7
7
7
7
7
7
7
7
7
7
7
7
7
7
7
7
7
7
7
7
7
7
7
7
7
7
7
7
7
7
7
7
7
7
7
7
7
7
7
7
7
7
7
7
7
7
7
7
7
7
7
7
7
7
7
7
7
7
7
7
7
7
7
7
7
7
7
7
7
7
7
7
7
7
7
7
7
7
7
7
7
7
7
7
7
7
7
7
7
7
7
7
7
7
7
7
7
7
7
7
7
7
7
7
7
7
7
7
7
7
7
7
7
7
7
7
7
7
7
7
7
7
7
7
7
7
7
7
7
7
7
7
7
7
7
7
7
7
7
7
7
7
7
7
7
7
7
7
7
7
7
7
7
7
7
7
7
7
7
7
7
7
7
7
7
7
7
7
7
7
7
7
7
7
7
7
7
7
7
7
7
7
7
7
7
7
7
7
7
7
7
7
7
7
7
7
7
7
7
7
7
7
7
7
7
7
7
7
7
7
7
7
7
7
7
7
7
7
7
7
7
7
7
7
7
7
7
7
7
7
7
7
7
7
7
7
7
7
7
7
7
7
7
7
7
7
7
7
7
7
7
7
7
7
7
7
7
7
7
7
7
7
7
7
7
7
7
7
7
7
7
7
7
7
7
7
7
7
7
7
7
7
7
7
7
7
7
7
7
7
7
7
7
7
7
7
7
7
7
7
7
7
7
7
7
7
7
7
7
7
7
7
7
7
7
7
7
7
7
7
7
7
7
7
7
7
7
7
7
7
7
7
7
7
7
7
7
7
7
7
7
7
7
7
7
7
7
7
7
7
7
7
7
7
7
7
7
7
7
7
7
7
7
7
7
7
7
7
7
7
7
7
7
7
7
7
7
7
7
7
7
7
7
7
7
7
7
7
7
7
7
7
7
7
7
7
7
7
7
7
7
7
7
7
7
7
7
7
7
7
7
7
7
7
7
7
7
7
7
7
7
7
7
7
7
7
7
7
7
7
7
7
7
7
7
7
7
7
7
7
7
7
7
7
7
7
7
7
7
7
7
7
7
7
7
7
7
7
7
7
7
7
7
7
7
7
7
7
7
7
7
7
7
7
7
7
7
7
7
7
7
7
7
7
7
7
7
7
7
7
7
7
7
7
7
7
7
7
7
7
7
7
7
7
7
7
7
7
7
7
7
7
7
7
7
7
7
7
7
7
7
7
7
7
7
7
7
7
7
7
7
7
7
7
7
7
7
7
7
7
7
7
7
7
7
7
7
7
7
7
7
7
7
7
7
7
7
7
7
7
7
7
7
7
7
7
7
7
7
7
7
7
7
7
7
7
7
7
7
7
7
7
7
7
7
7
7
7
7
7
7
7
7
7
7
7
7
7
7
7
7
7
7
7
7
7
7
7
7
7
7
7
7
7
7
7
7
7
7
7
7
7
7
7
7
7
7
7
7
7
7
7
7
7
7
7
7
7
7
7
7
7
7
7
7
7
7
7
7
7
7
7
7
7
7
7
7
7
7
7
7
7
7
7
7
7
7
7
7
7
7
7
7
7
7
7
7
7
7
7
7
7
7
7
7
7
7
7
7
7
7
7
7
7
7
7
7
7
7
7
7
7
7
7
7
7
7
7
7
7
7
7
7
7
7
7
7
7
7
7
7
7
7
7
7
7
7
7
7
7
7
7
7
7
7
7
7
7
7
7
7
7
7
7
7
7
7
7
7
7
7
7
7
7
7
7
7
7
7
7
7
7
7
7
7
7
7
7
7
7
7
7
7
7
7
7
7
7
7
7
7
7
7
7
7
7
7
7
7
7
7
7
7
7
7
7
7
7
7
7
7
7
7
7
7
7
7
7
7
7
7
7
7
7
7
7
7
7
7
7
7
7
7
7
7
7
7
7
7
7
7
7
7
7
7
7
7
7
7
7
7
7
7
7
7
7
7
7
7
7
7
7
7
7
7
7
7
7
7
7
7
7
7
7
7
7
7
7
7
7
7
7
7
7
7
7
7
7
7
7
7
7
7
7
7
7
7
7
7
7
7
7
7
7
7
7
7
7
7
7
7
7
7
7
7
7
7
7
7
7
7
7
7
7
7
7
7
7
7
7
7
7
7
7
7
7
7
7
7
7
7
7
7
7
7
7
7
7
7
7
7
7
7
7
7
7
7
7
7
7
7
7
7
7
7
7
7
7
7
7
7
7
7
7
7
7
7
7
7
7
7
7
7
7
7
7
7
7
7
7
7
7
7
7
7
7
7
7
7
7
7
7
7
7
7
7
7
7
7
7
7
7
7
7
7
7
7
7
7
7
7
7
7
7
7
7
7
7
7
7
7
7
7
7
7
7
7
7
7
7
7
7
7
7
7
7
7
7
7
7
7
7
7
7
7
7
7
7
7
7
7
7
7
7
7
7
7
7
7
7
7
7
7
7
7
7
7
7
7
7
7
7
7
7
7
7
7
7
7
7
7
7
7
7
7
7
7
7
7
7
7
7
7
7
7
7
7
7
7
7
7
7
7
7
7
7
7
7
7
7
7
7
7
7
7
7
7
7
7
7
7
7
7
7
7
7
7
7
7
7
7
7
7
7
7
7
7
7
7
7
7
7
7
7
7
7
7
7
7
7
7
7
7
7
7
7
7
7
7
7
7
7
7
7
7
7
7
7
7
7
7
7
7
7
7
7
7
7
7
7
7
7
7
7
7
7
7
7
7
7
7
7
7
7
7
7
7
7
7
7
7
7
7
7
7
7
7
7
7
7
7
7
7
7
7
7
7
7
7
7
7
7
7
7
7
7
7
7
7
7
7
7
7
7
7
7
7
7
7
7
7
7
7
7
7
7
7
7
7
7
7
7
7
7
7
7
7
7
7
7
7
7
7
7
7
7
7
7
7
7
7
7
7
7
7
7
7
7
7
7
7
7
7
7
7
7
7
7
7
7
7
7
7
7
7
7
7
7
7
7
7
7
7
7
7
7
7
7
7
7
7
7
7
7
7
7
7
7
7
7
7
7
7
7
7
7
7
7
7
7
7
7
7
7
7
7
7
7
7
7
7
7
7
7
7
7
7
7
7
7
7
7
7
7
7
7
7
7
7
7
7
7
7
7
7
7
7
7
7
7
7
7
7
7
7
7
7
7
7
7
7
7
7
7
7
7
7
7
7
7
7
7
7
7
7
7
7
7
7
7
7
7
7
7
7
7
7
7
7
7
7
7
7
7
7
7
7
7
7
7
7
7
7
7
7
7
7
7
7
7
7
7
7
7
7
7
7
7
7
7
7
7
7
7
7
7
7
7
7
7
7
7
7
7
7
7
7
7
7
7
7
7
7
7
7
7
7
7
7
7
7
7
7
7
7
7
7
7
7
7
7
7
7
7
7
7
7
7
7
7
7
7
7
7
7
7
7
7
7
7
7
7
7
7
7
7
7
7
7
7
7
7
7
7
7
7
7
7
7
7
7
7
7
7
7
7
7
7
7
7
7
7
7
7
7
7
7
7
7
7
7
7
7
7
7
7
7
7
7
7
7
7
7
7
7
7
7
7
7
7
7
7
7
7
7
7
7
7
7
7
7
7
7
7
7
7
7
7
7
7
7
7
7
7
7
7
7
7
7
7
7
7
7
7
7
7
7
7
7
7
7
7
7
7
7
7
7
7
7
7
7
7
7
7
7
7
7
7
7
7
7
7
7
7
7
7
7
7
7
7
7
7
7
7
7
7
7
7
7
7
7
7
7
7
7
7
7
7
7
7
7
7
7
7
7
7
7
7
7
7
7
7
7
7
7
7
7
7
7
7
7
7
7
7
7
7
7
7
7
7
7
7
7
7
7
7
7
7
7
7
7
7
7
7
7
7
7
7
7
7
7
7
7
7
7
7
7
7
7
7
7
7
7
7
7
7
7
7
7
7
7
7
7
7
7
7
7
7
7
7
7
7
7
7
7
7
7
7
7
7
7
7
7
7
7
7
7
7
7
7
7
7
7
7
7
7
7
7
7
7
7
7
7
7
7
7
7
7
7
7
7
7
7
7
7
7
7
7
7
7
7
7
7
7
7
7
7
7
7
7
7
7
7
7
7
7
7
7
7
7
7
7
7
7
7
7
7
7
7
7
7
7
7
7
7
7
7
7
7
7
7
7
7
7
7
7
7
7
7
7
7
7
7
7
7
7
7
7
7
7
7
7
7
7
7
7
7
7
7
7
7
7
7
7
7
7
7
7
7
7
7
7
7
7
7
7
7
7
7
7
7
7
7
7
7
7
7
7
7
7
7
7
7
7
7
7
7
7
7
7
7
7
7
7
7
7
7
7
7
7
7
7
7
7
7
7
7
7
7
7
7
7
7
7
7
7
7
7
7
7
7
7
7
7
7
7
7
7
7
7
7
7
7
7
7
7
7
7
7
7
7
7
7
7
7
7
7
7
7
7
7
7
7
7
7
7
7
7
7
7
7
7
7
7
7
7
7
7
7
7
7
7
7
7
7
7
7
7
7
7
7
7
7
7
7
7
7
7
7
7
7
7
7
7
7
7
7
7
7
7
7
7
7
7
7
7
7
7
7
7
7
7
7
7
7
7
7
7
7
7
7
7
7
7
7
7
7
7
7
7
7
7
7
7
7
7
7
7
7
7
7
7
7
7
7
7
7
7
7
7
7
7
7
7
7
7
7
7
7
7
7
7
7
7
7
7
7
7
7
7
7
7
7
7
7
7
7
7
7
7
7
7
7
7
7
7
7
7
7
7
7
7
7
7
7
7
7
7
7
7
7
7
7
7
7
7
7
7
7
7
7
7
7
7
7
7
7
7
7
7
7
7
7
7
7
7
7
7
7
7
7
7
7
7
7
7
7
7
7
7
7
7
7
7
7
7
7
7
7
7
7
7
7
7
7
7
7
7
7
7
7
7
7
7
7
7
7
7
7
7
7
7
7
7
7
7
7
7
7
7
7
7
7
7
7
7
7
7
7
7
7
7
7
7
7
7
7
7
7
7
7
7
7
7
7
7
7
7
7
7
7
7
7
7
7
7
7
7
7
7
7
7
7
7
7
7
7
7
7
7
7
7
7
7
7
7
7
7
7
7
7
7
7
7
7
7
7
7
7
7
7
7
7
7
7
7
7
7
7
7
7
7
7
7
7
7
7
7
7
7
7
7
7
7
7
7
7
7
7
7
7
7
7
7
7
7
7
7
7
7
7
7
7
7
7
7
7
7
7
7
7
7
7
7
7
7
7
7
7
7
7
7
7
7
7
7
7
7
7
7
7
7
7
7
7
7
7
7
7
7
7
7
7
7
7
7
7
7
7
7
7
7
7
7
7
7
7
7
7
7
7
7
7
7
7
7
7
7
7
7
7
7
7
7
7
7
7
7
7
7
7
7
7
7
7
7
7
7
7
7
7
7
7
7
7
7
7
7
7
7
7
7
7
7
7
7
7
7
7
7
7
7
7
7
7
7
7
7
7
7
7
7
7
7
7
7
7
7
7
7
7
7
7
7
7
7
7
7
7
7
7
7
7
7
7
7
7
7
7
7
7
7
7
7
7
7
7
7
7
7
7
7
7
7
7
7
7
7
7
7
7
7
7
7
7
7
7
7
7
7
7
7
7
7
7
7
7
7
7
7
7
7
7
7
7
7
7
7
7
7
7
7
7
7
7
7
7
7
7
7
7
7
7
7
7
7
7
7
7
7
7
7
7
7
7
7
7
7
7
7
7
7
7
7
7
7
7
7
7
7
7
7
7
7
7
7
7
7
7
7
7
7
7
7
7
7
7
7
7
7
7
7
7
7
7
7
7
7
7
7
7
7
7
7
7
7
7
7
7
7
7
7
7
7
7
7
7
7
7
7
7
7
7
7
7
7
7
7
7
7
7
7
7
7
7
7
7
7
7
7
7
7
7
7
7
7
7
7
7
7
7
7
7
7
7
7
7
7
7
7
7
7
7
7
7
7
7
7
7
7
7
7
7
7
7
7
7
7
7
7
7
7
7
7
7
7
7
7
7
7
7
7
7
7
7
7
7
7
7
7
7
7
7
7
7
7
7
7
7
7
7
7
7
7
7
7
7
7
7
7
7
7
7
7
7
7
7
7
7
7
7
7
7
7
7
7
7
7
7
7
7
7
7
7
7
7
7
7
7
7
7
7
7
7
7
7
7
7
7
7
7
7
7
7
7
7
7
7
7
7
7
7
7
7
7
7
7
7
7
7
7
7
7
7
7
7
7
7
7
7
7
7
7
7
7
7
7
7
7
7
7
7
7
7
7
7
7
7
7
7
7
7
7
7
7
7
7
7
7
7
7
7
7
7
7
7
7
7
7
7
7
7
7
7
7
7
7
7
7
7
7
7
7
7
7
7
7
7
7
7
7
7
7
7
7
7
7
7
7
7
7
7
7
7
7
7
7
7
7
7
7
7
7
7
7
7
7
7
7
7
7
7
7
7
7
7
7
7
7
7
7
7
7
7
7
7
7
7
7
7
7
7
7
7
7
7
7
7
7
7
7
7
7
7
7
7
7
7
7
7
7
7
7
7
7
7
7
7
7
7
7
7
7
7
7
7
7
7
7
7
7
7
7
7
7
7
7
7
7
7
7
7
7
7
7
7
7
7
7
7
7
7
7
7
7
7
7
7
7
7
7
7
7
7
7
7
7
7
7
7
7
7
7
7
7
7
7
7
7
7
7
7
7
7
7
7
7
7
7
7
7
7
7
7
7
7
7
7
7
7
7
7
7
7
7
7
7
7
7
7
7
7
7
7
7
7
7
7
7
7
7
7
7
7
7
7
7
7
7
7
7
7
7
7
7
7
7
7
7
7
7
7
7
7
7
7
7
7
7
7
7
7
7
7
7
7
7
7
7
7
7
7
7
7
7
7
7
7
7
7
7
7
7
7
7
7
7
7
7
7
7
7
7
7
7
7
7
7
7
7
7
7
7
7
7
7
7
7
7
7
7
7
7
7
7
7
7
7
7
7
7
7
7
7
7
7
7
7
7
7
7
7
7
7
7
7
7
7
7
7
7
7
7
7
7
7
7
7
7
7
7
7
7
7
7
7
7
7
7
7
7
7
7
7
7
7
7
7
7
7
7
7
7
7
7
7
7
7
7
7
7
7
7
7
7
7
7
7
7
7
7
7
7
7
7
7
7
7
7
7
7
7
7
7
7
7
7
7
7
7
7
7
7
7
7
7
7
7
7
7
7
7
7
7
7
7
7
7
7
7
7
7
7
7
7
7
7
7
7
7
7
7
7
7
7
7
7
7
7
7
7
7
7
7
7
7
7
7
7
7
7
7
7
7
7
7
7
7
7
7
7
7
7
7
7
7
7
7
7
7
7
7
7
7
7
7
7
7
7
7
7
7
7
7
7
7
7
7
7
7
7
7
7
7
7
7
7
7
7
7
7
7
7
7
7
7
7
7
7
7
7
7
7
7
7
7
7
7
7
7
7
7
7
7
7
7
7
7
7
7
7
7
7
7
7
7
7
7
7
7
7
7
7
7
7
7
7
7
7
7
7
7
7
7
7
7
7
7
7
7
7
7
7
7
7
7
7
7
7
7
7
7
7
7
7
7
7
7
7
7
7
7
7
7
7
7
7
7
7
7
7
7
7
7
7
7
7
7
7
7
7
7
7
7
7
7
7
7
7
7
7
7
7
7
7
7
7
7
7
7
7
7
7
7
7
7
7
7
7
7
7
7
7
7
7
7
7
7
7
7
7
7
7
7
7
7
7
7
7
7
7
7
7
7
7
7
7
7
7
7
7
7
7
7
7
7
7
7
7
7
7
7
7
7
7
7
7
7
7
7
7
7
7
7
7
7
7
7
7
7
7
7
7
7
7
7
7
7
7
7
7
7
7
7
7
7
7
7
7
7
7
7
7
7
7
7
7
7
7
7
7
7
7
7
7
7
7
7
7
7
7
7
7
7
7
7
7
7
7
7
7
7
7
7
7
7
7
7
7
7
7
7
7
7
7
7
7
7
7
7
7
7
7
7
7
7
7
7
7
7
7
7
7
7
7
7
7
7
7
7
7
7
7
7
7
7
7
7
7
7
7
7
7
7
7
7
7
7
7
7
7
7
7
7
7
7
7
7
7
7
7
7
7
7
7
7
7
7
7
7
7
7
7
7
7
7
7
7
7
7
7
7
7
7
7
7
7
7
7
7
7
7
7
7
7
7
7
7
7
7
7
7
7
7
7
7
7
7
7
7
7
7
7
7
7
7
7
7
7
7
7
7
7
7
7
7
7
7
7
7
7
7
7
7
7
7
7
7
7
7
7
7
7
7
7
7
7
7
7
7
7
7
7
7
7
7
7
7
7
7
7
7
7
7
7
7
7
7
7
7
7
7
7
7
7
7
7
7
7
7
7
7
7
7
7
7
7
7
7
7
7
7
7
7
7
7
7
7
7
7
7
7
7
7
7
7
7
7
7
7
7
7
7
7
7
7
7
7
7
7
7
7
7
7
7
7
7
7
7
7
7
7
7
7
7
7
7
7
7
7
7
7
7
7
7
7
7
7
7
7
7
7
7
7
7
7
7
7
7
7
7
7
7
7
7
7
7
7
7
7
7
7
7
7
7
7
7
7
7
7
7
7
7
7
7
7
7
7
7
7
7
7
7
7
7
7
7
7
7
7
7
7
7
7
7
7
7
7
7
7
7
7
7
7
7
7
7
7
7
7
7
7
7
7
7
7
7
7
7
7
7
7
7
7
7
7
7
7
7
7
7
7
7
7
7
7
7
7
7
7
7
7
7
7
7
7
7
7
7
7
7
7
7
7
7
7
7
7
7
7
7
7
7
7
7
7
7
7
7
7
7
7
7
7
7
7
7
7
7
7
7
7
7
7
7
7
7
7
7
7
7
7
7
7
7
7
7
7
7
7
7
7
7
7
7
7
7
7
7
7
7
7
7
7
7
7
7
7
7
7
7
7
7
7
7
7
7
7
7
7
7
7
7
7
7
7
7
7
7
7
7
7
7
7
7
7
7
7
7
7
7
7
7
7
7
7
7
7
7
7
7
7
7
7
7
7
7
7
7
7
7
7
7
7
7
7
7
7
7
7
7
7
7
7
7
7
7
7
7
7
7
7
7
7
7
7
7
7
7
7
7
7
7
7
7
7
7
7
7
7
7
7
7
7
7
7
7
7
7
7
7
7
7
7
7
7
7
7
7
7
7
7
7
7
7
7
7
7
7
7
7
7
7
7
7
7
7
7
7
7
7
7
7
7
7
7
7
7
7
7
7
7
7
7
7
7
7
7
7
7
7
7
7
7
7
7
7
7
7
7
7
7
7
7
7
7
7
7
7
7
7
7
7
7
7
7
7
7
7
7
7
7
7
7
7
7
7
7
7
7
7
7
7
7
7
7
7
7
7
7
7
7
7
7
7
7
7
7
7
7
7
7
7
7
7
7
7
7
7
7
7
7
7
7
7
7
7
7
7
7
7
7
7
7
7
7
7
7
7
7
7
7
7
7
7
7
7
7
7
7
7
7
7
7
7
7
7
7
7
7
7
7
7
7
7
7
7
7
7
7
7
7
7
7
7
7
7
7
7
7
7
7
7
7
7
7
7
7
7
7
7
7
7
7
7
7
7
7
7
7
7
7
7
7
7
7
7
7
7
7
7
7
7
7
7
7
7
7
7
7
7
7
7
7
7
7
7
7
7
7
7
7
7
7
7
7
7
7
7
7
7
7
7
7
7
7
CELL_DATA 8763
SCALARS T float 1
LOOKUP_TABLE default
0.12272392
0.67770092
0.97893635
0.24298863
0.14850748
0.086991122
0.1353082
0.61697549
0.34015352
3.2958758e-05
0.38268851
0.01851924
0.97808961
0.45208804
0.37967575
0.78586332
0.9319259
0.91320632
0.71614735
0.009801991
0.97629954
0.00037113976
0.6479568
0.97384422
0.32547947
0.48974293
0.074584434
0.61928314
0.51955038
0.6890115
0.71427789
0.90904001
0.8260928
0.7897574
0.73214921
0.73979146
0.49036881
0.42498878
0.31244042
0.87736499
0.70544015
0.40084687
0.26135794
0.56723593
0.59164271
0.35012371
0.23420605
0.58781619
0.00040492127
0.014910235
0.41008789
0.37210788
0.24173385
0.46660507
0.14405887
0.23017816
0.30745793
0.27095032
0.30574565
0.19407876
0.16509192
0.536467
0.028245643
0.070666227
0.1980968
0.15131015
0.015193659
0.043904275
0.072081501
0.11400516
0.17356862
0.068808113
0.03419624
0.0025091816
0.07524616
0.0051087126
0.065076343
0.026862765
0.00772778
0.0048278728
0.040553982
0.017820983
0.0022015922
0.0016262008
0.16045542
0.23833305
0.074978066
0.13410124
0.010699962
0.0020984293
0.11238976
0.037097018
0.034458746
0.0034218649
0.16550747
0.060109683
0.027965852
0.015110701
0.0030378889
0.0059669183
0.019013929
0.093331412
0.064439397
0.012559231
7.0640516e-08
0.0028512546
0.23352713
0.034595268
0.028340506
0.013685106
0.0082076573
0.015903298
0.004464688
0.00010764397
0.0082047731
0.0038950866
0.0068750203
0.016221038
0.26247254
0.25231674
0.10757571
0.057544024
0.00048962059
0.0057480006
0.35286574
0.42124083
0.17735043
0.19684787
2.0325737e-06
0.00091056597
0.0064500695
0.011778017
1.5568479e-08
4.2250157e-06
0.0052116075
0.00058129129
1.1002028e-07
0.0027191321
0.0030643204
0.00094877718
0.01815559
0.0024608406
0.00086955973
0.0019281463
7.4867842e-08
0.0004887121
0.0070492269
0.0080311541
0.0022296252
0.0012834489
0.0036575433
5.9637318e-06
5.7227975e-08
6.4252728e-07
3.85923e-11
0.0014725565
0.021006898
0.0045616691
0.0020043352
4.9404087e-08
4.061358e-08
0.00056367116
3.9202658e-08
0.018065397
0.0036142465
0.00022098572
0.00084843303
0.0018351887
0.0010190685
0.022402175
1.3023218e-07
6.0702765e-07
0.0037253019
0.0001256984
0.0045815791
0.00056053554
0.0028457478
7.7605915e-06
0.00010431238
0.00039702232
0.00073765408
0.0086344542
0.0003344104
0.00075982274
0.014738033
7.4497783e-06
3.969768e-05
0.00051435381
8.4925793e-08
0.00012800229
0.00067813986
0.0018253081
0.0039336118
8.3766471e-05
1.7797673e-06
1.2263113e-07
0.010587937
4.2846062e-07
0.03040528
0.015266661
0.034942363
0.15123959
0.064486283
0.0013889731
5.6484038e-05
1.6116116e-07
0.00010652952
7.0257322e-05
0.0062852238
0.0079732027
0.014029346
0.00016678711
0.0084837338
0.00034809718
4.022631e-05
0.00048664714
0.28153816
6.527024e-07
8.1142202e-07
0.00056438583
0.00094657447
0.0019329999
0.0002208524
0.00086755241
0.049204686
0.00033479347
4.5066496e-05
0.0067017481
0.012648817
0.0012566579
7.8448551e-05
0.0015577623
5.1265286e-07
0.0082451685
0.0013011799
0.00081614602
0.0059372273
0.0017947179
0.0024214366
1.2182973e-06
0.00072774804
3.1665392e-06
0.0039186016
1.9870126e-05
0.034555136
2.3105572e-07
0.00012889089
2.0374229e-07
1.0312749e-06
0.21754948
1.4013036e-05
0.0001041891
9.4137975e-06
0.21019527
1.5848015e-06
8.5148363e-05
0.017095936
0.00036393334
0.010418565
8.0188478e-07
0.0065746504
1.0542747e-06
1.6630192e-06
0.61393327
4.9513041e-05
0.02561668
0.0023505884
0.48193995
0.00012959629
1.3084009e-05
1.1225974e-06
0.00011740769
3.9937909e-05
2.9297556e-08
9.0286673e-09
2.5979494e-08
4.3966087e-05
8.9548746e-07
1.3568431e-06
2.1649528e-07
0.00015522043
5.6860535e-07
6.2320991e-05
5.2124622e-05
1.2043287e-07
0.0013556802
0.00019657287
0.0001338649
3.4462997e-06
7.3600501e-07
0.00031520651
0.0012580463
0.019257072
0.00020718591
0.00022982598
2.5266749e-06
5.6106652e-06
0.0012807999
0.0044791357
0.00023117566
8.15796e-08
7.4063379e-08
0.0029771818
2.0141952e-05
0.00027729156
1.836712e-06
3.507692e-07
4.8017534e-08
2.5944087e-06
3.5496045e-07
0.50603445
3.9581233e-06
3.0812144e-07
0.00011002699
1.9441346e-05
0.00016477688
0.010433324
8.5227513e-05
0.34435901
0.00077898649
1.2069211e-07
0.0027917623
0.004830319
0.0046193888
0.36567288
1.1157946e-05
0.0067482566
0.0031719264
0.00023777254
5.0391021e-06
8.9115506e-06
0.16123844
1.4140655e-06
0.16763288
6.3557094e-07
7.1510614e-05
0.045847409
1.9486852e-07
4.4481749e-08
9.0112523e-07
7.335317e-07
8.0806476e-09
7.3152174e-08
4.4658682e-07
5.4780405e-05
4.5465764e-06
9.5067943e-06
0.00062083678
4.3728427e-06
2.1884649e-08
7.4749447e-08
3.4030758e-08
9.8145723e-10
2.8967319e-08
1.0966131e-08
6.0548076e-05
2.3777803e-05
2.8893453e-05
2.7841003e-05
2.1302638e-07
0.00064210866
2.5986187e-05
8.8416729e-06
1.3360652e-08
1.4674373e-08
6.0108855e-08
2.0921348e-08
7.5307885e-09
1.5275971e-08
3.5687787e-09
2.3244045e-08
2.2715335e-08
8.3631024e-09
2.6850706e-07
2.6662439e-08
9.1707368e-08
1.2261412e-08
1.4872998e-08
3.207538e-08
2.6500399e-08
3.7034513e-08
1.4899932e-08
7.0330362e-09
1.0441522e-08
5.5709573e-09
5.9775744e-09
4.1797529e-09
5.2296396e-08
8.9934389e-08
3.5976256e-08
2.9838043e-08
1.7476981e-09
1.0958704e-08
1.6524268e-08
1.754091e-08
2.1241173e-10
3.2756668e-08
2.1428141e-08
7.2989882e-08
3.197227e-08
5.3320543e-08
1.1814071e-07
1.0638617e-07
5.3203662e-09
6.8688522e-08
1.9577773e-07
1.2921047e-06
2.0942395e-08
6.934218e-08
1.2228637e-08
3.7745756e-09
2.8279176e-08
2.1032029e-07
6.1611222e-08
1.366808e-09
8.4620562e-09
9.746385e-09
1.215797e-08
8.7172235e-09
2.0737602e-10
2.0385741e-07
4.9753646e-09
4.0813408e-09
1.0897264e-07
7.677506e-08
9.4708784e-09
5.3703376e-07
2.2818398e-06
1.471908e-06
5.9424727e-07
1.3241923e-08
7.5741609e-10
3.5684705e-09
5.6297977e-06
3.4912108e-05
6.1939968e-07
2.3319878e-08
2.144732e-07
4.5534299e-08
1.2709498e-08
5.5398274e-07
1.1810052e-07
1.9066689e-07
2.7294704e-08
3.9077474e-08
1.5900003e-06
1.7921151e-08
5.5140364e-08
4.034411e-08
1.9799833e-08
3.2198429e-08
3.4790208e-08
5.8421109e-08
1.6464089e-08
1.3595522e-09
2.7568376e-07
1.4648544e-07
3.2387078e-08
1.0982979e-08
1.1327966e-07
7.2430784e-10
6.2647801e-09
2.4276397e-08
1.5389175e-07
5.6621512e-08
5.4263216e-08
9.6090339e-09
9.9028245e-09
4.6650025e-08
1.0081581e-06
2.009938e-07
1.5296316e-09
5.2017565e-09
1.950859e-09
1.0846168e-08
5.6607646e-10
2.8065992e-08
8.747657e-08
2.196754e-09
3.5092559e-07
4.5252976e-09
6.9206055e-09
3.2142355e-10
1.2115001e-08
8.9785363e-09
1.5469878e-07
4.8487936e-06
8.7329335e-07
3.5917504e-07
9.7963195e-08
2.3129942e-09
8.2394378e-10
5.8141243e-10
1.2086442e-09
2.1981816e-08
2.010967e-08
6.5215521e-08
3.954854e-08
7.8633475e-07
6.4674705e-07
9.3275007e-07
1.3760232e-06
2.5129357e-06
0.0005217662
1.7046253e-06
1.1535252e-06
0.00019897424
2.6436663e-07
2.8753169e-06
6.0599658e-07
0.00079952449
4.1894117e-07
4.5061514e-07
9.6655945e-08
1.4256937e-06
1.4905433e-06
3.3048079e-09
1.302125e-09
3.2422144e-10
3.2366864e-10
4.9756308e-09
8.972447e-10
3.868683e-07
2.5451773e-07
4.4160869e-05
3.0794372e-07
2.8303703e-09
1.3667965e-09
3.2100706e-10
8.7563638e-10
5.9259096e-09
1.326199e-07
1.3625818e-06
7.307154e-07
9.9418843e-06
3.4543062e-07
1.037375e-05
3.5236866e-06
2.4390157e-07
3.7604943e-07
5.9158361e-07
2.5622065e-06
5.325314e-07
4.1847385e-07
1.903629e-09
9.9044293e-10
4.4619244e-10
5.0261017e-10
1.3581682e-07
2.3256612e-09
2.3696158e-07
1.0604373e-07
4.1962988e-10
1.4577892e-10
2.1848424e-09
1.75756e-10
4.1922253e-09
1.6024116e-09
4.0381005e-10
1.0700209e-09
3.0342767e-10
5.159181e-09
1.1258902e-09
7.2093738e-10
6.7044953e-10
7.3243606e-11
9.9978532e-11
2.7798035e-09
4.256956e-09
3.1021787e-09
6.3540681e-09
8.0347395e-09
1.8606407e-09
3.2197884e-13
2.0115245e-10
1.3895375e-09
7.5673375e-10
1.9077077e-09
5.3310211e-09
3.0479477e-10
1.381627e-10
1.5036073e-08
2.66076e-06
1.2307835e-10
7.0855504e-11
1.0911727e-10
1.973213e-09
5.3662312e-11
1.3300294e-10
1.0801234e-10
4.530414e-11
1.3125206e-10
1.4308635e-10
6.1675415e-11
4.9123854e-10
5.1320146e-11
9.4666232e-11
5.7152605e-11
8.9957387e-11
2.3333333e-10
1.8909835e-10
1.1081728e-11
3.8099122e-11
2.0534739e-10
8.689773e-10
2.5911809e-11
2.2980739e-09
3.9781444e-10
3.8196884e-10
6.0724348e-10
1.859786e-10
7.8833846e-11
1.3625577e-10
2.6321995e-09
2.5914259e-09
2.5259355e-10
3.8579791e-10
5.7981399e-11
1.3353381e-10
2.1423042e-10
1.5897407e-10
3.2586386e-10
2.5511365e-10
6.7581115e-10
2.9325328e-11
1.4737301e-10
4.6488221e-11
1.4888862e-08
3.9710857e-11
1.2468498e-09
2.2807731e-09
2.0990564e-10
5.1663727e-10
6.5808021e-10
1.4556911e-09
3.8738221e-11
7.9684357e-11
1.8942704e-11
1.3876837e-10
3.6595184e-11
2.7664719e-11
1.6651984e-11
1.9560303e-11
4.1816183e-11
3.9417268e-11
8.5822801e-11
2.9759702e-10
5.5536175e-11
4.4797945e-09
1.6147318e-10
4.2161621e-10
2.739456e-10
4.0479373e-08
3.3546967e-10
9.0827234e-10
2.154332e-09
1.3626395e-09
2.5274643e-11
8.2877322e-10
2.5465089e-11
6.8236081e-11
1.2031129e-11
1.6218141e-11
8.7841586e-11
2.0088973e-10
1.3978202e-11
2.6111006e-09
1.5076165e-09
5.2199247e-09
1.8360463e-09
3.5875208e-09
3.6104629e-09
4.9445039e-06
7.3032088e-11
4.6723453e-12
2.6578298e-12
2.052763e-11
3.4810549e-11
5.6272152e-11
1.1960925e-11
4.6930454e-12
4.9183398e-11
1.7641562e-11
1.5640881e-11
1.265882e-11
8.5856616e-12
8.0994912e-12
1.7793235e-12
1.6948407e-12
6.124243e-11
2.9391148e-11
1.1737753e-10
7.7744963e-11
2.0656208e-11
1.0073434e-11
2.2541714e-11
1.2715649e-11
7.3630253e-12
6.1018032e-12
1.4511507e-11
8.0336394e-12
7.0373135e-12
5.9656466e-12
1.3508631e-11
4.0694848e-12
3.0142306e-12
2.9860497e-12
5.926366e-12
1.4821872e-11
5.4853203e-11
9.5072526e-12
5.6716617e-12
5.2986873e-12
3.7023489e-12
4.2291851e-12
4.0445833e-12
7.7690627e-12
1.1395451e-12
3.0167517e-12
5.3026369e-12
8.9507261e-12
1.5348578e-12
2.1962653e-11
3.580477e-11
1.8351718e-11
3.107916e-11
2.6676928e-11
1.3432107e-11
2.290424e-12
1.8269838e-12
7.8404072e-13
1.4649669e-12
8.9352737e-12
2.3286714e-12
1.1421626e-13
2.127668e-12
8.757576e-13
1.4925454e-12
8.788519e-12
1.4440071e-11
2.8452999e-12
4.2585844e-12
5.3847429e-12
1.0406096e-11
1.2427658e-12
3.1161625e-12
6.5168042e-12
0.98276805
0.89450475
0.44168924
0.96435792
0.53124065
0.32983471
0.17286308
0.081127203
0.037295145
0.14394626
0.0023625048
0.0088231546
0.017545063
0.0055887402
0.04224177
0.022326424
0.01451528
0.0065032419
0.023016727
0.001357746
0.063467333
0.042407211
1.2321656e-05
0.012383325
1.4022665e-05
0.0036798993
0.48579148
0.29299309
0.0002400057
0.27862057
0.001048278
0.13823208
0.01685809
0.020335133
0.0018731512
0.0013634334
0.000505656
0.00028706875
0.0029465268
0.00097537633
0.00082332522
0.00022997557
0.0012658137
0.00032135604
0.0023837711
0.0014271841
2.9290831e-05
8.4928429e-06
0.00029450202
0.00014487029
0.00046069802
0.00066087228
0.0023873148
0.0010090011
0.0005816072
0.0010203659
0.00046077702
0.0012580215
0.00028643199
8.2305798e-05
0.00023070824
0.00041974826
2.3983438e-05
1.5715042e-06
0.00031135426
0.00065630222
0.010652778
2.1692447e-05
0.0029079978
5.2084492e-05
0.0093850094
0.0023592692
0.0012614445
0.00034625986
5.372169e-05
0.00013910099
1.4708645e-05
0.00052123209
0.00045558005
0.00014135039
0.012425944
1.7122178e-05
4.5795305e-05
0.00022834801
1.3570783e-05
0.0052646176
0.0026801386
8.173291e-06
0.00027119097
1.7514575e-05
8.6497624e-06
0.0034137044
2.8565283e-05
0.0001340679
4.3478976e-05
1.053932e-05
0.0062362513
0.00022210974
0.00093878016
5.7104482e-07
4.793783e-05
2.1935606e-05
8.6238775e-05
3.5947328e-05
8.9537584e-06
0.00012253556
0.069789111
0.00031432108
0.00056469838
1.53176e-05
9.6229703e-05
8.0740724e-05
0.0036508012
1.8369454e-06
5.2904196e-06
2.3333876e-05
0.00020708745
0.0022940222
0.0015542333
8.2689504e-05
1.9934176e-05
0.00014562073
1.6045898e-05
5.9012749e-05
0.0015748528
0.0008070862
3.3614489e-05
0.00021972824
0.00060874277
0.0055796748
0.00051953797
0.032124826
1.8133307e-05
0.089068918
0.16682156
0.00034086113
3.4642894e-05
2.6617297e-05
2.7090019e-05
0.0012129745
0.00071428345
9.799959e-05
1.665175e-05
5.9847659e-06
1.1484491e-05
3.3656303e-05
1.8481534e-05
1.2958208e-05
7.0254196e-06
0.00010145814
0.00045927222
2.6319135e-05
9.5566259e-06
6.2686625e-06
1.2729803e-06
2.2906823e-05
3.5357925e-06
0.0010262571
0.0003347026
0.00045634144
3.2561127e-05
4.8091637e-05
3.1147102e-05
7.6782065e-07
4.9986645e-07
4.0627698e-06
0.00015263177
0.0034623666
0.0019392442
0.00015524986
0.00013879089
6.3677172e-05
7.6809372e-05
6.7277462e-05
0.00022102385
0.00012290977
3.6837533e-05
2.6410494e-06
3.9305242e-06
1.8995811e-05
2.560664e-05
6.2430572e-06
8.2430303e-06
0.00076864763
0.00027883908
0.00025463329
0.00046187858
0.00021054624
0.00011454532
0.00062104888
0.00014714211
5.0450419e-06
3.2200794e-06
2.2147259e-06
2.1605119e-06
4.3976494e-06
1.8819279e-05
0.0016349108
0.003385167
0.00095786345
0.0035648768
9.9734131e-07
1.31237e-06
1.7195627e-06
2.532727e-05
2.239138e-05
1.0941427e-05
8.5581563e-06
1.6095267e-05
0.0016526182
0.0076166933
0.013772973
0.37791211
0.0051243916
0.0019836339
0.0049719041
0.0050973567
0.01152502
0.0062692592
0.0068098023
0.011639362
0.012277601
0.004061047
0.026895861
0.0043838444
0.0023321992
0.0023008849
0.006699722
0.011754412
0.006110993
0.0010684379
0.0013867206
0.0012381749
2.2765e-06
1.6903489e-06
1.7718081e-06
1.5034579e-06
1.2982233e-06
2.2617734e-06
2.476149e-06
3.5849446e-06
2.4687294e-06
1.442542e-05
1.4478079e-05
4.2020596e-05
0.021509684
0.056731392
0.020237598
0.015655017
0.0090941307
0.0021897392
0.013138292
0.0039801413
0.0025495327
8.5863348e-05
0.00067978423
0.0010217676
2.6877882e-06
1.2125222e-06
1.6178085e-06
1.1365009e-06
9.9184841e-07
1.7534255e-06
1.239499e-06
1.1332598e-06
2.4250489e-06
6.2352383e-06
3.6154684e-06
6.1837811e-06
9.5976666e-06
5.9925619e-06
4.0260362e-06
6.7078936e-05
9.0220303e-05
0.021058913
0.016498751
0.039161461
0.16543663
0.0165419
0.007409446
0.022648752
0.011606083
0.21137219
0.022942286
0.020994079
0.031892131
0.01016075
0.0079908198
0.035907492
0.015420665
0.021146733
0.0082083503
0.0004629326
8.3285721e-05
0.00100028
0.00058290876
8.2394482e-07
6.408363e-07
4.1779738e-06
4.7759106e-05
4.2082242e-05
5.8292122e-05
0.02442925
0.013688404
1.8803398e-06
8.5377966e-06
3.2832093e-06
7.2807771e-06
1.4501309e-05
8.6777485e-06
1.8111201e-05
6.6199092e-05
0.025029448
0.052287719
0.02868014
0.014166105
0.049211994
0.041666498
0.034236296
0.00068906026
0.019339773
0.12487913
0.018342121
0.0074968689
0.37625845
0.027970055
0.034213757
0.070012167
0.020015804
0.16789529
0.003558756
0.0028002451
0.043369805
0.044923663
0.067412804
0.092192065
0.12388699
0.069648336
0.099736788
0.055097001
0.22058256
0.16434286
0.14552391
0.12597919
0.26378669
0.095843495
0.065264407
0.089036456
0.062931116
0.17498478
0.0075386773
0.0062060914
0.086790994
0.22117472
0.16335246
0.050101119
0.066093832
0.066271839
0.12162781
0.019567512
0.14631253
0.20494402
0.044975957
0.13643702
0.2130014
0.13116168
0.18845777
0.29484882
0.092475931
0.0150534
0.3430641
0.22707246
0.15879173
0.13889489
0.25969269
0.05996697
0.025299271
0.34002503
0.099503958
0.14816076
0.33155798
0.24849268
0.10364543
0.15829972
0.22055382
0.21166473
0.31786401
0.0027486516
0.1298446
0.10555384
0.14898114
0.1969087
0.13182751
0.26070427
0.19815806
0.36087828
0.23057361
0.065958807
0.017465843
0.15332385
0.1148096
0.072584739
0.14343291
0.20947203
0.53305214
0.195049
0.011408672
0.1197528
0.16334986
0.047813296
0.016014266
0.011591702
0.27931998
0.51196206
0.17997561
0.34263026
0.88012777
0.23630934
0.081481328
0.16907578
0.011598258
0.21126866
0.29257929
0.31935723
0.55482511
0.010116064
0.024854188
0.22323437
0.030052806
0.1221206
0.2703071
0.4076747
0.55290991
0.29739397
0.010296346
0.26618946
0.05284621
0.41677226
0.061835712
0.025266819
0.088899409
0.041098127
0.31618514
0.36411604
0.39495684
0.19568015
0.35211612
0.40648727
0.51069946
0.15630583
0.018308825
0.11691789
0.038228938
0.2719404
0.48284233
0.25521777
0.040650249
0.0091971575
0.16120606
0.34461847
0.53225309
0.1597538
0.40370495
0.11619336
0.029256905
0.090180996
0.11693483
0.20973155
0.060486537
0.17786979
0.095774373
0.039751417
0.0067340294
0.016352953
0.27501253
0.18931969
0.35637524
0.068766358
0.086113455
0.045157701
0.10151017
0.074821197
0.48864462
0.17250235
0.024778452
0.26823477
0.54559262
0.29077178
0.42082954
0.48467938
0.011637669
0.0054722261
0.13244248
0.09371791
0.12326571
0.36029989
0.1877151
0.41478266
0.47241987
0.20331954
0.14686377
0.27650526
0.11443995
0.24146029
0.05550346
0.6879907
0.19094569
0.014759212
0.019067099
0.34092186
0.57897336
0.05379866
0.23239655
0.025013664
0.62362341
0.030046363
0.047009965
0.097163684
0.051255315
0.063212654
0.19382909
0.058702468
0.4772534
0.39202029
0.040826655
0.03840421
0.43295796
0.029525874
0.18619988
0.2308353
0.18471121
0.049059611
0.06652455
0.08615214
0.59204739
0.27191557
0.21639886
0.21824062
0.31659387
0.17402446
0.17877712
0.026134213
0.017297576
0.29989266
0.41610058
0.26338889
0.031193172
0.042405039
0.0011188331
0.0065010706
0.3150024
0.066812904
0.37419224
0.40862186
0.070566273
0.043932634
0.20891156
0.090591586
0.29477292
0.34559213
0.30256305
0.044940118
0.23253916
0.1121215
0.074824798
0.66035831
0.1418687
0.23337054
0.038954989
0.024266195
0.07531361
0.17565117
0.19195779
0.12786247
0.26214215
0.21255008
0.36098095
0.029108889
0.21350284
0.085714993
0.23107674
0.50112169
0.099655408
0.15522686
0.69817226
0.65186837
0.45022011
0.3204756
0.39845482
0.22174812
0.2515177
0.44788619
0.36441117
0.3950857
0.46686211
0.43147693
0.51000107
0.26676181
0.50713284
0.16870029
0.10002584
0.085425018
0.087014474
0.071679962
0.082251171
0.44236292
0.60221897
0.45148616
0.81560542
0.38002746
0.37022625
0.23769747
0.33559086
0.27390502
0.24523625
0.053530181
0.057949897
0.043975649
0.09775559
0.14690381
0.12979241
0.29008526
0.18798395
0.12044145
0.19154762
0.10020495
0.15224387
0.077190334
0.17797348
0.25238602
0.47839412
0.64257657
0.50763609
0.59132908
0.90670162
0.7001277
0.74773584
0.66150371
0.41763154
0.69083226
0.73564809
0.66513398
0.3855884
0.45069547
0.4968553
0.4085836
0.33899415
0.45105819
0.50193406
0.41513052
0.35378825
0.87460389
0.22934585
0.86144826
0.36252661
0.29153562
0.45739024
0.77400587
0.85910977
0.57749183
0.24858884
0.47387543
0.30851346
0.33808249
0.30956522
0.3374915
0.63918722
0.3173873
0.30856165
0.18261529
0.50435026
0.41138303
0.417974
0.42494532
0.30443074
0.29156078
0.38201257
0.38130476
0.22275746
0.41754262
0.4013223
0.34597609
0.32461104
0.36444534
0.3917656
0.42476366
0.34380267
0.25464581
0.26946824
0.20002956
0.13371542
0.31635981
0.12971971
0.20171237
0.16768437
0.28265899
0.24566566
0.26759828
0.24032139
0.29236227
0.32769672
0.24218384
0.19793245
0.37932912
0.28745865
0.26637905
0.23560935
0.22818915
0.12581841
0.25465641
0.15944211
0.20580029
0.14530373
0.27424302
0.25154307
0.20057614
0.19295285
0.13451405
0.081666155
0.30413443
0.31778942
0.28770882
0.10763264
0.15763805
0.14575228
0.30240173
0.32386642
0.22430474
0.07807921
0.22527531
0.16586786
0.27504176
0.22016754
0.30554354
0.24829551
0.18442544
0.12200421
0.085343018
0.12891838
0.35717571
0.33507494
0.18554197
0.15006216
0.14976224
0.056853316
0.18020084
0.19276364
0.29998797
0.33787199
0.31904935
0.34502592
0.36821817
0.37408988
0.34162607
0.36192884
0.34555475
0.38863882
0.38974686
0.29236298
0.35574163
0.34218336
0.34044155
0.26525168
0.3514517
0.31893833
0.30206047
0.29576567
0.28957938
0.10735992
0.29731869
0.32632758
0.17999582
0.097110138
0.13315794
0.10325629
0.31850314
0.27995972
0.32354997
0.30029755
0.27670732
0.24455069
0.34601392
0.39101411
0.39437031
0.35934355
0.21213942
0.16091458
0.12534235
0.12049293
0.053514052
0.14466326
0.36292165
0.4047129
0.23817583
0.24183585
0.14551996
0.12755071
0.15333922
0.1048602
0.099236436
0.10479752
0.15316428
0.12202343
0.10702014
0.11745654
0.37283322
0.38297248
0.43373464
0.36135973
0.13027547
0.10585488
0.099315707
0.077004291
0.16773954
0.069707758
0.3700208
0.38984895
0.35910528
0.38074034
0.40737616
0.41130007
0.39525564
0.42608257
0.43432131
0.4038913
0.39600242
0.40270178
0.44358983
0.35513084
0.3947012
0.35442386
0.41069211
0.42971315
0.382099
0.35550812
0.43653445
0.44027949
0.36599351
0.42710721
0.42801973
0.4085438
0.39930477
0.37662314
0.42963155
0.4320159
0.36680113
0.35603403
0.45805697
0.44333772
0.41064335
0.33934958
0.41684182
0.44365032
0.39859838
0.41356667
0.49360069
0.45938166
0.3410421
0.3619967
0.12603395
0.057670035
0.14500916
0.093244138
0.29996031
0.3472413
0.41470641
0.38519367
0.10808613
0.076141113
0.093281065
0.085902851
0.073697384
0.029670714
0.16874941
0.069440785
0.083167822
0.073262424
0.18379218
0.21208725
0.39768301
0.38765308
0.13750784
0.12502164
0.10027362
0.066600214
0.18306778
0.20070935
0.11159883
0.10371506
0.15162167
0.11225752
0.043777719
0.067750041
0.080019578
0.066796372
0.17777614
0.190935
0.13769088
0.11053865
0.20873173
0.19876988
0.20113182
0.13664021
0.15187336
0.12810066
0.090123663
0.051170948
0.21808411
0.26541093
0.18844487
0.16106289
0.084800737
0.068734105
0.10103079
0.080664676
0.24818115
0.23590985
0.23262509
0.2379893
0.2077521
0.2103923
0.15609719
0.14367809
0.080390156
0.087975141
0.13596518
0.062460006
0.26004858
0.24041727
0.26980043
0.16341375
0.18801214
0.18072348
0.12345391
0.14262687
0.071207485
0.05099352
0.34783885
0.044171258
0.10893628
0.084874689
0.1572038
0.13502186
0.22209294
0.23104747
0.22364157
0.25122429
0.27917616
0.19780795
0.26676089
0.27750854
0.22712653
0.2073748
0.20223223
0.17975441
0.2479083
0.20288883
0.22906925
0.18234068
0.30988834
0.28572859
0.22186175
0.17634773
0.17341332
0.14993977
0.35221823
0.286939
0.20771067
0.22035664
0.16188643
0.18571881
0.20094322
0.16441602
0.3026495
0.30225917
0.33030028
0.26325882
0.21527293
0.14847114
0.12728337
0.1319838
0.19423476
0.15349166
0.32585212
0.26153603
0.21700296
0.19220712
0.1587775
0.13335212
0.12269562
0.10038493
0.23981981
0.22118564
0.27091432
0.26900938
0.24383848
0.25105999
0.21648594
0.19144888
0.11746613
0.10912572
0.31832491
0.26615783
0.28294498
0.25143027
0.30064602
0.30485135
0.24516157
0.22577705
0.24956655
0.22517422
0.24204864
0.24947411
0.25157602
0.20321635
0.19888306
0.17479191
0.29491218
0.23765843
0.26619698
0.25572142
0.23922162
0.12271325
0.2323206
0.1833951
0.24599988
0.25677525
0.22666823
0.18985681
0.2627247
0.2267215
0.22323491
0.18428817
0.066283376
0.16935122
0.26213443
0.22145617
0.21152008
0.22996265
0.24011001
0.25969747
0.19963067
0.18107397
0.31208713
0.19456263
0.26582773
0.19082541
0.25913862
0.27017243
0.2522149
0.24428456
0.15326873
0.2363151
0.20543394
0.18683118
0.29827342
0.26105353
0.14662259
0.16628773
0.2234088
0.26948308
0.32802119
0.21019405
0.12199429
0.23931654
0.13292359
0.10711513
0.15659871
0.1648894
0.1537162
0.15698831
0.15694867
0.14683
0.20967732
0.14351286
0.25314446
0.18284515
0.15998509
0.26956394
0.2787854
0.24632424
0.23488692
0.18448503
0.15606152
0.24135786
0.21320525
0.16781561
0.26986864
0.2118368
0.26073276
0.14736468
0.13466812
0.22444668
0.23396821
0.18939507
0.25945185
0.26031333
0.25662732
0.19916173
0.23906857
0.23403388
0.34191136
0.16729468
0.13356915
0.23626103
0.18712654
0.27787685
0.29159622
0.13792081
0.076279046
0.21468635
0.23830183
0.26062758
0.23541633
0.25441462
0.27532002
0.28772234
0.25345687
0.28712466
0.28318775
0.2934502
0.2867086
0.27045631
0.23341115
0.28131693
0.26886306
0.23136028
0.2689832
0.028359608
0.10093449
0.34503333
0.12807181
0.16158862
0.15678983
0.22520498
0.23239096
0.30646486
0.28793148
0.24886658
0.24711086
0.2549898
0.22882114
0.24566792
0.22731097
0.23038426
0.33638026
0.21141078
0.21538146
0.26209644
0.25079132
0.14620468
0.17779306
0.11179688
0.11227687
0.17392457
0.19102369
0.21330577
0.1221114
0.22272683
0.21604782
0.21038695
0.180468
0.272119
0.30393782
0.30699691
0.28077073
0.2437203
0.21640598
0.2683491
0.21916582
0.24373432
0.22047614
0.2587348
0.23553296
0.14157388
0.22741244
0.23605546
0.25997676
0.25654445
0.31075968
0.24376797
0.22763589
0.36726538
0.37950081
0.20842791
0.22837653
0.098226215
0.19367816
0.1252055
0.18979823
0.086368702
0.21054588
0.34123928
0.13084888
0.17571849
0.20700335
0.20469137
0.18486492
0.16553906
0.13255165
0.26639058
0.30038185
0.21892393
0.083329719
0.13339059
0.13885782
0.33783602
0.084723098
0.11289838
0.12905495
0.17640052
0.19477203
0.20500015
0.08538542
0.26793398
0.27872051
0.21690715
0.28287918
0.089801807
0.035109804
0.30338672
0.35170907
0.020534463
0.011535137
0.18548731
0.20042439
0.19927177
0.17541235
0.33719355
0.24726749
0.13682419
0.39955352
0.20300533
0.29703324
0.10477706
0.052619191
0.24456768
0.15931512
0.17856524
0.21109869
0.33170623
0.10505186
0.2811599
0.27620258
0.32016233
0.33624782
0.024396982
0.32613511
0.3390331
0.33623015
0.13437963
0.11329504
0.29299964
0.07299754
0.3047779
0.21836367
0.35147285
0.39128251
0.14494435
0.093595909
0.010456841
0.1745655
0.36289348
0.10442095
0.33057781
0.087557395
0.057443813
0.35916702
0.32928789
0.29814947
0.29799332
0.29411136
0.32338623
0.35704228
0.08399415
0.35401447
0.035068574
0.055155083
0.33332676
0.33329051
0.3501804
0.3343706
0.11640127
0.33220291
0.14356131
0.36190505
0.30902431
0.34145232
0.2970574
0.07948681
0.29128736
0.3209169
0.084400263
0.087160613
0.10714602
0.28650595
0.29280115
0.1424745
0.23177058
0.15646893
0.17407853
0.32083246
0.082988676
0.20703316
0.12767609
0.43704414
0.11448768
0.072496709
0.34104228
0.13047932
0.29854438
0.33024788
0.42459355
0.017154538
0.09899811
0.29159606
0.30328169
0.30508476
0.28888233
0.28218327
0.29536883
0.30203026
0.32816963
0.34983059
0.32163192
0.10661458
0.32897956
0.32568651
0.30975451
0.098413421
0.33746293
0.28688701
0.30625535
0.30904175
0.31650368
0.31219186
0.35127479
0.075488186
0.3346862
0.27917384
0.26694148
0.31248273
0.3162127
0.33799187
0.30298521
0.30864928
0.31391334
0.25908684
0.28752212
0.083215287
0.31915162
0.27058766
0.27225956
0.29656505
0.30717691
0.3019955
0.31532949
0.069191319
0.096199159
0.33545386
0.34364252
0.040148124
0.14318213
0.12069801
0.085856342
0.29405439
0.32177195
0.3387788
0.10482433
0.30264404
0.31667448
0.31919191
0.31519259
0.32767476
0.34630814
0.15173922
0.11609995
0.20837948
0.06108095
0.34116097
0.065517266
0.27638462
0.081321526
0.31953559
0.3296985
0.33741454
0.34274146
0.10262999
0.34418029
0.11281212
0.37548528
0.12351011
0.31597185
0.080810121
0.037910352
0.3039282
0.071973413
0.3128933
0.30973626
0.37979136
0.08876011
0.095463736
0.42270498
0.35433349
0.19651905
0.34924869
0.34618638
0.29982624
0.36158681
0.358029
0.36316319
0.32362712
0.34627234
0.149918
0.088973437
0.081650781
0.058415296
0.29643773
0.31634276
0.2845912
0.28908695
0.33183844
0.31858452
0.29811407
0.31463216
0.31292431
0.32063892
0.32420983
0.330225
0.30595786
0.32760965
0.33058557
0.30654651
0.33884558
0.32570692
0.32361899
0.32156988
0.32561659
0.3335289
0.29525773
0.32547973
0.35136032
0.31225166
0.3357553
0.3274317
0.11225261
0.12575662
0.11188589
0.32588632
0.42821804
0.096227921
0.10636238
0.12245333
0.1040724
0.10277991
0.095205377
0.081265765
0.19394356
0.08012883
0.088500707
0.07761999
0.09522299
0.11267421
0.07209084
0.070773867
0.0795427
0.093052753
0.10461149
0.10145686
0.16142342
0.35131318
0.33717889
0.024715356
0.33958413
0.34370581
0.34153145
0.34756709
0.31470047
0.28819069
0.27880962
0.28621756
0.30595799
0.28996483
0.30474409
0.26989789
0.30069603
0.28256931
0.33249008
0.34806952
0.348963
0.35262554
0.36401095
0.30544204
0.36779856
0.36084165
0.37918021
0.36681985
0.33375538
0.41359971
0.37833542
0.36462808
0.37165285
0.34343305
0.36863998
0.34630117
0.32501715
0.32177514
0.011063971
0.0043583736
0.00091298667
0.00085742089
0.10396864
0.36043478
8.8810563e-05
0.00020572576
4.9235677e-06
1.5923587e-05
2.0535233e-05
9.5480955e-05
3.9337405e-05
6.5771863e-05
0.0034539058
0.00012600186
0.020008136
0.034458781
3.4515931e-07
4.2465243e-07
4.1648523e-05
4.4782335e-05
1.9213791e-06
1.0716002e-06
1.9020666e-06
3.4037334e-06
5.3517783e-06
1.2266338e-05
7.5313969e-08
4.1017971e-08
3.508843e-06
6.6051833e-06
1.2012824e-06
4.4012992e-06
6.6929984e-07
4.6446325e-07
6.2698723e-06
0.0002505972
3.5498006e-07
1.8180312e-07
2.6898289e-07
8.6247365e-08
6.9428651e-06
7.143867e-06
2.8536879e-08
5.7296988e-08
1.028184e-07
5.0382945e-08
4.7866944e-08
8.9878659e-08
5.7155986e-08
9.9630583e-08
1.1578912e-08
5.9387787e-09
1.0286702e-07
2.5879614e-07
9.2153046e-09
4.3528921e-09
1.2402115e-08
1.3872081e-06
8.9616275e-06
3.1608766e-06
7.3991492e-06
5.4603276e-05
6.7634365e-06
4.0544931e-06
4.6207834e-05
2.2706034e-05
2.8978898e-06
3.9730182e-06
1.2824398e-07
3.2015184e-07
2.913373e-07
1.9394037e-07
1.4454685e-07
3.3484721e-07
2.1333372e-07
1.2653159e-07
1.5287972e-07
2.2951894e-10
2.1747633e-10
3.3614286e-10
2.8993709e-11
7.082191e-11
9.2733004e-11
1.2623812e-10
9.1945807e-11
9.0621531e-12
2.5987721e-12
3.9431454e-12
7.3665498e-12
1.8415144e-13
0.0056791717
2.9063264e-11
1.876763e-11
5.5449625e-12
4.4426581e-13
0.038169103
0.067788172
0.092189879
0.10490641
0.5965568
0.51405402
0.37029397
0.34407902
0.48547902
0.31884821
0.16016436
0.20643257
0.28473219
0.20592063
0.03110095
0.019843254
0.009339291
0.0085654387
0.020469464
0.035353305
5.5529438e-05
1.8814599e-05
0.00034617264
0.00058446081
0.00022451758
0.00018842427
0.09603603
0.057533951
5.2618362e-05
3.7380979e-05
4.7320198e-05
6.4451116e-05
8.6869141e-07
6.113239e-05
1.0210611e-05
0.00023621602
0.00013680663
7.6229714e-07
6.0171774e-05
4.1744527e-05
6.5586463e-07
4.3971167e-05
8.0994854e-06
6.6544108e-06
3.9672905e-06
4.8624099e-06
3.2645001e-06
4.5130247e-05
0.00023704014
0.00016431353
0.0001202086
0.00012237778
9.6875994e-05
0.0072890172
0.0086406212
0.0069470722
0.009830387
0.0016801064
0.002146749
0.00040030855
0.00051650481
1.3114687e-06
2.4727384e-06
6.1563129e-06
5.5181155e-05
0.0046695921
0.0033187427
0.0054622648
0.0017849879
0.028291901
0.02992588
0.010415153
0.019546773
0.049930905
0.044852069
0.23274775
0.22459454
0.049241167
0.043830368
0.086489803
0.074850989
0.24228771
0.2831233
0.13396395
0.094284014
0.015748137
0.016960652
0.0053708876
0.015169149
0.024251415
0.011292823
0.015694024
0.017354394
0.059310125
0.055743514
0.074746599
0.060543555
0.29019564
0.22580345
0.11037067
0.12115037
0.22281134
0.36924869
0.1648413
0.19268539
0.2060952
0.13375955
0.26011075
0.16729215
0.28998032
0.31101288
0.41844993
0.43597718
0.57432713
0.48681903
0.46652046
0.43408818
0.49945786
0.46368121
0.52657078
0.44643893
0.48146799
0.48676875
0.48808847
0.4453101
0.5294925
0.45149329
0.38829991
0.44983607
0.2556606
0.27359137
0.28761793
0.31784346
0.33529369
0.32171139
0.086026244
0.027439559
0.34789252
0.35863956
0.34004563
0.38105434
0.37787449
0.37369048
0.38339164
0.3709529
0.41822575
0.42530015
0.4144787
0.45703618
0.46637619
0.43507342
0.5389827
0.4568253
0.43438777
0.46185748
0.46237057
0.44824981
0.053391189
0.055388059
0.029040215
0.0077767142
0.057408185
0.039300917
0.053977653
0.045802431
0.0302874
0.015428844
0.05571898
0.044326295
0.036683549
0.039639365
0.046927604
0.026255876
0.03661066
0.026779954
0.033879297
0.021027717
0.022159075
0.034799486
0.034335994
0.027867835
0.051496899
0.043148243
0.030807671
0.039385259
0.030141302
0.041332643
0.023166201
0.009525683
0.034211625
0.027284218
0.015571304
0.019273607
0.023362373
0.023013503
0.028777923
0.018686511
0.038998769
0.029398428
0.011440782
0.013248803
0.031085639
0.029126732
0.020959896
0.01703778
0.027657933
0.017003649
0.040004793
0.026216014
0.010850632
0.014654645
0.013255244
0.015261615
0.026020893
0.016048003
0.050107521
0.073605199
0.019590399
0.015848496
0.017617155
0.019368671
0.027782172
0.021926906
0.031593469
0.011210054
0.034842547
0.04617301
0.056050602
0.046065832
0.0076106813
0.011667032
0.011588596
0.024083673
0.024754097
0.012451319
0.013075769
0.015192535
0.0095513033
0.011845424
0.029945903
0.0070356541
0.018746503
0.012740364
0.017725305
0.0082993608
0.014476254
0.011738516
0.037038277
0.036859246
0.0092096525
0.020529425
0.019624378
0.014322398
0.0079303456
0.011853969
0.0091381891
0.014007933
0.054498838
0.043918057
0.049509593
0.021544668
0.016769479
0.010259985
0.019718881
0.021819392
0.014188764
0.030557875
0.024061416
0.0090226259
0.011781785
0.013947192
0.04099879
0.044504344
0.051018699
0.041313329
0.012864023
0.024386406
0.03744092
0.034812145
0.009865184
0.0080997742
0.013379953
0.011566521
0.017095207
0.0090595619
0.062886883
0.011907282
0.009752173
0.011196347
0.0080525515
0.0090199566
0.00078344861
0.019972647
0.0058751523
0.010925306
0.013341045
0.012971677
0.015662657
0.012185444
0.011643864
0.011121591
0.012139636
0.0097642528
0.010987874
0.011112433
0.0092635737
0.0076661973
0.0085176338
0.0099095659
0.0099779532
0.01118721
0.010389709
0.010620885
0.01057564
0.0092029993
0.0080729594
0.011932843
0.010805678
0.0080881451
0.0073799341
0.010727043
0.0093265869
0.0074374547
0.0081979631
0.0071314577
0.012002639
0.01778234
0.010397677
0.010942304
0.010223492
0.012306334
0.013595004
0.011972179
0.011794862
0.011435558
0.01033597
0.008831337
0.0094241949
0.010051404
0.010925646
0.01153614
0.0098369788
0.0070482051
0.0070476995
0.011299377
0.011261746
0.0094246029
0.0098541678
0.010278745
0.0099159327
0.0069766567
0.00705012
0.0075856018
0.0067178912
0.0080096835
0.0073513535
0.0058802242
0.0066211417
0.0070006216
0.0084102931
0.0075527132
0.0082472444
0.0094459845
0.0056581482
0.0076223769
0.0055495771
0.0060599196
0.0066888895
0.0063948204
0.0064538538
0.018613052
0.0060195256
0.0077952993
0.0055234925
0.0048396154
0.0063543371
0.010817203
0.0075172769
0.009692757
0.0044587368
0.0046342539
0.014434231
0.0091857897
0.005422922
0.0054145625
0.015506552
0.0093410965
0.017760127
0.022287899
0.0083460212
0.0097582968
0.0061311579
0.0052057788
0.0052810034
0.0060666363
0.011538243
0.013992248
0.0072616532
0.011997216
0.018646701
0.015880317
0.01298482
0.0051849383
0.0073951396
0.014053397
0.004031123
0.0048656159
0.0059622436
0.0080051935
0.010166475
0.0082515622
0.0049435533
0.0037699333
0.0013552086
0.0081026971
0.010220591
0.0097403233
0.0090999256
0.010419227
0.013421201
0.01275464
0.025361749
0.0095865875
0.01636188
0.0076010464
0.013717188
0.0058215311
0.0059998593
0.011997638
0.067558525
0.013418211
0.01568181
0.0033845421
0.0053908102
0.007864277
0.0092188241
0.056152188
0.020229115
0.013927032
0.024584072
0.016312805
0.020297371
0.022574184
0.018234176
0.022709329
0.039327404
0.023526075
0.017292461
0.13396554
0.13954745
0.10893411
0.12978164
0.094050081
0.10578267
0.077441511
0.079064815
0.11090138
0.12156771
0.069573031
0.047737814
0.17203617
0.17046933
0.24868334
0.26348852
0.24107597
0.25489698
0.17009094
0.17364127
0.16615089
0.15566997
0.26801503
0.2685713
0.18162171
0.20242488
0.2629307
0.27212937
0.26737068
0.25682577
0.26929331
0.26367853
0.27010747
0.26657351
0.27845221
0.27911366
0.28492226
0.27976214
0.28216013
0.28847276
0.29180487
0.28456934
0.2801562
0.28589263
0.29408848
0.27678359
0.24655689
0.24676163
0.23462011
0.24973973
0.26779049
0.25717078
0.27226182
0.27321591
0.28889725
0.29004769
0.28996767
0.29578627
0.26848062
0.26249131
0.28680858
0.29313375
0.29831444
0.27737008
0.29418986
0.29146939
0.29988368
0.29875478
0.29526359
0.29925383
0.29540264
0.28742045
0.27952791
0.27304136
0.29877837
0.29772007
0.2975979
0.28343563
0.30368377
0.30158998
0.28423686
0.29613365
0.27494029
0.27345184
0.28122981
0.27482602
0.30397673
0.30242833
0.30563759
0.31515562
0.26008176
0.30028147
0.30091058
0.29850179
0.25824334
0.29761673
0.30151013
0.30386972
0.30532314
0.30477578
0.309305
0.30710655
0.31031911
0.3189986
0.30875889
0.26658014
0.27680923
0.27890018
0.2452551
0.26677537
0.25640374
0.2763989
0.27890245
0.27998524
0.2736503
0.2809809
0.27538403
0.2871914
0.28373635
0.27324933
0.24175021
0.2928379
0.28239299
0.2680386
0.26770936
0.28487473
0.28977895
0.28124021
0.28813815
0.28761406
0.27921319
0.28172394
0.28577789
0.29054122
0.29488856
0.27934343
0.27169244
0.27391803
0.28091541
0.27628996
0.27085409
0.24342821
0.26545979
0.25192596
0.29129238
0.2929477
0.24964764
0.24818347
0.28674496
0.28399411
0.27106425
0.25913857
0.2647545
0.25804022
0.28924772
0.29444784
0.29133462
0.28057797
0.28170196
0.27840735
0.27887491
0.27541526
0.15507271
0.25266586
0.26028768
0.25265592
0.22868159
0.23410168
0.2544434
0.24765438
0.24488487
0.20070555
0.19880711
0.2486943
0.22839565
0.11190933
0.17643234
0.17834628
0.22141588
0.19002709
0.2203558
0.2661877
0.26106817
0.28580634
0.28637809
0.19800668
0.22140011
0.24576379
0.22829059
0.23669363
0.24718898
0.23621966
0.28894306
0.28743892
0.23016055
0.23940513
0.2568737
0.25606654
0.25988274
0.2473647
0.27536341
0.28224073
0.28115477
0.2832793
0.31018343
0.31760568
0.14750007
0.14324589
0.13036327
0.11986879
0.061250611
0.061704182
0.32513162
0.32934482
0.31959201
0.31715296
0.32446026
0.31970625
0.32726049
0.32702128
0.32958934
0.32263634
0.31635241
0.3277495
0.3137237
0.32492592
0.32268425
0.097601071
0.090023306
0.070922535
0.063284799
0.086427543
0.069743174
0.046854959
0.06750389
0.30101641
0.30968804
0.1936334
0.17817343
0.2179491
0.20169837
0.20253244
0.19041835
0.18096426
0.033650608
0.080408072
0.067732623
0.047483179
0.053332088
0.059940402
0.060444031
0.047902172
0.068755149
0.051236931
0.056003015
0.052179336
0.021270914
0.032910646
0.014935696
0.34096052
0.34770661
0.35161978
0.35664569
0.37620653
0.36934308
0.38784346
0.36890417
0.35092877
0.36414225
0.39101894
0.37420213
0.37039045
0.35376005
0.34692883
0.33233383
0.38891046
0.37935325
0.37112929
0.3640309
0.38387761
0.36220889
0.3829178
0.39304501
0.40920606
0.37368742
0.39046969
0.38038568
0.38078946
0.37424782
0.3741563
0.37352998
0.38409031
0.377444
0.3854477
0.3735724
0.38775317
0.38173922
0.40348794
0.41710189
0.37892869
0.37347403
0.38722023
0.39154667
0.38466785
0.37398316
0.36366481
0.35917161
0.39434954
0.38682423
0.38307223
0.41874211
0.41294417
0.46284601
0.39737966
0.336255
0.33288529
0.34579107
0.34327091
0.10067163
0.22673118
0.05884596
0.056656292
0.29767578
0.71710901
0.046320787
0.038997991
0.046479517
0.086669846
0.55568416
0.44895288
0.1308702
0.32058909
0.1494297
0.27017714
1.5185305e-05
3.9791829e-05
6.9676947e-05
6.3012745e-05
1.6165894e-05
4.9855803e-05
0.39938047
0.00083635591
0.03329548
8.8801517e-08
2.0910502e-08
1.3679047e-08
6.0468419e-09
1.1341272e-08
6.9060702e-08
0.47840364
7.5335091e-09
2.7429139e-08
4.3424567e-08
1.1329297e-07
2.1995763e-08
8.5018978e-06
0.25758655
2.9564391e-05
2.3814995e-08
1.0858672e-07
8.3802399e-08
3.0164497e-07
1.2277939e-08
7.5765937e-08
3.3103192e-07
2.27119e-07
2.2845455e-06
2.9021014e-06
3.5002194e-08
5.4119255e-08
2.0521677e-07
1.7743614e-07
1.2884372e-08
9.2423262e-09
1.7163672e-09
4.6617113e-06
1.522332e-08
6.5148513e-09
4.2617929e-10
4.7905833e-11
3.352402e-08
3.909231e-07
5.0480535e-08
1.503482e-07
9.8824457e-08
1.0211867e-07
3.6402025e-07
1.861963e-06
2.4072902e-08
1.5178476e-08
3.5118722e-09
1.493266e-09
3.1980006e-09
7.3454048e-09
2.9850997e-09
2.5400744e-06
6.5633528e-06
1.7371209e-05
2.1215814e-05
1.0303388e-05
3.3192297e-05
3.180579e-05
9.091723e-06
9.6743072e-06
1.5574855e-05
1.6234669e-05
3.4006134e-05
5.0825366e-05
1.6131894e-05
1.4318903e-05
3.2729392e-05
4.5988836e-05
0.00013099936
0.0003461264
0.00022477751
0.00039698423
0.00019896555
0.00013064826
9.156363e-05
0.00062861395
0.00042030365
2.0044553e-05
2.0305245e-05
0.0001423762
7.8570735e-05
2.3308155e-07
1.922619e-07
3.5785889e-11
2.1679401e-11
6.3854784e-12
1.1814333e-12
4.4079099e-11
4.3312746e-11
1.639267e-11
6.200934e-11
9.9054316e-13
1.2280411e-12
1.0617117e-12
9.7151015e-13
9.4501942e-13
6.450506e-13
4.858589e-13
6.9129781e-12
4.1192113e-12
3.5130673e-12
7.1840241e-13
2.511334e-11
5.6785768e-13
7.0716445e-13
5.4156977e-13
1.6078024e-12
1.4049688e-12
7.9066278e-13
8.5279572e-13
1.822576e-12
3.222998e-12
1.3247216e-08
1.1471081e-12
5.7148797e-13
8.7655528e-12
3.6332028e-13
1.3999821e-13
5.3605557e-13
1.9502182e-12
8.5434634e-13
2.1599344e-12
2.4556454e-13
1.1313743e-12
6.5994134e-13
1.2361369e-12
2.6944918e-13
8.5924648e-13
3.6290625e-13
4.5866675e-13
4.0704702e-13
2.6923343e-13
1.5362583e-12
6.2828186e-13
2.1054301e-13
0.50929337
0.41917707
0.58387849
0.60968641
0.40102851
0.29257874
0.27890761
0.39196009
0.61847358
0.68090612
0.5782928
0.51529342
0.59711092
0.7905204
0.77223916
0.79329688
0.69313257
0.60384613
0.70689679
0.94134005
0.73793047
0.99057865
0.79320408
0.85596407
0.8835899
0.9423761
0.95757762
0.95420681
0.12655678
0.087843711
0.13999114
0.080216725
0.076941069
0.087124874
0.023248654
0.035096827
0.074210412
0.044848418
0.033976668
0.034890479
0.051261449
0.059820238
0.033221011
0.057736814
0.00012102154
7.6365452e-05
0.00021496385
0.00014661655
0.00016672167
0.00011921157
0.00026050949
0.00011217457
0.0007741123
0.00029426156
0.00010374119
7.4862678e-05
0.00013400559
5.7575433e-05
0.00015544198
0.00011813374
8.6704524e-05
9.8456745e-05
7.0152132e-05
0.00036591914
0.00035050543
2.9596518e-05
0.00012910762
5.2189634e-05
9.5864376e-05
0.001379042
0.00092006197
0.011733322
0.0026997827
0.0033600031
0.0035306157
0.0037798012
0.002963577
0.011610245
0.0042238816
0.01660015
0.0069364633
0.0027892491
0.0023396368
0.0027133815
0.0017423806
0.0037182327
0.0022460624
0.0091289679
0.0061942129
0.0020914756
0.0010639827
0.0038984394
0.0031262537
0.0019670892
0.00039387912
0.0039861993
0.0019033835
0.0099995956
0.0088193823
0.0012673404
0.0014213077
0.0021732289
0.0012320506
0.0026598367
0.01043112
0.0042419697
0.00074434267
0.0059274009
0.0018938757
0.0013121938
0.00069691022
0.0025159227
0.0017836426
0.001531371
0.0009020304
0.002838957
0.0037471334
0.0016980775
0.0024877155
0.0026729808
0.001770557
0.001638771
0.0015335829
0.00089525509
0.0091785967
0.001088457
0.00092223469
0.0014626633
0.0012675134
0.0010436005
0.00093597894
0.00076230912
0.0027216596
0.0014539147
0.00076285302
0.0010136502
0.00097568031
0.00049060238
0.00038646782
0.0094786221
0.0018503814
0.0010651185
0.00058019882
0.00056932128
0.000382479
0.0025793059
0.0020880619
0.002467408
0.0018590476
0.00034940958
0.0006249682
0.00027430672
0.00022642634
0.00062493798
0.0013707077
0.00071228171
0.00027965235
0.000352952
0.0002046393
0.00040687166
0.00027272655
0.00031626238
0.00023406881
0.00045995021
0.00044259808
0.00069137317
0.00014199771
0.00030223419
0.00026874772
0.00017972365
0.0002422399
0.00022573523
0.00019082462
0.032314242
0.016506585
0.0112807
0.010053308
0.10189536
0.12594382
0.14320059
0.13378021
0.10551242
0.046094579
0.13100529
0.099164298
0.081636522
0.094226714
0.073202294
0.081904994
0.11124976
0.11200044
0.094468887
0.066273448
0.10632158
0.081022731
0.13127044
0.11560718
0.079163109
0.025919412
0.089305412
0.061789431
0.091075819
0.06895735
0.076480108
0.070534523
0.039738862
0.068546188
0.012287178
0.0089053832
0.012095172
0.0073378153
0.0058637227
0.0074654266
0.026935768
0.016798885
0.038562782
0.037398239
0.052555809
0.029366505
0.011676825
0.0041584368
0.019709266
0.013503377
0.010088152
0.011572505
0.0072037102
0.0028203587
0.0090828471
0.0070685012
0.0081602728
0.0055722729
0.005615632
0.0071846265
0.0052901657
0.0034341982
0.0046516366
0.0071790687
0.0087807419
0.004494179
0.0036978078
0.0041383957
0.0033495991
0.0026272722
0.0057983406
0.0047972913
0.0061264786
0.0031392873
0.013984623
0.01128094
0.0021698613
0.0044740814
0.017082942
0.014227259
0.00987389
0.0088368969
0.0065342576
0.0043328103
0.0032144757
0.0037209386
0.020892583
0.0314039
0.014142792
0.010458389
0.0028224502
0.0039313771
0.026697721
0.015812145
0.044088653
0.020180452
0.061329911
0.026594097
0.003571404
0.0025853628
0.0037024649
0.0034292608
0.0022492432
0.0013602429
0.0043463555
0.0041035124
0.0048370687
0.0061858216
0.0023342298
0.0032797234
0.0047538625
0.0036129118
0.0020938415
0.0025264127
0.0024033841
0.0022428513
0.0028508369
0.0021225789
0.0058858617
0.0048970936
0.0079091537
0.0069368884
0.0045956818
0.0043728675
0.0032046843
0.0029441775
0.010330744
0.0079732837
0.0067548914
0.0053603031
0.0036715835
0.0033765384
0.0025145896
0.0031912121
0.0028143642
0.0030844216
0.002744471
0.0026992024
0.22143306
0.30583537
0.22191285
0.2443251
0.24526356
0.29137666
0.31902955
0.33885238
0.25323297
0.30759967
0.46433783
0.53893918
0.55034496
0.53954079
0.51846926
0.52357768
0.56079092
0.48465204
0.50906422
0.54646192
0.55073919
0.50026865
0.6250916
0.58448007
0.48745838
0.51392587
0.37186877
0.35662229
0.52019111
0.47522871
0.4709279
0.3966416
0.033426471
0.027877021
0.021747935
0.027280632
0.023345956
0.01837842
0.061037027
0.026262716
0.050582428
0.043676658
0.035591385
0.045705574
0.033057504
0.039719293
0.043335736
0.029741036
0.0087027178
0.0085630878
0.0091130679
0.0094030418
0.0086242522
0.0082508685
0.0091964923
0.0076361511
0.0081072658
0.0088110469
0.007391246
0.0066077595
0.0068818762
0.0061936969
0.0063779429
0.011464228
0.011613882
0.0052066756
0.0049510068
0.0038018567
0.0050427263
0.0042778697
0.04903554
0.053058855
0.031572773
0.034221261
0.033539698
0.045582562
0.026637068
0.038443661
0.041498364
0.053167371
0.059597363
0.04561921
0.068518548
0.076917474
0.03831385
0.036980811
0.066970706
0.055737714
0.071294098
0.098172293
0.084344853
0.067965473
0.030491836
0.026058569
0.054738502
0.04114792
0.082467958
0.0835308
0.084678875
0.090886263
0.068063728
0.055153912
0.048058018
0.062856832
0.057949741
0.05987293
0.059845709
0.071787015
0.30279909
0.30693191
0.31212477
0.30806935
0.31482099
0.31092256
0.30621431
0.30362636
0.31722196
0.31744794
0.32054155
0.31377527
0.30897347
0.31822433
0.31219835
0.31018672
0.28730133
0.28998191
0.26503618
0.25915772
0.27305458
0.21401676
0.2717952
0.2647328
0.10179671
0.021878935
0.28505233
0.28823161
0.28707233
0.2833272
0.28536884
0.2826956
0.28193525
0.28437702
0.27443944
0.26968098
0.27681783
0.27776178
0.27643687
0.27194635
0.27515864
0.27209446
0.20037841
0.23304476
0.27513119
0.26581625
0.27376613
0.27066729
0.27084364
0.21649593
0.12710479
0.22410199
0.23467236
0.073288641
0.075079557
0.059479417
0.0531369
0.048423727
0.040164123
0.059678668
0.052984338
0.069293204
0.048497046
0.043102353
0.057525166
0.058907434
0.050310065
0.037178918
0.028862219
0.050240854
0.039696998
0.030464193
0.026190854
0.031388515
0.048132051
0.033388416
0.035428663
0.029952349
0.0196035
0.035898922
0.025972922
0.041394301
0.03428536
0.026812068
0.024187078
0.028345948
0.024752753
0.02131873
0.030813451
0.025603784
0.0302321
0.028480144
0.043929344
0.042837086
0.030245719
0.026034268
0.025387578
0.036720444
0.024935281
0.035614735
0.037211405
0.022300964
0.019539594
0.035801726
0.031979867
0.026726674
0.021560025
0.024627243
0.021846441
0.018927669
0.017075734
0.028855506
0.025100861
0.022815901
0.022562571
0.018956787
0.016267168
0.029407038
0.022516775
0.022212584
0.018289265
0.032682198
0.02603889
0.020366813
0.020072708
0.020885994
0.012184375
0.030614258
0.028267618
0.033821017
0.029910864
0.031970041
0.02677764
0.036366089
0.040468609
0.019881933
0.019908841
0.033255645
0.027871502
0.041893175
0.051402438
0.02137461
0.018010267
0.01747253
0.016495488
0.019086812
0.01768795
0.021972134
0.016308244
0.018699342
0.015572382
0.017426278
0.021246576
0.017596276
0.016751985
0.018680547
0.015385249
0.020039564
0.017864841
0.016754107
0.015446725
0.016821578
0.017505243
0.017242091
0.015888858
0.017212272
0.016682559
0.014754551
0.016348104
0.013345082
0.01631835
0.016113141
0.018606906
0.015511808
0.020784122
0.01864815
0.01791673
0.017046718
0.019134083
0.015818717
0.01770244
0.018147718
0.016876473
0.016906396
0.0225947
0.016333495
0.019096567
0.018478648
0.018349073
0.014366876
0.019630709
0.01570739
0.015068508
0.014359058
0.015261533
0.015437373
0.016151297
0.014432758
0.015230012
0.022118837
0.021138102
0.019617347
0.018535244
0.013619359
0.012997627
0.014689432
0.015522815
0.013830623
0.016291748
0.01463763
0.015122964
0.013406098
0.014308341
0.015266933
0.020922821
0.012614977
0.014300834
0.01561756
0.016800526
0.017627368
0.018560905
0.017141391
0.01907985
0.012712121
0.015104451
0.014770425
0.021624049
0.019002139
0.020823534
0.019481721
0.024143534
0.02048066
0.019524768
0.018699897
0.020222463
0.0225007
0.02036562
0.020103363
0.018262577
0.019059724
0.020576307
0.022631904
0.023429028
0.024691438
0.022837809
0.023073357
0.028146375
0.026956861
0.021697427
0.020452047
0.022933846
0.024280634
0.026244838
0.026984869
0.025869456
0.023413548
0.024953259
0.025672402
0.038053945
0.035553044
0.027030925
0.027628359
0.024470427
0.025590624
0.028793928
0.024986702
0.022274814
0.020025406
0.021212239
0.022606069
0.032036996
0.023276356
0.021053513
0.019643027
0.027618451
0.03058701
0.024215813
0.030237704
0.029462259
0.02296985
0.036907549
0.030966446
0.045326611
0.02445197
0.027063757
0.026021778
0.027462423
0.025087697
0.034601295
0.048847321
0.024016224
0.036864308
0.024167389
0.034489947
0.025605431
0.022009403
0.04204568
0.086985262
0.039007992
0.044065365
0.028919886
0.027782938
0.025342163
0.024354208
0.033511979
0.023696445
0.035060348
0.044523042
0.025122157
0.045683722
0.041984005
0.040758582
0.028457199
0.022219086
0.029541101
0.03021841
0.049835904
0.059183404
0.026168633
0.053572524
0.026362336
0.051221799
0.037551719
0.060156416
0.022695814
0.023866161
0.030038632
0.04040467
0.042247218
0.078112658
0.065032784
0.042851483
0.057312877
0.039121417
0.037192242
0.020675738
0.035143017
0.04756411
0.036311594
0.051701897
0.07480924
0.031136845
0.034859808
0.046272658
0.053719456
0.032582377
0.038774477
0.068852778
0.057095634
0.076599897
0.060026865
0.079965159
0.060469676
0.056561958
0.06952539
0.061245343
0.064733654
0.047363972
0.086997282
0.078195284
0.066809496
0.073552703
0.053392569
0.062762351
0.077737675
0.13606474
0.090405537
0.044120129
0.051343975
0.034987346
0.030468645
0.050624113
0.063441386
0.091183801
0.082630756
0.070729813
0.044253755
0.033487866
0.030830574
0.037506918
0.048464493
0.05309891
0.065865478
0.074752329
0.092196841
0.065938111
0.041721062
0.061874246
0.056940341
0.045183664
0.07095883
0.076200601
0.088844999
0.12729966
0.11930653
0.063552134
0.056314842
0.065435481
0.085833522
0.10443212
0.10094952
0.087769624
0.090146582
0.074388606
0.065019743
0.050677037
0.031374521
0.060550711
0.075789101
0.045409267
0.052268151
0.0553486
0.047956657
0.065222762
0.041739058
0.062883496
0.074012399
0.082692922
0.05888382
0.1033976
0.076867183
0.071376259
0.080806019
0.067490287
0.084203549
0.06810425
0.078075019
0.099492497
0.13357485
0.082534028
0.088136648
0.085224392
0.045100442
0.077464885
0.082040236
0.084049684
0.091599514
0.10486596
0.14304815
0.10940716
0.088820242
0.071906894
0.072388102
0.10118005
0.099347375
0.13622907
0.12363099
0.095861726
0.11592008
0.16362745
0.11397355
0.114661
0.13786589
0.11639968
0.13443542
0.13949172
0.084574033
0.12232896
0.11418754
0.12687032
0.10574447
0.1532843
0.15150922
0.17836931
0.18043132
0.1064014
0.13547965
0.13221413
0.16679657
0.095482315
0.11930938
0.14102971
0.14731575
0.21401188
0.21949262
0.1060484
0.11234973
0.089900902
0.090196484
0.14904164
0.14310232
0.14852802
0.17085074
0.094795989
0.10440574
0.082879074
0.094954104
0.16314249
0.19454441
0.14138983
0.15486336
0.12446379
0.16606938
0.16331192
0.15642812
0.11389058
0.17099482
0.16623153
0.18239225
0.15144463
0.17760508
0.18673381
0.1779362
0.19317009
0.21026185
0.099757532
0.12477114
0.2051939
0.12880454
0.16949227
0.22146675
0.25822602
0.19431082
0.21135712
0.19218454
0.12825951
0.12815492
0.12670345
0.11125627
0.11237844
0.14243704
0.16441085
0.12584254
0.18154143
0.21787443
0.19041295
0.21325496
0.20578668
0.20510603
0.099907497
0.10094785
0.15363238
0.16129714
0.15088934
0.19857766
0.15716576
0.20465545
0.18792838
0.18632915
0.16490684
0.19614861
0.18041065
0.12638831
0.17370836
0.19583042
0.19584888
0.20351551
0.20329513
0.21270148
0.10714134
0.138459
0.14056382
0.091044041
0.1074017
0.16046385
0.11903208
0.25719421
0.26866555
0.2103449
0.19191545
0.13552583
0.11749823
0.11496068
0.12644682
0.19191703
0.11957855
0.17828059
0.11437436
0.12177348
0.092203483
0.12146661
0.11434914
0.11311802
0.23135768
0.20617324
0.18979102
0.14929236
0.20354522
0.21155608
0.21202173
0.21545999
0.2245051
0.18467125
0.17402938
0.18913179
0.19450095
0.16729323
0.17685869
0.1622706
0.27070204
0.22204603
0.2038193
0.17794221
0.18095169
0.16008839
0.22292956
0.23039265
0.20828589
0.21679961
0.14219885
0.16836749
0.11082625
0.17640212
0.24746303
0.26696456
0.23867586
0.23074269
0.22956133
0.22089791
0.26720427
0.24073695
0.21954527
0.23327622
0.17243645
0.20853319
0.32976259
0.31645546
0.30749783
0.31637121
0.33425422
0.34128136
0.32642977
0.33536113
0.33914797
0.34800349
0.32584276
0.34922199
0.32182549
0.33984926
0.15745154
0.16112614
0.17507482
0.15297272
0.054192296
0.044152032
0.060444139
0.053499876
0.067241975
0.068998268
0.35981087
0.3517703
0.36580362
0.36708946
0.35559926
0.33648544
0.39919866
0.39128927
0.37209063
0.37823812
0.38045655
0.38548404
0.38869329
0.37724069
0.3680962
0.38495292
0.36989609
0.35721218
0.36678285
0.36630707
0.36111884
0.35495456
0.35744755
0.35689958
0.36364623
0.39532848
0.40678591
0.41400887
0.3913156
0.3978494
0.4306115
0.41679712
0.30413149
0.21975084
0.059800081
0.34880019
0.10386378
0.1945099
0.23953012
0.016272044
0.67703298
1.0989502e-06
5.0468158e-06
2.2317492e-05
0.047606851
0.00014552793
0.00043650333
0.079477877
6.0299806e-06
0.22981094
2.7747458e-06
0.00064983171
1.9567685e-06
5.0524099e-06
5.0362184e-07
1.4473342e-07
0.091075527
7.1719788e-06
1.9308279e-05
7.8893315e-05
0.44952957
0.025154029
0.00038513096
0.23519649
0.0014727722
1.8514673e-05
0.00021888566
4.5428779e-07
1.3735208e-05
5.3274169e-05
5.6567551e-05
1.0257481e-05
0.001663223
2.6804558e-06
0.00061007055
3.7689376e-07
0.00026525242
3.4701792e-05
0.00089587671
2.2108455e-06
9.4096401e-07
0.87248543
5.0527067e-07
7.772119e-06
3.1423133e-07
1.5408297e-05
0.15203415
0.0091332014
1.8114289e-06
6.3568875e-06
1.6208858e-06
5.8461886e-09
1.207628e-08
9.181667e-09
5.0859888e-09
8.1236647e-11
2.1087552e-07
1.0440586e-08
3.2135775e-10
1.0671954e-06
0.14539999
1.543633e-07
5.580557e-07
2.3272359e-07
4.1211048e-07
9.8072368e-07
6.535135e-07
6.4531547e-07
2.0849133e-06
9.0836019e-07
3.4006136e-06
2.7489179e-06
1.1799362e-06
5.8877696e-07
1.0587514e-06
1.2323384e-06
2.2113325e-06
1.0275802e-05
1.0917869e-05
9.6059378e-07
1.9452326e-06
4.9586463e-06
2.5121246e-06
1.63896e-06
1.0074894e-06
4.9986757e-06
2.9110814e-05
4.5518464e-05
2.0535589e-05
2.1376898e-06
1.0991407e-06
1.9001515e-09
1.6430541e-09
1.0487855e-09
2.5453996e-09
1.2883907e-09
4.5988685e-10
1.0247316e-09
5.2798241e-10
8.2983348e-09
5.273453e-09
2.1463012e-09
2.231819e-09
6.1282145e-09
3.782609e-09
7.4380391e-05
3.5700618e-05
0.00021559
9.9175484e-05
0.00022996849
0.00014064318
0.00035807058
0.00020423638
1.1331669e-11
1.5060048e-11
2.2678459e-12
2.6499236e-12
2.9502359e-12
3.2683432e-12
2.1381136e-13
3.592598e-13
4.4249154e-13
1.5628168e-13
1.5834863e-14
0.29371852
0.31750903
0.9951122
0.9652431
0.75113981
0.89872624
0.9610004
0.96817552
0.94436403
0.99557866
0.99532054
0.64544184
0.73849954
0.89606666
0.89749775
0.9549094
0.53184045
0.92317745
0.82544646
0.57513619
0.56471269
0.025255809
0.039196043
0.022176204
0.039173718
0.00016123567
0.0018426971
0.0016656246
0.0011077321
0.0011849083
0.0013914783
0.0027635776
0.0045059632
0.0032680816
0.0043918507
0.0059550217
0.0023511307
0.003739645
0.001226089
0.00083426539
0.0006381513
0.00049501901
0.00054980325
0.0016327378
0.0018101652
0.001511622
0.001775893
0.0012602546
0.0020463183
0.0019892739
0.0021078865
0.0019814423
0.0014973082
0.0016269347
0.0013650791
0.001233007
0.00077887577
0.00048150791
0.00051250311
0.0016913518
0.00089315181
0.00061591638
0.00029164724
0.00050295428
0.00045451953
0.00059769228
0.00019823487
0.00015957615
0.054101161
0.043279671
0.0072186187
0.012658697
0.0044846017
0.0062091768
0.014725285
0.015784652
0.012059556
0.017776835
0.0046320478
0.0039421986
0.0047667747
0.0042624886
0.004461407
0.0041385419
0.0045690403
0.0041218567
0.54282774
0.59794708
0.51645221
0.53617295
0.49811015
0.45597501
0.69490648
0.59436976
0.58027172
0.61212274
0.74378738
0.69558437
0.46607125
0.47868347
0.47862275
0.49936829
0.46726253
0.50161541
0.47766328
0.46116003
0.018443082
0.016287914
0.018057341
0.021932483
0.015376325
0.013565338
0.04315334
0.034972688
0.022791249
0.016666521
0.0064262543
0.0059311087
0.0067206452
0.0060758216
0.0054516905
0.0063532053
0.0061184477
0.005616721
0.0056710616
0.0041768684
0.0042446885
0.0038899804
0.0036726873
0.0040553952
0.0034645571
0.0037884226
0.0030388318
0.0035072373
0.028109373
0.0035187333
0.021913043
0.029629585
0.020861302
0.01787668
0.022280669
0.045484764
0.047581374
0.26347225
0.26788079
0.27282883
0.26977244
0.26402108
0.27200361
0.2662387
0.26893558
0.26938701
0.26672315
0.25853813
0.26582225
0.24923477
0.26485386
0.26432691
0.25981194
0.19242161
0.2589071
0.26421179
0.26703629
0.26497216
0.26210614
0.23029347
0.26147918
0.26755954
0.26148684
0.26168373
0.24164087
0.24761504
0.26250592
0.25716306
0.2522158
0.25022854
0.2549893
0.2633669
0.25629213
0.23262932
0.23020527
0.25486543
0.24906942
0.25006332
0.24019801
0.23788234
0.23975394
0.25630268
0.22617058
0.2441375
0.065304926
0.057447788
0.048854717
0.056661205
0.071991885
0.055547883
0.029510888
0.023893806
0.028935822
0.033857594
0.017822152
0.020454672
0.047732964
0.0392663
0.039056457
0.046552388
0.034190654
0.040478392
0.041946703
0.039486269
0.032477636
0.03701576
0.012752381
0.011984136
0.019233518
0.018831853
0.019324853
0.018027573
0.017104313
0.020637738
0.022499965
0.024262148
0.024009666
0.013542271
0.013028457
0.014138258
0.013266512
0.012740818
0.014082556
0.012517456
0.013837377
0.01389178
0.012812396
0.013329597
0.013760656
0.013266318
0.01540603
0.019310264
0.018922212
0.015797949
0.016866101
0.015128067
0.014548648
0.017463241
0.019864741
0.02230346
0.025169022
0.027592384
0.026304492
0.023818262
0.021021083
0.022937532
0.031651243
0.028614563
0.02781562
0.031070524
0.02703264
0.030032937
0.031750335
0.039074109
0.050020665
0.057259401
0.033653917
0.0304692
0.040066582
0.032769255
0.03471784
0.032608167
0.027610276
0.028214843
0.041634997
0.044941762
0.029705416
0.026275377
0.043243509
0.03857824
0.045070484
0.039035416
0.028545468
0.026363951
0.036875177
0.027549381
0.045299046
0.043449728
0.049881988
0.04371696
0.048117318
0.052731953
0.063824998
0.070887419
0.091957288
0.078404438
0.081427728
0.08206534
0.11401611
0.12977658
0.12689117
0.1373472
0.12663437
0.11011579
0.1139721
0.11953527
0.12580152
0.11418327
0.13835619
0.13766391
0.11095221
0.10367993
0.097335312
0.09782353
0.077645507
0.07668552
0.081020646
0.065669782
0.070506464
0.096348802
0.072007517
0.1037485
0.11413303
0.10484051
0.11715699
0.13634391
0.14740653
0.15844273
0.14211168
0.09028232
0.089263202
0.10300535
0.089921262
0.097833786
0.083482493
0.10163581
0.097974579
0.065026312
0.063236319
0.121824
0.12078285
0.13846257
0.1568209
0.16245619
0.30798358
0.24439028
0.32011191
0.23770101
0.34998464
0.36295112
0.15964051
0.14144789
0.17603933
0.17855693
0.18087299
0.16180161
0.1428911
0.15897949
0.16268772
0.1738511
0.35711005
0.36716281
0.37209359
0.37182822
0.37598137
0.37038721
0.389653
0.39613486
0.41875798
0.39061949
0.41081847
0.4087453
0.40117626
0.40732471
0.40333148
0.39627835
0.40424831
0.41024355
0.40269991
0.41754615
0.4065105
0.39987489
0.38689887
0.38727315
0.39474154
0.42167869
0.42083596
0.42683078
0.43748767
0.43420975
0.40862374
0.42740374
0.42762719
0.44172647
0.43947457
0.40736093
0.40186334
0.39988399
0.39159234
0.44122555
0.43923212
0.40920886
0.40377183
0.41456445
0.41776369
0.40060637
0.39692883
0.42806702
0.41289579
0.39999394
0.43647521
0.44324578
0.43290707
0.44352101
0.45234426
0.44943353
0.47386342
0.45017207
0.4152171
0.42614432
0.43028415
0.40944549
0.41923076
3.5777327e-05
7.9117711e-05
5.2325786e-06
6.2219664e-07
7.9273343e-06
1.4684843e-05
0.47462211
7.158399e-07
5.3355213e-05
4.0624828e-07
0.0011978438
6.2660499e-06
1.6286726e-06
0.20162441
0.0055470789
0.0019230549
0.083421321
0.0032501141
0.0043185968
1.6014264e-07
3.5561111e-06
1.4891006e-05
0.00021073025
0.026850957
6.2934142e-06
8.3464046e-07
8.4388559e-05
3.9081805e-05
1.4366134e-05
0.064244414
0.0065755209
0.0015086881
0.18928844
7.6040409e-05
0.0036161441
3.6904941e-06
6.8745364e-07
2.2933981e-06
0.060338273
4.420296e-07
0.00022364127
0.00010119085
1.4168007e-05
2.0799484e-05
2.4536184e-06
0.25371876
0.00014768932
2.7583624e-07
0.0002659659
8.8196477e-07
0.0027669532
0.059512199
0.10739614
5.7746278e-05
0.014653979
0.20062881
0.036467022
0.0097751408
0.0025215047
7.1042308e-07
0.00010081611
0.0086358471
0.12643284
1.7007447e-06
1.6599443e-05
0.154152
0.11894406
3.5580946e-05
0.37742581
0.00080111815
1.9664589e-06
4.2095864e-06
0.00016115051
2.6531348e-06
1.6219686e-06
3.6132693e-06
1.1848451e-05
2.6617751e-08
0.00027128019
1.6639598e-07
1.2956084e-08
2.0741241e-11
0.0013202764
3.9529463e-11
0.14291004
1.9605737e-07
1.3332698e-07
6.5321458e-08
1.0590266e-07
0.027432951
0.003815925
0.079934083
0.0013855635
2.0588744e-09
1.5162525e-09
2.2430994e-11
1.2922905e-10
5.3444632e-08
3.1571021e-08
5.9460289e-10
1.4787651e-08
1.1063282e-07
3.4699243e-06
1.326508e-11
3.2200559e-11
2.2417664e-07
2.374685e-09
5.6238006e-12
1.4034452e-12
5.3759371e-12
2.9767372e-11
4.9583022e-12
2.4571171e-12
2.8378359e-13
6.3167135e-12
8.6341462e-12
7.9549655e-11
8.5026539e-12
1.4986741e-11
1.7427688e-12
3.2063389e-12
1.607161e-09
1.0615628e-09
5.1423737e-12
9.4658199e-12
1.3782289e-11
9.5315006e-12
3.8141642e-13
6.8127766e-06
1.1176069e-12
5.8791478e-13
1.3834522e-13
1.0223774e-13
4.9556968e-11
1.1816865e-10
1.4261893e-10
5.3571334e-11
2.0013722e-10
8.0109051e-11
4.4177832e-10
5.2422542e-10
8.4683568e-11
1.2612685e-10
3.3707071e-10
7.669164e-10
1.3802997e-09
1.7807008e-10
3.1687327e-10
1.0151523e-09
1.288887e-09
3.7848724e-09
1.6077997e-09
2.5872078e-09
1.1336517e-09
4.0185483e-09
2.7113605e-10
1.1290507e-09
5.5795618e-09
2.100875e-09
5.9503998e-10
1.2683359e-09
3.4945571e-08
5.9610985e-08
1.0258412e-08
3.5235165e-09
7.5095028e-10
3.7342865e-09
5.7478177e-10
4.4114264e-11
1.8582678e-08
9.5448895e-08
2.7586354e-09
6.4954919e-09
1.2777758e-08
2.4220642e-08
3.8635152e-08
4.6378888e-08
9.6416959e-09
3.2329387e-08
7.3401945e-13
1.6310593e-12
8.0006764e-13
1.0906123e-12
3.1466421e-13
1.3961635e-13
2.644599e-13
7.7638631e-14
8.7227858e-13
3.0858925e-12
3.4402498e-13
1.7368035e-13
1.7340474e-13
2.6888975e-13
2.3963054e-13
8.9280557e-14
0.81090323
0.82859927
0.97555927
0.92541687
0.89616072
0.56179162
0.001129029
0.00080009366
0.001169593
0.0010017746
0.00097325188
0.00050156412
0.00073067663
0.00064328838
0.00042497312
0.00081855263
0.040729771
0.052163892
0.0054248121
0.0058763486
0.0056944088
0.010065928
0.59096323
0.56743328
0.54055226
0.4770276
0.50891068
0.51182538
0.50813856
0.53823261
0.49686183
0.47432272
0.47201178
0.46140726
0.49351252
0.46850689
0.49134084
0.48952641
0.51510387
0.52855589
0.48235203
0.47877607
0.48407438
0.50136843
0.51770006
0.4352302
0.50989624
0.5824071
0.48487311
0.4689232
0.46429177
0.45612227
0.45902461
0.43761488
0.45717587
0.44750295
0.50680546
0.45344261
0.50433818
0.52873066
0.46713745
0.47087034
0.43538749
0.45942222
0.57942732
0.5349297
0.44453059
0.54288039
0.54757131
0.52767897
0.73063987
0.4551565
0.53660732
0.48530856
0.67307472
0.54908098
0.44526526
0.44640865
0.45295374
0.45622788
0.45021878
0.42699236
0.44221548
0.44926467
0.51461379
0.52303484
0.58429801
0.46221953
0.43178019
0.42346752
0.51957923
0.43753153
0.50644174
0.52616686
0.548022
0.54778481
0.41951841
0.4401537
0.43430884
0.44349358
0.44390369
0.46894098
0.50022895
0.53530266
0.48850581
0.56308383
0.53759357
0.47330335
0.48714662
0.47862118
0.57924511
0.58859835
0.5696176
0.51704618
0.51272879
0.51893239
0.49563937
0.47038209
0.552732
0.60965822
0.56774202
0.58869665
0.48532334
0.59628544
0.55759372
0.60240253
0.65802564
0.6221357
0.61850558
0.59400033
0.6133911
0.61803979
0.58508772
0.60664172
0.57422471
0.63254816
0.6534315
0.67775468
0.6911073
0.63334515
0.53299599
0.56997436
0.64580667
0.64046928
0.60172431
0.68704337
0.86119194
0.67049661
0.67844144
0.75318853
0.62833692
0.60685521
0.63989349
0.6400203
0.76100103
0.61213517
0.66646043
0.75077892
0.71892396
0.60716249
0.62671824
0.65942282
0.7369248
0.69204302
0.71827865
0.64142419
0.68920901
0.62465856
0.63105154
0.68997714
0.80018607
0.64488205
0.6586065
0.63548347
0.70388473
0.71414673
0.72242067
0.71824882
0.78934875
0.76730738
0.66890007
0.7298428
0.71685214
0.76187584
0.76295385
0.65096568
0.65183565
0.85385333
0.76893575
0.77404
0.76979711
0.46827881
0.44495795
0.45134793
0.44678195
0.46135832
0.45412435
0.44771584
0.45423153
0.022061478
0.020948601
0.013993171
0.012542012
0.015766898
0.016163033
0.030861979
0.021629271
0.26844171
0.26785878
0.2259466
0.26758784
0.24126115
0.23760218
0.24231798
0.23962599
0.23670607
0.25634136
0.24085364
0.033196661
0.035710122
0.025489748
0.021810178
0.023176241
0.019908037
0.017140848
0.017711237
0.012628036
0.013530642
0.01395972
0.014963437
0.02138134
0.020142641
0.021337357
0.021938656
0.021701676
0.021942409
0.020929797
0.039001296
0.0351624
0.0495658
0.048859494
0.059749595
0.033964493
0.050808502
0.041405464
0.0343644
0.041366988
0.053335481
0.040352607
0.05712538
0.041432915
0.033327019
0.036241879
0.044695319
0.051828611
0.035878425
0.05012028
0.031374658
0.036936164
0.036817373
0.039273666
0.040272421
0.03671621
0.031097206
0.03571892
0.037585457
0.031937515
0.040724628
0.036715387
0.12297355
0.13537752
0.070354765
0.04890745
0.045142227
0.053089082
0.056933598
0.057474942
0.063801932
0.047082533
0.042014404
0.058134626
0.060423099
0.044208961
0.050719637
0.046374365
0.05789346
0.065457834
0.05637056
0.053690016
0.085234307
0.096518971
0.10605357
0.10231791
0.085601495
0.083502597
0.072627177
0.079176382
0.068563439
0.063757724
0.072537382
0.14777706
0.13996575
0.15746699
0.14984122
0.15125427
0.14766272
0.16498612
0.13558588
0.16869777
0.17708273
0.18410692
0.19648068
0.1851071
0.20525699
0.20706194
0.19169472
0.13058903
0.13329175
0.13135066
0.14619605
0.15610158
0.14422456
0.25161623
0.25517389
0.24798714
0.26030718
0.24813886
0.23962553
0.25881691
0.2510487
0.25257598
0.24782399
0.24360628
0.26103635
0.25114398
0.2187113
0.21925889
0.26039457
0.25798048
0.26172498
0.25443694
0.25453846
0.25830013
0.25705368
0.25460743
0.25891161
0.26248844
0.25453924
0.25952234
0.25650096
0.26169824
0.2592012
0.26349466
0.26251698
0.24503122
0.24980624
0.25934727
0.25731117
0.24014677
0.24845324
0.26030238
0.2578238
0.2606411
0.26036646
0.26158932
0.23460308
0.26395023
0.26130907
0.2628051
0.19213552
0.26297351
0.2143884
0.17850752
0.3898869
0.39436974
0.42455594
0.41615494
0.41217849
0.40586714
0.40285669
0.83954669
0.66835337
0.079461972
0.050974621
0.0020165392
1.8767783e-07
8.9461376e-07
2.0514991e-07
1.1217422e-06
2.0515958e-06
2.3814173e-05
1.4700364e-05
0.00017609668
5.9270931e-05
0.0013126456
0.0016641575
4.0470713e-05
0.27949318
7.7504068e-07
6.5562973e-05
9.0367543e-06
3.6742259e-05
4.5239766e-05
2.6303353e-05
3.3148391e-05
2.0283288e-05
1.7259125e-05
1.1415888e-05
2.4937468e-05
7.7603487e-05
0.000151355
0.00037130472
0.0010420589
0.0023948807
0.00046838169
0.00052327151
0.0011256899
0.00075172061
0.0023980781
0.0093419724
2.4567466e-06
4.6794801e-06
8.6978586e-05
0.00012249481
0.0029464996
5.1418249e-05
1.603442e-06
5.7064353e-07
4.6446001e-07
1.1937612e-06
8.4500804e-06
2.164447e-05
0.00032828672
0.00091585756
0.00073771958
0.00050382219
9.6725257e-08
3.0832251e-07
2.4963252e-06
1.295343e-06
4.1333548e-06
1.2207427e-05
1.4115135e-07
5.798449e-07
1.6023294e-06
6.690683e-07
4.8084276e-06
4.5500742e-05
7.3214446e-10
7.1441842e-06
2.7512331e-07
2.0009792e-06
2.1590163e-08
8.9782771e-06
1.1532712e-05
2.1913951e-05
3.2460143e-05
1.8309088e-05
1.1284187e-05
0.0047976775
3.0706716e-07
1.3473163e-07
7.8664219e-07
1.5215074e-06
3.5554401e-06
1.4536983e-11
1.5080062e-07
5.5009412e-08
5.5388149e-08
1.9850573e-11
9.0450847e-08
7.2723462e-07
5.7838509e-08
9.242197e-08
1.337632e-10
2.5927797e-10
3.2117918e-10
7.241355e-10
4.4707079e-12
3.6665789e-12
1.9789397e-12
1.1913325e-07
1.2405311e-10
2.1663919e-10
1.8852526e-10
6.6934134e-10
9.2552201e-10
6.8694782e-10
6.2892395e-10
2.7143344e-10
1.5052318e-10
2.5809453e-10
2.5942854e-09
5.2097473e-09
5.1251485e-10
1.0668523e-09
1.0356508e-10
2.0155661e-10
2.5219226e-11
6.769895e-10
7.7082489e-11
3.6246076e-10
9.2368184e-12
3.5809166e-11
7.519083e-08
2.6401457e-08
8.6446903e-09
3.8442616e-08
3.3208538e-13
2.255767e-13
8.1828275e-14
2.1959057e-14
1.78e-13
1.5571798e-13
9.0409127e-14
1.3822422e-13
0.73455365
0.78815307
0.84230261
0.79231996
0.78546771
0.72246426
0.80443674
0.76066027
0.73752917
0.73781508
0.70907475
0.78055798
0.71855102
0.74399624
0.69541182
0.68535361
0.75106173
0.77721759
0.66704017
0.67447295
0.42442145
0.430346
0.53223733
0.55537975
0.54842676
0.55519225
0.57157162
0.55755873
0.46497549
0.47471192
0.47482702
0.4902149
0.50367913
0.50102298
0.51395834
0.5107942
0.51961108
0.49767052
0.53744125
0.50371711
0.54944513
0.52816571
0.48673841
0.52790462
0.55671355
0.57360818
0.56050208
0.54500142
0.5153757
0.52590622
0.49823832
0.48950721
0.46545011
0.48288226
0.47596049
0.56626978
0.58295239
0.6523316
0.60591261
0.59240549
0.6044723
0.61335485
0.6147695
0.60560217
0.66215206
0.63909004
0.92451986
0.68284291
0.76253532
0.75751308
0.864949
0.63545589
0.80657646
0.7949055
0.81653821
0.80983416
0.74767132
0.83328607
0.76045491
0.95715005
0.72498328
0.77113671
0.83030028
0.86981688
0.84147811
0.92118055
0.85298999
0.89200901
0.82728865
0.91906175
0.63208637
0.72464982
0.66774563
0.68597996
0.73148902
0.71289002
0.82609016
0.84404781
0.99603606
0.89219883
0.62407301
0.65176953
0.66911894
0.69064344
0.69977801
0.6644894
0.82585014
0.96712624
0.97236461
0.9952446
0.95054913
0.78608171
0.96889878
0.77167493
0.015314978
0.015900416
0.015791079
0.017867657
0.013672755
0.015280818
0.01245336
0.014426736
0.01415494
0.018361499
0.24188702
0.23153458
0.020283158
0.019788439
0.020737494
0.021181962
0.022314654
0.021585668
0.022649472
0.027047485
0.025104896
0.029779027
0.03809237
0.03486767
0.033463795
0.035049289
0.03029516
0.031038158
0.029120982
0.031886024
0.029129078
0.029081842
0.079036249
0.065645992
0.22532433
0.26231195
0.26130118
0.2606433
0.26411497
0.41954985
0.4141705
0.51300564
0.96397333
0.41688402
0.62598894
0.66084062
0.97869599
0.1070957
0.10779805
2.590307e-05
1.1339932e-05
0.041339613
0.021252975
0.0049991331
0.028500054
0.98752781
0.87194461
4.9921761e-07
7.7131725e-07
0.066731614
0.14136123
1.6835838e-07
2.6374766e-07
1.467283e-07
3.7410623e-07
0.019746821
0.047609888
0.046894499
0.70657906
3.3984138e-05
1.4859969e-05
0.015664612
0.0010942925
7.0861358e-05
0.39307274
0.35930641
0.70186752
2.058612e-05
1.1750524e-05
2.9147837e-05
3.695879e-05
0.00025511317
0.00035933648
0.0022424035
0.003393913
0.0020630278
2.5142807e-05
0.00093051367
8.772138e-05
0.00029057279
0.0003146541
6.4613875e-06
4.7222132e-06
1.1499339e-06
3.7001102e-06
2.1326371e-06
3.4142e-06
2.8602897e-06
4.8249139e-05
2.6194239e-07
2.0091609e-07
2.5365206e-07
8.9803037e-08
5.0835097e-09
1.3899458e-09
1.3223237e-09
8.245714e-10
7.5883925e-13
2.0519875e-11
2.450613e-11
7.1616903e-12
6.9787461e-12
5.756898e-11
1.2628825e-11
4.732685e-11
5.885314e-12
1.6886525e-11
2.4687061e-12
7.1996104e-12
7.0849276e-11
1.7747212e-06
7.6736572e-08
7.8318132e-08
4.4159253e-09
1.2825031e-10
1.9331508e-08
1.25617e-08
3.9845441e-09
2.3208888e-08
2.2412935e-08
3.2409537e-08
1.9690172e-13
2.6746793e-13
3.0709321e-14
1.5169882e-13
3.4438565e-13
2.37625e-13
4.7691756e-13
6.4128611e-13
0.6917518
0.73686249
0.49114757
0.47785752
0.69272992
0.72840775
0.82480946
0.7873587
0.85592971
0.88480587
0.91311403
0.88484077
0.84095144
0.8960037
0.99587019
0.91654542
0.017224279
0.94023886
0.015277244
0.022553598
0.023301617
0.023155024
0.02449813
0.023190256
0.023388462
0.024394217
0.026148624
0.023391351
0.023940196
0.023764254
0.027398002
0.022334932
0.025214202
0.023715855
0.024285552
0.027614135
0.024915602
0.024061106
0.024502106
0.025153274
0.026925756
0.025274975
0.023944373
0.028089711
0.028133255
0.027979945
0.029705439
0.027520343
0.029168323
0.026498137
0.026483444
0.027507618
0.027078127
0.026792878
0.026600761
0.027509969
0.02668834
0.026479215
0.026232507
0.025532231
0.026924028
0.024889338
0.025022287
0.026613473
0.026497341
0.024842982
0.025916602
0.025950305
0.025946806
0.025802925
0.025126104
0.026233401
0.025504626
0.025679343
0.22808691
0.22857277
0.007082759
0.018880675
0.0047953055
0.011300028
0.01783277
0.0017804849
0.70368109
0.6706336
0.514938
0.56605171
0.7720618
0.044433255
2.0899979e-05
0.0063058844
0.25662831
0.0060748363
0.073251071
0.013616409
0.0044916348
0.003137233
0.18418298
0.0076971607
0.060963051
0.012204287
0.012461973
0.016636658
0.010034451
0.016932461
0.022490904
0.015814104
0.026858632
0.16671508
2.3388393e-07
1.933481e-06
4.2654231e-06
4.5913969e-06
2.5185312e-06
7.2966672e-06
2.3627993e-06
4.6843691e-06
1.5916947e-06
1.1657565e-06
1.0852088e-06
1.3714009e-08
1.2925824e-06
6.3336207e-09
6.1441888e-07
1.4931566e-05
0.0056208799
6.6828303e-07
1.8261579e-06
1.2913833e-06
3.8333862e-06
2.4562147e-09
7.9476704e-07
4.3562022e-07
4.6566226e-07
2.4085903e-09
4.8938927e-07
1.3197726e-07
1.7500856e-07
6.0997434e-08
1.5088144e-06
3.357789e-10
4.7902209e-07
3.252936e-07
7.5837104e-07
6.1525646e-07
2.5238035e-09
2.9643027e-09
3.1189698e-07
1.9280871e-07
1.1686428e-07
2.3406746e-08
4.025387e-06
1.8121595e-08
3.4117523e-07
1.4271664e-07
3.061632e-08
1.9148404e-08
1.0658163e-07
4.776194e-08
5.2011288e-08
3.0687095e-08
5.7311789e-08
2.0453157e-08
3.4094528e-08
7.9571582e-07
9.3165898e-08
5.9563789e-08
8.0364865e-09
9.2403802e-09
6.8656519e-08
6.8797524e-08
5.6380586e-08
1.6713685e-07
1.1772208e-08
5.0223203e-08
2.2451916e-08
5.7398489e-08
1.0855273e-08
4.1172714e-09
2.5183725e-08
1.4514977e-07
3.4812733e-08
1.2896322e-08
6.141676e-09
7.7714123e-07
1.1059032e-08
7.4595899e-09
9.0619506e-15
1.4338891e-06
1.0805245e-08
4.1612864e-08
2.2560846e-08
1.7308874e-08
4.4785149e-07
3.5503068e-07
2.541301e-07
1.7750995e-07
1.4148438e-07
6.2838233e-07
2.6806671e-06
4.0354133e-09
4.6706035e-10
9.7362942e-13
5.2398426e-07
2.752291e-07
3.4666137e-08
3.7232138e-08
1.7627883e-08
1.0764161e-08
5.513508e-09
7.1075984e-10
1.3285548e-07
3.8597954e-07
5.3102182e-06
1.3167109e-06
6.967071e-05
8.2997141e-09
3.1278468e-06
3.4436956e-06
6.2191689e-09
1.6961821e-10
6.6406926e-09
4.8660217e-09
4.3368365e-08
1.0117027e-07
2.4715089e-07
4.9505271e-08
2.1038208e-07
1.1148787e-08
0.00011152875
8.0271654e-06
1.4374489e-08
5.4955408e-09
2.2705627e-08
1.1359899e-08
1.9607282e-10
1.815463e-09
3.3885252e-09
9.343195e-09
2.4607998e-07
1.0283911e-07
2.9918536e-08
1.1151431e-10
1.3904799e-06
2.579182e-11
9.6540326e-07
9.549508e-07
3.3457831e-09
2.6244904e-06
7.2868572e-11
1.6514084e-06
3.640035e-06
5.0222216e-08
5.5417857e-06
1.387489e-05
9.5828502e-06
3.4695623e-14
3.6802714e-13
2.367944e-08
4.2261191e-07
2.6093115e-06
4.6541518e-06
1.184771e-05
6.4622648e-06
8.4219901e-06
7.6260165e-05
9.82869e-09
1.5510065e-09
3.0616462e-06
1.2500346e-09
2.9375739e-11
1.8107001e-14
2.5774497e-09
7.3331143e-16
4.6449192e-10
6.8982661e-08
7.6042479e-10
4.8043744e-08
1.6582255e-08
1.7229602e-10
2.738695e-10
1.9538036e-09
1.4761887e-09
6.6372212e-09
4.4212124e-10
2.8928973e-11
1.8118584e-10
9.4939246e-14
7.5667283e-10
2.7652715e-10
3.891349e-11
3.6420633e-11
3.7686345e-10
1.0905821e-10
7.0775408e-11
1.5782695e-11
1.1050142e-10
5.0011867e-11
1.2232721e-10
1.8304089e-09
3.5592052e-11
6.22587e-11
7.3840019e-12
1.3034085e-11
1.7285483e-11
1.3532209e-11
8.9515482e-11
2.6625233e-11
1.4559094e-10
7.9592786e-10
6.1651965e-11
3.7622801e-11
1.6564572e-11
5.410054e-12
5.8552204e-11
1.1042259e-11
2.5364657e-11
9.6668838e-08
1.6594687e-08
1.4062601e-12
9.9573692e-14
1.3806641e-15
3.8952199e-12
3.0190406e-10
4.5919272e-11
5.7112671e-08
4.2622489e-07
5.5960505e-11
3.0965635e-10
4.415389e-08
2.0236736e-11
7.4066349e-09
8.0754657e-12
4.7318701e-14
3.681206e-16
1.8016389e-14
1.6300259e-16
3.8793462e-07
1.5731807e-11
5.9457126e-12
1.129985e-11
1.0541878e-11
8.2522341e-13
9.6830552e-12
1.8154886e-12
4.0036286e-12
7.300534e-12
1.0815531e-11
1.5797881e-11
5.7131467e-12
2.4253291e-11
3.053963e-11
4.0659637e-12
1.3049219e-14
3.6030031e-09
2.942011e-09
2.3878033e-12
4.0837518e-12
1.0846377e-11
6.9437431e-11
9.3398726e-12
2.2005021e-11
6.1873478e-12
1.0830019e-11
8.8795585e-11
1.4988334e-10
3.3892482e-09
3.8900532e-09
1.1411951e-10
3.9016812e-10
1.5765503e-10
3.0415071e-10
9.0238572e-11
2.6716283e-10
8.8802907e-09
1.7053508e-08
5.4102192e-09
3.549246e-09
2.2646736e-09
2.2399846e-09
1.9700531e-09
9.6742461e-10
7.8227337e-09
6.2469052e-09
1.5596897e-09
1.3975224e-09
8.5028662e-10
8.8079492e-10
3.5982899e-10
1.3617876e-09
1.7140437e-09
2.2975684e-09
8.8344837e-08
5.1659828e-08
7.2240672e-14
1.2253578e-13
1.2616982e-13
4.9706615e-15
2.4006353e-15
1.3692739e-13
1.0304283e-13
9.288852e-14
4.0705555e-14
0.92134206
0.9967505
0.97642495
0.9293142
0.025983547
0.025565235
0.023968861
0.024544587
0.030505107
0.03153475
0.035875766
0.032859554
0.028157239
0.02676532
0.032459279
0.026368056
0.033936508
0.03272956
0.015868605
0.89241662
0.57595146
0.28594227
0.56547641
0.099321381
0.084675172
0.1228763
0.24460333
0.26841106
0.18799118
0.14626512
0.37911232
0.11054108
0.23669719
0.04920435
0.1765512
0.15415354
0.13114794
0.070048263
0.18970617
0.11095175
0.13348297
0.050169707
0.19398883
0.27351992
0.24599169
0.15348421
0.19131085
0.1059466
0.13611148
0.078689885
0.11294294
0.2651185
0.34782831
0.2124466
0.25190499
0.088998284
0.15737456
0.033899632
0.099453487
0.12299132
0.094766997
0.075528688
0.027614165
0.13535729
0.055053432
0.46269532
0.20809659
0.043071652
0.050236145
0.062973171
0.1089977
0.062315509
0.091548377
0.16066832
0.043023576
0.014546023
0.0014481378
0.049740378
0.062940272
0.044439413
0.024538461
0.16421477
0.036915557
0.04013991
0.068645315
0.025986593
0.024979712
0.0014268598
0.037228319
0.013926342
0.016114821
0.0082197886
0.0037721359
0.016090741
0.038335934
0.020747424
0.026221946
0.00016926658
0.00018652575
0.0036178684
0.0020082602
0.00024615662
0.0027704963
0.026536799
0.01624958
0.031431515
0.052371458
0.055620508
0.032690886
7.5001473e-07
1.1278398e-06
2.4027859e-05
2.3790099e-05
1.9322533e-05
4.5481121e-05
0.01706119
9.271041e-05
0.00061016081
0.00017368591
1.5298996e-05
1.5657383e-05
6.4839644e-15
4.9937173e-17
5.6127615e-09
4.8357338e-09
1.5852833e-06
1.8709431e-06
3.0685373e-05
8.6066767e-06
4.2786517e-06
9.3626438e-06
1.2263309e-05
1.8619234e-05
3.7881794e-09
5.2453028e-12
3.5615076e-09
2.0183873e-09
1.6911015e-09
9.9108075e-10
9.6994614e-12
1.3851609e-11
7.0832038e-16
2.2723127e-12
1.9547973e-10
1.4615223e-10
1.9361707e-13
8.0321522e-16
3.2285979e-11
4.9012673e-11
1.9717419e-10
1.0115411e-09
2.6725548e-10
4.8408706e-10
1.9172211e-09
2.034106e-09
0.027167968
0.016119743
0.05827873
0.1047382
0.089947404
0.098596515
0.076684094
0.043660623
0.92535071
0.76963063
0.29473259
0.34278341
0.26117465
0.46724009
0.36087986
0.55378489
0.23632042
0.32802364
0.0032194311
0.47539862
0.022932245
0.027082703
0.0018027721
0.0061519938
0.00028662263
0.012008135
0.0092806064
0.0013259727
0.032196353
0.021570143
0.013820756
0.012972095
0.0074503218
0.0095288552
0.0087617026
0.012056988
0.0020405553
0.0068034228
0.012619163
0.0085406131
0.010565959
0.013976744
0.016568903
0.034747968
0.0066863951
0.0043702892
0.0094901664
0.014058616
0.0059678751
0.0088493626
0.0039899867
0.0038047366
0.0066516592
0.000157435
0.00022384441
0.005821764
0.0046876796
0.0079832569
0.0060739238
0.0047771587
0.0087332495
0.039820571
0.017989527
0.022449019
0.022925404
0.00010724406
0.00021269807
0.00035982488
0.0010298613
0.00049869235
0.00073083032
0.00010578658
0.000365277
0.00093360015
0.0022301767
0.00041294839
0.00060317822
0.00021078446
0.00031189216
0.00074005387
0.00081627474
0.00042467172
0.0042533049
0.00033175935
0.0021999375
0.0017844161
0.0069157534
0.00015104992
0.00011662336
0.001614967
0.00088086091
0.00055983199
0.00051490417
0.023036891
0.042681129
3.2576205e-05
0.00015671698
5.4832294e-05
0.001039123
0.00013519612
0.0035572817
1.0897305e-05
2.047921e-05
3.0176434e-05
6.8346584e-05
1.3199049e-16
3.8878924e-15
2.2215659e-06
3.9834787e-06
1.4252124e-05
2.8517939e-05
9.5559616e-06
7.1843505e-06
1.1193164e-05
2.3474877e-05
5.7236038e-06
7.6365783e-05
2.0654497e-05
4.1738592e-05
8.5325054e-05
2.2513612e-05
2.7770541e-11
1.0700744e-11
2.1952262e-12
4.7737126e-12
9.0067582e-08
2.1971732e-11
5.2224052e-12
4.7420407e-12
7.2413325e-14
1.2490511e-12
3.8488656e-12
6.8683364e-11
7.6431232e-13
3.497e-12
3.3973369e-07
2.4312406e-09
1.4860184e-12
7.7834376e-10
7.7134419e-07
1.2603888e-15
9.5835111e-13
4.3955165e-16
1.3333721e-05
2.0844969e-10
1.2561061e-09
4.3432139e-14
2.1640452e-12
5.7958682e-13
1.9297538e-11
2.7558348e-06
1.1420971e-15
5.8421177e-14
1.6473328e-12
1.4291426e-12
3.6679801e-12
1.9178611e-10
1.9758445e-07
9.0302057e-12
2.9020129e-12
1.9001669e-12
3.082924e-16
1.4445608e-13
3.9806558e-13
5.6983677e-13
1.5415999e-15
1.9975181e-16
2.1673358e-07
7.9568143e-10
6.6794213e-14
3.9965613e-11
2.8301766e-14
1.6145351e-15
1.2233946e-14
2.7909845e-10
1.27488e-10
9.9613779e-14
1.0793163e-09
8.4163078e-08
2.2409587e-15
8.1906763e-12
4.5835153e-10
1.1828305e-09
7.1163414e-17
2.9780686e-10
3.2718992e-07
4.7316163e-12
7.0179894e-09
3.7953619e-11
2.4870186e-13
1.4220692e-11
9.1313038e-14
1.0905544e-11
2.4548723e-13
9.2958987e-16
2.8489524e-16
9.4366309e-13
4.5699487e-16
4.85133e-15
1.6303483e-15
4.3054336e-16
9.1985792e-16
2.7029961e-09
6.8787457e-14
4.0250853e-15
3.5297207e-13
1.6146985e-13
2.4037157e-14
2.1754965e-16
4.1572761e-13
1.4313976e-14
2.2037173e-13
2.4975411e-13
1.4583793e-13
2.3667093e-15
6.671619e-14
5.9188162e-14
9.5031487e-14
1.4937671e-17
3.3897305e-18
3.1379581e-14
2.8377553e-14
3.7670382e-17
3.0316815e-13
1.129388e-13
5.2569635e-13
2.8190254e-13
2.2865407e-13
2.3974043e-14
3.8724296e-14
8.1682825e-15
3.7737605e-12
6.8135328e-15
9.0508966e-16
4.7557418e-16
1.3436562e-12
6.4204492e-14
1.8671149e-16
7.8586654e-13
2.6105422e-14
4.1416482e-15
3.8280102e-13
4.4287801e-14
1.9961771e-16
6.1897958e-07
2.463786e-12
1.0401648e-12
2.7450684e-15
4.5405475e-16
2.7885652e-15
4.448877e-13
6.2709142e-17
1.2858218e-12
1.7705549e-15
2.9475417e-16
1.388834e-08
5.3762219e-15
1.669765e-14
2.4280631e-16
1.0199171e-14
6.0847137e-16
1.6357596e-13
1.2591849e-14
4.8823183e-15
1.2234209e-15
6.7533943e-15
1.4848877e-14
1.8517341e-16
9.9370966e-13
4.2603969e-13
2.9055071e-16
2.3727343e-13
2.880941e-16
6.2616245e-17
3.7841913e-15
1.7171154e-13
3.0414359e-13
2.2953187e-15
2.8008964e-16
1.1092617e-16
1.9411017e-13
1.4732183e-12
1.7037175e-13
3.0042635e-13
1.5709786e-13
1.1588143e-13
2.8032602e-13
8.2810263e-14
1.8350459e-13
4.1316243e-14
1.2082529e-13
5.5219112e-14
3.3177302e-13
1.5685315e-13
1.4787152e-15
4.6229721e-16
4.2592598e-14
1.2841941e-14
1.6330419e-15
1.4904686e-12
1.1374825e-13
8.9117201e-13
1.879264e-13
2.9598327e-14
2.9179237e-13
3.3036756e-17
8.3927273e-13
7.110978e-13
2.2344466e-15
7.4043662e-16
1.5894353e-14
1.042429e-15
7.6136887e-14
8.5596935e-14
7.5832188e-17
3.8798506e-14
1.7594071e-13
2.9010893e-14
1.1353821e-14
1.3947212e-13
5.4595355e-13
1.937914e-16
7.1225818e-16
1.8657305e-11
6.632888e-13
5.9672036e-13
5.9910894e-13
3.438511e-12
1.1145472e-15
6.7670994e-16
1.1688543e-16
8.2683471e-15
6.1380765e-14
2.659303e-14
1.1733591e-13
1.3477871e-13
8.5358298e-15
2.4023809e-14
3.2739641e-13
1.3917023e-13
7.1929324e-13
3.0806693e-13
2.5979145e-16
6.4842346e-13
3.5347151e-13
2.9547694e-14
4.102207e-13
8.1205353e-14
5.3572453e-15
5.5145827e-14
9.0792436e-15
4.3317396e-14
1.2726418e-14
1.6434464e-16
7.2086529e-16
9.3923727e-13
2.1242208e-12
1.6293815e-12
8.9958895e-13
1.9172243e-14
9.0312641e-15
5.8559524e-17
9.5691245e-17
2.3528354e-16
2.7559516e-15
4.4579518e-15
1.7187033e-15
3.6785467e-15
1.1243658e-14
6.6031946e-15
4.8842804e-16
2.3345924e-15
8.9517504e-16
6.0875269e-16
4.3918781e-16
6.8881682e-16
6.0338476e-17
9.4251724e-18
3.5744113e-17
5.1059951e-16
2.4773057e-15
3.2295541e-15
1.9246915e-15
5.446596e-15
8.0227558e-15
1.0280718e-17
1.0629572e-16
1.6421984e-17
2.1949237e-17
5.2969346e-18
8.4319929e-18
1.3385554e-16
9.4037332e-15
2.0128755e-17
4.5822166e-16
4.3442005e-17
7.582478e-17
1.2913952e-16
1.8425805e-16
3.135747e-17
1.7769695e-15
8.8195455e-17
3.5660909e-16
1.9604637e-17
4.4396144e-17
1.6946926e-17
8.3428993e-17
3.3908857e-17
2.0708202e-17
1.289156e-16
3.4834053e-17
3.9797888e-17
7.3864283e-17
1.3198733e-17
2.3899448e-16
4.1868869e-16
1.5105229e-14
4.2813808e-17
3.0400918e-17
6.2837072e-18
5.8101412e-18
9.3386868e-16
1.1424416e-15
7.5058419e-17
9.3573009e-17
2.1809808e-16
3.2547637e-17
8.4848235e-18
3.2445946e-17
1.5487405e-16
6.7270639e-16
2.3388821e-15
3.2972725e-15
5.2908403e-16
1.0163886e-15
3.809141e-17
1.4369707e-17
2.357956e-19
6.1412182e-19
1.5840082e-18
7.5441325e-18
8.773648e-17
5.5869648e-15
1.6872693e-15
1.4788145e-15
1.1948086e-15
9.6506294e-15
4.7295131e-15
2.9637904e-15
1.3263111e-15
3.5945572e-16
1.1338533e-15
4.0164492e-15
6.4382074e-16
5.5465457e-16
2.6107845e-15
2.3771121e-14
2.8371607e-15
1.0113109e-14
2.3195051e-17
1.1773274e-17
1.0582277e-17
2.2882945e-17
1.1563448e-17
9.1758594e-18
6.8293279e-18
3.157903e-16
8.7192061e-17
3.7298971e-16
1.6195875e-16
3.3798924e-16
1.1483102e-16
4.8001153e-18
7.8111146e-17
5.3431024e-17
6.6816141e-17
1.5014683e-16
1.6582936e-17
6.2687375e-17
1.6349828e-17
6.0531762e-17
4.711095e-18
8.1724905e-19
2.0884838e-17
1.7554395e-16
3.9879071e-17
3.0177184e-18
3.2522314e-18
6.1833964e-18
3.436724e-18
2.16438e-17
6.4933086e-18
1.3241459e-17
2.4070797e-18
1.4513728e-17
1.8293764e-16
1.5445319e-16
1.9714033e-16
7.2286433e-16
8.970117e-16
1.0462867e-16
4.3594627e-16
4.1569726e-16
9.7902539e-16
3.4361191e-16
1.0433412e-15
5.0286308e-16
7.7924254e-16
1.837157e-15
1.4618986e-15
4.394374e-16
7.9795224e-16
4.6013776e-16
7.5043983e-16
1.9524113e-15
2.064e-15
2.9448848e-16
8.0805605e-16
1.0912802e-16
4.8002319e-17
2.9411898e-16
2.7407097e-16
1.8030695e-14
4.63275e-09
1.934474e-16
6.4165169e-16
1.006338e-11
2.9130115e-12
4.4383391e-16
1.9676033e-15
2.4577892e-10
4.9741784e-14
1.1305592e-17
6.7474584e-19
3.1217415e-18
7.5467409e-18
3.3736476e-17
2.2458443e-17
4.0267074e-17
4.4271633e-17
1.7239646e-17
6.3703505e-17
3.8868059e-17
2.5133555e-17
2.4826113e-17
2.1311709e-17
2.4156255e-17
1.1271585e-18
1.7167227e-17
4.5055666e-17
3.2554028e-18
2.5930332e-20
2.2539653e-18
1.4807222e-17
1.5269205e-17
9.5425115e-18
1.0286594e-17
1.3813891e-18
1.0697737e-16
5.3652462e-20
3.6396188e-18
5.5393521e-18
7.9432882e-18
1.2958386e-17
4.4305938e-17
1.8102901e-17
1.5412309e-17
2.3236918e-15
6.2518978e-15
1.2401492e-15
2.9640058e-15
1.8145403e-17
3.0627172e-17
4.2819234e-17
1.1095051e-16
4.093092e-17
4.6406776e-17
2.298775e-15
5.4691344e-15
7.7203817e-16
2.2010455e-16
1.1584551e-16
1.3890502e-16
4.455682e-15
4.8346385e-15
1.8667905e-14
7.0407497e-15
5.968281e-17
1.5740655e-16
1.3715769e-16
3.1747372e-17
1.6222778e-15
3.2172156e-15
6.8438361e-15
4.9933703e-15
8.1815706e-17
2.2329425e-16
2.3625165e-16
6.6257884e-18
1.850798e-17
3.7844325e-17
8.0241964e-17
1.7672791e-17
1.1375957e-16
3.3937719e-16
1.42174e-16
3.2547651e-16
2.7514332e-16
1.097702e-16
6.273326e-17
4.1641333e-17
1.8506145e-17
7.512353e-17
3.1357573e-17
2.2171888e-17
7.265825e-18
3.163607e-17
1.3679792e-17
8.5079655e-16
4.5007311e-16
8.5439799e-17
1.0414915e-16
5.7116257e-17
1.351862e-16
4.3647466e-18
1.4144447e-15
2.7801985e-11
1.5214784e-16
1.1866981e-16
5.9554053e-16
2.4237641e-16
3.6534362e-16
1.6688835e-17
4.5747955e-11
7.8685976e-11
3.970889e-11
5.83907e-12
1.5934568e-12
2.2095885e-12
3.9569392e-12
2.5834283e-10
5.1917962e-10
1.2292738e-10
9.5540988e-11
6.0262138e-10
1.3651103e-09
7.247577e-11
6.2466022e-11
6.9002928e-11
1.3496381e-10
9.6779673e-11
1.1820198e-09
1.6469443e-10
6.2953439e-10
2.683022e-10
2.7523345e-10
2.2207158e-09
1.6364262e-09
3.6228923e-11
7.9796347e-11
1.6180035e-10
4.1982654e-10
9.6577549e-10
3.4176872e-10
0.44424772
0.59390452
0.52848361
0.5090632
0.75767729
0.90771592
0.52828211
0.37497266
0.4427184
0.41514075
0.48046764
0.98404786
0.43219358
0.29781431
0.74616272
0.77026498
0.20364214
0.18698222
0.19011697
0.0084776638
0.0043828106
0.000425914
0.00034467754
0.0076218526
0.0037148309
0.0019487697
0.092541972
0.02731683
0.040509755
0.079730966
0.06480389
0.073052591
0.11621826
0.12915203
0.00023507942
0.00033546519
0.0024523526
0.00073477503
0.0024525732
0.0034434532
0.0043124499
0.0032366781
0.0024030734
0.0041782136
4.0969214e-05
0.00010836167
5.5493603e-05
5.7662758e-05
6.9904495e-06
6.6805673e-06
2.1285385e-05
3.3460959e-05
3.2006801e-13
1.1042303e-13
2.3032294e-13
1.9585012e-13
4.1069918e-09
4.6392959e-09
3.8266277e-08
7.383274e-08
1.4061072e-06
1.1862581e-06
3.1728631e-06
4.9960609e-06
8.4983297e-06
4.3291023e-06
1.824061e-06
2.6235887e-05
1.5828642e-05
0.00014506174
2.1639178e-05
1.177247e-05
9.6712085e-06
1.4586909e-05
4.7972254e-05
7.4381641e-06
1.5943433e-05
1.2409061e-05
6.1332513e-06
7.3700869e-06
9.3519938e-06
3.4276464e-05
1.3853359e-05
5.8693005e-05
2.0598129e-05
2.3789119e-05
3.1909575e-05
4.2011785e-05
4.4910069e-05
2.1486635e-05
3.8396101e-05
5.9321806e-05
0.00054642968
4.219953e-05
1.2534935e-05
6.8003422e-05
3.5017028e-05
2.9523336e-05
2.1077632e-05
6.4669959e-05
4.0351808e-05
9.1297431e-05
0.00010739481
1.0900439e-05
1.7360692e-05
1.3873351e-05
1.4545762e-05
4.4401132e-05
2.1168916e-05
7.1598522e-05
3.694119e-05
0.00017957825
0.00081937538
2.6964324e-05
4.5823666e-05
5.21633e-09
2.8209692e-08
2.8519947e-09
3.6512508e-09
1.5376048e-09
4.2710303e-10
1.758723e-09
9.3280561e-10
7.6045529e-10
6.9982472e-10
7.8404972e-14
3.2409683e-14
6.5063496e-13
5.0033305e-13
1.3528895e-12
6.8149328e-11
1.5731411e-12
7.4817076e-13
2.2573876e-14
7.2326063e-14
3.0129904e-16
4.3762429e-16
1.4040214e-16
8.6369527e-17
2.1568474e-13
6.3622121e-14
1.9386237e-14
3.7506749e-14
4.9569647e-14
1.0729302e-14
4.8234772e-15
6.7951506e-15
5.7168341e-15
1.0018733e-14
3.6556992e-14
1.1926219e-14
1.6670625e-14
2.9745928e-14
1.3600906e-14
9.2071199e-15
1.2175422e-13
3.6651083e-14
1.6825892e-15
8.4522107e-16
2.2717074e-17
1.345829e-17
2.1059694e-21
2.5208225e-18
1.7745876e-16
8.3394372e-17
2.1269511e-16
7.0679728e-17
8.6364099e-19
1.36266e-18
5.3095605e-18
2.5402687e-17
8.0620137e-18
1.1194829e-18
1.3524036e-18
2.2998828e-19
6.1537455e-19
3.0973642e-17
1.7158623e-17
2.7343097e-18
4.5177065e-18
7.0188575e-18
8.3376834e-19
9.9467014e-20
2.8288332e-19
2.1479966e-19
1.5482151e-19
2.5747605e-18
2.7511304e-19
5.2213776e-19
2.6207531e-16
4.1885535e-19
1.798369e-19
2.2445754e-19
8.5777072e-19
5.1915402e-19
1.5375901e-19
1.6363848e-18
4.7032925e-19
3.0276567e-18
1.5445232e-18
4.6006862e-19
9.2424316e-19
6.9523942e-20
8.6161618e-20
2.5296238e-20
1.289564e-19
8.433279e-18
9.2875619e-20
6.2277273e-19
4.6313337e-19
3.8728658e-19
9.3789505e-20
3.7870599e-19
1.4715576e-19
6.3611437e-20
9.4756036e-21
3.1657373e-20
1.6774012e-20
1.8382803e-19
2.558168e-20
3.2063275e-20
8.0794316e-21
9.5248198e-20
9.6687897e-21
6.0694701e-20
2.106855e-21
1.2896045e-19
9.4908222e-19
9.2771228e-20
1.5671233e-19
1.6863381e-19
4.9401114e-20
1.531991e-18
1.0153841e-18
1.4753636e-19
1.3238809e-19
5.0850212e-18
2.1308409e-18
3.4580016e-18
1.7799148e-18
2.6937761e-19
9.5168147e-20
1.2397831e-19
7.5062786e-12
4.3255736e-20
6.1388909e-20
2.2606464e-19
6.2406393e-20
5.2355006e-19
7.5562011e-20
1.0095314e-16
3.5196944e-19
2.5616145e-20
8.3028985e-20
1.6747542e-19
2.6927713e-14
3.3044989e-19
2.176238e-18
2.0533643e-16
9.0341752e-21
1.907668e-19
2.81415e-20
2.37841e-19
8.9913706e-20
1.6578642e-16
2.3537613e-16
3.3652183e-20
2.2950982e-20
7.2103424e-17
1.9523936e-16
6.1204425e-17
2.1625277e-15
1.8807329e-16
1.1230691e-14
2.468578e-16
1.8607079e-16
5.9776174e-16
4.6745877e-16
3.3520846e-16
9.2243725e-10
6.3243532e-10
0.40897276
0.51921994
0.52970389
0.59460673
0.53714398
0.99085746
0.79855801
0.92661011
0.68828764
0.68971386
0.7675894
0.90789809
0.69482671
0.98928852
0.76756999
0.82047879
0.6741778
0.87152602
0.60610324
0.40403562
0.50418716
0.53636918
0.99215933
0.61697881
0.94548895
0.40727287
0.35356121
0.42992
0.79783176
0.93993201
0.29318065
0.24543339
0.82305322
0.86394363
0.0020645975
0.0014450104
0.00016806684
0.0012790258
0.0022184591
0.0022779653
0.00033587687
0.05870876
0.086157446
0.0011284431
0.0021395909
0.00081363903
0.0013890669
0.0054597707
0.0034774688
5.6962655e-05
0.00010381667
0.0012302582
0.00043826377
3.8210457e-09
5.0815914e-09
3.787026e-10
3.6120445e-09
1.7336999e-09
1.9172098e-06
1.3974038e-11
2.0198774e-10
1.0831484e-08
1.0985433e-08
5.9757383e-09
1.7265495e-11
7.4650904e-12
8.548924e-12
1.6556083e-12
3.9563994e-12
7.6991797e-13
1.8847505e-12
6.6065607e-12
2.1634351e-11
1.2729155e-12
2.0788372e-12
3.1095521e-12
2.2042424e-12
3.3355722e-12
4.9070381e-11
8.5266193e-12
1.2030248e-11
5.0307574e-13
5.8789123e-13
8.5021087e-14
2.2739815e-13
3.8838412e-13
1.2586432e-11
2.1445877e-12
6.6702614e-12
2.9399272e-12
1.6098763e-10
2.8240655e-13
1.1966874e-13
4.586138e-13
4.4286862e-13
9.2352195e-14
7.7028718e-14
7.6559253e-14
4.0654866e-14
3.2288765e-14
2.1471313e-14
5.0898385e-14
1.1964199e-14
8.9826105e-15
2.508873e-14
5.4442377e-14
1.2135093e-14
1.7734634e-14
1.6314665e-14
3.0795867e-14
8.8414666e-15
9.1919757e-14
3.4266947e-14
1.2754849e-14
4.5976445e-15
1.3333051e-15
5.0188356e-15
3.1603152e-14
6.7569043e-14
4.1153668e-14
2.6227389e-14
5.7132477e-14
4.919971e-14
5.1414435e-14
3.9443306e-14
1.6219538e-14
1.0999701e-14
2.4431215e-14
2.7749898e-14
1.5388078e-14
5.2072208e-15
6.2188677e-15
3.6290218e-15
2.4966318e-15
4.1982727e-15
2.2337391e-15
8.5355031e-15
2.0902489e-15
1.2206407e-15
2.088375e-14
1.6882751e-14
2.9473234e-14
1.5526438e-14
2.7250393e-15
7.274757e-15
5.4369278e-14
2.3491265e-14
2.7366906e-15
1.8323967e-15
4.2529456e-15
3.8267832e-15
4.6542682e-15
4.6100473e-16
1.2185293e-14
7.4229126e-15
8.490004e-15
1.3245869e-14
6.2505551e-15
3.4255794e-15
2.6167795e-14
2.0460302e-13
9.3556527e-19
4.9498041e-19
1.285476e-17
6.4401891e-18
3.7379396e-18
1.7052608e-18
9.1201217e-18
1.1349381e-11
6.5621131e-19
3.5696076e-19
1.7126461e-20
1.973208e-20
4.5740374e-19
6.1650258e-21
7.779191e-20
3.2390798e-18
6.1836914e-18
9.9865225e-18
3.863709e-18
1.6245446e-17
3.4123601e-17
1.094992e-17
6.3341123e-18
3.0445487e-17
2.8824832e-17
4.1019441e-20
4.155899e-20
1.5670462e-20
1.9388736e-20
1.7191892e-20
2.0508776e-20
1.349715e-19
1.301577e-19
8.2890544e-19
5.9738707e-21
1.8636888e-19
7.1340697e-20
6.5963938e-20
5.9506031e-19
1.5137345e-20
3.1877522e-20
4.3308851e-20
6.2747488e-21
1.3412965e-19
1.3662412e-20
4.4795211e-20
1.2144121e-20
1.0130159e-20
1.2895401e-19
6.2719725e-21
1.589258e-21
8.8635785e-20
1.8954309e-20
3.5731383e-20
2.9849939e-19
4.6969958e-22
2.3785679e-19
4.4215169e-20
7.0205034e-20
1.5523244e-19
5.8330105e-21
1.1572684e-21
3.9245996e-22
8.0596742e-21
1.0151217e-21
2.6820005e-19
5.7338513e-19
5.2820278e-19
4.453947e-19
8.8047959e-19
2.8212716e-19
2.1650713e-18
1.2914038e-18
5.6790595e-15
8.4871532e-14
2.511581e-16
1.5019857e-16
3.6507102e-16
3.4327075e-16
7.3183068e-16
9.4335228e-16
0.64905157
0.65491084
0.92541923
0.87924426
0.0024186895
0.98287852
0.0030110845
0.001136748
0.0010839828
0.00023863339
0.00043359696
8.1595409e-05
0.00014281712
0.00061654135
0.00079310853
0.00011878241
0.00018306884
0.00073873654
0.0015168689
0.0014219835
0.00063290426
0.0030606839
0.0026063185
0.0025821569
0.0018180887
0.00013565385
0.00018865857
0.00011686218
0.00023742324
0.00024915879
0.000241391
6.0005911e-05
0.00018919036
0.00046964954
0.00045204062
0.0002574345
7.2091706e-05
0.00033628585
0.00012224233
7.41942e-05
0.00031002211
0.00037232271
0.00040763793
7.131271e-05
9.1875939e-05
0.0015458909
0.0010335026
1.2436946e-07
4.703187e-07
2.1119282e-08
2.2599962e-09
6.1852093e-13
1.4652975e-09
3.2530566e-07
3.1771986e-06
2.6714586e-11
1.4052499e-11
7.5812335e-13
2.9787652e-13
1.709489e-13
1.257778e-13
2.0586325e-13
1.6345439e-13
4.5663081e-14
1.239441e-14
3.3268363e-12
5.6340412e-13
9.2142206e-14
3.7921792e-13
3.7507534e-14
6.6682887e-14
6.4683019e-13
3.3288417e-12
7.6493672e-14
1.8250824e-13
1.133201e-12
5.2228982e-12
1.1479827e-12
1.1005907e-12
6.8025369e-13
1.8266705e-12
4.1362886e-13
6.9728014e-12
3.1084144e-12
5.0742522e-12
1.1206648e-12
1.6189414e-11
2.0897484e-11
8.2990647e-12
4.2224172e-12
8.7596082e-12
3.9308988e-13
9.5662818e-12
2.9978327e-12
4.9931338e-12
2.2059292e-13
6.7132439e-13
4.0044469e-13
8.6232801e-14
5.3454449e-11
9.3950975e-11
1.7617538e-13
1.9822556e-13
9.0285754e-14
1.5996815e-13
1.0269294e-11
5.6317944e-13
6.4317475e-14
3.2219736e-14
5.5161596e-12
3.3061623e-11
4.9997269e-11
8.4257342e-10
2.1205545e-11
4.7649569e-11
4.3514942e-11
8.6750864e-11
1.3719744e-10
6.0117962e-11
1.8820337e-11
4.8942644e-11
4.0305502e-11
2.7935735e-11
3.2899297e-08
1.3546647e-10
2.2063296e-11
1.0239726e-10
7.8040562e-11
6.6034685e-07
2.8104514e-12
1.7510376e-12
8.1156371e-10
5.1424486e-10
7.1393191e-10
3.5030201e-10
3.2291361e-11
1.15288e-11
5.0675981e-10
7.7277434e-13
2.8523053e-10
1.9964983e-10
1.375175e-11
3.8647761e-12
1.93384e-12
4.7827734e-11
1.6194657e-10
3.1628766e-12
3.3904097e-07
1.9678223e-13
7.6916166e-12
1.1183697e-10
1.5118928e-12
2.7653185e-10
2.8321586e-11
9.8746263e-12
8.2241427e-11
7.6451859e-12
1.0142078e-12
6.6256485e-13
2.180344e-10
1.1362948e-10
7.2857031e-12
1.8535602e-10
4.1695087e-12
1.2179004e-09
1.8019858e-12
1.0369598e-11
3.3357735e-12
2.2870647e-08
8.0672633e-09
3.1934167e-08
4.9460695e-13
1.6299466e-07
1.3170057e-11
3.1030139e-12
1.6302758e-10
3.7705196e-10
5.6137589e-07
4.3554213e-08
1.1760528e-12
4.058132e-13
3.2258915e-13
2.1944193e-12
5.1763794e-12
1.707197e-11
4.4932637e-12
4.0092042e-12
2.777054e-11
2.4792951e-11
2.0646778e-12
2.6759588e-12
6.7318183e-12
4.2454967e-10
4.2140361e-11
1.3109103e-10
1.9028644e-12
8.4644441e-12
2.5542058e-11
1.255408e-10
2.3470042e-13
2.3257158e-13
2.7713175e-12
4.2886566e-13
6.7818999e-13
7.0165e-12
1.0538942e-12
1.540791e-12
1.5982702e-14
2.805648e-13
1.0205338e-12
4.3859326e-12
1.5384139e-10
5.4688432e-10
1.594458e-09
2.2532575e-09
6.2936088e-10
8.4973306e-10
2.7303829e-13
9.7337354e-14
1.176995e-12
8.0982226e-13
3.0584575e-13
6.1891977e-13
1.6566272e-13
5.2404618e-14
1.2217554e-10
4.6361562e-10
3.8662925e-12
2.5561439e-10
5.5050807e-10
2.9342179e-10
7.1050218e-11
1.1215228e-10
4.1959288e-11
2.6267179e-10
3.3038106e-13
2.1862499e-10
1.2539608e-12
1.1892299e-12
9.8020971e-11
6.130617e-11
3.6677853e-10
2.3321565e-09
2.1268718e-09
5.4187614e-10
1.5696286e-09
1.2771077e-09
3.1993139e-09
7.0694392e-10
5.6863454e-09
8.7592365e-09
2.3091621e-07
1.4956406e-09
7.2290969e-08
2.4315354e-09
2.6565536e-09
1.2088848e-09
9.5543808e-10
9.1824711e-10
3.6708415e-09
1.0766116e-09
1.7178483e-09
3.9341758e-14
1.3527737e-13
1.3373286e-13
4.7515866e-12
4.3406792e-10
1.9987475e-10
5.0496811e-10
1.1017361e-09
2.1382581e-13
7.9947634e-14
5.2393742e-14
7.1465921e-13
7.717906e-14
5.4734328e-14
4.6116801e-14
2.7299944e-14
6.6390795e-15
3.552251e-14
9.0668443e-14
1.2075764e-13
3.3901931e-14
2.2352355e-15
1.6674322e-14
1.0816411e-14
1.3790935e-11
6.9439657e-11
4.1820511e-11
1.7004269e-11
1.4629831e-11
1.5395343e-11
9.1245776e-11
1.2230661e-10
2.8325375e-10
3.2813796e-09
8.1223496e-15
2.0878337e-17
1.295443e-14
3.9520233e-15
8.3571453e-11
1.3572134e-10
4.9333562e-11
6.5121219e-11
1.5361562e-10
2.2275148e-10
3.3953777e-11
3.3108349e-11
1.2571376e-14
7.2463776e-15
3.0594431e-14
1.4396202e-14
2.8105945e-15
1.0547616e-14
5.9590604e-16
1.5132117e-15
4.2586494e-15
3.1532138e-11
8.3863054e-12
4.1735553e-11
2.3193791e-11
2.2801912e-15
1.0462423e-13
2.2636786e-15
4.1596756e-17
7.7695124e-13
1.8987545e-14
1.1846488e-12
1.1739692e-15
3.9829064e-12
3.3186191e-14
2.1984453e-11
8.5366058e-16
2.2860933e-15
1.0204114e-11
1.9839236e-11
2.2643214e-16
3.0297226e-15
1.4585521e-14
2.3345822e-14
4.2000347e-13
5.4105167e-14
1.2135617e-14
4.4813763e-12
6.7101052e-13
4.3646662e-15
2.9929489e-14
2.0449681e-14
6.2253115e-15
1.1119215e-15
7.5454738e-15
4.2527772e-15
6.4577847e-12
2.1826321e-12
3.0254749e-12
1.9173398e-12
2.9542027e-12
1.8653038e-12
6.1976344e-12
4.4710239e-12
6.9966879e-12
3.1452226e-12
1.1416653e-11
5.1201192e-12
4.2210354e-14
1.0847645e-13
2.6817004e-15
5.1829202e-15
8.4979552e-16
2.6279718e-16
4.9382884e-14
7.85507e-15
6.2355677e-15
1.004542e-14
1.6281135e-15
1.2743914e-15
1.0042284e-15
4.8504879e-15
2.8717498e-12
5.3731675e-13
1.2900531e-14
1.0317262e-13
1.4947139e-12
1.1527432e-12
2.7849123e-15
2.8122388e-13
6.0070284e-15
2.3347906e-14
5.346393e-13
2.7974591e-13
3.6723678e-15
1.4572818e-15
5.4198205e-14
3.7762132e-13
3.2586531e-14
1.2067463e-13
1.8992774e-15
1.1211234e-13
3.0673735e-14
5.4935735e-14
4.1194067e-15
2.674018e-13
3.3239166e-14
9.256882e-14
4.5249376e-14
4.2805978e-13
9.3019562e-16
1.2020949e-16
1.1224678e-15
5.7143121e-16
4.7155505e-15
1.9112433e-13
1.7888058e-15
3.1958593e-17
3.5216225e-16
8.1207014e-17
4.748223e-17
1.0162229e-17
1.8854543e-16
1.7514308e-15
3.8455766e-16
3.3806708e-16
3.7078047e-17
4.6849818e-16
2.1936269e-16
4.3514955e-16
2.9816259e-15
1.6144925e-16
9.7428046e-16
1.0743969e-15
1.0677304e-15
1.5498385e-15
4.9300545e-16
2.536369e-15
1.9429962e-14
2.6555023e-15
2.7417864e-15
3.100281e-14
1.8894566e-14
1.3228171e-14
9.5426596e-15
2.6394943e-15
9.9170118e-16
9.4090664e-15
6.0657884e-15
4.3746187e-14
3.3773169e-14
2.2857326e-14
8.2364278e-14
4.3840875e-14
1.5969177e-14
1.0088311e-13
8.2422185e-14
2.8338047e-13
2.1760439e-13
4.878478e-13
5.2965256e-13
1.112828e-13
1.0920051e-13
7.0126591e-13
1.0456093e-12
6.8169872e-13
2.2664855e-13
1.1512904e-12
2.0187309e-12
2.99302e-13
1.5159216e-13
1.6193584e-12
8.0351496e-13
9.4824315e-12
6.085367e-12
2.5149229e-13
2.4061589e-13
6.2327039e-13
1.5832028e-12
2.3253226e-12
6.4816433e-13
6.3591699e-13
1.5461293e-12
1.572964e-13
1.0742968e-13
8.5069062e-14
1.0296789e-13
7.5333004e-14
6.9419939e-14
8.9274546e-14
5.7233612e-14
2.710176e-15
1.3838847e-15
9.260066e-15
7.2405852e-15
5.442507e-14
3.9844873e-14
2.4575937e-15
4.1975475e-14
1.4450855e-14
2.2694317e-14
8.4754916e-15
1.9795336e-14
1.1451007e-15
8.2743683e-16
2.8774509e-15
1.2913741e-15
4.7059682e-16
9.2127322e-16
1.8467726e-15
1.3319077e-15
1.6617875e-15
1.4097742e-15
1.5826272e-15
7.5512785e-16
2.9231791e-15
2.5412592e-15
3.93891e-15
8.7327462e-16
4.1126143e-15
3.2041569e-15
6.942896e-15
1.8598903e-15
1.4817088e-15
1.0782315e-15
5.70537e-15
5.370432e-15
6.0201945e-15
1.2159489e-14
6.8183753e-19
1.4731707e-18
4.8509428e-18
7.5290004e-17
5.003445e-18
2.9129303e-18
1.7056051e-19
1.3721132e-18
1.9025733e-19
2.1400196e-19
5.7368429e-20
2.961796e-20
4.1743438e-20
1.9347595e-20
6.2166917e-21
1.4595119e-20
2.7822469e-20
1.8110309e-21
5.6913671e-21
2.6307745e-22
2.8323225e-21
5.7382751e-22
1.2476231e-21
6.2343373e-22
9.3905651e-21
2.7361608e-21
2.9473669e-21
8.1719044e-21
1.3556669e-18
2.7656425e-18
2.0554307e-18
9.7582483e-18
1.2130901e-18
1.005111e-17
9.3498732e-19
6.8395522e-19
3.599184e-19
4.2920757e-19
7.0627199e-15
1.6319568e-14
4.1774974e-16
8.2122449e-16
7.1055003e-16
6.3731597e-16
0.0010494426
0.00060608039
0.0017615745
0.00098069471
6.3854187e-05
0.00010204869
6.2317048e-05
0.00012246861
0.00018311399
0.00016540431
0.00025218101
0.00035629177
0.0013919172
0.00073655543
0.00090699635
0.001636722
0.00081875982
0.0008690084
0.00043906302
3.5269143e-11
7.7159744e-11
3.4816523e-11
4.5181891e-11
1.3801555e-10
9.1624557e-11
2.1637883e-10
4.4112512e-10
9.2447572e-11
3.9082304e-10
7.180831e-12
1.7889092e-11
4.1604508e-11
1.3986197e-11
6.4732484e-11
1.0191533e-10
2.8812207e-11
1.9455216e-11
8.1323828e-11
1.3710999e-10
2.6264512e-10
1.7412485e-10
1.8394512e-12
2.2369162e-12
6.2629033e-14
1.6206232e-14
3.6609833e-14
2.8238253e-14
2.5272114e-14
6.720117e-14
2.328262e-07
3.3598882e-07
3.5266025e-10
1.8573276e-10
2.7108323e-09
2.4743831e-09
2.9886265e-10
1.7922813e-09
1.1712357e-09
1.0205059e-09
7.9426741e-10
1.4287319e-09
5.7789882e-12
3.5730991e-12
9.4950804e-12
1.2083539e-11
3.0265948e-15
8.336042e-11
4.7639661e-15
1.0842725e-14
1.7182984e-14
4.8173754e-15
1.1168912e-14
4.0975433e-16
1.087833e-15
1.5330894e-17
4.9932268e-16
1.8324274e-15
1.4067986e-15
8.0521913e-15
3.3475443e-15
3.2665007e-12
4.6437719e-13
1.5265125e-12
8.5780573e-16
5.3905342e-16
8.4409857e-17
1.4026628e-16
2.783538e-17
1.8938001e-16
1.867257e-16
2.3438454e-16
9.2861345e-17
9.6239406e-18
4.931376e-15
2.2033956e-17
3.0405768e-13
1.1703501e-14
1.5009354e-15
7.1433468e-15
7.716954e-15
2.1362272e-15
3.612185e-14
1.7294061e-14
5.7974866e-15
1.2639176e-14
4.2492236e-15
7.1045039e-19
4.018633e-19
2.9132542e-19
2.7903406e-19
9.4510844e-19
2.7831834e-18
3.243129e-18
1.0872687e-18
4.6529876e-18
1.3713197e-18
2.6284597e-17
2.7564171e-17
1.6180308e-18
3.7133339e-19
7.7763199e-19
1.125247e-19
4.2498502e-20
1.9145851e-19
9.4200902e-19
9.7344086e-18
3.1608515e-18
7.7670454e-18
6.0077777e-19
1.1472043e-19
2.1794212e-20
3.8833838e-20
4.5209501e-20
3.5398171e-21
2.4854477e-21
2.9165405e-21
1.1010664e-20
7.8140453e-22
1.0700304e-21
4.5265683e-21
2.5639809e-20
7.910895e-21
6.6039651e-19
1.4744429e-18
4.77825e-18
4.298175e-18
5.3830457e-16
3.7591382e-16
0.00056835177
0.0006406753
1.6489593e-11
2.0448356e-11
7.3887801e-11
1.7666156e-10
9.5331107e-08
1.8436137e-06
9.4185076e-07
4.9107493e-06
9.8795249e-09
2.1539641e-07
6.82887e-08
4.0197212e-09
1.0668399e-08
2.309812e-09
3.0048086e-09
2.0353035e-09
1.1590287e-09
5.575995e-09
8.7588613e-09
1.7830381e-09
5.7297486e-10
1.5083851e-16
2.6833478e-16
8.5707901e-17
1.7750125e-16
1.784191e-16
4.0053311e-16
5.4219014e-17
4.4095255e-17
9.6142471e-17
3.0543851e-17
7.8600662e-17
1.3533873e-16
1.6353384e-17
6.7409454e-17
1.2039353e-16
4.9002458e-16
1.0466719e-16
4.6532536e-17
7.045507e-18
2.4657179e-17
1.6015176e-17
8.5854798e-18
4.5816125e-18
4.5043002e-18
7.8977857e-18
4.4513837e-17
3.8927423e-18
9.4985704e-19
3.7008963e-16
5.3535704e-16
2.7159471e-16
1.5745133e-16
4.4857871e-16
1.2485792e-16
3.5907241e-17
8.4527421e-17
5.9531958e-14
1.5897877e-15
5.7248345e-15
1.8141594e-13
5.1970289e-14
1.2113207e-18
1.9800409e-18
1.2146844e-16
1.6671546e-16
8.11146e-17
4.3848267e-17
1.0498102e-16
2.6174985e-17
3.5863751e-17
6.5000867e-17
1.1009323e-18
1.8726952e-19
5.3688629e-19
4.0755897e-19
2.6846764e-18
1.5501238e-18
3.9470084e-19
1.2873329e-18
3.8893168e-21
1.2498078e-21
7.3803506e-22
2.9244625e-22
3.1473555e-21
2.4428188e-21
7.6384748e-22
6.9632056e-21
4.0813459e-21
1.0586951e-20
1.5061432e-20
1.7323471e-21
7.6872034e-21
3.885694e-18
7.6264507e-18
2.1763291e-18
2.8954513e-18
1.1882416e-18
1.3350606e-17
8.2034187e-18
5.44994e-18
5.850461e-18
4.3079563e-18
5.4389555e-18
8.5412052e-18
2.8379316e-18
3.5379431e-18
2.1978011e-07
3.1004134e-07
1.2050323e-07
6.6154223e-08
4.7956376e-08
1.4966782e-07
3.5724055e-07
2.7770639e-06
2.9556777e-07
1.4187047e-07
1.0694043e-07
5.8209661e-08
6.5137122e-08
1.8774072e-07
1.7183988e-07
9.7315147e-07
8.2018918e-08
3.6950298e-07
4.9605801e-09
2.8606128e-07
6.3711861e-07
2.5124989e-06
1.1546655e-07
1.939519e-07
4.3691645e-07
6.4580509e-07
8.2436559e-07
4.8765445e-07
1.4630989e-06
1.336063e-06
1.1246918e-06
3.4562604e-06
2.0333531e-06
5.5398336e-06
1.1258874e-06
1.6276066e-06
6.7603036e-07
9.4051691e-07
1.6103239e-06
2.8284824e-06
1.8687875e-07
4.0147174e-08
1.3847708e-07
5.726967e-07
1.5524266e-07
1.3836234e-07
7.6622823e-07
1.2210033e-06
4.7989316e-07
8.6046712e-07
2.6396136e-08
5.7232196e-08
3.3581998e-09
2.6463656e-08
4.4766021e-09
5.3793604e-09
2.6125421e-08
1.1251298e-08
3.2867629e-08
3.3185042e-09
8.6735715e-09
5.4652973e-09
6.864733e-09
1.4120051e-08
1.8180666e-08
2.2106818e-08
1.8264683e-08
6.5949672e-09
1.4672111e-08
1.8374178e-08
1.7076847e-08
1.3620111e-08
7.5164852e-08
7.6521497e-09
3.4384494e-08
3.2482883e-08
4.0966009e-08
1.1204527e-08
8.6448374e-09
1.380288e-08
5.1368281e-09
9.2246962e-08
3.6518473e-08
3.2962141e-08
6.4162453e-08
8.3392265e-09
4.7530666e-09
2.0266546e-09
3.4058587e-09
5.8922803e-10
6.0434968e-10
1.1454648e-09
2.5991781e-09
4.1313423e-09
2.3230009e-09
5.9221456e-09
1.3586462e-08
1.6691775e-08
7.0275165e-09
2.014265e-10
5.6044193e-10
2.444019e-10
2.6685249e-10
8.9600333e-16
6.1435073e-16
7.4896943e-17
3.3180236e-17
6.1625661e-16
3.5105756e-18
4.6070233e-16
1.0909593e-15
4.7991072e-15
1.1790399e-14
1.9392353e-13
6.3124261e-14
3.6212969e-19
1.0873048e-13
1.1655426e-18
2.7897915e-18
5.1772254e-18
3.8930718e-18
2.7573496e-07
2.7197217e-07
3.4709919e-07
1.7103977e-08
1.1458435e-07
1.7589205e-08
1.3654936e-08
3.5462072e-08
2.5298634e-08
1.8950998e-08
7.9616046e-09
1.3796974e-08
1.1835352e-08
7.33801e-09
1.2084933e-08
1.0276539e-07
5.6253232e-08
2.1051614e-08
2.2692608e-08
3.7028913e-08
4.7455091e-08
9.0212044e-08
9.0644936e-08
4.9220033e-10
9.1693498e-10
1.2011468e-09
9.5003645e-10
7.8244652e-16
7.9214611e-15
1.5246966e-14
2.4295574e-15
3.2123322e-14
4.118752e-20
7.5132928e-20
6.6518373e-14
2.4318851e-14
0.13694995
0.11959824
0.0032778949
0.0073348461
5.7163948e-10
7.7479359e-10
0.0096271233
0.0059115604
0.18042938
0.17822275
0.55712803
0.62500606
0.34609905
0.33056519
0.29182634
0.26714695
0.40362422
0.41775584
0.099857188
0.088619714
0.2923677
0.27261869
0.28069009
0.28151189
0.10108993
0.11973893
0.32077817
0.31696491
0.17337074
0.16034678
0.37884798
0.36663373
0.3505312
0.38825245
0.42608913
0.43000595
0.36180689
0.40240679
0.4505031
0.42555876
0.04644001
0.035958616
0.050441718
0.040544053
0.010311224
0.012015743
0.018127216
0.014959172
0.020708646
0.012814864
0.0053367952
0.0037181279
0.043252136
0.043246409
0.26652587
0.26436251
0.36383129
0.35761479
1.9816045e-12
7.6460851e-13
9.0272937e-08
3.5081702e-08
0.24958049
0.25121815
4.4956515e-07
4.0940516e-07
2.7678501e-06
6.2306814e-06
0.57992306
3.6785199e-13
0.55331554
0.0066689106
0.011824442
0.0072644695
0.010742618
3.5818903e-12
2.562298e-12
0.02345604
0.0232688
0.02294282
0.025687936
0.025546853
0.02607104
0.98272174
0.72427674
1.9567531e-09
8.5669752e-10
4.4915171e-10
4.1258514e-10
2.8961213e-10
6.5935181e-10
2.0824576e-10
5.0994233e-10
6.3626248e-17
2.7719077e-17
7.4413372e-18
6.2429674e-18
3.1984902e-19
1.5315971e-19
2.9186898e-14
0.36315918
2.0861127e-14
2.6545799e-20
2.4865719e-20
1.4313437e-07
6.7518817e-08
7.2867016e-14
2.5718553e-13
4.3638536e-14
8.0357717e-14
1.0380678e-13
1.6258147e-13
1.3857263e-13
1.8564686e-13
1.3449397e-13
1.8186791e-13
7.4180399e-13
1.290937e-13
2.8268184e-13
7.7280057e-14
7.8508864e-14
1.7788062e-13
1.1784948e-14
2.4071546e-14
1.4264625e-12
8.9785087e-13
3.6568651e-17
1.5413911e-17
5.8336893e-17
1.7853438e-17
1.0250968e-17
5.124536e-18
1.320762e-17
1.6948424e-18
2.4741762e-18
3.0908603e-18
2.0582092e-18
3.8818967e-19
9.9089579e-19
2.0037105e-18
1.5803138e-18
1.2101316e-18
2.8710491e-08
1.5466585e-08
1.3958923e-15
5.1038632e-15
1.4258145e-14
4.5667023e-14
2.7397917e-14
1.211915e-14
5.4551228e-15
8.9254967e-06
8.347764e-06
SCALARS Uy float 1
LOOKUP_TABLE default
0.079742213
-0.00033257801
-0.0007586583
0.077412266
0.022126717
0.054226454
-0.019022165
-0.0077953838
0.053927103
0.0065291927
0.038026989
0.027578266
5.5669621e-05
0.01614938
0.02682484
0.0057837396
-0.00044005594
0.00063777658
0.0025074174
-0.012777456
0.00022978298
0.013583119
0.0066876233
0.00022863837
0.0064781495
0.0024923122
-0.01736209
-0.0087598558
0.0097658201
0.0083055693
0.00646573
0.00019997928
0.0032729644
0.00020732496
0.0064770217
-0.0028339484
-1.973461e-05
-0.0010135235
0.0094553362
-0.0046349845
-0.0061776523
0.010121331
0.034252528
0.015489043
0.014385872
0.035524511
0.051484444
0.023279551
0.005167851
0.019108653
0.0082854597
0.017190413
0.026688572
0.019211883
0.054682331
0.046264723
0.028658268
0.039612439
0.023691133
0.034906496
0.04446816
0.035963397
0.044799676
0.063191996
0.037384867
0.06255537
0.033042858
0.048893635
0.056771045
0.069994678
0.047544393
0.049666412
0.058242441
0.032553482
0.046828542
0.031493582
0.0420167
0.040579464
0.038972541
0.045529209
0.052349417
0.044858303
0.03683875
0.039838255
0.058977226
0.065869618
0.038693207
0.031017853
0.04575951
0.027347199
0.039176809
0.035876423
0.039106757
0.035368223
0.026958893
0.035407603
0.033214753
0.037885135
0.037007304
0.040981347
0.023058806
0.029376803
0.032623584
0.034762344
0.0018478856
0.031132899
0.025374977
0.022522933
0.029086165
0.030007171
0.023393335
0.025473934
0.023106901
0.031914835
0.028325372
0.027001558
0.033441015
0.047116587
0.020716489
0.014104145
0.022868133
0.029262689
0.038789763
0.036033122
0.014216002
0.001526923
0.012516665
0.016063408
0.022202494
0.039457171
0.023896199
0.039669537
0.0051479038
0.02079254
0.029647539
0.038085451
0.013092252
0.02623163
0.021721982
0.042102679
0.051729971
0.040406712
0.033997571
0.043017343
0.013747066
0.023112624
0.043594469
0.048107711
0.046236922
0.030730853
0.049119213
0.025191082
0.0079099445
0.016747977
0.0038315851
0.041226298
0.060206438
0.050766156
0.022314691
0.011802038
0.013203805
0.031984206
0.012280685
0.051632656
0.04707881
0.034700475
0.040811618
0.045663579
0.031342688
0.050679405
0.012662108
0.019006942
0.048581591
0.03497814
0.049609563
0.039248696
0.047367663
0.025327403
0.033295828
0.038866674
0.040265859
0.055511031
0.037503021
0.04145941
0.056996691
0.024301129
0.029002633
0.037713885
0.013540936
0.033140624
0.040344621
0.045245805
0.047623996
0.032066704
0.021120741
0.014155645
0.056766352
0.016711485
0.060212202
0.043592717
0.05552009
0.069237247
0.071547475
0.043193357
0.03189326
0.01422564
0.034274988
0.032650175
0.053070905
0.05345074
0.055174594
0.03285012
0.053046847
0.038170586
0.029116103
0.029639497
0.074222077
0.019301944
0.018454634
0.038634577
0.038318634
0.044108263
0.031973383
0.041965614
0.062429652
0.031735662
0.022278623
0.050049655
0.051993382
0.041003681
0.026840384
0.044950088
0.014950691
0.049160178
0.043510922
0.041285924
0.051634214
0.044629308
0.040254471
0.021147198
0.040060165
0.022528567
0.046647271
0.026644902
0.063093473
0.012864654
0.028543698
0.016398855
0.020286345
0.079852484
0.026592214
0.029045789
0.026740679
0.080266344
0.021383458
0.030199892
0.06145665
0.03613237
0.056132408
0.019747562
0.046466762
0.018933754
0.021845043
0.08668119
0.028073223
0.065125345
0.042630462
0.088962583
0.030961232
0.024886863
0.020218312
0.034405325
0.030248748
0.012279948
0.0060790388
0.011057024
0.030593096
0.015667499
0.021002852
0.016235789
0.035824708
0.018973544
0.027667811
0.013667364
0.015281954
0.036096486
0.027213491
0.018524638
0.023737701
0.012542122
0.037952224
0.043688007
0.061241014
0.036270516
0.037042724
0.022296952
0.023194811
0.041846251
0.050690585
0.03638982
0.010149018
0.011966757
0.047976047
0.027449071
0.037672047
0.02066261
0.015808474
0.010117345
0.020990933
0.01702807
0.043988698
0.023981495
0.01584918
0.026218473
0.028144511
0.034793398
0.038374577
0.024435016
0.038004065
0.034723185
0.015238393
0.032952337
0.018720718
0.020253319
0.013772858
0.014739245
0.039984846
0.030580642
0.029672622
0.013413352
0.017436762
0.062933722
0.015402416
0.033958503
0.013991022
0.026362635
0.062997926
0.013360054
0.010862666
0.0078759913
0.016155625
0.0087386033
0.01447873
0.018496565
0.030711763
0.024714886
0.025883079
0.018173848
0.012426224
0.0059095798
0.010802826
0.0088026221
0.0066039263
0.011202438
0.010838281
0.03227821
0.027857137
0.029343529
0.0288902
0.016764687
0.027988333
0.029319742
0.026711122
0.0043313625
0.011184646
0.011815262
0.0098499954
0.0078153319
0.010091763
0.0048004703
0.0121419
0.0081873818
0.004327385
0.013471919
0.0096615365
0.00016200304
0.011180052
0.010979378
0.012954648
0.0073489703
0.0021272451
0.0073032563
0.006576931
0.0079649038
0.002584226
0.0092680324
0.0088730434
0.013797949
0.01470579
0.0083686827
0.0025645865
0.0076714259
0.0080145345
0.007589536
0.0067199848
0.003678098
0.012738574
0.012130672
0.014772912
0.012816665
0.014144315
0.015405935
0.015179976
0.0096401682
0.014305077
0.016472233
0.020666776
0.012229191
0.014459019
0.011190532
0.0088129624
0.012780682
0.016797763
0.0038305394
0.0073448612
0.010519914
0.0052796328
0.00038668288
0.0023261675
0.0039370423
0.0037250731
0.0081675851
0.0060507078
0.00072751901
0.0048657261
0.010587365
0.010566783
0.019290098
0.017542456
0.0052410964
0.0052806342
0.0066843645
0.0086723038
0.018450916
0.023309939
0.012090247
0.0032889692
0.012064559
0.0032619667
0.011035653
0.014002247
0.0071459097
0.00046207313
0.0054876667
0.0059158934
0.017473321
0.0036701002
0.0049431818
0.0068442877
7.3865405e-06
0.0026944386
0.0035671893
0.0015587313
0.0017425659
0.0022509964
0.010809594
0.0090836427
0.00013044553
0.010661452
0.00055449154
0.0062931869
0.009858189
0.012440326
0.0018440547
0.013621448
0.00010449182
0.0019304746
0.0034913221
0.0025263128
0.014619641
0.00036458031
0.0071136304
0.0094951419
0.0078787765
0.01080546
0.0061947019
0.012205492
0.001572074
0.0069930948
0.011012586
0.0092005535
0.0099718059
0.0053089724
0.00085150182
0.00011951672
0.00021762643
0.020434438
0.0090179387
0.0090862854
0.0081375575
0.0076290965
0.006460314
0.0043382655
0.0045297056
0.00086502383
-0.00051636249
-2.6047154e-05
0.00075525164
0.012517307
0.0099818195
0.015200426
0.013729967
0.017653699
0.021491055
0.014258107
0.011591903
0.028109692
0.0056032117
0.0102201
0.0088900584
0.0215156
0.0034378512
0.0050986494
0.0063814549
0.010818153
0.0067521512
0.0075132588
0.0059067363
0.0045691266
0.0044837333
0.0054670448
0.0055874099
0.0012782212
0.00025710516
0.0071774622
0.0005841195
0.006526476
0.005911037
0.0050103628
0.0063966601
0.002528029
0.0053347351
0.0075405938
0.0044439661
0.0014358747
0.0029617174
0.0028548595
-0.00043577041
0.0019095447
0.0067402365
0.0040714085
0.0013155744
0.00068467654
-7.4557849e-05
0.0056820207
0.0053322406
0.0052799504
0.0050568284
0.0030339261
0.0044281945
0.0013715217
0.0037195916
0.0046517375
0.0025521018
0.0036571479
0.0015865092
0.0029490414
0.0041738322
0.0026001532
0.0038992419
0.0034282316
0.001975881
0.00066944841
0.0048671306
0.0026978209
0.0015321254
0.0031520796
0.001372149
0.0082552682
0.0030866881
0.002357112
0.0012245496
-0.00023292346
0.00029721951
0.0042076189
0.0040929338
0.0011893685
0.0042705677
0.002401734
0.00036478588
0.00040402304
0.00073709979
0.018427883
0.0018246412
0.0024348826
0.00040994421
0.007957381
0.00073050207
0.0040626019
0.001891936
0.00083559658
0.0029526089
0.0040078474
0.0031768691
0.0051391177
0.0023831375
0.0035548978
0.0040814968
0.0037029958
0.0032789905
0.00059838289
0.00066097099
0.00112216
0.0048795056
0.00684767
0.0020076287
0.0083624265
0.00322077
0.00052578914
-0.00070588513
0.001113711
0.00028990002
0.0049232202
0.0086551545
0.0082109959
0.0053496427
0.0060631059
0.0030050364
0.0048730833
0.00096564356
-0.00061632019
0.0014802005
0.001967363
8.7031985e-05
0.000726004
9.7961311e-05
0.00025665372
0.011327297
0.0033931167
0.0068960149
0.0085078469
0.0047004354
0.0061517207
0.006677232
0.0076401283
0.0024518461
0.0040822514
0.001234411
0.0048281155
0.0016025384
0.0034571125
-4.1122938e-05
0.0026282805
0.0033962085
0.0036188943
0.0039760093
0.0053274632
0.0039005444
0.0095205847
0.0051652734
0.0062133472
0.0055535779
0.013041174
0.0058080383
0.0071140535
0.0084586725
0.0073822576
0.0033378618
-0.00063066096
0.0017201828
0.0036303578
0.00052692213
0.0025655183
0.0042099856
0.0050516568
0.0021125008
0.0086447217
0.0078940849
0.0099712731
0.0082002398
0.0093531811
0.0088089144
0.017178783
0.00041207609
0.0012558306
0.00061455849
0.0029538673
0.000814932
0.00016699905
0.0012622109
0.0016089176
0.00089830526
0.0016825378
0.00013077261
0.0023526299
0.0010665255
0.0016215663
0.0011561715
0.00029723953
0.00075368841
0.0008755514
-0.00099356243
0.00032342964
0.00054655922
0.00054257786
0.001446592
0.0003497396
0.0013076529
0.0012947346
0.0021981603
0.0014592789
0.0013360597
0.0012957223
0.00061016993
0.0012013992
0.00051478073
0.0008358105
0.0010427248
0.002553349
0.00062264414
0.0013284122
-0.0022835587
0.0014146757
0.00015357321
-0.00054961681
0.001207074
0.0013168685
0.0016206944
0.00099108645
0.00062438971
0.0016961818
0.00090264943
0.0015342277
0.0011394495
0.00051183643
0.0001575154
8.5061607e-05
0.001409606
0.00087353501
0.00072962553
0.0011627099
0.00074368565
1.9420003e-05
0.00023980125
-0.0003568352
0.0014017107
0.00099232118
0.001497433
0.00029050891
0.0021478648
0.00037329634
-0.0020588465
-0.0017082657
0.00025646663
0.001377739
-0.00050243656
-0.00075122412
0.0011488885
0.0031451302
0.06907554
-0.0012283847
0.022900086
0.049971852
0.06568166
0.061274758
0.020292556
0.015016304
0.0075262013
0.021759877
0.013966853
0.018267208
0.024626264
0.017093809
0.021068585
0.017198669
0.0077525803
0.023949898
0.024469124
0.0054062451
-8.5901109e-05
0.017611038
0.0018645911
0.010605927
-0.0052371646
0.0038402892
0.0084130132
0.0028821823
0.01033365
0.01702477
0.056255392
0.05894019
0.024064206
0.025956628
0.016995914
0.022050466
0.017594704
0.012132943
0.019544504
0.014400648
0.019608227
0.019456953
0.018979829
0.017931333
0.0085074558
0.014888767
0.018241467
0.021629182
0.026169394
0.024709331
0.014165986
0.015240896
0.029074214
0.026000853
0.029700022
0.03409243
0.025082392
0.030655328
0.027227863
0.031959052
0.012486889
0.013726981
0.032050643
0.035881729
0.014761097
0.0040881189
0.013319472
0.0062768502
-0.0060348595
0.0034961346
0.013232944
0.012160382
0.0040609544
0.0041940163
0.00053824765
0.011384857
0.009734337
0.010754214
0.013360312
0.0014796159
0.0029866075
0.0039912822
0.0017722991
0.0066485752
0.011236353
0.0010269038
0.0070846934
0.0064291387
0.0030446863
0.0010748342
0.0027852217
0.0084123049
0.00052259935
0.0050528253
0.013603539
0.0075928474
0.0052863433
0.0013750384
0.0018829778
8.2676846e-05
0.0055897341
0.0045628696
0.0011028771
0.0056288341
0.019825135
-2.7474493e-05
0.0069526978
-0.00022114351
0.0032491692
0.0067661207
0.0086911121
0.001275335
0.0037186279
0.0025713522
0.0049450008
0.0061213782
0.0084176883
0.0015762451
-0.00093605008
-0.0001468951
0.0032189174
0.0032232271
0.0098054404
0.00641497
0.0046777409
0.015026079
0.0090680377
0.014956742
0.0082187281
-0.0091840694
-1.4716882e-05
-0.019453927
-0.028632243
0.0034991326
0.0013671172
4.6979009e-07
-0.00025504213
0.0011832913
0.0037226464
0.0024203298
-0.00071546808
0.0029147752
-0.00011316885
0.0005875211
0.00037464198
-0.00053083565
0.00030251516
-0.00036314315
0.0012617415
0.0020363362
0.0020921309
0.00077495363
0.0056539459
-0.00098720404
0.0035202529
0.0023833309
0.002421821
0.00081665883
0.0001245032
0.0012917356
-0.00040057032
0.0023257944
0.0012631344
0.0032015254
0.015327087
0.004047004
-0.000863961
0.0027589807
0.0027918049
0.00097779368
0.00093804524
0.001467229
0.0021669005
0.0010939565
-0.00079416246
0.0013028448
0.00096110784
-6.9248949e-05
-0.00029148844
0.0030453613
0.0060316535
0.0020769213
0.00013537861
0.0047864699
0.0038866592
-4.5923564e-05
0.0021707184
-0.00022076576
-0.00029029191
0.0017697344
0.0018378343
0.00025591827
0.0024045238
0.0050023416
0.0078293433
0.0043600078
0.0052711073
-0.00027616067
-0.0014654039
0.00023581096
0.0014428659
0.0055660986
0.010988641
0.0051738723
0.0039920555
0.0065910979
0.012354976
0.0052805857
0.0054101811
0.00079496135
-0.0067864422
0.0025101082
0.0016836093
0.008052886
0.003541628
0.006227423
-0.00018369897
0.0096822575
0.0084841086
0.0026651139
-7.0036871e-05
-0.0043044653
-0.0027752834
-0.0016410783
0.00087393644
0.0019328381
-0.0011602047
-0.0028259741
-0.0048213503
-0.0021660784
-0.00091684782
0.00057532383
0.0022157682
-0.00050913046
-0.00021248337
0.0012824015
0.0041422295
0.0030892803
0.00644772
0.0068893979
0.0090003552
0.0082163401
0.011376548
0.012985436
-0.00096906119
0.000333255
-0.0054391692
-0.0019425616
-0.0025392861
-0.006511951
-0.0036162779
-0.0038933962
0.00063403582
-0.0018057723
-0.0015492095
0.00073444118
2.6125884e-05
-3.0447305e-05
0.0015810981
0.0030092435
0.0039258787
0.0019369757
0.0055072061
0.0075168905
0.0092587736
0.0073305033
0.0059653829
0.0091535207
0.010342471
0.0098180339
0.013250717
0.011091751
0.0093854645
0.0053861152
0.011102575
0.0040402265
0.0038869505
0.0045184727
0.0018533827
0.00016590786
-0.0087791645
-0.001142256
0.0031588832
-0.0018390945
-0.0082158643
-0.0043372207
-0.0010888079
-0.0029400794
-0.0029222329
-0.0038959674
-0.00051044165
-0.00017787512
-0.0027984044
-0.0027175272
0.00068364369
0.0032574036
0.011053664
0.016708234
0.010829957
0.0094760231
-0.00656993
-0.0042226447
0.0088388646
0.011943758
0.017636143
0.012762805
0.013398438
0.0093390539
0.014791254
0.015193676
-0.0078455843
-0.0097011892
-0.0061682001
-0.0080065071
-0.0063258396
-0.0075255487
-0.011070284
-0.0033722004
-0.017576043
-0.012388259
-0.0085213089
-0.0068253833
-0.017280353
-0.013875891
-0.0038121211
-0.0094680198
-0.0095017727
-0.020511156
-0.0056644436
-0.003257078
-0.0088616315
-0.01190993
-0.01585531
-0.014358803
-0.0078880259
-0.0081888571
-0.015739529
-0.010822509
-0.011991721
-0.02510217
-0.010517604
-0.022418682
-0.024419783
-0.016001526
-0.017573909
-0.020660814
-0.019821354
-0.020887183
-0.005991689
-0.0048967436
-0.021854217
-0.015926648
-0.015745634
-0.015256157
-0.021695464
-0.019659791
-0.024494466
-0.014464971
-0.018522797
-0.025537183
-0.016429555
-0.020651815
-0.022203504
-0.023752814
-0.02561683
-0.022100712
-0.023473489
-0.015651418
-0.025793448
-0.02723196
-0.027553467
-0.026288569
-0.02461123
-0.018394944
-0.01711259
-0.022445816
-0.019065021
-0.025360614
-0.022405625
-0.027354564
-0.024890521
-0.02094822
-0.023236728
-0.027730839
-0.023419336
-0.005176842
-0.018676539
-0.025374449
-0.0098182369
-0.024230615
-0.022208795
-0.024152045
-0.027376694
-0.020902064
-0.027015522
-0.023301279
-0.016387769
-0.025866615
-0.023677835
-0.0122337
-0.025932883
-0.027240612
-0.011733702
-0.027225035
-0.0030726413
-0.021339241
-0.024940551
-0.017371746
-0.016080185
-0.014237469
-0.021125507
-0.012875392
-0.025304343
-0.020240838
0.01071606
-0.02126427
-0.024960846
-0.023196944
-0.01322757
-0.013724212
-0.025671452
-0.016654673
-0.0099214667
-0.012808259
-0.01784921
-0.01703306
-0.018424112
-0.026586162
-0.026498769
-0.021159542
-0.010668739
-0.024405254
-0.01223795
-0.027221566
-0.022943264
-0.0218016
-0.022075488
-0.011986214
-0.023952461
-0.020227672
-0.026119531
-0.01502105
-0.020805173
-0.017747933
-0.02203517
-0.015625958
-0.01197371
-0.027821771
-0.017222119
-0.02631488
-0.020928912
-0.01188721
-0.012992837
-0.0027205159
-0.021445521
-0.0074332654
-0.012383382
-0.022330917
-0.010064425
-0.027910379
-0.019461762
-0.0039582788
-0.015317354
-0.017803495
-0.025077987
-0.027530127
-0.023642953
-0.028343667
-0.025241415
-0.019732446
-0.011352983
-0.015720509
-0.026575837
-0.010265034
-0.021873447
-0.018323825
-0.022534505
-0.018589887
-0.016995854
-0.013195289
-0.015339746
-0.028309139
-0.018856082
-0.01336665
-0.012640687
-0.017799859
-0.015437463
-0.012822134
-0.013198489
-0.0091652072
-0.01694031
-0.020011646
-0.02698618
-0.015395251
-0.02610778
-0.015404275
-0.015997607
-0.027092275
-0.025899267
-0.027358224
-0.024443467
-0.018772749
-0.022936819
0.00046465215
-0.020089425
-0.015575967
-0.017262317
-0.012898026
-0.0090886518
-0.022928855
-0.027786344
-0.019104457
-0.0042963812
-0.01794043
-0.020002704
-0.021698946
-0.016205471
-0.013851252
-0.024499777
-0.02072984
-0.015097376
-0.020218096
-0.021445798
-0.020096132
-0.015437051
-0.019746236
-0.026696114
-0.0241592
-0.018442296
-0.012990962
-0.020520741
-0.011261331
-0.0071988042
-0.01408969
-0.026492094
-0.025668405
-0.025831489
-0.022376791
-0.025934875
-0.016709183
-0.015129539
-0.020246136
-0.020303842
-0.025606485
-0.01686222
-0.018903152
-0.0058787513
-0.0082114259
-0.015588653
-0.022643258
-0.016595509
-0.017317797
-0.014932554
-0.014113964
-0.02541642
-0.022283719
-0.022642251
-0.02188252
-0.024059821
-0.021520012
-0.027711703
-0.010482357
-0.004309259
-0.0023488085
-0.015393499
-0.024106985
-0.017642757
-0.018249889
-0.024469651
-0.027925438
-0.017166856
-0.019374777
-0.024679916
-0.023363123
-0.024495362
-0.019167185
-0.025650295
-0.012088515
-0.014471074
-0.012091815
-0.026081342
-0.01307354
-0.0016748066
-0.0025325177
-0.018959874
-0.025907218
-0.020648596
-0.027929679
-0.027232871
-0.017228209
-0.02257284
-0.021019038
-0.018951991
-0.020988462
-0.014927825
-0.025722503
-0.012705716
-0.015046678
-0.013662968
-0.0082153631
-0.0063772905
-0.0012941471
-0.0030132876
-0.012290686
-0.0074497977
-0.020719924
0.010590745
-0.022822376
-0.021873877
-0.027457564
-0.023341652
-0.027486785
-0.028062372
-0.0032251961
0.0037835077
0.013892686
-0.00011270787
0.00063186263
-0.0064993351
-0.0015758096
-0.0092163207
-0.0028174609
-0.0054910161
0.0019684789
-0.0029178228
0.0081892937
0.0086231129
-0.0099127905
-0.0083857992
-0.0053704812
-0.014574774
-0.0082395325
-0.00082621069
0.0012002347
0.00032932689
-0.0060326993
-0.019693026
-0.009005877
-0.0098196367
-0.0052001334
-0.022775559
-0.020463166
-0.011328457
-0.019324392
-0.021179446
-0.013015932
-0.010727036
-0.015434277
-0.011532159
0.013194405
-0.027192934
-0.00016677951
-0.021818342
-0.026738847
-0.01355818
0.0024723081
0.011896151
-0.0096247006
-0.02823118
-0.016402284
-0.026225961
-0.024855491
-0.025241023
-0.026086299
-0.0041995511
-0.025810516
-0.025798959
-0.028030087
-0.013522153
-0.022012172
-0.019558121
-0.019828412
-0.025434204
-0.025979316
-0.02285749
-0.023160426
-0.028167586
-0.014371015
-0.020684451
-0.024853141
-0.024177414
-0.024413172
-0.022498743
-0.01268406
-0.019833998
-0.027604158
-0.027911899
-0.028712948
-0.027688904
-0.024506936
-0.027628702
-0.027966389
-0.027878523
-0.026815867
-0.02775379
-0.026784209
-0.027713396
-0.026408572
-0.024146791
-0.027532318
-0.028452441
-0.017652936
-0.02600353
-0.026461134
-0.027704813
-0.027456342
-0.02761717
-0.026842291
-0.028696732
-0.028543007
-0.027836948
-0.026393814
-0.027331318
-0.027857758
-0.027790087
-0.028201422
-0.025898056
-0.025324712
-0.021914962
-0.025902354
-0.0266682
-0.028080426
-0.028184602
-0.024892732
-0.022828861
-0.026940798
-0.024992486
-0.027800712
-0.028168346
-0.026104062
-0.027137843
-0.02504907
-0.026882264
-0.027835873
-0.027386221
-0.02426335
-0.026005764
-0.020154181
-0.023190352
-0.027985901
-0.027838511
-0.027610687
-0.021952708
-0.027545433
-0.027678204
-0.025144851
-0.020027382
-0.023383603
-0.021469227
-0.019115116
-0.017291295
-0.02160533
-0.018226936
-0.022128723
-0.01663252
-0.016709804
-0.02337786
-0.018843855
-0.019553426
-0.014351522
-0.025652575
-0.018662218
-0.020910297
-0.022482427
-0.025152548
-0.022335653
-0.024565294
-0.025021825
-0.023080172
-0.026747195
-0.026078505
-0.027767433
-0.026510636
-0.023303755
-0.025600719
-0.021809557
-0.0241283
-0.024877989
-0.026676669
-0.022893884
-0.018767026
-0.017399011
-0.00027155579
-0.027149786
-0.027525826
-0.026862048
-0.027239409
-0.021806211
-0.028106204
-0.021071279
-0.014744469
-0.026155019
-0.025353219
-0.027258483
-0.026822766
-0.026766134
-0.025199735
-0.025620613
-0.026333118
-0.027148758
-0.025986374
-0.026599846
-0.027197281
-0.019641656
-0.020760105
-0.010030172
-0.017984511
-0.027258184
-0.026037583
-0.025426502
-0.024422046
-0.026470234
-0.02183235
-0.018895746
-0.018199299
-0.020744673
-0.018098691
-0.020809303
-0.01594209
-0.019838035
-0.015664072
-0.0063648618
-0.016192345
-0.019007919
-0.011062689
-0.013219574
-0.0033877328
-0.00014928697
-0.00017925511
-0.015791719
-0.011882617
-0.0095407469
-0.0012963495
-0.011196072
-0.01263171
-0.01733875
-0.011168849
-0.012824489
-0.010437835
-0.015110731
-0.017675767
-0.015375948
-0.013448507
-0.00087286952
-0.00097963717
-0.017857122
-0.01682411
-0.013045484
-0.00010538022
-0.017052487
-0.01370168
-0.020880335
-0.019030604
-0.015744997
-0.017900869
-0.00014543418
-0.00011697253
-0.025603378
-0.022730879
-0.02686917
-0.024153063
-0.0054709559
-0.0054418596
-0.01337583
-0.016512849
-0.025574436
-0.024030303
-0.024579855
-0.024601589
-0.022718287
-0.018463478
-0.026053922
-0.023147488
-0.023357697
-0.022944433
-0.027210255
-0.025978027
-0.013484648
-0.013502085
-0.02607694
-0.025040911
-0.023864669
-0.02143632
-0.025453845
-0.024781785
-0.0250595
-0.024568424
-0.025615715
-0.019458401
-0.019163553
-0.022656314
-0.022694469
-0.02167557
-0.027207585
-0.02575614
-0.025814365
-0.024237474
-0.026496202
-0.026397364
-0.026477568
-0.023980816
-0.025876502
-0.024899499
-0.022788852
-0.019419962
-0.026597337
-0.024298247
-0.025958907
-0.025577115
-0.023206984
-0.021110965
-0.023325913
-0.022517388
-0.023708804
-0.024615081
-0.025427938
-0.02486067
-0.025880519
-0.025071727
-0.024298962
-0.024097065
-0.021567409
-0.019627914
-0.024216485
-0.019843749
-0.025000539
-0.025094777
-0.0242445
-0.024307504
-0.025094577
-0.024309442
-0.024545341
-0.025092529
-0.021654061
-0.019081445
-0.010005938
-0.020158406
-0.023884091
-0.021595147
-0.024152413
-0.018917778
-0.025775598
-0.024278895
-0.02569214
-0.023930846
-0.022969233
-0.02343851
-0.023829867
-0.022437927
-0.024738636
-0.024385544
-0.024181659
-0.025215924
-0.023594667
-0.020882744
-0.023258967
-0.023678037
-0.021927335
-0.023810311
-0.020750825
-0.022911415
-0.023256506
-0.023259319
-0.017402251
-0.021323611
-0.023645014
-0.022146857
-0.024595468
-0.024800793
-0.022633933
-0.019731044
-0.022455568
-0.020930497
-0.011680242
-0.022738707
-0.02140066
-0.022620326
-0.021701123
-0.024054462
-0.022511594
-0.022620297
-0.01658116
-0.022744151
-0.022358639
-0.022564
-0.023467904
-0.023567389
-0.0233609
-0.022807922
-0.021524287
-0.023175491
-0.021607479
-0.020649312
-0.022085818
-0.018125762
-0.020520947
-0.021876618
-0.023872725
-0.023187617
-0.018707283
-0.021425086
-0.020767495
-0.022678254
-0.018984362
-0.018242296
-0.022544325
-0.02376948
-0.022240834
-0.022536231
-0.020329652
-0.021755538
-0.014916705
-0.019909728
-0.02211395
-0.022567467
-0.0040523107
-0.019906304
-0.017833688
-0.018021409
-0.018522837
-0.018805298
-0.018819284
-0.021953023
-0.017542963
-0.01685394
-0.019044584
-0.020128845
-0.019871888
-0.017552924
-0.018707715
-0.019536635
-0.01672469
-0.019373248
-0.021242615
-0.019331182
-0.017826003
-0.018252179
-0.018911402
-0.018940881
-0.019797009
-0.02171561
-0.0094023936
-0.016128861
-0.01952312
-0.018986856
-0.014882824
-0.017929491
-0.014433041
-0.015735808
-0.016330383
-0.018364096
-0.018657652
-0.018484938
-0.0064567365
-0.018394153
-0.019439937
-0.01894556
-0.016454039
-0.012029633
-0.0098767404
-0.019183009
-0.019164804
-0.01378991
-0.019865909
-0.020839913
-0.020843157
-0.021366468
-0.018503704
-0.020372088
-0.019028089
-0.01762792
-0.017099304
-0.019993371
-0.018279583
-0.019693795
-0.017689074
-0.011628043
-0.014017683
-0.016786453
-0.016619985
-0.020222958
-0.022425722
-0.015272644
-0.019555096
-0.020296896
-0.01670511
-0.019326779
-0.01356998
-0.019827711
-0.017883442
-0.015446387
-0.016274942
-0.019947193
-0.017172174
-0.013676737
-0.014393052
-0.015610563
-0.014809857
-0.0069883869
-0.0078414938
-0.017202394
-0.018212253
-0.014777653
-0.016942747
-0.0098228806
-0.0067573215
-0.018311862
-0.01829672
-0.015701678
-0.012978304
-0.011500784
-0.0141983
-0.014207854
-0.011781295
-0.0099595517
-0.013847904
-0.0094152943
-0.0098075582
-0.010804853
-0.0071937313
-0.0090106613
-0.010855685
-0.011993284
-0.011041571
-0.011542907
-0.01012655
-0.014574184
-0.017029425
-0.0075644954
-0.014611193
-0.018086087
-0.016469069
-0.014634013
-0.012563292
-0.01173343
-0.0074110031
-0.013512609
-0.011743329
-0.0058796125
-0.013354392
-0.012323356
-0.013028741
-0.012638747
-0.00022106585
-0.014839149
-0.014061763
-0.012465742
-0.012534689
-0.017130338
-0.012034642
-0.017654112
-0.019126721
-0.017882528
-0.017696336
-0.013625003
-0.015632288
-0.014036956
-0.01530649
-0.01410569
-0.015747588
-0.012953776
-0.0058858064
-0.00018046539
-0.0089522549
-0.011696103
-0.01357123
-0.0051671032
-0.013367333
-0.010991289
-0.012600693
-0.010844285
-0.010247127
-0.015004399
-0.011135243
-0.011777651
-0.0090306768
-0.0092330501
-0.0037105045
-0.010198308
-0.010534511
-0.011553759
-0.011594398
-0.010982336
-0.011009799
-0.017312193
-0.014727232
-0.017042438
-0.011712746
-0.016116112
-0.011649368
-0.0065076188
-0.021760265
-0.018547442
-0.017334255
-0.016184883
-0.017369778
-0.016478279
-0.016434283
-0.014669601
-0.0098790486
-0.011134537
-0.016353709
-0.016919254
-0.01606186
-0.01558676
-0.019012065
-0.018181882
-0.020433307
-0.01626923
-0.015121609
-0.011804248
-0.019991667
-0.0087743311
-0.0087533921
-0.012740101
-0.019975084
-0.021231141
-0.017851658
-0.007090458
-0.0027046409
0.00089004094
-0.0034352141
-0.016350802
-0.014578973
-0.01417259
-0.015827178
-0.013034746
-0.011002784
-0.015519573
-0.010796272
-0.013668388
-0.0064894935
-0.019721532
-0.016303517
-0.010134991
-0.016306021
-0.014875537
-0.012334401
-0.00098118611
-0.012694391
-0.0072631
-0.010118991
-0.016326548
-0.0059062959
-0.0041116899
-0.011594034
-0.0030271027
-0.0022517199
-0.022539917
-0.022136999
-0.012275193
-0.017450154
-0.008554362
-0.010746328
-0.0084308793
-0.0139722
-0.021282759
-0.017981614
-0.0023803202
-0.013266363
-0.0059643523
-0.014992828
-0.010321402
-0.013002376
-0.017917755
-0.00063480533
-0.0084258885
-0.01610525
-0.0084219467
-0.0036628456
-0.010386182
-0.00012692834
-0.019592131
-0.00057533632
-0.013716126
-0.015413412
-0.0018430847
-0.0046945365
-0.0010569229
-5.1110476e-05
-0.017793755
-0.00021297234
-0.013428766
-0.0068408904
-0.013617063
-0.0022906654
-0.009506466
-0.013283178
-0.0064497104
-0.00098742444
-0.015713634
-0.018849674
-0.021328806
-0.012416574
-0.0099647457
-0.015356543
-0.0089865577
-0.015652461
-0.015072833
-0.01146456
-0.017877311
-0.01035722
-0.015219391
-0.01043818
-0.021893512
-0.01776552
-0.00072328881
-0.014197734
-0.0047148623
-0.012499904
-0.0079308512
-0.010456831
-0.019674121
-0.01281343
-0.0085187998
-0.0075575511
-0.0075362106
-0.0092594402
-0.0077760871
-0.00011483695
-0.012807048
-0.00016608999
-0.0096845438
-0.016665049
-0.0019262811
-0.011955525
-0.017823254
-0.016476453
-0.0068820937
-0.01186973
-0.0090537855
-0.0056586906
-0.0040528471
-0.0043577507
-0.00053175304
-0.018614263
-0.0089340584
-0.013022167
-0.016172496
-0.0069299806
-0.0070441241
-0.0091016138
-0.0015764269
-0.012834876
-0.013631682
-0.0084884919
-0.01883868
-0.017187705
-0.013499464
-0.013756734
-0.014691045
-0.014654061
-0.0099380115
-0.010033181
-0.0045608365
-0.016324254
-0.015068087
-0.00064100056
-0.0052437012
-0.013039798
-0.014218133
-0.0129459
-0.013234158
-0.0054666855
-0.0035708756
-0.00096809562
-0.014140916
-0.01141144
-0.0078571202
-0.005511426
-0.003489496
-0.0069317703
-0.0019899546
-0.014379791
-0.017350297
-0.010649794
-0.016457475
-0.010721506
-0.016338277
-0.0058502618
-0.017996417
-0.014403867
-0.016406378
-0.0099960023
-0.0046024518
-0.017994037
-0.00017024924
-0.015964142
-0.015914583
-0.016019988
-0.016632875
-0.014137908
-0.014592319
-0.013100992
-0.01254696
-0.0061879933
-0.0061770415
-0.01539568
-0.014444754
-0.021313807
-0.0099935716
-0.0049551053
-0.013934602
-0.0038104409
-0.003177977
-0.0037461993
-0.0010304593
-0.0024166234
-0.0031023226
-0.0023206981
-0.0087244092
-0.014067403
-0.015291268
-0.016945043
-0.017095003
-0.012492984
-0.0096696425
-0.015397243
-0.016307684
-0.0060102799
-0.0049619498
-0.015515524
-0.015380349
-0.01028447
-0.0073451468
-0.0057274211
-0.0045739366
-0.0059202977
-0.0028399116
-0.0029495904
-0.0048237089
-0.0018272161
-0.0079484127
-0.0046193378
-0.0041766762
-0.0073384163
-0.0064902476
-0.0069170251
-0.0040015744
-0.0060227902
-0.0056142834
-0.0034805651
-0.0058899715
-0.016219221
-0.017400379
-0.015112454
-0.01456665
-0.0077501227
-0.015455924
-0.016193941
-0.014769686
-0.015299215
-0.013769935
-0.014013438
-0.013580805
-0.011893449
-0.014396002
-0.014164787
-0.013527105
-0.014301355
-0.014592808
-0.012422367
-0.01489652
-0.017113467
-0.01836903
-0.019342293
-0.018199139
-0.01493956
1.1663781e-05
-0.01170294
-0.0064408034
-0.0039682742
-0.0035900374
-0.0024973527
-0.0012340311
-0.012888653
-0.016678472
-0.018202737
-0.017697509
-0.015689996
-0.019882365
-0.015331065
-0.020155365
-0.017225243
-0.018613709
-0.020065735
-0.0060287075
-0.008143027
-0.0016432822
-9.5064256e-05
-0.00091145191
-0.0017490457
-0.0026012785
-0.0089093045
-7.6983848e-05
-0.001256052
-0.0088245633
-0.0052769385
-0.00061663725
-0.00034474765
-0.0019222934
-0.00030536582
-0.00036006343
-0.00018841628
-0.002009651
0.047937376
0.043208367
0.03635624
0.038830664
0.081341666
0.068059605
0.031900722
0.036368565
0.023618419
0.027392118
0.028323
0.032519199
0.028684853
0.031505013
0.044594477
0.030213684
0.046359965
0.047582963
0.017536445
0.018380815
0.024846045
0.028876654
0.01960901
0.018527701
0.02202916
0.023867646
0.024434732
0.027078339
0.014674977
0.012853025
0.023711473
0.024410228
0.020957106
0.023753339
0.019241785
0.018590673
0.015772359
0.033071399
0.018102976
0.016389463
0.017043648
0.014646121
0.023127396
0.019166116
0.0067603078
0.0089832739
0.008406593
0.0055963038
0.004028683
0.0058817027
0.0027201393
0.0045968883
0.011090909
0.0096615071
0.0137326
0.016969785
-0.00032195193
0.00013906716
6.4302926e-05
0.014853307
0.021286369
0.012985022
0.021328717
0.019477026
0.020061939
0.015908158
0.027040129
0.019212262
0.015744656
0.016210469
0.010385175
0.011898109
0.010336201
0.0059259774
0.000577093
-0.00027900797
0.001139659
0.0048398618
0.0041413305
0.00071289706
0.00048779999
0.00038695018
0.0034767944
0.0042559867
4.8148587e-06
-0.001167844
0.00034232556
0.0015385826
0.00068948982
0.0010674721
0.0017070201
0.00070199591
0.032881247
0.00079922887
0.00068660355
0.0061882173
0.0013291382
0.027708747
0.026540105
0.026793521
0.018962703
-0.0085503698
-0.0069846721
-0.0010218096
-0.0041983506
-0.0075672401
-0.010311055
0.019562696
0.012359866
0.005981308
0.0051747427
0.053170974
0.055714895
0.051300561
0.053875499
0.06216653
0.068359381
0.023844365
0.024136146
0.0168309
0.01488241
0.010820356
0.0089011248
0.015184709
0.014530523
0.00030410569
1.5639754e-05
-0.00076883036
0.00091616551
0.00063792478
0.0004992842
-0.00060162196
-0.0008179028
-0.00070334254
0.00027736626
0.00015596794
0.001051026
0.00042045677
0.00049447134
-0.0013535289
0.0027400424
0.00064345178
0.001327239
0.00070128957
0.015275443
0.019880447
0.016748576
0.017538789
0.011499113
0.013486009
0.0010118869
0.003121724
-0.0013866846
-0.0037557799
-0.0051216327
-0.0061131745
-0.0029347233
-0.0010924858
0.0095646285
0.013125403
0.015544157
0.023268733
-0.0049709985
-0.0047489389
-0.0067503451
-0.0048773571
-0.011085796
-0.013333015
-0.010999382
-0.01130552
-0.0021623861
-0.0046856375
-0.018364169
-0.020287665
-0.021553005
-0.021065207
-0.023578992
-0.023822037
-0.01838371
-0.018781155
-0.028061071
-0.025829118
-0.016395666
-0.0067555913
-0.0073821149
-0.014785641
-0.018749114
-0.0022359085
-0.015960796
-0.016696281
-0.024032819
-0.022660432
-0.024671285
-0.023639054
-0.012549438
-0.012711918
-0.011310617
-0.013639587
-0.0045090122
-0.0074986318
-0.0081485184
-0.0069422144
0.0030143719
0.0084398736
-0.0015744821
0.0017541658
-0.025397478
-0.025240834
-0.018410836
-0.015884159
-0.0077618329
-0.01223224
-0.018430862
-0.020129171
-0.013325767
-0.0164091
-0.0091413473
-0.014609309
-0.014431625
-0.014318326
-0.014313156
-0.017118822
-0.0099469379
-0.015156037
-0.023374546
-0.0178211
-0.026897513
-0.026557178
-0.02709462
-0.025078752
-0.0231877
-0.0242336
-0.02597122
-0.019539914
-0.022812256
-0.022059968
-0.023909331
-0.022635776
-0.019999009
-0.020769328
-0.021369787
-0.022156579
-0.019561402
-0.016578787
-0.020748194
-0.016699831
-0.015298988
-0.016148562
-0.006943607
-0.012087129
-0.017325536
-0.014704722
-0.01342737
-0.013975105
-0.020604453
-0.021237135
-0.015859393
-0.0058977224
-0.020899396
-0.019006416
-0.020302884
-0.019128908
-0.017106162
-0.013992767
-0.020292399
-0.018547532
-0.016948807
-0.018926907
-0.017791377
-0.013252041
-0.015939297
-0.01487831
-0.013924
-0.012339372
-0.012345445
-0.018819497
-0.015868772
-0.013130442
-0.021022845
-0.020502897
-0.018374623
-0.020849122
-0.017557906
-0.01995281
-0.013663025
-0.0045611334
-0.018198312
-0.016904537
-0.010086984
-0.015694128
-0.011267628
-0.010912528
-0.013884803
-0.010893433
-0.015756599
-0.013013321
-0.0032320142
-0.0085340231
-0.011699063
-0.013282125
-0.011552142
-0.010833282
-0.011588989
-0.0066429155
-0.016386273
-0.012026924
-0.0054197347
-0.0080472797
-0.0073748937
-0.011552351
-0.011920383
-0.0077265306
-0.017702912
-0.020025697
-0.0092223228
-0.0082087133
-0.011107525
-0.012623283
-0.012177482
-0.0097608351
-0.00736174
-0.0086313695
-0.014395426
-0.016576183
-0.017852439
-0.015925566
-0.00027939906
-0.0052748892
-0.0045931227
-0.010370225
-0.010666415
-0.002892943
-0.0046541164
-0.0076075347
-0.0032811379
-0.0099822502
-0.01286236
0.0005464694
-0.0083209304
-0.0061993174
-0.0091107515
-0.0014910002
-0.0077769788
-0.0079949345
-0.014656845
-0.013937125
-0.0028871987
-0.0089448178
-0.0088886128
-0.0065874249
-0.0018964105
-0.0051878102
-0.0031694408
-0.0097712441
-0.017260826
-0.015495168
-0.015425867
-0.0090428462
-0.0064827928
-0.0036189015
-0.0085287755
-0.0097849768
-0.0045975292
-0.01127196
-0.0099569426
-0.0021137589
-0.0076701322
-0.0097035852
-0.015910031
-0.015811819
-0.016117238
-0.014174056
-0.0061026893
-0.010750477
-0.013668294
-0.010201224
-0.003840763
-0.0016200317
-0.0067863195
-0.0026233253
-0.0065597909
-0.0045703334
-0.014011083
-0.00287252
0.0016408854
-0.0067926186
-0.0010879529
-0.00037529947
-0.0011146002
-0.0078295322
-0.00087206958
-0.007105605
-0.0064909842
-0.0051853541
-0.0070807417
-0.0045261819
-0.0031801052
-0.0018315133
-0.0043375437
-0.00022437855
-0.0049500396
-0.0040826265
-0.00099465941
-0.00032245168
0.00016978745
-0.0027555122
-0.0024059299
-0.0021558122
-0.0014922723
-0.0023373857
-0.0015000096
0.00062783497
-0.0012041666
-0.0031928898
-0.0019203045
-0.0032036701
-0.00024091223
-0.00095977624
-0.00092086306
-0.0013047866
-0.0010085329
-0.0002093292
-0.0034254009
-0.0022684739
-0.0010293742
-0.00063385806
-0.0005233555
-0.0025381596
-0.00018832749
-0.00035909588
-0.0026157846
-0.0014541144
-0.00048937462
0.0014792746
0.00070958216
0.00019700888
-0.0020155257
-0.00035126483
0.00066890598
-0.0030574834
-0.0017186108
-0.0013728649
-0.0010380234
0.0022114368
0.00029037881
-0.0011836848
0.00081028669
0.00032765796
-0.0017575055
-0.0028625337
-0.00024646421
-0.0025363225
-0.00043551199
-0.0010665935
-0.0012193656
-0.0035131204
-0.0022973412
-0.0010720971
-0.0054389521
-0.0057264239
-0.0015046511
-0.0042416799
-0.0013897081
-0.0056528742
-0.00065263683
-0.0027924861
-0.004839884
-0.01413394
-0.0020384225
-0.0063228207
-0.0063288195
0.00097511975
-0.0059172778
-0.0094196192
-0.0055792332
-0.0083282183
-0.0001548603
0.00031094493
-0.011429905
-0.0059915697
1.9744795e-05
-0.004541167
-0.016230536
-0.007408688
-0.012887104
-0.015014507
-0.006365655
-0.0070647414
-0.0015145293
0.00017647573
-0.0025681975
-0.0069182804
-0.010682602
-0.011524226
-0.0062619273
-0.011790823
-0.013932158
-0.011398107
-0.011377749
-0.0035133982
-0.0094621766
-0.014505437
-0.0024212085
-0.0012118069
-0.005274893
-0.0092519261
-0.010586674
-0.011507572
-0.0060036686
-0.00077585377
-0.0021711212
-0.0079335588
-0.009357942
-0.010515376
-0.009004253
-0.011754556
-0.012952945
-0.013438587
-0.017535262
-0.011289447
-0.015709234
-0.0091407413
-0.013969399
-0.007580091
-0.0094493906
-0.013207378
-0.024902893
-0.013455422
-0.014586179
-0.0040230609
-0.0078613583
-0.0059826895
-0.0085356473
-0.023693884
-0.015623912
-0.014084057
-0.017151524
-0.015828532
-0.016419908
-0.016051143
-0.014564556
-0.017066925
-0.020226498
-0.015680007
-0.012908626
-0.021716184
-0.023212833
-0.021954063
-0.022542956
-0.020752182
-0.022356323
-0.019608002
-0.020114911
-0.023101251
-0.022374296
-0.018841995
-0.016614614
-0.022420271
-0.022597651
-0.021208313
-0.021176832
-0.017182946
-0.015044711
-0.019849507
-0.020909022
-0.021875322
-0.02206814
-0.01350557
-0.012875129
-0.016826566
-0.016632624
-0.011150321
-0.010204226
-0.0080294491
-0.0095845209
-0.007062389
-0.0066060894
-0.0080142632
-0.0072209516
-0.0082851931
-0.006782563
-0.0050273692
-0.0060530718
-0.0080157027
-0.0059861993
-0.0027983444
-0.003973686
-0.0037502993
-0.0024211051
-0.0019945082
-0.0054062218
-0.0090028039
-0.010045127
-0.010747354
-0.0091172847
-0.0062145035
-0.0080935363
-0.0039012724
-0.003728998
-0.0043937813
-0.0031015856
-0.0043736749
-0.0025938099
-0.0045496111
-0.0065863296
-0.0058082204
-0.0048011776
-0.0022280674
-0.0015360643
-0.0014975592
-0.0024754967
-0.0025774388
-0.00085394585
-0.0014454908
-0.0013494545
-0.0010389555
-0.0029844296
-0.0023078192
-0.0053119481
-0.0034236947
-0.0011944248
-0.0011689178
-0.001493309
-0.00031405454
-0.0008173549
-0.001972983
-0.00082560037
-0.0036642383
-0.0041007676
-0.0042459355
-0.0045397063
-0.002602072
-0.0020961603
-0.0041880893
-0.00063825983
-0.006149002
0.00043091403
0.00050784848
-6.4249639e-05
-0.0072459656
-0.0010156526
0.00050461166
-0.00057628518
-0.0011677307
-5.3532511e-05
-0.00071854281
-0.00072893007
-0.0017894734
-0.0010639501
-4.3224485e-05
-0.0053229396
-0.0025475658
-0.0026386272
-0.0073881124
-0.0039835239
-0.0066604053
-0.0028364113
-0.0026834785
-0.0010214327
-0.0033069351
-0.0021450658
-0.0015794949
-0.00083726606
-0.0015576867
-0.0024600305
-0.0064812847
-0.00030337439
-0.0014824902
-0.0044196593
-0.0045521982
-0.0011793596
-0.00096079427
-0.0022430171
-0.0019649199
-0.00088674886
-0.00093844992
-0.0032243195
-0.002861104
-0.0025732663
-0.00099045802
-0.0013735109
-0.0035020551
0.00027486181
-0.001893824
-0.00047720116
-0.0018295285
-0.0066533608
-0.0047436329
-0.0056960403
-4.7816797e-05
0.00054361214
-0.0072818827
-0.0087972416
-8.3422264e-05
1.7042072e-05
-0.0019995367
-0.0048276756
-0.0031926238
-0.0050997353
-0.00065855833
9.3459385e-05
-0.0014764456
-0.00038423496
-0.00071396504
-0.0007295131
-0.00029428771
0.00058740913
-0.0098807354
-0.0053181584
-0.0052742547
-0.0019536298
-0.0077862388
-0.0073976569
-0.006640291
-0.005891928
-0.0063622275
-0.0074816943
-0.01040602
-0.0055289346
-0.0068011243
-0.0095405157
-0.010615137
-0.0095837872
-0.0084298086
-0.0098938248
-0.0091748944
-0.0046348238
-0.0050351163
2.6975281e-05
-0.00033568096
-0.0090962799
-0.010240856
-0.0086052958
-0.010375884
-0.0095704372
-0.0073022476
-0.0089543436
-0.00056642731
-0.00075776206
-0.0079811065
-0.0075628071
-0.011134289
-0.010366432
-0.0096407414
-0.010308902
-0.011336678
-0.011029797
-0.015286078
-0.013916837
-0.0069683634
-0.0050688828
-0.021996579
-0.02163851
-0.021092608
-0.020985887
-0.016985967
-0.017850695
-0.003578055
-0.0038745381
-0.0033842911
-0.0021286452
-0.0028062472
-0.0026655612
-0.002763528
-0.0011872004
-0.00021036948
-0.0002907587
-6.199574e-05
-0.00033921006
-0.00036745295
-0.0013802128
-0.00044436059
-0.016655046
-0.015750644
-0.014047005
-0.014706019
-0.016789803
-0.01565408
-0.010159221
-0.012345772
-0.019657902
-0.018246668
-0.012843263
-0.014186614
-0.012147423
-0.013371604
-0.011604335
-0.012580583
-0.010786388
-0.0038312612
-0.013181973
-0.011717028
-0.0074098061
-0.010090594
-0.010959293
-0.011448152
-0.0099159282
-0.012761201
-0.011057787
-0.01148767
-0.0080213605
-0.003139045
-0.0087455629
-0.0043783186
-0.010460728
-0.011741319
-0.012444465
-0.012710057
-0.014742981
-0.013901032
-0.011486429
-0.0063269672
-0.014837748
-0.016276729
-0.012074062
-0.012414377
-0.014463431
-0.016100277
-0.014461723
-0.019588063
-9.7533919e-05
-0.00019347872
-0.011105422
-0.014008952
-0.0063793418
-0.0090145472
-0.012478234
-0.0057040755
-0.0085949891
-0.0038750612
-0.0081043463
-0.0074745756
-0.0045818261
-0.0044767253
-0.007625817
-0.0099528793
-0.0050684363
-0.0070905736
-0.0030890669
-0.00018614302
-0.0039478158
-0.0031997591
-0.0056882517
-0.0064357084
-0.0023010623
-0.001846947
-0.0045044818
-0.0020641235
-0.00094037596
-0.00096548582
-0.0032742414
-0.010345682
-0.00085901287
-0.0015698091
-0.00019085698
-0.010719154
-0.009241258
-0.0044354544
-0.00147082
-0.00093044661
-0.00022956191
-0.00063608263
-0.0012595836
0.073017583
0.083536763
0.068618906
0.073516379
0.091710472
0.038063621
0.065468715
0.067612255
0.071083295
0.070877882
0.044927079
0.086893615
0.083418167
0.094188867
0.068949383
0.095297816
0.027787947
0.030524079
0.032407816
0.031584085
0.026481318
0.029782371
0.030768698
0.032537385
0.053019247
0.01405444
0.012204468
0.011410958
0.010163339
0.010906246
0.012859077
0.057019774
0.010405767
0.012163967
0.012560289
0.014682226
0.011125274
0.013323406
0.039062942
0.025326205
0.011492005
0.014122382
0.013618224
0.016083157
0.010315931
0.012598743
0.014537154
0.015250954
0.019002852
0.019755134
0.012020836
0.011829096
0.015906487
0.016024186
0.010857195
0.010193974
0.0076636855
0.014203983
0.011225769
0.0099692938
0.0063711385
0.0040033628
0.011403528
0.013091877
0.013889273
0.016057619
0.014670425
0.015063988
0.017283934
0.021831895
-0.00063484857
0.00074473528
0.0017547606
-0.00031255606
0.00062811394
-3.0943617e-06
0.0010791077
0.014553851
0.016650858
0.019494256
0.017610847
0.017891144
0.024428601
0.017331209
0.013857509
0.019401337
0.021250054
0.024911804
0.026200333
0.02637875
0.023034917
0.024004625
0.02688221
0.028798067
0.032739184
0.036701502
0.033296902
0.034432961
0.030729331
0.030175302
0.02605
0.036700287
0.03277331
0.021260455
0.023199509
0.027745228
0.027423387
0.0067970219
0.0080989412
0.0033734882
0.002863167
0.0018123495
0.00093760455
0.0037266037
0.0038084652
0.0029842771
0.0037648449
0.00098941488
0.0009528526
0.0015733435
0.0013356153
0.0005111155
0.0012620249
0.00055506674
0.001999988
0.001335106
0.0013799711
0.000876552
0.0032363081
0.0012907748
0.00074816178
0.0010804866
0.0015741478
0.00027016906
0.0011291659
-7.8917428e-05
0.00092776133
-0.00065149008
0.0080356135
0.000616074
0.00060550898
0.0019762706
-0.00053649601
-9.8503632e-06
0.00030911973
0.00067844101
0.00022221113
0.00035569209
0.00030252732
-4.8518033e-05
0.00039576348
-5.5971096e-05
0.00029942538
0.00047501716
-0.0001045292
-2.3220928e-05
-0.00020306696
4.5215234e-05
0.0002042834
0.00016207477
0.00016242436
-0.0074633726
-0.0090004695
-0.0094248484
-0.0095016715
-0.01132811
-0.0072895798
-0.011184481
-0.010810752
-0.0093158964
-0.0072523254
-0.0079958871
-0.0089439107
-0.0078520951
-0.0089204509
-0.0034668981
-0.0053977845
-0.0051484976
-0.0074188701
-0.0069675709
0.011041416
-0.0087475281
0.0022689118
0.0015959256
0.008065895
0.0072215002
0.0099105895
0.0096025576
0.0076280927
0.013340829
0.018535026
0.010211814
0.005159323
0.012872569
0.010482624
0.011164303
0.015134572
0.00025951123
0.0089912346
0.00044860266
0.0036951398
0.00071821081
0.0023215553
0.017959773
0.018251028
0.00080417825
0.00097284343
-0.0040982026
-0.0027621469
-0.0037491713
0.00049401679
-0.0021410974
-0.00067539523
-0.0034816042
-0.0029398405
-0.00010035707
0.00040937313
0.00059432448
-0.00067659089
-0.0027737749
0.00071195562
0.00034844902
0.000388802
-7.7022441e-05
-0.0020306002
-0.0036862952
0.016372117
0.018569556
0.020575896
0.019388857
-0.0023767129
-0.0045760783
-0.0097886547
-0.0054842747
-0.0067749479
-0.0078377288
-0.0073114888
-0.00656603
-0.0092904838
-0.007817351
-0.012341994
-0.0094869768
-0.0077292836
-0.0069412348
-0.0067956943
-0.0040614696
-0.0092058394
-0.0066786916
-0.010244809
-0.01083316
-0.0051750805
-0.0043825815
-0.0089114957
-0.0076315137
-0.0060298053
0.0020137008
-0.0091600859
-0.0050541393
-0.0085350712
-0.0098961083
-0.0037558294
-0.0033219204
-0.0062790722
-0.00066418011
-0.0050794715
-0.012820237
-0.0079732034
-0.0022665247
-0.010913323
-0.0026951584
-0.0030357576
0.00068470324
-0.0058685157
-0.0042757145
-0.0043164131
-0.00022602363
-0.0074124889
-0.0083060264
-0.0032656601
-0.00069001938
-0.0043368727
-0.0048086082
-0.0024083726
-0.0048311075
-0.0027707567
-0.011985669
0.00048171318
-0.0023605083
-0.0036349176
-0.0024239483
-0.0025493896
-0.0018543535
-0.00078989002
-0.0059652889
-0.0032611194
-0.00055662303
-0.0029188488
-0.0029849703
-0.00086719662
0.0022903321
-0.012844404
-0.0021913748
-0.0019030712
0.00058236085
0.0011160705
-0.0030307346
-0.0039554479
-0.0021752503
-0.0033174047
0.001614619
-0.00052884374
-0.0024116428
-0.0033660196
-0.0025462736
-0.0028072545
-0.0052478971
-0.00080688907
-0.0025572907
0.00061524566
-0.0023039155
-0.0014548718
-0.0033886697
-0.0027796929
-0.0010653445
-0.0034047912
0.0021306842
0.00059146829
-0.0007573431
-0.0013409106
-0.0047044764
-0.0010559585
-0.003264653
-0.0029700532
-0.0052404736
-0.015258175
-0.013666152
-0.012637823
-0.011338199
-0.025680372
-0.026885535
-0.027134634
-0.027551578
-0.026844741
-0.022543862
-0.027632963
-0.026309937
-0.025650211
-0.026549988
-0.024802886
-0.025448571
-0.027220336
-0.027009852
-0.026617865
-0.024747388
-0.027020745
-0.025811881
-0.027740726
-0.02704588
-0.025468238
-0.01759706
-0.026256635
-0.024402934
-0.026083577
-0.024960225
-0.024908007
-0.024954208
-0.020345978
-0.02458737
-0.014540958
-0.011420217
-0.013910812
-0.011365662
-0.010066252
-0.011293343
-0.019263666
-0.016421807
-0.021156441
-0.020884298
-0.023076686
-0.019849529
-0.014047504
-0.0084816757
-0.017676521
-0.014921377
-0.012784982
-0.014476165
-0.011340809
-0.0060928359
-0.012744984
-0.010312861
-0.011997383
-0.0083446946
-0.0097453844
-0.011084631
-0.0092339581
-0.0070483048
-0.0085929141
-0.011214085
-0.012140756
-0.0066982294
-0.0076069056
-0.0091718266
-0.0071836537
-0.005162304
-0.010824172
-0.0094932823
-0.010496668
-0.0049646396
-0.014938727
-0.013831223
-0.0031554329
-0.0076692231
-0.016330304
-0.015541498
-0.012000079
-0.012580274
-0.010129867
-0.0069301853
-0.0050253839
-0.0075260916
-0.017522804
-0.020290287
-0.014936687
-0.013761757
-0.0041202779
-0.0063879533
-0.019379545
-0.015831764
-0.021967154
-0.017037268
-0.024371843
-0.019707366
-0.0058942687
-0.0041719153
-0.0060391689
-0.0055420829
-0.0029311893
-0.0016426336
-0.0068269032
-0.0055589171
-0.0073856378
-0.0094348117
-0.00014467047
-0.0047958309
-0.0055408942
-0.0013220431
-0.00047411427
-0.0051938341
-0.0035706108
-0.0021609462
-0.0041016932
1.2334941e-05
-0.009000737
-0.007540489
-0.011410314
-0.0095207234
-0.0041817008
-0.0011345882
3.6136891e-05
-0.0045251282
-0.011938595
-0.011079683
-0.0087260864
-0.0072748904
-0.0036860699
-0.00072056848
-0.0024386069
0.0018736553
-0.0012965669
-0.0024089503
-0.0042198942
-0.0029892868
-0.0019317307
-0.0067692893
-0.026421445
-0.025423008
-0.025201974
-0.024641001
-0.023580463
-0.024792079
-0.02648125
-0.025674922
-0.01721603
-0.0096565153
-0.011310027
-0.011078362
-0.012339067
-0.013203916
-0.0059965447
-0.010756536
-0.015092234
-0.011087842
-0.010369156
-0.001702998
-0.0038045379
-0.0048858841
-0.014854265
-0.010801219
-0.022688247
-0.022744675
-0.0084700774
-0.0056077509
-0.010657499
-0.00045367115
-0.016781683
-0.016237545
-0.013728083
-0.017093462
-0.015252076
-0.012558174
-0.013947994
-0.010030555
-0.015047171
-0.013342281
-0.013306298
-0.015398843
-0.012091702
-0.0099277452
-0.011537232
-0.0081046451
-0.00059010789
-0.00058414112
-0.00037739821
0.0013163955
0.0008854408
-0.0003383804
0.0018916437
-0.00020593487
-0.0018234041
0.001693458
-0.0007386449
-9.9282764e-05
2.7358919e-05
-0.001143589
-0.00026439724
-0.0072213591
-0.0084398043
-0.00040772019
7.7191746e-05
-0.0015434699
3.2490162e-05
-0.0028369459
-0.023072845
-0.022659337
-0.018821773
-0.019319759
-0.019269963
-0.021761512
-0.017784689
-0.020734529
-0.02145559
-0.023232123
-0.023270802
-0.021435644
-0.024219249
-0.02472584
-0.021003735
-0.021079981
-0.024765416
-0.023260097
-0.024808579
-0.026300443
-0.025138326
-0.023636856
-0.019484775
-0.018706705
-0.023566351
-0.021731977
-0.025162086
-0.025733017
-0.021326549
-0.021634733
-0.018359014
-0.017226373
-0.01786529
-0.019238462
-0.019472159
-0.019116466
-0.019979038
-0.021097316
-0.0032298003
-0.0012281756
-0.0022738873
-0.0022895366
-0.0013846454
-0.00082625529
-0.0020546383
-0.0042569968
-0.0014597884
-0.0006690338
-0.00015291813
-8.6695035e-05
-0.00075219848
-0.00013535899
-7.468386e-05
-0.00025908432
-0.0035141788
-0.0025969289
-0.0047799061
-0.0059210062
-0.00036032429
-0.0083710897
-0.00050000697
-0.0010430346
-0.0089566331
0.00026665882
-0.00024366954
-0.00033741341
-0.00041522847
-8.1013451e-05
0.00019762981
0.00011633812
-0.00013300637
-1.6196701e-05
0.00037596525
-0.00090341496
0.00042208243
-0.00023370227
0.00049071527
-0.00071699121
-0.00032240013
-0.00054977743
-0.0071620228
-0.0063094949
0.001269367
0.00053997097
0.00071170341
-0.00035848427
-0.0010458238
-0.0077712801
-0.0095371509
-0.0094651295
-0.0077978647
-0.01483344
-0.015744765
-0.012479605
-0.01262581
-0.011966876
-0.011755967
-0.013363397
-0.012883418
-0.014245897
-0.011165416
-0.011713319
-0.015366498
-0.013286416
-0.011516422
-0.0087587604
-0.0085605476
-0.011729076
-0.010494201
-0.0076492834
-0.0097181733
-0.0098513892
-0.01339692
-0.0085736011
-0.0098375256
-0.007278454
-0.003619916
-0.0087204889
-0.0067382378
-0.0095906534
-0.0072852092
-0.0064194222
-0.0077651329
-0.0073439108
-0.0080725904
-0.0068358114
-0.0099997502
-0.0079843051
-0.0096571782
-0.0090829313
-0.013006685
-0.009764464
-0.0063902882
-0.0048438663
-0.006360204
-0.0086347222
-0.0044670008
-0.0084465778
-0.0078160417
-0.0035858527
-0.0031806083
-0.0081469512
-0.0072827239
-0.0056024618
-0.0041875401
-0.0048681803
-0.003769723
-0.0030369183
-0.0031873966
-0.0050105168
-0.0040069195
-0.0056372429
-0.0063811494
-0.0018919848
-0.0020858301
-0.0057605374
-0.0035476983
-0.0041405521
-0.0028655332
-0.0063810567
-0.004884493
-0.0025771645
-0.0029224687
-0.003266129
-3.5881276e-05
-0.0066151597
-0.0054405212
-0.0074738787
-0.0061006919
-0.0061447279
-0.0034412081
-0.0082600492
-0.008699971
-4.0360666e-05
-0.0035228347
-0.0069726109
-0.0036772176
-0.0068666553
-0.0078648982
0.00036941194
-0.0025440673
0.00069377115
6.0201236e-05
-0.0032191222
-0.0024593201
-0.0035123961
-0.001600077
-0.0029345857
-0.0014791098
-0.0017135443
-0.0068219298
-0.00057872534
-0.0015253334
-0.0033897382
0.00047886425
-0.0015171621
-0.0015499793
-0.0019291247
-0.0010265127
-0.0019491728
0.00062414677
-0.00209967
-0.00082805851
-0.0024526512
-0.0019667262
-5.1465266e-05
-0.0011850349
-0.0015157032
-0.00036352468
-0.00099244924
-0.0023959246
-0.00049780265
-0.0035762614
-6.7134844e-05
-0.0010942216
-0.00111731
-0.0022802525
-0.00018807713
-6.4582851e-05
-0.00051276181
-0.00039346523
0.00071649867
-0.0025769694
-0.0010503142
-0.00047885508
-0.0017219191
-2.5894822e-05
-0.00053609347
-0.0021849468
0.00011949255
-0.00018548112
0.00047415355
-0.00036293696
-0.00076288233
-0.00093545065
0.00018254194
-0.00014488196
-0.0041099056
-0.002545097
-0.0021095952
-0.0012507252
-0.00069347535
-0.00070287068
-0.00038812211
-0.0022792429
-0.0030743144
-0.002295982
-0.00092912276
-0.0021585801
-0.0011235421
0.00016220259
-0.0030201322
-0.0056107895
-0.00088551385
-0.00085021705
-0.0013282784
-0.0032526959
-0.0042647886
-0.003818865
-0.0043794557
-0.0061475962
7.8746632e-05
-0.00032901623
5.2302113e-05
-0.001982187
-0.00023849857
-0.0022935156
-0.00061852636
-0.0028332243
-0.0013231799
-0.00037502814
-4.0667387e-05
-0.0025181846
-0.0021573936
-0.00054607354
0.00037642662
-0.00012174653
-0.00099672359
-0.0032307273
-0.0025317411
-0.0027680492
-0.0021526587
-0.0039285344
-0.0031596526
-0.0048137271
-0.0032946904
-0.0017701999
-0.00043107925
-0.0027989901
-0.0029477066
-0.0033667185
-0.0028507928
-0.0023482819
-0.0021727765
-0.0033849432
-0.002574759
-0.0047099908
-0.0048243862
-0.0035792284
-0.0041014482
-0.0021298299
-0.0020902628
-0.0037893279
-0.0026574569
-2.9849892e-05
0.00061225103
-0.0012159932
-0.00085002065
-0.0044162726
0.00038418266
0.00014895329
-0.0013159658
-0.0029738561
-0.0038352753
-0.00015739658
-0.0034666817
-0.0044152007
0.00022294567
-0.0046061087
-0.0038133577
-0.0057752507
-0.0012241025
-0.0019450832
-0.0012255338
-0.0020021498
-0.0010168156
-0.004168171
-0.0057938413
-0.00069353706
-0.0038556253
-0.00039099172
-0.0051715128
-0.00096447709
0.00013105567
-0.0068150933
-0.011323075
-0.0051692853
-0.0067457356
-0.0027627023
-0.0026183221
-0.0010939262
0.00039936948
-0.0049923876
0.00010760689
-0.004223542
-0.0067272924
-0.00066787044
-0.0055414288
-0.0053626619
-0.0064853137
-0.0019523607
0.00020867116
-0.0041331607
-0.0041712783
-0.0076968316
-0.0084411083
-0.00056506538
-0.0062200942
-0.0013122887
-0.0075988429
-0.0054989601
-0.010375871
-0.00011582587
-0.00012218569
-0.0051173569
-0.0066435104
-0.005802596
-0.0090831674
-0.0090598844
-0.0079624295
-0.0075978811
-0.0044344703
-0.0058959287
-0.00067774044
-0.0057731607
-0.0074941062
-0.0059714691
-0.0080016243
-0.010245217
-0.0047579812
-0.0058611406
-0.0073684463
-0.0080006379
-0.0057890068
-0.0076001891
-0.0096361283
-0.0083547844
-0.009542879
-0.008788512
-0.010404159
-0.0067465022
-0.0088281823
-0.0094736887
-0.0088068786
-0.0088087987
-0.0078294653
-0.012326984
-0.0097271994
-0.0090281814
-0.008425809
-0.0071021648
-0.0092549043
-0.010901691
-0.011317661
-0.0090424188
-0.0053402424
-0.0062256108
-0.0034115589
-0.0031132078
-0.0094602846
-0.0098933252
-0.011734667
-0.010142401
-0.0078557852
-0.0052013964
-0.0048728588
-0.0038295605
-0.0066373811
-0.0080730807
-0.0091087116
-0.0098181146
-0.010540427
-0.011139252
-0.0064585265
-0.0047272492
-0.0091673428
-0.0092293302
-0.0085249678
-0.011689807
-0.011140804
-0.011837582
-0.011784119
-0.01021987
-0.007194655
-0.0064084512
-0.010544614
-0.012598732
-0.013585618
-0.012853849
-0.011068279
-0.010634646
-0.0083938193
-0.0069819993
-0.0057841904
-0.0038448549
-0.0066085499
-0.0077464722
-0.005447319
-0.0062161208
-0.005962866
-0.0056013867
-0.0068210489
-0.0041704285
-0.0076028077
-0.0089139345
-0.0090512508
-0.0060692887
-0.0093409318
-0.0076906129
-0.0075894686
-0.007867192
-0.0081193537
-0.0091906912
-0.0087129015
-0.0089521
-0.010162441
-0.010027111
-0.0084541371
-0.0086746021
-0.0081772028
-0.0046498079
-0.0094745754
-0.009547468
-0.0089459923
-0.0089294618
-0.010286123
-0.0094794161
-0.0091051323
-0.0085684424
-0.0072477369
-0.0074564761
-0.0094180042
-0.0090984015
-0.01113943
-0.0098773096
-0.0093148488
-0.0098703309
-0.0099253065
-0.0093928758
-0.0099492038
-0.0095690636
-0.010421106
-0.010711549
-0.0097564086
-0.0082486546
-0.0096336689
-0.0090722027
-0.0090259444
-0.008638074
-0.010301336
-0.010622035
-0.010245141
-0.0090426832
-0.010136968
-0.010354378
-0.010392417
-0.010211848
-0.010717789
-0.010709842
-0.010738279
-0.010224243
-0.0079764196
-0.0066473442
-0.0097439681
-0.010687729
-0.0094805842
-0.0096307742
-0.011296591
-0.011596278
-0.0098512762
-0.0095623339
-0.009504513
-0.0098734634
-0.0094993303
-0.010309197
-0.010671328
-0.010179346
-0.011100805
-0.010889316
-0.011114777
-0.011518214
-0.010343304
-0.0097732414
-0.0089682028
-0.0094364247
-0.010788401
-0.010218515
-0.011565258
-0.011070643
-0.0090496642
-0.0099647116
-0.01102043
-0.009679754
-0.01040032
-0.011585112
-0.010793674
-0.0091552759
-0.010483831
-0.0080995795
-0.0041073047
-0.0091543836
-0.0093671071
-0.010667552
-0.011010791
-0.011364987
-0.010838874
-0.010816693
-0.011363563
-0.011814834
-0.0095822658
-0.0092925604
-0.0098803799
-0.0071075027
-0.010742725
-0.0096949421
-0.0094978388
-0.0088033138
-0.011471658
-0.012192781
-0.011818829
-0.011339894
-0.0096020591
-0.010465386
-0.0093267968
-0.007362424
-0.0084600265
-0.0092592226
-0.0093283909
-0.0081317116
-0.0088317632
-0.0086181246
-0.008473167
-0.0090393239
-0.0086197079
-0.0085153882
-0.0088684961
-0.0074901758
-0.00847897
-0.0093127695
-0.0091967676
-0.008027405
-0.0085851223
-0.0088944243
-0.0089223437
-0.0033076318
-0.0010793135
-0.0070686848
-0.0079969159
-0.0089552583
-0.0088309656
-0.0085623515
-0.0085158723
-0.0073283011
-0.0084104669
-0.0085002242
-0.0086314949
-0.0088229286
-0.0083159931
-0.0085753744
-0.0083855149
-0.0082729591
-0.0060492817
-0.007039572
-0.007550184
-0.0087764384
-0.0076465804
-0.0068061658
-0.0073473013
-0.0072028101
-0.0067332062
-0.0076818588
-0.0087971308
-0.0083542638
-0.0073074846
-0.0083683822
-0.0082511024
-0.0082503335
-0.00083464157
-0.0062996961
-0.0071802397
-0.0081428949
-0.0079359501
-0.0088502846
-0.0072922752
-0.0054188729
-0.00704632
-0.0061591195
-0.0083493751
-0.0088385839
-0.0083985602
-0.0081821669
-0.005009747
-0.0019107886
-0.0044358333
-0.0049467869
-0.0054128058
-0.006021247
-0.0013414999
-0.0041895398
-0.0063489358
-0.0050689462
-0.007783259
-0.0063105004
-0.014824357
-0.017427086
-0.020913969
-0.018847992
-0.016594325
-0.0146331
-0.01752793
-0.016124435
-0.015517989
-0.013213895
-0.018462508
-0.015660276
-0.020817719
-0.01719062
-0.013812978
-0.012750735
-0.011937182
-0.012476882
-0.0099781516
-0.009158994
-0.010472002
-0.0092560975
-0.011523892
-0.011200965
-0.011986466
-0.011471749
-0.0090781318
-0.0040600543
-0.017414316
-0.019707667
-0.010730456
-0.0097094554
-0.00076383286
-0.00065337703
-0.0012220988
-0.00045768673
-0.00020499135
-5.0767039e-05
-0.0012045552
-0.0001019713
-0.0032892322
-0.0057218831
-0.0078060929
-0.0053238844
-0.0049034059
-0.0077096918
-0.0079562736
-0.0098056849
-0.0073926801
-0.0044984318
-0.0031364498
-0.0043546592
-0.00073883912
-0.0080008825
-0.0037835311
-0.0026061971
0.062214249
0.072487913
0.067384433
0.050689144
0.076464067
0.086130649
0.085253308
0.048634583
0.055068491
0.01371332
0.010991283
0.024453779
0.045073376
0.024107888
0.019366595
0.055615216
0.022409417
0.033222817
0.014346932
0.03574096
0.013747291
0.023505894
0.018099799
0.013377194
0.045261843
0.020548341
0.021976642
0.030300756
0.052015596
0.054757721
0.035063494
0.064378302
0.035288719
0.025600432
0.025774515
0.014470819
0.02265857
0.026422639
0.02371241
0.023901448
0.03861685
0.022531123
0.032883733
0.015685172
0.023034263
0.024084698
0.022185065
0.017081836
0.011197552
0.019234903
0.012866695
0.021672687
0.015209284
0.019269998
0.042262337
0.042680455
0.017949763
0.023699157
0.019402386
0.0099510703
0.01084683
0.010249619
0.0092755334
0.0039761755
0.010854458
0.0098215707
0.0053579905
0.014311595
0.029539524
0.016110605
0.018935211
0.016659382
0.018084236
0.0199743
0.019326811
0.017825858
0.021162428
0.019140954
0.020821573
0.022014548
0.019966665
0.017185919
0.017769141
0.020704762
0.021893605
0.024556571
0.025616068
0.018587899
0.020478645
0.022525836
0.021202155
0.01912533
0.017897819
0.021536479
0.026106875
0.027558632
0.026349125
0.020419379
0.019185917
0.0015591349
-0.00085544634
-0.00087479352
0.00015347394
-0.00085854391
-0.00032384782
-0.00041761451
-0.00017470877
-0.000861781
0.00013464137
-1.8023104e-05
0.0031158308
0.001220009
0.0028793411
0.022421759
0.020425831
0.025895026
0.020159913
0.022707348
0.023574808
0.034576629
0.033948391
0.0026029521
0.0029275979
0.00054460706
0.00018940557
0.00099889093
0.00098419822
0.00024521607
0.00015068645
0.00071989209
-0.00025683384
-0.0001966891
-0.0084596911
-0.010955628
0.0021646339
0.0082311704
0.0046485898
0.012756984
0.0076891281
0.0078237831
0.0099432391
0.0021391443
0.001882245
0.002856378
0.0046844342
0.011249952
0.012908
0.0053298722
-0.0012015141
0.007804998
0.013073115
-0.0013701255
-0.0076992735
0.0045324691
0.0013161124
0.0065229087
0.0070249279
-0.0004508628
-0.0041721437
-0.0043591847
-0.0046485613
-0.0038172661
-0.005222619
-0.00534068
-0.0092587848
-0.0076859466
-0.0087195296
-0.010343642
-0.0048361756
-0.0072087174
-0.0021556372
-0.0010733176
0.00066346653
0.00039327959
0.0017438294
-0.001395279
-0.00030341868
-0.0015355413
0.00044748148
-0.00067871805
-0.00070381371
0.0010678837
-0.0015773418
-0.00011683249
-0.0021464572
-0.00055305345
-0.00073355034
-0.00458659
-0.00092470049
-0.0027645594
-0.0027846028
-0.0061992134
-0.0044214462
-0.004009294
-0.0030285934
0.0012580187
0.00038047343
0.00088301394
-0.0049541212
-0.0027881653
-0.023737976
-0.021677007
-0.011049119
-0.01261749
-0.010008611
-0.0098139975
-0.011421887
-0.012613418
-0.014413112
-0.017009709
-0.0053605165
-0.0047327019
-0.004034884
-0.0042033008
-0.0032751922
-0.0030269893
-0.0016298795
0.00053999872
-0.011252384
-0.0056887472
-0.012672235
-0.011009596
-0.015242689
-0.016639082
0.0076344137
-0.0040032704
-0.0083542253
-0.0017809274
0.0097527746
0.0080161875
-0.015346051
-0.014091695
-0.015368971
-0.011609598
-0.004123862
-0.0093124053
-0.011828773
-0.0088644558
-0.013529311
-0.012473502
-0.011838707
-0.014952892
-0.00956013
-0.0095086706
-0.013992267
-0.012199423
-0.0075527411
-0.005883056
-0.00042285877
-0.0016573743
-0.0010485189
-0.00013171536
-0.00060548619
-0.00095617434
-0.0014214063
-0.00050264714
-0.0009257044
-0.00023340991
0.00030559605
-0.00012121584
-0.0018115662
-0.0013971393
-5.5842573e-05
-0.0017346564
0.00060016465
-0.00080719775
-0.018664377
-0.00075014953
-0.017032938
-0.018697535
-0.016497177
-0.016381545
-0.01800798
-0.022414797
-0.022782804
-0.0045120446
-0.0022475162
-0.0014245738
-0.0010692409
-0.0001996529
-0.00060199465
-0.00056835071
-0.0016349571
-0.001501992
-0.00058987018
-0.0028366232
0.00075949437
-0.0029410558
0.00089781104
-0.00075096763
0.0010729795
-0.0073813774
-0.0030648383
-0.0026831529
-0.00082383931
-0.0017625988
-0.0022331362
-0.0067410249
-0.0026623412
-0.0020022985
-0.0026395134
-0.0024895671
-0.0047227363
-0.0042499724
-0.0021681228
-0.0031014873
-0.0037685251
-0.0037980904
-0.0030508116
-0.002967869
-0.0023473493
-0.0055007528
-0.0064423326
-0.003481568
-0.0039507958
-0.0042356085
-0.0047960276
-0.0054574325
-0.0061309747
-0.0041365747
-0.0067107904
-0.0059733181
-0.012789027
-0.012853775
-0.011053277
-0.012563372
-0.016196961
-0.014497283
-0.010106833
-0.0075353031
-0.010356796
-0.011421454
-0.0054974103
-0.007413083
-0.012722871
-0.012003302
-0.011115419
-0.01281737
-0.011482301
-0.013241728
-0.0096747069
-0.0088435489
-0.0068889094
-0.0078143956
-0.0025634869
-0.0015655585
-0.00091958571
-8.0891326e-05
-0.0012605422
0.00055177352
0.001347742
-0.0035993583
-0.0042170283
-0.0043967432
-0.0036996852
-0.00055157165
-0.00023272428
0.00032306301
-0.00029611404
-9.7704034e-05
0.00023679381
0.00030295421
-1.8530731e-05
0.00035285167
-0.0017352039
-0.0031928558
-0.0021744549
-0.0028824695
-0.004415389
-0.0053230553
-0.0041540288
-0.003698869
-0.005598073
-0.0026390296
-0.0019646892
-0.0059411113
-0.0066337208
-0.003921169
-0.003281188
-0.0040437976
-0.0038170532
-0.00063406452
-0.00035127794
0.00052602366
-0.0043463952
-0.0036568565
-0.0034411475
-0.0045605515
-0.0030912033
-0.0039540152
-0.0058616803
-0.0075137027
-0.0070376431
-0.0081273793
-0.0039141611
-0.003697591
-0.0045024493
-0.0016950024
-0.00438568
-0.0031326749
-0.0021985461
-0.0024634997
-0.0049935798
-0.0048465475
-0.002907656
0.00043313248
-0.0049085106
-0.0039800161
-0.0044947204
-0.0039046279
-0.0026324732
-0.00086274956
-0.0031128698
-0.0021762864
-0.0089197669
-0.0076222306
-0.009120707
-0.0082532827
-0.0079006837
-0.0083868321
-0.010614722
-0.011143647
-0.012362231
-0.011873428
-0.011464495
-0.011871255
-0.013647606
-0.013327868
-0.014192383
-0.013605299
-0.012353152
-0.012225109
-0.013128174
-0.012681858
-0.012800646
-0.012085319
-0.012880925
-0.012332762
-0.011727902
-0.012092017
-0.0087651659
-0.0085290985
-0.0071939196
-0.0075133913
-0.0075457395
-0.0067336758
-0.0072610849
-0.0080082577
-0.0069906842
-0.011197187
-0.011040808
-0.011499134
-0.011633745
-0.011924016
-0.011933005
-0.0094438243
-0.0093045857
-0.0075803219
-0.0077124761
-0.0081968593
-0.0076916638
-0.0079438302
-0.0072775821
-0.0080195648
-0.0079964213
-0.0062449848
-0.0060886084
-0.0085939118
-0.0087409061
-0.0086816537
-0.0089710907
-0.0086785816
-0.019816493
-0.0036756161
-0.019506466
-0.0043437412
-0.013518062
-0.01304239
-0.013804612
-0.013713985
-0.01370735
-0.013543239
-0.011215833
-0.011950774
-0.012890335
-0.013262925
-0.013460816
-0.012476949
-0.011893983
-0.0095343589
-0.0090564304
-0.0058052027
-0.002732207
-0.0021425761
-0.0016742915
-0.0019652164
-0.0073334575
-0.00011443394
-0.0067734842
-0.0058221282
-0.0075282343
-0.0036041182
-0.0026583879
-0.0099492723
-0.0095232549
-0.0043442398
-0.0045143014
-0.0055717908
-0.00019139224
-0.0041333002
-0.00665791
-0.0080537552
-0.0074108323
-0.0046682605
-0.0030981423
-0.0049231826
-0.0025667274
-0.0017036351
-0.00097658682
-0.0056470835
-0.0027589325
-0.0078367358
-0.0053277664
-0.0016897225
-0.00081618026
-0.0031343862
-0.0029381626
-0.011576647
-0.0039627948
-0.0022895124
-0.0017636983
-0.0019145766
-0.00039797665
-0.0011566448
-0.0026075839
-0.00056800567
-0.00016752539
-0.00039181372
-0.0081161516
-0.0062029934
-0.0091253097
-0.0098484871
-0.0082682267
-0.005374185
-0.0046355594
-0.0042148808
-0.0015009822
-0.0013737089
-0.0058378427
-0.00013311735
-0.0069213793
0.027576575
0.02979856
0.019148852
0.014188063
0.011227545
0.016364547
0.040499927
0.015114928
0.021578669
0.013881256
0.016967463
0.014908936
0.015003932
0.05085926
0.035403269
0.032886126
0.040068659
0.036228867
0.038688281
0.013253923
0.013015094
0.023850904
0.015458302
0.030060642
0.012399165
0.014917401
0.018679502
0.020249201
0.018517674
0.052190291
0.045186118
0.022256007
0.024844404
0.019974651
0.03511884
0.01155378
0.016538942
0.012989029
0.038567033
0.01526107
0.020361433
0.020949996
0.020156449
0.022810249
0.015061613
0.056310972
0.02278269
0.011461743
0.017912642
0.016374394
0.028072005
0.032934772
0.0368602
0.01793245
0.041716303
0.044810832
0.045646123
0.045517204
0.029002855
0.015788167
0.02181378
0.021122882
0.056746829
0.016366691
0.011960305
0.027257458
0.046530486
0.01637385
0.041779842
0.031132722
0.016101019
0.01766177
0.020119616
0.018655533
0.017284183
0.015719028
0.013846087
0.010449398
0.029161927
0.011692669
0.0099509939
0.0027924508
0.030965216
0.0032787409
0.037927301
0.0121128
0.010704427
0.011429443
0.011036475
0.023313054
0.040383936
0.031119583
0.029948948
0.008150494
0.0074812335
0.0027511605
0.0043232999
0.011957213
0.011018999
0.0062415821
0.0096998522
0.012456485
0.016364348
0.002380365
0.0031049424
0.0091162643
0.0075962438
0.0016729605
0.00069322963
0.0016743042
0.002864653
0.0018933693
0.00074663509
8.1722415e-05
0.001764367
0.0019825421
0.0037979637
0.0023311219
0.0023553829
0.00052683965
0.001357762
0.0070626094
0.0069765688
0.0016843613
0.0022021504
0.0023885538
0.0020727492
1.2929498e-05
0.0085173013
0.0003235052
0.0003745235
-7.7294884e-05
-0.0012445622
0.0033629723
0.0043910857
0.004541813
0.0036022695
0.0048102769
0.0045176608
0.005751313
0.0061041533
0.0041204639
0.0044670333
0.0052762229
0.0061623433
0.0073843011
0.0050959294
0.0053037267
0.0069200006
0.0070731477
0.0083482205
0.0071296194
0.0075569569
0.0066999249
0.0082574548
0.0048457753
0.0066487659
0.0086742633
0.007577759
0.0059634795
0.0065921432
0.0083672843
0.0097240733
0.0094078385
0.0086369647
0.0060897694
0.0076663044
0.0057200074
0.0030541375
0.0092003176
0.010719733
0.0074188801
0.0085083911
0.0093110662
0.010572537
0.0099783046
0.010478683
0.0089076304
0.010375524
0.00074784894
0.00055645182
0.00050145561
0.0005883635
0.00056870738
0.00024376486
0.00090810425
-0.001386488
0.0016324239
0.002898375
0.0010498678
0.0001843157
0.00038807104
0.00024989146
-0.00019298174
-0.00031982203
0.011635933
0.012221999
0.0012107642
0.0090060035
0.00021129799
0.0010088333
0.00059858444
-0.00033360448
0.00073543259
-0.00024826212
0.00033275355
0.0016838004
-3.9367181e-05
-0.00066866012
-0.0028595306
-0.0038474017
-0.021581393
-0.023368116
-0.0094416984
-0.010522042
-0.0090818879
-0.010344806
-0.0012587835
-0.0040681533
0.00094088278
-0.00016706954
-0.011231673
-0.0074786207
-0.011804747
-0.0070438963
-0.0040002322
-0.0090576688
-0.011244519
-0.010528812
-0.0083199573
-0.0067147839
-0.0073162373
-0.004227881
-0.0054562544
-0.0037958145
-0.0058379251
-0.0038127912
-0.0074338036
-0.004977326
-0.0035414094
-0.0036878741
-0.0044575906
0.0024454106
-0.003515382
-0.0028942689
-0.0023373572
-0.0035607241
-0.0014640445
-0.00079791244
-0.0026632443
-0.0013069467
-0.0010156083
-0.0017933311
-0.0024760264
0.00042259034
-0.0016293991
-0.00031187697
-0.0001264926
-0.00070903174
0.0020143982
-0.0038944373
-0.00025443827
0.00024390479
-0.002538705
-0.0035619465
0.0058319538
-0.00041116119
-0.001946
-0.00052489701
0.0071170842
-0.0010445835
-0.0036211858
-0.0027522041
-0.0023021523
-0.00010657566
-0.0001280121
-0.00019972772
-0.0021820091
-0.00078026237
-0.0021874825
-0.0012542121
0.0030444996
-5.8824977e-05
-4.8297492e-05
-0.00012026202
-0.00063061934
-0.001095132
-0.00043566956
0.00050700882
0.0014215847
0.00094586057
-0.00018858971
-0.00011198552
-0.00040054721
-0.0014516293
-0.00053785628
-0.00079838066
-0.00040746654
0.00074291443
-4.8694359e-05
0.0020625661
0.0008862535
-0.0005037562
-0.0017500787
-0.00079142178
0.002625459
0.00014496942
0.0017403497
0.0002924851
-7.1957163e-05
0.00023463582
0.00024055903
-2.5654009e-05
0.0016901844
0.0036773235
0.0021365278
0.0030816493
-0.00028400596
0.0015577484
0.0011688918
0.0029978632
0.0059895198
0.0046025469
0.0048211796
0.0035410806
0.003390617
0.00027964515
0.0017157169
0.0040721568
0.00018932168
0.0049235823
0.0058307661
0.00673382
0.0062643459
0.001603339
0.00018378937
0.0007532836
0.0058303327
0.004913918
0.0027248945
0.0030777587
0.0010274654
0.0072476256
0.0050099781
0.0092937888
0.0021147558
0.0024020295
0.0034500283
0.0055637292
0.011000164
0.0037700847
0.0058391791
0.0037331391
0.0027462022
0.0014445404
0.0010101678
0.0029672123
0.0092862842
0.0081878045
0.006913411
0.0050247644
0.0068110421
0.0022201022
0.0021600259
0.0036871487
0.0097067695
0.0013811443
0.0045464782
-0.0004809498
0.0035337009
0.0088854445
0.0085141995
0.0093922666
0.0113293
0.0053834535
0.0024623716
0.0077692063
0.0046307925
0.0097546817
0.0082562262
0.00029912292
0.004400875
0.009661757
0.0029374647
0.0075107669
0.00042380433
-0.0077827543
-0.0084679181
-0.012168128
-0.011345197
-0.0059179202
-0.0066802123
-0.010662522
-0.0090907513
-0.015528026
-0.014364422
-0.0037899327
-0.0030907635
-0.015463779
-0.015425204
-0.020429683
-0.018664834
-0.00028094016
-0.0012342518
-0.0067205778
-0.00027723584
-0.0050935027
-0.0054662264
-0.0047528702
-0.0059511033
-0.0064215997
-0.0048217069
-0.0060120941
-0.012078773
-0.012304506
-0.0078185466
-0.0070144381
-0.0081009397
-0.0064734907
0.0010499513
0.00085842581
-0.002241433
-0.00245268
-0.0030575303
-0.0033071661
0.00033153104
0.00031975258
0.00016517242
0.00035241873
0.00030616365
-0.00019081884
-0.00020965955
-0.0042025488
-0.0033158738
-0.0054669747
-0.0049351109
-0.0060403594
-0.0025771774
-0.0051975835
-0.0043575314
-0.002846739
-0.0038253579
-0.0050840206
-0.0042300724
-0.0051925348
-0.0039741983
-0.0025555149
-0.0035250862
-0.004739818
-0.0050749553
-0.0029448918
-0.0046585574
-0.0011149806
-0.0038638389
-0.0038264382
-0.0040269788
-0.0036286991
-0.0038564198
-0.0034520745
-0.0032302671
-0.0035592322
-0.001836277
-0.0069088831
-0.0070075943
-0.012174256
-0.012483033
-0.0066619937
-0.0049771907
-0.004052331
-0.0052165276
-0.0057156855
-0.0058081395
-0.0063996302
-0.0044349502
-0.0035450316
-0.0055874217
-0.0059757056
-0.0038803386
-0.0053303274
-0.004605992
-0.0057400356
-0.0063149914
-0.0053923829
-0.0056032
-0.0076683767
-0.0080733706
-0.0084413806
-0.0082181478
-0.0076417492
-0.0073463869
-0.0066890311
-0.0069475525
-0.0064571229
-0.0061182392
-0.0075710516
-0.0083577687
-0.0085308015
-0.0083737155
-0.0084145452
-0.008223889
-0.0086401016
-0.0080427827
-0.0083969137
-0.0082873699
-0.0078973026
-0.0077309118
-0.0068032335
-0.0077546975
-0.0065088252
-0.006627013
-0.0071422031
-0.0089554335
-0.0086835977
-0.0090246617
-0.0092372468
-0.0087449501
-0.0090623239
-0.0038632922
-0.0028586817
-0.0036558176
-0.0018757106
-0.0042022271
-0.0039600186
-0.0026603079
-0.0033344123
-0.0020330758
-0.002786236
-0.0034313994
-0.0013935594
-0.0029880888
-0.005719467
-0.0060626349
-0.0017014029
-0.0020369204
-0.0005089444
-0.0024259163
-0.0029150539
-0.0015888228
-0.001790245
-0.0018708128
-0.0014813044
-0.0014795758
-0.0018328121
-0.0007276332
-0.0011523013
-0.0017418858
-0.0013094815
-0.0009271593
-0.00038160653
-0.0034080032
-0.0021583593
0.00097150666
-0.0015466581
-0.0040560558
-0.0031247676
-0.0016951147
0.00045306418
0.00037349658
-0.0015160615
-0.0010024359
-0.0044394389
0.00023159492
-0.0011516439
-0.00048426076
-0.013436214
-0.00076156348
-0.0061022022
-0.012958575
-0.0055940429
-0.0030525798
-0.00098190942
-7.4972117e-05
-0.00098283943
-0.00053401307
-0.00015606497
0.040806451
0.091588034
0.060850583
0.059887442
0.035146552
0.014326493
0.017289229
0.014036893
0.012125124
0.011046962
0.018097734
0.015186568
0.017550406
0.017229662
0.027057006
0.024164917
0.010855577
0.027184137
0.010359153
0.011951731
0.016510269
0.018548721
0.019858476
0.020221643
0.015315139
0.016802524
0.013532938
0.012252661
0.014682724
0.01531122
0.01655967
0.016764576
0.028354047
0.028001424
0.028457396
0.025349243
0.02554646
0.024349988
0.018141553
0.03341634
0.011419893
0.01050992
0.016673302
0.01416165
0.014303846
0.014685315
0.012183113
0.011012129
0.010352416
0.010582238
0.010027709
0.0090055091
0.016011697
0.018598969
0.021134778
0.02096781
0.0095737094
0.0096867798
0.010618628
0.011009841
0.010533169
0.010808974
0.0096568373
0.0098292411
0.010421072
0.0092331963
0.0062569763
0.011467198
0.0057791831
0.0078357944
0.0070964209
0.0090229238
0.0076949023
0.0088189119
0.010224691
0.011214718
0.0084264155
0.010944979
0.0075081288
0.009886469
0.010017944
0.0091692386
0.01002279
0.010062379
0.0099856795
0.0023394441
0.010111482
0.010114653
0.009496771
0.0024993179
0.0093582333
0.0077624958
0.0087824194
0.0088705783
0.0043278246
0.0048639841
0.0060936779
0.0064983996
0.0016652926
0.0015004648
0.0037933257
0.0066364497
0.0046608713
0.0048473547
0.0052661297
0.0067664323
0.0072514728
0.0069298927
0.0062462972
0.0051871259
0.0046278378
0.0048720117
0.0079289203
0.0089006893
0.0055386528
0.0065463558
0.0040373154
0.0046505685
0.0027115087
0.0057567072
0.0036403873
0.0052093728
0.0018736808
0.0029427018
0.010946072
0.009671166
0.0082343134
0.0095400184
0.00076140167
0.00011303651
-0.0005425159
-0.0013692581
2.6976764e-05
0.00018267383
-0.0015484183
-0.00014481493
0.0012142769
0.0075215784
0.013167734
0.012062153
0.012052409
0.0065107871
0.011979275
0.010990905
0.01005091
0.0096500805
0.002909788
0.0095809234
0.0075910876
0.0073966417
0.0065889719
0.0054784675
0.0062366979
0.010724064
0.0044054868
0.0021723637
-0.0026608424
-0.0018925658
-0.0068743084
-0.0026139939
-0.007373572
-0.0041412309
-0.00094190344
-3.5528948e-05
-0.0013488731
-0.0014651572
-0.0028736611
-0.00084658228
-0.00016939231
-1.526982e-06
0.000137357
9.1841567e-05
-5.9100878e-06
0.00010952485
-7.4432405e-05
7.5448497e-06
-8.6891033e-05
2.9550959e-06
-8.3045965e-05
0.00041238156
0.001498155
0.00027907071
2.4364527e-05
0.00028256621
-0.00012782692
9.4654365e-06
-0.00019709037
-0.00014233467
-0.00068941229
0.00010840701
-8.9555558e-05
-0.0033518142
-0.0039783433
0.0008180704
0.00091464362
0.003289775
0.00015777274
0.0046588213
-0.0029033772
-0.0057117206
-0.00017358746
-0.0013675501
8.5448168e-05
0.00067401266
0.0009144294
0.0061460688
0.00014678895
0.00062824088
0.00025834738
0.0036281616
0.0033265054
0.0013201929
6.0148686e-05
0.00065131394
0.0019041462
0.00021394839
0.00033738601
0.0013194633
0.0003927536
0.0026508036
0.0072870488
0.00069596283
0.0018447058
0.00060328935
0.0091301325
0.0015412678
0.00051833455
0.0020702241
0.00053703146
0.00013820892
0.00076098963
0.0014810431
0.0022179766
0.0049466241
2.9130903e-05
0.0024586173
0.00097819588
0.0014354787
0.001785199
0.0012139939
0.000288596
0.00031078302
0.0059538497
0.0041179894
0.00043259118
0.0018921863
0.0020982883
0.01066842
6.1288089e-05
0.0090028503
-0.0043327983
-0.0047739826
-0.0050092107
-0.0076704763
-0.0026202781
-0.004999195
-0.0040490801
-0.003741215
-0.0055795611
-0.0076719497
-0.0060394415
-0.0068522144
0.0013310058
-0.00051738258
0.00028524244
-0.00064627341
-0.000807622
-1.9788985e-05
0.00017402183
0.00022030173
-0.00030512551
-0.0010296241
-0.0041456751
-0.0027940151
-0.0024563351
-0.0031205104
-0.00049386993
-0.0010793895
-0.00093928782
-0.0015869274
-0.00070130182
-0.00097200813
-0.0073976057
-0.0067978919
-0.0049487226
-0.0014926766
-0.00050024859
0.0003769506
0.0013183677
-0.00092006412
-0.00053638237
0.077067121
0.039242391
0.069683893
0.048480983
0.034815534
0.012237573
0.073302599
0.067223336
0.021801377
0.020808748
0.051455534
0.048560673
0.026446819
0.035197531
0.0024042134
0.015167264
0.012080117
0.013119344
0.047917449
0.051912198
0.012523003
0.013447241
0.012058769
0.012783599
0.040043985
0.04024177
0.031122191
0.006711954
0.013589075
0.0083755539
0.012128355
0.019561212
0.013153366
0.018977503
0.026314652
0.014776128
0.020739748
0.019213685
0.012709581
0.0099040871
0.026820092
0.024915782
0.025436252
0.023377827
0.020842588
0.01379316
0.014808169
0.0098486457
0.021877498
0.018914244
0.0051591744
0.0045746257
0.008679981
0.0078085138
0.0097521362
0.0086299854
0.005778843
0.01043973
0.0097722266
0.010270343
0.010746645
0.010337959
0.0095650488
0.0076657976
0.0074195193
0.00673816
0.00037232488
0.002489338
0.0025483659
0.0016655594
0.0016426481
0.0034574131
0.0020879217
0.0033400695
0.001496556
0.0023406284
0.00065984678
0.001573063
0.0060105376
0.0052150036
0.0070105211
0.0081355715
0.007332317
0.0043132925
0.0096944465
0.0088889396
0.0073589507
0.0085656252
0.0091615343
0.0088809105
0.00010820094
0.00040831649
0.00024686149
-0.00072706043
0.00041739546
0.00044464133
0.00043048146
1.168821e-05
0.00080596726
0.0037649258
-0.0020490602
-0.0021129491
0.0043284853
0.0033907119
0.0066411009
0.0051590399
0.011223376
0.0070861364
0.0086890746
0.0085027971
0.0042897079
0.0037745723
0.00024997165
0.0055448683
-0.0073797294
0.0014650236
-0.0051644812
-6.0283108e-05
-0.00076500968
9.3408971e-05
-0.0012210962
-0.00019442025
-0.00071108901
-0.00018883937
-0.00023750081
3.2402226e-05
-0.00094392336
-0.001330924
-0.0025120263
0.00016371179
-0.00016949271
-0.00025672755
-5.2799292e-05
-0.0014737405
-0.00024775105
-0.00034417987
-7.8212199e-05
-0.0011880981
-0.001004749
-0.00041644248
-0.00055900099
-0.0017106147
-0.0016389142
-0.0006055821
-0.00058334067
-0.0021439903
-0.0016378046
0.00094114779
-0.00097334124
0.00092933468
0.00073159538
-0.0015614196
-0.00093949209
-0.00049768286
0.00012226078
0.0018951938
0.0013515708
-0.0010434773
0.00083499469
0.00042750884
-0.00095495083
0.00065237432
0.0014996376
-0.0014014915
-0.00081807078
0.0004269341
0.00094101103
-0.00069392484
-0.00058599877
0.0018752899
-0.0011247602
-0.00048740226
-0.0053201891
-0.0049410085
0.037763757
0.033749971
0.031296325
0.035703138
0.029650578
0.019558336
0.036232259
0.025570385
0.02691887
0.029662727
0.015404076
0.02555135
0.012633129
0.021793403
0.024108847
0.013741661
0.0068611225
0.017158047
0.024208346
0.021089422
0.013717716
0.017225168
0.020389637
0.021984021
0.011094191
0.014007114
0.018171312
0.020410688
0.019814678
0.02620104
0.020962574
0.012015854
0.008372749
0.0075387745
0.0091725426
0.0079119793
0.0077708991
0.0066927833
0.0071735297
0.0072983127
0.008633676
0.007855729
0.0062165519
0.0073778149
0.0069152542
0.007633474
0.0066292305
0.0060783665
0.0018028596
0.0039816275
0.0068244261
0.0055548849
0.0067531023
0.0067669497
0.0080445638
0.0071640226
0.0064576228
0.0071135133
0.0086961546
0.0081634792
0.0075644765
0.0064720913
0.0057589696
0.0058426298
0.0074962788
0.0061378554
0.0056194256
0.0050046365
0.0071269668
0.0070985314
0.0078057443
0.0078532994
0.0075113856
0.007087155
0.00225618
0.0068091794
0.0080373951
0.0084572613
0.0080827575
0.008043743
0.0072811146
0.0076633302
0.0081991165
0.0078911746
0.0084027575
0.0081560982
0.0069822869
0.0020131565
0.008699354
0.009004255
0.0079105805
0.0076776658
0.0078116123
0.0073524051
0.007381056
0.0066860904
0.0077360715
0.0062935763
0.0074165383
0.0066201682
0.0078230326
0.0072400346
0.0067711197
0.0056890059
0.0072947208
0.0073740976
0.0073946607
0.0046908898
0.0073232491
0.0069145574
-0.0044054176
0.0034069341
0.0070851137
0.0062570789
0.0065644202
0.0064060926
0.0065641353
0.005542287
0.0068540319
0.0069645693
0.0060555632
0.0044986077
0.0026732674
0.0027837289
0.0072021744
0.0042910707
0.0082265041
0.0087678262
0.0091346972
0.0085439873
0.008807791
0.0082130885
0.0074899439
0.0060006611
0.0055656835
0.0050363544
0.00073738124
0.0046709594
0.0081830588
0.0073551171
0.0050387782
0.0038366009
0.0079281006
0.0044147228
0.0076144026
0.0073269985
0.0064990359
0.005956072
0.0054943731
0.0062739387
0.0051075939
0.0069287939
0.0067015614
0.0040470764
0.0081961353
0.00751717
0.0084228858
0.0083212614
0.0046335951
0.0066414555
0.0072197125
0.0075129856
0.0055819764
0.0061379439
0.0054565236
0.0071138229
0.0037811961
0.0056721749
0.0035313445
0.003443649
0.0071355717
0.003606761
0.0065523636
0.001486904
0.00086576736
0.0047611479
0.0029605975
0.0039716099
0.0060536525
-0.00081943331
-0.00060742148
0.0065279693
0.0045940486
0.0052713569
0.0049320338
0.0037453801
0.0047672738
0.0018444586
0.0073314966
0.0066536322
0.0070504483
0.0015163227
0.0072115051
0.0075896596
-0.0022629942
0.0073010827
-0.0070199129
0.0068670068
0.0049968645
0.0068548361
0.0057347312
0.0068229029
0.0065566632
0.0065022399
0.0071540556
0.0070239132
0.0067448903
0.0055858929
0.0039613886
0.0064120706
-0.0011343688
0.0070349435
0.0063269473
0.0048624464
0.0050448868
0.0064126712
0.0059610557
0.0057890024
0.0037932541
0.0058349667
0.0058782993
0.0064279149
0.0074146309
0.004351707
0.005168486
0.002284881
0.0032318123
0.003361056
0.00608605
0.0052093141
0.0042398648
0.0052612492
0.0059395744
0.0049094439
0.0040295653
0.002593884
0.0016036354
0.0043323854
0.0026609544
0.0048405926
0.0055104822
0.0064902884
0.0052230307
-0.0015712763
-0.0061183558
0.0013861257
0.0068444689
0.0059993186
0.0037784492
0.0026524698
0.0073105928
0.0070419515
0.0056043846
0.005082308
0.0069224103
0.0044250621
-0.001018846
-0.0072951881
-0.0035654851
-0.0078768836
0.0035914816
0.0029694991
0.002259464
0.0021487354
0.0024579239
0.00018932433
0.0040135619
0.00032939166
0.00098293681
0.002429188
0.0035014997
0.0026897973
0.0014834559
0.0033712575
0.0029144252
0.0011186049
-0.0035133881
0.0092560778
0.008713365
0.0011009098
0.0011306833
0.0019075055
0.0036425187
0.0019059052
0.0026453443
0.0015097237
0.0021376429
0.0038381326
0.0044046003
0.0071995611
0.0074227241
0.0040006908
0.0052376945
0.0044750932
0.0050326482
0.0042476297
0.005298409
0.0084432294
0.0088493859
0.0080377125
0.0074957246
0.0070212453
0.0069968074
0.0068819248
0.006039065
0.00791685
0.007802751
0.0064842583
0.0062922457
0.005913308
0.0059602193
0.0051719651
0.0061199575
0.0065303224
0.0067424878
0.010168526
0.0099457876
0.00012158185
-0.000248532
-0.00014358452
-0.0049839467
-0.004013749
-0.0012208594
-0.0012917621
-0.00072496884
-0.00082723619
0.0037713083
0.00060142124
0.0022667765
0.0041537749
-0.00028995456
-0.00054291852
-0.00097788659
0.0011320093
-0.0019772361
-0.00087823276
-0.0024001619
-0.0016820265
-0.0025077194
-0.0014273325
0.032753753
0.00077752528
0.025582523
0.037459238
0.031221537
0.009339231
0.019917473
0.017833927
0.013711005
0.032326106
0.025282049
0.018866818
0.016500396
0.011061402
0.020030743
0.0083469303
0.0065726881
0.023920989
0.013397963
0.013021114
0.0080258002
0.017961629
0.012722457
0.0098235763
0.0019734347
0.013911981
0.0066367962
0.0047318061
0.0096376964
0.006974212
0.0089990967
0.0046127667
0.0038946721
0.0074706381
0.00012332269
0.0033067725
0.0036694184
0.0002233
0.0055033597
0.0050613273
0.0052138236
0.009715948
0.00069062643
0.0018048469
0.0028968164
0.010685584
0.0061384958
0.01457906
0.016145293
0.0033625976
-0.00014414212
0.011149053
0.00079134574
0.0097173582
0.0030227098
0.0050201961
0.0012915722
0.001861482
0.00063868533
0.001657278
0.0021732281
0.000336961
0.012132269
-9.9561056e-05
0.0062492127
0.0081995895
0.010534998
0.00020382102
0.0077367854
0.0024607849
0.0005807863
0.0090610136
0.0031436229
0.013763773
0.0063128157
0.012986607
0.0082590261
0.014465414
0.01504469
0.0050191042
0.0024876518
0.0080035432
0.0052132988
0.012175861
0.014648473
0.01778585
0.016209079
0.012378329
0.012991337
0.014390143
0.017870314
0.011147379
0.014680257
0.011336633
0.012853699
0.0030402441
0.002499166
0.010148753
0.0076188311
0.0096877887
0.0087774187
0.0016442716
0.0088934162
0.0082498899
0.0096213626
0.0082981302
0.0061196627
-0.0047749267
-0.0087049796
0.0072366748
0.0072812639
0.0041960781
0.0031874354
-0.00088433376
0.00095832504
0.0057296546
0.0057487503
0.0051350384
0.0050987514
0.007003141
0.00467163
0.0071373771
0.0071491063
0.0069868241
0.0069923161
0.0035410124
0.0042008359
-0.0052934112
0.0050104908
0.0051476737
0.0046646199
-0.0016002837
-0.0067035787
0.0031754999
0.0032655633
0.0052938254
0.0063998497
0.0049218287
0.0055965343
0.0065880934
0.0065407107
0.040455098
0.036156695
0.023428248
0.01691379
0.013093848
0.010707287
0.018028809
0.018461723
-0.00013630333
0.0046601774
0.0036815821
0.0096975366
0.0018563746
0.0011918002
0.0040192151
0.00020375614
8.4667617e-05
0.0001509705
0.012485382
0.00045569734
0.0031542338
0.0022029454
0.01368301
0.012362092
0.013548994
9.5576641e-05
0.0075836255
0.0085003522
0.0047069378
0.0039031394
0.0069701328
0.0038124789
0.0091641979
0.003665033
0.0027827696
-0.00030320702
0.011059492
0.0053224329
0.0048571047
0.0060223216
0.0016346275
0.001147663
0.0028702533
0.00073306439
0.0016756021
0.002229901
0.00025524934
-0.00022077524
0.00208329
0.0010171689
0.0092413102
0.0026185149
0.0023281137
0.0065451999
0.0057932398
0.0002637262
0.0015445138
-0.00058898814
0.001079814
0.00083029898
-0.0008478217
0.00036215314
0.0002247863
0.00073178208
0.0015870582
0.013280725
0.01024392
0.0080065915
0.012115433
0.010798348
0.014140472
0.011074967
0.011026705
0.010178068
0.0083780069
0.013464606
0.011606804
0.0074861137
0.0099634514
0.0095217357
0.011454155
0.0086007631
0.0045235801
0.0057381845
0.0032280454
0.0074700976
0.0040709385
0.011263321
0.010039057
0.015909478
0.015684158
0.016725803
0.014523511
0.017282488
0.016563644
0.0071270691
0.0077563967
0.0057673434
0.0015121632
0.0024227764
0.00066023197
0.0077883148
0.0070064594
0.0057427603
0.0059118652
-0.0071415686
-0.0030056745
0.0023574385
0.001893584
0.00039963164
-0.00030223166
0.006786019
0.0061103666
0.0043666896
0.005002023
0.0024633233
0.0026011317
0.0048871882
0.0049060296
0.0038837302
0.0064976916
0.0052034401
0.0044750995
0.0012229698
0.0031002859
0.003285534
0.0061723022
0.0028463485
0.0039829551
-0.0024380266
0.0036462567
0.0040281144
0.0067467391
0.002350583
0.0049868989
0.0049999012
-0.00076686329
0.0030292265
0.007142721
0.0008962747
-0.0064059608
0.0014960683
-0.0062103034
0.00034087982
0.0069551024
0.0072666751
-0.002884166
0.0035080771
0.0024066519
0.0057304254
0.0011772636
-0.0063940233
-0.0016910128
0.0028322109
0.0014940807
0.0062007703
0.0071407623
0.0047132294
0.0057161754
0.0031985201
0.0015839998
-0.0058439297
0.00056050217
1.9262279e-05
0.001184398
-0.0038215033
-0.008379916
0.0015950625
0.0071307244
0.0014852798
0.0066354123
-0.0030053606
-0.0048318207
-0.0038611787
0.0074929089
0.0066292474
0.0012025239
0.0072560329
0.0058182013
-0.0044684714
0.0052416173
0.0073563212
0.0070256151
-0.0082591463
0.0074345336
0.0039022544
0.0050700419
0.0066391021
0.0069115943
0.0021311491
0.0063818212
0.00013116435
0.0051993036
0.0009529441
-0.0041094889
-0.0069582921
0.0044846486
-0.0068498282
-0.0046561404
-0.0059307971
-0.0039615444
-0.0057544807
0.0069590946
-0.002238014
-0.0042636359
0.0018114184
0.00046898961
-0.0020965911
-0.0056658775
0.0040801466
-0.0040325259
0.00011467952
0.0018122532
-0.0002894189
-0.0054771515
-0.001005696
-0.00039776494
0.0023826883
-0.011701284
-0.00085268779
-0.0033492258
-0.0032406769
-0.010385356
0.0008319442
-0.00039923728
0.0014704386
-4.1636896e-05
-0.00084248561
-0.0025026927
-0.0020890155
-0.0039907721
0.0019187526
-0.0046618018
-0.0050232262
-0.0074896153
0.0042451524
-0.0019568945
-0.0072211262
0.0031301046
-0.0022876547
-0.0050359405
-0.00098243514
-0.0023881737
-0.0063480572
0.0029172443
0.0010399291
-4.6395725e-05
-0.0056062513
-0.0076536203
-0.0051656531
0.0029443696
-0.0075970439
0.000886124
-0.0052153536
-0.0053930457
0.0057347731
-0.0041325202
-0.0034935219
-0.0042307041
-0.0043931001
-0.0060148587
-0.00085663394
-0.0040431785
-0.0048935441
0.0016522608
-0.0046243293
-0.003823181
-0.0084433729
-0.00016668844
-0.00075067229
-0.0078791949
0.0031505056
-0.0075531404
-0.0089806268
-0.0051905623
-0.0015770763
-0.00096580051
-0.0010247995
-0.0082921284
-0.0085231885
-0.0012428205
0.00039577633
-8.4713444e-05
0.004842558
0.0018022451
-0.0018870875
-0.00091839885
-0.0020175131
-0.0016018138
-0.0028840019
-0.0016689229
-0.0027548646
-0.00059183983
-0.0015897379
-0.005753379
-0.0070445384
-0.0028824421
-0.0029365095
-0.0050877
0.00084170365
-0.0020087235
-0.0001910268
-0.0010034713
-0.0028231333
-0.0012401798
-0.0027677638
0.0004126859
-0.00016883963
-0.0057923904
-0.0069898408
-0.0040181186
-0.0053372158
-0.0024131563
-0.0020219519
-0.0096967286
-0.0011264325
-0.0014188476
-0.0020889854
-0.0016688897
-0.0015569371
-0.00050414253
-0.0066891344
-0.0048043998
0.0073328104
0.00024959431
-0.0001072449
0.00041354967
0.0021850127
-0.0059313979
-0.0062789668
-0.0082282172
-0.0035884981
-0.0025771211
-0.0034461962
-0.0018181269
-0.0018515439
-0.0043591576
-0.0036241277
-0.0008992658
-0.0016931311
-0.00035842755
-0.0011036406
-0.008365827
-0.00057088746
-0.00088824493
0.0025890025
-0.00081565383
-0.0018358237
-0.0029065738
-0.0017240914
-0.002750674
-0.0025191795
-0.0035514257
-0.0088005254
-0.0069460542
-1.4810962e-05
0.00053349101
0.00027645419
-0.00019396675
-0.0023824524
-0.0012501872
-0.0095144979
-0.0093460879
-0.0072975413
-0.0046494231
-0.0034594662
-0.0033227598
-0.0037465972
-0.0032158158
-0.0013526735
-4.6628167e-05
-0.0030889885
-0.0035189942
-0.0035168839
-0.0051943797
-0.0031532502
-0.0055385828
-0.010941348
-0.010626556
-0.0073649695
-0.0053813164
-0.0052387276
-0.0059443936
-0.0039489981
-0.0033890294
-0.012022523
-0.0094238809
-0.010577829
-0.01129073
-0.0089910811
-0.01245392
-0.0083649281
-0.0030769607
-0.010942917
-0.0035848985
-0.010334245
-0.0097600529
-0.0088212176
-0.0087357892
-0.010870757
-0.0034571024
-0.0094761745
-0.0069420222
-0.0115289
-0.010414155
-0.008801678
-0.0088565401
-0.0087678825
-0.0094171197
-0.0045029334
-0.0058173622
-0.010541553
-0.008701454
-0.012146256
-0.0066513383
-0.0054497693
-0.0008898251
-0.0077224907
-0.0081327898
-0.011664863
-0.012429048
-0.0053237776
-0.0063904486
-0.0052133152
-0.0070832706
-0.0031125542
-0.0033625452
-0.0095779722
-0.0082260013
-0.0069704711
-0.0055865389
-0.0038916132
-0.0047839171
-0.006977178
-0.0057818065
-0.0045410675
-0.0075962088
-0.016859626
-0.012020197
-0.013877473
-0.012964046
-0.0067165106
-0.0020465951
-0.0040409683
-0.0052210839
-0.0031442159
-0.0010668397
-0.0026947292
-0.0024857474
-0.0021095253
-0.0023272768
-0.0037728095
-0.0012472875
-0.0049890889
-0.0038380247
0.000184328
-0.00047084691
-0.0018801157
-0.00060038747
-0.0084114904
-0.010021888
-0.0086279448
-0.0064302288
-0.0075989358
-0.0079511544
-0.0057013525
-0.0034924809
-0.0080128361
-0.0050357346
-0.0055051232
-0.0039192259
-0.0050335447
-0.011008489
-0.0044021369
-0.0047384009
-0.0081346664
-0.0065152303
-0.011605295
-0.0061453005
-0.010513608
-0.0069663208
-0.013469145
-0.015524115
-0.0084450174
-0.0050622822
-0.0088525105
-0.0067877717
-0.011627447
-0.009739012
-0.013100674
-0.0019804023
-0.0086084642
-0.0060737898
-0.013038414
-0.0014400141
-0.00042800289
-0.0029749642
-0.0039916159
0.00028462969
-0.0018829554
-0.0033451603
-0.0014927146
-0.00060324354
0.00033456107
-0.0014234762
-0.00075620335
0.0006322644
-0.00068712167
0.00015811587
-0.0016323709
-0.0023637553
-0.0015436767
0.00087816368
0.0017841262
0.002955637
0.00089295722
-0.0002655498
0.0010135997
-0.0019871285
-0.00092649806
-0.00064127023
0.00055300223
0.009348171
0.0061375633
0.00016630253
0.0022183281
0.0081521046
0.0067791487
0.0019906328
0.0038061739
0.0069100968
0.0023382104
-0.0053017921
-0.010714752
-0.013802683
-0.012744706
-0.0061995145
-0.0058955123
-0.0058280982
-0.0049660242
-0.0068765603
-0.004593194
-0.0064827438
-0.0037390687
-0.0052429314
-0.0076721002
-0.0060525275
-0.0087077607
-0.0053294018
-0.0035033284
-0.0097239448
-0.0056499219
-0.011070432
-0.0068835032
-0.0028199132
-0.0068002229
-0.0061684993
-0.0064332093
0.00022919043
-0.0084761818
-0.0075721788
-0.0043735706
-0.0047467308
-0.0043855708
-0.0020171724
-0.0031517973
-0.00078854541
0.0023799283
0.0024901743
0.0021769539
0.0028435591
-0.0073329866
-0.0067815318
-0.0068770958
-0.0041568643
-0.00016968148
-0.0024760963
0.0020461151
0.001359894
-0.0026391684
-0.0020105075
-0.0039260126
-0.0011229959
0.0046808743
0.0023582934
0.0019367648
0.00041296982
-0.0061963553
-0.0034178302
0.00064450252
-0.0012969758
0.0010467283
0.0017302442
0.0019899856
-1.9284967e-05
-0.0060212718
-0.0036785651
-0.0024615783
-0.0008151813
-0.0059070854
-0.0039606728
-0.0049722583
-0.0035700031
-0.0023935471
-0.0029375518
-0.00266351
-0.0031281434
-0.002215874
0.00033529639
-0.0023206333
-0.00078706349
-0.0028693706
-0.0010015249
-0.00015469853
-0.0014298194
-0.0059753299
-0.0012517961
-0.0031899944
-0.0013293341
-0.0018883154
-0.0029859064
-0.00036185993
5.2725988e-05
-0.0043924331
-0.0015501073
-0.002084722
0.0033687095
-0.0033522821
-0.0051923402
0.00055685978
-0.0011736507
0.00023138983
-0.0012472736
0.0035840729
0.0044927847
0.0036287384
0.0014133929
0.00019173917
0.0004557649
0.00099484244
0.0051407429
0.0058999665
0.0043569112
0.0044564161
0.0061131998
0.0064200145
0.0037418224
0.0036725575
0.0042824145
0.0050068047
0.0050544087
0.0065817016
0.0057967769
0.0063962418
0.0058134317
0.0060393233
0.0069921661
0.0066159828
0.0031982723
0.0041847441
0.0059731122
0.0064143623
0.006831041
0.006071263
0.0057327105
0.0056471814
0.0031103564
0.0037234765
-9.3004254e-06
0.0017379293
0.018468769
0.010675599
0.00967054
0.01391471
0.0071609875
0.0019411179
0.016210964
0.01997667
0.0034367084
0.0093700816
0.0028486974
0.00028962219
0.00039538051
0.011124817
0.011924447
0.0066724354
0.0045991177
-0.00030209271
0.0022555251
0.00020472014
0.00071774864
0.00050384942
0.001770061
0.00035421437
0.00023581496
0.0018666698
0.00017799375
0.00083701655
0.0083374928
0.006087102
0.0041299765
0.0084500769
0.0096683438
0.0068149474
0.0071650728
0.0056628106
0.0050113615
0.0028017012
0.00753552
0.0055633697
0.0056328241
0.0070687393
0.0010690848
0.0014004246
0.0056716111
0.006116195
0.0002363243
-0.0010863985
-0.00059646594
-0.00042611925
0.0070499158
0.0069302325
0.0061836129
0.0057949268
0.0035315958
0.0013998754
0.00095340482
0.00069125308
0.00016183043
0.000144914
0.0016919397
0.00021469451
0.00070955895
0.00033059789
0.002033963
0.001752341
0.00048743154
0.0022213119
-0.0002459372
0.0030298312
-1.393925e-05
7.905453e-07
0.0004997122
9.8847505e-05
0.00012190502
0.00018804737
0.00077826167
0.0018418405
2.9294169e-05
0.00016959721
0.0015028731
-0.0010150882
-0.00021512391
0.00098121914
0.0004677247
-0.00012103769
0.00056021569
0.0012163549
0.0022023471
0.0011997462
0.0031924455
0.00158318
0.0026223999
0.0013774111
0.0014218518
0.00016472727
0.0015664192
8.3148845e-05
0.0008636595
0.0039378803
0.0027117083
0.0017938385
0.0036328084
0.0024163031
0.0046807923
0.00012081554
0.0020495168
0.0040678679
0.0038808059
0.0064896687
0.0059596819
0.0072040342
0.0068619348
0.0072832842
0.0069310141
0.0073282316
0.0070131678
0.0069972778
0.0069527645
-0.0018640214
-0.0024175883
0.0032770751
0.003920373
0.0065620479
0.0091304784
0.0018301821
0.0005691625
-0.0014113606
0.001054527
-0.0066811721
-0.0056790748
-0.0061520471
-0.0073550005
-0.00056420196
-0.0015291745
-0.0032645757
-0.0022252308
-0.00081396585
-0.00033739976
-0.0037084738
-0.0034718491
-0.0027706279
-0.0019968924
-0.00040592593
-0.00219564
0.00054579783
0.0011065442
0.00083837872
0.0011876628
0.0035391126
0.00070943273
-0.0023565049
-0.0033112492
-0.007427843
-0.0086231948
-0.017393047
-0.0088999827
-0.0017109954
-0.0015335855
-0.0020332263
-0.0031439857
-0.014631641
-0.0093150932
-0.0089930938
-0.0015385177
-0.009413153
-0.010956123
-0.013503112
-0.014837855
-0.008908364
-0.0028457594
-0.0045558074
-0.0048273194
-0.0014604123
-0.0031231551
-0.0045427727
-0.016819671
-0.0070858602
-0.0097118466
-0.0085642954
-0.0055301896
-0.0047141814
-0.0040742116
0.0011145318
-0.014210542
-0.014194706
-0.012485219
-0.0064579202
-0.007731061
-0.0041076785
-0.003121799
-0.0032839155
-0.0027669738
-0.0042900657
-0.0151927
-0.015074843
-0.011902217
-0.0092453209
-0.0010139173
-0.0028378611
-0.0017107629
-0.0062449485
-0.013297395
-0.016448722
-0.0099334509
-0.010646851
-0.011623437
-0.010981198
-0.015093811
-0.0015276452
-0.011218151
-0.0081691737
-0.016308205
-0.0093239053
-0.014231421
-0.00065354275
-0.013520695
-0.014359276
-0.018968142
-0.0094158638
-8.7873635e-05
-0.00270462
-0.014646919
-0.012331895
-0.0072355366
-0.0067020303
-0.011458913
-0.012939612
-0.018019918
-0.017783643
-0.011259006
-0.013162597
-0.01310296
-0.014851891
-0.016289362
-0.017839314
-0.018010539
0.0082982288
-0.018666028
-0.016242391
-0.017417475
-0.018626246
-0.012266827
-0.018831606
-0.0063459553
-0.011202921
-0.020410859
-0.017894
-0.015051231
0.0088474548
-0.013689892
-0.0023649565
-0.0048675914
-0.018922766
-0.0097177393
-0.020279837
-0.013969675
-0.016358013
-0.0056176766
-0.0053634259
-0.019952592
-0.020304354
0.00033318765
-0.0042261644
1.5066924e-05
-0.0026750095
-0.00023342269
0.00074866323
-0.00021233958
-0.00094645583
-0.0017054478
-0.001627621
-1.7297315e-05
0.0065065793
0.0065873504
0.021222219
0.013385445
0.010710871
0.0084608672
0.0055023168
8.9044892e-05
0.0017695314
7.6748975e-05
0.0092596305
0.0018562994
0.0012396833
0.0043224835
7.4765733e-05
-0.00019517861
0.00020792989
0.00029909488
0.00079932862
-8.1290668e-05
0.00082596381
0.0029031038
0.0027844435
0.0015936419
-7.0734084e-05
0.00021956471
-0.00024888931
0.0019791788
0.001364244
0.00024777824
6.2392473e-06
-4.3224637e-05
0.0020613234
0.00092993088
-2.377402e-05
-0.0001071402
0.0031430538
0.0012107446
0.0049545623
0.0033157693
0.00043220577
0.00044511566
0.0017621959
0.0011911727
0.00070492619
0.0072828869
0.004717769
0.0063039697
0.0057329703
0.0036645687
0.0038928931
0.0012426099
0.0010227935
3.5017135e-05
0.0039735477
0.0064854725
0.0066764904
0.0078178844
0.0063601278
0.0069007027
0.0004544743
0.0083563611
0.007197489
0.0062946238
0.0054924135
0.0042175718
0.010194676
0.011451217
0.011482797
0.0061909148
0.0066962307
0.0060143483
0.0089065705
0.0073255435
0.0067878016
0.0056062613
0.0078422823
0.0052767559
0.0054962429
0.0074692032
0.007641947
0.00639844
0.0072645639
0.0047065629
0.0060661246
0.0039701597
0.0055735028
0.0064994973
0.0094449397
0.0075480155
0.0085619761
0.0088367943
0.0076037899
-0.00063055444
-0.00094453917
-0.00038397292
0.0001064492
-0.00045067223
-0.00066759456
-0.00039314819
-0.0013440381
-0.00085027932
-0.0010807468
-0.00088407315
-0.0012457769
-0.0022593256
-0.0017865327
-0.0006065924
-0.0014072895
-0.0014439575
-0.0013345434
8.3840435e-05
-0.00078961795
-0.00066127129
-0.0010173204
0.00033890306
-0.0012780799
-0.0016300142
-0.0014544496
-0.0016467455
-0.00048335834
-0.00041698679
-0.00072727609
-0.00044061822
-0.00040120271
-0.00010039587
-0.00023790054
-0.00075264902
-6.3851814e-05
-0.0004092572
0.0002170838
-0.00044246945
-0.0013995105
-0.0013059762
-0.0015078294
-0.0021926483
-0.0026126118
-0.00053163565
8.5768273e-05
-0.0020187908
-0.0032997981
-0.00051814676
9.6681278e-05
-0.00040818073
-0.00023961344
-0.00083249336
-0.0007841577
9.7675863e-05
-1.7257214e-05
-0.0014856078
-0.0011344965
-0.001734326
-0.00037988188
3.1151656e-05
-0.0025706148
-0.0029537552
-0.0037847517
0.00019722052
0.0016921668
-0.00084348157
-0.0006604053
0.0048833364
0.0048417431
-0.011653661
-0.016245019
-0.0093046004
-0.011214893
-0.0060602901
-0.0071201009
-0.00068575049
0.0015047027
-0.0057636825
-0.0058055439
-0.00041230333
-0.00021751863
-0.001914317
-0.003552743
-0.0045419215
-0.011701457
-0.012129618
-0.011596337
-0.013679262
-0.010073458
-0.010218573
-0.012404766
-0.01309767
-0.0088847332
-0.0099421147
-0.017472781
-0.019532829
-0.022092965
-0.020747972
-0.017264243
-0.019317587
-0.016475097
-0.014524755
-0.0039574596
-0.0089475092
-0.005106676
-0.011564836
-0.016536944
-0.0028317249
-0.018682186
-0.01936798
-0.018848572
-0.017580174
-0.0035074918
-0.021844422
-0.014497193
-0.02137581
-0.022001848
-0.0054506695
-0.021429744
-0.017428977
-0.013001064
-0.014949077
-0.01398982
-0.0023607876
-0.0030681206
-0.0011633061
-0.00025203163
-0.0034343764
-0.0086350186
-0.023184945
-0.017029045
-0.0087117161
-0.023494585
-0.0097493365
-0.014844621
-0.0095112166
-0.015269315
-0.014702165
-0.0066078136
-0.0097492956
-0.0083935111
-0.0011402375
0.0044899763
0.006870759
-0.0049704986
-0.0050514972
-0.0046312533
-0.0037377456
-0.0016327461
-0.0024552078
0.0016866665
0.0040766403
0.0008163961
0.00080921373
0.0031614474
0.0014094368
0.0022510992
0.0055079254
0.004338876
0.0051026943
0.0053676224
0.0041560883
0.0012378349
0.0047664142
0.0049026858
0.0050346276
0.0023196246
0.0039214158
0.0012597553
0.0040033825
0.0060737996
0.00024569241
0.00072270603
0.001247526
0.0015183942
0.00033834993
0.00063770819
0.00019656062
-0.00029008351
0.00080579528
0.0037071533
0.00010120527
-0.00018025776
0.0012134551
0.0012667511
0.0015733701
0.0055521533
0.00066688463
0.00048516445
0.0013461425
0.00021060328
0.0043168357
8.8287955e-05
-0.00041508408
0.00099971895
-0.00011059018
0.0010398426
0.0040978508
0.00056128617
0.005502903
0.0054533058
0.014320137
0.0033844574
0.0022703858
0.00032607566
0.0084114559
0.010121536
0.0051536076
0.0044307232
0.0031912004
0.0041098986
0.0066992866
0.0056766742
0.0028309883
0.0038115778
0.011113829
0.0066669522
0.0048363598
0.0071582672
0.0038485715
0.0070105907
0.0086895188
0.0083544028
0.0026197148
0.0036679939
0.0095306727
0.0094626969
0.0077373048
0.0082492356
0.0082190771
0.0094709632
0.0085980029
0.010590639
0.0099717721
0.0098708147
0.010085274
0.010488473
0.010212311
0.0088515006
0.01064544
0.010197076
0.011605067
0.010838789
0.01035524
0.011636229
0.0077314923
0.010145046
0.0092991668
0.0081841135
0.0091061492
0.0089099463
0.0069654098
0.0085950236
0.0062200827
0.0078262192
0.011423837
0.012019039
0.0055846516
0.0054659647
0.011298091
0.0098726986
0.0094782939
0.0065290723
0.010319649
0.0094227645
0.0096045431
0.0083622911
0.0087416832
0.0083144983
0.010487623
0.0092061467
0.0095689356
0.0096478311
0.0037178288
0.0088441269
0.01044809
0.0085068436
0.0086967112
0.0021679466
0.012407966
0.011528243
0.0026891979
0.0056527517
0.0049091663
0.0075874041
0.0099521897
0.010312018
0.007167307
0.01313884
0.0064760071
0.0084363072
0.010856272
0.012370021
0.013081806
0.0079452487
0.0062708039
0.012993142
0.0034058947
0.012296706
0.011052403
0.0087182979
0.012653568
0.005111237
0.0099538183
0.011439261
0.0072974331
0.012015275
0.012027365
0.010818049
0.0078722876
0.0088308655
0.011669597
0.003212076
0.01282684
0.0029835064
0.013487419
0.010308808
0.013100973
0.0050546026
0.0058710187
0.0042231556
0.012607635
0.0042890107
0.011141336
0.012017252
0.0013194411
0.0078622157
0.0018262948
0.003452927
0.011484821
0.010943462
0.013425747
0.012552843
0.012048023
0.0097077974
0.012190524
0.011500759
0.0085566447
0.0098230648
0.013627174
0.012924889
0.011123015
0.00034659282
0.0015207308
0.0026599484
0.013703591
0.0088085992
0.0080747842
0.0060554598
0.013767366
0.014044137
0.013144225
0.015940322
0.0147941
0.0003182042
0.014561913
0.011876801
0.013266942
0.015049351
0.014527875
0.010672096
0.0070876892
0.0044686982
0.0022391363
0.0026389976
0.0058415764
0.0060610427
0.0090786092
0.0094489483
0.013108248
0.014163016
0.012841449
0.013551339
0.011382877
0.013503301
0.0028170527
0.00086662018
0.0099028452
0.00052281286
0.00066477045
0.0037864571
0.0070624555
0.004773044
0.0066973412
0.0016509891
0.014322989
0.0016960566
0.01396405
0.014447019
0.0041621022
0.0062366365
0.0054035305
0.001127556
0.0042638555
0.00095183547
0.0026105033
0.0032742566
0.001676238
0.0016515786
0.00089741567
0.0013241838
0.00041687811
0.002485888
0.00089606933
0.001574729
0.0033515201
0.0053004066
0.0051637831
-8.2219842e-05
0.00059973067
0.005886086
0.0064934537
0.0092026573
0.012825493
0.012228449
0.0066219872
0.00074603607
0.0035696936
0.00139991
0.00084167219
0.011233038
0.011301344
0.011085708
0.009851
0.01089086
0.011909693
0.0088005013
0.0097072625
0.0076315234
0.011689482
0.012757837
0.013951784
0.0067854186
0.003477584
0.007719732
0.0074707643
0.00021053542
0.0023946726
0.0078895414
0.0087621752
0.0089218423
0.0054804984
0.0019858269
0.00066841025
0.00036277741
0.0012419691
0.0062291852
0.0011359603
0.010755573
0.0064080857
0.0034820417
0.0010196074
0.0057832768
0.00066158231
0.00071044246
0.00038653179
0.005322677
0.0038151942
0.006726208
0.006573601
0.007311423
0.0051161457
0.0051783021
0.0080497564
0.0030898219
0.004468454
0.0078761514
1.549014e-05
0.0023610729
0.0038905111
0.00069334825
0.0058324196
0.014176685
0.0065863303
0.0018253988
0.0029687531
0.010200951
0.0012685902
0.0034326947
6.1537479e-05
0.012313939
0.0039138917
0.0042919512
0.0079566686
5.7727064e-05
0.0076916312
0.0019304951
0.0088791528
0.012162878
0.01265055
0.015368736
0.014801934
0.0099427844
0.0035673458
0.01548508
0.0060778447
0.015015495
0.01166351
0.0082508393
0.0060143898
0.009903259
0.0085482903
0.00090926638
0.0037627673
0.00070297371
0.0002087379
6.2379096e-05
0.00022889108
0.0044308112
0.0013035337
0.0056636775
0.0069511593
0.0074237261
0.0076407714
0.013997252
0.015611233
0.007911916
0.013591958
0.0046577333
0.0042396672
0.015286822
0.013762667
0.0098729614
0.012728442
0.0065276634
0.0068835677
0.007662452
0.010166809
0.00050648597
0.0077035356
0.014423428
0.018840966
0.0067255171
0.0044358787
0.012165487
0.011216998
0.011338591
0.015990586
0.01610941
0.017181157
0.010613976
0.0084211506
0.018000703
0.016765379
0.016094077
0.017518392
0.0080992522
0.012373346
0.017914633
0.017238506
0.011469557
0.016773553
0.017740798
0.019089755
0.020996591
0.016182913
0.0065091569
0.0023898408
0.0076361386
0.006267983
0.014084889
0.015478554
0.0085359402
0.0014972391
0.0052327277
0.0021175445
0.0018623824
0.0005703728
0.0040843621
0.0098010081
0.0051580739
0.0050737695
0.00074950324
0.0058081701
0.0032367443
0.0044265166
0.012506601
0.0015308644
0.0082702276
0.0077948137
0.0080902264
0.0097226323
0.0057563357
0.01462237
0.020431547
0.012394032
0.011052516
0.021680939
0.018350631
0.018226996
0.015002098
0.010314872
0.0075230959
0.025271734
0.019003196
0.022650044
0.01964341
0.0067049431
0.021242041
0.019050113
0.016610579
0.019941277
0.020706334
0.014396505
0.017063369
0.011065098
0.013059728
0.019450016
0.020449358
0.0075285716
0.0076377272
0.013233047
0.017486851
0.010978688
0.011815381
0.01754863
0.018518836
0.013231365
0.014810903
0.0074685533
0.0079306758
7.6740627e-05
-0.00027382617
-0.00036882198
0.00037709518
0.00084778246
-0.0001339053
0.00016206887
0.00044200802
-0.00020493261
-8.5322816e-05
-0.00010248345
6.3189735e-05
-0.0012164686
0.0003243301
2.0219579e-05
-0.00063761311
-0.0027733734
-0.0029061646
0.00012546414
1.7011221e-05
0.00059203195
0.00080990391
-0.00024644627
0.001263443
0.00055552027
-0.00014296374
0.00041394752
8.9561017e-05
-0.0026031549
-0.0025502336
-0.00042066611
-0.0015359541
-0.0028219256
-0.002199313
-0.0014526691
-0.0010727241
-0.00064285576
-0.0013628808
-0.0010324058
-0.0026738676
-0.00055762076
-0.00041390534
-3.3425544e-05
-0.00062542734
0.00016425845
-0.00010523593
-0.00018235352
-0.00016393757
-0.00055833741
-0.00010599755
-0.00040595103
8.0340465e-05
0.0010538938
0.0031354891
-0.016130005
-0.014894581
-0.001110691
0.0011416681
-0.0027136273
-0.0016652073
-0.00066499418
0.00027140185
-0.0019868314
-0.002589938
-0.0022002677
-0.0025581075
-0.0038300441
-0.004380365
-0.0017812617
-0.007831418
-0.0099150062
-0.0031229706
-0.014473999
-0.0058709877
-0.021667427
-0.0076547209
-0.019837929
-0.011808406
-0.021992234
-0.021064731
-0.026228303
-0.0045436679
-0.013937853
-0.0082160771
-0.011453666
-0.0029968483
-0.0070511243
-0.0014434659
0.0007464996
0.00013271174
-0.0016265286
-0.0044046494
0.003653154
0.0042536904
-0.00088070998
-0.0020481235
-0.0019010685
-0.0013066927
0.0023694309
0.0033725362
0.0026836026
0.0034691332
0.0031724659
0.0035022242
0.004489523
0.0041990085
0.0034153873
0.0051834828
0.0045873413
0.0029031622
0.00088295629
0.00020481619
0.00013744912
0.00099206764
0.0019129947
0.00029934247
0.0035913507
0.0082457759
0.008010592
0.0091693602
0.0089557515
0.0078585306
0.0073066915
0.0080429424
0.007578635
0.0084603313
0.0080777095
0.0093006413
0.0098655597
0.0093450497
0.0090480577
0.0091437244
0.0089157344
0.0087749331
0.0089831096
0.0091116001
0.0088725977
0.0083490197
0.0082695048
0.010396117
0.011206748
0.0048130228
0.0031157327
0.0049443193
0.0040149354
0.0058369806
0.0075854166
0.0032128106
0.0021699571
0.0078442481
0.0084276637
0.0044299698
0.0061037027
0.00071771455
-0.0008040294
-0.00017084931
-0.00043625777
0.00017179883
-0.00041293387
0.010782294
0.011428496
0.0090291477
0.0079483555
0.0050179249
0.00087002334
0.0053100787
0.0041904545
0.0065978225
0.0033927707
0.0053337908
0.0024829079
0.0037929241
0.0010443213
0.003251094
0.0059253094
0.0047198299
0.01068076
0.0086447761
0.0045498355
0.0017619858
0.010884568
0.0062961414
0.0058790508
0.0027862515
0.0035553757
0.00099101803
0.0037698301
0.003518809
0.0033438146
0.0029223864
0.00071002719
0.019064355
0.0011214279
0.0036076933
0.020748019
0.01278876
0.016607976
0.016436228
0.011252792
0.02348119
0.025431476
0.00030197755
0.00042076753
0.00026367377
-0.01489238
-0.01627075
-0.016485826
-0.017018305
-0.015014008
-0.013985231
-0.01409379
-0.015393384
-0.013495158
-0.01430532
-0.00055368608
0.00032253803
-0.001559746
-0.001368147
-0.0021797204
-0.0010924164
-0.00013553801
-0.0010921018
-0.00050676075
-6.405767e-05
-0.00080291799
-0.00034356782
-0.0010345644
-0.0014262862
-0.017067228
-0.00084320224
-0.0079810186
-0.018750003
-0.013018535
-0.012298047
-0.012191797
-0.0010707993
-0.0043023338
-0.0049228228
-0.0059063126
-0.020209613
-0.012513509
-0.0090739214
-0.0039307054
-0.0055853087
-0.00013993193
-0.0020942765
0.0026466265
0.00079723711
0.0082171328
0.0087410791
0.0087841178
0.0086600185
0.0028704877
0.00037181738
0.001300105
0.0003935936
0.0049521684
0.0015529361
0.0026446937
0.00080360479
0.00040160246
0.00032778044
-0.0013868448
0.0050795628
0.0065876257
0.00090371503
0.0044250242
0.0064339472
0.0077198013
0.0012647394
0.0026881461
0.00090432344
0.0019505719
0.0026373888
0.0040510792
0.00029823523
0.0011466824
0.0020476462
0.0010289827
0.001660309
0.002993266
0.00056475746
0.0019932589
0.0030906253
0.0049161642
0.0015768942
0.00088960462
0.00073400308
0.0012394342
0.00015122664
0.0004775495
-2.4923743e-05
0.00017445786
0.00063944991
0.001961585
-0.00051278007
4.2698313e-05
0.0045959119
0.0056379973
0.0042490206
0.0032785987
0.0050605868
0.0031145586
0.0017707222
0.0025067679
0.022662344
0.013927608
0.026669454
0.0023283975
0.022876513
-0.015255577
-0.014383703
-1.7992163e-05
0.0010409753
-0.00075582416
-0.00049120614
-0.0010596338
-0.0019437611
0.00013264747
-2.1384207e-05
-0.0010766885
-0.00024252642
-0.00010482947
-1.6208928e-05
-0.00026313649
-0.00080852982
-0.00042317048
-0.00029866261
-0.017404803
-0.010754019
-0.005064367
-0.0033535141
-0.0081748093
-0.0019202992
-0.0024102897
-0.0051078027
-0.00079689329
-0.0036416688
-0.0065777175
-0.00087310979
-0.0080467208
-0.0035041701
-0.00069938859
-0.0045010568
-0.0065044193
-0.011826783
-0.0029065393
-0.0063423259
-0.0062610113
-0.0050898699
-0.0068499993
-0.0063045114
-0.0049226174
-0.01097213
-0.010807121
0.0019011032
0.0015331966
0.0031358689
0.002856808
0.0033971778
0.0024235793
5.0413306e-05
0.00067149534
0.0017469599
0.0024013252
0.002803955
0.0028239141
0.0034425499
0.00069639269
0.00071356002
0.0016595549
0.0015472298
0.00012556157
0.00330222
-0.00037623666
-4.3758454e-05
0.00022365901
0.0018804721
0.00049862446
0.001128245
0.00079316895
0.0014836868
0.0011161455
3.0863761e-05
0.0013084497
0.0018487057
0.0004487048
0.0004176074
0.00016468147
-0.00036215983
0.00077432601
0.0017797461
0.00054380831
0.00054077125
0.00029878579
-2.7919507e-05
0.0040182198
0.00070308461
4.6762532e-05
0.00057939954
0.001274589
0.00077247699
0.00098977353
0.00025581147
-0.00015457133
0.0041203956
0.0031494866
0.0053737092
0.0037043775
0.0017547248
0.002502277
-0.0010477843
0.0020208596
0.0037687039
0.0018227963
0.0019847929
0.0013015203
0.00075803346
-0.00067090718
0.00027007517
0.0028495287
0.0033878225
0.0034182165
0.0034437709
0.0019403186
0.0035649942
-0.00019501072
0.0021222864
0.00087291037
2.4954335e-05
0.0036076378
0.0021666713
0.0029157202
0.0039202616
0.0040608914
0.0051745368
0.0012429468
0.0033718302
0.0014859026
0.00035025686
0.0043969757
0.0050995049
0.0065787555
0.0058115232
0.0075685793
0.0075744247
0.007029068
0.0063632025
0.0061598753
0.0066785735
0.0051471658
0.0047939452
0.0048173595
0.0057272328
0.0086797732
0.0072540944
0.008347859
0.008444234
0.0059812093
0.0045292845
0.002257566
0.0013499732
0.0098283237
0.00047141456
0.0048860923
0.0093704007
0.0050679182
0.023245477
0.010497641
0.0021462626
-0.00072909849
0.0039886618
-0.0089152636
-0.0048209657
-0.0090410751
-0.0090167747
0.00063965749
0.00032146287
0.00084554622
0.004586104
0.0012508069
0.0039666217
0.0036844128
0.0031434748
-4.0705319e-05
0.00027866837
0.00091709463
0.00060210553
0.00060621914
7.8148366e-05
-0.0012074943
0.0017373364
0.0016282286
0.0012932792
-0.0011510682
-0.00029862148
-0.00050616556
0.00054012587
0.001704337
0.0077421256
0.0072183732
0.0067787869
0.0071520039
0.014076028
0.029551564
0.024903965
0.030437651
0.023149969
-0.00059706794
-0.00038451719
0.019417034
0.024699146
0.035895708
0.043705466
0.045339652
0.051432689
0.0040525022
0.0038599293
0.0096580744
0.012040828
-0.026102708
-0.027011146
-0.0097472066
-0.0039643405
-0.024377699
-0.025371872
-0.023620882
-0.024984542
-0.019796597
-0.015416369
-0.02398288
-0.022899256
-0.014187243
-0.017754559
-0.017451088
-0.016822038
-0.020250658
-0.021324628
-0.008012621
-0.010600707
-0.014394044
-0.01430783
-0.023155621
-0.022978507
-0.024067113
-0.021516846
-0.019118754
-0.018287614
-0.023216578
-0.021290707
-0.01726589
-0.01969807
-0.017707888
-0.015830479
-0.018420979
-0.016505015
-0.0093074211
-0.011912554
-0.010106741
-0.010913505
-0.015681073
-0.013041932
-0.0092077167
-0.0071059951
-0.009786734
-0.010151944
0.00076021978
0.0011115303
-0.011299939
-0.013534882
0.0009067878
0.00038998016
0.011511702
0.010625163
-0.0053453002
-0.0054588129
0.010765563
0.011528463
0.020055693
0.020991147
0.0011568499
0.00028583203
0.00068056647
0.027354939
0.0245653
0.029425221
0.031319404
0.00093837904
0.00061287195
-0.0010142914
-0.00058494255
-0.00020681582
-0.00055759737
-0.0010021761
0.0015541091
0.0060437488
0.026143696
0.0068947677
0.0060006163
0.0054098921
0.0052841569
0.0049581161
0.005673998
0.0046414686
0.0055290266
-0.0099614962
-0.010865435
-0.008887378
-0.0075086257
-0.014878632
-0.016844479
-0.00096112228
0.00028044957
2.949873e-05
-0.012805903
-0.017190872
0.0050314753
0.0053286257
0.0084577928
0.010015904
0.0080285662
0.0096509151
0.010731741
0.010091652
0.008565661
0.0097978502
0.015182914
0.018198274
0.015171979
0.016220313
0.016452851
0.016096146
0.017152352
0.016558453
0.019758006
0.0236202
0.00070081575
0.00026099834
0.0019147635
0.0011438835
0.0022722179
0.0012180206
0.00087605665
0.00054648807
0.00091274024
0.00028879143
0.00015792419
0.00035123343
0.00028429264
4.9360509e-05
-0.01355716
-0.010097724
-0.012559161
-0.012303664
0.0029890297
0.0032526153
0.0098965134
0.028673437
0.017634653
0.0018539117
0.019978004
-0.0025732894
-0.0021734389
0.011763615
0.012845691
SCALARS p float 1
LOOKUP_TABLE default
0.005747749
-0.0065822138
-0.0070445345
0.0018709823
-0.0023146888
0.0019750531
-0.0012632426
-0.0066591844
-0.0030851778
0.0067790237
-0.0039899201
0.0028357021
-0.0075372701
-0.0060889441
-0.0045040046
-0.0069786378
-0.0073301555
-0.0068430602
-0.0065456797
0.00039442851
-0.0067091137
0.0058069744
-0.0063118535
-0.00659763
-0.0049075456
-0.0050629159
-0.0011047426
-0.0053931656
-0.0059140656
-0.0055273685
-0.00547925
-0.0063411945
-0.0067660577
-0.0086103204
-0.0075983606
-0.0073171032
-0.0053749763
-0.0048862982
-0.0048258121
-0.0085702741
-0.0074784317
-0.0041438914
-0.0028667606
-0.0056538662
-0.0057366384
-0.0038206216
-0.0019405208
-0.0055709301
0.0044591586
0.0022944482
-0.0043645468
-0.005586388
-0.0030554869
-0.0060913482
0.0011271181
-0.0022263797
-0.0039272722
-0.0032005225
-0.004385417
-0.0012893096
-0.00015517788
-0.0047156459
0.0038277427
0.0042084606
-0.0015616712
0.0015734787
0.0033089381
0.0033480249
0.0031951564
0.0039251012
-0.00053034069
0.0016593647
0.0060147935
0.0062275777
0.0010782228
0.0052134146
0.0016993762
0.0030169256
0.0053151531
0.0079914876
0.0039152508
0.0045760653
0.0069450593
0.0081615567
0.0008672276
0.00042598697
0.00082848938
-0.0013403341
0.0065881154
0.005929351
-8.9437836e-05
0.0023868729
0.0024479344
0.0061154525
-0.0025848059
0.00093193825
0.0027749888
0.0041024944
0.0064178698
0.0062042593
0.0021113521
-0.00040928086
0.00055985307
0.0039732954
0.011932878
0.0057981423
-0.0024789703
0.0012306644
0.0021316475
0.0035670385
0.003062123
0.0028514582
0.0041662425
0.014994278
0.0040008753
0.0050018421
0.0050421075
0.0053365348
-0.0022611202
-0.00317461
-0.00093695798
0.001133255
0.014027514
0.0054997039
-0.0033617515
-0.0054620022
-0.0025952368
-0.0026348126
0.014551335
0.014547053
0.0034572158
0.0049072241
0.013268127
0.012072413
0.0049011628
0.0097218661
0.013465562
0.0052179807
0.0045364363
0.012956449
0.0062663309
0.0076869538
0.0079164939
0.0093806264
0.014052683
0.0069082358
0.0068568608
0.0076277981
0.01276363
0.0065263809
0.012424213
0.013462451
0.012419187
0.012648088
0.016865284
0.0093299192
0.013409332
0.011917093
0.004902253
0.013556602
0.014417157
0.0082945562
0.014146852
0.015043736
0.013470323
0.014624998
0.010332815
0.011726895
0.0069211662
0.0054842274
0.012843545
0.013444712
0.010674792
0.013465501
0.013054016
0.011278416
0.010607711
0.013102912
0.014246181
0.013064274
0.010878212
0.011820305
0.011243382
0.012346277
0.0095737235
0.012714137
0.014730872
0.014481359
0.013551009
0.011457208
0.012010201
0.01063561
0.0093391139
0.014626979
0.013017309
0.013470758
0.011232812
0.013365803
0.014156746
0.01609428
0.015190574
0.0032642318
0.012183161
0.009986212
0.013519644
0.013566008
0.012787481
0.013365918
0.011062638
0.012961803
0.013921742
0.015047759
0.01346934
0.012481996
0.012304599
0.016427022
0.015747118
0.014028105
0.013125588
0.010012272
0.015133902
0.013477562
0.015331328
0.012153389
0.0053387375
0.01583696
0.016647901
0.01398895
0.014687016
0.014426909
0.015781384
0.0121002
0.012595827
0.014594189
0.0107848
0.011573559
0.0099734386
0.01296106
0.015822967
0.014093862
0.013833243
0.013081785
0.013808677
0.012077851
0.0078731683
0.017218783
0.016005317
0.013938185
0.013319502
0.012033397
0.014736253
0.015651948
0.013521153
0.011273488
0.013575792
0.010735604
0.010154662
0.014724649
0.012596624
0.013886561
0.014277894
0.012849242
0.01400095
0.0012361081
0.015170874
0.011692469
0.014634723
0.012588571
0.010383676
0.011883283
0.013239031
0.012562599
0.012819298
0.014262369
0.013849253
0.014186173
0.01420412
0.016833232
0.013815207
0.013547046
0.013058874
0.013795325
0.015676079
0.017727291
0.014229024
0.015453186
0.016423062
0.017355446
0.013627199
0.01761589
0.013964536
0.011534782
0.012147849
0.013920587
0.012219372
0.013454091
0.012461632
0.013796116
0.011523922
0.011458629
0.012653472
0.017081653
0.011519339
0.012562021
0.012927829
0.012716514
0.012803845
0.013114372
0.012586046
0.013391269
0.017868253
0.013495702
0.013365067
0.016427962
0.014203028
0.014015656
0.016796242
0.016833584
0.018249059
0.015529885
0.015721738
0.016520879
0.017742864
0.017522876
0.018851466
0.017592649
0.016126851
0.016954916
0.015985944
0.017489067
0.017164049
0.016191701
0.017123311
0.018304346
0.017109867
0.01592336
0.013690414
0.012708858
0.013449527
0.010407593
0.012590232
0.014421889
0.014226758
0.014743016
0.01462526
0.014048376
0.014470585
0.017758904
0.017702948
0.012904761
0.012928482
0.013297763
0.014877341
0.014064794
0.014315298
0.013783093
0.014714865
0.013742268
0.01436464
0.014401149
0.016809219
0.013441496
0.014099683
0.013334415
0.015320614
0.013494923
0.013789422
0.013952878
0.014241752
0.014256192
0.015243586
0.013552177
0.013877727
0.012785456
0.0135915
0.012147167
0.014761767
0.014257403
0.014533276
0.012974338
0.012775248
0.013720682
0.013433072
0.013842248
0.013927513
0.014295998
0.014524495
0.01496694
0.014993204
0.013034875
0.012981193
0.01484129
0.014051181
0.013734955
0.013173444
0.015653045
0.015124546
0.014645223
0.014653445
0.015074394
0.014724302
0.014762262
0.014236453
0.01486178
0.015582017
0.014880919
0.01502325
0.015018781
0.015111013
0.015044409
0.01521718
0.015380156
0.01521258
0.011800771
0.015430034
0.014851664
0.013942615
0.013588608
0.013730432
0.01557306
0.011211418
0.014295685
0.014154623
0.012148306
0.011723097
0.015160736
0.011097312
0.012338741
0.012365158
0.010463213
0.013427035
0.016183074
0.015055418
0.016773694
0.0098089951
0.011788213
0.01255428
0.01257711
0.012498839
0.015548599
0.012072662
0.012109585
0.011587633
0.012415055
0.012474369
0.01213978
0.012478015
0.012822211
0.012613016
0.013165316
0.013375692
0.013443077
0.012012227
0.01246366
0.013879379
0.012317455
0.012700756
0.01277444
0.01552033
0.012102016
0.014972676
0.015229334
0.015817325
0.011360812
0.015740741
0.012474906
0.013662776
0.01342782
0.012355789
0.011740865
0.011652911
0.015597943
0.015809461
0.015171365
0.015630228
0.015886927
0.016062043
0.012198611
0.014722709
0.012053843
0.015835731
0.01552607
0.015900989
0.013341977
0.014242507
0.011887123
0.011601363
0.010846476
0.011000699
0.012649007
0.014783488
0.015360928
0.014788412
0.014205887
0.012366189
0.012626322
0.012314585
0.012730939
0.011575133
0.011209198
0.011913972
0.011466755
0.011294876
0.0064298218
0.011518218
0.010774917
0.008646347
0.011036237
0.010040471
0.011262184
0.0059074623
0.010555269
0.010599996
0.01228904
0.01059021
0.010527876
0.014367872
0.014726873
0.015630451
0.015645259
0.013383973
0.01468923
0.010184018
0.01130678
0.0066238561
0.010745383
0.014064279
0.014778426
0.015670682
0.015496998
0.013836628
0.011776908
0.010490756
0.010967574
0.0078102347
0.010754298
0.0065741644
0.0079527991
0.011258425
0.011031453
0.01108723
0.0084528948
0.010347688
0.011026984
0.014131879
0.014640151
0.015126222
0.015651982
0.011454442
0.014794433
0.011668701
0.011998184
0.014840184
0.015830585
0.014699648
0.015183819
0.013297551
0.014279173
0.014873341
0.014492932
0.014786011
0.01345286
0.014078023
0.014819239
0.014460276
0.015665664
0.015719825
0.014386289
0.017329966
0.013434875
0.013620207
0.013670678
0.014686664
0.017404717
0.015800282
0.014453174
0.014380977
0.014675223
0.013916468
0.014852113
0.015856217
0.013659222
0.011693448
0.015762103
0.015856479
0.015733711
0.016633152
0.016005703
0.016242242
0.01592404
0.016369741
0.015681287
0.016032909
0.01623864
0.015621502
0.016028293
0.016043104
0.016136054
0.016295249
0.014901835
0.015373771
0.016547411
0.016200144
0.016186212
0.015768185
0.01641402
0.015928306
0.015007405
0.014940009
0.015121119
0.01568868
0.016250003
0.016446714
0.015831298
0.015356958
0.016141999
0.016131571
0.016292379
0.016078997
0.015360046
0.016762011
0.014965704
0.014804257
0.014567613
0.016251823
0.015669966
0.016230966
0.016111337
0.016127772
0.015312684
0.015548545
0.01618461
0.016130509
0.016208026
0.015805971
0.016090566
0.016111738
0.016288872
0.016491131
0.016278009
0.016392499
0.016215384
0.016178762
0.016805417
0.016731149
0.016432188
0.016132799
0.016565927
0.015872115
0.016371291
0.016390846
0.016800995
0.015865797
0.016420229
0.016274275
0.01606323
0.015934978
0.016637813
0.01479494
0.016412269
0.016611909
0.016261721
0.016681783
0.016519689
0.016580707
0.016694177
0.016374514
0.016168145
0.016054382
0.016405387
0.016107399
0.016690904
0.017028555
0.016081461
0.016878906
0.017082767
0.016733718
0.016234855
0.015900466
0.016198625
0.017016552
0.015669305
0.016484913
0.016333116
0.016615185
0.016440478
0.016827136
0.017013993
0.017285902
0.016111417
0.016525503
0.015962599
0.01574689
0.016157097
0.016459032
0.016490882
0.016488122
0.016400313
0.016831667
0.016096262
0.016684608
0.016439594
0.01696848
0.016564092
0.016949949
0.016950507
0.017101645
0.016982428
0.016847016
0.016253518
0.016151218
0.01732052
0.016662067
0.017498199
0.016586107
0.016897492
0.016540515
0.017183397
0.016872876
0.016440814
0.01702736
0.017314326
0.016132992
0.016580452
0.016733906
0.016323326
0.016416458
0.016709215
0.016942452
0.017397393
0.017525052
0.017407103
0.015979272
0.017300187
0.01829111
0.017007621
0.017477012
0.017340427
0.016127336
0.017848686
0.01689822
0.017073129
0.017929926
0.016090461
0.017086237
0.017605969
0.018019175
-0.0062799408
-0.0064652362
-0.0017577241
-0.016132817
-0.0055252797
-0.002707556
0.0015823156
0.0032032843
0.00078653504
-0.0022348024
0.0033430925
0.0030936015
0.0012403309
0.0032871174
0.0011000219
0.0014363135
0.0023924354
0.0029120066
0.00078750386
0.0057064426
0.00016229644
-0.00034071792
0.0065719831
0.0026148821
0.0072133307
0.0032863764
-0.0050024297
-0.0039920616
0.0053837731
-0.0042572079
0.004350816
-0.001975746
0.0067548405
0.0083964583
0.0052255912
0.0059680153
0.0056352505
0.0071334215
0.003745256
0.0049333814
0.0054950015
0.0061804287
0.0050840518
0.0068427725
0.0040574627
0.0048616761
0.0074270837
0.0096573502
0.0066763291
0.0083288756
0.0074442452
0.0068627864
0.0040409164
0.005061826
0.0074271578
0.0064717779
0.00789485
0.0074206882
0.0078222056
0.011220515
0.0085189398
0.0086460439
0.0081124139
0.011101925
0.0095882199
0.0087920492
0.0018226452
0.0072804117
0.0035266333
0.0064456333
0.00078630434
0.0030067061
0.0048511546
0.0056461651
0.0058930907
0.0052416539
0.0057223476
0.0050171069
0.0050275372
0.0059784088
0.0015014531
0.0060257345
0.0059748537
0.0044133438
0.0063823444
0.0024532995
0.0035881404
0.0055014949
0.0050153256
0.0074567214
0.0078484667
0.0019860499
0.0062192587
0.0061582624
0.004829935
0.0077320081
0.0026489171
0.0053918808
0.0038271323
0.010736907
0.0051657083
0.0052262319
0.0057016342
0.0061806248
0.0078719673
0.0052746755
-0.00036215383
0.003348074
0.004268188
0.0061115656
0.0054660609
0.0061613329
0.0030965994
0.0086700586
0.0079092227
0.0058865283
0.0048911025
0.0033693508
0.0035707109
0.0039734998
0.0059182489
0.0043836466
0.0074796318
0.0059789718
0.0037619006
0.0037241189
0.0066879129
0.0063486672
0.0049411683
0.0028087575
0.0046322737
-0.00027674522
0.0054386752
-0.00096953214
-0.00033680053
0.0044201372
0.0054343572
0.0052984765
0.0047597415
0.0029677507
0.0039097372
0.0045171554
0.0062691034
0.007699519
0.006466487
0.0052424496
0.0055802762
0.0067052116
0.0071731212
0.0034400862
0.0037409441
0.005655119
0.0054394441
0.0088203993
0.0099908146
0.0051813223
0.0089497558
0.0029623969
0.00421222
0.003634719
0.0047164479
0.0044935165
0.0044134763
0.010065758
0.01078596
0.0081298335
0.0069980106
0.0026881793
0.0023690727
0.004504342
0.0043370954
0.0045349618
0.0037559033
0.0047501348
0.0043680732
0.0044022489
0.0041742422
0.0085261952
0.007577555
0.0057659925
0.0053477669
0.0080909931
0.0080952526
0.0032237552
0.0033991841
0.0045812609
0.0042498035
0.0037297166
0.0040865225
0.003253507
0.0037424105
0.007896996
0.0082454731
0.0087661394
0.0092590563
0.0086134898
0.0075367865
0.0031415872
0.0027926466
0.0030238117
0.0019610717
0.01013327
0.0098491054
0.009597221
0.0081041587
0.0073859603
0.0080426049
0.0085884943
0.0083789563
0.0034684009
0.0020876965
0.0010926468
-0.0048380823
0.0020453197
0.0024001951
0.0026800292
0.002189241
0.0017445496
0.0016035212
0.0024178743
0.0016009565
0.0011711125
0.0018833855
0.00011950546
0.0017141856
0.0022102588
0.0021210017
0.0016321524
0.0010036265
0.001498958
0.0016758418
0.0023841855
0.0026466791
0.0090420993
0.0094347208
0.0094733071
0.0094761481
0.0093085533
0.0090049394
0.0091941404
0.0092277727
0.0093789742
0.0083641913
0.0083156697
0.0078376895
0.00097884428
-0.00091845499
0.00057752881
0.00043503311
0.0011018433
0.0022548348
0.00049992719
0.0017980959
0.001510561
0.0039231577
0.0025393579
0.0023685907
0.0089446214
0.0092382086
0.0088846577
0.009954687
0.0094103902
0.0090858217
0.0096450187
0.010574056
0.009690393
0.0093283868
0.0095614329
0.008016023
0.0083819665
0.0095852386
0.009580429
0.0076522723
0.0061342394
0.0010984229
0.0011895028
-9.5268672e-05
-0.0025989183
0.0010446667
0.0020994701
0.00044278938
0.0012303093
-0.002812178
0.00030551303
0.00058749906
5.8332343e-05
0.0006157029
0.0013264077
-2.6433312e-05
0.0006156502
0.00042226171
0.0013737652
0.0032279408
0.0041160343
0.0019372695
0.0020677984
0.010721979
0.010398782
0.0098791702
0.0084718127
0.0076744873
0.0065893983
0.00021434858
0.00066967839
0.010306991
0.0095291778
0.011073987
0.010003435
0.0089326802
0.0087125425
0.0093041621
0.007711882
7.4427673e-05
-0.00077279712
8.4179542e-05
0.00030266714
-0.00082036649
-0.00049037943
-0.00032998115
0.0020215723
-0.00018948267
-0.0019089348
0.00012931825
0.001197646
-0.0031669249
-0.00011375867
-0.00018729296
-0.00089863022
7.8671544e-05
-0.0014650722
0.0017016063
0.0018739464
-0.0005814248
-0.00063347953
-0.00098272673
-0.0012377784
-0.0016122381
-0.0010816321
-0.0013541704
-0.00079894038
-0.0028247823
-0.0014693984
-0.0022881805
-0.0014439427
-0.0022786187
-0.001212027
-0.00075345643
-0.0011391017
-0.00067395327
-0.0013192315
0.0011917494
0.0010069268
-0.00089044673
-0.0030560824
-0.0019806016
-0.00068473271
-0.00082829471
-0.00081916863
-0.0011296986
-0.00017829398
-0.0021794907
-0.0013505633
-0.00045450861
-0.0016416803
-0.0015872226
-0.0011557958
-0.0015426105
-0.0024690478
-0.0010564335
-0.00019992065
-0.0010245875
-0.00088179909
-0.0010273139
-0.0012199857
-0.0018426643
-0.00068827409
-0.00033133651
-0.0027995512
-0.0015341546
-0.0013739543
-0.002317042
-0.0012756141
-0.00078868011
-0.0016854906
-0.0014902874
-0.001137687
-0.0022508731
0.0013932976
-0.001421602
-0.00069142679
-0.0023849164
-0.0019630377
-0.001455448
-0.0023348042
-0.0010308504
-0.0033959274
-0.0012752132
-0.00064145679
-8.8943654e-05
-0.0012531064
-0.0009934093
-0.0011198835
-0.0010982036
-0.00062050248
-0.0039341131
-0.0010993237
0.00049645326
-0.001127493
-0.0016460054
-0.00052589621
0.000293202
0.00010449598
-0.0024824981
-0.0035671336
-0.001395919
-0.0030291593
-0.0044314189
-0.0024887702
-0.00079437943
-0.0015322999
0.00076564255
-0.0027161814
-0.0012164547
-0.0033322678
-0.0036081416
0.00036201716
-0.00020029815
-0.0027599719
-0.00022849284
-0.00099947621
-0.0013896367
-0.0020670316
-0.0039520745
-0.002289235
-0.00015263594
-0.00090524491
-0.00031106102
-0.0019793662
-0.00068427922
-0.00019101175
-0.00071395354
-0.0002928715
-0.0020569106
-0.0031689238
-0.0031699193
-0.0024961429
-0.0027693153
-0.0032359642
-0.0041937434
-0.00078484496
0.00017554031
-0.00078390686
-0.00026907974
-0.0036255194
-0.00364361
-0.0030995684
-0.00017676481
3.2710605e-06
-0.0021733069
-0.002693794
-0.0046750145
0.00030360365
-0.0034753097
-0.0017099997
-0.00014372432
-0.0012471072
-0.00094987134
-0.001176929
-0.00034724453
4.9597445e-05
-0.00084939103
-0.00034233376
-1.0710443e-06
-5.2869527e-06
-0.0016977431
-0.0025864849
-0.002197407
-0.00071265294
-0.00096886089
-0.00056678325
-0.0011007104
-0.0010197387
-0.0040400622
-0.00039477108
-0.00024909886
-0.0029460038
-0.0043459944
-0.003561996
-0.0035255493
-0.0046290645
0.00039837422
0.00042328007
-0.0017716125
-0.00088857483
-0.00045669966
-0.0033579142
-0.0012778119
-0.0038997796
-0.0034228681
-0.0011015385
-0.0011109645
-0.00097868144
-0.0011746938
-0.002412882
-0.00051187973
-0.0043127842
-0.002059303
7.6357891e-05
-5.5079503e-05
-0.0031715374
-0.0040640257
-0.00039288348
-0.00055731483
-8.1571432e-05
-0.0039951153
-0.00040567153
-0.00056783806
-0.0013587261
-0.00052142954
-0.00093210753
-0.0018632157
-0.00070206215
-0.0038066602
-0.0027146468
-0.00026727286
-0.00034167548
-0.0043513384
-0.00014211917
-0.00074345885
-0.0020495035
-0.0025076238
-0.00070588706
-0.00061864338
-0.0013861891
-0.0045889654
-0.0028819141
-0.001205199
-0.0014996692
-0.0010817525
-0.0018659326
-0.0013046023
-0.00014853345
0.00021679097
-0.0025240265
-0.0027887768
-0.0015335906
-0.00028462859
-0.00047076988
0.0014592096
0.00054975371
-0.0031465249
-0.00068948656
-0.0037081173
-0.0029682032
-0.0011011782
-0.00055832639
-0.0015813503
-0.00079390523
-0.0025444478
-0.0030320788
-0.0025940701
-0.0002379038
-0.0012843894
-0.0020142505
-0.0010826351
-0.0043588069
-0.0020290699
-0.0022502777
-0.00047295942
-0.00022630996
-0.00069291349
-0.00096127764
-0.0022923761
-0.001725379
-0.0018775188
-0.0019796847
-0.0014746474
-0.00032713805
-0.0014253842
-0.0013091642
-0.003208136
-0.0039473998
-0.00048361084
-0.0019753567
-0.0047653776
-0.0048734449
-0.0029421982
-0.00070845939
-0.0027461779
-0.00036957476
-0.0012300378
-0.0025744795
-0.0018765812
-0.0016549778
-0.0032774741
-0.0022944804
-0.002871782
-0.0017428199
-0.0036905145
-0.0020666554
-0.0016414433
-0.0011871378
-0.0012715979
-0.0011603175
-0.0014598733
-0.0039018024
-0.0044951394
-0.0027300657
-0.0053663647
-0.0024145609
-0.0018682483
-0.00064592587
-0.0020159509
-0.0012030106
-0.00086137457
-0.00072038236
-0.00077096878
8.7733165e-05
-0.0015356063
-0.0025139243
-0.0017698968
-0.003950443
-0.0025827541
-0.0019495595
-0.0031735884
-0.0020540438
-0.0025838348
-0.0013222388
-0.0027450474
-0.0030794035
-0.0049088877
-0.0049473044
-0.0036465073
-0.0049137687
-0.0081553833
-0.0040898461
-0.0061296671
-0.0044643073
-0.0035902239
-0.0055819568
-0.0060523534
-0.004273479
-0.002179243
-0.0023927688
-0.0022285203
-0.0024560478
-0.00017994779
-0.0038121583
-0.0046764323
-0.0039648648
-0.00394588
-0.0050066825
-0.0011776247
-0.0069531447
-0.0024609397
-0.00047449193
-0.0017898973
-0.005957548
-0.005576122
-0.0046943375
-0.00097608876
-0.0039212751
-0.0011188328
-0.0012971561
-0.001145273
-0.0018470829
-0.0039095344
-0.00099148525
-0.0014609284
-0.00054796659
-0.003042288
-0.0023405
-0.0015581908
-0.00221064
-0.0018404505
-0.0012950663
-0.0011056312
-0.0019887745
-0.00070956576
-0.00070480728
-0.0012415274
-0.0011536176
-0.00083771293
-0.0021431289
-0.0015687261
-0.0011262831
-6.9513186e-05
-0.00061494422
-0.00028964917
-0.00014980382
-0.00012799918
-0.00060737156
-0.00020809739
-0.00056211099
-0.00090010062
-0.00061768153
5.4971528e-05
-6.2780758e-06
-0.00048937387
-0.0011325326
-0.00082663888
-1.5176041e-05
-0.0004625731
-0.0005188426
-0.0001370977
-0.00049550342
-0.00049444724
0.00034871072
0.00013544328
0.00023852817
-0.00019816678
-0.00052757197
-0.00018518317
-0.0003492594
0.00023487636
0.00014921934
-0.00010292493
6.810418e-05
-0.00029106818
-0.00069485266
-2.1954025e-05
0.00018906176
-1.4601336e-05
-0.00010243421
-0.00019091776
-0.00039142572
-0.00025368953
7.045768e-05
-0.00030028446
0.0002400569
-7.4839814e-05
0.00023319021
-8.6035505e-05
0.000109621
0.00021337434
-2.2363091e-05
-4.3007225e-05
0.00041308089
0.00048348592
-0.0002272695
-0.00019015429
2.6954293e-05
2.252955e-05
0.0002603917
0.00022376231
0.00044961549
0.00020572656
3.0478146e-05
-2.8160499e-05
-0.0001311021
9.3743309e-05
-0.00032189274
-0.00012991099
2.4596903e-05
0.00019432557
-0.00038409009
-0.00011300939
-7.0177938e-05
0.0004614469
0.00016352806
0.00020560179
0.00096354923
-0.00018364203
0.00014815085
0.00039405121
0.0004184261
0.0001622237
0.00051382504
0.00057175799
-5.9463676e-05
-0.00024625532
0.00061965337
0.00020953467
-7.4011188e-06
-8.6669127e-06
-0.00019845303
0.00026300114
-8.7003118e-05
2.6065316e-06
-0.00014464056
0.00013860358
-0.00085957955
-0.0010296518
-0.00080014388
0.0012584401
0.0002097737
0.00030451542
0.00040069176
0.00022725934
0.00017496352
-0.00088701321
-0.00096939646
-0.00090241944
0.00040498084
0.00077686099
0.00027352253
0.00052540831
0.00049183556
0.00038490882
0.00010052204
0.00022740808
0.0005415563
0.00030640178
0.00010458002
-0.00013133138
-0.0010306314
-0.00050559655
-0.00086035963
0.00031212431
0.00022752989
0.00020092866
0.00026736202
0.00024533875
0.00058303937
0.00048234364
-0.00033462386
-0.00062186188
-0.00053009356
-0.00059101349
-0.0018149075
-0.00066721686
-0.00050835564
-0.001459944
-0.0011494864
-0.00094408325
-0.00065877514
-0.0002432622
-0.001386868
0.0011315161
6.0554701e-05
0.0013071602
-0.00048599972
-0.0011515355
0.00026894076
0.0013191093
-0.00097165639
-0.0013840001
0.00020224297
-0.0011182692
-0.0013150343
-0.00047354689
-0.00052733347
-0.00041611946
-0.0014447512
-0.0015861738
0.0010455487
0.0013124661
-0.0018698322
-0.0019510383
-0.00092546928
0.0017461907
-0.0013409841
-0.0014719027
-0.0010253448
-0.0017627413
-0.0033946878
-0.0025524605
0.0017535982
0.0011937809
0.00060349944
0.00020769528
0.00053667375
0.00047274341
0.0016403379
0.0013765598
-0.00088751688
-0.00056126164
0.00025383422
0.00033180272
0.00040854592
0.00033230917
0.00050068947
7.7795853e-06
0.00064040604
0.00019582379
0.00044676638
0.00039325948
0.00039264608
0.00056374243
-0.00036512808
-0.00017658026
0.00059753172
0.00052003595
0.00062935531
0.00051271802
0.00053088999
0.00076972145
0.00044900551
0.00057869816
0.00072030787
0.00096074246
0.00017650581
0.00029255761
0.00046088472
0.0003607408
0.00028966155
0.00092735695
0.0007080585
0.00055189553
0.00039289632
0.00063405244
0.00060259488
0.00075225394
0.00063100189
0.00064504727
0.00061769962
0.00057983749
0.00029261667
0.00071415683
0.00081266378
0.00067204144
0.0005001409
0.00060118805
0.00056928333
0.00055147096
0.0006297829
0.00048043875
0.00074844486
0.00042521263
0.00084584944
0.0010655232
0.00090735314
0.00055578651
0.00054758687
0.00078472147
0.00053593518
0.00057518891
0.0010409454
0.00049992094
0.0010793143
0.00067033602
0.00073333268
0.00080964056
0.00051447554
0.00059003337
0.00058133068
0.0006303285
0.00098169961
0.00020846295
0.00061235404
0.00065282368
0.0006412891
0.0010400376
0.00052069775
0.0011512707
0.00037434842
0.0006350334
0.0006977709
0.0011881472
0.00072695356
0.00084911474
0.0011631123
0.00064248861
0.00069413191
0.0008876747
0.00095667548
0.0012069603
0.00084948804
0.0010810637
0.00056556558
0.00073799815
0.00098947222
0.0010824102
0.0010138366
0.00088471667
0.00018084
0.00086675456
0.00092702459
0.0014253261
0.0010949345
0.00071543722
0.0012813172
0.001316587
0.0005160645
0.000871289
0.0011855839
0.00067824793
0.00095842977
0.0007047855
0.00068689665
0.00065006777
0.001046836
0.00074325254
0.0014391146
0.0008091985
0.0013873728
0.00082230148
0.00093602806
0.0007114094
0.00072884527
0.00070127432
0.0011802669
0.00094422094
0.00084301859
0.0012085889
0.0012429714
0.0013120462
0.0010725944
0.0010290861
0.00061485316
0.00084249798
0.0011822649
0.0010742363
0.00091428273
0.00096045743
0.0010967436
0.00087220275
0.00091289826
0.00074456846
0.0010412494
0.0010585232
0.001130807
0.001221554
0.0015563785
0.0013507303
0.00066891079
0.0012104328
0.0017524521
0.00099945003
0.0016126423
0.0016509366
0.0013243669
0.0010340937
0.0013735557
0.00076287578
0.0012619805
0.0010895924
0.001180195
0.00096824731
0.0015288668
0.0014841293
0.0013783095
0.001376427
0.0006763981
0.0013085082
0.00088064181
0.001281127
0.0013234729
0.0014316368
0.0014749933
0.0013285869
0.0011080903
0.00083766091
0.0016753787
0.0013356328
0.0014431847
0.0012319845
0.0015861338
0.0015953247
0.0016382326
0.0013531117
0.001197519
0.0012109405
0.0012718108
0.0011417344
0.001945639
0.0015358718
0.0010708905
0.0011231385
0.0014649975
0.0013917162
0.0013903435
0.0012300879
0.001064574
0.0016543399
0.0012310251
0.0009254199
0.00088066251
0.0010394623
0.0012184828
0.0010645521
0.0010898941
0.0010585312
0.0015975156
0.0012460513
0.0015709985
0.0015280517
0.001147788
0.0013510423
0.0014241056
0.001200161
0.0015415443
0.00086699605
0.0011245552
0.001567131
0.0013926592
0.0012481586
0.0011469532
0.0013135302
0.0016123766
0.0013327021
0.0011112528
0.0015089482
0.0015170969
0.0014929519
0.0010199344
0.001401546
0.0015007888
0.0011571694
0.0018933746
0.0010500318
0.0013021261
0.0013015065
0.00093057203
0.0018814649
0.0013963853
0.0014498681
0.0017659769
0.00098198429
0.00071407111
0.001477965
0.0015757462
0.001812098
0.0014806153
0.0015383443
0.0015978589
0.0017379522
0.0017796557
0.001560625
0.0015965385
0.0018368843
0.0016400184
0.0017378144
0.0014018674
0.0015165721
0.0019245142
0.0013738255
0.0016570686
0.00016254194
0.00089874106
0.0012422599
0.00096682589
0.0011400183
0.001125461
0.0014586884
0.0014042801
0.0015716173
0.0017223373
0.001499779
0.0017506945
0.0012793329
0.0013760954
0.0017331738
0.001363541
0.0013110458
0.0016246372
0.001210081
0.0013453358
0.001550397
0.0014850858
0.0010417035
0.0011421452
0.0010377676
0.001010697
0.0011865051
0.0013802083
0.0014288774
0.00090993086
0.001486984
0.0015241755
0.0012796153
0.00098739182
0.0017118
0.0019298215
0.0017906979
0.0017178191
0.0013852694
0.0012538178
0.0011546762
0.0014033262
0.001297935
0.0011394201
0.0017820997
0.0011824887
0.0010955998
0.0012596894
0.0012782566
0.0014170336
0.0014652999
0.0017725007
0.0015532733
0.0013253552
0.0004716237
0.00029062652
0.0011214875
0.0013688526
0.00082812279
0.0014367641
0.001085867
0.0011452886
0.00083236846
0.0013064718
0.0014345964
0.00081147988
0.0011350775
0.001532874
0.0015373777
0.0014398273
0.0012291566
0.0010340273
0.001727671
0.0017135546
0.0014077419
0.0007523876
0.0010165403
0.0011512459
0.0011918233
0.00079260418
0.00092377427
0.0010614871
0.001338402
0.0011163803
0.0010941597
0.00069672807
0.0014678301
0.0015655864
0.00090926271
0.0013793846
0.00075452185
0.00029089697
0.0015857151
0.0011919273
-0.0004343138
0.00030542316
0.0013223755
0.0012705825
0.0013975509
0.00092822404
0.0010217292
0.0012988308
0.0011325281
0.00013427521
0.0011873879
0.0017964843
0.00094291161
0.00062749325
0.001308104
0.0011699109
0.0014745055
0.0013349729
0.0016790505
0.00075852876
0.0014256136
0.0018282987
0.00059141202
0.0012441763
0.00049421305
0.0015121373
0.0015966954
0.0015410999
0.00099472848
0.00070353707
0.0015077048
0.00071412023
0.001734646
0.001353299
0.0010389887
-0.00043481835
0.00078922285
0.00086046438
-0.00022940452
0.0010480002
0.001102954
0.00091738237
0.0012533103
0.00076562347
0.0006801948
0.0012281928
0.001301205
0.0011112556
0.0014519479
0.0017237163
0.0014414798
0.0012753526
0.00078197772
0.0013203113
0.00050550527
0.00051088359
0.0016243941
0.0014875971
0.0013467033
0.0017789621
0.001067091
0.0019307425
0.00097824416
0.0010697123
0.0015039504
0.0017757786
0.0018501327
0.00081108581
0.00177444
0.0017848347
0.00079042494
0.00083584762
0.00085661005
0.0018403214
0.0018562906
0.0011212092
0.0012536143
0.001189462
0.0014393951
0.0013439391
0.00088840834
0.0010018894
0.0010051672
-0.00099588632
0.00075528925
0.00068231173
0.0016371833
0.0011014252
0.0017462178
0.0010329003
-0.0012749304
0.00040558831
0.00090625169
0.0014780399
0.0017503046
0.0017444471
0.00154362
0.0015238056
0.0016740671
0.0018557933
0.0011928332
0.0014860936
0.0013951724
0.00088492512
0.0017320799
0.0014937863
0.0012359078
0.00092042855
0.0014174555
0.0018619544
0.0014050173
0.0017889556
0.0017774893
0.0016458835
0.001339758
0.00065743855
0.001254475
0.0017839237
0.0010057665
0.0016124178
0.001709852
0.0014264649
0.0018560782
0.0014717369
0.0011929591
0.0014391566
0.00093383416
0.00079721098
0.0013238549
0.0015546165
0.0014976059
0.0013773669
0.0016584018
0.0013512101
0.0016528006
0.00061298926
0.00085066653
0.0017044765
0.0015236534
0.00053380115
0.00085481808
0.00086566077
0.00071164024
0.0017233346
0.0017987259
0.001622065
0.00082807876
0.0015660827
0.0017230558
0.0016843064
0.0014932004
0.0017195077
0.0013873284
0.0010397228
0.0010098222
0.0013656511
0.00064376986
0.0013800573
0.00060483958
0.0015345896
0.00083428322
0.0015562394
0.0015303489
0.0013006281
0.0015594145
0.00095669489
0.0016631155
0.00093519083
-1.3000285e-06
0.00088973202
0.00063419493
0.00075931812
0.00054558164
0.0013220026
0.00071998315
0.0016940065
0.0016420038
-9.9187141e-05
0.00077652204
0.00078664021
-0.0012796361
0.0010593901
0.0012376028
0.0012048223
0.0013434314
0.0018706325
0.0011096879
0.0010099414
0.0012776902
0.0018028855
0.0011330462
0.00097482198
0.00084058745
0.00082936602
0.00056029262
0.0015022932
0.0014072366
0.0012662374
0.0015165139
0.001592497
0.0018987578
0.0014426669
0.0014995695
0.0014123455
0.0014425941
0.0014616236
0.0016067997
0.0017975231
0.0018741276
0.0015961046
0.0018311535
0.0015471221
0.0016207299
0.0016721504
0.0017493337
0.0017130824
0.0011418538
0.0018535784
0.0017631326
0.00094958554
0.0015799139
0.0014650154
0.0014965848
0.00096707075
0.0010579257
0.00090039014
0.00065193621
-0.0012375113
0.00085039724
0.00092776614
0.00103443
0.00087561856
0.0008600063
0.00085285799
0.00079781143
0.0011036244
0.00069328426
0.00081238225
0.00069688133
0.00083500082
0.00092069219
0.0007812823
0.00069102929
0.00074318904
0.00081844692
0.00096613374
0.00090725419
0.0013116775
0.0014671954
0.0012666937
0.00021276848
0.0014789033
0.0014645443
0.0017409311
0.0013416999
0.001269728
0.0015213493
0.0012875882
0.0012348564
0.0013936497
0.0011676587
0.0010789085
0.00077131545
0.0010138147
0.00086417492
0.00069291342
0.0014214959
0.0010225644
0.0013417489
0.0011670304
0.0018801814
0.0010013306
0.0010876566
0.00037323166
0.001075024
0.0017360483
-0.00029748208
0.00038924327
0.0010051352
0.00092919468
0.0017159063
0.00099839179
0.001669368
0.0018538045
0.0017816916
0.0068817983
0.0076095328
0.0084091661
0.0095273773
0.0073100744
-0.00083315771
0.011828047
0.011880028
0.013001528
0.012843176
0.013060846
0.012141242
0.011663263
0.012326615
0.014181989
0.015507872
0.016067347
0.016335385
0.013980108
0.014039926
0.016199245
0.014849941
0.012468756
0.012718584
0.013897818
0.014114846
0.01459749
0.014223977
0.01531018
0.016006578
0.014460735
0.015052663
0.014365607
0.014818926
0.014695466
0.014819551
0.017295703
0.015134135
0.014183392
0.014755255
0.014821776
0.015015801
0.012151187
0.010621336
0.012909782
0.0126883
0.012876312
0.01268015
0.012822083
0.012527806
0.012094045
0.012411152
0.015927357
0.016582789
0.016579376
0.014762494
0.013758519
0.013934908
0.013957545
0.011320685
0.011268358
0.009901841
0.011390695
0.0089794327
0.011024497
0.010792949
0.010653666
0.0094348828
0.011124176
0.010932919
0.012548653
0.012432848
0.011925979
0.011737633
0.011360403
0.011142318
0.011718291
0.012073383
0.011122917
0.015389099
0.014602619
0.015414945
0.017030231
0.016617248
0.016222178
0.016782295
0.015777144
0.01675811
0.016948807
0.016832978
0.01713251
0.017838709
0.01694938
0.016226044
0.01621448
0.019894524
0.017387448
0.0014665433
0.00016235077
-0.0004941769
-0.00068073668
-0.0058035411
-0.005995863
-0.0050514358
-0.0042626744
-0.0054891799
-0.0033507706
-0.0026090564
-0.0025326497
-0.0039908119
-0.0035748
0.0048117879
0.0060368041
0.0076342605
0.0096558319
0.0092964892
0.0087534056
0.00956047
0.011174244
0.0059049495
0.005456449
0.0057638676
0.0055761299
-0.0013288273
-8.4498711e-05
0.0036642854
0.0040754086
0.0042157088
0.0035265843
0.010241225
0.0042651082
0.0067163356
0.0030622647
0.0038560457
0.010522192
0.0038078385
0.0041039419
0.010377555
0.0037308581
0.0065464105
0.0089756135
0.0080519956
0.0077012695
0.0080857225
0.0080253154
0.0071570384
0.0070712249
0.007652038
0.0059609845
0.0071119071
0.0015635915
0.0014454082
0.0012996621
0.0011286032
0.0013609426
0.00082974807
0.0024631625
0.0029866124
0.010745374
0.010045396
0.0097346462
0.0094670669
0.0012813249
0.0016126264
0.0011615356
0.0015820222
-0.00016911132
-0.00030490745
0.00031939693
8.6059446e-05
-0.0006139253
-0.00066333968
-0.0024810724
-0.0023231028
-0.00058341589
-0.00030679149
-0.00082105417
-0.00072553166
-0.0029025967
-0.0024651852
-0.00063209398
-0.00048528864
0.00018376856
0.00079271767
0.00082817637
-4.4868733e-05
-6.7341803e-05
0.00054604551
6.0563402e-05
0.00012335236
-0.00041706019
0.00014853717
-0.00034308474
-0.0002821196
-0.0032091849
-0.0026269686
-0.0018477838
-0.0018810121
-0.0036572182
-0.0049715232
-0.0022500051
-0.0026261317
-0.0034144894
-0.0017977647
-0.0035468729
-0.0025370318
-0.0016851185
-0.0012029377
-0.0033316403
-0.0032657102
-0.0036972194
-0.0025245709
-0.0027306638
-0.0025916249
-0.0030433888
-0.0023277446
-0.0029828118
-0.0016824181
-0.0022392232
-0.0024526438
-0.0022839109
-0.0021471286
-0.0030941533
-0.0021074241
-0.0018443502
-0.0016767123
-0.0015121334
-0.0014788857
-0.00067810139
-0.00087187437
-0.00040314905
-0.00024984796
-4.6575052e-05
-0.00022277347
-0.00074443949
-0.00091647411
-0.00084219178
-0.0010814243
-0.00092527487
-0.00071376665
-0.00056386328
-0.00074598704
-0.0018456855
-0.0016887566
-0.0022301009
-0.0018939547
-0.0016472077
-0.0017078438
-0.0027869381
-0.0019537299
-0.0018978667
-0.0019226533
-0.0017749094
-0.0016303772
0.00035357847
0.00029664956
0.00019879657
0.0002029564
0.00034679855
0.00025608633
0.00042133039
0.00037608112
0.00028548478
-0.0001649726
0.00053524543
0.00038528646
0.00039384801
0.0002597232
0.0005217296
5.0575085e-05
0.00027752189
0.00015208333
0.00029906689
-9.870163e-05
-0.00012972962
0.00012128233
0.00021653844
0.00073803263
0.00019785274
7.2209297e-05
0.00029803914
0.00014311268
2.903863e-05
0.00019783348
0.00021553421
0.00015913887
7.5974134e-05
0.0002092085
-5.3441829e-05
5.8613429e-05
0.00040616953
0.00034057196
0.00059208676
0.00014639889
0.00069323071
0.00023780204
0.00013056382
0.00019970629
0.00049095533
0.00052369492
8.0538729e-05
-0.00016496924
0.00039694739
0.00079721036
0.00049635902
0.00060334595
0.00041488647
0.00022995274
3.8413e-05
-0.00020232247
0.00052107998
-0.00013389303
0.00049918266
0.00053917165
0.00047141413
7.8176125e-05
-1.9796829e-05
0.0001282036
0.00045071572
0.00056399755
0.00025131585
0.00025989983
0.00045979693
0.00039286899
0.00058245282
0.00062894964
0.00017873383
-0.00010541312
0.00025506794
0.00056019031
0.00040316768
-0.00014811495
0.00027635181
-0.00010389013
0.00032648384
0.00018828354
0.00041306704
-0.00020935118
3.7590947e-05
-2.9380365e-05
0.00013155406
-0.00020880333
0.0003798008
0.00030341971
0.00035170933
0.00069528514
0.0002720766
0.00059660353
0.00048944795
0.00018374751
-4.7464521e-05
0.00038563704
0.00015538962
0.00032312007
0.00068680008
0.00067343291
0.00068971495
0.0003689786
0.00047046012
9.9570576e-05
9.8265664e-05
0.00062177301
0.00030976215
0.00041876286
0.00018917709
0.00025083186
0.00059485334
-0.0003076789
0.00034702561
0.00055599419
0.00055112255
0.00040118478
0.00030981229
0.00060880319
0.0004314075
0.00029485499
-0.00039225267
-0.00013496886
-4.7869499e-05
0.0004925471
0.00063835804
0.00013481181
0.00069553629
0.00020292766
0.00045357293
0.00014665116
-1.8060007e-05
0.00038287844
0.001048756
0.00015530043
-0.00026937528
0.0001628054
0.00039895427
0.00013102119
0.00020494293
0.00055789146
0.00053390468
0.00038462217
0.00043731744
0.00045248347
-0.00015627231
0.00022210457
0.00050862528
-4.7048434e-05
-0.00052178327
0.00025143895
-0.00034524275
0.0003651982
0.00029907069
0.00033468268
-3.4632261e-05
-0.00021404613
0.00021076179
-0.00012820524
0.00029406875
6.1542105e-06
-4.510448e-05
0.00080788312
0.00030279935
4.3907873e-05
-0.00053105999
-0.00017497324
-0.00019775518
0.00010089024
0.00019115154
0.0006276559
0.00021576088
-0.00022947495
-0.00036896672
0.00035236841
0.00034140365
-4.6052008e-05
0.00034365034
-0.00020538886
0.00032164134
0.00022325685
0.0005721436
0.00013882577
0.00031348815
0.00026037809
-0.00027685963
0.00021381145
3.5576313e-05
-0.00011543212
0.0005882537
0.000294288
0.0004016302
-0.00012116386
-0.00014971959
-0.0002102555
5.4292089e-05
0.00033417621
-0.00039627605
-0.00046739317
6.6038626e-05
0.00021113885
-3.7333751e-05
4.4450434e-05
-0.00018183368
0.00016574479
-4.7756553e-05
-3.5794545e-05
-0.00025898386
-0.0002269735
-2.9070093e-05
-0.00028797714
-0.00033276796
0.00017529245
-0.00047350973
0.00018399585
-0.00034308387
-0.00024148001
-0.00017691457
-0.0003487755
-0.00025539954
-0.00022943418
0.00010483731
-0.0001518041
-2.4834497e-05
2.8979678e-05
-0.00064201352
0.00025209751
0.00017550025
-0.0001285404
0.00029934654
0.00038742941
-0.00010334701
8.7636058e-05
-0.00032484917
-0.00096109711
0.00035331494
0.00047134866
-0.00024234734
-6.5191889e-05
-0.00035583266
0.00018093553
-5.1523293e-05
0.00056890257
-0.00022115585
-0.00031119263
0.00012893254
0.0004340423
-0.00041031685
9.4790129e-05
0.00050626653
-0.00021277271
2.1485047e-05
4.3659686e-05
-0.00036601022
2.6407349e-05
0.00049448693
5.3300289e-05
0.00031012801
0.00013298512
0.00023778212
0.00019367315
-5.5989671e-05
3.4702763e-05
0.00016548084
0.00016650319
0.00075400556
-4.4840104e-05
-3.3692641e-05
-1.3470775e-05
0.00037158102
0.00035331884
-0.00019387746
-8.672636e-05
-0.00011612549
0.0006371169
0.00015814521
-0.0003577489
7.1484388e-05
6.3044891e-05
7.9176889e-05
0.00049962514
0.00012606461
-6.3514076e-05
-6.4633753e-05
0.00033499455
3.7268486e-05
9.6226992e-05
8.5497769e-05
0.0001468384
0.0001259154
0.00077803949
0.00091110238
0.00074562188
0.001005676
0.00075171707
0.00065185558
0.00067798168
0.00065937508
0.00090797803
0.00080663519
0.00056083574
0.00051609242
0.0010462705
0.00091989514
0.0011415729
0.00093857082
0.0011389352
0.0013212383
0.0013235817
0.0010255517
0.0010172276
0.0010930905
0.0015513561
0.0016051505
0.001176956
0.0014654195
0.001916296
0.0014327485
0.0014128263
0.0014077751
0.0014587538
0.0013987079
0.0014343015
0.0013744889
0.0018744241
0.0015058121
0.0016245462
0.0017214145
0.0017355546
0.0015230358
0.0014492672
0.0016353172
0.0016577976
0.0017394916
0.0015543284
0.0016002879
0.0013927447
0.001531892
0.0013355935
0.0011518109
0.0014240977
0.0012498427
0.0013041528
0.0014332301
0.00148373
0.001619213
0.0015823101
0.001739815
0.0013094623
0.0012455738
0.0013980244
0.0017784249
0.001753301
0.0013348502
0.0015286959
0.0016949479
0.0018625438
0.0017159055
0.0016842345
0.0017641893
0.0017431948
0.0015320929
0.0014770396
0.0015003021
0.0018215591
0.0018237532
0.0018001269
0.0014310316
0.0017929171
0.0017704727
0.0016250985
0.0015638372
0.0012280864
0.0012157462
0.0015008369
0.0014468923
0.0017870229
0.0018487573
0.0016804895
0.0019235417
0.0014856669
0.0022985171
0.0019712665
0.0013248503
0.0011810277
0.0013669045
0.0022619693
0.0018444662
0.0018454611
0.0018165679
0.0018819951
0.0017401685
0.0018027467
0.0017443597
0.0018805847
0.0013394849
0.0012983802
0.0012137718
0.0014649187
0.00098253168
0.0014325089
0.0013612649
0.0011891045
0.0014378007
0.001289087
0.0012004912
0.00098943855
0.0018936251
0.0011134049
0.00099104846
0.00092537939
0.0012792947
0.0011755396
0.0010704125
0.0013222443
0.0016188416
0.0015243017
0.0016015398
0.0015870979
0.0018916464
0.001150814
0.0016591535
0.0015998354
0.0015754563
0.001642582
0.0014911231
0.0010648788
0.0010729524
0.0010063798
0.00095197236
0.0013638543
0.0011329394
0.0013710396
0.0011295331
0.0016789869
0.0016350626
0.0012005484
0.001403967
0.0014014945
0.0012464311
0.0014870517
0.0011710861
0.00074451905
0.0012104255
0.0018380969
0.0017541623
0.0012862201
0.0012112922
0.0010520708
0.0015534644
0.0014501642
0.00098632285
0.00064220786
0.0011989288
0.0013106006
0.00032290126
0.00091230932
0.00075210417
0.0012502878
0.0010136911
0.0011009252
0.00042077785
0.00079850247
0.00099040289
0.0007427567
0.00041509037
0.00088632735
0.00076722962
0.00083888215
0.00072311414
0.00090943682
0.0013018971
0.0011337431
0.001402633
0.0013504828
0.00061768329
0.0012289616
0.001069305
0.00136625
0.0011573658
0.0014387994
0.0011771976
0.0018536846
0.0019215035
0.00080640861
0.001409571
0.0018319718
0.0014509846
0.0014191612
0.0013587354
0.0015472976
0.0016113094
0.0011665418
0.0014594098
0.0015914651
0.0019328455
0.0011393989
0.00076169836
0.00099916162
0.0010975795
0.00060219452
0.00056611142
0.0017510408
0.0017193063
0.001747911
0.0016743584
0.0018129225
0.0017325577
0.0018371168
0.0016648788
0.0017266094
0.0019613782
0.0018403013
0.0017141017
0.0018903385
0.0016613101
0.0018758207
0.00088822431
0.00084985643
0.00068732918
0.00071967733
0.00076687085
0.00079584819
0.0003983447
0.00070153675
0.0006914447
0.0010886781
0.0011357958
0.0011230858
0.0012380596
0.0011857781
0.0012018335
0.0010081093
0.0010063178
0.00020941908
0.0007119558
0.0007330145
0.00046270562
0.00048810768
0.00064807304
0.00064696546
0.00046429594
0.00065255298
0.00049454073
0.00047890223
0.00037373374
8.6342238e-05
0.00043717323
0.00028621038
0.0013755109
0.00073353204
0.00090275932
0.00071951415
-2.587731e-06
0.00053102886
-0.00026636604
0.00051061436
0.00066703571
0.00016309203
-3.2685049e-05
0.00045291849
0.00046872611
0.00034988288
0.00063658596
0.00037833686
0.00047728988
0.00065530442
0.00055449112
0.00024928681
0.00034951786
0.00052162933
-0.0002056958
4.9572142e-05
-0.00049394278
0.00081525714
5.6458485e-05
0.00042279724
0.00035453308
0.00071365876
0.00061452681
0.00052800738
0.0004654446
0.00045838775
0.0003800467
0.00087140173
0.00041730499
0.00044409793
-0.00022486209
-0.0005564724
0.0005556109
0.00077148784
0.00045550821
0.00029144698
0.00046376688
0.00081602715
0.0012442756
0.00067313807
0.00013768491
0.00038195326
0.0006019709
-0.0011594444
-0.00038318968
-0.001953329
1.3616453e-05
0.0017194424
0.0018289756
0.001623562
0.0017583072
0.0059047784
0.0040567189
0.007046571
0.0096036437
0.0029700821
-0.0088655546
0.0060902135
0.0072833972
0.011671913
0.01370586
-0.0061417688
0.0023877953
0.011112274
0.01288109
0.01571441
0.005414822
0.01334496
0.013265866
0.013231729
0.012523451
0.012544183
0.011986393
0.018494094
0.015976712
0.01562681
0.016087373
0.015473091
0.015859828
0.016003238
0.0161642
0.016622057
0.016689681
0.016175857
0.016261214
0.016409394
0.015984189
0.016750783
0.017537893
0.018325995
0.015838863
0.016581337
0.016225156
0.016299247
0.016144395
0.016787014
0.016764601
0.01682966
0.016273953
0.016273385
0.016220312
0.016558127
0.01698797
0.016037737
0.015733493
0.016487906
0.016711078
0.016922253
0.017473969
0.016263203
0.016389416
0.016731347
0.017122889
0.01685939
0.017222337
0.015416407
0.01540346
0.01579412
0.015541857
0.015700761
0.014679374
0.013074675
0.013283698
0.014859864
0.014630269
0.014314011
0.014144054
0.014297447
0.010771046
0.010503906
0.0097248185
0.0094302036
0.010300493
0.010430866
0.0093604592
0.0099691552
0.010249944
0.01029921
0.01155437
0.010833851
0.010398409
0.010924754
0.011528687
0.011281262
0.011388995
0.011225504
0.010761073
0.010300316
0.0095394998
0.0097234888
0.01012396
0.0093776133
0.0092281246
0.0090384938
0.010096391
0.010534185
0.0089887364
0.010099548
0.011708178
0.011540979
0.016817239
0.016718253
0.017127972
0.017717941
0.016831817
0.017081846
0.017026872
0.017366955
0.01720634
0.017553186
0.017499528
0.017195665
0.017989722
0.017481776
0.01761514
0.017201429
0.017033649
0.017153097
0.017520856
0.017263713
0.017681576
0.01740067
0.017646361
0.017234723
0.017187279
0.017528659
0.017934648
0.017365963
0.01735137
0.018143865
0.016928828
0.017420812
0.017519081
0.017791417
0.018270562
0.017627673
0.016721618
0.017395204
0.016716811
0.017608968
0.01735276
0.017471813
0.017460502
0.017977849
0.017387598
0.017782352
0.017795803
0.01742429
0.017500625
0.017388466
0.017671238
0.017991019
-0.0046323527
-0.0048075354
-0.0045495359
-0.0051715668
-0.0037845565
-0.0040750622
-0.0037999729
-0.0041455984
-0.0049868799
-0.0058209901
-0.0045339043
-0.0049536502
-0.0057843121
-0.007772092
-0.0055255763
-0.0059171449
-0.0053806477
-0.0041162536
-0.005786179
-0.0057327058
-0.0052284668
-0.0090300323
-0.005617967
-0.0063373951
-0.0064334955
-0.0070620231
-0.0064641877
-0.0045530048
-0.0019092721
-0.00065324713
-0.0020887612
-0.0015099192
-0.00097754898
-0.0015509712
0.00093484902
0.00040681157
-0.0012220624
-0.00050454651
2.9369383e-06
-6.9748486e-05
-0.00064701504
-0.00076367466
0.0010462004
7.7511446e-05
0.0047290737
0.0039520505
0.0031605163
0.0041152797
0.0036614963
0.0033684856
0.0029063566
0.0036295578
0.0019038313
0.0014162405
0.0036541948
0.0043220961
0.0029646047
0.0037856346
0.0041102059
0.0032580584
0.0040269352
0.0036581115
0.0038740764
0.0024788567
0.0027559379
0.0092378647
0.0076271722
0.0091673437
0.008241655
0.0024415152
0.0018017933
0.0005180009
0.0018973074
0.00065380449
0.0008866949
0.00087030014
0.0012141468
0.00036684464
0.0011082936
0.00016625947
0.00074826881
0.0011724036
0.0011654988
0.00089940594
0.00071429504
0.0010377141
0.0016549806
0.00040374872
0.00017300934
0.00059877242
0.0004623163
0.00079815423
0.00077465748
0.00069338533
0.00095038584
0.00074256429
0.0010724572
0.00049262561
0.00054155281
0.00024328202
0.00089182789
0.0010242893
0.0012484479
0.00020886362
0.00046285078
0.00097694628
0.0013451349
0.00015270314
0.00015514577
0.00055643067
0.00081886799
0.00023452955
0.00021010012
0.0014313592
0.00081743632
0.00055035588
0.0011524573
-9.8553852e-05
-0.00021660474
0.000373018
0.0013658277
0.00027315023
0.0013237025
0.0014680011
0.00056663721
0.00026228143
0.0010051999
-0.00012386632
0.0015662874
0.00061471876
0.000541352
0.0012563845
0.00068460543
0.00012702581
0.0015496543
0.0016754035
0.00096965346
0.001725767
0.0003385927
0.00044065409
0.00021669923
0.00034189772
0.0012584238
0.0007985167
0.0018584756
0.00079973135
0.00075490037
0.00027301188
-0.00024099779
0.0015876264
0.0015151882
0.0024806131
0.0016382651
0.0017494997
0.0013796863
0.00086886305
0.0019334681
4.7667871e-05
0.0020739352
0.0018098726
0.0028456434
0.0021062145
0.0021902203
0.0024987065
0.0006024706
0.0012329242
0.0036983651
0.0024031692
0.0018873055
0.0032936367
0.0019344648
0.0023370086
0.0026071116
-0.00022950095
0.00015448633
0.00042895305
0.00035634779
-0.00084803897
-0.00056973485
-0.00083211929
-0.00067739289
-0.00021703341
1.558772e-05
-0.00064445699
-0.00054765704
-0.00030101629
-0.00042018572
-0.00046798817
-0.00044499929
-0.0005218007
-0.00061599197
-0.00030033772
-0.00028523915
-0.00038809874
-0.00013695831
-0.00042137271
-0.00018295288
4.8273554e-05
-1.8434672e-05
-0.00015003488
-8.247631e-05
1.3323972e-05
-0.00013527667
0.00017632303
-2.410812e-05
6.1436442e-05
6.5100732e-05
-9.0734982e-06
-0.00012563392
0.00070999993
0.00054292032
0.00069573857
0.00058875917
-0.00013936957
-6.7252444e-05
-0.00019255447
-0.00031590062
-0.00020472853
2.538138e-05
-0.00020980112
0.00066574439
-0.00017630188
0.0001044207
0.00014060893
0.00030708688
-5.003355e-05
0.00035667839
7.6051157e-05
-0.0001012471
0.00023009995
0.00044817515
3.0941606e-06
0.00033596759
0.00033529913
2.5598808e-05
-0.00011627208
0.0002178664
2.8293673e-05
-0.0001369473
-1.8765029e-06
0.0002702052
0.00012031826
0.0013484412
0.00023963228
0.00045520069
0.00054140959
0.00053672428
-6.2777607e-05
-0.00029309314
0.0010409702
0.00035955711
0.0002514723
-8.0184148e-05
-9.1943971e-05
0.00026971356
0.00031112406
4.4327406e-05
0.00021515429
0.00040393001
0.00010332156
-1.0657809e-05
5.8350493e-05
1.0682973e-05
3.3993543e-05
-0.0001215065
9.9643094e-05
-0.0002972147
-4.9943637e-05
-3.2504182e-05
-0.00021188419
4.9992273e-05
6.8987154e-06
-5.6809441e-05
0.00041698724
0.00046028629
0.00037236292
0.00022048642
0.0001800799
0.00011358706
-1.3054205e-05
0.0002779433
-0.00016854496
0.00027309038
0.0003972913
0.00048998205
0.0010196334
0.00042947423
0.00056383395
0.00037815605
0.00030237271
0.0010819209
0.00029571591
0.00021233528
-1.6031778e-05
0.00024919702
-4.9661685e-05
-0.00027271118
0.00040639422
-9.8898926e-05
0.0001369144
0.00035579313
-0.00024991441
0.00070800244
0.00037579455
5.3832103e-05
0.00053245117
-0.00063249333
0.0012717219
0.00025100111
0.00026139825
0.0010586979
-0.0032140226
-0.0045189481
-0.0012668182
-0.001562385
-0.0021168496
-0.0018589207
-0.0021616948
-0.0025254121
-0.0017940712
-0.00144679
-0.0025799473
-0.0032093104
-0.0033212216
-0.0033748765
-0.0033557757
-0.0032105607
-0.003634107
-0.002592951
-0.0029488582
-0.0033599742
-0.0033701714
-0.0025380864
-0.0046898222
-0.0034701284
-0.0033369315
-0.0027802769
-0.001112806
-0.00083286817
-0.0031311286
-0.0020062103
-0.0018424242
1.1667938e-05
0.00024216619
0.00017100818
0.00010310097
0.00011775189
0.00020008555
0.00062263914
0.00071973958
0.00032496898
0.00054774585
0.00040400458
0.00077391463
0.00048443673
0.00047737694
0.00054522546
0.0005384178
0.00025764243
-0.00024899026
5.0116971e-05
0.00023738837
-0.00038861218
-0.00077955308
0.00047980365
-0.0002516329
-0.00018584284
0.00022107054
-0.00059812479
-3.2225768e-05
-0.00017184749
-0.00045800901
-0.00062920942
1.7674157e-06
0.00046097859
0.00024224485
-0.0008732078
0.00043941595
2.3808297e-05
-0.00066361042
-0.00021475329
-0.0001111488
2.5055234e-05
0.00018537106
7.2320738e-05
1.2753664e-05
-5.1966154e-05
-5.2031389e-06
0.00016245272
0.00012097448
5.0188353e-05
7.1245048e-05
6.0856925e-05
6.2935145e-05
0.00029668598
2.4209428e-05
-0.00016236287
-1.7232134e-05
5.9414109e-05
0.00014158808
-6.5394274e-05
0.00013992979
0.00012712894
-1.4383586e-05
1.5918067e-05
-5.8489085e-05
-1.3707162e-05
0.00023303528
1.0307133e-05
0.00073891118
0.00065868884
0.00056660265
0.00072127666
0.00049514794
0.0006255978
0.00046519655
0.00061120212
0.00047819314
0.00052229594
0.0018302706
0.0018125191
0.0018575772
0.001742337
0.0017793294
0.001828379
0.0017871671
0.0014561178
0.0017705349
0.0017538087
0.0018749841
0.0020107725
0.0019177165
0.0017569629
0.0019913845
0.0018438251
0.0017968497
0.0017012355
0.0013241395
0.0011858449
0.00054884126
0.00085632185
0.0012233675
0.00088422919
0.0003231848
8.8097879e-05
0.00089988636
0.0016967111
0.0019268331
0.0012005646
0.0012979893
0.001159489
0.0014352872
0.0011376011
0.0016750332
0.00049711671
0.0012676482
0.0010947018
0.0012698241
0.0011439046
0.00089217811
0.00069185443
1.2817226e-05
0.00086501502
0.0015538047
0.00093413215
0.0010847597
0.00070149075
0.00074076392
0.00067310046
0.00041936133
0.0012554166
0.00097444851
0.00077029445
0.00074282315
0.0004849631
0.00051679641
0.00044425741
0.00042111718
0.00075038961
0.00047555366
0.00070421548
0.00064542125
0.00052792813
0.00063104983
0.00065882865
0.00060766614
0.00052958081
0.00019861662
0.00067503649
0.00052494363
0.00040428845
0.00041919546
0.00037379399
0.00055222084
0.00034066365
0.00047532108
0.00032710201
7.0999506e-05
0.00033965734
0.00026200037
0.00046564347
0.00034181978
0.00029298403
0.00018571805
0.00021065603
0.000335828
0.00030348286
0.00073225722
0.00016178283
0.00074753062
0.00033935868
0.00063843017
0.00040977379
0.00061814776
0.00016734015
0.0002300474
0.00061119392
0.00045403968
0.00073367473
0.00044288927
0.00027118001
-6.2836847e-05
0.00051063259
0.00078273283
0.00051471954
0.00017186101
0.00031031085
0.00070479329
-6.443187e-05
0.00024888415
0.00033783146
-9.6471242e-05
0.00030180218
-0.00019810529
0.00018067943
2.0128687e-05
0.00055115758
0.0003134732
0.00058189952
0.00032719091
0.0005163994
0.00048360619
0.00021752525
0.00055231578
0.00051977337
0.00032159048
0.00049707634
0.00043494086
0.00030675346
0.00044960363
0.00039407045
0.00010381642
0.00042184774
0.00047926721
0.00019964608
0.00040412344
0.00050749396
0.00050874043
0.00047090573
0.00038621403
-1.9841975e-05
0.0001173062
0.00019998229
0.00092960244
0.00020875526
0.00047439393
0.00025540643
0.00075301613
0.00056166814
0.00020804771
-2.6719366e-05
-4.0022354e-05
0.00030761105
0.00050915464
0.00053598213
-0.00019855084
0.00012377537
0.00050079691
0.00042885658
0.00042655823
0.00033849855
6.7975281e-05
0.00032499504
-3.4487829e-05
0.0001596486
-0.00012093334
4.439395e-05
4.1810371e-05
0.00011681603
0.00081369227
0.00057771788
0.00059758585
-0.00015632377
0.00033467931
0.0001446759
0.00038673412
0.00037318184
0.00012345266
0.00022119456
0.00023529695
0.00037314119
0.00038048783
-0.00027200673
0.00031683148
0.00074298776
0.00040528022
0.00022815334
0.00037855886
0.00040208676
0.00053438763
-5.9994299e-05
0.00029886974
0.00036468748
-2.0218602e-05
-0.0001913581
0.00067982436
4.9171436e-05
-0.00025983737
0.00041979218
0.00010407351
0.00053456391
0.00029304456
-8.4319866e-05
0.00011150296
-0.00014929641
8.8735578e-05
-0.000156494
0.00053828512
0.00014171864
0.00041140233
-0.00039648633
0.00014355774
0.00052747419
0.00070880799
0.00035020189
0.00032563989
0.00046047461
0.00017024833
0.00015136604
0.00060826012
0.00026151617
7.7334093e-05
-1.3340091e-05
1.117394e-05
1.2115661e-05
0.00025971776
0.00011867839
2.7321926e-06
0.00012386231
-5.0119726e-05
0.00033219922
1.7090762e-05
0.00033275979
0.00011031925
2.7810006e-05
0.00033701147
0.00026843569
0.00039762535
0.00048951674
0.00048714903
0.00022478795
0.0003078573
0.00063191378
0.00010018271
0.00046738428
0.00028313832
5.0113168e-05
0.00019764297
0.00018739882
0.00010588095
7.7849659e-05
0.00029994881
0.00018983488
0.00015666614
-5.5191768e-05
0.00043211443
0.00024443128
0.00018898022
0.000314955
0.00037214564
0.00020239642
6.1720632e-05
0.00010122925
0.00049161124
0.00044952819
0.00013264322
5.8970015e-05
0.00014540689
0.00021869394
0.00012847595
8.0780025e-05
-0.00031093221
0.00067507616
0.0002924628
-0.00023229693
0.000121143
0.00036123433
-0.0002088199
-0.00017317526
0.00041367392
0.00047808409
0.00032328013
-8.5856315e-05
0.00031463677
-0.00014759896
-0.00013160533
-5.9228558e-06
0.00020801251
0.00025567041
-8.279409e-05
-7.8531289e-05
3.5805663e-06
0.00033601337
0.00025193775
0.0002901377
0.00024905675
0.000659597
-0.00019583943
0.00041196825
0.00030696016
0.00038378665
-0.00028242003
-0.00071511446
0.00059148739
0.00047168794
0.00019980731
0.00053369823
0.00020328977
-2.9684212e-05
0.00034052395
0.00029179477
-0.0001816929
0.00033626598
0.00015230953
0.00036134283
0.00041591164
0.00039295908
0.00050897703
0.00011714636
0.00039680911
0.00043874391
-0.00011310017
0.00058427782
0.00022711424
2.7006882e-05
0.00010633147
0.00038305261
0.00051505
0.00045952692
0.00038363339
0.00042446924
0.00020673792
8.2088387e-05
0.00036171798
-0.0002376949
0.00047295472
0.00032002119
0.0004171058
0.00033681211
0.00050677719
0.00051537938
0.0001473619
0.00031468859
0.00043534611
0.00015744627
0.00022623945
0.00040449478
0.00030639953
0.00045273634
0.00051900725
0.00047939617
0.00018680597
0.00036001403
0.00042194582
0.00043318326
0.00037248899
0.00050607544
0.00065882917
0.00047960829
0.00042924405
0.00040453522
0.00024873331
0.00047445786
0.00062118799
0.00068124834
0.00033907685
1.9271811e-05
4.2037193e-05
5.470694e-05
0.000209475
0.00058044598
0.00060522211
0.00073177531
0.00053808824
0.00038030768
0.00016523511
-7.3759206e-05
0.00020092274
0.00026253438
0.00055480732
0.0006374077
0.00060204734
0.0005978861
0.00057624552
0.00026685012
0.00025568428
0.00045296283
0.00043945022
0.00045987199
0.00057649104
0.00053518327
0.00070665058
0.00060671543
0.00055339605
0.00033823432
0.00023762789
0.00062683728
0.00074710656
0.00091364546
0.00072258793
0.00058895553
0.0005675962
0.00043271825
0.00011832345
4.9963775e-05
6.9677577e-05
0.00027195518
0.00023138412
0.00027624969
0.00025779036
5.0006987e-05
0.00022921734
0.00014429454
0.00013112149
0.00025436835
0.0003678462
0.00035966043
0.00012938073
0.00039690847
0.00033256749
0.00023290455
0.00020022078
0.0003379018
0.00039757496
0.00031244718
0.00046955473
0.00054586502
0.00051274242
0.00030509024
0.0003198201
0.00025469511
0.00010729322
0.0004402524
0.0003879115
0.00034904652
0.00033532464
0.00053651206
0.00048340337
0.00033545706
0.00032347213
0.00022483008
0.00029074744
0.00041120357
0.00034681918
0.0007109586
0.00045067966
0.0004025727
0.00051822297
0.00062787788
0.0004097857
0.00050304103
0.00045365997
0.00057154662
0.00051993209
0.00050894645
0.00028218689
0.00046792297
0.00031018101
0.00031521877
0.0002160571
0.00067762837
0.00066389663
0.00067162875
0.0005085671
0.00053355947
0.00066707719
0.00064176419
0.00072531164
0.00057347657
0.00053505098
0.0005504025
0.00058133263
0.0005719424
0.00049038612
0.00049300306
0.00056800998
0.0004389011
0.00043128069
0.00071962443
0.00084224776
0.00062788561
0.00062328752
0.00041944972
0.00049066292
0.00042751183
0.00053799095
0.00068328787
0.00096281247
0.00069373377
0.00065092734
0.0006649917
0.00078507891
0.00074982258
0.00056152982
0.00030851367
0.00053672593
0.00083361953
0.00070114652
0.00076710068
0.00082680761
0.00062875981
0.00062065595
0.0012643791
0.00088390029
0.00053596834
0.00059198154
0.0013865502
0.00043066238
0.00067934388
0.00076918751
0.0006162041
0.00065512834
0.00092295994
0.00093054416
0.00065518856
0.00070288962
0.00056998172
0.00053620538
0.0006227343
0.00084282731
0.00048319775
0.0003818399
0.00064092534
0.00064184368
0.00091424947
0.00088064411
0.00086267762
0.0008023861
0.00060551086
0.00076205647
0.0010342511
0.00071821622
0.00050812262
0.00090867242
0.00039537912
0.00059457165
0.00049843323
0.0007457633
0.00039256054
0.00058381277
0.00047910395
0.00013470585
0.00058840783
0.00079309913
0.0005792665
0.00060896066
0.0007356897
0.00061454523
0.00020481253
0.00047258791
0.00034261216
0.00013317673
0.0002239863
0.0003672876
0.00028533057
0.00072117625
0.0005746112
0.00063150429
0.00042697336
0.00020367487
0.00024763735
0.00013293901
-8.3093819e-06
0.00024885806
-2.5333545e-05
0.00063059071
0.00014021251
0.000188707
0.00017990154
8.4354081e-05
5.811821e-05
1.8831052e-05
0.00060116767
0.00032792454
0.00030920508
0.00018677869
0.0006305292
0.00048003539
0.00061405313
0.00077724189
0.00063952589
9.1994167e-05
0.00039780154
0.00044175322
0.00032397442
0.00040742331
9.5232142e-06
0.00043162022
0.00077263942
0.00012844364
0.00034275628
0.00029146104
8.225048e-05
0.00023165349
0.00062950325
0.00020695883
0.00025200078
0.00041288753
1.27654e-05
0.00013842822
8.9970962e-05
0.00016824175
0.00049768356
0.00074618669
0.00029158484
0.00025054146
0.00039357578
0.00040450824
0.0010283158
0.00034784683
0.00012262221
0.00025299059
-1.0015039e-05
0.00044136324
0.00079087358
0.0013287805
0.0010488668
0.0012404575
0.00049243299
0.00075862511
0.00094074074
0.00072495765
0.00068888165
0.00077278025
0.00022483819
0.00041474656
0.00037633299
0.00041789794
0.0010108458
0.00094554528
0.00097237192
0.00094409413
0.00054751076
0.00045616783
0.00060955804
0.00052367196
0.00076318394
0.00059933191
0.00072785172
0.00063286766
0.00082855058
0.00080342503
1.2759482e-05
0.00047069941
4.9436575e-05
-0.00017862481
0.0008586038
0.00065186261
0.00052776093
0.00050249784
0.0004180955
0.00071091267
0.0010263633
0.00055171011
0.00069620052
0.0010527924
0.00056849907
0.0008925818
0.0010306438
0.0010682408
0.0011087934
0.00079049618
0.00084710705
-8.8459883e-05
-0.00020289475
-0.00057226436
0.00024562943
-0.00019340508
-0.0010868973
-0.00063548443
-0.0011485267
0.002472038
0.013423162
0.017888137
0.01103579
0.011333486
0.01191515
0.015230987
0.018053277
0.017354418
0.017809786
0.016139777
0.017110592
0.016833243
0.017581197
0.016067445
0.015833765
0.018355731
0.017413153
0.015421694
0.017420053
0.015183498
0.015499206
0.016807014
0.017476175
0.016598372
0.016451652
0.014944196
0.016931033
0.015067403
0.015315547
0.016077344
0.015764416
0.015477841
0.016686314
0.0169128
0.016239837
0.015812001
0.016777136
0.016064503
0.015730137
0.014884162
0.015972497
0.016410214
0.016995698
0.016399617
0.017361429
0.016853453
0.017666837
0.019696089
0.017352694
0.016208516
0.016486699
0.016869243
0.017643803
0.015857882
0.016587373
0.015510988
0.015843584
0.016343911
0.016347176
0.016545802
0.016639433
0.017175528
0.017561418
0.016904539
0.016885666
0.017203622
0.017985132
0.015311038
0.015129266
0.015703132
0.015257346
0.015152246
0.014741383
0.015831289
0.015374136
0.015485902
0.016103427
0.015251793
0.015367714
0.016102972
0.016201893
0.014857995
0.015036672
0.015679476
0.015068155
0.015774307
0.015651776
0.015606942
0.015580174
0.015939149
0.016147243
0.015997872
0.015540291
0.015307796
0.015282772
0.015852397
0.015654155
0.013869845
0.014655584
0.014390584
0.014384361
0.014582784
0.015522367
0.014334971
0.014830546
0.014170351
0.013554387
0.014066646
0.014273195
0.013267357
0.01464814
0.0089104728
0.0092707349
0.0086537249
0.0084135943
0.0076357817
0.0086283818
0.0098530195
0.010854723
0.017069912
0.017223092
0.016712231
0.017562834
0.017583761
0.01765608
0.01733256
0.017882682
0.017175055
0.018274584
0.018432924
-0.0031978055
-0.0037299646
-0.0058919433
-0.0056161771
-0.0046933076
-0.0054308484
-0.0047167386
-0.0053280168
-0.0050530771
-0.0048261233
-0.0043742848
-0.0038108916
-0.0044890634
-0.0046612354
-0.0050789736
-0.0043645454
-0.0028827537
-0.0044933498
-0.0047924454
-0.0034608488
-0.0036279456
0.00039156161
-0.00027353953
0.0010003901
-0.00017950777
0.003642623
0.0016672053
0.0018432466
0.0021967196
0.0019700865
0.001902029
0.0018765628
0.00045696195
0.00063643782
0.0010740687
0.00096224183
4.9377018e-05
0.0011272602
0.0011915408
0.0010192095
0.001649926
0.00051727887
0.00075838137
0.00022284545
-0.00048303206
0.00065879817
0.00028840737
0.00058640292
0.0010731503
0.00046069461
0.00093108864
0.0004457585
0.00029318696
0.00025124105
0.00088516636
0.0013772032
0.0015949452
0.0017421236
0.0019501546
0.00072121225
0.0018560567
0.0023271426
0.0021960782
0.0011983435
0.00073794968
0.0011532061
0.0020172303
0.0037515718
-0.00016232479
-0.0001834555
0.00042127172
0.00050024112
0.00068975362
0.00037329151
0.00033757704
0.00026214675
0.00016242286
0.00067035834
0.00021185514
0.00012735379
-0.00038172505
0.00024820549
-6.7895891e-05
0.0001939958
-0.0003580616
-0.00038568894
-0.0036222227
-0.0040565672
-0.0036662298
-0.0032003202
-0.0028622086
-0.0039216683
-0.004280587
-0.0036339674
-0.0039619139
-0.0039321829
-0.0042216808
-0.0040907561
-0.0016842394
-0.00253347
-0.0026729513
-0.0023556173
-0.0020094589
-0.0025270258
-0.0024477289
-0.0018423126
0.00025834764
0.00050741833
0.00061499924
0.00063768375
-0.00013019531
0.00042990439
0.00065424919
0.0002231309
0.00012760217
-0.00012635353
-0.00056737951
-0.00038440939
0.00013085081
-0.00032995447
4.0424012e-05
-0.00011529654
-0.00048396409
9.7809515e-05
3.5370461e-05
4.146691e-05
-0.00042772946
-7.4356008e-05
-0.00041754022
0.0002917522
9.3770883e-05
-0.00062732789
-0.0009124446
-0.00048761139
7.9659633e-05
0.00043303619
-0.00031484409
0.00015172665
-7.8572737e-05
-0.0003284813
1.8406622e-05
9.4894892e-05
-9.218087e-05
0.0010928103
0.0010833861
0.00094139747
0.00067547674
0.00031940339
0.00069444861
0.00079154964
0.00083910444
0.00090218352
0.00086627333
0.00091368388
0.00044471102
0.00029998559
0.00028207505
0.00027774322
0.00077623557
0.00010349787
0.00087613997
0.00089901664
0.0012793144
0.00080791072
0.00059632162
0.0005043049
0.00079686329
0.00069654239
0.00051589675
0.00078720331
0.00060725659
0.00078455329
0.0002947969
0.00055356399
0.00058597737
0.0006756709
0.0008195448
0.00073308819
0.00032735842
0.00049623152
0.00093669438
0.00064583146
0.00062101014
0.0007367219
0.00067150784
0.00056782737
0.00041593823
0.00059562542
0.0008339307
0.00098092103
0.00054942842
0.00082452197
0.00065045298
0.00054557759
0.00079545965
0.00062494581
0.00038555215
0.00044767955
0.00032530892
0.00052806003
0.00053579354
0.00027330309
0.00051053675
0.00034631759
0.00042823881
0.00053940183
0.00048350563
0.00030577023
0.00050798071
0.00045111347
0.00031690318
0.00026027235
0.00048608437
0.00044111584
2.3469942e-05
0.00026813855
0.00029332021
0.00033616093
-0.00022948369
0.00011241346
0.00032024619
6.9051757e-05
4.566457e-05
-0.00021154326
0.00022345915
0.00024675328
8.5457033e-05
0.00031513123
0.0001393642
-6.5832956e-05
-7.1500311e-06
-0.00029357599
0.00045517794
0.00034080208
7.2661989e-05
0.00047780019
0.00043010583
0.00066009518
8.612011e-05
0.00022146946
0.00029038809
0.00059427328
-0.0001723908
-9.8197362e-05
0.00034038393
3.6801242e-05
0.00050404557
0.00066430754
0.00040943685
0.00050892407
-0.00014873837
3.0175975e-05
0.00010025466
0.00042579966
0.00035470295
0.00016316777
0.00036754562
0.00042092044
0.00065604889
0.00046895186
0.00044854498
0.00042753201
-0.00014168755
0.00014414605
8.9258561e-05
-0.00017220234
-0.00014684657
-6.4794792e-05
4.7920683e-05
0.00038689001
0.00031930671
1.9116871e-05
-2.6973089e-05
6.3544083e-05
6.822675e-06
0.00050163198
0.00018922765
0.00011474114
3.9491608e-05
0.00026030901
0.00033133352
0.00013334684
0.00055524664
0.00039549838
0.00034266878
0.00050927201
0.00043235401
0.00035870495
0.000473237
0.00054251148
0.00065360084
0.00056999718
0.00061706332
0.00062537995
0.00084574326
0.00098498167
0.00097949017
0.0011420274
0.00073904893
0.00076637281
0.00084500999
0.00084495863
0.00082759916
0.00072302407
0.00065578716
0.00093044978
0.00063285133
0.00078686746
0.0002817109
0.00021628645
4.3631936e-05
-2.9616977e-05
7.6273639e-05
0.00011022502
0.00038784453
0.00011804709
6.5638447e-06
0.00061304692
0.00060223319
0.0006236954
0.00058824741
0.00077848119
0.00075386411
0.00033261526
0.00042913327
-4.6390875e-05
8.1576976e-05
0.00011240928
9.7276388e-05
2.3337041e-05
7.4657939e-06
-3.1161104e-05
5.2048404e-05
-6.2153979e-05
-1.1401965e-05
9.9578507e-05
0.00016936504
0.00017916909
0.00012497253
0.00031677436
0.00092794498
0.00028364745
0.00019495889
0.00040391465
0.00075612303
0.0004070003
0.0010012635
0.0011374556
0.0011026921
0.0013649812
0.00081886336
0.0010838911
0.00086271484
0.0009369719
0.00096254096
0.0011205228
0.00087987792
0.00074611586
0.00059958928
0.00058409417
0.00061334383
0.0007704437
0.00030520621
5.9451847e-05
-0.00048596103
0.0004275157
-0.00045875109
-0.00034387365
-0.00024254081
-0.00027539179
-0.000225409
-0.0001101866
-0.00031085757
-0.00047344553
-8.3719492e-05
-0.000575113
-0.00014738333
-4.8965866e-05
0.00025422801
0.00014493097
-1.5450523e-05
-0.0007470915
-0.00075349336
-0.00092711854
-0.0012211843
-0.0011230738
-0.00033485553
-0.00084648663
-0.00089315495
-0.0011810701
-0.0012653285
-0.0002931622
-5.7061208e-05
-8.4590616e-05
0.0002240232
-0.0011065378
-0.0011461699
-0.00038039014
-0.00018745139
-0.00048999312
-0.00055985286
-1.9213008e-05
1.2365617e-05
-0.00086165373
-0.0003903402
3.2769277e-05
-0.0011480784
-0.0013648286
-0.00086644791
-0.0014076931
-0.0016361637
-0.0015227563
-0.0019763088
-0.0015167946
-0.00047450037
-0.00084009867
-0.00099013169
-0.00024973178
-0.00055264709
0.01513291
0.015112632
0.016615442
0.017008463
0.017827555
0.017420701
0.018127224
0.016904881
0.016826961
0.017030647
0.018069446
0.017468187
0.017251582
0.017307697
0.016562655
0.0164918
0.017394536
0.015934777
0.015881123
0.016902063
0.01759711
0.016173657
0.017521143
0.017940286
0.017888403
0.017058335
0.017386407
0.01696878
0.017075527
0.016264498
0.014888315
0.01738126
0.018458859
0.017175726
0.01628283
0.017764799
0.016348359
0.017558312
0.017714898
0.016728899
0.017527406
0.01708615
0.016860406
0.016344172
0.017282101
0.017077341
0.017011536
0.017660388
0.01752187
0.016622625
0.016565033
0.018245619
0.017808496
0.01730032
0.016243673
0.017504454
0.01677845
0.015467977
0.016713057
0.016704104
0.017029593
0.01795698
0.016291726
0.01688289
0.017872218
0.018098461
0.01759693
0.017492511
0.017933341
0.016264205
0.016991279
0.01683047
0.017539037
0.016590444
0.016674228
0.017187201
0.017682973
0.017137941
0.016160749
0.017464815
0.016987986
0.017329859
0.016347039
0.01740131
0.01782416
0.017341969
0.017580081
0.01713312
0.017411491
0.017950893
0.015790473
0.018394012
0.016370044
0.0165597
0.016955761
0.017423064
0.017507166
0.016828647
0.01695865
0.017038408
0.017182342
0.017115924
0.017049583
0.017304883
0.017257386
0.017987048
0.017277367
0.017534193
0.017726795
0.017738318
0.017656995
0.017197547
0.017593835
0.017918902
0.01795344
0.017640964
0.017562316
0.017855931
0.017605142
0.017564691
0.01770098
0.017390391
0.017024817
0.01768322
0.017563748
0.017559679
0.017912241
0.018138873
0.018128865
0.017780985
0.017772364
0.017631067
0.018452918
0.017574179
0.017393256
0.017194482
0.017217527
0.017131309
0.016972267
0.017095305
0.016865804
0.017149915
0.017075154
0.017397623
0.017354293
0.016704063
0.016425299
0.017137049
0.017127455
0.017202787
0.01708193
0.017318968
0.017413531
0.017288114
0.01725967
0.017522206
0.017451174
0.017136549
0.017190942
0.017342311
0.017627825
0.018062829
0.017704788
0.017103861
0.016845104
0.0173855
0.017581989
0.017538744
0.017810078
0.017570773
0.017437719
0.017561019
0.017400659
0.017335152
0.017016279
0.017497591
0.017377509
0.017372579
0.017230247
0.017706763
0.017665296
0.017841431
0.017770357
0.017954278
0.017950027
0.017850123
0.017804589
0.019605535
0.019445556
0.017361046
0.017850466
0.018084671
0.018065737
0.017442278
0.018249097
-0.0050321822
-0.004464118
-0.0039880996
-0.0044411853
-0.0041417807
-0.0033558695
0.00099978788
0.00079339931
0.00044595182
0.00098956722
0.000525911
0.00039287903
0.00107055
0.0016401855
0.0021199113
0.0023136425
-7.4738564e-05
-0.00020318616
0.00044715782
0.00049257362
0.00092984692
0.00058524475
-0.0040504881
-0.0035330068
-0.0031712569
-0.0020671876
-0.0028249153
-0.0029147825
-0.002629299
-0.0027572485
-0.0024345188
-0.0021247347
-0.0019430929
-0.0020376021
-0.0023168456
-0.0019441992
-0.0021467743
-0.0023648275
-0.0028935168
-0.0026952605
-0.0021436059
-0.002135554
-0.0021234446
-0.0025162685
-0.0028495779
-0.0010939915
-0.0027108012
-0.0034566848
-0.0021891946
-0.001992384
-0.0018376019
-0.0016460188
-0.0017838204
-0.0011507466
-0.0016790997
-0.0014459774
-0.0026454193
-0.001603516
-0.0026248973
-0.0029817291
-0.0019383622
-0.0020441065
-0.0010536218
-0.0018309304
-0.0034597874
-0.0028680066
-0.0013500609
-0.0032103237
-0.0033167787
-0.0027435903
-0.0040335765
-0.001712387
-0.0028786451
-0.0023326816
-0.0041369744
-0.0032868207
-0.0014061139
-0.0014780536
-0.0015914601
-0.0016418684
-0.0015176277
-0.00083286107
-0.0013549783
-0.0015271688
-0.0028209755
-0.0028783188
-0.0034912344
-0.0017657694
-0.0009449694
-0.00073632707
-0.0027765499
-0.0011483185
-0.0026600791
-0.0029332373
-0.0031738218
-0.0030967597
-0.00055536041
-0.0012557976
-0.0010756314
-0.0013957414
-0.0013672749
-0.002004199
-0.0025726247
-0.003051973
-0.0023307587
-0.0033029155
-0.0030939042
-0.0020479998
-0.0022801763
-0.0022740108
-0.0034586165
-0.0034602075
-0.0033020172
-0.0028542673
-0.0027083253
-0.0028493495
-0.0025269517
-0.0019902926
-0.0032734208
-0.0036559232
-0.0033540233
-0.0035660573
-0.0021522754
-0.0033564005
-0.0032965395
-0.0037483381
-0.0040385825
-0.0037462538
-0.0038683689
-0.0035705426
-0.0036557076
-0.0036301742
-0.0035103727
-0.0038007362
-0.0034844366
-0.0037498445
-0.0038669252
-0.0039732031
-0.0039993826
-0.003765877
-0.003012821
-0.0034081281
-0.0038795892
-0.0037940281
-0.0035533062
-0.0038931019
-0.0041211055
-0.0040528101
-0.0039070666
-0.004661807
-0.0037340345
-0.0035740814
-0.003810483
-0.0038545533
-0.0045005175
-0.0038455996
-0.0041774034
-0.0040002584
-0.0040347984
-0.0040646071
-0.0039541682
-0.0043629229
-0.0044191761
-0.0041487671
-0.0040609916
-0.0039143151
-0.0042235097
-0.0038830427
-0.0038740113
-0.0045452035
-0.0042262976
-0.0043542389
-0.0041894041
-0.0042595839
-0.0043655562
-0.0043537676
-0.004121586
-0.0042780127
-0.0043985721
-0.0040352231
-0.003859565
-0.0041090784
-0.0040064691
-0.0042321459
-0.0042237621
-0.0038046547
-0.0038387543
-0.0043273452
-0.0040461187
-0.0041981656
-0.0041140265
-0.0019728102
-0.0012944735
-0.0017593087
-0.001303629
-0.0018836546
-0.0017172598
-0.0013779465
-0.0015701711
0.00015741221
-3.4119725e-05
0.00037444818
0.00023913935
-0.00021158793
0.00065982882
-5.9953745e-05
0.00029635169
0.00055446194
0.00070297029
0.00078260384
0.0005837413
0.00059299704
0.00060173333
0.00053862558
0.0010546646
0.00092132989
0.00093870611
0.0010792823
0.00050159561
0.0005900812
0.00050308124
0.00069544936
0.00037248604
0.00011796499
0.0001978223
0.00014481741
0.00015161107
5.171051e-06
-0.00020966115
-4.347886e-05
-7.4973841e-05
-0.0007039094
-0.00017212111
7.3874484e-05
0.00017133822
0.0001711955
0.00035520017
0.00050915728
0.00015304614
0.00010432769
0.00014840504
0.00026506973
-3.1954551e-07
0.00018448963
4.96137e-05
0.00016624358
-2.4460278e-05
1.2760604e-05
0.00026958393
1.7769522e-06
-0.00014504418
2.3400958e-05
-0.00017944189
-0.00011403554
5.4123486e-05
0.00018578643
-4.1220632e-05
0.00026120661
0.00014003757
-0.00013299833
-0.00021500186
-0.00014345074
9.8328159e-05
-5.2573529e-05
9.871025e-05
-0.000221707
-0.00020162209
0.00029476416
0.00042679425
0.00070136751
0.00089452903
-7.0179904e-05
7.0839131e-05
7.6751674e-05
1.5882315e-05
0.00028551272
0.00014289602
-2.0647882e-05
0.00023539552
-5.5468408e-05
-5.3340553e-05
-9.4112612e-05
-4.9430775e-05
9.5708544e-05
-0.00013452957
2.2582531e-06
-0.00010671353
-4.8864027e-05
-4.0127781e-05
9.4893731e-05
0.00013201324
0.00021835657
0.00011596712
8.283624e-05
3.4659531e-05
-6.8696697e-05
-4.2350658e-05
-5.4039212e-05
0.00032234172
3.5206879e-05
9.6892369e-05
0.00011630037
-9.1104677e-06
6.8457212e-05
0.00018138757
0.00016444438
-2.2080296e-05
1.100591e-05
0.00033742585
0.00013793272
0.00011742925
0.00024933011
0.00024636799
0.00035582278
-2.2044874e-05
0.00015091044
0.00024177221
0.00018181271
0.00028350049
0.00026027443
0.00026390304
0.00022289139
0.0004635122
0.00032574286
0.00050747081
0.00084985272
0.000429339
0.00013243551
0.00057158618
0.0004562381
0.00020170016
0.0001057257
0.00012220302
0.00056992946
0.00040996537
-6.2587282e-05
0.00041025555
0.00080323966
0.0004069154
-9.7676062e-05
0.00054023716
0.00035786258
0.00031233503
0.00046631861
0.00043140901
0.00032709696
-5.7410155e-05
0.00017090424
0.00014009818
0.00017599446
0.00053735695
0.00046941438
0.00043537845
0.00051920023
0.00035253299
0.00016783013
0.00067859846
0.00031282965
0.00027023507
0.0003798614
-0.00010895106
0.0001842876
0.0010232722
0.00049919304
0.00047419291
7.8554973e-05
0.00098500841
-0.0001748411
0.00066567289
0.0012077627
-0.00020789384
-0.00010840551
0.00097547557
9.6011458e-05
9.1341537e-05
-0.00075792855
-0.00046903377
-0.00039068152
-0.00021736418
-2.2781673e-05
0.018558197
0.0080681483
0.015323912
0.014908786
0.016066507
0.01666349
0.016289784
0.016792024
0.017748023
0.01773428
0.01732285
0.017572106
0.017395177
0.017348172
0.016912098
0.017541048
0.0177507
0.01846747
0.01780247
0.018044337
0.017302988
0.017337251
0.017021347
0.017051169
0.017757377
0.017423071
0.017743514
0.017884854
0.017690304
0.017784041
0.017430883
0.017679203
0.016813076
0.016489334
0.016565038
0.017436527
0.017240682
0.017369364
0.017606187
0.01712674
0.01781035
0.017766961
0.017538706
0.017848331
0.01816388
0.017859979
0.017761433
0.017667344
0.017776011
0.017763843
0.01794374
0.018114459
0.017711544
0.017767072
0.017523036
0.017576222
0.017842759
0.017919507
0.017811193
0.017692265
0.017710499
0.017891912
0.017872557
0.017959772
0.017797251
0.018131858
0.018129861
0.017919364
0.017805343
0.017967272
0.018353518
0.018106401
0.018407982
0.018082033
0.018010799
0.01786146
0.018170959
0.017938793
0.01804301
0.018051109
0.01783566
0.018049615
0.017923837
0.017854806
0.017891038
0.018474291
0.01784712
0.017513482
0.017793358
0.018254764
0.017883164
0.018225683
0.018025888
0.018018915
0.017790849
0.017678361
0.016473202
0.016780236
0.017680199
0.017906696
0.019817481
0.018607762
0.017041829
0.017049585
0.016804202
0.016742211
0.016533335
0.016397639
0.017168271
0.017313993
0.017305968
0.017512549
0.017101746
0.01696196
0.017465383
0.017523491
0.017615911
0.017595381
0.018126058
0.01809968
0.017743429
0.01774112
0.01812875
0.017939166
0.017347023
0.017510031
0.017689122
0.017672863
0.017443759
0.017754884
0.017770863
0.018453931
0.017840728
0.017670585
0.018111009
0.017796428
-0.0053141106
-0.005295634
-0.0048906149
-0.004690595
-0.0045733946
-0.0045414327
-0.0043948793
-0.0043797492
-0.004305158
-0.0043645935
-0.004158359
-0.0048491939
-0.0043642185
-0.0046763453
-0.0042568476
-0.0042123934
-0.004533625
-0.004705564
-0.0042394252
-0.004592315
-0.00087008592
-0.001092806
-0.0028809408
-0.0033318911
-0.0034358086
-0.0034431436
-0.0034677981
-0.0033675625
-0.0018726432
-0.0021141173
-0.002107939
-0.0023976907
-0.0026270549
-0.0026421821
-0.0027529126
-0.0026581824
-0.0027928515
-0.0024319996
-0.0030670294
-0.0025141773
-0.003104661
-0.0029396145
-0.0020836981
-0.0029470138
-0.0032078331
-0.0034087339
-0.003255046
-0.0030379852
-0.0026894507
-0.0029610051
-0.0025437766
-0.0022473586
-0.0019007048
-0.0020360511
-0.0020273527
-0.003379191
-0.0036156997
-0.0037903984
-0.0033575885
-0.0035416665
-0.0035205797
-0.0037573307
-0.0039938261
-0.0045489528
-0.0045698119
-0.0045336318
-0.0041192686
-0.0039686529
-0.004114368
-0.0040479139
-0.0041548327
-0.0037990797
-0.004152795
-0.00398022
-0.0040118311
-0.0040875632
-0.0041258996
-0.0041542561
-0.0040827982
-0.0040728307
-0.0040710125
-0.0041039558
-0.0041996003
-0.0040541799
-0.0042239075
-0.004098959
-0.0041012331
-0.0040891968
-0.0042413373
-0.0040364237
-0.0037577181
-0.0040844361
-0.0038848488
-0.0040192968
-0.0040681996
-0.0040169978
-0.0040910807
-0.0041923146
-0.0040869209
-0.0040310506
-0.0036690659
-0.0037959542
-0.0039040704
-0.0039598844
-0.0040462624
-0.0039256016
-0.0042562443
-0.0043434646
-0.0039895916
-0.0042342733
-0.004076934
-0.0043514477
-0.0040985312
-0.0042665549
4.4350269e-05
0.00062443576
0.00074295907
8.4329485e-05
0.00050549331
0.0003322663
0.00027425561
0.00058242017
0.00012732763
0.000586415
0.00043931636
0.0005963441
-0.00073919536
0.00072395876
-7.4906408e-05
0.00035467937
-0.00010441375
-5.3835941e-06
6.361852e-05
0.0001305166
8.1269474e-06
-0.00010185287
6.8210948e-05
0.00027887995
0.00018687683
0.00013709874
-0.00010451318
0.00030747688
-0.00023260992
0.00013075346
8.3058826e-05
-5.9921862e-05
8.9663674e-05
0.00026886897
-3.2148137e-05
0.00033116648
-6.3275258e-05
0.00085480261
0.00073411558
-0.00071213598
-0.00045484584
0.014269476
0.017774821
0.01621367
0.017528283
0.018492728
0.01913707
0.012931198
0.0155968
0.016687374
0.016788956
0.01635837
0.015595007
0.017652443
0.017258259
0.019564404
0.018870994
0.017566711
0.017438792
0.016788184
0.016907622
0.017215943
0.017069806
0.017277621
0.017282208
0.017232502
0.017543494
0.018285851
0.018962672
0.017641006
0.017976998
0.017930254
0.017611706
0.017775741
0.018667282
0.018605478
0.019123449
0.016870158
0.016896647
0.017868485
0.018027161
0.016466188
0.017359998
0.017664698
0.017813236
0.017453234
0.017494527
0.017660643
0.017892319
0.017110613
0.017535043
0.018269434
0.018114479
0.018250452
0.018139042
0.017878889
0.018115906
0.018416383
0.017819068
0.017766529
0.017844997
0.017587928
0.017614063
0.01649615
0.016498589
0.016868077
0.016798288
0.018078407
0.017983832
0.017805605
0.018018774
0.018270302
0.017984566
0.017947546
0.018070949
0.018043428
0.018088683
0.018275664
0.018336211
0.019236724
0.018368495
0.01860306
0.018193265
0.018335495
0.017867476
0.017397985
0.017564571
0.017922123
0.017944895
0.017662844
0.017923249
0.017997545
0.017806807
0.018413129
0.018419978
0.017354822
0.01778361
0.017785817
0.017894688
-0.0042068415
-0.0045418927
-0.0023834706
-0.002196505
-0.0039321688
-0.0040358018
-0.004241342
-0.0039954131
-0.0044383417
-0.004175615
-0.0045606729
-0.0042936552
-0.0041839787
-0.004027084
-0.0039878921
-0.0041440719
0.00076817747
-0.004023706
0.00039485891
-0.00042026232
0.0001070661
0.00028661107
5.4665823e-05
0.00013559875
0.00035898918
4.3627029e-05
9.3544084e-05
5.2667514e-06
0.00023528488
0.00043647992
-0.00018219707
4.0249697e-05
3.1464334e-05
3.2176022e-05
-0.00022442744
0.000167054
3.9158578e-05
0.00013459311
-0.00010947834
-0.00029916912
0.000297053
0.00046270728
0.00052130635
4.2673335e-05
-0.00025252265
0.00018670519
0.00013017127
-0.00026426412
-0.00042359299
1.3360966e-05
-6.6760853e-05
-5.4077768e-05
-0.00058338544
-9.4027614e-06
5.8556812e-05
7.623325e-05
0.00011150351
-4.4053965e-06
-6.3598502e-05
-7.6590613e-05
8.2540422e-05
0.00021569352
0.00045651847
-2.3883212e-05
0.00016594662
0.00015744625
-0.00014348025
-0.00065680724
-0.00028040147
1.1358577e-05
0.00049730501
-0.00044469008
1.596462e-05
0.00028590472
0.00016978046
0.00015872005
0.016538922
0.017323853
0.017092647
0.017065076
0.017564204
0.017445554
0.018203529
0.019060967
0.0187925
0.018854943
0.019289506
0.018349971
0.017867676
0.017810317
0.018426154
0.018166406
0.018447846
0.018232773
0.017560872
0.017612121
0.01866949
0.017898651
0.01835948
0.017532414
0.018286003
0.01810728
0.018161267
0.017895092
0.018175839
0.017946927
0.018033984
0.018539086
0.018078017
0.018041454
0.018076129
0.018011737
0.018194441
0.018421215
0.01811836
0.018295787
0.018209141
0.018136791
0.018179887
0.018499638
0.018356821
0.018235472
0.018315609
0.018105703
0.017925323
0.01874283
0.018410153
0.018262212
0.018180411
0.018219129
0.01812325
0.018160344
0.01835515
0.018639006
0.018142279
0.018190784
0.018332296
0.018390945
0.018167045
0.018610732
0.018155143
0.018450652
0.018571044
0.018445053
0.018884051
0.017978638
0.01810789
0.018214682
0.018361903
0.018553376
0.018305118
0.018769089
0.018048708
0.018168226
0.018259384
0.018249122
0.018347745
0.018444099
0.018126399
0.01843011
0.018093181
0.018166354
0.018533975
0.018561284
0.018084308
0.017991217
0.017980797
0.01834281
0.018324947
0.018370902
0.018421082
0.018507643
0.018394677
0.018637271
0.018432808
0.018442378
0.018289748
0.01862365
0.018625554
0.018433022
0.018466488
0.018538351
0.018500133
0.018438574
0.018491399
0.018684346
0.01944298
0.01810675
0.018838217
0.018647568
0.0188513
0.018878862
0.018284204
0.018525242
0.018392449
0.018355425
0.01860367
0.01854976
0.018484331
0.01957154
0.019252429
0.020069686
0.018079084
0.018042646
0.017848008
0.018013111
0.017756554
0.017883855
0.018194625
0.018402327
0.018516848
0.018538168
0.018512286
0.018345932
0.018080737
0.018745363
0.018490966
0.018649644
0.017727199
0.018110829
0.018150502
0.018382109
0.018583467
0.018490045
0.01847977
0.018650591
0.018502045
0.018726742
0.018166225
0.018280158
0.018058962
0.018139646
0.01796528
0.017825473
0.017953729
0.018271652
0.01842627
0.01846958
0.018558627
0.018456793
0.018998071
0.019422706
0.018486365
0.019391179
0.018444672
0.018344452
0.018401963
0.018603183
0.01936971
0.018193239
0.018535415
0.018928036
0.018545578
0.018241532
0.018117574
0.020419316
0.019204937
0.018806076
0.018595493
0.018387126
0.018057694
0.018257831
0.018324484
0.018591796
0.018011463
0.018867437
0.018612098
0.0187601
0.019065768
0.019802438
0.020158908
0.019003383
0.020370854
0.01901919
0.018873174
0.018859714
0.018773476
0.018849062
0.019179672
0.01900768
0.019181546
0.018924323
0.018993968
0.01831887
0.018912974
0.019082801
0.01978559
0.01884251
0.01896539
0.019098276
0.019151979
0.018922362
0.01908025
0.019173552
0.019095487
0.019046867
0.019293586
0.019232151
0.019117721
0.018986089
0.019025844
0.018944663
0.018979501
0.018912817
0.019745286
0.018862124
0.019113743
0.018731032
0.018255933
0.018913928
0.018839664
0.018663984
0.018799963
0.018815227
0.018906572
0.019243273
0.018849297
0.018777438
0.020102546
0.019609954
0.019859018
0.018904093
0.01917573
0.01936254
0.019017444
0.018825689
0.019601655
0.019228551
0.018829519
0.019383929
0.018677873
0.019455474
0.020096814
0.020744213
0.019776274
0.019976695
0.01842103
0.018900735
0.019076526
0.018647768
0.018797651
0.019158101
0.019363409
0.018396623
0.01838759
0.018986672
0.019078665
0.018682498
0.018773318
0.018766064
0.018351591
0.018775648
0.020070622
0.01630279
0.016472981
0.017926493
0.018045113
0.018332457
0.018229891
0.018392223
0.01845897
0.018434731
0.018560429
0.017936776
0.017996597
0.018130127
0.01786845
0.018217044
0.017984333
0.018237328
0.01810691
0.018448166
0.018486135
0.017586239
0.017689143
0.017542653
0.017672193
0.017642667
0.017810473
0.017704032
0.017747494
0.01792498
0.017805452
0.017865872
0.018024112
0.017877685
0.018031951
0.018145775
0.018279123
0.017968327
0.018059094
0.017709086
0.01756391
0.018143967
0.018310055
0.018277085
0.019889819
0.019108366
0.018207273
0.017787147
0.018098451
0.018054466
-0.0041206422
-0.0039794367
-0.0040146344
-0.0041402713
0.00022418551
-0.00031407772
0.00011427569
-0.00056148232
-0.00019466072
0.00014614745
0.00022845742
0.0003757188
-0.00051056326
0.00022843292
0.017765483
-0.00016206171
0.018287819
0.017176424
0.017288434
0.01964412
0.018871412
0.018739386
0.018976104
0.018345671
0.018428143
0.018674642
0.018743267
0.018636465
0.018612256
0.018652869
0.018747635
0.018495017
0.018572013
0.018255172
0.018646584
0.01894032
0.018500989
0.018497193
0.018471622
0.018302774
0.018500207
0.018389734
0.01859248
0.018584903
0.018599244
0.018454166
0.018435828
0.018474551
0.018369024
0.018306886
0.01845374
0.018508802
0.018658445
0.018593869
0.018709931
0.018390413
0.018295222
0.018310435
0.018327723
0.018569206
0.018525237
0.018591283
0.018077156
0.018577603
0.017980573
0.018852562
0.018447762
0.018206953
0.018369298
0.018227004
0.018346053
0.018415079
0.018093042
0.018481007
0.018036716
0.018160778
0.018100361
0.01777605
0.018324521
0.018225864
0.018070062
0.018331216
0.018075806
0.01804154
0.018062019
0.017950949
0.017994033
0.017840224
0.018231163
0.01794414
0.018416749
0.018057229
0.018240442
0.018187694
0.018028281
0.018622504
0.018641545
0.017908612
0.017637276
0.017852329
0.018148978
0.017873506
0.017713598
0.018165182
0.018199175
0.018202125
0.018276912
0.01840147
0.018144789
0.018778699
0.018609616
0.018090661
0.018322302
0.017975132
0.018119587
0.018225732
0.018011538
0.018182594
0.018082181
0.017876081
0.018110268
0.019773442
0.020207161
0.018573511
0.018745026
0.018439679
0.018511459
0.018227447
0.018504984
0.018391933
0.018229139
0.018363561
0.018168424
0.018757637
0.019713174
0.018727973
0.018748635
0.018608925
0.018880626
0.019140873
0.01928361
0.019433542
0.019793537
0.018533411
0.018454216
0.019019884
0.01994333
0.018575797
0.018329731
0.018569559
0.018565837
0.0182427
0.018264856
0.018211698
0.018091238
0.01729942
0.017176896
0.018307047
0.018540926
0.018474141
0.018357753
0.018609255
0.018231942
0.019017785
0.019016592
0.018650074
0.018766308
0.018561339
0.018640778
0.018618194
0.018682091
0.018394382
0.018502054
0.017881839
0.018577393
0.018016498
0.018276829
0.017850494
0.017997187
0.017817392
0.018107576
0.018107646
0.018594798
0.018546573
0.018137269
0.018173134
0.018270677
0.018108415
0.018093452
0.018131062
0.018060961
0.018033893
0.018269617
0.018251103
0.018342748
0.018259783
0.018233559
0.018328653
0.018255966
0.017963285
0.017995503
0.018019367
0.017975382
0.017979678
0.018020853
0.0180427
0.018107925
0.018060329
0.018198971
0.018154161
0.018462506
0.018330319
0.017925028
0.018076928
0.018368412
0.017524836
0.018326462
0.018157924
0.018189091
0.018190614
0.017804777
0.018066816
0.017991944
0.017973035
0.018139756
0.018000394
0.018041664
0.017981596
0.018066913
0.018220394
0.018014547
0.018047552
0.018283329
0.017962726
0.017991787
0.017854573
0.018040817
0.018369753
0.017854194
0.017767261
0.018456596
0.017998174
0.017896612
0.018048614
0.018158786
0.017617037
0.017787753
0.01797121
0.017960063
0.018229385
0.018475149
0.018239262
0.017944797
0.017910069
0.018489666
0.017937761
0.017905535
0.018078368
0.018291898
0.018173654
0.01971194
0.018937512
0.018910635
0.018498154
0.018547422
0.01863747
0.01834047
0.018097913
0.01837457
0.018161835
0.018430547
0.017913462
0.018283606
0.01835211
0.017978643
0.018066825
0.019295632
0.019390032
0.019141679
0.019358563
0.019040097
0.019559918
0.019328885
0.01954031
0.019069787
0.019928766
0.019693426
0.019397726
0.019829708
0.019721158
0.018448249
0.019266675
0.019788291
0.019323816
0.018498544
0.020096101
0.019528106
0.019576767
0.018177469
0.019270534
0.019123682
0.019077272
0.019809197
0.019942361
0.0194381
0.018364677
0.020273558
0.02000537
0.01964556
0.019412867
0.020017441
0.019323217
0.018662391
0.019741357
0.019494608
0.019333361
0.019426849
0.020096883
0.019567375
0.019695989
0.019103956
0.020751714
0.018595216
0.019277982
0.020421382
0.019530449
0.019718733
0.019291623
0.019899187
0.019369647
0.019278072
0.020231657
0.018946595
0.018671287
0.019234013
0.019599199
0.019347065
0.019389353
0.020105751
0.019343161
0.018502518
0.019644461
0.019133555
0.019612477
0.020188061
0.019758281
0.020253775
0.019496176
0.019956439
0.019290175
0.019882665
0.020120223
0.019853431
0.01940923
0.020415701
0.019300827
0.0195834
0.019256282
0.018919596
0.019257025
0.019996976
0.020001683
0.02006806
0.021276071
0.020235264
0.019628833
0.019872544
0.020109871
0.0198943
0.019536428
0.019992524
0.020284267
0.020524564
0.020739182
0.021707485
0.019273944
0.019552637
0.020492577
0.019869827
0.019993383
0.019800247
0.01976553
0.019441542
0.020075187
0.020011922
0.020107508
0.019163769
0.019465621
0.01937904
0.020148966
0.019946055
0.018801698
0.0198812
0.019996592
0.018700707
0.019523617
0.018902836
0.019778188
0.019693602
0.018689874
0.018946502
0.018292225
0.019910066
0.020338521
0.019481892
0.020189768
0.019925944
0.019290386
0.020475975
0.019401849
0.019100667
0.02031549
0.019843099
0.019312364
0.019757673
0.019565511
0.019622903
0.019535151
0.020121097
0.021729065
0.019982962
0.019223144
0.020239283
0.018786654
0.019030211
0.020158441
0.020333231
0.019960968
0.020275762
0.019726025
0.018842116
0.018655211
0.021241095
0.020408077
0.020215113
0.018577275
0.018920551
0.017984242
0.020491407
0.02028184
0.018945693
0.019235421
0.019515262
0.019120242
0.019496483
0.019435182
0.019222955
0.019379349
0.019263642
0.019559574
0.019917191
0.019422289
0.018927211
0.019488997
0.019172227
0.019010598
0.018603295
0.018521394
0.01888255
0.018971057
0.020433912
0.019300673
0.018968034
0.019843481
0.020102567
0.019399485
0.019511882
0.019164852
0.018856318
0.020534833
0.018051195
0.018693032
0.018591093
0.018572704
0.018599218
0.018506555
0.019761492
0.01934164
0.019803769
0.019372808
0.019237847
0.019522123
0.019326463
0.019718937
0.019699775
0.02001588
0.019121967
0.019359023
0.019203546
0.019333521
0.019176658
0.019377357
0.019365879
0.019107765
0.01878427
0.018701028
0.018824701
0.020501304
0.018882077
0.018509527
0.020898475
0.018733988
0.018718291
0.018874472
0.018660593
0.018834707
0.018926442
0.019152368
0.020398119
0.020486121
0.01891929
0.018806654
0.018535013
0.018391418
0.01860503
0.018462322
0.020371742
0.020431472
0.02095717
0.020507398
0.019049482
0.018884316
0.019108503
0.018918849
0.018468927
0.019235027
0.018879936
0.019032038
0.019181127
0.019360071
0.018976199
0.019781507
0.020667785
0.020635105
0.020510947
0.020387619
0.020142736
0.020064706
0.019158453
0.018867314
0.02138151
0.020627312
0.020539091
0.020769942
0.020281031
0.020852253
0.020980631
0.020446124
0.0205751
0.021238242
0.020563693
0.020740262
0.020870327
0.020554175
0.021017977
0.020874057
0.020875447
0.020840464
0.02100399
0.020788664
0.020155012
0.020948542
0.020219053
0.020303999
0.02160238
0.021665522
0.021068634
0.021065186
0.021024961
0.021050286
0.02104427
0.0206058
0.019936735
0.020021774
0.020805558
0.020887115
0.020749328
0.020527807
0.019694761
0.021292747
0.021569679
0.021829213
0.020599921
0.021525218
0.021127696
0.020829915
0.020707177
0.020397671
0.020660622
0.020641406
0.021818593
0.021780335
0.022235272
0.022296146
0.021028663
0.021212503
0.021330938
0.020727609
0.020775921
0.020540389
0.021039854
0.020719064
0.020625363
0.020860586
0.021213554
0.021514785
0.021011325
0.020997553
0.020983822
0.021199359
0.021243866
0.020593744
0.021003088
0.02074521
0.019985918
0.02163432
0.020423167
0.019907976
0.020150099
0.02040062
0.022070539
0.021344376
0.021165013
0.021189657
0.021369186
0.021265107
0.021588353
0.020772151
0.021689596
0.021739564
0.021310231
0.021227939
0.021298284
0.021533418
0.021528233
0.021471071
0.021095752
0.021563999
0.021654403
0.021410995
0.021347107
0.022154612
0.020855347
0.020531231
0.020982357
0.020193041
0.020437727
0.020380617
0.020976042
0.022086257
0.02185266
0.021687717
0.021575939
0.021588459
0.021309928
0.02172141
0.021536073
0.021664725
0.021516599
0.021600806
0.021440988
0.021757353
0.02149474
0.021369395
0.021273912
0.021436167
0.021416098
0.02183485
0.021806703
0.021793238
0.021449748
0.021761598
0.021726752
0.021819698
0.022008429
0.021742713
0.021922171
0.021814331
0.019166875
0.021932494
0.021806435
0.020939844
0.020099958
0.021852196
0.021755891
0.020142122
0.020675223
0.02057811
0.021793344
0.021185788
0.02097002
0.019878135
0.020115269
0.019925825
0.020204961
0.01997534
0.020221243
0.021587639
0.020492342
0.021812918
0.021695152
0.021772003
0.022206647
0.02190178
0.02179863
0.022091146
0.022926395
0.022077817
0.021838839
0.022037091
0.022018951
0.022007219
0.022225576
0.02198758
0.022921365
0.022090546
0.022130764
0.022052397
0.022003824
0.021949194
0.021985213
0.02209438
0.021607083
0.021166039
0.021760794
0.021651574
0.020024261
0.020140297
0.019939795
0.019673496
0.020219946
0.019766538
0.021540805
0.021248848
0.019137684
0.019127704
0.019886755
0.020067131
0.021549831
0.021211416
0.02092372
0.020998248
0.019812263
0.019328256
0.019756959
0.020146387
0.021529841
0.021320111
0.021273175
0.021170858
0.019611761
0.019543992
0.019230618
0.020147904
0.020261262
0.019967427
0.019875021
0.020080151
0.020179287
0.019554125
0.019727406
0.019362577
0.019073848
0.019604941
0.019566874
0.02039369
0.020227873
0.019779948
0.019974467
0.020078878
0.020195115
0.020125948
0.020034063
0.019050801
0.019720486
0.020192974
0.020246895
0.0197377
0.019541794
0.021396102
0.018949576
0.018673972
0.019371023
0.019593391
0.018996597
0.019657621
0.019286609
0.020691379
0.01860712
0.01871969
0.01864395
0.018522316
0.018783847
0.018671911
0.018612191
0.018462948
0.018477466
0.018294457
0.018579088
0.018573743
0.018310283
0.018358708
0.018410466
0.018673878
0.018669582
0.018796964
0.018592021
0.018913814
0.018706815
0.018718176
0.018819285
0.018560929
0.018410263
0.018485691
0.018503202
0.018975501
0.018838169
0.018809542
0.018758598
0.018940012
0.019071577
0.018630446
0.0186568
0.018822514
0.019314946
0.018945409
0.018722332
0.018797269
0.018835641
0.018891446
0.019227277
0.018692726
0.018501968
0.019018627
0.019169923
0.018414574
0.018261987
0.018212431
0.018293578
0.017959018
0.018156723
0.018215227
0.017547318
0.018418894
0.017973244
0.018108638
0.018277133
0.018160283
0.01818775
0.018098398
0.018356249
0.018251139
0.018481845
0.01810985
0.018014466
0.017865469
0.018135241
0.01798977
0.018242657
0.018279042
0.018136928
0.017918664
0.018187093
0.018115631
0.018204858
0.018063202
0.018068994
0.018624951
0.018513217
0.018209726
0.0181452
0.019783833
0.019690805
0.019516349
0.019765957
0.019008556
0.019038246
0.018855673
0.018664732
0.018385095
0.018431838
0.018306558
0.018407774
0.018421638
0.018495764
0.01831368
0.018312282
0.01843091
0.01819073
0.018318128
0.018465651
0.018731367
0.018203394
0.018467335
0.018530327
0.018545333
0.018434294
0.018435941
0.018451863
0.01838115
0.018356647
0.018146945
0.018356375
0.018429993
0.01831901
0.018224929
0.018105947
0.017998839
0.018653177
0.018329652
0.018210431
0.018368552
0.018152282
0.01826665
0.018254977
0.018698215
0.0181361
0.018421844
0.018274895
0.018395871
0.018561447
0.018273526
0.018497971
0.018336341
0.018191994
0.018299511
0.018474958
0.018364774
0.018156728
0.018218601
0.01830171
0.017994435
0.018722303
0.018367666
0.019208328
0.018900677
0.019154814
0.019191429
0.01900802
0.01913692
0.018999084
0.019109268
0.019126321
0.019136683
0.019691942
0.019914215
0.020057896
0.020124372
0.020294649
0.020146244
0.01949079
0.019430291
0.020409556
0.020296939
0.019757317
0.019386189
0.019737117
0.019889845
0.01833554
0.018601786
0.018927567
0.018757719
0.018311936
0.01836746
0.020559931
0.020470095
0.02050381
0.020453619
0.020430586
0.020379637
0.020695346
0.02064762
0.020776975
0.021065377
0.02057076
0.020556428
0.021047361
0.021159801
0.02016135
0.020343814
0.025371746
0.022117644
0.021752836
0.021934959
0.021710461
0.021807595
0.021912554
0.022132355
0.02189716
0.022041052
0.021716286
0.022215047
0.021937208
0.022297195
0.022455093
0.021883016
0.021925182
0.022230337
0.022211188
0.022079322
0.022358606
0.022665681
0.022596532
0.022628502
0.022732512
0.022266966
0.022499282
0.022404662
0.021915962
0.022342737
0.02238305
0.022496121
0.022302406
0.022424903
0.02256582
0.02226462
0.022395953
0.022171885
0.022284724
0.022182838
0.02140188
0.022930845
0.022800724
0.02246064
0.02251274
0.022150813
0.022685836
0.02233285
0.021929371
0.022535137
0.02285888
0.022429877
0.022671465
0.023046666
0.022795937
0.023206716
0.023130642
0.022453237
0.023107645
0.023246423
0.022490933
0.022953852
0.023837614
0.02303481
0.024544667
0.022223265
0.022280297
0.023023276
0.022594057
0.022642028
0.02286172
0.022118973
0.022094014
0.02244869
0.022441846
0.021759997
0.021893314
0.021675843
0.021447656
0.022311997
0.022628826
0.022528841
0.02014148
0.023052335
0.023014386
0.022283395
0.022822364
0.021621904
0.022788955
0.01968405
0.022325318
0.023969232
0.022943215
0.022570257
0.021541751
0.02180618
0.021737491
0.019336264
0.024005856
0.022870982
0.023765249
0.022358826
0.023176987
0.019702914
0.019348341
0.023398429
0.02373378
0.019435307
0.019277728
0.019881002
0.018880339
0.020136551
0.018596118
0.020139063
0.0198429
0.019426253
0.01949372
0.019577281
0.018633647
0.018810888
0.01870264
0.018966307
0.018861381
0.01890963
0.019076175
0.019198163
0.019026354
0.01908735
0.019158835
0.018953743
0.018993919
0.01940941
0.018787874
0.018990843
0.018885472
0.018952378
0.018833495
0.01888205
0.018802643
0.018660533
0.0186876
0.018742855
0.018901421
0.018720179
0.018927318
0.018608513
0.018641887
0.018576079
0.018864261
0.018891625
0.018576097
0.018519305
0.018861756
0.018891525
0.017889592
0.017935857
0.01795813
0.018268891
0.017650464
0.017669338
0.018114248
0.018174387
0.017961465
0.018105866
0.017824775
0.018196758
0.018061342
0.018318771
0.018188993
0.018309758
0.018310516
0.018120329
0.018070534
0.019227905
0.019110188
0.019480203
0.019148234
0.019134631
0.018790734
0.019998773
0.020094411
0.019107931
0.019319686
0.01947762
0.020790131
0.021151489
0.02064961
0.020240848
0.020011741
0.020258418
0.020464364
0.019940358
0.019726234
0.020225288
0.0203632
0.019746512
0.01999271
0.020165208
0.019666168
0.019854802
0.019834472
0.020370379
0.02035217
0.02074151
0.020624324
0.020477518
0.020160115
0.020327534
0.020192893
0.020364319
0.019508973
0.018376701
0.018396788
0.018369449
0.018085527
0.018420074
0.018357644
0.017892773
0.018545623
0.018236893
0.018295118
0.017731035
0.018382572
0.018689262
0.018531531
0.017977962
0.018279035
0.018515888
0.01822033
0.018183492
0.01869935
0.017650568
0.018290284
0.018541635
0.018452496
0.018960696
0.018768925
0.018125012
0.017958456
0.017922125
0.018270405
0.017696759
0.018166073
0.018097582
0.017940375
0.018298998
0.018391758
0.01830989
0.018102668
0.018239258
0.018728742
0.018592247
0.018747709
0.018813397
0.018910516
0.018895608
0.01869495
0.018925061
0.018936128
0.018288136
0.018514715
0.018650034
0.018445201
0.018872286
0.018753279
0.018292814
0.018474198
0.018890037
0.018709525
0.018519476
0.018764151
0.0186678
0.019197143
0.020266149
0.020184658
0.020881567
0.021014707
0.020885656
0.021135088
0.02129734
0.020600033
0.021545149
0.021766723
0.021715106
0.021634932
0.022186763
0.022218524
0.022120651
0.021833599
0.022363338
0.02256101
0.022442879
0.022334719
0.022295129
0.023153506
0.02266915
0.021872239
0.021608358
0.021482673
0.021404352
0.021526999
0.021237169
0.021120861
0.02142318
0.021420478
0.021272513
0.02308843
0.023187523
0.024841276
0.023837487
0.023641072
0.023609704
0.022635932
0.022819396
0.022229502
0.023624979
0.022451262
0.024316945
0.023302928
0.022870607
0.023762071
0.023281982
0.023635315
0.02411233
0.023122881
0.025373584
0.024121316
0.024351653
0.024734669
0.02263755
0.025238554
0.02635163
0.023429069
0.025569008
0.024141932
0.02222846
0.024026097
0.022669995
0.023932385
0.023574505
0.022490804
0.026659448
0.03112432
0.027780372
0.026028777
0.041940961
0.021808104
0.022185277
0.021634271
0.021974938
0.021526019
0.023081386
0.02164268
0.022026884
0.021486457
0.020951262
0.019206724
0.019565208
0.019506273
0.019466998
0.019168044
0.019399363
0.018883717
0.019125855
0.019158474
0.019139909
0.017668107
0.019339746
0.018220142
0.018213073
0.018226743
0.018255718
0.018059365
0.017964751
0.018390635
0.018071183
0.018169174
0.018172596
0.018264888
0.018031033
0.018179023
0.018189876
0.018237543
0.017840026
0.017625297
0.017955644
0.01817353
0.018216118
0.018274969
0.018447578
0.018115938
0.018176876
0.018298634
0.018623316
0.01795583
0.018100042
0.018190568
0.018160514
0.018102786
0.018098738
0.01810968
0.018306505
0.018134117
0.017979925
0.018226253
0.018423675
0.01840795
0.018229511
0.018027715
0.018906857
0.018907153
0.019065026
0.019591244
0.021379583
0.019978717
0.018825684
0.018474523
0.019817648
0.020239827
0.020355038
0.020470978
0.020443486
0.020615982
0.020715374
0.020744687
0.020746036
0.021331377
0.020654425
0.02041289
0.020746067
0.020651148
0.020931392
0.021068431
0.020674109
0.020345814
0.020549625
0.020497214
0.020669769
0.020314676
0.020453554
0.020513787
0.020665034
0.020532035
0.020748928
0.02043095
0.020494094
0.0203745
0.02072721
0.020405759
0.020342295
0.020223922
0.020552752
0.020353542
0.021201578
0.020482072
0.020568203
0.020654592
0.020841134
0.020875147
0.020893698
0.021242419
0.020473315
0.020072026
0.020779749
0.02103793
0.02103694
0.020934869
0.020694992
0.021202539
0.021067852
0.021317587
0.020633133
0.020323812
0.02012295
0.019643392
0.020413677
0.020158354
0.020387688
0.020218922
0.019975765
0.019782908
0.0204592
0.020611232
0.020100596
0.020150519
0.019111766
0.02006355
0.020600749
0.020157327
0.020157733
0.018778362
0.020919397
0.020796919
0.02003817
0.019643064
0.01983067
0.02008657
0.020629601
0.020974829
0.019930139
0.021171182
0.019967896
0.019903634
0.020468506
0.020931559
0.021531098
0.020516997
0.020215238
0.021023016
0.018496857
0.021443792
0.020589553
0.019859334
0.021018404
0.020074057
0.020467297
0.020916781
0.020615527
0.020786906
0.0210106
0.020920055
0.020189801
0.020043693
0.020674077
0.020167638
0.021035839
0.019786372
0.021132535
0.021154039
0.021239704
0.019168119
0.019307623
0.019363515
0.021254148
0.019030883
0.020591337
0.020839366
0.02035957
0.019903666
0.018964576
0.01922216
0.020862355
0.021058808
0.021437257
0.021450567
0.021176135
0.020788013
0.021062235
0.021585351
0.020741002
0.020581317
0.021342881
0.021570094
0.021138346
0.019947735
0.021403057
0.020371985
0.021336832
0.021149756
0.021066671
0.020484749
0.021603677
0.021649291
0.021297299
0.021829186
0.021451565
0.021570273
0.021714682
0.021634516
0.022510927
0.021701117
0.02173651
0.021535242
0.020158817
0.020407957
0.020361658
0.019624353
0.020062527
0.019690549
0.020965908
0.021268166
0.021084151
0.021350789
0.021419752
0.021258512
0.021302084
0.022077463
0.020318294
0.019782217
0.021687074
0.020078722
0.01979898
0.020363724
0.020582631
0.020603753
0.020753898
0.020036531
0.021642025
0.020209096
0.021315311
0.021444198
0.020576687
0.020674666
0.020421207
0.01964808
0.019497969
0.019735365
0.019930823
0.019541134
0.019682675
0.020420185
0.020164016
0.019520788
0.019105922
0.01939889
0.019317294
0.0198468
0.019512799
0.019629509
0.020152074
0.020187012
0.019173249
0.019646147
0.01937049
0.02145644
0.021633175
0.02158444
0.021616343
0.019686137
0.020167957
0.020253657
0.020221011
0.021219587
0.021621363
0.02170651
0.022390084
0.021570634
0.021717848
0.021453405
0.021690941
0.021927749
0.021827103
0.02174329
0.021811832
0.021381034
0.021764175
0.021655703
0.021781054
0.021373246
0.020884892
0.020513207
0.020977328
0.020903293
0.021690259
0.02064921
0.020461294
0.019997945
0.019055627
0.021676227
0.022800608
0.022188046
0.021924843
0.020941853
0.020301189
0.020897902
0.020793017
0.020191556
0.020097481
0.021205074
0.021232597
0.021591424
0.021780297
0.0215111
0.02139724
0.021851135
0.021833665
0.022034676
0.021954694
0.022014287
0.021317421
0.02193303
0.020857908
0.021620211
0.021973186
0.021868405
0.022143879
0.022253996
0.022500784
0.021867432
0.022422398
0.021827701
0.02142146
0.022080367
0.021727769
0.022085163
0.022464334
0.021458813
0.021381119
0.02202934
0.022512992
0.022408956
0.022232836
0.021697433
0.022301129
0.021979327
0.021770606
0.021705667
0.021865965
0.022486829
0.02220582
0.021944583
0.022175113
0.02222287
0.022192089
0.021524758
0.022263646
0.02131413
0.020974693
0.021224918
0.021471194
0.021481676
0.021838721
0.021252453
0.021863311
0.021456279
0.021603343
0.022301369
0.02194565
0.022221271
0.023480904
0.022071073
0.022592872
0.022303797
0.023098577
0.022410492
0.022678019
0.022153651
0.022429659
0.023132237
0.022587665
0.021462619
0.02272231
0.022807255
0.022765486
0.02223704
0.022272754
0.023807499
0.023121621
0.022695012
0.022806029
0.022281086
0.022604448
0.022862658
0.023175359
0.022700902
0.022042991
0.022618719
0.022346741
0.022618961
0.024487356
0.023060069
0.02250694
0.02303407
0.022727524
0.02295559
0.02282516
0.02351906
0.022498557
0.022613669
0.023326641
0.022757002
0.023065163
0.02375982
0.023156942
0.022743863
0.022683849
0.022795867
0.023187168
0.022910761
0.022618623
0.022811432
0.02347631
0.023213837
0.023363215
0.023488218
0.023698884
0.023768058
0.024170361
0.024562384
0.024390623
0.023850214
0.024734017
0.024415859
0.023688607
0.023193046
0.025766646
0.023985133
0.024711705
0.023435096
0.023942752
0.023419132
0.023693822
0.023295931
0.023117115
0.023264344
0.026253048
0.025391789
0.024131184
0.023399978
0.030541948
0.023728246
0.023141466
0.023330767
0.023987416
0.023189853
0.022819467
0.022743866
0.022482171
0.022511051
0.022877417
0.023525345
0.022225235
0.022077098
0.022610161
0.022486818
0.022072437
0.021749811
0.022219678
0.02258267
0.021545852
0.022169665
0.019875572
0.020144196
0.01812792
0.018245648
0.018470367
0.018258443
0.018026631
0.018339325
0.0182403
0.018111265
0.018179786
0.018140162
0.018219853
0.017912169
0.018349183
0.018011804
0.017755697
0.018095018
0.018823902
0.018890308
0.018571287
0.018639045
0.017940931
0.01865014
0.01884656
0.01811614
0.018301598
0.018490446
0.018801377
0.01832699
0.018973578
0.018781836
0.018817816
0.019126497
0.019286782
0.019309609
0.018766705
0.019048586
0.018929766
0.019169265
0.019028613
0.01915513
0.018792119
0.018719312
0.018845785
0.01993632
0.018618461
0.018816251
0.01875188
0.019026304
0.019208362
0.019604842
0.018512605
0.018602709
0.021109207
0.021066394
0.021910195
0.021709405
0.022216946
0.022104192
0.022097687
0.022207644
0.022293692
0.022254066
0.022470095
0.022488403
0.022531924
0.022695777
0.022728708
0.02285942
0.022825786
0.025871178
0.02446823
0.0233242
0.024044568
0.02576974
0.027116034
0.024753444
0.029044272
0.026492352
0.027203571
0.035103923
0.032634011
0.027193693
0.021191598
0.021140277
0.021328067
0.020383214
0.021668583
0.020429462
0.021566175
0.022316234
0.021768518
0.023169173
0.021433303
0.021355097
0.019635649
0.019586139
0.018964628
0.019341983
0.01827172
0.018220786
0.018092883
0.018154371
0.018309115
0.018535295
0.018269425
0.018183329
0.018247631
0.01796918
0.01815206
0.018174683
0.01837444
0.018062903
0.017912797
0.018080947
0.017964101
0.018125788
0.018354081
0.019793187
0.019680301
0.019984847
0.019945577
0.019553638
0.01951318
0.019552371
0.019364168
0.019786472
0.019814715
0.020228568
0.020207901
0.020026151
0.020071692
0.019979047
0.019831965
0.019917716
0.020015109
0.020039933
0.019871063
0.019923147
0.019589147
0.020705825
0.020725157
0.020841051
0.020974354
0.021067913
0.020994875
0.021361294
0.021196337
0.019210095
0.018612426
0.019861411
0.019879117
0.019508927
0.019360971
0.020092708
0.019914416
0.020147288
0.019878812
0.019960283
0.019790869
0.021296802
0.021334458
0.02116277
0.020771924
0.021776028
0.020719829
0.021691906
0.021425105
0.021525431
0.021569682
0.021489262
0.02202633
0.021974149
0.02245188
0.022069114
0.022101025
0.02199238
0.022471665
0.022501988
0.021736965
0.023052916
0.022020512
0.022508111
0.022734845
0.022599477
0.022960404
0.023067346
0.023152396
0.022407986
0.022201335
0.022720012
0.022494775
0.025904864
0.022575497
0.023736148
0.024930398
0.026887702
0.024354683
0.023856458
0.024661585
0.024597735
0.02549216
0.018437575
0.018478702
0.018776497
0.021604562
0.021896704
0.022031156
0.022118364
0.021801171
0.021569039
0.021341421
0.02163904
0.021176586
0.02129245
0.022097796
0.022119869
0.022224377
0.022297613
0.022276777
0.02235714
0.022263319
0.022312967
0.02223772
0.022191566
0.022211494
0.022172304
0.022257943
0.02243519
0.025332634
0.022475299
0.02431538
0.025125128
0.02483994
0.024663235
0.023701033
0.023203862
0.023744812
0.023345452
0.025857745
0.028549366
0.02192271
0.021353564
0.021443845
0.021008357
0.019480217
0.019340577
0.018545267
0.018464325
0.019949129
0.019977568
0.019886693
0.019821327
0.018999808
0.018644879
0.018744053
0.01850733
0.019210283
0.0191367
0.019140728
0.019965113
0.019619979
0.020497558
0.019192722
0.019457446
0.019498038
0.019360222
0.019092548
0.019367543
0.019491816
0.022006655
0.022071132
0.022052456
0.022068959
0.022140212
0.022178534
0.022059938
0.022137876
0.022166933
0.022173506
0.022166422
0.022257247
0.022184382
0.022203102
0.022527589
0.022259805
0.022104733
0.02213712
0.022334322
0.022227192
0.022166361
0.022201901
0.022204257
0.022215974
0.022246237
0.022499774
0.022202915
0.022215621
0.022331806
0.022681297
0.022493118
0.022460778
0.022467746
0.022377699
0.022294864
0.022534306
0.024419769
0.026765922
0.028504069
0.024783271
0.024949892
0.021506217
0.021316652
0.021949488
0.021968516
0.021943289
0.022052126
0.021949968
0.022034158
0.022079719
0.022032001
0.022239417
0.022233614
0.022212343
0.02221986
0.022202088
0.022242184
0.022242716
0.022216512
0.024979755
0.024689538
0.024267261
0.024543842
0.023767963
0.023049674
0.023573098
0.023256975
0.022760035
0.022920181
0.023117162
0.022881315
0.023673155
0.021933654
0.02014817
0.021601716
0.021560486
0.021237775
0.020016119
0.020452563
0.020425065
0.02083352
0.020689935
0.020607701
0.020456785
0.021331847
0.020723826
0.018865334
0.018571118
0.019006927
0.018782173
0.019289547
0.019154959
0.018573576
0.01848859
0.018640556
0.019016758
0.01895579
0.019502923
0.01885336
0.019007969
0.019087972
0.018762172
0.019345962
0.018634392
0.01953024
0.018558077
0.018701005
0.018572403
0.019084141
0.018876274
0.018827815
0.018433833
0.018321503
0.01900224
0.018837931
0.018969404
0.018756354
0.018465801
0.018613282
0.018473555
0.019111983
0.018647009
0.018520337
0.019271064
0.018648105
0.018474783
0.018986908
0.018958914
0.01892963
0.018878854
0.019071376
0.019033906
0.019262613
0.018779659
0.018744219
0.018848924
0.019039815
0.018722914
0.019694966
0.019412744
0.019685846
0.019464991
0.019303993
0.019341584
0.018890776
0.019369209
0.019252934
0.019618125
0.01955395
0.019017166
0.019681984
0.019362294
0.019151845
0.019617281
0.019136315
0.01918554
0.019005458
0.019785774
0.019158759
0.019691188
0.019595953
0.019376958
0.019594091
0.019468821
0.019239393
0.0190208
0.019046065
0.019141079
0.01882123
0.01928264
0.01947594
0.019348311
0.019137547
0.019249489
0.019336904
0.019476615
0.019512165
0.019257481
0.019255155
0.019263905
0.019183344
0.019418047
0.019253497
0.019119921
0.019074732
0.019827468
0.01983057
0.019635508
0.019863454
0.022298203
0.022110358
0.022264409
0.022200015
0.027351212
0.022277918
0.02596771
0.025279767
0.044516643
0.030331177
0.02392974
0.023246755
0.022259935
0.024918523
0.021123233
0.021794295
0.020151243
0.021285758
0.018406066
0.018779463
0.018698647
0.019118322
0.019619351
0.019390444
0.018954439
0.019286395
0.01879967
0.019293178
0.01970246
0.019488474
0.019315942
0.019314152
0.019187123
0.018991994
0.019850682
0.019291632
0.018853648
0.019034054
0.01952612
0.019733607
0.019281168
0.01947344
0.019413315
0.019399799
0.019441441
0.032048018
0.030649353
0.029549541
0.033577197
0.026687378
0.022364192
0.022285533
0.025677959
0.025385695
-0.0012014425
0.00017907013
0.0090183794
0.0084299916
0.015027958
0.014332032
0.001903345
0.0030004021
-0.00097453464
-0.001102406
-0.0045405773
-0.0042975735
-0.0013849094
-0.0015695933
0.00017310316
0.00079951474
-0.0011431011
-0.0011451204
0.00052439068
0.00056977717
0.0014454432
0.0015251837
0.0015637705
0.001436926
0.00075021893
0.001004668
0.0014821927
0.0014391107
0.0013345937
0.0011089346
-0.0012286514
-0.0020227664
-0.0011810003
-0.0018983579
-0.0026995881
-0.0019657184
-0.0025006855
-0.0027314917
-0.0020394987
-0.0016115508
0.00063019589
0.0003976653
0.00046687882
0.00060254158
0.00052402594
0.00028668443
0.00023796073
0.00038807974
-9.7698215e-06
0.00063330311
0.00049613618
0.00073022154
0.00057725487
0.00054137173
0.00083374393
0.0009031915
0.00066139047
0.00044940162
0.017784435
0.017800483
0.017255535
0.017174368
0.00062021362
0.0008846438
0.017652513
0.017610443
0.016046981
0.016300957
-0.0034177277
0.017224346
-0.0031570779
0.017827658
0.017882962
0.017175362
0.017328086
0.018244242
0.018376123
0.00011060882
-4.7221412e-05
0.00026657645
-0.00017588245
0.00018416576
-0.00058682854
0.019236021
0.018625159
0.01764574
0.017691348
0.017630178
0.017825368
0.017932829
0.017936331
0.017716435
0.017690117
0.021024462
0.021269483
0.021750154
0.022034153
0.021895764
0.022480578
0.018300383
0.018512813
0.018263003
0.023284698
0.023430055
0.018790398
0.018691172
0.021293349
0.021070771
0.02152919
0.021366791
0.02140985
0.021175403
0.021169161
0.021116041
0.021847737
0.022439073
0.021777766
0.022139889
0.021998411
0.022326496
0.022361027
0.022104776
0.024590279
0.025044539
0.017845979
0.018202975
0.022386684
0.022338879
0.02233652
0.022314946
0.02230042
0.022390731
0.022250412
0.022220318
0.022209742
0.022214966
0.022304003
0.022216152
0.021491488
0.021346416
0.021418538
0.021044465
0.019019382
0.018949369
0.050127547
0.032256821
0.031534392
0.02312398
0.027873283
0.018690558
0.018862227
0.0178028
0.017498815
SCALARS Ux float 1
LOOKUP_TABLE default
0.15256789
0.093387684
0.021000191
0.15521312
0.19998405
0.19193101
0.19418454
0.099654271
0.16155824
0.15494071
0.15605304
0.20719092
0.019568367
0.14057917
0.15818853
0.058767571
0.035963085
0.042781516
0.084896679
0.17822133
0.029397019
0.18466735
0.098467238
0.029270036
0.16913428
0.13466801
0.2060979
0.091776921
0.1252455
0.084331609
0.08151996
0.038824153
0.046683829
0.057125754
0.07296738
0.077787616
0.13402717
0.1448401
0.17306771
0.031215457
0.081340249
0.15123659
0.17876861
0.11511246
0.10999686
0.16272374
0.17849648
0.11372177
0.1769352
0.21011117
0.15111313
0.15604422
0.18275041
0.13930287
0.1882896
0.18082073
0.17193797
0.17584078
0.17177712
0.19039917
0.19057648
0.12560304
0.19738338
0.18016312
0.18835133
0.18061844
0.20344784
0.19542162
0.18882274
0.17066977
0.18800247
0.19669455
0.18146686
0.19271494
0.19797945
0.19821812
0.20067759
0.20119685
0.19514563
0.18088589
0.19139083
0.19481156
0.18863936
0.1821904
0.18398941
0.16855679
0.20256137
0.20059238
0.18806627
0.19489662
0.19986526
0.20451334
0.2025532
0.19257938
0.19631084
0.20543628
0.20537074
0.20003066
0.19061696
0.1916175
0.20996234
0.20518257
0.20659077
0.20157081
0.054617862
0.19474456
0.18341625
0.21131217
0.20810937
0.20446397
0.20614732
0.20819944
0.20293261
0.14621546
0.20333045
0.19980532
0.19842459
0.19110472
0.1791063
0.18443904
0.20569801
0.20829998
0.15009049
0.19540647
0.15966799
0.14783284
0.19723764
0.1928776
0.15176771
0.14118519
0.20503804
0.1969055
0.096826641
0.15668351
0.20018442
0.17376152
0.13710355
0.19756818
0.20077
0.15321542
0.18349145
0.18472129
0.18451563
0.17595629
0.14024234
0.1872703
0.18838199
0.180938
0.15182028
0.19005821
0.15032676
0.15620689
0.11363739
0.14608867
0.12404921
0.17809854
0.12842825
0.15216825
0.19754516
0.13448342
0.14005274
0.18309316
0.13630981
0.11529962
0.14167773
0.14649973
0.17077032
0.15935445
0.18837449
0.18791374
0.13642732
0.14995129
0.16559607
0.15554499
0.1441113
0.16697859
0.16898814
0.15754998
0.1511567
0.15587726
0.16843915
0.14884825
0.16715797
0.15613585
0.16675022
0.15834822
0.14946906
0.14469219
0.13978607
0.16676882
0.16035117
0.16840838
0.17387551
0.14938726
0.15387082
0.14097978
0.15335487
0.14692147
0.11973257
0.10347134
0.10533961
0.1713518
0.12732023
0.17168357
0.15544104
0.14093356
0.15908659
0.15600172
0.1581883
0.13969897
0.1287814
0.14522778
0.13536729
0.16049486
0.16255549
0.12639489
0.063418897
0.15072826
0.15020899
0.17237089
0.13700275
0.14700056
0.13968743
0.15728872
0.17820328
0.13475253
0.13108738
0.13396113
0.12409518
0.1416094
0.13771207
0.15647922
0.14208827
0.12713719
0.16649221
0.16247423
0.16507849
0.15013163
0.1299562
0.15231111
0.15077011
0.15570002
0.13818593
0.16249505
0.16925149
0.13947927
0.13715979
0.14627838
0.15190923
0.083517888
0.15079853
0.1402549
0.15654314
0.090557028
0.15357821
0.16972812
0.15348368
0.14397556
0.14224346
0.15122763
0.12673799
0.15116486
0.15291264
0.098860733
0.14507885
0.14030782
0.1373451
0.06974736
0.17185318
0.1615254
0.1522702
0.16035181
0.16006946
0.13599778
0.099872132
0.13203114
0.15289356
0.13981765
0.15286425
0.14532918
0.15732249
0.1501242
0.14189231
0.11145632
0.14442481
0.12851579
0.13026033
0.11598915
0.15486316
0.13292505
0.15207416
0.16274593
0.13689481
0.15169194
0.16205682
0.15489831
0.15766444
0.14628821
0.15608198
0.16587874
0.12558493
0.14105175
0.16000003
0.1608813
0.15783167
0.1538277
0.14357867
0.12709731
0.15468165
0.14693149
0.024171847
0.15540639
0.14453254
0.13267833
0.15445655
0.15046413
0.10266671
0.1310634
0.03372363
0.13343615
0.14623948
0.11343521
0.084265399
0.087464091
0.018177745
0.12359987
0.11272516
0.10736674
0.13374565
0.12602236
0.13098501
0.076006255
0.13659147
0.048418724
0.13748956
0.13704423
0.11549578
0.13798111
0.12884159
0.11815712
0.14555134
0.12210762
0.1433578
0.14975236
0.15035419
0.15420937
0.15229503
0.10216085
0.12351087
0.099602637
0.12938452
0.12179185
0.11488514
0.13173781
0.13183382
0.15389992
0.15100105
0.15600332
0.15291236
0.14780793
0.11995175
0.15739
0.15475559
0.084532799
0.14076687
0.13299572
0.12449312
0.11673715
0.12913671
0.10016483
0.14240541
0.11941434
0.086592119
0.13766452
0.12449921
0.013468905
0.13516556
0.13217837
0.14016048
0.11131414
0.04398618
0.11017461
0.099699097
0.11727943
0.078336946
0.12690677
0.12683746
0.14360406
0.14588385
0.11735123
0.050606204
0.12158445
0.11352274
0.1148915
0.10816762
0.099391469
0.14293237
0.13879755
0.14430927
0.14203066
0.14324526
0.14614078
0.14429268
0.13151712
0.14560032
0.14788115
0.14984018
0.13974613
0.14534585
0.13767438
0.13330264
0.14346144
0.14789838
0.079152211
0.12474702
0.13396623
0.09662611
0.01196242
0.071478132
0.10885436
0.088677107
0.12063006
0.10864688
0.045488786
0.082575426
0.13771008
0.127679
0.15342755
0.14981587
0.1048862
0.10008122
0.13169604
0.13081495
0.13669798
0.1688675
0.13619212
0.078134915
0.13255302
0.064594
0.14161536
0.14098379
0.11291157
0.04089935
0.094210418
0.099188452
0.15011485
0.076066208
0.095406843
0.10813831
0.0097925226
0.075426631
0.067645521
0.045376972
0.064502795
0.058563768
0.13100889
0.12375703
0.012889563
0.14034302
0.024881629
0.11474435
0.13621205
0.14358067
0.063715553
0.14531153
0.013171453
0.06378482
0.080307169
0.051233801
0.14463951
0.025278576
0.12702368
0.1386401
0.12592625
0.14131568
0.1271482
0.14411411
0.054296437
0.11658728
0.13116855
0.1371918
0.13830651
0.12177387
0.060898713
0.019783317
0.012980899
0.15748534
0.12384123
0.12405656
0.11340567
0.12199899
0.11975857
0.10046477
0.08945679
0.048804056
0.039316571
0.022258007
0.021663754
0.13629249
0.12752517
0.14458564
0.14248757
0.15193323
0.18848755
0.14601284
0.13510951
0.17842346
0.10370184
0.13882482
0.12096683
0.1914016
0.079642662
0.10229449
0.098094743
0.13595513
0.12177503
0.11718057
0.1085336
0.10847377
0.11095359
0.096919144
0.10741199
0.060257598
0.014901022
0.159346
0.053959423
0.10926018
0.10503407
0.11925393
0.12657024
0.071566088
0.098770817
0.12304617
0.10136411
0.11345909
0.087378976
0.099713044
0.057666691
0.082111424
0.10795342
0.086572519
0.082857431
0.022876016
0.015815811
0.10460452
0.094247057
0.10885841
0.1177585
0.073994132
0.084771224
0.057900488
0.072803866
0.10047978
0.096302011
0.090545204
0.082468814
0.082993929
0.091633058
0.077276357
0.078470407
0.093693031
0.037381467
0.055101787
0.091004136
0.071517328
0.084616421
0.1001352
0.064323106
0.14042809
0.080619218
0.052161537
0.051141111
0.017838814
0.079551039
0.11372271
0.069550613
0.059532273
0.071401234
0.062344267
0.048188133
0.062146576
0.038176259
0.15319382
0.081252788
0.092597392
0.066677557
0.13992708
0.07622145
0.114176
0.085623244
0.036911527
0.10088485
0.11216325
0.10084647
0.12051602
0.093703707
0.10404835
0.11422579
0.11175016
0.093414775
0.063777928
0.058555723
0.077745457
0.12117861
0.12868229
0.096637631
0.13640969
0.086484419
0.052292728
0.022403278
0.044220403
0.060672918
0.12952171
0.13381404
0.13204308
0.12647245
0.12997791
0.10370484
0.11964429
0.072458245
0.012935051
0.070608203
0.022882913
0.050682991
0.069318201
0.046167799
0.0073836438
0.14290829
0.10897532
0.12740805
0.13197959
0.12000385
0.12805678
0.13189081
0.13185251
0.10267823
0.11493317
0.082075602
0.12523927
0.087929987
0.10740995
0.066067879
0.09781306
0.1203379
0.11709336
0.12307923
0.12515067
0.11841159
0.1386068
0.12485235
0.13239834
0.13406793
0.14476504
0.13085482
0.13470767
0.13751413
0.13347356
0.11062359
0.015121835
0.088261528
0.12372416
0.083411653
0.107965
0.12777196
0.12855836
0.11075044
0.13957152
0.13683177
0.14044635
0.13843608
0.13964336
0.14116861
0.13412741
0.036708547
0.083791512
0.097445357
0.11973869
0.060133766
0.040565901
0.091299007
0.10649675
0.056479451
0.032188444
0.008798963
0.10173957
0.060021004
0.097082354
0.079928004
0.10694315
0.062377209
0.046416747
0.041678779
0.0096530588
0.070764306
0.078391652
0.0472401
0.067859143
0.053144248
0.084923739
0.095773618
0.091767211
0.069996275
0.097431294
0.052079838
0.089454901
0.063313464
0.074121045
0.10144986
0.11949482
0.01572756
0.039149851
0.034643627
0.068819548
0.015858877
0.056247723
0.076366611
0.077285475
0.071002123
0.089089715
0.058378312
0.11517996
0.069091703
0.033922025
0.038959494
0.052829025
0.014853665
0.0075151603
0.039450186
0.08022318
0.095986187
0.095081963
0.097556924
0.0098540691
0.05811811
0.061341929
0.041965678
0.083908447
0.084217
0.032414252
0.13302928
0.004064192
0.043565677
0.016844691
0.016839009
0.052925096
0.025979355
0.010167365
0.010304979
0.035251386
0.13971984
0.032563191
0.12522402
0.16405844
0.17490509
0.18358904
0.21220387
0.20219287
0.1972776
0.20677336
0.21250105
0.20484457
0.2102598
0.21212164
0.20932849
0.20619217
0.21428803
0.1940531
0.20977294
0.21511439
0.034380593
0.2097807
0.12565246
0.20238726
0.1294289
0.17540923
0.17657172
0.17767262
0.192358
0.20261294
0.1781108
0.17184473
0.19636775
0.19298693
0.18867973
0.18390413
0.20158407
0.19182259
0.19217912
0.18140522
0.19502154
0.18495113
0.20032095
0.1963585
0.15476465
0.15361591
0.18493528
0.17821723
0.18555092
0.18859286
0.20004076
0.19297603
0.18571365
0.19092522
0.18356375
0.18724729
0.18302545
0.1681485
0.17977217
0.18077043
0.15895715
0.14231509
0.1771412
0.17965248
0.21032776
0.14196818
0.20154447
0.1590463
0.20501681
0.19510283
0.19448509
0.18334205
0.15038615
0.16381087
0.096881693
0.18593913
0.18325389
0.1741421
0.21125618
0.12454133
0.13944578
0.16421305
0.10763541
0.20521499
0.20009503
0.070432662
0.17555092
0.14291958
0.11463905
0.19739025
0.12902979
0.17141032
0.11466238
0.12933717
0.20650028
0.17420445
0.18695563
0.044400996
0.13496021
0.014896131
0.16200988
0.14555089
0.10283989
0.16506066
0.21080494
0.15259097
0.18434685
0.019184321
0.15547305
0.16368207
0.20219932
0.060247209
0.11067948
0.12939243
0.16956278
0.1965869
0.19407259
0.13054719
0.089785666
0.13815823
0.1330161
0.14830391
0.19539723
0.18684826
0.14821718
0.1818213
0.18564721
0.20569642
0.18378292
0.21272849
0.029066814
0.20199393
0.16676337
0.16974489
0.12125082
0.095526541
0.077755772
0.18562838
0.18266077
0.14998803
0.068494205
0.036765135
0.074371901
0.11091971
0.099820011
0.061049259
0.028397386
0.0920967
0.17157245
0.11716092
0.076433867
0.081306851
0.10762686
0.059913437
0.11100362
0.18506989
0.16753935
0.16836879
0.077982068
0.10310918
0.024238672
0.081688868
0.057490415
0.10711433
0.178651
0.19996818
0.18840285
0.15108641
0.1535763
0.13013341
0.11760042
0.13980701
0.15675523
0.12442036
0.034610847
0.029354556
0.073645783
0.05766415
0.031349606
0.105711
0.12658294
0.18242495
0.154854
0.1707264
0.17660314
0.15049297
0.13760898
0.17103712
0.12557113
0.080468401
0.08846377
0.016292505
0.088810024
0.12444794
0.14797807
0.1912885
0.2001535
0.17883486
0.19576118
0.018983857
0.07714667
0.11177344
0.15709657
0.14533508
0.12617533
0.13149093
0.15621921
0.19232606
0.20761554
0.21127016
0.15207567
0.20334416
0.19270019
0.20504681
0.20361102
0.21058979
0.20391339
0.20782102
0.21091412
0.21094839
0.19855186
0.21394919
0.19754139
0.18985745
0.19355479
0.20592688
0.20981669
0.20160575
0.14157775
0.1769232
0.18101141
0.062176561
0.078275998
0.02394815
0.010706157
0.045713766
0.10617121
0.10145917
0.12320777
0.12216169
0.14695847
0.1456578
0.16261059
0.21320359
0.21367288
0.21376418
0.21033257
0.20679854
0.18677671
0.20823581
0.19549728
0.18530591
0.027554704
0.16505491
0.17336448
0.050880425
0.025799824
0.045584408
0.062850948
0.088719173
0.10365908
0.088169407
0.11102115
0.12707937
0.14128697
0.12669189
0.12913102
0.14313571
0.1421673
0.13708398
0.16944302
0.17172726
0.21363712
0.21287739
0.21509808
0.19877832
0.21313949
0.20772092
0.21453696
0.20982091
0.18491315
0.21411763
0.21443727
0.21484872
0.20397057
0.20409807
0.21488404
0.21127791
0.21323999
0.20446325
0.16096258
0.087260852
0.16400652
0.15579531
0.027080279
0.081241539
0.14132023
0.16825516
0.16256314
0.16590467
0.21257271
0.20992866
0.13251566
0.14951808
0.15296651
0.1487036
0.1562488
0.14516627
0.15873042
0.16981256
0.21240583
0.21240665
0.21356959
0.20810401
0.21370856
0.21356118
0.21193864
0.15606745
0.1871135
0.2005724
0.20970816
0.20073758
0.13118182
0.20799115
0.21487792
0.21079025
0.20953739
0.18561691
0.18814811
0.18976744
0.21320436
0.21169364
0.2077145
0.20520034
0.20316233
0.21102581
0.2034747
0.21171846
0.18072722
0.18157798
0.19782995
0.19353311
0.15827687
0.20360291
0.20659642
0.20192472
0.20457351
0.18376913
0.20134753
0.19971517
0.20017498
0.17852768
0.19169225
0.20912906
0.20211647
0.20491949
0.19243602
0.203228
0.1928931
0.17030663
0.20794428
0.1927798
0.17321569
0.1913823
0.17390736
0.15139965
0.197709
0.19145947
0.10678598
0.15531734
0.17769819
0.18439773
0.1553131
0.20633865
0.20221479
0.13315036
0.20111285
0.18531104
0.13788544
0.14986142
0.1936118
0.18798971
0.17183481
0.1627333
0.1363716
0.13111789
0.19528707
0.1927453
0.19790302
0.17588021
0.19307764
0.16000088
0.16659185
0.13291997
0.15866008
0.19932782
0.19566316
0.182786
0.19453976
0.20909865
0.18485201
0.15929182
0.073060281
0.1653377
0.077127311
0.19601205
0.18282436
0.20729432
0.19536188
0.18094064
0.15670432
0.090504591
0.17715273
0.14015835
-0.0033871447
0.1680312
0.19553718
0.184064
0.18800013
0.18280029
0.13290095
0.15189776
0.049425936
0.18080153
0.19859445
0.17676259
0.20101193
0.18816078
0.14061032
0.10187004
0.077417082
0.14413638
0.15136417
0.14048976
0.19618664
0.097308696
0.20129585
0.20952004
0.19670184
0.20181074
0.13105202
0.14232093
0.11611458
0.18276518
0.13172163
0.12696133
0.098072704
0.17755116
0.18939147
0.18840442
0.19796301
0.16876935
0.10141662
0.1802583
0.19589399
0.11747033
0.19366372
0.13308499
0.094558186
0.16439717
0.11977949
0.20449251
0.20636819
0.20388892
0.19153892
0.16421215
0.19744889
0.16475727
0.19363703
0.20212575
0.1722923
0.19642278
0.1432205
0.18904444
0.12325309
0.20567713
0.19981684
0.20543504
0.20210317
0.2082973
0.092094725
0.16722154
0.18941938
0.16792144
0.072172785
0.15760813
0.12251825
0.10387567
0.19245799
0.15199889
0.19726951
0.20127116
0.18606644
0.14215937
0.1721229
0.1229054
0.10110478
0.16387861
0.18324829
0.13622999
0.19328496
0.16923044
0.19927477
0.034475625
0.18072498
0.18748153
0.1926984
0.14895955
0.067337391
0.19833264
0.15197531
0.19329233
0.052117399
0.20239777
0.2036967
0.19935909
0.20829251
0.20948706
0.17546426
0.20355262
0.090531276
0.11557741
0.19750576
0.20032153
0.12017462
0.19619008
0.17150216
0.16668165
0.18419518
0.21100344
0.20365641
0.20786953
0.069742039
0.16689458
0.16401338
0.16575167
0.11785415
0.18349999
0.17565373
0.20391109
0.19939327
0.15240473
0.10128633
0.15127684
0.20570471
0.20442338
0.14753134
0.19536222
0.15468156
0.20032407
0.13375571
0.12116066
0.20793814
0.21005132
0.16961781
0.19943752
0.15030609
0.13539811
0.14450505
0.19979773
0.15467876
0.20408515
0.2109083
0.035693611
0.19598339
0.16711637
0.20622626
0.19700655
0.19706723
0.17098774
0.18444723
0.19568969
0.15527286
0.17413477
0.098616381
0.1976891
0.16646888
0.20757469
0.17750636
0.10256241
0.1907787
0.19445972
0.034207981
0.048176798
0.089177525
0.11867726
0.11039006
0.15027303
0.14984038
0.093727597
0.11839545
0.093154871
0.077301521
0.087539811
0.064453145
0.14923079
0.077915855
0.19097236
0.20438558
0.20933398
0.20911508
0.21211984
0.2100944
0.12257768
0.069773975
0.080587097
0.0043787865
0.10870808
0.1168004
0.15063033
0.12865669
0.13580223
0.14458433
0.21375809
0.21391385
0.2143483
0.20852273
0.20128632
0.20179858
0.17308726
0.18975017
0.20427318
0.19029723
0.20872274
0.19920729
0.21245115
0.1977733
0.1757516
0.11983841
0.055619645
0.089872867
0.081781075
0.013648947
0.027855886
0.025452203
0.052225744
0.11068032
0.063025237
0.055395381
0.049657315
0.1087791
0.078993744
0.027364736
0.10861844
0.085914232
0.11872528
0.10617669
0.12799102
0.14779246
-0.0022206632
0.15841093
0.013743273
0.12269877
0.12246856
0.031625823
0.022367895
0.0021924767
0.062698035
0.14494234
0.095767672
0.12317196
0.106739
0.11890842
0.11426852
0.04441869
0.12056627
0.12953765
0.16560282
0.0552917
0.098234295
0.082649489
0.076202288
0.13346605
0.13495547
0.085813668
0.094818088
0.15158149
0.031200644
0.068609512
0.10399247
0.11057004
0.10076648
0.08247846
0.026642445
0.080138326
0.13858079
0.13003994
0.15761773
0.17825695
0.10814993
0.17722396
0.16006926
0.17226825
0.12740392
0.14092552
0.12582868
0.13984786
0.12563732
0.10673536
0.14197528
0.15611463
0.063991503
0.11531439
0.12874703
0.14434206
0.14285828
0.17732361
0.13006782
0.16785104
0.15505368
0.17390975
0.12672527
0.13225155
0.15378609
0.1551599
0.17479428
0.18921532
0.11327562
0.092717411
0.11410531
0.18086622
0.17044818
0.17468661
0.10974746
0.09535061
0.1423443
0.19461983
0.14389017
0.1649728
0.11981252
0.14557873
0.10997926
0.12958229
0.15897624
0.17663584
0.17903286
0.17086137
0.073175287
0.094702845
0.15634134
0.16880982
0.16792295
0.18088531
0.15637197
0.1525287
0.10652115
0.08152112
0.099978115
0.083450865
0.066882711
0.055183682
0.086836488
0.063924743
0.086257003
0.05419747
0.05089461
0.10452387
0.071039354
0.075025992
0.049015706
0.12016682
0.067890108
0.089469507
0.098076508
0.10780444
0.10129498
0.17364771
0.11467774
0.096810414
0.1540123
0.181046
0.17443738
0.18247026
0.096719902
0.11669901
0.090951128
0.10370188
0.11663999
0.13358148
0.095785926
0.064161903
0.053050188
0.0012140407
0.14553774
0.16329463
0.17353861
0.17626977
0.18160242
0.17851448
0.079913109
0.036657075
0.13250383
0.12988114
0.16721899
0.17276253
0.16295959
0.17593397
0.1794282
0.17936742
0.16362585
0.17357559
0.18153252
0.1807072
0.075095055
0.07539106
0.016005031
0.062084736
0.17290275
0.17876359
0.17838525
0.18200897
0.15784544
0.17684089
0.068871877
0.060710478
0.078629993
0.066389473
0.073746005
0.045064485
0.064443084
0.045960541
0.0013736402
0.044845494
0.062483135
0.025395738
0.032568886
0.013625154
-0.0013685042
0.00150222
0.042669287
0.029912842
0.020497159
0.0070865895
0.023652379
0.031890409
0.055679992
0.021081832
0.034669599
0.02200042
0.038411877
0.056768719
0.048555432
0.036834376
0.0018152813
0.0048467106
0.056290609
0.056506334
0.029447915
0.0025591403
0.049319483
0.037402816
0.067156853
0.064176731
0.066244006
0.068930033
0.0037297848
0.00037681681
0.17079171
0.18326194
0.16644085
0.17679354
0.048326527
0.020371439
0.027881766
0.051336821
0.17622457
0.18152858
0.17752663
0.17981721
0.17865197
0.17320085
0.15677192
0.18108677
0.17754876
0.1792239
0.15453837
0.14239607
0.035985493
0.039205204
0.16710843
0.16951423
0.17375475
0.1759221
0.15054805
0.14283916
0.17389062
0.17479501
0.16180293
0.16260336
0.17377664
0.17992058
0.17653946
0.17761013
0.15574714
0.14805301
0.16677193
0.17139433
0.14456388
0.14683395
0.14520112
0.16339035
0.16200494
0.16839556
0.17385954
0.17292991
0.14181026
0.11746548
0.1491259
0.15794175
0.17673893
0.17485826
0.17190994
0.17562521
0.12299949
0.12755274
0.13385385
0.13039099
0.140119
0.13862515
0.15883036
0.16315372
0.17349746
0.16792111
0.16492207
0.17231332
0.12063851
0.13009797
0.11475789
0.15607185
0.14777539
0.14863753
0.16896169
0.16428436
0.17543534
0.17232959
0.036142648
0.17693876
0.17100834
0.17257622
0.15727644
0.15672047
0.13469143
0.12916713
0.13560522
0.12306413
0.10680991
0.14041185
0.1157705
0.10662353
0.13057866
0.13948453
0.14059708
0.15048239
0.12008607
0.13578506
0.1283712
0.14717706
0.089702778
0.10518568
0.12783962
0.14894891
0.15026619
0.15830599
0.061392306
0.098726218
0.13680563
0.13000123
0.15701727
0.14745805
0.13903796
0.14790147
0.095850658
0.092265783
0.050813485
0.11393682
0.1325211
0.15755569
0.16295375
0.16519127
0.14222727
0.15667737
0.066058743
0.11354321
0.13119082
0.14183478
0.15564237
0.16367017
0.16601133
0.17109462
0.11929163
0.13079888
0.10667296
0.10649933
0.11834233
0.10998713
0.12938654
0.14170021
0.16832773
0.1692666
0.07504929
0.10857998
0.099670253
0.11742991
0.085704589
0.080083137
0.11993024
0.13143717
0.11624789
0.12777565
0.11743896
0.11472012
0.10424252
0.1328659
0.13987635
0.14906567
0.050784102
0.1189791
0.10045013
0.10724834
0.11653318
0.15982722
0.12052722
0.14485481
0.11044659
0.10370459
0.12163491
0.14055005
0.10485304
0.11891389
0.12244182
0.14067335
0.16515496
0.14627441
0.10959559
0.12605903
0.12669593
0.11781215
0.116424
0.10578032
0.13656429
0.14501841
0.055566908
0.13381169
0.10250439
0.13758707
0.10095067
0.097693747
0.10010397
0.10860359
0.14867868
0.11712685
0.13059989
0.13865118
0.056309514
0.10404519
0.15381201
0.14715433
0.11924414
0.088337212
0.045634022
0.12908848
0.16018798
0.10882175
0.15771269
0.16601331
0.15241767
0.15023135
0.15074585
0.15114745
0.15006515
0.15180183
0.12671706
0.15453662
0.10859958
0.14103651
0.14788408
0.086602811
0.086405175
0.10947111
0.11366656
0.1415209
0.15452493
0.10829365
0.1289211
0.14707845
0.097444666
0.13026715
0.096308927
0.15356741
0.15537235
0.11813967
0.11376015
0.13857015
0.10323078
0.095415737
0.10042808
0.13158128
0.10947486
0.10700614
0.03213105
0.14489947
0.15616118
0.11076479
0.13750032
0.078649145
0.061860935
0.15560194
0.16751171
0.12355408
0.10920016
0.092010603
0.1117646
0.10070354
0.085098303
0.074198628
0.099057651
0.073109663
0.076398
0.069498148
0.065594062
0.083026739
0.11034393
0.08139474
0.085412591
0.11210313
0.084361792
0.1594443
0.1626143
0.029181968
0.15466164
0.14772549
0.14803099
0.11770319
0.1126476
0.064270465
0.066914824
0.10221424
0.10306057
0.089000058
0.11526662
0.10359219
0.11581448
0.11352526
0.0038001737
0.12550872
0.12298485
0.091529295
0.10000904
0.15165579
0.13792219
0.16099028
0.16231368
0.14317065
0.1358967
0.12276234
0.15668041
0.11898672
0.12308606
0.12500402
0.13946238
0.088861012
0.048321902
0.0065116093
0.074329394
0.10566436
0.12150484
0.07726619
0.11998845
0.10442194
0.1194158
0.094200693
0.10734436
0.15158087
0.11354366
0.10941189
0.090608168
0.093069932
0.034885399
0.10308847
0.11206718
0.034529272
0.027760777
0.1231823
0.11244135
0.16337027
0.1320581
0.15725666
0.13235038
0.16300833
0.12283142
0.030055101
0.16096113
0.14303675
0.1281727
0.12892235
0.13842562
0.14535595
0.15499071
0.095579494
0.062443925
0.11787367
0.16353108
0.15503569
0.15290133
0.053804269
0.16751702
0.16132691
0.15914536
0.14139391
0.13304636
0.12563998
0.16920709
0.08529652
0.075702757
0.12056787
0.09746167
0.17063054
0.16946633
0.05426939
0.012769604
0.0098257803
0.053253858
0.13760821
0.12955002
0.12974983
0.14031431
0.051005839
0.10278074
0.15321069
0.020004888
0.12741487
0.055726505
0.1647403
0.16342167
0.10235332
0.14620175
0.13832957
0.12247354
0.012791076
0.15735449
0.07014288
0.078931411
0.068365845
0.033486375
0.10452653
0.052097932
0.023215233
0.019730166
0.16206814
0.16733167
0.072666834
0.16622809
0.056339915
0.11801872
0.030296181
0.040782978
0.15621804
0.16458158
0.073546701
0.1399805
0.017134982
0.15930665
0.045382919
0.15870893
0.16746064
0.002886037
0.041147138
0.079407257
0.061327051
0.050333815
0.051229459
0.00068985944
0.16875946
0.0034733711
0.15465189
0.16215693
0.019105234
0.028531614
0.0068218712
0.0010090434
0.15994579
0.0048119476
0.15033714
0.020892797
0.066772183
0.015580926
0.064077738
0.15922382
0.060849416
0.017161146
0.1625457
0.16683201
0.16641913
0.077571718
0.069311079
0.15141773
0.10964629
0.14686582
0.13996266
0.056181881
0.16602876
0.12510291
0.15518396
0.016459036
0.16562728
0.16677403
0.0083426251
0.15357755
0.048400545
0.055440333
0.01149684
0.13566897
0.16583816
0.076329495
0.056929029
0.053361707
0.067716373
0.075724226
0.062561434
0.01877297
0.055030952
0.0017785134
0.051049763
0.16095145
0.015364477
0.054097436
0.079935536
0.16211481
0.034727339
0.077043758
0.060285551
0.043729619
0.03602614
0.036068424
0.0043656894
0.16811
0.041125654
0.084705944
0.098484636
0.051613101
0.0477948
0.039286001
0.027492698
0.065882773
0.066562548
0.090636199
0.092813059
0.1648931
0.062618123
0.091782508
0.091825313
0.075815982
0.061148671
0.063082941
0.040158678
0.16424326
0.16071139
0.0073877341
0.023798721
0.15454153
0.15024694
0.15514938
0.15895591
0.055398922
0.029732539
0.011301429
0.15835819
0.067095714
0.048499179
0.041759138
0.033144002
0.038793399
0.009803439
0.14844912
0.15977119
0.12394266
0.16453924
0.041953601
0.16430473
0.072480385
0.16628926
0.063117319
0.062443437
0.042516768
0.022717368
0.16324748
0.0017579744
0.15903713
0.046440585
0.15679963
0.06963293
0.16062377
0.15837698
0.06918801
0.1577959
0.049030276
0.046311433
0.045767208
0.16052101
0.1695061
0.016118689
0.019229897
0.13104004
0.014967457
0.014016755
0.044088784
0.0037142374
0.0096127829
0.008783142
0.020132291
0.030561112
0.14876322
0.16189403
0.16456066
0.16512455
0.073269404
0.053849772
0.086046094
0.083252956
0.033236033
0.038631379
0.077257428
0.068350324
0.056521751
0.04481431
0.038925653
0.030541378
0.047802748
0.023792532
0.023193849
0.041855762
0.015912877
0.043983959
0.036510711
0.032755559
0.042790629
0.0349334
0.061503838
0.032278793
0.021924857
0.044558497
0.024887714
0.036548557
0.15946156
0.15736639
0.15810967
0.063260716
0.010043111
0.16120272
0.16051676
0.15594757
0.15977005
0.1582002
0.15934885
0.15957409
0.13065033
0.16101872
0.16001682
0.1597741
0.1596243
0.15769859
0.15735701
0.16177803
0.16539042
0.16518304
0.16439095
0.16354112
0.14508629
0.00042943296
0.048803955
0.12058459
0.025926465
0.017443793
0.017669524
0.007756009
0.062665737
0.084474117
0.09305536
0.089084719
0.076360071
0.093197303
0.075782526
0.1018024
0.081937229
0.094446055
0.079612148
0.022722663
0.028252088
0.009467452
0.00049674267
0.015495606
0.0038950228
0.0087693407
0.019440877
-9.208709e-06
0.015142302
0.012269359
0.0091696107
0.001888155
-0.00022486388
0.01102379
9.1066145e-05
0.0029890364
0.003094807
0.021469338
0.18427487
0.18451265
0.18190145
0.17628301
0.14629168
0.15032049
0.16512821
0.16406179
0.15686203
0.15944217
0.15905792
0.16371681
0.16482501
0.16231525
0.13686968
0.14121222
0.10268869
0.092310053
0.14831798
0.14989736
0.13809264
0.14801672
0.15290354
0.15016203
0.15353913
0.15343632
0.15195581
0.15395809
0.14558862
0.1445786
0.15257589
0.14930319
0.15188154
0.15077928
0.150412
0.14907241
0.12928354
0.14069109
0.14962604
0.14735751
0.14822039
0.14558393
0.15891357
0.15893085
0.10706012
0.11983789
0.11671344
0.099076014
0.08597994
0.10196241
0.06965134
0.08140732
0.14213305
0.1417813
0.14381862
0.14823183
0.042138544
0.013123595
0.04493405
0.14633749
0.16027797
0.14516684
0.15920186
0.17041787
0.15823294
0.15214703
0.16831258
0.16536797
0.15084488
0.15296494
0.127163
0.13455389
0.12526477
0.10649226
0.051510785
0.025767324
0.066418315
0.090991876
0.085072597
0.052187823
0.014279377
0.023559748
0.1260444
0.12762068
0.044721333
0.01875588
0.017429734
0.108621
0.10973921
0.10173393
0.11048736
0.1003954
0.10426766
0.025425207
0.014136603
0.1252408
0.088555972
0.20930031
0.20889319
0.20632267
0.20714843
0.1008077
0.11919683
0.15693168
0.16115117
0.12294406
0.15948561
0.19836952
0.19200619
0.17701908
0.19233174
0.18872466
0.1800957
0.17744153
0.16778794
0.15788383
0.15889988
0.17146453
0.16430367
0.18640814
0.18885411
0.17793518
0.17529551
0.20947716
0.21359121
0.073297437
0.062842921
0.020635216
0.090263273
0.059978975
0.10786057
0.02223025
0.13911961
0.1119376
0.043963299
0.051618691
0.088626117
0.010088094
0.074450611
0.035927382
0.074334977
0.031852778
0.024243935
0.015768005
0.16668958
0.18225092
0.17937935
0.17656354
0.173784
0.17370398
0.20618727
0.20888768
0.20452382
0.2067223
0.1665377
0.16816586
0.14521973
0.16118191
0.13143999
0.14427689
0.15271392
0.17152212
0.19631723
0.18842532
0.19477813
0.17329149
0.21082938
0.20925889
0.19606664
0.20777264
0.21409168
0.21450195
0.17227077
0.17246448
0.20126414
0.20027945
0.19771209
0.19804572
0.17076391
0.15752414
0.18002208
0.19194036
0.18398176
0.11154994
0.19344883
0.19658076
0.19189298
0.061356682
0.19082586
0.18984691
0.19475981
0.18388
0.19528632
0.19679611
0.16246828
0.1791941
0.20373512
0.20073559
0.18530097
0.15189079
0.19475132
0.18912183
0.19103424
0.20447381
0.17880412
0.19816682
0.1426703
0.1317052
0.1168809
0.11353746
0.042190661
0.030737059
0.067379902
0.084353783
0.053966386
0.062973105
0.034152968
0.044457614
0.053019228
0.044025733
0.046916229
0.059722412
0.038999275
0.045864735
0.093756864
0.063891493
0.1505978
0.14212944
0.12281007
0.10996214
0.096253426
0.10101598
0.1862781
0.18939188
0.091232092
0.090846366
0.10356764
0.084368012
0.074536151
0.080768052
0.076345263
0.086496626
0.07131873
0.056330312
0.079155293
0.05418028
0.042656589
0.054111968
0.018182326
0.022103427
0.059675762
0.039599099
0.03210164
0.038395916
0.17715992
0.17849373
0.1631042
0.10606546
0.17680793
0.17390447
0.17528852
0.17337388
0.16656271
0.15595342
0.1745187
0.17175817
0.1678051
0.17288062
0.17000926
0.15399916
0.16495073
0.15951959
0.15702377
0.14816616
0.14824137
0.1735765
0.16475006
0.15310228
0.17876107
0.17875023
0.17194773
0.18257707
0.16787391
0.17697014
0.15480243
0.10185958
0.17168177
0.16799666
0.13599781
0.16548139
0.14589844
0.14363148
0.15477085
0.1379969
0.16319289
0.15096431
0.088700185
0.12333449
0.1481149
0.15364052
0.14310336
0.14007908
0.1441835
0.11652405
0.16486306
0.14733504
0.10663896
0.12465881
0.12032794
0.14506829
0.14785531
0.12041722
0.16840874
0.17115896
0.1353669
0.12550228
0.13987948
0.14914501
0.14578328
0.13345155
0.13031044
0.126888
0.15922303
0.16571397
0.16780432
0.16260024
0.048370808
0.10699879
0.096243976
0.14125464
0.13813266
0.066901846
0.09032606
0.11961418
0.093554195
0.13247488
0.1496856
0.02810784
0.13033943
0.1074008
0.13215899
0.070344839
0.12165765
0.1181811
0.15906403
0.15520111
0.08008904
0.12750477
0.1283231
0.10795379
0.036716215
0.10541862
0.093337288
0.13540993
0.16597757
0.16068804
0.161226
0.12864405
0.10740621
0.085055287
0.13070708
0.13221632
0.096521639
0.14627524
0.13493619
0.080790431
0.11671277
0.13274612
0.1634213
0.16253514
0.16352094
0.15709881
0.11124808
0.14019028
0.1544644
0.14276421
0.086857955
0.073522595
0.10890853
0.045747417
0.11271515
0.10144725
0.16031273
0.068927523
0.02958349
0.11691025
0.058997905
0.067593742
0.067453694
0.12169051
0.01412811
0.11943105
0.10446158
0.094122164
0.11461245
0.089847514
0.075302107
0.062428688
0.092437
0.047256119
0.10403043
0.094403739
0.067132531
0.0063305528
0.053006692
0.077435574
0.071708719
0.051710832
0.060658683
0.068490615
0.056223077
0.0065089448
0.014722862
0.043924702
0.038989648
0.088257444
0.050582558
0.016152362
0.054988609
0.067978318
0.050463494
0.0053297149
0.064448507
0.079615954
0.036507216
0.01123424
0.025006772
0.049526024
0.037748109
0.013892084
0.029617094
0.028032702
0.014357098
0.026386668
0.047116029
0.0034601884
0.032660047
0.0064587114
0.010995756
0.087573496
0.072693563
0.034794465
0.0142739
0.021800251
0.040715689
0.044451057
0.022763795
0.039511566
0.064190348
0.085505107
0.042196256
0.082315975
0.025158692
0.027808961
0.073939857
0.092192997
0.083903113
0.064323057
0.10340124
0.10887571
0.043381698
0.093432294
0.065782122
0.095333364
0.069420046
0.086113989
0.096223676
0.15942778
0.074147599
0.11716023
0.10762846
0.019970447
0.10651177
0.13090623
0.11123567
0.12436724
0.016199385
0.01272204
0.14748082
0.11041314
0.046866746
0.080481887
0.18450201
0.12446723
0.15330231
0.15773539
0.10967194
0.11787933
0.066062734
0.040034299
0.068651235
0.10943114
0.13830064
0.14268627
0.11508275
0.14718136
0.15329253
0.14284321
0.14465236
0.083684654
0.1262042
0.15678848
0.059970838
0.049123872
0.10503541
0.1288011
0.14018975
0.14735546
0.097627301
0.01737768
0.065615074
0.12581981
0.13443779
0.14020653
0.13173659
0.14608415
0.14951204
0.154708
0.16999559
0.14464206
0.16928758
0.13146757
0.16041485
0.11813708
0.14334563
0.16087427
0.19135578
0.1608441
0.15885081
0.07269714
0.12243482
0.11174327
0.12987494
0.18852157
0.1651925
0.15582243
0.17043788
0.1636414
0.16968196
0.16530573
0.16047839
0.17380654
0.17824119
0.16411922
0.1551722
0.1618368
0.16125645
0.16755253
0.16343123
0.16898176
0.16941033
0.17000791
0.17063019
0.16890373
0.16562573
0.16890991
0.16548596
0.15017529
0.15022149
0.11461113
0.10694235
0.11166928
0.10347048
0.14597999
0.14568934
0.15029711
0.15459659
0.092756915
0.090876423
0.13954543
0.13016724
0.090188927
0.082047624
0.083831856
0.094079197
0.080943865
0.084949853
0.081822443
0.083258984
0.074437522
0.071134999
0.06027634
0.069035035
0.070721732
0.062345329
0.047109681
0.05886595
0.063359237
0.046847142
0.043558543
0.070903627
0.099201524
0.10100739
0.1085667
0.097540385
0.080925794
0.091861314
0.064790851
0.068016041
0.055271752
0.047464508
0.056271337
0.043947282
0.074591914
0.085180979
0.063102728
0.05525768
0.038394313
0.047059306
0.032789368
0.037090958
0.038357424
0.018527285
0.036685003
0.030802161
0.02630967
0.049356518
0.060521014
0.074747284
0.044108075
0.030170574
0.024940527
0.04560807
0.0061697473
0.024764377
0.048889758
0.010567022
0.062468664
0.071878432
0.06324952
0.071692508
0.033963848
0.032125536
0.041166437
0.016183733
0.08514878
0.0044313461
0.015321865
0.0055727744
0.088432765
0.0096869549
0.007808387
0.013647894
0.02167241
0.0022049491
0.017795488
0.01139537
0.026676018
0.018177922
0.0030386098
0.077809104
0.051893274
0.049024406
0.098515669
0.070250364
0.089169959
0.0654446
0.054498918
0.031152377
0.060114088
0.05287532
0.048830401
0.035871313
0.036912485
0.054229427
0.10116208
0.019323624
0.037366546
0.069418383
0.072255508
0.044199018
0.022474771
0.055748976
0.037599331
0.030814606
0.011728607
0.058999909
0.050427576
0.033496947
0.019840792
0.039668538
0.062093562
0.031491132
0.040410327
0.041012952
0.057737282
0.10054399
0.076289487
0.091952348
0.0050962747
0.0095508786
0.095186396
0.098047466
0.010467194
0.018825969
0.055381791
0.082451025
0.072191802
0.084174244
0.010843373
0.0054427435
0.023594313
0.0072798929
0.027070346
0.024283994
0.030931688
0.031986661
0.1451595
0.090654434
0.082560761
0.069254976
0.11102063
0.10830993
0.089913325
0.094812348
0.099046631
0.1267557
0.12863746
0.094412748
0.11069075
0.15360628
0.13850988
0.13680391
0.11571682
0.13290398
0.11735983
0.073427326
0.080937875
0.005735275
0.021115492
0.1288413
0.11620808
0.099528982
0.11176183
0.10582231
0.097098357
0.10593969
0.017271618
0.024402328
0.11050002
0.10359431
0.095458376
0.096366383
0.092417964
0.10101537
0.084389587
0.079631658
0.087964316
0.083702449
0.050517683
0.041625228
0.15721954
0.15773938
0.15935879
0.16233533
0.16520481
0.1667793
0.029982734
0.027730914
0.030327211
0.027880739
0.023089009
0.027177586
0.021075036
0.011835265
0.0039577168
0.0067533939
0.003292873
0.0058947876
0.014557097
0.013940359
0.01197427
0.16253546
0.16221045
0.16036808
0.16159327
0.16400279
0.16310857
0.14751371
0.157269
0.08915175
0.081160641
0.13160401
0.13896682
0.11890356
0.12773061
0.12648762
0.13286869
0.13639857
0.11258274
0.15885923
0.15602168
0.13874798
0.15001395
0.15385609
0.1547532
0.14721409
0.15823577
0.15144702
0.15374031
0.14222656
0.096309691
0.13769048
0.087177973
0.040320752
0.039988845
0.042838177
0.043258142
0.040098756
0.042752529
0.028242658
0.016130298
0.053936404
0.054499793
0.032471386
0.03296389
0.044019166
0.056920979
0.054752795
0.075666394
-0.0015996118
-0.0009479943
0.030921452
0.045880312
0.010855834
0.027214453
0.030486352
0.0054457194
0.0095451049
0.0073315675
0.015656996
0.014649052
0.0073668682
0.0098429975
0.016998084
0.025009641
0.0076560295
0.013773979
0.0018139711
-0.00041475997
0.0023663196
0.0037887728
0.0042303991
0.0018238898
0.0020503029
0.0027788779
0.0045442481
-0.002123163
-0.0012394911
0.00061600812
0.010168535
0.030750005
-0.003337275
-0.0011801652
-0.0011997846
0.017871187
0.016063323
-0.0069688056
-0.003912311
0.010783888
0.0082470301
0.0054249631
0.0085946733
0.16324272
0.14757262
0.16585261
0.14806796
0.13111769
0.097378601
0.17246428
0.16258192
0.1379465
0.11101872
0.12422035
0.12379413
0.12718312
0.091906769
0.086997524
0.12290713
0.15745712
0.15856837
0.1578797
0.16130541
0.16084893
0.16419708
0.02521572
0.12800451
0.10059762
0.1451789
0.14308188
0.14244495
0.14035773
0.14247208
0.14339855
0.032563736
0.14171705
0.14392158
0.1441555
0.14565409
0.14288072
0.12211611
0.041409582
0.14274589
0.14328084
0.14487277
0.14461486
0.14554625
0.1424669
0.14278308
0.14169737
0.14481508
0.142677
0.14284751
0.14360582
0.14187437
0.14592286
0.14650348
0.1429004
0.14227689
0.14008565
0.12801528
0.14316577
0.14179184
0.13458602
0.12701083
0.14255827
0.13782957
0.14466123
0.14703442
0.14588331
0.14629756
0.1473122
0.15108168
0.019774155
0.019539794
0.058885138
0.0094806326
0.021003122
0.0082233379
0.034410434
0.14662515
0.15563485
0.164338
0.16254856
0.16011337
0.16809622
0.16509625
0.15291572
0.16054131
0.1635354
0.162831
0.16686862
0.16967289
0.16405352
0.16241127
0.16572221
0.16604462
0.16837801
0.17024158
0.17275982
0.17602933
0.17577401
0.17320127
0.17435483
0.17774241
0.17940357
0.16531544
0.16549899
0.17662189
0.17207883
0.11504892
0.11733305
0.12033365
0.11685649
0.11479158
0.1089938
0.1242505
0.12705789
0.12219192
0.13290783
0.093135733
0.10673717
0.080834629
0.064331128
0.12477658
0.08191097
0.10171908
0.11904959
0.11009269
0.11623921
0.10653258
0.12721888
0.08770849
0.065912991
0.098364334
0.051539362
0.035448565
0.098924403
0.011401602
0.060301808
0.04154004
0.13438254
0.047410491
0.072752821
0.12574069
0.063039412
0.052624433
0.11101977
0.028689443
0.03827654
0.013979816
0.076544134
0.030628791
0.056911158
0.017389058
0.10217883
0.048594675
0.10921962
0.056241263
0.072245971
0.065125423
0.010289388
0.036745924
0.031592759
0.11365097
0.13520519
0.092157093
0.080002399
0.13549097
0.16729127
0.16869871
0.13990604
0.08463047
0.057011367
0.080749567
0.10561614
0.095719452
0.048466622
0.033173557
0.030644879
0.044915408
0.074660215
0.054011064
-0.00096532439
0.051365654
0.00053061783
0.021300972
0.0058952861
0.0043002669
-0.00067652266
1.9345737e-05
-0.0010620329
0.20507146
0.20970751
0.20323596
0.21206829
0.21248338
0.21144438
0.21367057
0.21398639
0.21199399
0.21502546
0.21485351
0.21528081
0.21443622
0.21384444
0.21277229
0.21198534
0.12798914
0.092196488
0.12162489
0.095772884
0.11102906
0.054688728
0.13738734
0.083883424
0.1469411
0.061822242
0.063746902
0.062043164
0.01717973
0.031683106
0.091860905
0.029282267
0.052729853
0.01568407
0.0143049
0.14593343
0.13435726
0.16431907
0.17757287
0.17028708
0.17516488
0.17529413
0.14895803
0.20254206
0.18026279
0.15794429
0.17814712
0.18501586
0.18147641
0.20348132
0.18486107
0.20418546
0.19408795
0.1681153
0.16766699
0.16451832
0.14771061
0.17626652
0.16364197
0.19526665
0.17226101
0.15212366
0.12164132
0.17908648
0.16651571
0.13596782
0.056573947
0.1730831
0.13966877
0.20287644
0.19715362
0.12711914
0.12600725
0.14888989
0.067997748
0.13995252
0.18758287
0.16257471
0.12267824
0.16300265
0.1036741
0.11314333
0.10299074
0.1433343
0.11598608
0.1127825
0.014949907
0.15905449
0.15127038
0.10314447
0.024386212
0.099272692
0.15286743
0.075657128
0.11690094
0.10095698
0.16869663
0.014120818
0.094397327
0.08972336
0.083558011
0.097312515
0.061130979
0.10223097
0.12469269
0.074632271
0.092873565
0.12905017
0.12197679
0.098897726
0.027456147
0.17066117
0.088742964
0.080832625
0.012845473
0.088216872
0.10383786
0.12473021
0.094039529
0.083429192
0.038805127
0.068667017
0.11899259
0.02698502
0.049206298
0.1256421
0.16259628
0.065316943
0.080606534
0.017169651
0.031791153
0.092784725
0.12457586
0.096922515
0.011999637
0.13749597
0.062759466
0.075051428
0.067075308
0.017196661
0.044773694
0.027421213
0.1062461
0.069707197
0.0769214
0.20755476
0.20243451
0.19267326
0.19374496
0.19149946
0.18567567
0.18202736
0.18328154
0.18405592
0.19153078
0.18352709
0.19033129
0.19164238
0.18902403
0.19427288
0.19244301
0.18640256
0.18724825
0.18802295
0.1921173
0.18492722
0.18849139
0.17956776
0.18170425
0.18571015
0.17416845
0.18662766
0.19006492
0.1847216
0.18916755
0.18442186
0.18776376
0.17960881
0.1871443
0.18808189
0.17877733
0.18917577
0.17892265
0.17686278
0.18452273
0.19233059
0.18018462
0.19616878
0.19341256
0.19558799
0.18602737
0.16731208
0.15007793
0.18543129
0.17812124
0.17003619
0.17827423
0.15531688
0.11761213
0.16230408
0.15679062
0.1549073
0.12143316
0.14925739
0.16394241
0.14869436
0.13657274
0.14868356
0.16692447
0.1625673
0.11257616
0.13718823
0.15337757
0.12657383
0.11841402
0.16464283
0.15421959
0.14694878
0.10896338
0.17686969
0.1683396
0.090422441
0.13206863
0.17894412
0.17085753
0.15184007
0.15540389
0.14506019
0.12609277
0.10483005
0.12836674
0.18195659
0.18819475
0.17214766
0.16099466
0.084475439
0.094704253
0.18746238
0.1719373
0.19326932
0.17941868
0.19084617
0.18152459
0.10945609
0.078231962
0.10556525
0.084023787
0.055817269
0.046651718
0.11567546
0.091927035
0.12962273
0.13577324
0.016832873
0.085315812
0.10287215
0.063107722
0.069480401
0.10299729
0.058718413
0.072177461
0.04663777
0.02381422
0.13611967
0.12653394
0.14771064
0.13313262
0.082208554
0.032519451
0.044028716
0.077141644
0.15472768
0.14225167
0.12809749
0.11579178
0.07221655
0.021215637
0.051179602
0.022751364
0.014133827
0.05119076
0.058109748
0.022657713
0.18742151
0.16663185
0.16303903
0.15772963
0.15875713
0.14329982
0.13475429
0.1244746
0.1527644
0.13284024
0.086206308
0.035912631
0.060280165
0.042537525
0.049265118
0.051220735
0.023690521
0.023271905
0.062784491
0.048251297
0.040794572
-0.013419405
0.043055942
0.025141766
0.056458842
0.038430962
0.087945892
0.093885279
0.018894234
-0.0023328742
0.01728118
-0.0024160323
0.16680895
0.1634091
0.15378272
0.16602909
0.15819053
0.14828633
0.16051879
0.13807201
0.16075262
0.15543764
0.15370349
0.16105495
0.14889121
0.14525964
0.1501092
0.13283772
0.046964495
0.034358182
0.055370605
0.012822688
0.0065299204
0.007572642
0.031112098
0.037358785
0.026233557
0.01154692
0.012857069
0.0097812492
0.014316497
0.048169818
0.015245311
0.12100191
0.12686932
0.018414316
0.041867737
0.030011217
0.014213405
0.075445455
0.19084124
0.18575831
0.17335323
0.17758735
0.17820468
0.1837816
0.17383115
0.18297971
0.18501278
0.1875573
0.18513938
0.18237545
0.18567612
0.18387153
0.18521683
0.18739636
0.18848636
0.1869615
0.18663354
0.1817768
0.18194564
0.18325663
0.18129032
0.18005804
0.18926361
0.18737083
0.18304317
0.18432997
0.17218127
0.1711133
0.16793577
0.16587864
0.16831334
0.17057708
0.17227353
0.17097341
0.1734767
0.17389417
0.03862397
0.02312105
0.027857045
0.030808115
0.022562736
0.019535583
0.029652406
0.042514571
0.023219894
0.013482847
0.0044739879
0.0068805738
0.013409557
0.0065935673
0.004491246
0.0065863463
0.052406747
0.043525927
0.077813007
0.085557715
0.0064061463
0.12012762
0.046433463
0.057154017
0.15358611
0.012181188
0.032613312
0.0069495598
0.030048595
0.0038445059
0.023624213
0.020492098
0.0095214987
0.0088809054
0.007096018
0.011000151
0.024176256
0.006657704
0.012977844
0.041961009
0.03947287
0.023052614
0.12633149
0.1075964
0.012332629
0.0060049501
0.024479023
0.0078955463
0.030630097
0.11873083
0.15159431
0.11484388
0.10813303
0.16160345
0.16304736
0.15658232
0.15623039
0.15284354
0.1500511
0.15793333
0.15699268
0.16042142
0.15168005
0.15077932
0.16209983
0.15818756
0.15236456
0.14022299
0.13273963
0.15308856
0.14610444
0.13133059
0.13642509
0.13923054
0.15671335
0.13704395
0.14215684
0.12886359
0.096292131
0.13984067
0.1228046
0.14492268
0.13100735
0.1209236
0.12666443
0.12832806
0.12475551
0.11485228
0.13927815
0.12589522
0.13803411
0.13643093
0.15491572
0.14457926
0.12594836
0.11221754
0.11887426
0.1376894
0.11213323
0.13577941
0.13502662
0.10399219
0.088178593
0.13723682
0.12953838
0.11826536
0.1041359
0.10920457
0.095805184
0.087946796
0.084790116
0.11687224
0.10380928
0.11057696
0.11312747
0.058880269
0.072872232
0.1220082
0.09755253
0.098114844
0.075488363
0.12356292
0.11050395
0.077247156
0.085297753
0.083109007
0.0084153533
0.12598273
0.11677789
0.1314317
0.12208801
0.12342795
0.10826118
0.13626243
0.13980983
0.032008043
0.081877408
0.12696797
0.10994548
0.13519699
0.14213786
0.051645194
0.067560276
0.022170389
0.0058654014
0.081255049
0.073320646
0.092989425
0.035125392
0.069875943
0.062360054
0.079296174
0.11000426
0.039325876
0.061219659
0.093493327
0.036726336
0.050641195
0.054612467
0.055867663
0.055300227
0.040575472
0.0052870195
0.050489775
0.054769877
0.057951127
0.073802255
0.011452178
0.060397075
0.048373934
0.010114162
0.040687862
0.066526029
0.018410104
0.077216109
0.012272545
0.048258874
0.034983617
0.067605898
0.0029719065
0.032413479
0.033255328
0.025240686
0.0052384743
0.078807399
0.01797394
0.041974915
0.051710876
0.0090178933
0.036505412
0.062461642
0.04025324
0.046992707
0.027878513
0.062763384
0.0096968585
0.022887722
0.0059772207
0.028269551
0.090736268
0.074486147
0.057612985
0.044312145
0.018188741
0.024005825
0.054306865
0.075327695
0.066874104
0.076709651
0.043411707
0.074328716
0.02837933
0.054181702
0.084542948
0.11073231
0.032891567
0.059993723
0.072020232
0.085507766
0.09509773
0.093841274
0.094840642
0.11279434
0.0048321992
0.0059188989
0.023448309
0.070281283
0.0060100976
0.066895678
0.042068825
0.089562106
0.05006822
0.031452376
0.029765524
0.060405637
0.069855593
0.043085911
0.026531605
0.027990403
0.046964477
0.073370024
0.084542225
0.082379024
0.079256775
0.091586327
0.088066145
0.10985734
0.10212883
0.065293187
0.029706673
0.084522591
0.087945115
0.10113552
0.089768541
0.092397584
0.078285358
0.097504854
0.093459784
0.12316339
0.12138542
0.093926349
0.095307356
0.082434838
0.08252045
0.1046618
0.082556406
0.0492787
0.018979229
0.05759464
0.063991833
0.11430388
0.05609214
0.0436242
0.010008849
0.099184039
0.10398821
0.062934435
0.10070275
0.10269676
0.044705596
0.12271213
0.10337139
0.13374056
0.057694314
0.086048359
0.071677721
0.085514837
0.076081819
0.11748518
0.13356063
0.055705683
0.11552033
0.069469278
0.11378383
0.0768889
0.055672822
0.13407112
0.15687262
0.12273546
0.13426433
0.088336078
0.091163937
0.069353259
0.0054952426
0.11116823
0.068209342
0.11765311
0.13388002
0.070925336
0.13203839
0.12989075
0.13089089
0.088808373
0.04298052
0.10454215
0.11096003
0.13935639
0.14601136
0.067948421
0.13902187
0.070918265
0.14011297
0.12130869
0.15192552
0.024525666
0.062703385
0.11381208
0.132664
0.13069147
0.15252775
0.15015412
0.13879908
0.14405253
0.12091289
0.12542284
0.040379127
0.12294449
0.13974848
0.12605536
0.14348822
0.15468049
0.11454576
0.12491812
0.13912817
0.1443434
0.12135573
0.13510074
0.1524927
0.14549575
0.15354761
0.14844301
0.15533402
0.14356065
0.14793711
0.1522428
0.14867499
0.14899338
0.14151373
0.15817885
0.15411414
0.15046498
0.15078168
0.14116164
0.15041466
0.15571576
0.15117388
0.15346593
0.13123341
0.1382965
0.10880057
0.099199612
0.14719753
0.15204028
0.15731145
0.15508936
0.14929085
0.12722827
0.11031347
0.10191094
0.13057719
0.14280236
0.1468404
0.15252242
0.15498284
0.15663691
0.14435779
0.124274
0.15042004
0.14890045
0.14193181
0.15627887
0.15591927
0.15742794
0.15350609
0.15309211
0.14615197
0.14022466
0.15312481
0.1585206
0.15803633
0.15804832
0.1566449
0.15589113
0.15072547
0.14568062
0.13414823
0.10061583
0.14405741
0.15008283
0.13021681
0.13705804
0.1385039
0.13221998
0.14502567
0.11881289
0.14651534
0.15191036
0.15281411
0.14038808
0.15397016
0.14985542
0.14908809
0.15024761
0.14893571
0.15326212
0.14993099
0.15233253
0.15493854
0.15076166
0.15209809
0.15278636
0.15153851
0.12404715
0.15353834
0.15391946
0.15285429
0.15334536
0.15471154
0.14829084
0.1534044
0.15258753
0.14757999
0.14742958
0.15413939
0.15374727
0.15104047
0.15225923
0.15403525
0.15337971
0.14247651
0.15330686
0.15350798
0.14960507
0.15359277
0.15089691
0.14937903
0.15164828
0.15233144
0.15295002
0.15151896
0.15301423
0.1460374
0.14675909
0.13757873
0.13633931
0.15451771
0.15036854
0.1509437
0.14140985
0.15585612
0.15350811
0.14975449
0.1475137
0.1198148
0.11543538
0.15421529
0.15443412
0.15401048
0.15422368
0.14787012
0.14963271
0.14704863
0.13994228
0.1541589
0.15443712
0.15366114
0.15537309
0.14334145
0.13054933
0.1498861
0.14595651
0.15331201
0.14272951
0.14268216
0.14487436
0.15293477
0.14002096
0.14232766
0.13618905
0.14718623
0.13792359
0.13364433
0.13701086
0.13109113
0.12279262
0.15514757
0.15363463
0.12484906
0.15117813
0.14075377
0.11547018
0.081801818
0.13005268
0.1218932
0.13138427
0.15261911
0.15278473
0.15266044
0.15483619
0.1550895
0.1497594
0.14237454
0.15168261
0.1358306
0.11697518
0.13287873
0.1214415
0.12494288
0.12530721
0.15678954
0.15719479
0.14671182
0.14408935
0.14639941
0.12912243
0.14446095
0.12441313
0.13284184
0.13360007
0.14211964
0.12885448
0.13624851
0.151078
0.13862664
0.12907166
0.12909145
0.12522735
0.12537519
0.11983196
0.15277132
0.14926715
0.14892336
0.15194318
0.15289281
0.1436798
0.15241437
0.079881367
0.046361659
0.12108692
0.13124959
0.14972513
0.15247898
0.15226705
0.15080492
0.13087323
0.1513754
0.1372695
0.15239211
0.15198583
0.1523992
0.15160032
0.15209051
0.15196115
0.10573196
0.12371025
0.13242691
0.14641699
0.1247852
0.12059475
0.11985506
0.11746295
0.11128443
0.13438164
0.13851085
0.13223461
0.12981164
0.14055528
0.1374872
0.14201069
0.041321591
0.11332404
0.12470978
0.13652083
0.13656812
0.1439315
0.11224576
0.10658117
0.12149618
0.11576291
0.14799597
0.14037261
0.15232626
0.1376655
0.093829005
0.056032964
0.09734107
0.10463886
0.10563885
0.11252404
0.043217453
0.093910643
0.11411473
0.10266914
0.13942245
0.12150625
0.061102585
0.074159185
0.087001126
0.077416386
0.06838588
0.053273495
0.067040121
0.061025744
0.061559124
0.048187742
0.075167559
0.058228954
0.081663424
0.066506527
0.14574866
0.14416011
0.13925653
0.14689181
0.14972883
0.14308709
0.15258371
0.14749062
0.15578205
0.15523862
0.037800288
0.038606675
0.025123595
0.0091631376
0.061192958
0.074647345
0.024165762
0.022047971
0.00051097268
-0.00053696092
-4.6708615e-05
-0.0016453261
-0.0021679451
-0.0006290804
0.0023201538
-0.00071802327
0.00702708
0.020114004
0.019596818
0.013074432
0.016275548
0.026945077
0.026466588
0.031515338
0.021700063
0.0024436299
-0.0038598521
-0.0033582777
-0.0029303201
0.011040735
-0.00751795
-0.0068269597
0.1642612
0.16282955
0.11613942
0.04100128
0.1237232
0.12138567
0.092868946
0.11228077
0.0169192
0.1339688
0.11916808
0.14212644
0.083074006
0.12630292
0.10729838
0.086376931
0.14430724
0.041031366
0.13092767
0.13716322
0.13131297
0.14854634
0.1480498
0.14204034
0.070390762
0.13854303
0.13657482
0.14558803
0.033019269
0.11354113
0.14026199
0.063090742
0.12573645
0.14601336
0.12512059
0.14039059
0.13998358
0.14110209
0.13173442
0.14351038
0.13008191
0.15056501
0.13210577
0.14385895
0.11795204
0.13639792
0.10804375
0.13849656
0.12931134
0.0036812758
0.13531123
0.14110658
0.1434181
0.13170451
0.05751626
0.11253212
0.14119655
0.14658638
0.14543372
0.14146641
0.14291198
0.14246822
0.14154802
0.13222333
0.13472659
0.14208748
0.13594974
0.13518456
0.048945521
0.14725547
0.14904542
0.14692585
0.14845756
0.14930332
0.14976544
0.14668895
0.14831577
0.14808628
0.14411028
0.14895075
0.14861071
0.14584358
0.14381334
0.1503465
0.14986532
0.14568995
0.14953932
0.14679361
0.14663005
0.14604896
0.14705274
0.14496078
0.14473388
0.14394706
0.14458247
0.14429099
0.14758022
0.14550196
0.14727246
0.053170085
0.03399426
0.019213496
0.0119714
0.038653294
0.016596292
0.035674008
0.048164666
0.030949024
0.018033919
0.041998482
0.063947856
0.039037262
0.046182583
0.17308096
0.16786173
0.18022642
0.17524148
0.18222023
0.17714598
0.17455867
0.17042494
0.12187629
0.12503151
0.03077642
0.045335865
0.12130388
0.12002523
0.06269397
0.1163878
0.018667279
0.032652135
0.075766856
0.16569213
0.15936821
7.0529843e-05
-0.00049007016
0.015179976
-0.00084533292
-0.00080391684
-0.00022909969
-0.0010211622
7.1131292e-05
-0.00017810414
-0.013041614
0.011868079
-0.0021938741
-0.0017949723
-0.00091449513
-0.01104157
-0.0019496771
-0.0030140752
0.0061214085
0.031219989
0.21512089
0.21499413
0.21441185
0.21504584
0.035070025
0.17875206
0.17457979
0.16131081
0.16577161
0.16617434
0.18098664
0.17236265
0.16102674
0.16203616
0.17525411
0.12822113
0.15237383
0.086134196
0.057689394
0.027286793
0.023631773
0.06130311
0.057087221
0.022630062
0.025165579
0.056294843
0.028224635
0.074231305
0.045040552
0.04059542
0.0056732181
0.04205571
0.015705482
0.012366032
0.14089159
0.11882776
0.11899628
0.12920129
0.16326602
0.1442618
0.14782783
0.10896147
0.087421976
0.01508647
0.060962301
0.095719963
0.060921478
0.19293641
0.19370934
0.18673258
0.19645196
0.17834152
0.18833031
0.20386444
0.2027299
0.16393612
0.17179865
0.096147101
0.081975976
0.077365802
0.085481719
0.059179427
0.05194879
0.046774575
0.014559937
0.059262995
0.041327107
0.069769252
0.068542306
0.071594814
0.095303854
-0.0021768767
0.026693095
0.046014612
0.023110543
-0.0077645966
-0.00981478
0.039362398
0.038062384
0.044761713
0.030460597
-0.0079797382
0.016436522
0.02416999
0.010932624
0.15619301
0.14550434
0.14712398
0.15657786
0.13725041
0.13298228
0.15742472
0.1496553
0.12505804
0.10381202
0.053202827
0.052430823
0.051583538
0.0069406556
0.016501249
0.027983452
0.033171224
0.0080495336
0.032229227
0.031138377
0.0068653686
0.0090886481
0.039958984
0.038705787
0.051794643
0.055934605
0.013772845
0.038120487
0.17838738
0.010148625
0.17473887
0.17833504
0.16932361
0.17079032
0.18001837
0.19100524
0.18926106
0.075455719
0.065975831
0.046319647
0.055862036
0.033211848
0.012280304
0.043167741
0.02216104
0.030561516
0.029807926
0.07339534
0.025980525
0.079103302
0.027650738
0.047370637
0.030313537
0.13048277
0.071745189
0.068556854
0.047131712
0.059396201
0.062726924
0.10720409
0.071940754
0.059463565
0.060660824
0.06886581
0.094574484
0.090779377
0.053993309
0.073517401
0.081514101
0.08681997
0.080226622
0.073017578
0.06466886
0.10480706
0.10903461
0.082166375
0.087174482
0.088803556
0.096451547
0.10033607
0.10028999
0.083387448
0.11194576
0.098474053
0.15814416
0.15695855
0.15081731
0.15618576
0.16377267
0.16031679
0.14040877
0.12416901
0.14064927
0.14606696
0.10087866
0.12138984
0.15494177
0.15013645
0.14805498
0.15501215
0.14536897
0.1539226
0.14429644
0.13980439
0.12678461
0.13364938
0.049524313
0.024277955
0.023348282
0.023136001
0.011239236
0.013370502
0.008622217
0.084749758
0.09403425
0.10255688
0.096290619
0.010229624
0.01057258
0.0099106427
0.0063102245
0.025822042
0.018534548
0.010865172
0.0035222898
0.040167636
0.043428678
0.064745247
0.057905416
0.068010277
0.088067906
0.099418406
0.1001374
0.085655305
0.09784756
0.076640143
0.073880647
0.10538221
0.11100592
0.086389964
0.099336065
0.10880675
0.10225593
0.071450447
0.022717656
0.056514288
0.11133021
0.10499538
0.099010841
0.11104079
0.10038329
0.11104196
0.1208962
0.134429
0.13876425
0.14464164
0.10693762
0.095481836
0.12018461
0.094389179
0.11184852
0.10040721
0.075704247
0.083167302
0.12348406
0.12650529
0.08811972
0.037275304
0.12505371
0.11779185
0.12566213
0.11763062
0.082896189
0.06805349
0.1077362
0.073678415
0.14335468
0.13870869
0.14587288
0.14115407
0.14190924
0.14503423
0.15311737
0.15507056
0.15800062
0.15735808
0.15698159
0.157539
0.15660149
0.15344438
0.154566
0.15134183
0.15374627
0.15630368
0.15637112
0.15516579
0.15394246
0.1557203
0.1512564
0.15116982
0.15585275
0.1569852
0.15329847
0.15302591
0.14789239
0.14838049
0.15000651
0.14293458
0.14668216
0.15204392
0.14559628
0.15592309
0.15479812
0.15629256
0.15472271
0.15154972
0.14848633
0.14415879
0.14849792
0.15028
0.15090404
0.1523763
0.15082689
0.15174856
0.14908153
0.15178216
0.15188146
0.14117391
0.14125627
0.15160483
0.15199338
0.14889314
0.14457745
0.14196782
0.085570522
0.088864689
0.076800096
0.097027489
0.049775414
0.042590835
0.14514947
0.15054186
0.13926485
0.13830472
0.13692298
0.14412837
0.15055421
0.14516211
0.14404095
0.13934286
0.037398661
0.026505417
0.022637009
0.014537685
0.0032424101
0.0048365429
-0.0020463114
-0.0033277381
0.0070887285
-0.0011475322
0.0047663843
0.0025150643
0.0088543873
-0.0027858392
-0.0037444446
0.018904228
0.012040398
-0.0022710414
0.0011945162
-0.0015361655
-0.0032312926
0.00061845415
0.010482669
0.015378973
0.01060516
-0.0046777487
-0.0074108399
-0.0043684723
-0.010317302
-0.010354517
-0.0058893233
-0.00040403098
-0.0089070778
0.0036593865
-0.0029236213
-0.0056976023
-0.0045173053
-0.0021589906
-0.00067629966
0.02404355
-0.0072305251
-0.0057387758
-0.0047858531
-0.0069872858
-0.0058963709
-0.0045536752
-0.0023184877
-0.0069650198
-0.0033609518
-0.0027885238
0.0052540793
-0.0017224808
0.011009371
0.011703284
0.0037800057
-0.003941289
-0.0066681215
-0.007349957
-0.0071966374
-0.009052194
0.0018577439
-0.0023205003
0.0037595237
0.14718513
0.1444274
0.13838585
0.13811
0.11695689
0.12555778
0.024980862
0.13951184
0.12845964
0.1397859
0.093315494
0.12756159
0.13480455
0.056262647
0.10777059
0.11820036
0.068321211
0.11753128
0.1184666
0.1413315
0.12675252
0.14203263
0.10548715
0.075786879
0.12202421
0.13812111
0.11976192
0.12845882
0.13022641
0.086886965
0.12450284
0.10334493
0.0387702
0.12254801
0.11346978
0.12303173
0.14340313
0.12922127
0.072331163
0.14215228
0.11522646
0.12172636
0.13476174
0.13748905
0.13316567
0.052999404
0.12329363
0.13489665
0.1085706
0.14176111
0.10473377
0.066554472
0.060900076
0.12081459
0.10083529
0.051830686
0.088661406
0.11651727
0.10790926
0.14144373
0.123902
0.081922516
0.075578309
0.13815068
0.11480283
0.045010872
0.066828905
0.120474
0.033218696
0.12535288
0.13673412
0.13662726
0.11669289
0.14108016
0.140441
0.13268542
0.12114053
0.14133836
0.13084854
0.13720769
0.14188411
0.12907653
0.11945365
0.13229265
0.054981657
0.13786423
0.13612289
0.14061623
0.13777658
0.068658298
0.12578572
0.060963478
0.11705344
0.13972827
0.14002238
0.13070943
0.1357026
0.14253325
0.14209882
0.13821794
0.14114659
0.14095556
0.13438026
0.12677843
0.129393
0.12839316
0.14035913
0.1221341
0.12130621
0.12729327
0.13338516
0.11853954
0.11675782
0.1102876
0.13107254
0.12668824
0.13507162
0.13070773
0.13014807
0.12015643
0.12719755
0.13981741
0.13956305
0.12533267
0.13010396
0.13048763
0.13161354
0.12357744
0.10967548
0.11681877
0.11854886
0.092132986
0.12213347
0.13398543
0.13519899
0.13473733
0.1314011
0.13557306
0.12920868
0.13780086
0.1374969
0.13150529
0.13249823
0.1377155
0.13915579
0.13931125
0.12966598
0.13715884
0.13954495
0.13984866
0.14102747
0.13994443
0.1399828
0.13964489
0.14066077
0.13756558
0.13949923
0.14108849
0.14041598
0.13872869
0.13916384
0.13247431
0.13587802
0.14141981
0.14110061
0.13907604
0.13950637
0.13867763
0.13544577
0.13903934
0.1375792
0.13962566
0.1402975
0.14053387
0.1418613
0.13924454
0.13974477
0.14035224
0.14058629
0.11057755
0.11390517
0.11618328
0.11390006
0.10018127
0.10682991
0.091721216
0.083248945
0.12681453
0.12813521
0.086164549
0.08086409
0.10620567
0.11615367
0.053942851
0.063586578
0.0014471131
-0.0042855652
-0.00018064319
-0.0015235718
-0.00043894727
-0.0094125877
0.050548042
0.026575766
0.02823673
0.045864235
0.024341898
0.05260574
0.017164681
0.049330237
0.12824888
0.15219524
0.19141953
0.19361944
0.18726064
0.1844427
0.18999881
0.19806379
0.0082094936
0.017790394
-0.015478093
-0.0115836
0.028702286
0.012427706
0.036758341
0.024283296
-0.0059996558
0.010412455
0.022032189
0.017355438
0.015355269
0.0017935539
0.0080097907
-0.0063161666
0.0070314192
0.0028287455
-0.0011669594
-0.0094463574
0.006247963
-0.00074984477
-0.0033099942
-0.0081748944
0.00034473581
-0.015798172
-0.009627881
-0.011177481
-0.012620125
-0.009241307
-0.013228289
-0.0093629214
-0.011632113
-0.012037133
-0.014935111
-0.012793065
-0.010067214
-0.016052574
-0.013887519
-0.0094021538
-0.0045116384
-0.01202326
-0.0090843224
0.004989786
-0.0056278252
-0.013286151
0.0019894287
-0.0013145262
-0.0097985587
-0.010767344
-0.0065595798
-0.015220224
-0.0044548704
-0.0054597737
-0.0090202671
-0.010866677
-0.012083233
-0.0062025088
-0.003689041
-0.0044177083
-0.011230877
-0.011094347
-0.0089695992
-0.011283252
-0.013701053
-0.0040549358
-0.0022348138
-0.0028956915
-0.014302926
-0.010397506
-0.016065811
-0.016522331
-0.016277934
-0.014593519
-0.0037584724
-0.0031614866
-0.0076262401
-0.011710442
-0.0086069348
-0.013434486
-0.016188051
-0.015371323
-0.014358387
-0.015837783
-0.016325255
-0.013609334
-0.014205087
-0.014976778
-0.015996945
-0.0042557296
-0.015446863
-0.016516059
-0.0053585931
-0.015309079
-0.010430148
-0.0061422295
-0.016081331
-0.015084294
-0.014171823
-0.011550022
-0.0053820295
-0.012158288
-0.011928121
-0.003420155
-0.0012597777
-0.01403283
-0.011530093
-0.014654205
-0.015033552
-0.0045640311
-0.0045366292
-0.010246089
-0.001603013
-0.0050955082
-0.012116213
-0.011590256
-0.011756412
-0.011550882
-0.010961583
-0.011329779
-0.0086185974
-0.01349464
-0.015018999
-0.01113621
-0.0018288569
-0.0073814482
-0.012443903
0.0016967042
-0.012941293
-0.014062428
-0.013840187
-0.010338711
-0.003967337
-0.0054905556
0.0027124174
-0.0078196099
-0.0090738898
0.0050657372
0.016568176
0.017821862
0.00014757607
-0.0084053957
-0.010595182
-0.0012606269
0.0015355798
0.0068086768
0.010831918
0.017828199
-0.0062143021
0.0209679
0.0076060915
0.027176313
0.016580661
-0.0038645398
-0.0094043078
-0.0060729009
-0.0055536789
-0.0076512443
-0.011462248
-0.0099494637
-0.010285459
-0.0075475506
-0.0084163633
-0.0029662903
-0.013466733
-0.0044717105
-0.0064007787
-0.0078887701
-0.0020129301
0.0062308453
0.0062691815
0.022715197
0.01894272
-0.0027714769
-0.00081648748
0.014350507
0.0084097321
0.16325986
0.15716006
0.079553084
0.079111731
0.16461929
0.16941448
0.18531321
0.17750127
0.0057626737
0.022305769
0.11178197
0.011724791
0.097628751
0.10014721
0.094520347
0.10199239
0.10441063
0.085821341
0.10095691
0.14858262
0.14899374
0.12745738
0.11479946
0.12806955
0.11442248
0.019538828
0.011404988
0.062110657
0.083750364
0.084825527
0.093155153
0.041366193
0.0053138542
0.02833449
0.049168394
0.029458782
0.025686463
0.0038641334
0.11843239
0.10986153
0.13224538
0.13026533
0.1404213
0.094245419
0.13263129
0.1173496
0.094519885
0.11910422
0.13350216
0.11561705
0.13648549
0.11381267
0.10054993
0.11099161
0.12286568
0.13020658
0.1040071
0.12884315
0.081200173
0.10275699
0.10415586
0.11660106
0.11383402
0.11044985
0.096098611
0.1066855
0.10756374
0.093612206
0.13453165
0.13033092
0.15440834
0.15159532
0.14458533
0.12975911
0.12109157
0.133821
0.13806569
0.13828792
0.14261163
0.12333254
0.11602636
0.1366306
0.13765762
0.11851304
0.12827306
0.12418197
0.13596156
0.14214043
0.1353211
0.13147057
0.15075886
0.15223616
0.15282353
0.15246848
0.15039739
0.1492852
0.14501864
0.14740313
0.14279023
0.14170492
0.14707783
0.14674931
0.14864397
0.1441551
0.14624573
0.1456767
0.14673563
0.14206128
0.14938047
0.14063673
0.13761418
0.13429537
0.12824017
0.13380922
0.12309862
0.12275684
0.13074338
0.15078083
0.14995651
0.15073522
0.14745883
0.14435897
0.14785945
0.080987465
0.072345186
0.084173462
0.056030351
0.085238122
0.094369454
0.06747889
0.07777566
0.070617624
0.081310799
0.088394462
0.046802444
0.076625681
0.11526854
0.11458579
0.057606374
0.067027714
0.0062196607
0.068101962
0.071656483
0.05923364
0.056421504
0.065807193
0.051241434
0.010089177
0.062979403
0.036956518
0.055184694
0.047740931
0.053908395
0.041556019
0.033519003
0.086900284
0.077001589
0.035727652
0.052697656
0.093936272
0.081020371
0.035658398
0.047454013
0.0093968566
0.042834971
0.039475671
0.10034147
0.0060304354
0.025331531
0.026781818
0.13226058
0.0054943461
0.11784596
0.13792515
0.0061808858
-0.00059124458
-0.0082131653
-0.0016703022
-0.006275696
-0.0049859195
-0.001775217
0.010337332
0.060858377
0.092893163
0.10415685
0.12148809
0.14330105
0.14344108
0.14222315
0.13025125
0.12474093
0.12629456
0.12302714
0.11166112
0.11891349
0.11327882
0.10468525
0.10566653
0.032398363
0.1273515
0.1049622
0.1286736
0.12507755
0.12604047
0.13073172
0.11821737
0.12484629
0.1188377
0.11732358
0.11886373
0.11310892
0.11121716
0.1031756
0.11729416
0.10761371
0.12373925
0.11691191
0.11163109
0.1134898
0.090684899
0.098050263
0.12506269
0.11668713
0.11507683
0.10733028
0.082079594
0.11440113
0.12924628
0.13117815
0.13028999
0.12605738
0.11145819
0.10167509
0.10247444
0.099315033
0.10725032
0.10910492
0.13322293
0.12843215
0.1225769
0.12696586
0.11878699
0.11200833
0.13271105
0.12538657
0.12382433
0.12223547
0.10028269
0.10634888
0.13824269
0.1071516
0.11894761
0.11762438
0.12864848
0.10876296
0.11042601
0.11078887
0.098009817
0.10983336
0.099981431
0.064716127
0.13099779
0.13031592
0.12546312
0.12280185
0.11695405
0.13422371
0.13351738
0.1382057
0.13539337
0.13489948
0.13260268
0.11552037
0.13241423
0.13050894
0.13709907
0.13765343
0.13214239
0.13785509
0.12762017
0.1290565
0.12539507
0.11730758
0.13185404
0.13528556
0.1326704
0.13638467
0.13667482
0.1344658
0.13870877
0.13707297
0.13559786
0.13735351
0.14068058
0.14146003
0.13850899
0.13930482
0.13617495
0.13719545
0.13522888
0.1368933
0.13618248
0.13796229
0.13370741
0.13539117
0.13923791
0.1394544
0.13871494
0.13757518
0.036053211
0.0085446143
0.038254316
0.096876825
0.087033037
0.067986921
0.078003342
0.076128317
0.02366923
0.010398196
-0.0022416248
-0.0023091694
-0.0034512406
0.0074763995
-0.0047440979
-0.0053527595
-0.0066476311
-0.0020895461
0.018356899
0.0022936627
0.0041751592
0.005073565
0.00484983
0.010112648
0.0073028827
4.2817719e-05
0.012515663
0.02191969
-0.0084659161
-0.010033809
0.016292107
0.0050438172
0.026551815
0.010559084
0.0024138892
-0.0066528887
-0.013791528
-0.014470536
-0.011950398
-0.015618007
-0.015759831
-0.012610675
-0.015956527
-0.012079591
-0.0026092687
-0.0057223908
-0.0029213142
-0.0035877136
-0.0062879894
-0.0051972123
-0.010251763
-0.014972801
-0.01575871
-0.0063179628
-0.0046531549
-0.0098962271
-0.0097989883
-0.0090413595
-0.014308606
-0.0033342647
-0.01203725
-0.011727475
-0.0032146008
0.012980624
0.016462343
-0.0083796539
-0.010919927
-0.015470884
-0.0059826589
-0.013524656
0.031705708
0.048551703
0.02873167
0.034360794
-0.00011258917
-0.0066322054
-0.0037204789
-0.0084038956
-0.0003238127
-0.0079996291
-0.00096324461
-0.0058704858
-0.0050970276
-0.0035427877
-0.00076797427
-0.0020441544
-0.00576926
-0.00024637446
-0.0031669955
-0.0044678911
-0.0012557842
-0.0023968097
-0.004814167
-0.00078183027
-0.0026663877
-0.0010156175
-0.0054634088
-0.0011430022
-0.0055131957
-0.0077721441
-0.0066959628
-0.0018322832
-0.0045288341
-0.0073221612
-0.0039921183
-0.004131624
-1.8157164e-05
-0.0018892271
-0.010654665
-0.010098884
-0.010265481
-0.0079576206
-0.0034989815
-0.0038891478
-0.0054283449
-0.00077352061
-0.00020806487
-0.00021499036
-0.00063507038
-0.0063536473
-9.4214246e-05
-0.0076443014
0.093728474
0.10290324
0.10361129
0.11420462
0.087972555
0.10489343
0.082799911
0.094931647
0.10331318
0.11974869
0.09932784
0.10701878
0.0094669217
0.0052741915
0.022341124
0.0091259454
0.029527665
0.0072664476
0.012310592
0.045037583
0.056439088
0.078010676
0.10598331
0.09991278
0.091022826
0.099371468
0.073755847
0.080129713
0.065990019
0.085822273
0.068151975
0.071253298
0.14859319
0.14266437
0.10966457
0.023084053
0.011527223
0.013836648
0.018686421
-0.0075008078
-0.005447672
0.043674637
0.0087912412
0.047010561
0.017448331
0.01292861
0.0028221598
0.11377353
0.09339775
0.13415916
0.13731692
0.093900785
0.10489514
0.094635539
0.081417185
0.00068357446
0.0036035331
0.13398145
0.13416405
0.079873437
0.06724712
0.13962086
0.14019389
0.13900588
0.13687507
0.093265515
0.077665404
0.067987647
0.0042682726
0.11413784
0.10280051
0.058469229
0.1009026
0.10741916
0.01978032
0.025794348
0.0063752016
0.13350789
0.1339735
0.11317227
0.10252911
0.12631717
0.11793171
0.10367936
0.09662863
0.097539811
0.11720927
0.092249841
0.095012214
0.11517334
0.10939012
0.091639669
0.088901245
0.1185449
0.10892709
0.11941235
0.11422937
0.10074034
0.10236416
0.13022295
0.1332296
0.13363455
0.13625487
0.14138794
0.13789818
0.13931947
0.13756606
0.12487758
0.13456139
0.13385853
0.13245962
0.13347999
0.1362174
0.13333469
0.13594905
0.13239849
0.13452423
0.13143686
0.13352783
0.12918872
0.093752372
0.11964788
0.12764522
0.13355564
0.1370278
0.14040722
0.13941011
0.13734653
0.13519485
0.13802686
0.13505829
0.049744629
0.016202742
0.0094798483
0.012870196
0.043492613
0.039487994
0.044551062
0.018699385
0.027549087
0.015707415
-0.013403189
-0.013510682
-0.011532698
-0.0088820916
-0.005549006
-0.0068504105
-0.0039028396
-0.0032270003
-0.0022639239
-0.0034317384
-0.004132368
-0.0022285645
-7.739172e-05
-0.002223988
0.1186315
-0.00076702563
0.10741833
0.040763761
0.044447398
0.0306318
0.053103361
0.0043494159
0.039251673
0.038841905
0.060108192
0.024241751
0.043004579
0.0096665131
0.066714707
0.0079062561
0.052992007
0.026644546
0.023216328
0.056041965
0.046080585
0.037908761
0.029051762
0.041518209
0.051013859
0.007045962
0.0054221212
0.061095893
0.06492144
0.053817701
0.07257943
0.063029282
0.07875993
0.015970719
0.053038053
0.044961788
0.038841391
0.053729837
0.062991426
0.051174313
0.044438588
0.023673058
0.029002449
0.029416696
0.040649918
0.01166397
0.026363133
0.024600446
0.029880328
0.031073054
0.044865347
0.0055699253
0.021017452
0.035526226
0.011046142
0.011716536
0.023275943
0.0047993439
0.10712715
0.10676041
0.1074896
0.087271546
0.1041791
0.097902801
0.082212354
0.096879521
0.010254982
0.010564757
0.016856103
0.01533612
0.0048617535
0.063676283
0.11511579
0.086033892
0.0324496
0.073755062
0.029375138
0.07087347
0.094237523
0.093895883
0.030199178
0.076478113
0.052399405
0.079406553
0.057341701
0.063401095
0.075021144
0.07214889
0.067682098
0.081334672
0.066594706
0.028669803
0.12569705
0.11148907
0.11394776
0.10982621
0.11150408
0.099973129
0.10779583
0.10429761
0.11750496
0.11560616
0.10786749
0.12835859
0.1088049
0.13379064
0.11256882
0.089510862
0.026888853
0.088045897
0.10723174
0.10138527
0.10383051
0.13530605
0.11694568
0.11691682
0.11067565
0.1306854
0.1225884
0.12629482
0.12259691
0.11871588
0.1018825
0.13348719
0.11741273
0.11170555
0.10500553
0.10326072
0.12750424
0.13713226
0.12187549
0.12384287
0.12363055
0.12426745
0.06764397
0.11828206
0.12249393
0.12726652
0.13048296
0.13205694
0.12245231
0.12732427
0.12972635
0.12853237
0.13040771
0.1330131
0.12353818
0.076282131
0.12951258
0.13319804
0.13613441
0.13168048
0.12690544
0.12383832
0.12318347
0.11697858
0.13040774
0.11686617
0.12730792
0.12006443
0.13241467
0.12983543
0.12262828
0.10879305
0.12491958
0.12682492
0.13043968
0.098474755
0.12803491
0.12411392
0.12541203
0.078953254
0.12400593
0.11632151
0.11540625
0.11334482
0.11284672
0.10821247
0.1174184
0.11828878
0.11352425
0.096470207
0.075721642
0.077907318
0.12620354
0.12363983
0.12066432
0.1258786
0.13575782
0.13296518
0.13725475
0.13674778
0.1345258
0.13488631
0.10714604
0.099275558
0.042832652
0.093231608
0.092375438
0.12677922
0.08784727
0.080779062
0.13856709
0.13682779
0.13490564
0.13271043
0.11955612
0.11333514
0.10565981
0.11359403
0.10097207
0.12037478
0.081965807
0.076298082
0.13499384
0.13584878
0.13465765
0.1371959
0.1372616
0.13482204
0.13197197
0.12998831
0.10890238
0.11421339
0.10515514
0.12710582
0.086115482
0.12821857
0.088822106
0.086724074
0.13254142
0.080983811
0.12806569
0.064956513
0.051360629
0.099928037
0.073782584
0.076357962
0.092142819
0.12089629
0.12939184
0.1189092
0.092736178
0.098349483
0.086571067
0.072562617
0.087959069
0.058431123
0.087808716
0.11925472
0.13042433
0.06213991
0.12339997
0.12554217
0.12234805
0.12574969
0.1221159
0.12895439
0.099294848
0.12916737
0.10960843
0.12288366
0.12898602
0.12978078
0.11925325
0.12906098
0.11993682
0.1354941
0.13212413
0.12964825
0.12525037
0.12867434
0.13043209
0.13062913
0.13011453
0.13053144
0.13016296
0.12980882
0.13077852
0.13063009
0.12889806
0.12881402
0.12329509
0.13166538
0.13105994
0.13182031
0.131479
0.13194113
0.12671681
0.13203163
0.13102278
0.13297069
0.13619619
0.13172346
0.13263485
0.13358223
0.13238876
0.1329005
0.13237984
0.12966782
0.10215137
0.11531191
0.12352826
0.12679557
0.1237982
0.13189026
0.1281846
0.12845692
0.094323894
0.079387364
0.12651508
0.1271846
0.10755404
0.12859277
0.12329146
0.12792727
0.12292043
0.11912677
0.12559759
0.12035312
0.087297954
0.13251738
0.13106582
0.13355997
0.13277325
0.13018621
0.12883932
0.13191424
0.13267856
0.13139929
0.13041766
0.13330969
0.13272366
0.13303556
0.13509188
0.13259969
0.12377606
0.14022854
0.14021267
0.12847125
0.13183403
0.13414868
0.13602348
0.13393361
0.13457201
0.13348903
0.13383905
0.1365835
0.13694543
0.13626335
0.13788973
0.13632877
0.13751144
0.1360037
0.13706066
0.13483526
0.13455569
0.13924698
0.13784372
0.13970624
0.13893381
0.13885892
0.1383002
0.13871648
0.13853878
0.1366774
0.13803195
0.13794327
0.13716737
0.13797833
0.13719536
0.13678201
0.1360147
0.13740984
0.13623816
0.13551332
0.13772874
0.018052258
0.003631671
0.041846901
0.12479603
0.11710938
0.021600459
0.025021788
0.015938819
0.051386184
-0.001697649
-6.8301268e-05
-0.00039369616
-0.001512449
0.061061971
0.04582188
0.021312142
0.0099087617
0.088456069
0.085723355
0.1043652
0.092464848
0.07456198
0.06249325
0.075354634
0.0071877393
0.067206819
0.081846602
0.086618284
0.0023495418
0.011900538
0.025674013
0.010107101
0.059340682
0.053942065
0.040310568
0.027574126
0.020557061
0.035422884
0.024809342
0.010856404
0.048097206
0.025553335
0.044703046
0.022457013
0.036937631
0.032175648
0.035303592
0.010516847
0.036689264
0.023315674
0.02890382
0.023534137
0.015593042
0.019626148
0.018422617
0.014800703
0.026785846
0.003695171
0.020545021
0.018373891
0.0022124556
0.010870986
0.015718351
0.014134743
0.032711011
0.0089047498
0.015048571
0.017039165
0.029925495
0.025398255
0.042961156
0.059465934
0.016711545
0.0062174725
0.012212687
0.0063939426
0.040949388
0.024765401
0.027196257
0.010460408
0.019251802
0.010721957
0.011973524
0.018979421
0.013584539
0.082308906
0.0033165452
0.029809154
0.03741979
0.050039567
0.0020525612
0.038572489
0.026198072
0.010385709
0.046157084
0.029716067
0.08627364
0.036074903
0.063375282
0.047561162
0.072465981
0.081072787
0.040875958
0.024091859
0.045521496
0.038140032
0.098933115
0.10502943
0.085673207
0.089092362
0.096193453
0.079545862
0.057403649
0.070278114
0.048194302
0.046901371
0.03995171
0.051172585
0.083066159
0.077718776
0.10555087
0.093159483
0.1051131
0.097452156
0.022618181
0.091360247
0.076372899
0.090620654
0.10029785
0.091471102
0.12531655
0.11811095
0.1298154
0.12807008
0.087060223
0.078753888
0.024729168
0.051414675
0.098506299
0.089747929
0.085102533
0.081257168
0.12714277
0.12642211
0.12813429
0.12938496
0.13067763
0.1292317
0.13008359
0.12951518
0.1170976
0.1249721
0.13422437
0.13519311
0.1293656
0.123314
0.13419416
0.13548126
0.13390771
0.13339557
0.13622046
0.13587526
0.13511826
0.13607633
0.089242188
0.092660812
0.057237835
0.041114793
0.039119198
0.033156182
0.046604711
0.05554768
0.00012595321
0.0023434931
0.01036968
0.015480557
0.0070079705
0.0024111085
0.0087763562
7.7452489e-05
0.00061114321
0.0012091758
0.075709262
0.00088021822
0.027307028
0.017717983
0.08515275
0.067826759
0.097259209
0.011995568
0.05209555
0.071343505
0.036013829
0.035624465
0.046730826
0.034755524
0.058644966
0.0366773
0.032952684
0.0059080578
0.077553786
0.049874834
0.041480605
0.049198786
0.025044305
0.020956607
0.029116823
0.0059668617
0.027989994
0.03081916
0.016939237
0.0020468843
0.034598152
0.022544013
0.064925055
0.036200832
0.036177028
0.079814852
0.074297634
0.0056332664
0.019536738
0.015251449
0.020965288
0.0093176614
0.0078338339
0.0032839088
0.0083913463
0.0084774686
0.016691171
0.10525424
0.091442129
0.079703783
0.084621983
0.086518739
0.092744628
0.099596489
0.088827116
0.077548219
0.068908983
0.094542208
0.087951171
0.082369621
0.087625644
0.079115146
0.084775739
0.079916974
0.04818377
0.070995619
0.041027132
0.068982054
0.044849195
0.097408527
0.094266167
0.089894564
0.094552807
0.10076366
0.095558835
0.064569573
0.05324072
0.091662055
0.083784446
0.079861987
0.031570981
0.047732027
0.0081737798
0.10199428
0.092756094
0.080415599
0.082773646
0.1159298
0.11343497
0.065737563
0.062262859
0.020669409
0.035105099
0.099323679
0.096789896
0.081881305
0.07532096
0.065572152
0.052847177
0.073499194
0.073980176
0.06274956
0.089733802
0.12913151
0.12835158
0.13064216
0.12871719
0.08859213
0.12743571
0.12942499
0.12751096
0.12809282
0.12463766
0.12675881
0.12771155
0.12517497
0.12563104
0.09731914
0.015774676
0.1260374
0.12345839
0.059936039
0.12347072
0.12729352
0.11926268
0.042182974
0.12736253
0.12257377
0.1270957
0.12599905
0.12434293
0.12787375
0.051130585
0.12263512
0.12454594
0.12685611
0.12846483
0.12457306
0.12680895
0.098066583
0.12647184
0.12765814
0.12909876
0.11427299
0.12290725
0.12739851
0.126161
0.11265127
0.11976968
0.072965987
0.12216316
0.11968856
0.12740336
0.12621428
0.11891987
0.12465944
0.12516001
0.12815815
0.12081311
0.12731531
0.10898535
0.11920411
0.12696416
0.12524078
0.11843577
0.11790746
0.12552477
0.092262798
0.12587013
0.11622037
0.12678226
0.12215122
0.12625184
0.12209468
0.12754509
0.1240153
0.11097229
0.11989433
0.12319987
0.12176728
0.12319154
0.12207364
0.10020403
0.12082607
0.11811128
0.12673732
0.1213511
0.1237167
0.12353555
0.12273473
0.11344087
0.12182226
0.12633157
0.12504084
0.12280925
0.12470598
0.1233357
0.12368598
0.12201981
0.11929841
0.11933647
0.0078626785
0.12725172
0.12681138
0.12024658
0.12478937
0.12399485
0.12547585
0.12647542
0.12807169
0.12340808
0.12437801
0.12322205
0.13064945
0.12527054
0.11584827
0.12289243
0.12440081
0.12492134
0.11917014
0.12411525
0.12116054
0.12480908
0.13018191
0.12593231
0.11446614
0.082331036
0.13144924
0.12970564
0.12439596
0.12236705
0.12254403
0.12261403
0.11410874
0.12951981
0.11989919
0.11070493
0.10890495
0.12185461
0.12500267
0.092776536
0.1257458
0.12037139
0.12699679
0.12624149
0.12376238
0.10726131
0.1244789
0.12533336
0.12199501
0.13119926
0.13012701
0.12245292
0.12095534
0.12184374
0.12007323
0.12501582
0.12873226
0.1290998
0.11253588
0.12181524
0.12082252
0.12654889
0.13122483
0.11659951
0.11997024
0.12122174
0.12838987
0.12905368
0.12740523
0.12926239
0.1271915
0.12798887
0.12801806
0.12856682
0.12876295
0.12279447
0.12226489
0.1274681
0.11954993
0.12045117
0.13020426
0.12861055
0.13101727
0.12547649
0.12466218
0.1298728
0.065510203
0.12920941
0.13061624
0.1243612
0.12332607
0.12646737
0.11974075
0.12836268
0.12668784
0.12112253
0.10458544
0.12794961
0.11967011
0.10669533
0.12633293
0.12960285
0.11604282
0.11196203
0.12555397
0.12870625
0.12963445
0.12774505
0.12963053
0.12303172
0.12198733
0.12007961
0.12224977
0.12795704
0.12656766
0.12838933
0.12888178
0.12486757
0.12695587
0.12970466
0.12791164
0.13081233
0.12973902
0.12121326
0.13068319
0.12886388
0.11593565
0.13000568
0.12471252
0.1125613
0.12155078
0.11523571
0.1259732
0.12399933
0.12184252
0.12117531
0.13088559
0.13182323
0.1319755
0.13014947
0.11586836
0.099059551
0.12063434
0.12136771
0.11727228
0.12026882
0.11743515
0.10949185
0.11808283
0.12037468
0.096752574
0.00520566
0.10954121
0.10556825
0.099697616
0.10933614
0.081694872
0.089654015
0.11522997
0.12063597
0.12082174
0.12230551
0.1234588
0.12383842
0.12130285
0.1201476
0.11650526
0.12086547
0.11735936
0.12002511
0.098395315
0.11858888
0.1177286
0.12095951
0.11900424
0.1116865
0.12078668
0.12032128
0.11909407
0.12091078
0.11957899
0.1164164
0.11934395
0.11799897
0.11954178
0.12035899
0.11185966
0.11724934
0.11630659
0.11590105
0.10956137
0.10874948
0.11869553
0.11670671
0.11905873
0.11587291
0.11522067
0.11849481
0.1116464
0.11253443
0.11551003
0.11677957
0.1178574
0.12116342
0.093709184
0.11354423
0.10877805
0.10542129
0.1113414
0.11243895
0.11521022
0.11733799
0.11826279
0.12150069
0.11960292
0.11909612
0.10688186
0.10954182
0.11509646
0.10899867
0.11297304
0.11830401
0.11267908
0.11758411
0.11749166
0.11945773
0.11435846
0.11739921
0.11854617
0.11629001
0.1131141
0.10913365
0.11543414
0.114894
0.11588701
0.11269782
0.111479
0.11895882
0.11502464
0.11667084
0.11069442
0.11296092
0.10960439
0.091348341
0.10196923
0.099681975
0.10529783
0.11056282
0.11574528
0.11382089
0.11233825
0.11129764
0.11042953
0.11211573
0.10821942
0.10793027
0.11457644
0.11413454
0.11734711
0.11060868
0.11484354
0.1119752
0.1183363
0.11606286
0.11152597
0.11158952
0.1143461
0.10568192
0.11099613
0.10956638
0.11607302
0.033174602
0.10252344
0.087147298
0.11327289
0.1023936
0.10504731
0.10782229
0.10971619
0.10775916
0.11131236
0.10739894
0.10853305
0.10729129
0.10847112
0.10788367
0.10994266
0.10611307
0.1089809
0.11068122
0.11228683
0.10987144
0.11043641
0.1055229
0.1057169
0.1072862
0.11014267
0.10592683
0.10701136
0.10592877
0.1032276
0.10644247
0.10474959
0.11040049
0.11041606
0.10451601
0.10520745
0.074798427
0.12359011
0.10476495
0.10677165
0.093923242
0.11771697
0.083215683
0.089166853
0.11743195
0.11878912
0.088060595
0.085119041
0.092941161
0.079000077
0.098677874
0.07509325
0.10986131
0.069973488
0.10692758
0.1103226
0.10811986
0.1063889
0.10624286
0.10596198
0.10913697
0.10159824
0.11040569
0.10843079
0.10365528
0.10731814
0.10638765
0.10437725
0.10341114
0.10338074
0.10674912
0.10372185
0.10453035
0.10486303
0.10440824
0.10428167
0.10194023
0.10877021
0.11125695
0.10660331
0.1086967
0.10377519
0.10210531
0.10530485
0.090796504
0.018679298
0.067268857
0.10938692
0.11233735
0.095052804
0.060185101
0.075632117
0.048881172
0.10869729
0.11097959
0.11528081
0.11439779
0.1030536
0.076667232
0.019832548
0.045186147
0.10917473
0.11049306
0.11192077
0.11363084
0.10446809
0.081950338
0.064959074
0.013714833
0.084272413
0.0768116
0.079948105
0.069782177
0.058313041
0.063483097
0.066319629
0.074116621
0.048691715
0.0097001874
0.060043712
0.04848773
0.060240358
0.043073262
0.0075103606
0.019794914
0.084297646
0.03345327
0.049413365
0.055274607
0.055986118
0.062445347
0.037873547
0.012442641
0.094755084
0.01977711
0.088356442
0.13338591
0.082989985
0.10131841
0.013186804
0.041060066
0.017636371
0.012883025
0.13412418
0.13344905
0.13363906
0.13344487
0.13172697
0.13230234
0.13295787
0.13511059
0.13445818
0.13570539
0.13427937
0.13376094
0.13468737
0.13538095
0.13502649
0.13377362
0.13351772
0.13257786
0.13254883
0.13165342
0.13203192
0.13296043
0.13184565
0.13184903
0.13376488
0.13462166
0.13457379
0.13093812
0.13111609
0.13049209
0.13236
0.0088362269
0.0054310363
0.0043881961
0.0058964529
-0.00025773386
0.00057815053
0.013339934
0.015108504
0.011633266
0.015868829
0.0084907658
0.00080175857
0.016153455
0.026377468
0.002580291
0.0038774492
0.011506955
0.0054051337
0.0033784405
0.061135727
0.070555009
0.073284268
0.062725271
0.0052126731
0.025226252
0.0077656842
0.004385865
0.004354481
0.01573253
0.0028539614
0.006290106
0.01822293
0.0017243184
0.0085281297
0.084473963
0.074131772
0.050699911
0.076113297
0.07145021
0.059365022
0.058471728
0.054984678
0.058051076
0.039431802
0.093307255
0.078533847
0.082999285
0.089209095
0.042764696
0.051626655
0.082878014
0.084004693
0.12598151
0.12572973
0.12753275
0.12633151
0.12437991
0.12174195
0.11287623
0.10709064
0.076824702
0.072467275
0.043735183
0.037232257
0.021588645
0.0060089944
0.059592403
0.010857194
0.043765255
0.011626839
0.050554281
0.055698686
0.036753261
0.058239973
0.021680328
0.073105274
0.011272968
0.0049840013
0.027659314
0.0056998426
0.010823853
0.0053248455
0.036142908
0.051586073
0.0062526443
0.022083126
0.051771694
0.017080974
0.010383081
0.041841634
0.032830137
0.0026551996
0.011925598
0.037367244
0.064653659
0.038113269
0.063011204
0.048386722
0.062168551
0.033163031
0.050767679
0.011578055
0.040427001
0.025324522
0.027650815
0.072895703
0.065675815
0.055389112
0.065684746
0.051088486
0.071044983
0.024491513
0.042271145
0.065595292
0.065115496
0.11347263
0.10898996
0.12188447
0.11843612
0.12505882
0.128172
0.12591647
0.12684536
0.12560359
0.12694263
0.12625951
0.12505005
0.1233793
0.12223683
0.12195472
0.11734899
0.127964
0.12825185
0.121017
0.12035723
0.11885577
0.11634512
0.11046925
0.11433035
0.12340158
0.12104309
0.1238595
0.12347975
0.11452282
0.068405305
0.12002178
0.12085713
0.11910388
0.11947527
0.12010682
0.12016689
0.1166167
0.11751261
0.11592564
0.11394977
0.11881599
0.11862865
0.11421731
0.11320774
0.10412172
0.11005778
0.10593595
0.10751362
0.10650587
0.10488953
0.10736585
0.10632785
0.11459178
0.10711093
0.10946678
0.10303154
0.110881
0.10848465
0.11341795
0.11118866
0.10566
0.1048997
0.10546426
0.10343651
0.10149968
0.10303444
0.1024829
0.11300893
0.10346148
0.10545141
0.10412458
0.10413481
0.10190649
0.10187726
0.10424755
0.11165487
0.11022842
0.10835593
0.10399591
0.10441111
0.10142273
0.10188019
0.10137909
0.10218758
0.10266244
0.11358141
0.11496586
0.10584096
0.10416228
0.10008077
0.10074012
0.10214658
0.10236395
0.11077359
0.11614113
0.10626144
0.10522291
0.10813948
0.10618252
0.10973494
0.10029232
0.10469963
0.10286938
0.11280516
0.10346041
0.10752622
0.1000437
0.10762776
0.10664658
0.11283369
0.1019736
0.10002757
0.10129177
0.10928636
0.10743739
0.10314743
0.10230507
0.110005
0.11149646
0.11451212
0.11478158
0.11249136
0.11371424
0.11495472
0.11746768
0.11410241
0.11422747
0.11384019
0.123786
0.11323823
0.11142296
0.11511802
0.11397447
0.097318728
0.11384256
0.10989357
0.087910345
0.10867415
0.11064742
0.10547846
0.11181154
0.10344116
0.03061346
0.1013784
0.11002974
0.085453273
0.10973464
0.1023701
0.1059413
0.10823987
0.10852557
0.11223787
0.11256083
0.018801212
0.090522632
0.041024708
0.10019914
0.019430156
0.031346686
0.010130646
0.042097122
0.039566046
0.045351599
0.029707982
0.13210497
0.13118495
0.020059948
0.011289226
0.0098987327
0.0070877646
0.0061200923
4.6282534e-06
0.0012369727
0.00019334051
0.005506705
0.0021821356
0.0012687333
0.0015156498
-0.00020220819
2.5798619e-05
0.00023748777
0.00044890488
0.00089506789
-0.00016229946
0.0009576005
0.0061969492
0.0041516459
0.0021231159
-2.5659704e-05
5.9567557e-05
-0.00011670732
0.0046992582
0.00458509
0.00071123348
-4.5550554e-05
-6.2355953e-05
0.0069782245
0.0051109589
-0.00014692547
-0.00017386839
0.050499294
0.028841098
0.068997793
0.048088044
0.017889858
0.0095304974
0.037211836
0.015611644
0.0089780218
0.070358598
0.057450364
0.068221422
0.064705931
0.045319267
0.045426234
0.045153346
0.035423306
0.0057133201
0.054027644
0.11462089
0.1166168
0.12259538
0.11334476
0.11853499
0.045300336
0.12408945
0.10324026
0.11392824
0.10756561
0.093359657
0.10556635
0.10941871
0.11708971
0.12273604
0.12421626
0.12125049
0.12163146
0.12463752
0.12626847
0.12275248
0.12213806
0.12532113
0.12434861
0.12336302
0.12591023
0.1255367
0.12525832
0.12140996
0.12090549
0.1175822
0.11904799
0.119951
0.12265488
0.12251896
0.12332211
0.12218622
0.12559879
0.12561568
0.12114383
0.12727303
0.12245814
0.11599045
0.11617556
0.10282426
0.1162756
0.10814778
0.10622256
0.076387008
0.088454288
0.10878877
0.11426008
0.10585866
0.09626805
0.10890201
0.097914212
0.078034099
0.084332577
0.09066934
0.093977666
0.048417991
0.085922167
0.081886318
0.099729024
0.099598265
0.09667367
0.075717131
0.090701721
0.083083086
0.092762271
0.061510449
0.059648325
0.08309937
0.076173254
0.084538569
0.06880199
0.059021925
0.071867387
0.087439006
0.094228143
0.094492349
0.10721702
0.028784764
0.054926379
0.088251931
0.10508958
0.059051337
0.0086033571
0.038749239
0.049479215
0.072712188
0.066721034
0.031196041
0.015465075
0.08206575
0.073103404
0.080349067
0.066532954
0.055505458
0.074199518
0.1220273
0.12240631
0.11528968
0.11435615
0.1155354
0.11340197
0.1133982
0.11916843
0.099069283
0.11567315
0.11177792
0.11313605
0.10510402
0.10523891
0.10151258
0.037843026
0.10332154
0.10275515
0.10003837
0.10003104
0.10075862
0.10068718
0.1015515
0.11219502
0.11453467
0.11538699
0.11720539
0.11387663
0.11640221
0.11857786
0.11740587
0.11356176
0.11554079
0.11165032
0.11306795
0.11063166
0.11203414
0.10966822
0.11230815
0.10920338
0.10170492
0.055176026
0.10264186
0.069040082
0.092068909
0.1051265
0.055580504
0.11102347
0.11319582
0.10897069
0.10897983
0.046680688
0.10913901
0.095588914
0.11153151
0.11088399
0.069826869
0.10937365
0.10577101
0.096492872
0.097457991
0.094114228
0.052644089
0.10023658
0.013467284
0.018431178
0.05024823
0.084593996
0.1091246
0.10196562
0.1016827
0.11028656
0.073359391
0.10883433
0.08408213
0.11145836
0.10837238
0.06867129
0.081523769
0.074581688
0.031856965
0.10912391
0.11587134
0.10364559
0.10346666
0.1032753
0.090969842
0.06489429
0.033410766
0.0019118505
0.0040853988
0.00040198084
0.00052396189
0.042499679
0.00047575899
0.026438326
0.064031925
0.05575497
0.067761058
0.064493535
0.059745226
0.03951783
0.059499941
0.060043667
0.066713959
0.047156932
0.052197298
0.033644377
0.056742237
0.06816054
0.0041457523
0.017845207
0.02586384
0.033820523
0.026123958
0.032485677
0.00608136
0.013829289
0.031206733
0.051783049
0.019863088
0.0077237105
0.026999016
0.020180688
0.039316552
0.073708317
0.020958116
0.02036716
0.026183427
0.012608081
0.052094542
0.003482765
0.010063952
0.021533252
0.010974602
0.024312697
0.091585382
0.061168943
0.10551074
0.10095358
0.11757861
0.085867903
0.075830159
0.012574302
0.1245091
0.12139873
0.12169941
0.12022299
0.12001704
0.1184611
0.11825978
0.11812103
0.11693262
0.11232506
0.12069204
0.12053924
0.11719187
0.11940098
0.11545093
0.11534842
0.11975827
0.12251668
0.11842402
0.11968025
0.12061302
0.12255112
0.12122422
0.12098961
0.12011998
0.12135191
0.11897446
0.1212093
0.12172226
0.12215453
0.12037672
0.11945998
0.11974114
0.12314269
0.12123954
0.12168279
0.11802889
0.12025788
0.12135599
0.11936699
0.11785518
0.11957625
0.11874948
0.11524436
0.1059129
0.11101167
0.11780642
0.11727863
0.11626611
0.1170067
0.11406767
0.11864355
0.11580279
0.11337775
0.1199031
0.11598169
0.1154347
0.10994104
0.11762223
0.11793034
0.11204311
0.10422682
0.11220717
0.12462228
0.1107804
0.10238219
0.11773034
0.12112875
0.090003951
0.1101096
0.11200473
0.10802297
0.10828419
0.074186837
0.11897299
0.12016349
0.068611789
0.091935536
0.083390052
0.10379947
0.11110301
0.10371538
0.10706419
0.11853882
0.097586184
0.11169457
0.11782885
0.11813032
0.10992553
0.092686946
0.091683509
0.11732749
0.086570721
0.11661357
0.11983811
0.12087275
0.11907906
0.082515921
0.10504869
0.11003038
0.094311465
0.11374277
0.11937212
0.1192951
0.10558663
0.11721897
0.11668443
0.07530109
0.11588801
0.075274655
0.11794111
0.1004971
0.11463446
0.10087023
0.10868272
0.096453378
0.1182971
0.091125299
0.11607166
0.11965414
0.042960987
0.11222373
0.043445973
0.09440633
0.11989106
0.11837789
0.11757526
0.10675561
0.11065598
0.10179091
0.10909673
0.10445788
0.093715791
0.10418257
0.11545085
0.10897885
0.10343802
0.0098565854
0.021066461
0.064634884
0.11425874
0.089566768
0.088550729
0.091143228
0.11690601
0.11674764
0.11153319
0.11654282
0.11707926
0.022955696
0.11453233
0.10192511
0.10972025
0.11680461
0.11131474
0.097067093
0.096356147
0.080643708
0.049560704
0.082173094
0.094809959
0.10367114
0.11794754
0.11515383
0.11870316
0.11771795
0.11751661
0.11815536
0.11642489
0.11322415
0.057714284
0.03477495
0.094462293
0.035039457
0.016174898
0.075332481
0.089888669
0.080243498
0.079617884
0.062897924
0.11718452
0.057618143
0.11744993
0.11548902
0.074643424
0.080747153
0.083628119
0.060803529
0.090698288
0.038526876
0.076001267
0.063710293
0.067580633
0.058688091
0.013650442
0.060950536
0.054546838
0.06533194
0.02893771
0.067871962
0.08404478
0.096192672
0.093030223
0.029439987
0.045856655
0.10415219
0.11020129
0.11260788
0.11545585
0.11555229
0.081329658
0.053167687
0.078160727
0.059885133
0.047815819
0.11689771
0.11417663
0.11299286
0.093094652
0.11430137
0.11314696
0.11304378
0.1115375
0.10794427
0.11224457
0.11441714
0.11545582
0.11282962
0.10727485
0.11055459
0.10940116
0.022158364
0.040934183
0.090569606
0.090609399
0.087158956
0.049810314
0.046777386
0.014752723
0.019502012
0.041412891
0.10917112
0.10010333
0.10907826
0.10696591
0.05844545
0.037814307
0.069030354
0.01399367
0.019980083
0.01254037
0.064879769
0.03998161
0.11006521
0.10862798
0.11215555
0.11100384
0.1069785
0.10906528
0.10426875
0.10572593
0.10693924
0.0067454176
0.04389934
0.050244736
0.020464819
0.10593644
0.11518275
0.10554548
0.10092565
0.03905746
0.11037158
0.025236846
0.10582598
0.024708703
0.11195504
0.042105755
0.1042479
0.10497451
0.0067076921
0.074563243
0.10331696
0.10516666
0.10937903
0.11060784
0.11710366
0.11358557
0.10913855
0.064274377
0.1144733
0.10750405
0.1118417
0.11030623
0.10765614
0.10427095
0.10778051
0.10663264
0.039637888
0.074955489
0.055639223
0.028751816
0.0069447277
0.048996854
0.060586148
0.052875301
0.067251327
0.083914402
0.062004137
0.08592964
0.11252084
0.11558005
0.10560624
0.10648104
0.10407052
0.10134929
0.11325264
0.1076972
0.10716534
0.10835708
0.10478663
0.10392666
0.10301296
0.10617822
0.045060854
0.070607685
0.10920101
0.11493679
0.082571072
0.069089394
0.10487912
0.084334146
0.10684813
0.1111583
0.11179536
0.11174385
0.10558077
0.10341579
0.11393651
0.11592487
0.11237017
0.11530147
0.10432721
0.086210799
0.1122633
0.11407825
0.10584675
0.10907935
0.11267657
0.11472006
0.11390805
0.11009349
0.10312601
0.10041855
0.10337842
0.10211252
0.10622324
0.10280102
0.10404187
0.10021165
0.10175676
0.10018352
0.10018353
0.10009677
0.1011976
0.10360623
0.10152047
0.10123483
0.099974736
0.10105393
0.10006021
0.10029765
0.10408643
0.10010076
0.10226826
0.10123682
0.10148955
0.10340499
0.10164393
0.10405934
0.11147118
0.10321292
0.10472311
0.11285628
0.11071487
0.10971277
0.10817081
0.1048494
0.10239245
0.11102203
0.10699632
0.11355227
0.1126529
0.047041207
0.11327147
0.11336773
0.1098635
0.11076605
0.11468298
0.10241834
0.10930032
0.093612262
0.10208892
0.11463643
0.11369478
0.075686359
0.085172759
0.10400833
0.11134876
0.098292188
0.10135152
0.11531849
0.11493561
0.10766453
0.11062302
0.1249146
0.12395185
0.11738297
0.12256951
0.12960413
0.13032153
0.12973807
0.12777278
0.12648766
0.12924513
0.11842876
0.11221629
0.11184567
0.10606042
0.07146432
0.056916128
0.043516383
0.040942311
0.10487412
0.099580906
0.0093644847
0.050660639
0.0082822747
0.031196061
0.014676319
0.015406138
0.035430031
0.038758937
0.037932444
0.029549912
0.094542595
0.084576401
0.051502722
0.029686111
0.083701381
0.069725144
0.065846551
0.048115331
0.052521314
0.064293147
0.035709823
0.042372747
0.034195646
0.045299949
0.026088445
0.015129222
0.013371202
0.0074106715
0.01504252
0.0085743129
0.015018553
0.0084950892
0.026619339
0.005685576
0.11301507
0.11301954
0.11638558
0.11635461
0.10124652
0.10226038
0.10257478
0.10136835
0.10015215
0.10007235
0.10050559
0.10082482
0.10039747
0.10063044
0.10113438
0.10116973
0.10027566
0.068004746
0.079875049
0.10051782
0.10670471
0.10111471
0.10869762
0.10177387
0.10515139
0.10288327
0.10527251
0.093956333
0.10199606
0.043675419
0.10958366
0.085403248
0.10101
0.046928214
0.067038538
0.028432782
0.008009748
0.025819126
0.032674106
0.06231286
0.11040471
0.11234534
0.032539381
0.024235837
0.050159302
0.030268715
0.041874614
0.050775712
0.042389498
0.047301008
0.060445891
0.051730557
0.070908238
0.060826778
0.052625567
0.065503064
0.056275317
0.042781442
0.019472867
0.0086220561
0.011349938
0.023834039
0.038461318
0.02354944
0.042364644
0.12474339
0.12525708
0.12234492
0.12286082
0.12499244
0.12663002
0.12340758
0.12341993
0.12360955
0.11671671
0.12280737
0.12164498
0.1213514
0.12312972
0.12023548
0.119726
0.12375201
0.12317648
0.1178172
0.1180033
0.11393565
0.12294277
0.12077663
0.12056499
0.11637933
0.11365281
0.11453559
0.11445859
0.11222716
0.11499009
0.088614303
0.0794505
0.10690878
0.11401891
0.092237542
0.11074406
0.040822106
0.01841126
0.033586998
0.014483465
0.0077779129
0.0081113677
0.10235955
0.1015176
0.091688171
0.076941424
0.10735674
0.022038072
0.10842249
0.11094854
0.11075658
0.10936697
0.11017171
0.10413054
0.10537349
0.10014884
0.10361991
0.10535099
0.10528756
0.10757059
0.10556635
0.0743499
0.026761467
0.097744414
0.10322919
0.10226488
0.10070973
0.10084486
0.10001941
0.10083846
0.10172837
0.10248716
0.10063453
0.10013055
0.10627706
0.10022943
0.041189502
0.10945495
0.10261222
0.10711603
0.10777934
0.1035576
0.11303772
0.11149869
0.036785737
0.016361229
0.049514702
0.1116297
0.11468264
0.11438043
0.11557652
0.11547718
0.1164067
0.11782188
0.11702922
0.11832566
0.11511884
0.10219567
0.10165861
0.10096974
0.10045901
0.10098686
0.1001648
0.10002338
0.10025154
0.10026835
0.1010295
0.10079134
0.10117277
0.10041599
0.10022441
0.10184535
0.1000965
0.07317894
0.10740385
0.10421161
0.10432215
0.10484964
0.10014594
0.10064412
0.10091662
0.05855512
0.10043106
0.10167632
0.079048458
0.044644241
0.058135551
0.026615678
0.042609695
0.038855329
0.028993447
0.12450534
0.12363479
0.12255839
0.12037107
0.081881645
0.013356043
0.060958726
0.022680982
0.10182062
0.062092316
0.052019458
0.020272218
0.0082079809
0.043514845
0.02053426
0.098796481
0.10921438
0.053318553
0.094369742
0.11157994
0.11666723
0.10325222
0.10294104
0.10263045
0.10283588
0.10244956
0.10308886
0.10241209
0.10152367
0.10190084
0.10124108
0.10190222
0.10184364
0.10094435
0.10149541
0.10083697
0.10299024
0.10236466
0.10177918
0.10016361
0.10085323
0.10125886
0.10056673
0.10052675
0.10038516
0.10038201
0.10035984
0.10074004
0.10009379
0.10256053
0.10221749
0.10165703
0.10130852
0.1023706
0.10145488
0.10075763
0.10072137
0.11125594
0.10196347
0.10729236
0.026893662
0.10769106
0.11716983
0.11696623
0.10383043
0.10359767
0.10377674
0.10274104
0.10455034
0.10353038
0.10206693
0.10286233
0.10060144
0.10005718
0.10010439
0.1000617
0.10043398
0.10053951
0.10012739
0.1002601
0.1075473
0.10257042
0.10033082
0.10044877
0.10192096
0.10016818
0.10038443
0.10122613
0.10005487
0.10092051
0.1020031
0.10005747
0.10228587
0.040023007
0.025330348
0.046685342
0.064369234
0.099534679
0.059373374
0.085792908
0.080602733
0.06167277
0.079734734
0.0884912
0.074744871
0.10130232
0.10664917
0.078122057
0.063695175
0.087635952
0.083967717
0.076981066
0.068609082
0.043419299
0.041097136
0.060607343
0.075896598
0.069141833
0.067997112
0.077590827
0.026955601
0.054300962
0.040132987
0.062127772
0.034509953
0.084327862
0.03406019
0.011825918
0.0071794734
0.062415759
0.016004214
0.045126146
0.053023678
0.05231608
0.0665428
0.0079320835
0.058269941
0.044140258
0.028766075
0.02973214
0.011432199
0.012459259
0.040516704
0.045040475
0.024947341
0.02526345
0.023963522
0.044951698
0.060706491
0.044718734
0.023442788
0.010637116
0.035748364
0.027648763
0.030404985
0.0063689269
0.0050981678
0.094736801
0.083329808
0.10016836
0.088365356
0.070271214
0.078103181
0.02992793
0.068842883
0.068695743
0.071113048
0.069250108
0.043207912
0.061680262
0.034218375
0.04761364
0.061485558
0.084031619
0.08450105
0.07564843
0.059476921
0.077324661
0.048871383
0.044649539
0.017413275
0.028491842
0.057032081
0.043513964
0.076709722
0.09190945
0.090171196
0.10176084
0.054431879
0.070108774
0.041584635
0.017429301
0.10127732
0.10395187
0.1153174
0.10360026
0.12023304
0.11857663
0.12015179
0.11209351
0.10932269
0.11592519
0.10373348
0.0991652
0.10219111
0.10737378
0.11668462
0.11244659
0.12098152
0.11756848
0.10376403
0.1036339
0.10137434
0.10109651
0.1017067
0.10009984
0.10091148
0.10193723
0.057178826
0.09665044
0.078960379
0.054722435
0.10023276
0.049418465
0.078890486
0.04832091
0.10179828
0.098830749
0.026694306
0.0069080181
0.013055716
0.099054492
0.014765544
0.092053655
0.092152289
0.079666946
0.014668103
0.0079834042
0.031600657
0.014766847
0.028445585
0.053058533
0.043027631
0.036955987
0.040904523
0.050041243
0.023957223
0.0040568716
0.016792387
0.007355418
0.027508399
0.11853625
0.11861871
0.11114928
0.11710633
0.10232056
0.11091707
0.10728054
0.10993251
0.10716493
0.1000744
0.10007094
0.1020014
0.11161144
0.1988039
0.19600413
0.17715463
0.17403082
0.09316878
0.077261912
0.21000951
0.20621488
0.17331395
0.17307074
0.0800764
0.054284303
0.11556053
0.12045743
0.10675956
0.11713998
0.060045049
0.04284293
0.17438187
0.17464486
0.078786882
0.095744925
0.090452105
0.08903836
0.16641555
0.16281516
0.047691365
0.055602483
0.14078255
0.14561046
0.099745648
0.10825703
0.11292987
0.097811086
0.084870604
0.079326049
0.11463996
0.094814969
0.066713669
0.078230782
0.16920936
0.16283685
0.17004744
0.16453511
0.13388974
0.14553218
0.20784687
0.20450042
0.20205959
0.19594918
0.14240344
0.12433055
0.14610067
0.14759392
0.012131498
0.010757717
0.033911556
0.045784836
0.12519487
0.11852757
0.13965136
0.14093607
0.092444322
0.091342326
0.1313659
0.13392488
0.14355409
0.14056582
-0.01250688
0.012739457
-0.012518588
0.093437867
0.083543084
0.095703796
0.093199837
0.13207253
0.13217638
0.0095830446
0.016397424
0.011524175
0.019403096
0.0092080437
0.010700599
0.0011582722
0.0092887009
0.13921998
0.13866496
0.13834233
0.13799536
0.13759856
0.13768485
0.13747274
0.13832964
0.11851929
0.11729215
0.11010369
0.10764052
0.10946961
0.11209567
0.050748453
0.0018094781
0.069198338
0.10591936
0.10999257
0.098707929
0.10251952
0.11458523
0.11749955
0.11308161
0.11456921
0.11523445
0.11639268
0.11626179
0.11679558
0.11593838
0.11553379
0.11506894
0.11568988
0.11641435
0.11444873
0.11469998
0.11610219
0.10963735
0.11206731
0.12576084
0.12695041
0.1004747
0.10026429
0.10081007
0.10041677
0.10030554
0.10011051
0.10054849
0.10011662
0.10019201
0.10016205
0.10005487
0.10003012
0.1093916
0.094044552
0.10387561
0.10392327
0.078036864
0.081959833
0.098409128
0.11107081
0.080073978
0.035352039
0.10504656
0.11407481
0.10549028
0.11787536
0.12122013
VECTORS U float
0.15256789 0.079742213 0.0
0.093387684 -0.00033257801 0.0
0.021000191 -0.0007586583 0.0
0.15521312 0.077412266 0.0
0.19998405 0.022126717 0.0
0.19193101 0.054226454 0.0
0.19418454 -0.019022165 0.0
0.099654271 -0.0077953838 0.0
0.16155824 0.053927103 0.0
0.15494071 0.0065291927 0.0
0.15605304 0.038026989 0.0
0.20719092 0.027578266 0.0
0.019568367 5.5669621e-05 0.0
0.14057917 0.01614938 0.0
0.15818853 0.02682484 0.0
0.058767571 0.0057837396 0.0
0.035963085 -0.00044005594 0.0
0.042781516 0.00063777658 0.0
0.084896679 0.0025074174 0.0
0.17822133 -0.012777456 0.0
0.029397019 0.00022978298 0.0
0.18466735 0.013583119 0.0
0.098467238 0.0066876233 0.0
0.029270036 0.00022863837 0.0
0.16913428 0.0064781495 0.0
0.13466801 0.0024923122 0.0
0.2060979 -0.01736209 0.0
0.091776921 -0.0087598558 0.0
0.1252455 0.0097658201 0.0
0.084331609 0.0083055693 0.0
0.08151996 0.00646573 0.0
0.038824153 0.00019997928 0.0
0.046683829 0.0032729644 0.0
0.057125754 0.00020732496 0.0
0.07296738 0.0064770217 0.0
0.077787616 -0.0028339484 0.0
0.13402717 -1.973461e-05 0.0
0.1448401 -0.0010135235 0.0
0.17306771 0.0094553362 0.0
0.031215457 -0.0046349845 0.0
0.081340249 -0.0061776523 0.0
0.15123659 0.010121331 0.0
0.17876861 0.034252528 0.0
0.11511246 0.015489043 0.0
0.10999686 0.014385872 0.0
0.16272374 0.035524511 0.0
0.17849648 0.051484444 0.0
0.11372177 0.023279551 0.0
0.1769352 0.005167851 0.0
0.21011117 0.019108653 0.0
0.15111313 0.0082854597 0.0
0.15604422 0.017190413 0.0
0.18275041 0.026688572 0.0
0.13930287 0.019211883 0.0
0.1882896 0.054682331 0.0
0.18082073 0.046264723 0.0
0.17193797 0.028658268 0.0
0.17584078 0.039612439 0.0
0.17177712 0.023691133 0.0
0.19039917 0.034906496 0.0
0.19057648 0.04446816 0.0
0.12560304 0.035963397 0.0
0.19738338 0.044799676 0.0
0.18016312 0.063191996 0.0
0.18835133 0.037384867 0.0
0.18061844 0.06255537 0.0
0.20344784 0.033042858 0.0
0.19542162 0.048893635 0.0
0.18882274 0.056771045 0.0
0.17066977 0.069994678 0.0
0.18800247 0.047544393 0.0
0.19669455 0.049666412 0.0
0.18146686 0.058242441 0.0
0.19271494 0.032553482 0.0
0.19797945 0.046828542 0.0
0.19821812 0.031493582 0.0
0.20067759 0.0420167 0.0
0.20119685 0.040579464 0.0
0.19514563 0.038972541 0.0
0.18088589 0.045529209 0.0
0.19139083 0.052349417 0.0
0.19481156 0.044858303 0.0
0.18863936 0.03683875 0.0
0.1821904 0.039838255 0.0
0.18398941 0.058977226 0.0
0.16855679 0.065869618 0.0
0.20256137 0.038693207 0.0
0.20059238 0.031017853 0.0
0.18806627 0.04575951 0.0
0.19489662 0.027347199 0.0
0.19986526 0.039176809 0.0
0.20451334 0.035876423 0.0
0.2025532 0.039106757 0.0
0.19257938 0.035368223 0.0
0.19631084 0.026958893 0.0
0.20543628 0.035407603 0.0
0.20537074 0.033214753 0.0
0.20003066 0.037885135 0.0
0.19061696 0.037007304 0.0
0.1916175 0.040981347 0.0
0.20996234 0.023058806 0.0
0.20518257 0.029376803 0.0
0.20659077 0.032623584 0.0
0.20157081 0.034762344 0.0
0.054617862 0.0018478856 0.0
0.19474456 0.031132899 0.0
0.18341625 0.025374977 0.0
0.21131217 0.022522933 0.0
0.20810937 0.029086165 0.0
0.20446397 0.030007171 0.0
0.20614732 0.023393335 0.0
0.20819944 0.025473934 0.0
0.20293261 0.023106901 0.0
0.14621546 0.031914835 0.0
0.20333045 0.028325372 0.0
0.19980532 0.027001558 0.0
0.19842459 0.033441015 0.0
0.19110472 0.047116587 0.0
0.1791063 0.020716489 0.0
0.18443904 0.014104145 0.0
0.20569801 0.022868133 0.0
0.20829998 0.029262689 0.0
0.15009049 0.038789763 0.0
0.19540647 0.036033122 0.0
0.15966799 0.014216002 0.0
0.14783284 0.001526923 0.0
0.19723764 0.012516665 0.0
0.1928776 0.016063408 0.0
0.15176771 0.022202494 0.0
0.14118519 0.039457171 0.0
0.20503804 0.023896199 0.0
0.1969055 0.039669537 0.0
0.096826641 0.0051479038 0.0
0.15668351 0.02079254 0.0
0.20018442 0.029647539 0.0
0.17376152 0.038085451 0.0
0.13710355 0.013092252 0.0
0.19756818 0.02623163 0.0
0.20077 0.021721982 0.0
0.15321542 0.042102679 0.0
0.18349145 0.051729971 0.0
0.18472129 0.040406712 0.0
0.18451563 0.033997571 0.0
0.17595629 0.043017343 0.0
0.14024234 0.013747066 0.0
0.1872703 0.023112624 0.0
0.18838199 0.043594469 0.0
0.180938 0.048107711 0.0
0.15182028 0.046236922 0.0
0.19005821 0.030730853 0.0
0.15032676 0.049119213 0.0
0.15620689 0.025191082 0.0
0.11363739 0.0079099445 0.0
0.14608867 0.016747977 0.0
0.12404921 0.0038315851 0.0
0.17809854 0.041226298 0.0
0.12842825 0.060206438 0.0
0.15216825 0.050766156 0.0
0.19754516 0.022314691 0.0
0.13448342 0.011802038 0.0
0.14005274 0.013203805 0.0
0.18309316 0.031984206 0.0
0.13630981 0.012280685 0.0
0.11529962 0.051632656 0.0
0.14167773 0.04707881 0.0
0.14649973 0.034700475 0.0
0.17077032 0.040811618 0.0
0.15935445 0.045663579 0.0
0.18837449 0.031342688 0.0
0.18791374 0.050679405 0.0
0.13642732 0.012662108 0.0
0.14995129 0.019006942 0.0
0.16559607 0.048581591 0.0
0.15554499 0.03497814 0.0
0.1441113 0.049609563 0.0
0.16697859 0.039248696 0.0
0.16898814 0.047367663 0.0
0.15754998 0.025327403 0.0
0.1511567 0.033295828 0.0
0.15587726 0.038866674 0.0
0.16843915 0.040265859 0.0
0.14884825 0.055511031 0.0
0.16715797 0.037503021 0.0
0.15613585 0.04145941 0.0
0.16675022 0.056996691 0.0
0.15834822 0.024301129 0.0
0.14946906 0.029002633 0.0
0.14469219 0.037713885 0.0
0.13978607 0.013540936 0.0
0.16676882 0.033140624 0.0
0.16035117 0.040344621 0.0
0.16840838 0.045245805 0.0
0.17387551 0.047623996 0.0
0.14938726 0.032066704 0.0
0.15387082 0.021120741 0.0
0.14097978 0.014155645 0.0
0.15335487 0.056766352 0.0
0.14692147 0.016711485 0.0
0.11973257 0.060212202 0.0
0.10347134 0.043592717 0.0
0.10533961 0.05552009 0.0
0.1713518 0.069237247 0.0
0.12732023 0.071547475 0.0
0.17168357 0.043193357 0.0
0.15544104 0.03189326 0.0
0.14093356 0.01422564 0.0
0.15908659 0.034274988 0.0
0.15600172 0.032650175 0.0
0.1581883 0.053070905 0.0
0.13969897 0.05345074 0.0
0.1287814 0.055174594 0.0
0.14522778 0.03285012 0.0
0.13536729 0.053046847 0.0
0.16049486 0.038170586 0.0
0.16255549 0.029116103 0.0
0.12639489 0.029639497 0.0
0.063418897 0.074222077 0.0
0.15072826 0.019301944 0.0
0.15020899 0.018454634 0.0
0.17237089 0.038634577 0.0
0.13700275 0.038318634 0.0
0.14700056 0.044108263 0.0
0.13968743 0.031973383 0.0
0.15728872 0.041965614 0.0
0.17820328 0.062429652 0.0
0.13475253 0.031735662 0.0
0.13108738 0.022278623 0.0
0.13396113 0.050049655 0.0
0.12409518 0.051993382 0.0
0.1416094 0.041003681 0.0
0.13771207 0.026840384 0.0
0.15647922 0.044950088 0.0
0.14208827 0.014950691 0.0
0.12713719 0.049160178 0.0
0.16649221 0.043510922 0.0
0.16247423 0.041285924 0.0
0.16507849 0.051634214 0.0
0.15013163 0.044629308 0.0
0.1299562 0.040254471 0.0
0.15231111 0.021147198 0.0
0.15077011 0.040060165 0.0
0.15570002 0.022528567 0.0
0.13818593 0.046647271 0.0
0.16249505 0.026644902 0.0
0.16925149 0.063093473 0.0
0.13947927 0.012864654 0.0
0.13715979 0.028543698 0.0
0.14627838 0.016398855 0.0
0.15190923 0.020286345 0.0
0.083517888 0.079852484 0.0
0.15079853 0.026592214 0.0
0.1402549 0.029045789 0.0
0.15654314 0.026740679 0.0
0.090557028 0.080266344 0.0
0.15357821 0.021383458 0.0
0.16972812 0.030199892 0.0
0.15348368 0.06145665 0.0
0.14397556 0.03613237 0.0
0.14224346 0.056132408 0.0
0.15122763 0.019747562 0.0
0.12673799 0.046466762 0.0
0.15116486 0.018933754 0.0
0.15291264 0.021845043 0.0
0.098860733 0.08668119 0.0
0.14507885 0.028073223 0.0
0.14030782 0.065125345 0.0
0.1373451 0.042630462 0.0
0.06974736 0.088962583 0.0
0.17185318 0.030961232 0.0
0.1615254 0.024886863 0.0
0.1522702 0.020218312 0.0
0.16035181 0.034405325 0.0
0.16006946 0.030248748 0.0
0.13599778 0.012279948 0.0
0.099872132 0.0060790388 0.0
0.13203114 0.011057024 0.0
0.15289356 0.030593096 0.0
0.13981765 0.015667499 0.0
0.15286425 0.021002852 0.0
0.14532918 0.016235789 0.0
0.15732249 0.035824708 0.0
0.1501242 0.018973544 0.0
0.14189231 0.027667811 0.0
0.11145632 0.013667364 0.0
0.14442481 0.015281954 0.0
0.12851579 0.036096486 0.0
0.13026033 0.027213491 0.0
0.11598915 0.018524638 0.0
0.15486316 0.023737701 0.0
0.13292505 0.012542122 0.0
0.15207416 0.037952224 0.0
0.16274593 0.043688007 0.0
0.13689481 0.061241014 0.0
0.15169194 0.036270516 0.0
0.16205682 0.037042724 0.0
0.15489831 0.022296952 0.0
0.15766444 0.023194811 0.0
0.14628821 0.041846251 0.0
0.15608198 0.050690585 0.0
0.16587874 0.03638982 0.0
0.12558493 0.010149018 0.0
0.14105175 0.011966757 0.0
0.16000003 0.047976047 0.0
0.1608813 0.027449071 0.0
0.15783167 0.037672047 0.0
0.1538277 0.02066261 0.0
0.14357867 0.015808474 0.0
0.12709731 0.010117345 0.0
0.15468165 0.020990933 0.0
0.14693149 0.01702807 0.0
0.024171847 0.043988698 0.0
0.15540639 0.023981495 0.0
0.14453254 0.01584918 0.0
0.13267833 0.026218473 0.0
0.15445655 0.028144511 0.0
0.15046413 0.034793398 0.0
0.10266671 0.038374577 0.0
0.1310634 0.024435016 0.0
0.03372363 0.038004065 0.0
0.13343615 0.034723185 0.0
0.14623948 0.015238393 0.0
0.11343521 0.032952337 0.0
0.084265399 0.018720718 0.0
0.087464091 0.020253319 0.0
0.018177745 0.013772858 0.0
0.12359987 0.014739245 0.0
0.11272516 0.039984846 0.0
0.10736674 0.030580642 0.0
0.13374565 0.029672622 0.0
0.12602236 0.013413352 0.0
0.13098501 0.017436762 0.0
0.076006255 0.062933722 0.0
0.13659147 0.015402416 0.0
0.048418724 0.033958503 0.0
0.13748956 0.013991022 0.0
0.13704423 0.026362635 0.0
0.11549578 0.062997926 0.0
0.13798111 0.013360054 0.0
0.12884159 0.010862666 0.0
0.11815712 0.0078759913 0.0
0.14555134 0.016155625 0.0
0.12210762 0.0087386033 0.0
0.1433578 0.01447873 0.0
0.14975236 0.018496565 0.0
0.15035419 0.030711763 0.0
0.15420937 0.024714886 0.0
0.15229503 0.025883079 0.0
0.10216085 0.018173848 0.0
0.12351087 0.012426224 0.0
0.099602637 0.0059095798 0.0
0.12938452 0.010802826 0.0
0.12179185 0.0088026221 0.0
0.11488514 0.0066039263 0.0
0.13173781 0.011202438 0.0
0.13183382 0.010838281 0.0
0.15389992 0.03227821 0.0
0.15100105 0.027857137 0.0
0.15600332 0.029343529 0.0
0.15291236 0.0288902 0.0
0.14780793 0.016764687 0.0
0.11995175 0.027988333 0.0
0.15739 0.029319742 0.0
0.15475559 0.026711122 0.0
0.084532799 0.0043313625 0.0
0.14076687 0.011184646 0.0
0.13299572 0.011815262 0.0
0.12449312 0.0098499954 0.0
0.11673715 0.0078153319 0.0
0.12913671 0.010091763 0.0
0.10016483 0.0048004703 0.0
0.14240541 0.0121419 0.0
0.11941434 0.0081873818 0.0
0.086592119 0.004327385 0.0
0.13766452 0.013471919 0.0
0.12449921 0.0096615365 0.0
0.013468905 0.00016200304 0.0
0.13516556 0.011180052 0.0
0.13217837 0.010979378 0.0
0.14016048 0.012954648 0.0
0.11131414 0.0073489703 0.0
0.04398618 0.0021272451 0.0
0.11017461 0.0073032563 0.0
0.099699097 0.006576931 0.0
0.11727943 0.0079649038 0.0
0.078336946 0.002584226 0.0
0.12690677 0.0092680324 0.0
0.12683746 0.0088730434 0.0
0.14360406 0.013797949 0.0
0.14588385 0.01470579 0.0
0.11735123 0.0083686827 0.0
0.050606204 0.0025645865 0.0
0.12158445 0.0076714259 0.0
0.11352274 0.0080145345 0.0
0.1148915 0.007589536 0.0
0.10816762 0.0067199848 0.0
0.099391469 0.003678098 0.0
0.14293237 0.012738574 0.0
0.13879755 0.012130672 0.0
0.14430927 0.014772912 0.0
0.14203066 0.012816665 0.0
0.14324526 0.014144315 0.0
0.14614078 0.015405935 0.0
0.14429268 0.015179976 0.0
0.13151712 0.0096401682 0.0
0.14560032 0.014305077 0.0
0.14788115 0.016472233 0.0
0.14984018 0.020666776 0.0
0.13974613 0.012229191 0.0
0.14534585 0.014459019 0.0
0.13767438 0.011190532 0.0
0.13330264 0.0088129624 0.0
0.14346144 0.012780682 0.0
0.14789838 0.016797763 0.0
0.079152211 0.0038305394 0.0
0.12474702 0.0073448612 0.0
0.13396623 0.010519914 0.0
0.09662611 0.0052796328 0.0
0.01196242 0.00038668288 0.0
0.071478132 0.0023261675 0.0
0.10885436 0.0039370423 0.0
0.088677107 0.0037250731 0.0
0.12063006 0.0081675851 0.0
0.10864688 0.0060507078 0.0
0.045488786 0.00072751901 0.0
0.082575426 0.0048657261 0.0
0.13771008 0.010587365 0.0
0.127679 0.010566783 0.0
0.15342755 0.019290098 0.0
0.14981587 0.017542456 0.0
0.1048862 0.0052410964 0.0
0.10008122 0.0052806342 0.0
0.13169604 0.0066843645 0.0
0.13081495 0.0086723038 0.0
0.13669798 0.018450916 0.0
0.1688675 0.023309939 0.0
0.13619212 0.012090247 0.0
0.078134915 0.0032889692 0.0
0.13255302 0.012064559 0.0
0.064594 0.0032619667 0.0
0.14161536 0.011035653 0.0
0.14098379 0.014002247 0.0
0.11291157 0.0071459097 0.0
0.04089935 0.00046207313 0.0
0.094210418 0.0054876667 0.0
0.099188452 0.0059158934 0.0
0.15011485 0.017473321 0.0
0.076066208 0.0036701002 0.0
0.095406843 0.0049431818 0.0
0.10813831 0.0068442877 0.0
0.0097925226 7.3865405e-06 0.0
0.075426631 0.0026944386 0.0
0.067645521 0.0035671893 0.0
0.045376972 0.0015587313 0.0
0.064502795 0.0017425659 0.0
0.058563768 0.0022509964 0.0
0.13100889 0.010809594 0.0
0.12375703 0.0090836427 0.0
0.012889563 0.00013044553 0.0
0.14034302 0.010661452 0.0
0.024881629 0.00055449154 0.0
0.11474435 0.0062931869 0.0
0.13621205 0.009858189 0.0
0.14358067 0.012440326 0.0
0.063715553 0.0018440547 0.0
0.14531153 0.013621448 0.0
0.013171453 0.00010449182 0.0
0.06378482 0.0019304746 0.0
0.080307169 0.0034913221 0.0
0.051233801 0.0025263128 0.0
0.14463951 0.014619641 0.0
0.025278576 0.00036458031 0.0
0.12702368 0.0071136304 0.0
0.1386401 0.0094951419 0.0
0.12592625 0.0078787765 0.0
0.14131568 0.01080546 0.0
0.1271482 0.0061947019 0.0
0.14411411 0.012205492 0.0
0.054296437 0.001572074 0.0
0.11658728 0.0069930948 0.0
0.13116855 0.011012586 0.0
0.1371918 0.0092005535 0.0
0.13830651 0.0099718059 0.0
0.12177387 0.0053089724 0.0
0.060898713 0.00085150182 0.0
0.019783317 0.00011951672 0.0
0.012980899 0.00021762643 0.0
0.15748534 0.020434438 0.0
0.12384123 0.0090179387 0.0
0.12405656 0.0090862854 0.0
0.11340567 0.0081375575 0.0
0.12199899 0.0076290965 0.0
0.11975857 0.006460314 0.0
0.10046477 0.0043382655 0.0
0.08945679 0.0045297056 0.0
0.048804056 0.00086502383 0.0
0.039316571 -0.00051636249 0.0
0.022258007 -2.6047154e-05 0.0
0.021663754 0.00075525164 0.0
0.13629249 0.012517307 0.0
0.12752517 0.0099818195 0.0
0.14458564 0.015200426 0.0
0.14248757 0.013729967 0.0
0.15193323 0.017653699 0.0
0.18848755 0.021491055 0.0
0.14601284 0.014258107 0.0
0.13510951 0.011591903 0.0
0.17842346 0.028109692 0.0
0.10370184 0.0056032117 0.0
0.13882482 0.0102201 0.0
0.12096683 0.0088900584 0.0
0.1914016 0.0215156 0.0
0.079642662 0.0034378512 0.0
0.10229449 0.0050986494 0.0
0.098094743 0.0063814549 0.0
0.13595513 0.010818153 0.0
0.12177503 0.0067521512 0.0
0.11718057 0.0075132588 0.0
0.1085336 0.0059067363 0.0
0.10847377 0.0045691266 0.0
0.11095359 0.0044837333 0.0
0.096919144 0.0054670448 0.0
0.10741199 0.0055874099 0.0
0.060257598 0.0012782212 0.0
0.014901022 0.00025710516 0.0
0.159346 0.0071774622 0.0
0.053959423 0.0005841195 0.0
0.10926018 0.006526476 0.0
0.10503407 0.005911037 0.0
0.11925393 0.0050103628 0.0
0.12657024 0.0063966601 0.0
0.071566088 0.002528029 0.0
0.098770817 0.0053347351 0.0
0.12304617 0.0075405938 0.0
0.10136411 0.0044439661 0.0
0.11345909 0.0014358747 0.0
0.087378976 0.0029617174 0.0
0.099713044 0.0028548595 0.0
0.057666691 -0.00043577041 0.0
0.082111424 0.0019095447 0.0
0.10795342 0.0067402365 0.0
0.086572519 0.0040714085 0.0
0.082857431 0.0013155744 0.0
0.022876016 0.00068467654 0.0
0.015815811 -7.4557849e-05 0.0
0.10460452 0.0056820207 0.0
0.094247057 0.0053322406 0.0
0.10885841 0.0052799504 0.0
0.1177585 0.0050568284 0.0
0.073994132 0.0030339261 0.0
0.084771224 0.0044281945 0.0
0.057900488 0.0013715217 0.0
0.072803866 0.0037195916 0.0
0.10047978 0.0046517375 0.0
0.096302011 0.0025521018 0.0
0.090545204 0.0036571479 0.0
0.082468814 0.0015865092 0.0
0.082993929 0.0029490414 0.0
0.091633058 0.0041738322 0.0
0.077276357 0.0026001532 0.0
0.078470407 0.0038992419 0.0
0.093693031 0.0034282316 0.0
0.037381467 0.001975881 0.0
0.055101787 0.00066944841 0.0
0.091004136 0.0048671306 0.0
0.071517328 0.0026978209 0.0
0.084616421 0.0015321254 0.0
0.1001352 0.0031520796 0.0
0.064323106 0.001372149 0.0
0.14042809 0.0082552682 0.0
0.080619218 0.0030866881 0.0
0.052161537 0.002357112 0.0
0.051141111 0.0012245496 0.0
0.017838814 -0.00023292346 0.0
0.079551039 0.00029721951 0.0
0.11372271 0.0042076189 0.0
0.069550613 0.0040929338 0.0
0.059532273 0.0011893685 0.0
0.071401234 0.0042705677 0.0
0.062344267 0.002401734 0.0
0.048188133 0.00036478588 0.0
0.062146576 0.00040402304 0.0
0.038176259 0.00073709979 0.0
0.15319382 0.018427883 0.0
0.081252788 0.0018246412 0.0
0.092597392 0.0024348826 0.0
0.066677557 0.00040994421 0.0
0.13992708 0.007957381 0.0
0.07622145 0.00073050207 0.0
0.114176 0.0040626019 0.0
0.085623244 0.001891936 0.0
0.036911527 0.00083559658 0.0
0.10088485 0.0029526089 0.0
0.11216325 0.0040078474 0.0
0.10084647 0.0031768691 0.0
0.12051602 0.0051391177 0.0
0.093703707 0.0023831375 0.0
0.10404835 0.0035548978 0.0
0.11422579 0.0040814968 0.0
0.11175016 0.0037029958 0.0
0.093414775 0.0032789905 0.0
0.063777928 0.00059838289 0.0
0.058555723 0.00066097099 0.0
0.077745457 0.00112216 0.0
0.12117861 0.0048795056 0.0
0.12868229 0.00684767 0.0
0.096637631 0.0020076287 0.0
0.13640969 0.0083624265 0.0
0.086484419 0.00322077 0.0
0.052292728 0.00052578914 0.0
0.022403278 -0.00070588513 0.0
0.044220403 0.001113711 0.0
0.060672918 0.00028990002 0.0
0.12952171 0.0049232202 0.0
0.13381404 0.0086551545 0.0
0.13204308 0.0082109959 0.0
0.12647245 0.0053496427 0.0
0.12997791 0.0060631059 0.0
0.10370484 0.0030050364 0.0
0.11964429 0.0048730833 0.0
0.072458245 0.00096564356 0.0
0.012935051 -0.00061632019 0.0
0.070608203 0.0014802005 0.0
0.022882913 0.001967363 0.0
0.050682991 8.7031985e-05 0.0
0.069318201 0.000726004 0.0
0.046167799 9.7961311e-05 0.0
0.0073836438 0.00025665372 0.0
0.14290829 0.011327297 0.0
0.10897532 0.0033931167 0.0
0.12740805 0.0068960149 0.0
0.13197959 0.0085078469 0.0
0.12000385 0.0047004354 0.0
0.12805678 0.0061517207 0.0
0.13189081 0.006677232 0.0
0.13185251 0.0076401283 0.0
0.10267823 0.0024518461 0.0
0.11493317 0.0040822514 0.0
0.082075602 0.001234411 0.0
0.12523927 0.0048281155 0.0
0.087929987 0.0016025384 0.0
0.10740995 0.0034571125 0.0
0.066067879 -4.1122938e-05 0.0
0.09781306 0.0026282805 0.0
0.1203379 0.0033962085 0.0
0.11709336 0.0036188943 0.0
0.12307923 0.0039760093 0.0
0.12515067 0.0053274632 0.0
0.11841159 0.0039005444 0.0
0.1386068 0.0095205847 0.0
0.12485235 0.0051652734 0.0
0.13239834 0.0062133472 0.0
0.13406793 0.0055535779 0.0
0.14476504 0.013041174 0.0
0.13085482 0.0058080383 0.0
0.13470767 0.0071140535 0.0
0.13751413 0.0084586725 0.0
0.13347356 0.0073822576 0.0
0.11062359 0.0033378618 0.0
0.015121835 -0.00063066096 0.0
0.088261528 0.0017201828 0.0
0.12372416 0.0036303578 0.0
0.083411653 0.00052692213 0.0
0.107965 0.0025655183 0.0
0.12777196 0.0042099856 0.0
0.12855836 0.0050516568 0.0
0.11075044 0.0021125008 0.0
0.13957152 0.0086447217 0.0
0.13683177 0.0078940849 0.0
0.14044635 0.0099712731 0.0
0.13843608 0.0082002398 0.0
0.13964336 0.0093531811 0.0
0.14116861 0.0088089144 0.0
0.13412741 0.017178783 0.0
0.036708547 0.00041207609 0.0
0.083791512 0.0012558306 0.0
0.097445357 0.00061455849 0.0
0.11973869 0.0029538673 0.0
0.060133766 0.000814932 0.0
0.040565901 0.00016699905 0.0
0.091299007 0.0012622109 0.0
0.10649675 0.0016089176 0.0
0.056479451 0.00089830526 0.0
0.032188444 0.0016825378 0.0
0.008798963 0.00013077261 0.0
0.10173957 0.0023526299 0.0
0.060021004 0.0010665255 0.0
0.097082354 0.0016215663 0.0
0.079928004 0.0011561715 0.0
0.10694315 0.00029723953 0.0
0.062377209 0.00075368841 0.0
0.046416747 0.0008755514 0.0
0.041678779 -0.00099356243 0.0
0.0096530588 0.00032342964 0.0
0.070764306 0.00054655922 0.0
0.078391652 0.00054257786 0.0
0.0472401 0.001446592 0.0
0.067859143 0.0003497396 0.0
0.053144248 0.0013076529 0.0
0.084923739 0.0012947346 0.0
0.095773618 0.0021981603 0.0
0.091767211 0.0014592789 0.0
0.069996275 0.0013360597 0.0
0.097431294 0.0012957223 0.0
0.052079838 0.00061016993 0.0
0.089454901 0.0012013992 0.0
0.063313464 0.00051478073 0.0
0.074121045 0.0008358105 0.0
0.10144986 0.0010427248 0.0
0.11949482 0.002553349 0.0
0.01572756 0.00062264414 0.0
0.039149851 0.0013284122 0.0
0.034643627 -0.0022835587 0.0
0.068819548 0.0014146757 0.0
0.015858877 0.00015357321 0.0
0.056247723 -0.00054961681 0.0
0.076366611 0.001207074 0.0
0.077285475 0.0013168685 0.0
0.071002123 0.0016206944 0.0
0.089089715 0.00099108645 0.0
0.058378312 0.00062438971 0.0
0.11517996 0.0016961818 0.0
0.069091703 0.00090264943 0.0
0.033922025 0.0015342277 0.0
0.038959494 0.0011394495 0.0
0.052829025 0.00051183643 0.0
0.014853665 0.0001575154 0.0
0.0075151603 8.5061607e-05 0.0
0.039450186 0.001409606 0.0
0.08022318 0.00087353501 0.0
0.095986187 0.00072962553 0.0
0.095081963 0.0011627099 0.0
0.097556924 0.00074368565 0.0
0.0098540691 1.9420003e-05 0.0
0.05811811 0.00023980125 0.0
0.061341929 -0.0003568352 0.0
0.041965678 0.0014017107 0.0
0.083908447 0.00099232118 0.0
0.084217 0.001497433 0.0
0.032414252 0.00029050891 0.0
0.13302928 0.0021478648 0.0
0.004064192 0.00037329634 0.0
0.043565677 -0.0020588465 0.0
0.016844691 -0.0017082657 0.0
0.016839009 0.00025646663 0.0
0.052925096 0.001377739 0.0
0.025979355 -0.00050243656 0.0
0.010167365 -0.00075122412 0.0
0.010304979 0.0011488885 0.0
0.035251386 0.0031451302 0.0
0.13971984 0.06907554 0.0
0.032563191 -0.0012283847 0.0
0.12522402 0.022900086 0.0
0.16405844 0.049971852 0.0
0.17490509 0.06568166 0.0
0.18358904 0.061274758 0.0
0.21220387 0.020292556 0.0
0.20219287 0.015016304 0.0
0.1972776 0.0075262013 0.0
0.20677336 0.021759877 0.0
0.21250105 0.013966853 0.0
0.20484457 0.018267208 0.0
0.2102598 0.024626264 0.0
0.21212164 0.017093809 0.0
0.20932849 0.021068585 0.0
0.20619217 0.017198669 0.0
0.21428803 0.0077525803 0.0
0.1940531 0.023949898 0.0
0.20977294 0.024469124 0.0
0.21511439 0.0054062451 0.0
0.034380593 -8.5901109e-05 0.0
0.2097807 0.017611038 0.0
0.12565246 0.0018645911 0.0
0.20238726 0.010605927 0.0
0.1294289 -0.0052371646 0.0
0.17540923 0.0038402892 0.0
0.17657172 0.0084130132 0.0
0.17767262 0.0028821823 0.0
0.192358 0.01033365 0.0
0.20261294 0.01702477 0.0
0.1781108 0.056255392 0.0
0.17184473 0.05894019 0.0
0.19636775 0.024064206 0.0
0.19298693 0.025956628 0.0
0.18867973 0.016995914 0.0
0.18390413 0.022050466 0.0
0.20158407 0.017594704 0.0
0.19182259 0.012132943 0.0
0.19217912 0.019544504 0.0
0.18140522 0.014400648 0.0
0.19502154 0.019608227 0.0
0.18495113 0.019456953 0.0
0.20032095 0.018979829 0.0
0.1963585 0.017931333 0.0
0.15476465 0.0085074558 0.0
0.15361591 0.014888767 0.0
0.18493528 0.018241467 0.0
0.17821723 0.021629182 0.0
0.18555092 0.026169394 0.0
0.18859286 0.024709331 0.0
0.20004076 0.014165986 0.0
0.19297603 0.015240896 0.0
0.18571365 0.029074214 0.0
0.19092522 0.026000853 0.0
0.18356375 0.029700022 0.0
0.18724729 0.03409243 0.0
0.18302545 0.025082392 0.0
0.1681485 0.030655328 0.0
0.17977217 0.027227863 0.0
0.18077043 0.031959052 0.0
0.15895715 0.012486889 0.0
0.14231509 0.013726981 0.0
0.1771412 0.032050643 0.0
0.17965248 0.035881729 0.0
0.21032776 0.014761097 0.0
0.14196818 0.0040881189 0.0
0.20154447 0.013319472 0.0
0.1590463 0.0062768502 0.0
0.20501681 -0.0060348595 0.0
0.19510283 0.0034961346 0.0
0.19448509 0.013232944 0.0
0.18334205 0.012160382 0.0
0.15038615 0.0040609544 0.0
0.16381087 0.0041940163 0.0
0.096881693 0.00053824765 0.0
0.18593913 0.011384857 0.0
0.18325389 0.009734337 0.0
0.1741421 0.010754214 0.0
0.21125618 0.013360312 0.0
0.12454133 0.0014796159 0.0
0.13944578 0.0029866075 0.0
0.16421305 0.0039912822 0.0
0.10763541 0.0017722991 0.0
0.20521499 0.0066485752 0.0
0.20009503 0.011236353 0.0
0.070432662 0.0010269038 0.0
0.17555092 0.0070846934 0.0
0.14291958 0.0064291387 0.0
0.11463905 0.0030446863 0.0
0.19739025 0.0010748342 0.0
0.12902979 0.0027852217 0.0
0.17141032 0.0084123049 0.0
0.11466238 0.00052259935 0.0
0.12933717 0.0050528253 0.0
0.20650028 0.013603539 0.0
0.17420445 0.0075928474 0.0
0.18695563 0.0052863433 0.0
0.044400996 0.0013750384 0.0
0.13496021 0.0018829778 0.0
0.014896131 8.2676846e-05 0.0
0.16200988 0.0055897341 0.0
0.14555089 0.0045628696 0.0
0.10283989 0.0011028771 0.0
0.16506066 0.0056288341 0.0
0.21080494 0.019825135 0.0
0.15259097 -2.7474493e-05 0.0
0.18434685 0.0069526978 0.0
0.019184321 -0.00022114351 0.0
0.15547305 0.0032491692 0.0
0.16368207 0.0067661207 0.0
0.20219932 0.0086911121 0.0
0.060247209 0.001275335 0.0
0.11067948 0.0037186279 0.0
0.12939243 0.0025713522 0.0
0.16956278 0.0049450008 0.0
0.1965869 0.0061213782 0.0
0.19407259 0.0084176883 0.0
0.13054719 0.0015762451 0.0
0.089785666 -0.00093605008 0.0
0.13815823 -0.0001468951 0.0
0.1330161 0.0032189174 0.0
0.14830391 0.0032232271 0.0
0.19539723 0.0098054404 0.0
0.18684826 0.00641497 0.0
0.14821718 0.0046777409 0.0
0.1818213 0.015026079 0.0
0.18564721 0.0090680377 0.0
0.20569642 0.014956742 0.0
0.18378292 0.0082187281 0.0
0.21272849 -0.0091840694 0.0
0.029066814 -1.4716882e-05 0.0
0.20199393 -0.019453927 0.0
0.16676337 -0.028632243 0.0
0.16974489 0.0034991326 0.0
0.12125082 0.0013671172 0.0
0.095526541 4.6979009e-07 0.0
0.077755772 -0.00025504213 0.0
0.18562838 0.0011832913 0.0
0.18266077 0.0037226464 0.0
0.14998803 0.0024203298 0.0
0.068494205 -0.00071546808 0.0
0.036765135 0.0029147752 0.0
0.074371901 -0.00011316885 0.0
0.11091971 0.0005875211 0.0
0.099820011 0.00037464198 0.0
0.061049259 -0.00053083565 0.0
0.028397386 0.00030251516 0.0
0.0920967 -0.00036314315 0.0
0.17157245 0.0012617415 0.0
0.11716092 0.0020363362 0.0
0.076433867 0.0020921309 0.0
0.081306851 0.00077495363 0.0
0.10762686 0.0056539459 0.0
0.059913437 -0.00098720404 0.0
0.11100362 0.0035202529 0.0
0.18506989 0.0023833309 0.0
0.16753935 0.002421821 0.0
0.16836879 0.00081665883 0.0
0.077982068 0.0001245032 0.0
0.10310918 0.0012917356 0.0
0.024238672 -0.00040057032 0.0
0.081688868 0.0023257944 0.0
0.057490415 0.0012631344 0.0
0.10711433 0.0032015254 0.0
0.178651 0.015327087 0.0
0.19996818 0.004047004 0.0
0.18840285 -0.000863961 0.0
0.15108641 0.0027589807 0.0
0.1535763 0.0027918049 0.0
0.13013341 0.00097779368 0.0
0.11760042 0.00093804524 0.0
0.13980701 0.001467229 0.0
0.15675523 0.0021669005 0.0
0.12442036 0.0010939565 0.0
0.034610847 -0.00079416246 0.0
0.029354556 0.0013028448 0.0
0.073645783 0.00096110784 0.0
0.05766415 -6.9248949e-05 0.0
0.031349606 -0.00029148844 0.0
0.105711 0.0030453613 0.0
0.12658294 0.0060316535 0.0
0.18242495 0.0020769213 0.0
0.154854 0.00013537861 0.0
0.1707264 0.0047864699 0.0
0.17660314 0.0038866592 0.0
0.15049297 -4.5923564e-05 0.0
0.13760898 0.0021707184 0.0
0.17103712 -0.00022076576 0.0
0.12557113 -0.00029029191 0.0
0.080468401 0.0017697344 0.0
0.08846377 0.0018378343 0.0
0.016292505 0.00025591827 0.0
0.088810024 0.0024045238 0.0
0.12444794 0.0050023416 0.0
0.14797807 0.0078293433 0.0
0.1912885 0.0043600078 0.0
0.2001535 0.0052711073 0.0
0.17883486 -0.00027616067 0.0
0.19576118 -0.0014654039 0.0
0.018983857 0.00023581096 0.0
0.07714667 0.0014428659 0.0
0.11177344 0.0055660986 0.0
0.15709657 0.010988641 0.0
0.14533508 0.0051738723 0.0
0.12617533 0.0039920555 0.0
0.13149093 0.0065910979 0.0
0.15621921 0.012354976 0.0
0.19232606 0.0052805857 0.0
0.20761554 0.0054101811 0.0
0.21127016 0.00079496135 0.0
0.15207567 -0.0067864422 0.0
0.20334416 0.0025101082 0.0
0.19270019 0.0016836093 0.0
0.20504681 0.008052886 0.0
0.20361102 0.003541628 0.0
0.21058979 0.006227423 0.0
0.20391339 -0.00018369897 0.0
0.20782102 0.0096822575 0.0
0.21091412 0.0084841086 0.0
0.21094839 0.0026651139 0.0
0.19855186 -7.0036871e-05 0.0
0.21394919 -0.0043044653 0.0
0.19754139 -0.0027752834 0.0
0.18985745 -0.0016410783 0.0
0.19355479 0.00087393644 0.0
0.20592688 0.0019328381 0.0
0.20981669 -0.0011602047 0.0
0.20160575 -0.0028259741 0.0
0.14157775 -0.0048213503 0.0
0.1769232 -0.0021660784 0.0
0.18101141 -0.00091684782 0.0
0.062176561 0.00057532383 0.0
0.078275998 0.0022157682 0.0
0.02394815 -0.00050913046 0.0
0.010706157 -0.00021248337 0.0
0.045713766 0.0012824015 0.0
0.10617121 0.0041422295 0.0
0.10145917 0.0030892803 0.0
0.12320777 0.00644772 0.0
0.12216169 0.0068893979 0.0
0.14695847 0.0090003552 0.0
0.1456578 0.0082163401 0.0
0.16261059 0.011376548 0.0
0.21320359 0.012985436 0.0
0.21367288 -0.00096906119 0.0
0.21376418 0.000333255 0.0
0.21033257 -0.0054391692 0.0
0.20679854 -0.0019425616 0.0
0.18677671 -0.0025392861 0.0
0.20823581 -0.006511951 0.0
0.19549728 -0.0036162779 0.0
0.18530591 -0.0038933962 0.0
0.027554704 0.00063403582 0.0
0.16505491 -0.0018057723 0.0
0.17336448 -0.0015492095 0.0
0.050880425 0.00073444118 0.0
0.025799824 2.6125884e-05 0.0
0.045584408 -3.0447305e-05 0.0
0.062850948 0.0015810981 0.0
0.088719173 0.0030092435 0.0
0.10365908 0.0039258787 0.0
0.088169407 0.0019369757 0.0
0.11102115 0.0055072061 0.0
0.12707937 0.0075168905 0.0
0.14128697 0.0092587736 0.0
0.12669189 0.0073305033 0.0
0.12913102 0.0059653829 0.0
0.14313571 0.0091535207 0.0
0.1421673 0.010342471 0.0
0.13708398 0.0098180339 0.0
0.16944302 0.013250717 0.0
0.17172726 0.011091751 0.0
0.21363712 0.0093854645 0.0
0.21287739 0.0053861152 0.0
0.21509808 0.011102575 0.0
0.19877832 0.0040402265 0.0
0.21313949 0.0038869505 0.0
0.20772092 0.0045184727 0.0
0.21453696 0.0018533827 0.0
0.20982091 0.00016590786 0.0
0.18491315 -0.0087791645 0.0
0.21411763 -0.001142256 0.0
0.21443727 0.0031588832 0.0
0.21484872 -0.0018390945 0.0
0.20397057 -0.0082158643 0.0
0.20409807 -0.0043372207 0.0
0.21488404 -0.0010888079 0.0
0.21127791 -0.0029400794 0.0
0.21323999 -0.0029222329 0.0
0.20446325 -0.0038959674 0.0
0.16096258 -0.00051044165 0.0
0.087260852 -0.00017787512 0.0
0.16400652 -0.0027984044 0.0
0.15579531 -0.0027175272 0.0
0.027080279 0.00068364369 0.0
0.081241539 0.0032574036 0.0
0.14132023 0.011053664 0.0
0.16825516 0.016708234 0.0
0.16256314 0.010829957 0.0
0.16590467 0.0094760231 0.0
0.21257271 -0.00656993 0.0
0.20992866 -0.0042226447 0.0
0.13251566 0.0088388646 0.0
0.14951808 0.011943758 0.0
0.15296651 0.017636143 0.0
0.1487036 0.012762805 0.0
0.1562488 0.013398438 0.0
0.14516627 0.0093390539 0.0
0.15873042 0.014791254 0.0
0.16981256 0.015193676 0.0
0.21240583 -0.0078455843 0.0
0.21240665 -0.0097011892 0.0
0.21356959 -0.0061682001 0.0
0.20810401 -0.0080065071 0.0
0.21370856 -0.0063258396 0.0
0.21356118 -0.0075255487 0.0
0.21193864 -0.011070284 0.0
0.15606745 -0.0033722004 0.0
0.1871135 -0.017576043 0.0
0.2005724 -0.012388259 0.0
0.20970816 -0.0085213089 0.0
0.20073758 -0.0068253833 0.0
0.13118182 -0.017280353 0.0
0.20799115 -0.013875891 0.0
0.21487792 -0.0038121211 0.0
0.21079025 -0.0094680198 0.0
0.20953739 -0.0095017727 0.0
0.18561691 -0.020511156 0.0
0.18814811 -0.0056644436 0.0
0.18976744 -0.003257078 0.0
0.21320436 -0.0088616315 0.0
0.21169364 -0.01190993 0.0
0.2077145 -0.01585531 0.0
0.20520034 -0.014358803 0.0
0.20316233 -0.0078880259 0.0
0.21102581 -0.0081888571 0.0
0.2034747 -0.015739529 0.0
0.21171846 -0.010822509 0.0
0.18072722 -0.011991721 0.0
0.18157798 -0.02510217 0.0
0.19782995 -0.010517604 0.0
0.19353311 -0.022418682 0.0
0.15827687 -0.024419783 0.0
0.20360291 -0.016001526 0.0
0.20659642 -0.017573909 0.0
0.20192472 -0.020660814 0.0
0.20457351 -0.019821354 0.0
0.18376913 -0.020887183 0.0
0.20134753 -0.005991689 0.0
0.19971517 -0.0048967436 0.0
0.20017498 -0.021854217 0.0
0.17852768 -0.015926648 0.0
0.19169225 -0.015745634 0.0
0.20912906 -0.015256157 0.0
0.20211647 -0.021695464 0.0
0.20491949 -0.019659791 0.0
0.19243602 -0.024494466 0.0
0.203228 -0.014464971 0.0
0.1928931 -0.018522797 0.0
0.17030663 -0.025537183 0.0
0.20794428 -0.016429555 0.0
0.1927798 -0.020651815 0.0
0.17321569 -0.022203504 0.0
0.1913823 -0.023752814 0.0
0.17390736 -0.02561683 0.0
0.15139965 -0.022100712 0.0
0.197709 -0.023473489 0.0
0.19145947 -0.015651418 0.0
0.10678598 -0.025793448 0.0
0.15531734 -0.02723196 0.0
0.17769819 -0.027553467 0.0
0.18439773 -0.026288569 0.0
0.1553131 -0.02461123 0.0
0.20633865 -0.018394944 0.0
0.20221479 -0.01711259 0.0
0.13315036 -0.022445816 0.0
0.20111285 -0.019065021 0.0
0.18531104 -0.025360614 0.0
0.13788544 -0.022405625 0.0
0.14986142 -0.027354564 0.0
0.1936118 -0.024890521 0.0
0.18798971 -0.02094822 0.0
0.17183481 -0.023236728 0.0
0.1627333 -0.027730839 0.0
0.1363716 -0.023419336 0.0
0.13111789 -0.005176842 0.0
0.19528707 -0.018676539 0.0
0.1927453 -0.025374449 0.0
0.19790302 -0.0098182369 0.0
0.17588021 -0.024230615 0.0
0.19307764 -0.022208795 0.0
0.16000088 -0.024152045 0.0
0.16659185 -0.027376694 0.0
0.13291997 -0.020902064 0.0
0.15866008 -0.027015522 0.0
0.19932782 -0.023301279 0.0
0.19566316 -0.016387769 0.0
0.182786 -0.025866615 0.0
0.19453976 -0.023677835 0.0
0.20909865 -0.0122337 0.0
0.18485201 -0.025932883 0.0
0.15929182 -0.027240612 0.0
0.073060281 -0.011733702 0.0
0.1653377 -0.027225035 0.0
0.077127311 -0.0030726413 0.0
0.19601205 -0.021339241 0.0
0.18282436 -0.024940551 0.0
0.20729432 -0.017371746 0.0
0.19536188 -0.016080185 0.0
0.18094064 -0.014237469 0.0
0.15670432 -0.021125507 0.0
0.090504591 -0.012875392 0.0
0.17715273 -0.025304343 0.0
0.14015835 -0.020240838 0.0
-0.0033871447 0.01071606 0.0
0.1680312 -0.02126427 0.0
0.19553718 -0.024960846 0.0
0.184064 -0.023196944 0.0
0.18800013 -0.01322757 0.0
0.18280029 -0.013724212 0.0
0.13290095 -0.025671452 0.0
0.15189776 -0.016654673 0.0
0.049425936 -0.0099214667 0.0
0.18080153 -0.012808259 0.0
0.19859445 -0.01784921 0.0
0.17676259 -0.01703306 0.0
0.20101193 -0.018424112 0.0
0.18816078 -0.026586162 0.0
0.14061032 -0.026498769 0.0
0.10187004 -0.021159542 0.0
0.077417082 -0.010668739 0.0
0.14413638 -0.024405254 0.0
0.15136417 -0.01223795 0.0
0.14048976 -0.027221566 0.0
0.19618664 -0.022943264 0.0
0.097308696 -0.0218016 0.0
0.20129585 -0.022075488 0.0
0.20952004 -0.011986214 0.0
0.19670184 -0.023952461 0.0
0.20181074 -0.020227672 0.0
0.13105202 -0.026119531 0.0
0.14232093 -0.01502105 0.0
0.11611458 -0.020805173 0.0
0.18276518 -0.017747933 0.0
0.13172163 -0.02203517 0.0
0.12696133 -0.015625958 0.0
0.098072704 -0.01197371 0.0
0.17755116 -0.027821771 0.0
0.18939147 -0.017222119 0.0
0.18840442 -0.02631488 0.0
0.19796301 -0.020928912 0.0
0.16876935 -0.01188721 0.0
0.10141662 -0.012992837 0.0
0.1802583 -0.0027205159 0.0
0.19589399 -0.021445521 0.0
0.11747033 -0.0074332654 0.0
0.19366372 -0.012383382 0.0
0.13308499 -0.022330917 0.0
0.094558186 -0.010064425 0.0
0.16439717 -0.027910379 0.0
0.11977949 -0.019461762 0.0
0.20449251 -0.0039582788 0.0
0.20636819 -0.015317354 0.0
0.20388892 -0.017803495 0.0
0.19153892 -0.025077987 0.0
0.16421215 -0.027530127 0.0
0.19744889 -0.023642953 0.0
0.16475727 -0.028343667 0.0
0.19363703 -0.025241415 0.0
0.20212575 -0.019732446 0.0
0.1722923 -0.011352983 0.0
0.19642278 -0.015720509 0.0
0.1432205 -0.026575837 0.0
0.18904444 -0.010265034 0.0
0.12325309 -0.021873447 0.0
0.20567713 -0.018323825 0.0
0.19981684 -0.022534505 0.0
0.20543504 -0.018589887 0.0
0.20210317 -0.016995854 0.0
0.2082973 -0.013195289 0.0
0.092094725 -0.015339746 0.0
0.16722154 -0.028309139 0.0
0.18941938 -0.018856082 0.0
0.16792144 -0.01336665 0.0
0.072172785 -0.012640687 0.0
0.15760813 -0.017799859 0.0
0.12251825 -0.015437463 0.0
0.10387567 -0.012822134 0.0
0.19245799 -0.013198489 0.0
0.15199889 -0.0091652072 0.0
0.19726951 -0.01694031 0.0
0.20127116 -0.020011646 0.0
0.18606644 -0.02698618 0.0
0.14215937 -0.015395251 0.0
0.1721229 -0.02610778 0.0
0.1229054 -0.015404275 0.0
0.10110478 -0.015997607 0.0
0.16387861 -0.027092275 0.0
0.18324829 -0.025899267 0.0
0.13622999 -0.027358224 0.0
0.19328496 -0.024443467 0.0
0.16923044 -0.018772749 0.0
0.19927477 -0.022936819 0.0
0.034475625 0.00046465215 0.0
0.18072498 -0.020089425 0.0
0.18748153 -0.015575967 0.0
0.1926984 -0.017262317 0.0
0.14895955 -0.012898026 0.0
0.067337391 -0.0090886518 0.0
0.19833264 -0.022928855 0.0
0.15197531 -0.027786344 0.0
0.19329233 -0.019104457 0.0
0.052117399 -0.0042963812 0.0
0.20239777 -0.01794043 0.0
0.2036967 -0.020002704 0.0
0.19935909 -0.021698946 0.0
0.20829251 -0.016205471 0.0
0.20948706 -0.013851252 0.0
0.17546426 -0.024499777 0.0
0.20355262 -0.02072984 0.0
0.090531276 -0.015097376 0.0
0.11557741 -0.020218096 0.0
0.19750576 -0.021445798 0.0
0.20032153 -0.020096132 0.0
0.12017462 -0.015437051 0.0
0.19619008 -0.019746236 0.0
0.17150216 -0.026696114 0.0
0.16668165 -0.0241592 0.0
0.18419518 -0.018442296 0.0
0.21100344 -0.012990962 0.0
0.20365641 -0.020520741 0.0
0.20786953 -0.011261331 0.0
0.069742039 -0.0071988042 0.0
0.16689458 -0.01408969 0.0
0.16401338 -0.026492094 0.0
0.16575167 -0.025668405 0.0
0.11785415 -0.025831489 0.0
0.18349999 -0.022376791 0.0
0.17565373 -0.025934875 0.0
0.20391109 -0.016709183 0.0
0.19939327 -0.015129539 0.0
0.15240473 -0.020246136 0.0
0.10128633 -0.020303842 0.0
0.15127684 -0.025606485 0.0
0.20570471 -0.01686222 0.0
0.20442338 -0.018903152 0.0
0.14753134 -0.0058787513 0.0
0.19536222 -0.0082114259 0.0
0.15468156 -0.015588653 0.0
0.20032407 -0.022643258 0.0
0.13375571 -0.016595509 0.0
0.12116066 -0.017317797 0.0
0.20793814 -0.014932554 0.0
0.21005132 -0.014113964 0.0
0.16961781 -0.02541642 0.0
0.19943752 -0.022283719 0.0
0.15030609 -0.022642251 0.0
0.13539811 -0.02188252 0.0
0.14450505 -0.024059821 0.0
0.19979773 -0.021520012 0.0
0.15467876 -0.027711703 0.0
0.20408515 -0.010482357 0.0
0.2109083 -0.004309259 0.0
0.035693611 -0.0023488085 0.0
0.19598339 -0.015393499 0.0
0.16711637 -0.024106985 0.0
0.20622626 -0.017642757 0.0
0.19700655 -0.018249889 0.0
0.19706723 -0.024469651 0.0
0.17098774 -0.027925438 0.0
0.18444723 -0.017166856 0.0
0.19568969 -0.019374777 0.0
0.15527286 -0.024679916 0.0
0.17413477 -0.023363123 0.0
0.098616381 -0.024495362 0.0
0.1976891 -0.019167185 0.0
0.16646888 -0.025650295 0.0
0.20757469 -0.012088515 0.0
0.17750636 -0.014471074 0.0
0.10256241 -0.012091815 0.0
0.1907787 -0.026081342 0.0
0.19445972 -0.01307354 0.0
0.034207981 -0.0016748066 0.0
0.048176798 -0.0025325177 0.0
0.089177525 -0.018959874 0.0
0.11867726 -0.025907218 0.0
0.11039006 -0.020648596 0.0
0.15027303 -0.027929679 0.0
0.14984038 -0.027232871 0.0
0.093727597 -0.017228209 0.0
0.11839545 -0.02257284 0.0
0.093154871 -0.021019038 0.0
0.077301521 -0.018951991 0.0
0.087539811 -0.020988462 0.0
0.064453145 -0.014927825 0.0
0.14923079 -0.025722503 0.0
0.077915855 -0.012705716 0.0
0.19097236 -0.015046678 0.0
0.20438558 -0.013662968 0.0
0.20933398 -0.0082153631 0.0
0.20911508 -0.0063772905 0.0
0.21211984 -0.0012941471 0.0
0.2100944 -0.0030132876 0.0
0.12257768 -0.012290686 0.0
0.069773975 -0.0074497977 0.0
0.080587097 -0.020719924 0.0
0.0043787865 0.010590745 0.0
0.10870808 -0.022822376 0.0
0.1168004 -0.021873877 0.0
0.15063033 -0.027457564 0.0
0.12865669 -0.023341652 0.0
0.13580223 -0.027486785 0.0
0.14458433 -0.028062372 0.0
0.21375809 -0.0032251961 0.0
0.21391385 0.0037835077 0.0
0.2143483 0.013892686 0.0
0.20852273 -0.00011270787 0.0
0.20128632 0.00063186263 0.0
0.20179858 -0.0064993351 0.0
0.17308726 -0.0015758096 0.0
0.18975017 -0.0092163207 0.0
0.20427318 -0.0028174609 0.0
0.19029723 -0.0054910161 0.0
0.20872274 0.0019684789 0.0
0.19920729 -0.0029178228 0.0
0.21245115 0.0081892937 0.0
0.1977733 0.0086231129 0.0
0.1757516 -0.0099127905 0.0
0.11983841 -0.0083857992 0.0
0.055619645 -0.0053704812 0.0
0.089872867 -0.014574774 0.0
0.081781075 -0.0082395325 0.0
0.013648947 -0.00082621069 0.0
0.027855886 0.0012002347 0.0
0.025452203 0.00032932689 0.0
0.052225744 -0.0060326993 0.0
0.11068032 -0.019693026 0.0
0.063025237 -0.009005877 0.0
0.055395381 -0.0098196367 0.0
0.049657315 -0.0052001334 0.0
0.1087791 -0.022775559 0.0
0.078993744 -0.020463166 0.0
0.027364736 -0.011328457 0.0
0.10861844 -0.019324392 0.0
0.085914232 -0.021179446 0.0
0.11872528 -0.013015932 0.0
0.10617669 -0.010727036 0.0
0.12799102 -0.015434277 0.0
0.14779246 -0.011532159 0.0
-0.0022206632 0.013194405 0.0
0.15841093 -0.027192934 0.0
0.013743273 -0.00016677951 0.0
0.12269877 -0.021818342 0.0
0.12246856 -0.026738847 0.0
0.031625823 -0.01355818 0.0
0.022367895 0.0024723081 0.0
0.0021924767 0.011896151 0.0
0.062698035 -0.0096247006 0.0
0.14494234 -0.02823118 0.0
0.095767672 -0.016402284 0.0
0.12317196 -0.026225961 0.0
0.106739 -0.024855491 0.0
0.11890842 -0.025241023 0.0
0.11426852 -0.026086299 0.0
0.04441869 -0.0041995511 0.0
0.12056627 -0.025810516 0.0
0.12953765 -0.025798959 0.0
0.16560282 -0.028030087 0.0
0.0552917 -0.013522153 0.0
0.098234295 -0.022012172 0.0
0.082649489 -0.019558121 0.0
0.076202288 -0.019828412 0.0
0.13346605 -0.025434204 0.0
0.13495547 -0.025979316 0.0
0.085813668 -0.02285749 0.0
0.094818088 -0.023160426 0.0
0.15158149 -0.028167586 0.0
0.031200644 -0.014371015 0.0
0.068609512 -0.020684451 0.0
0.10399247 -0.024853141 0.0
0.11057004 -0.024177414 0.0
0.10076648 -0.024413172 0.0
0.08247846 -0.022498743 0.0
0.026642445 -0.01268406 0.0
0.080138326 -0.019833998 0.0
0.13858079 -0.027604158 0.0
0.13003994 -0.027911899 0.0
0.15761773 -0.028712948 0.0
0.17825695 -0.027688904 0.0
0.10814993 -0.024506936 0.0
0.17722396 -0.027628702 0.0
0.16006926 -0.027966389 0.0
0.17226825 -0.027878523 0.0
0.12740392 -0.026815867 0.0
0.14092552 -0.02775379 0.0
0.12582868 -0.026784209 0.0
0.13984786 -0.027713396 0.0
0.12563732 -0.026408572 0.0
0.10673536 -0.024146791 0.0
0.14197528 -0.027532318 0.0
0.15611463 -0.028452441 0.0
0.063991503 -0.017652936 0.0
0.11531439 -0.02600353 0.0
0.12874703 -0.026461134 0.0
0.14434206 -0.027704813 0.0
0.14285828 -0.027456342 0.0
0.17732361 -0.02761717 0.0
0.13006782 -0.026842291 0.0
0.16785104 -0.028696732 0.0
0.15505368 -0.028543007 0.0
0.17390975 -0.027836948 0.0
0.12672527 -0.026393814 0.0
0.13225155 -0.027331318 0.0
0.15378609 -0.027857758 0.0
0.1551599 -0.027790087 0.0
0.17479428 -0.028201422 0.0
0.18921532 -0.025898056 0.0
0.11327562 -0.025324712 0.0
0.092717411 -0.021914962 0.0
0.11410531 -0.025902354 0.0
0.18086622 -0.0266682 0.0
0.17044818 -0.028080426 0.0
0.17468661 -0.028184602 0.0
0.10974746 -0.024892732 0.0
0.09535061 -0.022828861 0.0
0.1423443 -0.026940798 0.0
0.19461983 -0.024992486 0.0
0.14389017 -0.027800712 0.0
0.1649728 -0.028168346 0.0
0.11981252 -0.026104062 0.0
0.14557873 -0.027137843 0.0
0.10997926 -0.02504907 0.0
0.12958229 -0.026882264 0.0
0.15897624 -0.027835873 0.0
0.17663584 -0.027386221 0.0
0.17903286 -0.02426335 0.0
0.17086137 -0.026005764 0.0
0.073175287 -0.020154181 0.0
0.094702845 -0.023190352 0.0
0.15634134 -0.027985901 0.0
0.16880982 -0.027838511 0.0
0.16792295 -0.027610687 0.0
0.18088531 -0.021952708 0.0
0.15637197 -0.027545433 0.0
0.1525287 -0.027678204 0.0
0.10652115 -0.025144851 0.0
0.08152112 -0.020027382 0.0
0.099978115 -0.023383603 0.0
0.083450865 -0.021469227 0.0
0.066882711 -0.019115116 0.0
0.055183682 -0.017291295 0.0
0.086836488 -0.02160533 0.0
0.063924743 -0.018226936 0.0
0.086257003 -0.022128723 0.0
0.05419747 -0.01663252 0.0
0.05089461 -0.016709804 0.0
0.10452387 -0.02337786 0.0
0.071039354 -0.018843855 0.0
0.075025992 -0.019553426 0.0
0.049015706 -0.014351522 0.0
0.12016682 -0.025652575 0.0
0.067890108 -0.018662218 0.0
0.089469507 -0.020910297 0.0
0.098076508 -0.022482427 0.0
0.10780444 -0.025152548 0.0
0.10129498 -0.022335653 0.0
0.17364771 -0.024565294 0.0
0.11467774 -0.025021825 0.0
0.096810414 -0.023080172 0.0
0.1540123 -0.026747195 0.0
0.181046 -0.026078505 0.0
0.17443738 -0.027767433 0.0
0.18247026 -0.026510636 0.0
0.096719902 -0.023303755 0.0
0.11669901 -0.025600719 0.0
0.090951128 -0.021809557 0.0
0.10370188 -0.0241283 0.0
0.11663999 -0.024877989 0.0
0.13358148 -0.026676669 0.0
0.095785926 -0.022893884 0.0
0.064161903 -0.018767026 0.0
0.053050188 -0.017399011 0.0
0.0012140407 -0.00027155579 0.0
0.14553774 -0.027149786 0.0
0.16329463 -0.027525826 0.0
0.17353861 -0.026862048 0.0
0.17626977 -0.027239409 0.0
0.18160242 -0.021806211 0.0
0.17851448 -0.028106204 0.0
0.079913109 -0.021071279 0.0
0.036657075 -0.014744469 0.0
0.13250383 -0.026155019 0.0
0.12988114 -0.025353219 0.0
0.16721899 -0.027258483 0.0
0.17276253 -0.026822766 0.0
0.16295959 -0.026766134 0.0
0.17593397 -0.025199735 0.0
0.1794282 -0.025620613 0.0
0.17936742 -0.026333118 0.0
0.16362585 -0.027148758 0.0
0.17357559 -0.025986374 0.0
0.18153252 -0.026599846 0.0
0.1807072 -0.027197281 0.0
0.075095055 -0.019641656 0.0
0.07539106 -0.020760105 0.0
0.016005031 -0.010030172 0.0
0.062084736 -0.017984511 0.0
0.17290275 -0.027258184 0.0
0.17876359 -0.026037583 0.0
0.17838525 -0.025426502 0.0
0.18200897 -0.024422046 0.0
0.15784544 -0.026470234 0.0
0.17684089 -0.02183235 0.0
0.068871877 -0.018895746 0.0
0.060710478 -0.018199299 0.0
0.078629993 -0.020744673 0.0
0.066389473 -0.018098691 0.0
0.073746005 -0.020809303 0.0
0.045064485 -0.01594209 0.0
0.064443084 -0.019838035 0.0
0.045960541 -0.015664072 0.0
0.0013736402 -0.0063648618 0.0
0.044845494 -0.016192345 0.0
0.062483135 -0.019007919 0.0
0.025395738 -0.011062689 0.0
0.032568886 -0.013219574 0.0
0.013625154 -0.0033877328 0.0
-0.0013685042 -0.00014928697 0.0
0.00150222 -0.00017925511 0.0
0.042669287 -0.015791719 0.0
0.029912842 -0.011882617 0.0
0.020497159 -0.0095407469 0.0
0.0070865895 -0.0012963495 0.0
0.023652379 -0.011196072 0.0
0.031890409 -0.01263171 0.0
0.055679992 -0.01733875 0.0
0.021081832 -0.011168849 0.0
0.034669599 -0.012824489 0.0
0.02200042 -0.010437835 0.0
0.038411877 -0.015110731 0.0
0.056768719 -0.017675767 0.0
0.048555432 -0.015375948 0.0
0.036834376 -0.013448507 0.0
0.0018152813 -0.00087286952 0.0
0.0048467106 -0.00097963717 0.0
0.056290609 -0.017857122 0.0
0.056506334 -0.01682411 0.0
0.029447915 -0.013045484 0.0
0.0025591403 -0.00010538022 0.0
0.049319483 -0.017052487 0.0
0.037402816 -0.01370168 0.0
0.067156853 -0.020880335 0.0
0.064176731 -0.019030604 0.0
0.066244006 -0.015744997 0.0
0.068930033 -0.017900869 0.0
0.0037297848 -0.00014543418 0.0
0.00037681681 -0.00011697253 0.0
0.17079171 -0.025603378 0.0
0.18326194 -0.022730879 0.0
0.16644085 -0.02686917 0.0
0.17679354 -0.024153063 0.0
0.048326527 -0.0054709559 0.0
0.020371439 -0.0054418596 0.0
0.027881766 -0.01337583 0.0
0.051336821 -0.016512849 0.0
0.17622457 -0.025574436 0.0
0.18152858 -0.024030303 0.0
0.17752663 -0.024579855 0.0
0.17981721 -0.024601589 0.0
0.17865197 -0.022718287 0.0
0.17320085 -0.018463478 0.0
0.15677192 -0.026053922 0.0
0.18108677 -0.023147488 0.0
0.17754876 -0.023357697 0.0
0.1792239 -0.022944433 0.0
0.15453837 -0.027210255 0.0
0.14239607 -0.025978027 0.0
0.035985493 -0.013484648 0.0
0.039205204 -0.013502085 0.0
0.16710843 -0.02607694 0.0
0.16951423 -0.025040911 0.0
0.17375475 -0.023864669 0.0
0.1759221 -0.02143632 0.0
0.15054805 -0.025453845 0.0
0.14283916 -0.024781785 0.0
0.17389062 -0.0250595 0.0
0.17479501 -0.024568424 0.0
0.16180293 -0.025615715 0.0
0.16260336 -0.019458401 0.0
0.17377664 -0.019163553 0.0
0.17992058 -0.022656314 0.0
0.17653946 -0.022694469 0.0
0.17761013 -0.02167557 0.0
0.15574714 -0.027207585 0.0
0.14805301 -0.02575614 0.0
0.16677193 -0.025814365 0.0
0.17139433 -0.024237474 0.0
0.14456388 -0.026496202 0.0
0.14683395 -0.026397364 0.0
0.14520112 -0.026477568 0.0
0.16339035 -0.023980816 0.0
0.16200494 -0.025876502 0.0
0.16839556 -0.024899499 0.0
0.17385954 -0.022788852 0.0
0.17292991 -0.019419962 0.0
0.14181026 -0.026597337 0.0
0.11746548 -0.024298247 0.0
0.1491259 -0.025958907 0.0
0.15794175 -0.025577115 0.0
0.17673893 -0.023206984 0.0
0.17485826 -0.021110965 0.0
0.17190994 -0.023325913 0.0
0.17562521 -0.022517388 0.0
0.12299949 -0.023708804 0.0
0.12755274 -0.024615081 0.0
0.13385385 -0.025427938 0.0
0.13039099 -0.02486067 0.0
0.140119 -0.025880519 0.0
0.13862515 -0.025071727 0.0
0.15883036 -0.024298962 0.0
0.16315372 -0.024097065 0.0
0.17349746 -0.021567409 0.0
0.16792111 -0.019627914 0.0
0.16492207 -0.024216485 0.0
0.17231332 -0.019843749 0.0
0.12063851 -0.025000539 0.0
0.13009797 -0.025094777 0.0
0.11475789 -0.0242445 0.0
0.15607185 -0.024307504 0.0
0.14777539 -0.025094577 0.0
0.14863753 -0.024309442 0.0
0.16896169 -0.024545341 0.0
0.16428436 -0.025092529 0.0
0.17543534 -0.021654061 0.0
0.17232959 -0.019081445 0.0
0.036142648 -0.010005938 0.0
0.17693876 -0.020158406 0.0
0.17100834 -0.023884091 0.0
0.17257622 -0.021595147 0.0
0.15727644 -0.024152413 0.0
0.15672047 -0.018917778 0.0
0.13469143 -0.025775598 0.0
0.12916713 -0.024278895 0.0
0.13560522 -0.02569214 0.0
0.12306413 -0.023930846 0.0
0.10680991 -0.022969233 0.0
0.14041185 -0.02343851 0.0
0.1157705 -0.023829867 0.0
0.10662353 -0.022437927 0.0
0.13057866 -0.024738636 0.0
0.13948453 -0.024385544 0.0
0.14059708 -0.024181659 0.0
0.15048239 -0.025215924 0.0
0.12008607 -0.023594667 0.0
0.13578506 -0.020882744 0.0
0.1283712 -0.023258967 0.0
0.14717706 -0.023678037 0.0
0.089702778 -0.021927335 0.0
0.10518568 -0.023810311 0.0
0.12783962 -0.020750825 0.0
0.14894891 -0.022911415 0.0
0.15026619 -0.023256506 0.0
0.15830599 -0.023259319 0.0
0.061392306 -0.017402251 0.0
0.098726218 -0.021323611 0.0
0.13680563 -0.023645014 0.0
0.13000123 -0.022146857 0.0
0.15701727 -0.024595468 0.0
0.14745805 -0.024800793 0.0
0.13903796 -0.022633933 0.0
0.14790147 -0.019731044 0.0
0.095850658 -0.022455568 0.0
0.092265783 -0.020930497 0.0
0.050813485 -0.011680242 0.0
0.11393682 -0.022738707 0.0
0.1325211 -0.02140066 0.0
0.15755569 -0.022620326 0.0
0.16295375 -0.021701123 0.0
0.16519127 -0.024054462 0.0
0.14222727 -0.022511594 0.0
0.15667737 -0.022620297 0.0
0.066058743 -0.01658116 0.0
0.11354321 -0.022744151 0.0
0.13119082 -0.022358639 0.0
0.14183478 -0.022564 0.0
0.15564237 -0.023467904 0.0
0.16367017 -0.023567389 0.0
0.16601133 -0.0233609 0.0
0.17109462 -0.022807922 0.0
0.11929163 -0.021524287 0.0
0.13079888 -0.023175491 0.0
0.10667296 -0.021607479 0.0
0.10649933 -0.020649312 0.0
0.11834233 -0.022085818 0.0
0.10998713 -0.018125762 0.0
0.12938654 -0.020520947 0.0
0.14170021 -0.021876618 0.0
0.16832773 -0.023872725 0.0
0.1692666 -0.023187617 0.0
0.07504929 -0.018707283 0.0
0.10857998 -0.021425086 0.0
0.099670253 -0.020767495 0.0
0.11742991 -0.022678254 0.0
0.085704589 -0.018984362 0.0
0.080083137 -0.018242296 0.0
0.11993024 -0.022544325 0.0
0.13143717 -0.02376948 0.0
0.11624789 -0.022240834 0.0
0.12777565 -0.022536231 0.0
0.11743896 -0.020329652 0.0
0.11472012 -0.021755538 0.0
0.10424252 -0.014916705 0.0
0.1328659 -0.019909728 0.0
0.13987635 -0.02211395 0.0
0.14906567 -0.022567467 0.0
0.050784102 -0.0040523107 0.0
0.1189791 -0.019906304 0.0
0.10045013 -0.017833688 0.0
0.10724834 -0.018021409 0.0
0.11653318 -0.018522837 0.0
0.15982722 -0.018805298 0.0
0.12052722 -0.018819284 0.0
0.14485481 -0.021953023 0.0
0.11044659 -0.017542963 0.0
0.10370459 -0.01685394 0.0
0.12163491 -0.019044584 0.0
0.14055005 -0.020128845 0.0
0.10485304 -0.019871888 0.0
0.11891389 -0.017552924 0.0
0.12244182 -0.018707715 0.0
0.14067335 -0.019536635 0.0
0.16515496 -0.01672469 0.0
0.14627441 -0.019373248 0.0
0.10959559 -0.021242615 0.0
0.12605903 -0.019331182 0.0
0.12669593 -0.017826003 0.0
0.11781215 -0.018252179 0.0
0.116424 -0.018911402 0.0
0.10578032 -0.018940881 0.0
0.13656429 -0.019797009 0.0
0.14501841 -0.02171561 0.0
0.055566908 -0.0094023936 0.0
0.13381169 -0.016128861 0.0
0.10250439 -0.01952312 0.0
0.13758707 -0.018986856 0.0
0.10095067 -0.014882824 0.0
0.097693747 -0.017929491 0.0
0.10010397 -0.014433041 0.0
0.10860359 -0.015735808 0.0
0.14867868 -0.016330383 0.0
0.11712685 -0.018364096 0.0
0.13059989 -0.018657652 0.0
0.13865118 -0.018484938 0.0
0.056309514 -0.0064567365 0.0
0.10404519 -0.018394153 0.0
0.15381201 -0.019439937 0.0
0.14715433 -0.01894556 0.0
0.11924414 -0.016454039 0.0
0.088337212 -0.012029633 0.0
0.045634022 -0.0098767404 0.0
0.12908848 -0.019183009 0.0
0.16018798 -0.019164804 0.0
0.10882175 -0.01378991 0.0
0.15771269 -0.019865909 0.0
0.16601331 -0.020839913 0.0
0.15241767 -0.020843157 0.0
0.15023135 -0.021366468 0.0
0.15074585 -0.018503704 0.0
0.15114745 -0.020372088 0.0
0.15006515 -0.019028089 0.0
0.15180183 -0.01762792 0.0
0.12671706 -0.017099304 0.0
0.15453662 -0.019993371 0.0
0.10859958 -0.018279583 0.0
0.14103651 -0.019693795 0.0
0.14788408 -0.017689074 0.0
0.086602811 -0.011628043 0.0
0.086405175 -0.014017683 0.0
0.10947111 -0.016786453 0.0
0.11366656 -0.016619985 0.0
0.1415209 -0.020222958 0.0
0.15452493 -0.022425722 0.0
0.10829365 -0.015272644 0.0
0.1289211 -0.019555096 0.0
0.14707845 -0.020296896 0.0
0.097444666 -0.01670511 0.0
0.13026715 -0.019326779 0.0
0.096308927 -0.01356998 0.0
0.15356741 -0.019827711 0.0
0.15537235 -0.017883442 0.0
0.11813967 -0.015446387 0.0
0.11376015 -0.016274942 0.0
0.13857015 -0.019947193 0.0
0.10323078 -0.017172174 0.0
0.095415737 -0.013676737 0.0
0.10042808 -0.014393052 0.0
0.13158128 -0.015610563 0.0
0.10947486 -0.014809857 0.0
0.10700614 -0.0069883869 0.0
0.03213105 -0.0078414938 0.0
0.14489947 -0.017202394 0.0
0.15616118 -0.018212253 0.0
0.11076479 -0.014777653 0.0
0.13750032 -0.016942747 0.0
0.078649145 -0.0098228806 0.0
0.061860935 -0.0067573215 0.0
0.15560194 -0.018311862 0.0
0.16751171 -0.01829672 0.0
0.12355408 -0.015701678 0.0
0.10920016 -0.012978304 0.0
0.092010603 -0.011500784 0.0
0.1117646 -0.0141983 0.0
0.10070354 -0.014207854 0.0
0.085098303 -0.011781295 0.0
0.074198628 -0.0099595517 0.0
0.099057651 -0.013847904 0.0
0.073109663 -0.0094152943 0.0
0.076398 -0.0098075582 0.0
0.069498148 -0.010804853 0.0
0.065594062 -0.0071937313 0.0
0.083026739 -0.0090106613 0.0
0.11034393 -0.010855685 0.0
0.08139474 -0.011993284 0.0
0.085412591 -0.011041571 0.0
0.11210313 -0.011542907 0.0
0.084361792 -0.01012655 0.0
0.1594443 -0.014574184 0.0
0.1626143 -0.017029425 0.0
0.029181968 -0.0075644954 0.0
0.15466164 -0.014611193 0.0
0.14772549 -0.018086087 0.0
0.14803099 -0.016469069 0.0
0.11770319 -0.014634013 0.0
0.1126476 -0.012563292 0.0
0.064270465 -0.01173343 0.0
0.066914824 -0.0074110031 0.0
0.10221424 -0.013512609 0.0
0.10306057 -0.011743329 0.0
0.089000058 -0.0058796125 0.0
0.11526662 -0.013354392 0.0
0.10359219 -0.012323356 0.0
0.11581448 -0.013028741 0.0
0.11352526 -0.012638747 0.0
0.0038001737 -0.00022106585 0.0
0.12550872 -0.014839149 0.0
0.12298485 -0.014061763 0.0
0.091529295 -0.012465742 0.0
0.10000904 -0.012534689 0.0
0.15165579 -0.017130338 0.0
0.13792219 -0.012034642 0.0
0.16099028 -0.017654112 0.0
0.16231368 -0.019126721 0.0
0.14317065 -0.017882528 0.0
0.1358967 -0.017696336 0.0
0.12276234 -0.013625003 0.0
0.15668041 -0.015632288 0.0
0.11898672 -0.014036956 0.0
0.12308606 -0.01530649 0.0
0.12500402 -0.01410569 0.0
0.13946238 -0.015747588 0.0
0.088861012 -0.012953776 0.0
0.048321902 -0.0058858064 0.0
0.0065116093 -0.00018046539 0.0
0.074329394 -0.0089522549 0.0
0.10566436 -0.011696103 0.0
0.12150484 -0.01357123 0.0
0.07726619 -0.0051671032 0.0
0.11998845 -0.013367333 0.0
0.10442194 -0.010991289 0.0
0.1194158 -0.012600693 0.0
0.094200693 -0.010844285 0.0
0.10734436 -0.010247127 0.0
0.15158087 -0.015004399 0.0
0.11354366 -0.011135243 0.0
0.10941189 -0.011777651 0.0
0.090608168 -0.0090306768 0.0
0.093069932 -0.0092330501 0.0
0.034885399 -0.0037105045 0.0
0.10308847 -0.010198308 0.0
0.11206718 -0.010534511 0.0
0.034529272 -0.011553759 0.0
0.027760777 -0.011594398 0.0
0.1231823 -0.010982336 0.0
0.11244135 -0.011009799 0.0
0.16337027 -0.017312193 0.0
0.1320581 -0.014727232 0.0
0.15725666 -0.017042438 0.0
0.13235038 -0.011712746 0.0
0.16300833 -0.016116112 0.0
0.12283142 -0.011649368 0.0
0.030055101 -0.0065076188 0.0
0.16096113 -0.021760265 0.0
0.14303675 -0.018547442 0.0
0.1281727 -0.017334255 0.0
0.12892235 -0.016184883 0.0
0.13842562 -0.017369778 0.0
0.14535595 -0.016478279 0.0
0.15499071 -0.016434283 0.0
0.095579494 -0.014669601 0.0
0.062443925 -0.0098790486 0.0
0.11787367 -0.011134537 0.0
0.16353108 -0.016353709 0.0
0.15503569 -0.016919254 0.0
0.15290133 -0.01606186 0.0
0.053804269 -0.01558676 0.0
0.16751702 -0.019012065 0.0
0.16132691 -0.018181882 0.0
0.15914536 -0.020433307 0.0
0.14139391 -0.01626923 0.0
0.13304636 -0.015121609 0.0
0.12563998 -0.011804248 0.0
0.16920709 -0.019991667 0.0
0.08529652 -0.0087743311 0.0
0.075702757 -0.0087533921 0.0
0.12056787 -0.012740101 0.0
0.09746167 -0.019975084 0.0
0.17063054 -0.021231141 0.0
0.16946633 -0.017851658 0.0
0.05426939 -0.007090458 0.0
0.012769604 -0.0027046409 0.0
0.0098257803 0.00089004094 0.0
0.053253858 -0.0034352141 0.0
0.13760821 -0.016350802 0.0
0.12955002 -0.014578973 0.0
0.12974983 -0.01417259 0.0
0.14031431 -0.015827178 0.0
0.051005839 -0.013034746 0.0
0.10278074 -0.011002784 0.0
0.15321069 -0.015519573 0.0
0.020004888 -0.010796272 0.0
0.12741487 -0.013668388 0.0
0.055726505 -0.0064894935 0.0
0.1647403 -0.019721532 0.0
0.16342167 -0.016303517 0.0
0.10235332 -0.010134991 0.0
0.14620175 -0.016306021 0.0
0.13832957 -0.014875537 0.0
0.12247354 -0.012334401 0.0
0.012791076 -0.00098118611 0.0
0.15735449 -0.012694391 0.0
0.07014288 -0.0072631 0.0
0.078931411 -0.010118991 0.0
0.068365845 -0.016326548 0.0
0.033486375 -0.0059062959 0.0
0.10452653 -0.0041116899 0.0
0.052097932 -0.011594034 0.0
0.023215233 -0.0030271027 0.0
0.019730166 -0.0022517199 0.0
0.16206814 -0.022539917 0.0
0.16733167 -0.022136999 0.0
0.072666834 -0.012275193 0.0
0.16622809 -0.017450154 0.0
0.056339915 -0.008554362 0.0
0.11801872 -0.010746328 0.0
0.030296181 -0.0084308793 0.0
0.040782978 -0.0139722 0.0
0.15621804 -0.021282759 0.0
0.16458158 -0.017981614 0.0
0.073546701 -0.0023803202 0.0
0.1399805 -0.013266363 0.0
0.017134982 -0.0059643523 0.0
0.15930665 -0.014992828 0.0
0.045382919 -0.010321402 0.0
0.15870893 -0.013002376 0.0
0.16746064 -0.017917755 0.0
0.002886037 -0.00063480533 0.0
0.041147138 -0.0084258885 0.0
0.079407257 -0.01610525 0.0
0.061327051 -0.0084219467 0.0
0.050333815 -0.0036628456 0.0
0.051229459 -0.010386182 0.0
0.00068985944 -0.00012692834 0.0
0.16875946 -0.019592131 0.0
0.0034733711 -0.00057533632 0.0
0.15465189 -0.013716126 0.0
0.16215693 -0.015413412 0.0
0.019105234 -0.0018430847 0.0
0.028531614 -0.0046945365 0.0
0.0068218712 -0.0010569229 0.0
0.0010090434 -5.1110476e-05 0.0
0.15994579 -0.017793755 0.0
0.0048119476 -0.00021297234 0.0
0.15033714 -0.013428766 0.0
0.020892797 -0.0068408904 0.0
0.066772183 -0.013617063 0.0
0.015580926 -0.0022906654 0.0
0.064077738 -0.009506466 0.0
0.15922382 -0.013283178 0.0
0.060849416 -0.0064497104 0.0
0.017161146 -0.00098742444 0.0
0.1625457 -0.015713634 0.0
0.16683201 -0.018849674 0.0
0.16641913 -0.021328806 0.0
0.077571718 -0.012416574 0.0
0.069311079 -0.0099647457 0.0
0.15141773 -0.015356543 0.0
0.10964629 -0.0089865577 0.0
0.14686582 -0.015652461 0.0
0.13996266 -0.015072833 0.0
0.056181881 -0.01146456 0.0
0.16602876 -0.017877311 0.0
0.12510291 -0.01035722 0.0
0.15518396 -0.015219391 0.0
0.016459036 -0.01043818 0.0
0.16562728 -0.021893512 0.0
0.16677403 -0.01776552 0.0
0.0083426251 -0.00072328881 0.0
0.15357755 -0.014197734 0.0
0.048400545 -0.0047148623 0.0
0.055440333 -0.012499904 0.0
0.01149684 -0.0079308512 0.0
0.13566897 -0.010456831 0.0
0.16583816 -0.019674121 0.0
0.076329495 -0.01281343 0.0
0.056929029 -0.0085187998 0.0
0.053361707 -0.0075575511 0.0
0.067716373 -0.0075362106 0.0
0.075724226 -0.0092594402 0.0
0.062561434 -0.0077760871 0.0
0.01877297 -0.00011483695 0.0
0.055030952 -0.012807048 0.0
0.0017785134 -0.00016608999 0.0
0.051049763 -0.0096845438 0.0
0.16095145 -0.016665049 0.0
0.015364477 -0.0019262811 0.0
0.054097436 -0.011955525 0.0
0.079935536 -0.017823254 0.0
0.16211481 -0.016476453 0.0
0.034727339 -0.0068820937 0.0
0.077043758 -0.01186973 0.0
0.060285551 -0.0090537855 0.0
0.043729619 -0.0056586906 0.0
0.03602614 -0.0040528471 0.0
0.036068424 -0.0043577507 0.0
0.0043656894 -0.00053175304 0.0
0.16811 -0.018614263 0.0
0.041125654 -0.0089340584 0.0
0.084705944 -0.013022167 0.0
0.098484636 -0.016172496 0.0
0.051613101 -0.0069299806 0.0
0.0477948 -0.0070441241 0.0
0.039286001 -0.0091016138 0.0
0.027492698 -0.0015764269 0.0
0.065882773 -0.012834876 0.0
0.066562548 -0.013631682 0.0
0.090636199 -0.0084884919 0.0
0.092813059 -0.01883868 0.0
0.1648931 -0.017187705 0.0
0.062618123 -0.013499464 0.0
0.091782508 -0.013756734 0.0
0.091825313 -0.014691045 0.0
0.075815982 -0.014654061 0.0
0.061148671 -0.0099380115 0.0
0.063082941 -0.010033181 0.0
0.040158678 -0.0045608365 0.0
0.16424326 -0.016324254 0.0
0.16071139 -0.015068087 0.0
0.0073877341 -0.00064100056 0.0
0.023798721 -0.0052437012 0.0
0.15454153 -0.013039798 0.0
0.15024694 -0.014218133 0.0
0.15514938 -0.0129459 0.0
0.15895591 -0.013234158 0.0
0.055398922 -0.0054666855 0.0
0.029732539 -0.0035708756 0.0
0.011301429 -0.00096809562 0.0
0.15835819 -0.014140916 0.0
0.067095714 -0.01141144 0.0
0.048499179 -0.0078571202 0.0
0.041759138 -0.005511426 0.0
0.033144002 -0.003489496 0.0
0.038793399 -0.0069317703 0.0
0.009803439 -0.0019899546 0.0
0.14844912 -0.014379791 0.0
0.15977119 -0.017350297 0.0
0.12394266 -0.010649794 0.0
0.16453924 -0.016457475 0.0
0.041953601 -0.010721506 0.0
0.16430473 -0.016338277 0.0
0.072480385 -0.0058502618 0.0
0.16628926 -0.017996417 0.0
0.063117319 -0.014403867 0.0
0.062443437 -0.016406378 0.0
0.042516768 -0.0099960023 0.0
0.022717368 -0.0046024518 0.0
0.16324748 -0.017994037 0.0
0.0017579744 -0.00017024924 0.0
0.15903713 -0.015964142 0.0
0.046440585 -0.015914583 0.0
0.15679963 -0.016019988 0.0
0.06963293 -0.016632875 0.0
0.16062377 -0.014137908 0.0
0.15837698 -0.014592319 0.0
0.06918801 -0.013100992 0.0
0.1577959 -0.01254696 0.0
0.049030276 -0.0061879933 0.0
0.046311433 -0.0061770415 0.0
0.045767208 -0.01539568 0.0
0.16052101 -0.014444754 0.0
0.1695061 -0.021313807 0.0
0.016118689 -0.0099935716 0.0
0.019229897 -0.0049551053 0.0
0.13104004 -0.013934602 0.0
0.014967457 -0.0038104409 0.0
0.014016755 -0.003177977 0.0
0.044088784 -0.0037461993 0.0
0.0037142374 -0.0010304593 0.0
0.0096127829 -0.0024166234 0.0
0.008783142 -0.0031023226 0.0
0.020132291 -0.0023206981 0.0
0.030561112 -0.0087244092 0.0
0.14876322 -0.014067403 0.0
0.16189403 -0.015291268 0.0
0.16456066 -0.016945043 0.0
0.16512455 -0.017095003 0.0
0.073269404 -0.012492984 0.0
0.053849772 -0.0096696425 0.0
0.086046094 -0.015397243 0.0
0.083252956 -0.016307684 0.0
0.033236033 -0.0060102799 0.0
0.038631379 -0.0049619498 0.0
0.077257428 -0.015515524 0.0
0.068350324 -0.015380349 0.0
0.056521751 -0.01028447 0.0
0.04481431 -0.0073451468 0.0
0.038925653 -0.0057274211 0.0
0.030541378 -0.0045739366 0.0
0.047802748 -0.0059202977 0.0
0.023792532 -0.0028399116 0.0
0.023193849 -0.0029495904 0.0
0.041855762 -0.0048237089 0.0
0.015912877 -0.0018272161 0.0
0.043983959 -0.0079484127 0.0
0.036510711 -0.0046193378 0.0
0.032755559 -0.0041766762 0.0
0.042790629 -0.0073384163 0.0
0.0349334 -0.0064902476 0.0
0.061503838 -0.0069170251 0.0
0.032278793 -0.0040015744 0.0
0.021924857 -0.0060227902 0.0
0.044558497 -0.0056142834 0.0
0.024887714 -0.0034805651 0.0
0.036548557 -0.0058899715 0.0
0.15946156 -0.016219221 0.0
0.15736639 -0.017400379 0.0
0.15810967 -0.015112454 0.0
0.063260716 -0.01456665 0.0
0.010043111 -0.0077501227 0.0
0.16120272 -0.015455924 0.0
0.16051676 -0.016193941 0.0
0.15594757 -0.014769686 0.0
0.15977005 -0.015299215 0.0
0.1582002 -0.013769935 0.0
0.15934885 -0.014013438 0.0
0.15957409 -0.013580805 0.0
0.13065033 -0.011893449 0.0
0.16101872 -0.014396002 0.0
0.16001682 -0.014164787 0.0
0.1597741 -0.013527105 0.0
0.1596243 -0.014301355 0.0
0.15769859 -0.014592808 0.0
0.15735701 -0.012422367 0.0
0.16177803 -0.01489652 0.0
0.16539042 -0.017113467 0.0
0.16518304 -0.01836903 0.0
0.16439095 -0.019342293 0.0
0.16354112 -0.018199139 0.0
0.14508629 -0.01493956 0.0
0.00042943296 1.1663781e-05 0.0
0.048803955 -0.01170294 0.0
0.12058459 -0.0064408034 0.0
0.025926465 -0.0039682742 0.0
0.017443793 -0.0035900374 0.0
0.017669524 -0.0024973527 0.0
0.007756009 -0.0012340311 0.0
0.062665737 -0.012888653 0.0
0.084474117 -0.016678472 0.0
0.09305536 -0.018202737 0.0
0.089084719 -0.017697509 0.0
0.076360071 -0.015689996 0.0
0.093197303 -0.019882365 0.0
0.075782526 -0.015331065 0.0
0.1018024 -0.020155365 0.0
0.081937229 -0.017225243 0.0
0.094446055 -0.018613709 0.0
0.079612148 -0.020065735 0.0
0.022722663 -0.0060287075 0.0
0.028252088 -0.008143027 0.0
0.009467452 -0.0016432822 0.0
0.00049674267 -9.5064256e-05 0.0
0.015495606 -0.00091145191 0.0
0.0038950228 -0.0017490457 0.0
0.0087693407 -0.0026012785 0.0
0.019440877 -0.0089093045 0.0
-9.208709e-06 -7.6983848e-05 0.0
0.015142302 -0.001256052 0.0
0.012269359 -0.0088245633 0.0
0.0091696107 -0.0052769385 0.0
0.001888155 -0.00061663725 0.0
-0.00022486388 -0.00034474765 0.0
0.01102379 -0.0019222934 0.0
9.1066145e-05 -0.00030536582 0.0
0.0029890364 -0.00036006343 0.0
0.003094807 -0.00018841628 0.0
0.021469338 -0.002009651 0.0
0.18427487 0.047937376 0.0
0.18451265 0.043208367 0.0
0.18190145 0.03635624 0.0
0.17628301 0.038830664 0.0
0.14629168 0.081341666 0.0
0.15032049 0.068059605 0.0
0.16512821 0.031900722 0.0
0.16406179 0.036368565 0.0
0.15686203 0.023618419 0.0
0.15944217 0.027392118 0.0
0.15905792 0.028323 0.0
0.16371681 0.032519199 0.0
0.16482501 0.028684853 0.0
0.16231525 0.031505013 0.0
0.13686968 0.044594477 0.0
0.14121222 0.030213684 0.0
0.10268869 0.046359965 0.0
0.092310053 0.047582963 0.0
0.14831798 0.017536445 0.0
0.14989736 0.018380815 0.0
0.13809264 0.024846045 0.0
0.14801672 0.028876654 0.0
0.15290354 0.01960901 0.0
0.15016203 0.018527701 0.0
0.15353913 0.02202916 0.0
0.15343632 0.023867646 0.0
0.15195581 0.024434732 0.0
0.15395809 0.027078339 0.0
0.14558862 0.014674977 0.0
0.1445786 0.012853025 0.0
0.15257589 0.023711473 0.0
0.14930319 0.024410228 0.0
0.15188154 0.020957106 0.0
0.15077928 0.023753339 0.0
0.150412 0.019241785 0.0
0.14907241 0.018590673 0.0
0.12928354 0.015772359 0.0
0.14069109 0.033071399 0.0
0.14962604 0.018102976 0.0
0.14735751 0.016389463 0.0
0.14822039 0.017043648 0.0
0.14558393 0.014646121 0.0
0.15891357 0.023127396 0.0
0.15893085 0.019166116 0.0
0.10706012 0.0067603078 0.0
0.11983789 0.0089832739 0.0
0.11671344 0.008406593 0.0
0.099076014 0.0055963038 0.0
0.08597994 0.004028683 0.0
0.10196241 0.0058817027 0.0
0.06965134 0.0027201393 0.0
0.08140732 0.0045968883 0.0
0.14213305 0.011090909 0.0
0.1417813 0.0096615071 0.0
0.14381862 0.0137326 0.0
0.14823183 0.016969785 0.0
0.042138544 -0.00032195193 0.0
0.013123595 0.00013906716 0.0
0.04493405 6.4302926e-05 0.0
0.14633749 0.014853307 0.0
0.16027797 0.021286369 0.0
0.14516684 0.012985022 0.0
0.15920186 0.021328717 0.0
0.17041787 0.019477026 0.0
0.15823294 0.020061939 0.0
0.15214703 0.015908158 0.0
0.16831258 0.027040129 0.0
0.16536797 0.019212262 0.0
0.15084488 0.015744656 0.0
0.15296494 0.016210469 0.0
0.127163 0.010385175 0.0
0.13455389 0.011898109 0.0
0.12526477 0.010336201 0.0
0.10649226 0.0059259774 0.0
0.051510785 0.000577093 0.0
0.025767324 -0.00027900797 0.0
0.066418315 0.001139659 0.0
0.090991876 0.0048398618 0.0
0.085072597 0.0041413305 0.0
0.052187823 0.00071289706 0.0
0.014279377 0.00048779999 0.0
0.023559748 0.00038695018 0.0
0.1260444 0.0034767944 0.0
0.12762068 0.0042559867 0.0
0.044721333 4.8148587e-06 0.0
0.01875588 -0.001167844 0.0
0.017429734 0.00034232556 0.0
0.108621 0.0015385826 0.0
0.10973921 0.00068948982 0.0
0.10173393 0.0010674721 0.0
0.11048736 0.0017070201 0.0
0.1003954 0.00070199591 0.0
0.10426766 0.032881247 0.0
0.025425207 0.00079922887 0.0
0.014136603 0.00068660355 0.0
0.1252408 0.0061882173 0.0
0.088555972 0.0013291382 0.0
0.20930031 0.027708747 0.0
0.20889319 0.026540105 0.0
0.20632267 0.026793521 0.0
0.20714843 0.018962703 0.0
0.1008077 -0.0085503698 0.0
0.11919683 -0.0069846721 0.0
0.15693168 -0.0010218096 0.0
0.16115117 -0.0041983506 0.0
0.12294406 -0.0075672401 0.0
0.15948561 -0.010311055 0.0
0.19836952 0.019562696 0.0
0.19200619 0.012359866 0.0
0.17701908 0.005981308 0.0
0.19233174 0.0051747427 0.0
0.18872466 0.053170974 0.0
0.1800957 0.055714895 0.0
0.17744153 0.051300561 0.0
0.16778794 0.053875499 0.0
0.15788383 0.06216653 0.0
0.15889988 0.068359381 0.0
0.17146453 0.023844365 0.0
0.16430367 0.024136146 0.0
0.18640814 0.0168309 0.0
0.18885411 0.01488241 0.0
0.17793518 0.010820356 0.0
0.17529551 0.0089011248 0.0
0.20947716 0.015184709 0.0
0.21359121 0.014530523 0.0
0.073297437 0.00030410569 0.0
0.062842921 1.5639754e-05 0.0
0.020635216 -0.00076883036 0.0
0.090263273 0.00091616551 0.0
0.059978975 0.00063792478 0.0
0.10786057 0.0004992842 0.0
0.02223025 -0.00060162196 0.0
0.13911961 -0.0008179028 0.0
0.1119376 -0.00070334254 0.0
0.043963299 0.00027736626 0.0
0.051618691 0.00015596794 0.0
0.088626117 0.001051026 0.0
0.010088094 0.00042045677 0.0
0.074450611 0.00049447134 0.0
0.035927382 -0.0013535289 0.0
0.074334977 0.0027400424 0.0
0.031852778 0.00064345178 0.0
0.024243935 0.001327239 0.0
0.015768005 0.00070128957 0.0
0.16668958 0.015275443 0.0
0.18225092 0.019880447 0.0
0.17937935 0.016748576 0.0
0.17656354 0.017538789 0.0
0.173784 0.011499113 0.0
0.17370398 0.013486009 0.0
0.20618727 0.0010118869 0.0
0.20888768 0.003121724 0.0
0.20452382 -0.0013866846 0.0
0.2067223 -0.0037557799 0.0
0.1665377 -0.0051216327 0.0
0.16816586 -0.0061131745 0.0
0.14521973 -0.0029347233 0.0
0.16118191 -0.0010924858 0.0
0.13143999 0.0095646285 0.0
0.14427689 0.013125403 0.0
0.15271392 0.015544157 0.0
0.17152212 0.023268733 0.0
0.19631723 -0.0049709985 0.0
0.18842532 -0.0047489389 0.0
0.19477813 -0.0067503451 0.0
0.17329149 -0.0048773571 0.0
0.21082938 -0.011085796 0.0
0.20925889 -0.013333015 0.0
0.19606664 -0.010999382 0.0
0.20777264 -0.01130552 0.0
0.21409168 -0.0021623861 0.0
0.21450195 -0.0046856375 0.0
0.17227077 -0.018364169 0.0
0.17246448 -0.020287665 0.0
0.20126414 -0.021553005 0.0
0.20027945 -0.021065207 0.0
0.19771209 -0.023578992 0.0
0.19804572 -0.023822037 0.0
0.17076391 -0.01838371 0.0
0.15752414 -0.018781155 0.0
0.18002208 -0.028061071 0.0
0.19194036 -0.025829118 0.0
0.18398176 -0.016395666 0.0
0.11154994 -0.0067555913 0.0
0.19344883 -0.0073821149 0.0
0.19658076 -0.014785641 0.0
0.19189298 -0.018749114 0.0
0.061356682 -0.0022359085 0.0
0.19082586 -0.015960796 0.0
0.18984691 -0.016696281 0.0
0.19475981 -0.024032819 0.0
0.18388 -0.022660432 0.0
0.19528632 -0.024671285 0.0
0.19679611 -0.023639054 0.0
0.16246828 -0.012549438 0.0
0.1791941 -0.012711918 0.0
0.20373512 -0.011310617 0.0
0.20073559 -0.013639587 0.0
0.18530097 -0.0045090122 0.0
0.15189079 -0.0074986318 0.0
0.19475132 -0.0081485184 0.0
0.18912183 -0.0069422144 0.0
0.19103424 0.0030143719 0.0
0.20447381 0.0084398736 0.0
0.17880412 -0.0015744821 0.0
0.19816682 0.0017541658 0.0
0.1426703 -0.025397478 0.0
0.1317052 -0.025240834 0.0
0.1168809 -0.018410836 0.0
0.11353746 -0.015884159 0.0
0.042190661 -0.0077618329 0.0
0.030737059 -0.01223224 0.0
0.067379902 -0.018430862 0.0
0.084353783 -0.020129171 0.0
0.053966386 -0.013325767 0.0
0.062973105 -0.0164091 0.0
0.034152968 -0.0091413473 0.0
0.044457614 -0.014609309 0.0
0.053019228 -0.014431625 0.0
0.044025733 -0.014318326 0.0
0.046916229 -0.014313156 0.0
0.059722412 -0.017118822 0.0
0.038999275 -0.0099469379 0.0
0.045864735 -0.015156037 0.0
0.093756864 -0.023374546 0.0
0.063891493 -0.0178211 0.0
0.1505978 -0.026897513 0.0
0.14212944 -0.026557178 0.0
0.12281007 -0.02709462 0.0
0.10996214 -0.025078752 0.0
0.096253426 -0.0231877 0.0
0.10101598 -0.0242336 0.0
0.1862781 -0.02597122 0.0
0.18939188 -0.019539914 0.0
0.091232092 -0.022812256 0.0
0.090846366 -0.022059968 0.0
0.10356764 -0.023909331 0.0
0.084368012 -0.022635776 0.0
0.074536151 -0.019999009 0.0
0.080768052 -0.020769328 0.0
0.076345263 -0.021369787 0.0
0.086496626 -0.022156579 0.0
0.07131873 -0.019561402 0.0
0.056330312 -0.016578787 0.0
0.079155293 -0.020748194 0.0
0.05418028 -0.016699831 0.0
0.042656589 -0.015298988 0.0
0.054111968 -0.016148562 0.0
0.018182326 -0.006943607 0.0
0.022103427 -0.012087129 0.0
0.059675762 -0.017325536 0.0
0.039599099 -0.014704722 0.0
0.03210164 -0.01342737 0.0
0.038395916 -0.013975105 0.0
0.17715992 -0.020604453 0.0
0.17849373 -0.021237135 0.0
0.1631042 -0.015859393 0.0
0.10606546 -0.0058977224 0.0
0.17680793 -0.020899396 0.0
0.17390447 -0.019006416 0.0
0.17528852 -0.020302884 0.0
0.17337388 -0.019128908 0.0
0.16656271 -0.017106162 0.0
0.15595342 -0.013992767 0.0
0.1745187 -0.020292399 0.0
0.17175817 -0.018547532 0.0
0.1678051 -0.016948807 0.0
0.17288062 -0.018926907 0.0
0.17000926 -0.017791377 0.0
0.15399916 -0.013252041 0.0
0.16495073 -0.015939297 0.0
0.15951959 -0.01487831 0.0
0.15702377 -0.013924 0.0
0.14816616 -0.012339372 0.0
0.14824137 -0.012345445 0.0
0.1735765 -0.018819497 0.0
0.16475006 -0.015868772 0.0
0.15310228 -0.013130442 0.0
0.17876107 -0.021022845 0.0
0.17875023 -0.020502897 0.0
0.17194773 -0.018374623 0.0
0.18257707 -0.020849122 0.0
0.16787391 -0.017557906 0.0
0.17697014 -0.01995281 0.0
0.15480243 -0.013663025 0.0
0.10185958 -0.0045611334 0.0
0.17168177 -0.018198312 0.0
0.16799666 -0.016904537 0.0
0.13599781 -0.010086984 0.0
0.16548139 -0.015694128 0.0
0.14589844 -0.011267628 0.0
0.14363148 -0.010912528 0.0
0.15477085 -0.013884803 0.0
0.1379969 -0.010893433 0.0
0.16319289 -0.015756599 0.0
0.15096431 -0.013013321 0.0
0.088700185 -0.0032320142 0.0
0.12333449 -0.0085340231 0.0
0.1481149 -0.011699063 0.0
0.15364052 -0.013282125 0.0
0.14310336 -0.011552142 0.0
0.14007908 -0.010833282 0.0
0.1441835 -0.011588989 0.0
0.11652405 -0.0066429155 0.0
0.16486306 -0.016386273 0.0
0.14733504 -0.012026924 0.0
0.10663896 -0.0054197347 0.0
0.12465881 -0.0080472797 0.0
0.12032794 -0.0073748937 0.0
0.14506829 -0.011552351 0.0
0.14785531 -0.011920383 0.0
0.12041722 -0.0077265306 0.0
0.16840874 -0.017702912 0.0
0.17115896 -0.020025697 0.0
0.1353669 -0.0092223228 0.0
0.12550228 -0.0082087133 0.0
0.13987948 -0.011107525 0.0
0.14914501 -0.012623283 0.0
0.14578328 -0.012177482 0.0
0.13345155 -0.0097608351 0.0
0.13031044 -0.00736174 0.0
0.126888 -0.0086313695 0.0
0.15922303 -0.014395426 0.0
0.16571397 -0.016576183 0.0
0.16780432 -0.017852439 0.0
0.16260024 -0.015925566 0.0
0.048370808 -0.00027939906 0.0
0.10699879 -0.0052748892 0.0
0.096243976 -0.0045931227 0.0
0.14125464 -0.010370225 0.0
0.13813266 -0.010666415 0.0
0.066901846 -0.002892943 0.0
0.09032606 -0.0046541164 0.0
0.11961418 -0.0076075347 0.0
0.093554195 -0.0032811379 0.0
0.13247488 -0.0099822502 0.0
0.1496856 -0.01286236 0.0
0.02810784 0.0005464694 0.0
0.13033943 -0.0083209304 0.0
0.1074008 -0.0061993174 0.0
0.13215899 -0.0091107515 0.0
0.070344839 -0.0014910002 0.0
0.12165765 -0.0077769788 0.0
0.1181811 -0.0079949345 0.0
0.15906403 -0.014656845 0.0
0.15520111 -0.013937125 0.0
0.08008904 -0.0028871987 0.0
0.12750477 -0.0089448178 0.0
0.1283231 -0.0088886128 0.0
0.10795379 -0.0065874249 0.0
0.036716215 -0.0018964105 0.0
0.10541862 -0.0051878102 0.0
0.093337288 -0.0031694408 0.0
0.13540993 -0.0097712441 0.0
0.16597757 -0.017260826 0.0
0.16068804 -0.015495168 0.0
0.161226 -0.015425867 0.0
0.12864405 -0.0090428462 0.0
0.10740621 -0.0064827928 0.0
0.085055287 -0.0036189015 0.0
0.13070708 -0.0085287755 0.0
0.13221632 -0.0097849768 0.0
0.096521639 -0.0045975292 0.0
0.14627524 -0.01127196 0.0
0.13493619 -0.0099569426 0.0
0.080790431 -0.0021137589 0.0
0.11671277 -0.0076701322 0.0
0.13274612 -0.0097035852 0.0
0.1634213 -0.015910031 0.0
0.16253514 -0.015811819 0.0
0.16352094 -0.016117238 0.0
0.15709881 -0.014174056 0.0
0.11124808 -0.0061026893 0.0
0.14019028 -0.010750477 0.0
0.1544644 -0.013668294 0.0
0.14276421 -0.010201224 0.0
0.086857955 -0.003840763 0.0
0.073522595 -0.0016200317 0.0
0.10890853 -0.0067863195 0.0
0.045747417 -0.0026233253 0.0
0.11271515 -0.0065597909 0.0
0.10144725 -0.0045703334 0.0
0.16031273 -0.014011083 0.0
0.068927523 -0.00287252 0.0
0.02958349 0.0016408854 0.0
0.11691025 -0.0067926186 0.0
0.058997905 -0.0010879529 0.0
0.067593742 -0.00037529947 0.0
0.067453694 -0.0011146002 0.0
0.12169051 -0.0078295322 0.0
0.01412811 -0.00087206958 0.0
0.11943105 -0.007105605 0.0
0.10446158 -0.0064909842 0.0
0.094122164 -0.0051853541 0.0
0.11461245 -0.0070807417 0.0
0.089847514 -0.0045261819 0.0
0.075302107 -0.0031801052 0.0
0.062428688 -0.0018315133 0.0
0.092437 -0.0043375437 0.0
0.047256119 -0.00022437855 0.0
0.10403043 -0.0049500396 0.0
0.094403739 -0.0040826265 0.0
0.067132531 -0.00099465941 0.0
0.0063305528 -0.00032245168 0.0
0.053006692 0.00016978745 0.0
0.077435574 -0.0027555122 0.0
0.071708719 -0.0024059299 0.0
0.051710832 -0.0021558122 0.0
0.060658683 -0.0014922723 0.0
0.068490615 -0.0023373857 0.0
0.056223077 -0.0015000096 0.0
0.0065089448 0.00062783497 0.0
0.014722862 -0.0012041666 0.0
0.043924702 -0.0031928898 0.0
0.038989648 -0.0019203045 0.0
0.088257444 -0.0032036701 0.0
0.050582558 -0.00024091223 0.0
0.016152362 -0.00095977624 0.0
0.054988609 -0.00092086306 0.0
0.067978318 -0.0013047866 0.0
0.050463494 -0.0010085329 0.0
0.0053297149 -0.0002093292 0.0
0.064448507 -0.0034254009 0.0
0.079615954 -0.0022684739 0.0
0.036507216 -0.0010293742 0.0
0.01123424 -0.00063385806 0.0
0.025006772 -0.0005233555 0.0
0.049526024 -0.0025381596 0.0
0.037748109 -0.00018832749 0.0
0.013892084 -0.00035909588 0.0
0.029617094 -0.0026157846 0.0
0.028032702 -0.0014541144 0.0
0.014357098 -0.00048937462 0.0
0.026386668 0.0014792746 0.0
0.047116029 0.00070958216 0.0
0.0034601884 0.00019700888 0.0
0.032660047 -0.0020155257 0.0
0.0064587114 -0.00035126483 0.0
0.010995756 0.00066890598 0.0
0.087573496 -0.0030574834 0.0
0.072693563 -0.0017186108 0.0
0.034794465 -0.0013728649 0.0
0.0142739 -0.0010380234 0.0
0.021800251 0.0022114368 0.0
0.040715689 0.00029037881 0.0
0.044451057 -0.0011836848 0.0
0.022763795 0.00081028669 0.0
0.039511566 0.00032765796 0.0
0.064190348 -0.0017575055 0.0
0.085505107 -0.0028625337 0.0
0.042196256 -0.00024646421 0.0
0.082315975 -0.0025363225 0.0
0.025158692 -0.00043551199 0.0
0.027808961 -0.0010665935 0.0
0.073939857 -0.0012193656 0.0
0.092192997 -0.0035131204 0.0
0.083903113 -0.0022973412 0.0
0.064323057 -0.0010720971 0.0
0.10340124 -0.0054389521 0.0
0.10887571 -0.0057264239 0.0
0.043381698 -0.0015046511 0.0
0.093432294 -0.0042416799 0.0
0.065782122 -0.0013897081 0.0
0.095333364 -0.0056528742 0.0
0.069420046 -0.00065263683 0.0
0.086113989 -0.0027924861 0.0
0.096223676 -0.004839884 0.0
0.15942778 -0.01413394 0.0
0.074147599 -0.0020384225 0.0
0.11716023 -0.0063228207 0.0
0.10762846 -0.0063288195 0.0
0.019970447 0.00097511975 0.0
0.10651177 -0.0059172778 0.0
0.13090623 -0.0094196192 0.0
0.11123567 -0.0055792332 0.0
0.12436724 -0.0083282183 0.0
0.016199385 -0.0001548603 0.0
0.01272204 0.00031094493 0.0
0.14748082 -0.011429905 0.0
0.11041314 -0.0059915697 0.0
0.046866746 1.9744795e-05 0.0
0.080481887 -0.004541167 0.0
0.18450201 -0.016230536 0.0
0.12446723 -0.007408688 0.0
0.15330231 -0.012887104 0.0
0.15773539 -0.015014507 0.0
0.10967194 -0.006365655 0.0
0.11787933 -0.0070647414 0.0
0.066062734 -0.0015145293 0.0
0.040034299 0.00017647573 0.0
0.068651235 -0.0025681975 0.0
0.10943114 -0.0069182804 0.0
0.13830064 -0.010682602 0.0
0.14268627 -0.011524226 0.0
0.11508275 -0.0062619273 0.0
0.14718136 -0.011790823 0.0
0.15329253 -0.013932158 0.0
0.14284321 -0.011398107 0.0
0.14465236 -0.011377749 0.0
0.083684654 -0.0035133982 0.0
0.1262042 -0.0094621766 0.0
0.15678848 -0.014505437 0.0
0.059970838 -0.0024212085 0.0
0.049123872 -0.0012118069 0.0
0.10503541 -0.005274893 0.0
0.1288011 -0.0092519261 0.0
0.14018975 -0.010586674 0.0
0.14735546 -0.011507572 0.0
0.097627301 -0.0060036686 0.0
0.01737768 -0.00077585377 0.0
0.065615074 -0.0021711212 0.0
0.12581981 -0.0079335588 0.0
0.13443779 -0.009357942 0.0
0.14020653 -0.010515376 0.0
0.13173659 -0.009004253 0.0
0.14608415 -0.011754556 0.0
0.14951204 -0.012952945 0.0
0.154708 -0.013438587 0.0
0.16999559 -0.017535262 0.0
0.14464206 -0.011289447 0.0
0.16928758 -0.015709234 0.0
0.13146757 -0.0091407413 0.0
0.16041485 -0.013969399 0.0
0.11813708 -0.007580091 0.0
0.14334563 -0.0094493906 0.0
0.16087427 -0.013207378 0.0
0.19135578 -0.024902893 0.0
0.1608441 -0.013455422 0.0
0.15885081 -0.014586179 0.0
0.07269714 -0.0040230609 0.0
0.12243482 -0.0078613583 0.0
0.11174327 -0.0059826895 0.0
0.12987494 -0.0085356473 0.0
0.18852157 -0.023693884 0.0
0.1651925 -0.015623912 0.0
0.15582243 -0.014084057 0.0
0.17043788 -0.017151524 0.0
0.1636414 -0.015828532 0.0
0.16968196 -0.016419908 0.0
0.16530573 -0.016051143 0.0
0.16047839 -0.014564556 0.0
0.17380654 -0.017066925 0.0
0.17824119 -0.020226498 0.0
0.16411922 -0.015680007 0.0
0.1551722 -0.012908626 0.0
0.1618368 -0.021716184 0.0
0.16125645 -0.023212833 0.0
0.16755253 -0.021954063 0.0
0.16343123 -0.022542956 0.0
0.16898176 -0.020752182 0.0
0.16941033 -0.022356323 0.0
0.17000791 -0.019608002 0.0
0.17063019 -0.020114911 0.0
0.16890373 -0.023101251 0.0
0.16562573 -0.022374296 0.0
0.16890991 -0.018841995 0.0
0.16548596 -0.016614614 0.0
0.15017529 -0.022420271 0.0
0.15022149 -0.022597651 0.0
0.11461113 -0.021208313 0.0
0.10694235 -0.021176832 0.0
0.11166928 -0.017182946 0.0
0.10347048 -0.015044711 0.0
0.14597999 -0.019849507 0.0
0.14568934 -0.020909022 0.0
0.15029711 -0.021875322 0.0
0.15459659 -0.02206814 0.0
0.092756915 -0.01350557 0.0
0.090876423 -0.012875129 0.0
0.13954543 -0.016826566 0.0
0.13016724 -0.016632624 0.0
0.090188927 -0.011150321 0.0
0.082047624 -0.010204226 0.0
0.083831856 -0.0080294491 0.0
0.094079197 -0.0095845209 0.0
0.080943865 -0.007062389 0.0
0.084949853 -0.0066060894 0.0
0.081822443 -0.0080142632 0.0
0.083258984 -0.0072209516 0.0
0.074437522 -0.0082851931 0.0
0.071134999 -0.006782563 0.0
0.06027634 -0.0050273692 0.0
0.069035035 -0.0060530718 0.0
0.070721732 -0.0080157027 0.0
0.062345329 -0.0059861993 0.0
0.047109681 -0.0027983444 0.0
0.05886595 -0.003973686 0.0
0.063359237 -0.0037502993 0.0
0.046847142 -0.0024211051 0.0
0.043558543 -0.0019945082 0.0
0.070903627 -0.0054062218 0.0
0.099201524 -0.0090028039 0.0
0.10100739 -0.010045127 0.0
0.1085667 -0.010747354 0.0
0.097540385 -0.0091172847 0.0
0.080925794 -0.0062145035 0.0
0.091861314 -0.0080935363 0.0
0.064790851 -0.0039012724 0.0
0.068016041 -0.003728998 0.0
0.055271752 -0.0043937813 0.0
0.047464508 -0.0031015856 0.0
0.056271337 -0.0043736749 0.0
0.043947282 -0.0025938099 0.0
0.074591914 -0.0045496111 0.0
0.085180979 -0.0065863296 0.0
0.063102728 -0.0058082204 0.0
0.05525768 -0.0048011776 0.0
0.038394313 -0.0022280674 0.0
0.047059306 -0.0015360643 0.0
0.032789368 -0.0014975592 0.0
0.037090958 -0.0024754967 0.0
0.038357424 -0.0025774388 0.0
0.018527285 -0.00085394585 0.0
0.036685003 -0.0014454908 0.0
0.030802161 -0.0013494545 0.0
0.02630967 -0.0010389555 0.0
0.049356518 -0.0029844296 0.0
0.060521014 -0.0023078192 0.0
0.074747284 -0.0053119481 0.0
0.044108075 -0.0034236947 0.0
0.030170574 -0.0011944248 0.0
0.024940527 -0.0011689178 0.0
0.04560807 -0.001493309 0.0
0.0061697473 -0.00031405454 0.0
0.024764377 -0.0008173549 0.0
0.048889758 -0.001972983 0.0
0.010567022 -0.00082560037 0.0
0.062468664 -0.0036642383 0.0
0.071878432 -0.0041007676 0.0
0.06324952 -0.0042459355 0.0
0.071692508 -0.0045397063 0.0
0.033963848 -0.002602072 0.0
0.032125536 -0.0020961603 0.0
0.041166437 -0.0041880893 0.0
0.016183733 -0.00063825983 0.0
0.08514878 -0.006149002 0.0
0.0044313461 0.00043091403 0.0
0.015321865 0.00050784848 0.0
0.0055727744 -6.4249639e-05 0.0
0.088432765 -0.0072459656 0.0
0.0096869549 -0.0010156526 0.0
0.007808387 0.00050461166 0.0
0.013647894 -0.00057628518 0.0
0.02167241 -0.0011677307 0.0
0.0022049491 -5.3532511e-05 0.0
0.017795488 -0.00071854281 0.0
0.01139537 -0.00072893007 0.0
0.026676018 -0.0017894734 0.0
0.018177922 -0.0010639501 0.0
0.0030386098 -4.3224485e-05 0.0
0.077809104 -0.0053229396 0.0
0.051893274 -0.0025475658 0.0
0.049024406 -0.0026386272 0.0
0.098515669 -0.0073881124 0.0
0.070250364 -0.0039835239 0.0
0.089169959 -0.0066604053 0.0
0.0654446 -0.0028364113 0.0
0.054498918 -0.0026834785 0.0
0.031152377 -0.0010214327 0.0
0.060114088 -0.0033069351 0.0
0.05287532 -0.0021450658 0.0
0.048830401 -0.0015794949 0.0
0.035871313 -0.00083726606 0.0
0.036912485 -0.0015576867 0.0
0.054229427 -0.0024600305 0.0
0.10116208 -0.0064812847 0.0
0.019323624 -0.00030337439 0.0
0.037366546 -0.0014824902 0.0
0.069418383 -0.0044196593 0.0
0.072255508 -0.0045521982 0.0
0.044199018 -0.0011793596 0.0
0.022474771 -0.00096079427 0.0
0.055748976 -0.0022430171 0.0
0.037599331 -0.0019649199 0.0
0.030814606 -0.00088674886 0.0
0.011728607 -0.00093844992 0.0
0.058999909 -0.0032243195 0.0
0.050427576 -0.002861104 0.0
0.033496947 -0.0025732663 0.0
0.019840792 -0.00099045802 0.0
0.039668538 -0.0013735109 0.0
0.062093562 -0.0035020551 0.0
0.031491132 0.00027486181 0.0
0.040410327 -0.001893824 0.0
0.041012952 -0.00047720116 0.0
0.057737282 -0.0018295285 0.0
0.10054399 -0.0066533608 0.0
0.076289487 -0.0047436329 0.0
0.091952348 -0.0056960403 0.0
0.0050962747 -4.7816797e-05 0.0
0.0095508786 0.00054361214 0.0
0.095186396 -0.0072818827 0.0
0.098047466 -0.0087972416 0.0
0.010467194 -8.3422264e-05 0.0
0.018825969 1.7042072e-05 0.0
0.055381791 -0.0019995367 0.0
0.082451025 -0.0048276756 0.0
0.072191802 -0.0031926238 0.0
0.084174244 -0.0050997353 0.0
0.010843373 -0.00065855833 0.0
0.0054427435 9.3459385e-05 0.0
0.023594313 -0.0014764456 0.0
0.0072798929 -0.00038423496 0.0
0.027070346 -0.00071396504 0.0
0.024283994 -0.0007295131 0.0
0.030931688 -0.00029428771 0.0
0.031986661 0.00058740913 0.0
0.1451595 -0.0098807354 0.0
0.090654434 -0.0053181584 0.0
0.082560761 -0.0052742547 0.0
0.069254976 -0.0019536298 0.0
0.11102063 -0.0077862388 0.0
0.10830993 -0.0073976569 0.0
0.089913325 -0.006640291 0.0
0.094812348 -0.005891928 0.0
0.099046631 -0.0063622275 0.0
0.1267557 -0.0074816943 0.0
0.12863746 -0.01040602 0.0
0.094412748 -0.0055289346 0.0
0.11069075 -0.0068011243 0.0
0.15360628 -0.0095405157 0.0
0.13850988 -0.010615137 0.0
0.13680391 -0.0095837872 0.0
0.11571682 -0.0084298086 0.0
0.13290398 -0.0098938248 0.0
0.11735983 -0.0091748944 0.0
0.073427326 -0.0046348238 0.0
0.080937875 -0.0050351163 0.0
0.005735275 2.6975281e-05 0.0
0.021115492 -0.00033568096 0.0
0.1288413 -0.0090962799 0.0
0.11620808 -0.010240856 0.0
0.099528982 -0.0086052958 0.0
0.11176183 -0.010375884 0.0
0.10582231 -0.0095704372 0.0
0.097098357 -0.0073022476 0.0
0.10593969 -0.0089543436 0.0
0.017271618 -0.00056642731 0.0
0.024402328 -0.00075776206 0.0
0.11050002 -0.0079811065 0.0
0.10359431 -0.0075628071 0.0
0.095458376 -0.011134289 0.0
0.096366383 -0.010366432 0.0
0.092417964 -0.0096407414 0.0
0.10101537 -0.010308902 0.0
0.084389587 -0.011336678 0.0
0.079631658 -0.011029797 0.0
0.087964316 -0.015286078 0.0
0.083702449 -0.013916837 0.0
0.050517683 -0.0069683634 0.0
0.041625228 -0.0050688828 0.0
0.15721954 -0.021996579 0.0
0.15773938 -0.02163851 0.0
0.15935879 -0.021092608 0.0
0.16233533 -0.020985887 0.0
0.16520481 -0.016985967 0.0
0.1667793 -0.017850695 0.0
0.029982734 -0.003578055 0.0
0.027730914 -0.0038745381 0.0
0.030327211 -0.0033842911 0.0
0.027880739 -0.0021286452 0.0
0.023089009 -0.0028062472 0.0
0.027177586 -0.0026655612 0.0
0.021075036 -0.002763528 0.0
0.011835265 -0.0011872004 0.0
0.0039577168 -0.00021036948 0.0
0.0067533939 -0.0002907587 0.0
0.003292873 -6.199574e-05 0.0
0.0058947876 -0.00033921006 0.0
0.014557097 -0.00036745295 0.0
0.013940359 -0.0013802128 0.0
0.01197427 -0.00044436059 0.0
0.16253546 -0.016655046 0.0
0.16221045 -0.015750644 0.0
0.16036808 -0.014047005 0.0
0.16159327 -0.014706019 0.0
0.16400279 -0.016789803 0.0
0.16310857 -0.01565408 0.0
0.14751371 -0.010159221 0.0
0.157269 -0.012345772 0.0
0.08915175 -0.019657902 0.0
0.081160641 -0.018246668 0.0
0.13160401 -0.012843263 0.0
0.13896682 -0.014186614 0.0
0.11890356 -0.012147423 0.0
0.12773061 -0.013371604 0.0
0.12648762 -0.011604335 0.0
0.13286869 -0.012580583 0.0
0.13639857 -0.010786388 0.0
0.11258274 -0.0038312612 0.0
0.15885923 -0.013181973 0.0
0.15602168 -0.011717028 0.0
0.13874798 -0.0074098061 0.0
0.15001395 -0.010090594 0.0
0.15385609 -0.010959293 0.0
0.1547532 -0.011448152 0.0
0.14721409 -0.0099159282 0.0
0.15823577 -0.012761201 0.0
0.15144702 -0.011057787 0.0
0.15374031 -0.01148767 0.0
0.14222656 -0.0080213605 0.0
0.096309691 -0.003139045 0.0
0.13769048 -0.0087455629 0.0
0.087177973 -0.0043783186 0.0
0.040320752 -0.010460728 0.0
0.039988845 -0.011741319 0.0
0.042838177 -0.012444465 0.0
0.043258142 -0.012710057 0.0
0.040098756 -0.014742981 0.0
0.042752529 -0.013901032 0.0
0.028242658 -0.011486429 0.0
0.016130298 -0.0063269672 0.0
0.053936404 -0.014837748 0.0
0.054499793 -0.016276729 0.0
0.032471386 -0.012074062 0.0
0.03296389 -0.012414377 0.0
0.044019166 -0.014463431 0.0
0.056920979 -0.016100277 0.0
0.054752795 -0.014461723 0.0
0.075666394 -0.019588063 0.0
-0.0015996118 -9.7533919e-05 0.0
-0.0009479943 -0.00019347872 0.0
0.030921452 -0.011105422 0.0
0.045880312 -0.014008952 0.0
0.010855834 -0.0063793418 0.0
0.027214453 -0.0090145472 0.0
0.030486352 -0.012478234 0.0
0.0054457194 -0.0057040755 0.0
0.0095451049 -0.0085949891 0.0
0.0073315675 -0.0038750612 0.0
0.015656996 -0.0081043463 0.0
0.014649052 -0.0074745756 0.0
0.0073668682 -0.0045818261 0.0
0.0098429975 -0.0044767253 0.0
0.016998084 -0.007625817 0.0
0.025009641 -0.0099528793 0.0
0.0076560295 -0.0050684363 0.0
0.013773979 -0.0070905736 0.0
0.0018139711 -0.0030890669 0.0
-0.00041475997 -0.00018614302 0.0
0.0023663196 -0.0039478158 0.0
0.0037887728 -0.0031997591 0.0
0.0042303991 -0.0056882517 0.0
0.0018238898 -0.0064357084 0.0
0.0020503029 -0.0023010623 0.0
0.0027788779 -0.001846947 0.0
0.0045442481 -0.0045044818 0.0
-0.002123163 -0.0020641235 0.0
-0.0012394911 -0.00094037596 0.0
0.00061600812 -0.00096548582 0.0
0.010168535 -0.0032742414 0.0
0.030750005 -0.010345682 0.0
-0.003337275 -0.00085901287 0.0
-0.0011801652 -0.0015698091 0.0
-0.0011997846 -0.00019085698 0.0
0.017871187 -0.010719154 0.0
0.016063323 -0.009241258 0.0
-0.0069688056 -0.0044354544 0.0
-0.003912311 -0.00147082 0.0
0.010783888 -0.00093044661 0.0
0.0082470301 -0.00022956191 0.0
0.0054249631 -0.00063608263 0.0
0.0085946733 -0.0012595836 0.0
0.16324272 0.073017583 0.0
0.14757262 0.083536763 0.0
0.16585261 0.068618906 0.0
0.14806796 0.073516379 0.0
0.13111769 0.091710472 0.0
0.097378601 0.038063621 0.0
0.17246428 0.065468715 0.0
0.16258192 0.067612255 0.0
0.1379465 0.071083295 0.0
0.11101872 0.070877882 0.0
0.12422035 0.044927079 0.0
0.12379413 0.086893615 0.0
0.12718312 0.083418167 0.0
0.091906769 0.094188867 0.0
0.086997524 0.068949383 0.0
0.12290713 0.095297816 0.0
0.15745712 0.027787947 0.0
0.15856837 0.030524079 0.0
0.1578797 0.032407816 0.0
0.16130541 0.031584085 0.0
0.16084893 0.026481318 0.0
0.16419708 0.029782371 0.0
0.02521572 0.030768698 0.0
0.12800451 0.032537385 0.0
0.10059762 0.053019247 0.0
0.1451789 0.01405444 0.0
0.14308188 0.012204468 0.0
0.14244495 0.011410958 0.0
0.14035773 0.010163339 0.0
0.14247208 0.010906246 0.0
0.14339855 0.012859077 0.0
0.032563736 0.057019774 0.0
0.14171705 0.010405767 0.0
0.14392158 0.012163967 0.0
0.1441555 0.012560289 0.0
0.14565409 0.014682226 0.0
0.14288072 0.011125274 0.0
0.12211611 0.013323406 0.0
0.041409582 0.039062942 0.0
0.14274589 0.025326205 0.0
0.14328084 0.011492005 0.0
0.14487277 0.014122382 0.0
0.14461486 0.013618224 0.0
0.14554625 0.016083157 0.0
0.1424669 0.010315931 0.0
0.14278308 0.012598743 0.0
0.14169737 0.014537154 0.0
0.14481508 0.015250954 0.0
0.142677 0.019002852 0.0
0.14284751 0.019755134 0.0
0.14360582 0.012020836 0.0
0.14187437 0.011829096 0.0
0.14592286 0.015906487 0.0
0.14650348 0.016024186 0.0
0.1429004 0.010857195 0.0
0.14227689 0.010193974 0.0
0.14008565 0.0076636855 0.0
0.12801528 0.014203983 0.0
0.14316577 0.011225769 0.0
0.14179184 0.0099692938 0.0
0.13458602 0.0063711385 0.0
0.12701083 0.0040033628 0.0
0.14255827 0.011403528 0.0
0.13782957 0.013091877 0.0
0.14466123 0.013889273 0.0
0.14703442 0.016057619 0.0
0.14588331 0.014670425 0.0
0.14629756 0.015063988 0.0
0.1473122 0.017283934 0.0
0.15108168 0.021831895 0.0
0.019774155 -0.00063484857 0.0
0.019539794 0.00074473528 0.0
0.058885138 0.0017547606 0.0
0.0094806326 -0.00031255606 0.0
0.021003122 0.00062811394 0.0
0.0082233379 -3.0943617e-06 0.0
0.034410434 0.0010791077 0.0
0.14662515 0.014553851 0.0
0.15563485 0.016650858 0.0
0.164338 0.019494256 0.0
0.16254856 0.017610847 0.0
0.16011337 0.017891144 0.0
0.16809622 0.024428601 0.0
0.16509625 0.017331209 0.0
0.15291572 0.013857509 0.0
0.16054131 0.019401337 0.0
0.1635354 0.021250054 0.0
0.162831 0.024911804 0.0
0.16686862 0.026200333 0.0
0.16967289 0.02637875 0.0
0.16405352 0.023034917 0.0
0.16241127 0.024004625 0.0
0.16572221 0.02688221 0.0
0.16604462 0.028798067 0.0
0.16837801 0.032739184 0.0
0.17024158 0.036701502 0.0
0.17275982 0.033296902 0.0
0.17602933 0.034432961 0.0
0.17577401 0.030729331 0.0
0.17320127 0.030175302 0.0
0.17435483 0.02605 0.0
0.17774241 0.036700287 0.0
0.17940357 0.03277331 0.0
0.16531544 0.021260455 0.0
0.16549899 0.023199509 0.0
0.17662189 0.027745228 0.0
0.17207883 0.027423387 0.0
0.11504892 0.0067970219 0.0
0.11733305 0.0080989412 0.0
0.12033365 0.0033734882 0.0
0.11685649 0.002863167 0.0
0.11479158 0.0018123495 0.0
0.1089938 0.00093760455 0.0
0.1242505 0.0037266037 0.0
0.12705789 0.0038084652 0.0
0.12219192 0.0029842771 0.0
0.13290783 0.0037648449 0.0
0.093135733 0.00098941488 0.0
0.10673717 0.0009528526 0.0
0.080834629 0.0015733435 0.0
0.064331128 0.0013356153 0.0
0.12477658 0.0005111155 0.0
0.08191097 0.0012620249 0.0
0.10171908 0.00055506674 0.0
0.11904959 0.001999988 0.0
0.11009269 0.001335106 0.0
0.11623921 0.0013799711 0.0
0.10653258 0.000876552 0.0
0.12721888 0.0032363081 0.0
0.08770849 0.0012907748 0.0
0.065912991 0.00074816178 0.0
0.098364334 0.0010804866 0.0
0.051539362 0.0015741478 0.0
0.035448565 0.00027016906 0.0
0.098924403 0.0011291659 0.0
0.011401602 -7.8917428e-05 0.0
0.060301808 0.00092776133 0.0
0.04154004 -0.00065149008 0.0
0.13438254 0.0080356135 0.0
0.047410491 0.000616074 0.0
0.072752821 0.00060550898 0.0
0.12574069 0.0019762706 0.0
0.063039412 -0.00053649601 0.0
0.052624433 -9.8503632e-06 0.0
0.11101977 0.00030911973 0.0
0.028689443 0.00067844101 0.0
0.03827654 0.00022221113 0.0
0.013979816 0.00035569209 0.0
0.076544134 0.00030252732 0.0
0.030628791 -4.8518033e-05 0.0
0.056911158 0.00039576348 0.0
0.017389058 -5.5971096e-05 0.0
0.10217883 0.00029942538 0.0
0.048594675 0.00047501716 0.0
0.10921962 -0.0001045292 0.0
0.056241263 -2.3220928e-05 0.0
0.072245971 -0.00020306696 0.0
0.065125423 4.5215234e-05 0.0
0.010289388 0.0002042834 0.0
0.036745924 0.00016207477 0.0
0.031592759 0.00016242436 0.0
0.11365097 -0.0074633726 0.0
0.13520519 -0.0090004695 0.0
0.092157093 -0.0094248484 0.0
0.080002399 -0.0095016715 0.0
0.13549097 -0.01132811 0.0
0.16729127 -0.0072895798 0.0
0.16869871 -0.011184481 0.0
0.13990604 -0.010810752 0.0
0.08463047 -0.0093158964 0.0
0.057011367 -0.0072523254 0.0
0.080749567 -0.0079958871 0.0
0.10561614 -0.0089439107 0.0
0.095719452 -0.0078520951 0.0
0.048466622 -0.0089204509 0.0
0.033173557 -0.0034668981 0.0
0.030644879 -0.0053977845 0.0
0.044915408 -0.0051484976 0.0
0.074660215 -0.0074188701 0.0
0.054011064 -0.0069675709 0.0
-0.00096532439 0.011041416 0.0
0.051365654 -0.0087475281 0.0
0.00053061783 0.0022689118 0.0
0.021300972 0.0015959256 0.0
0.0058952861 0.008065895 0.0
0.0043002669 0.0072215002 0.0
-0.00067652266 0.0099105895 0.0
1.9345737e-05 0.0096025576 0.0
-0.0010620329 0.0076280927 0.0
0.20507146 0.013340829 0.0
0.20970751 0.018535026 0.0
0.20323596 0.010211814 0.0
0.21206829 0.005159323 0.0
0.21248338 0.012872569 0.0
0.21144438 0.010482624 0.0
0.21367057 0.011164303 0.0
0.21398639 0.015134572 0.0
0.21199399 0.00025951123 0.0
0.21502546 0.0089912346 0.0
0.21485351 0.00044860266 0.0
0.21528081 0.0036951398 0.0
0.21443622 0.00071821081 0.0
0.21384444 0.0023215553 0.0
0.21277229 0.017959773 0.0
0.21198534 0.018251028 0.0
0.12798914 0.00080417825 0.0
0.092196488 0.00097284343 0.0
0.12162489 -0.0040982026 0.0
0.095772884 -0.0027621469 0.0
0.11102906 -0.0037491713 0.0
0.054688728 0.00049401679 0.0
0.13738734 -0.0021410974 0.0
0.083883424 -0.00067539523 0.0
0.1469411 -0.0034816042 0.0
0.061822242 -0.0029398405 0.0
0.063746902 -0.00010035707 0.0
0.062043164 0.00040937313 0.0
0.01717973 0.00059432448 0.0
0.031683106 -0.00067659089 0.0
0.091860905 -0.0027737749 0.0
0.029282267 0.00071195562 0.0
0.052729853 0.00034844902 0.0
0.01568407 0.000388802 0.0
0.0143049 -7.7022441e-05 0.0
0.14593343 -0.0020306002 0.0
0.13435726 -0.0036862952 0.0
0.16431907 0.016372117 0.0
0.17757287 0.018569556 0.0
0.17028708 0.020575896 0.0
0.17516488 0.019388857 0.0
0.17529413 -0.0023767129 0.0
0.14895803 -0.0045760783 0.0
0.20254206 -0.0097886547 0.0
0.18026279 -0.0054842747 0.0
0.15794429 -0.0067749479 0.0
0.17814712 -0.0078377288 0.0
0.18501586 -0.0073114888 0.0
0.18147641 -0.00656603 0.0
0.20348132 -0.0092904838 0.0
0.18486107 -0.007817351 0.0
0.20418546 -0.012341994 0.0
0.19408795 -0.0094869768 0.0
0.1681153 -0.0077292836 0.0
0.16766699 -0.0069412348 0.0
0.16451832 -0.0067956943 0.0
0.14771061 -0.0040614696 0.0
0.17626652 -0.0092058394 0.0
0.16364197 -0.0066786916 0.0
0.19526665 -0.010244809 0.0
0.17226101 -0.01083316 0.0
0.15212366 -0.0051750805 0.0
0.12164132 -0.0043825815 0.0
0.17908648 -0.0089114957 0.0
0.16651571 -0.0076315137 0.0
0.13596782 -0.0060298053 0.0
0.056573947 0.0020137008 0.0
0.1730831 -0.0091600859 0.0
0.13966877 -0.0050541393 0.0
0.20287644 -0.0085350712 0.0
0.19715362 -0.0098961083 0.0
0.12711914 -0.0037558294 0.0
0.12600725 -0.0033219204 0.0
0.14888989 -0.0062790722 0.0
0.067997748 -0.00066418011 0.0
0.13995252 -0.0050794715 0.0
0.18758287 -0.012820237 0.0
0.16257471 -0.0079732034 0.0
0.12267824 -0.0022665247 0.0
0.16300265 -0.010913323 0.0
0.1036741 -0.0026951584 0.0
0.11314333 -0.0030357576 0.0
0.10299074 0.00068470324 0.0
0.1433343 -0.0058685157 0.0
0.11598608 -0.0042757145 0.0
0.1127825 -0.0043164131 0.0
0.014949907 -0.00022602363 0.0
0.15905449 -0.0074124889 0.0
0.15127038 -0.0083060264 0.0
0.10314447 -0.0032656601 0.0
0.024386212 -0.00069001938 0.0
0.099272692 -0.0043368727 0.0
0.15286743 -0.0048086082 0.0
0.075657128 -0.0024083726 0.0
0.11690094 -0.0048311075 0.0
0.10095698 -0.0027707567 0.0
0.16869663 -0.011985669 0.0
0.014120818 0.00048171318 0.0
0.094397327 -0.0023605083 0.0
0.08972336 -0.0036349176 0.0
0.083558011 -0.0024239483 0.0
0.097312515 -0.0025493896 0.0
0.061130979 -0.0018543535 0.0
0.10223097 -0.00078989002 0.0
0.12469269 -0.0059652889 0.0
0.074632271 -0.0032611194 0.0
0.092873565 -0.00055662303 0.0
0.12905017 -0.0029188488 0.0
0.12197679 -0.0029849703 0.0
0.098897726 -0.00086719662 0.0
0.027456147 0.0022903321 0.0
0.17066117 -0.012844404 0.0
0.088742964 -0.0021913748 0.0
0.080832625 -0.0019030712 0.0
0.012845473 0.00058236085 0.0
0.088216872 0.0011160705 0.0
0.10383786 -0.0030307346 0.0
0.12473021 -0.0039554479 0.0
0.094039529 -0.0021752503 0.0
0.083429192 -0.0033174047 0.0
0.038805127 0.001614619 0.0
0.068667017 -0.00052884374 0.0
0.11899259 -0.0024116428 0.0
0.02698502 -0.0033660196 0.0
0.049206298 -0.0025462736 0.0
0.1256421 -0.0028072545 0.0
0.16259628 -0.0052478971 0.0
0.065316943 -0.00080688907 0.0
0.080606534 -0.0025572907 0.0
0.017169651 0.00061524566 0.0
0.031791153 -0.0023039155 0.0
0.092784725 -0.0014548718 0.0
0.12457586 -0.0033886697 0.0
0.096922515 -0.0027796929 0.0
0.011999637 -0.0010653445 0.0
0.13749597 -0.0034047912 0.0
0.062759466 0.0021306842 0.0
0.075051428 0.00059146829 0.0
0.067075308 -0.0007573431 0.0
0.017196661 -0.0013409106 0.0
0.044773694 -0.0047044764 0.0
0.027421213 -0.0010559585 0.0
0.1062461 -0.003264653 0.0
0.069707197 -0.0029700532 0.0
0.0769214 -0.0052404736 0.0
0.20755476 -0.015258175 0.0
0.20243451 -0.013666152 0.0
0.19267326 -0.012637823 0.0
0.19374496 -0.011338199 0.0
0.19149946 -0.025680372 0.0
0.18567567 -0.026885535 0.0
0.18202736 -0.027134634 0.0
0.18328154 -0.027551578 0.0
0.18405592 -0.026844741 0.0
0.19153078 -0.022543862 0.0
0.18352709 -0.027632963 0.0
0.19033129 -0.026309937 0.0
0.19164238 -0.025650211 0.0
0.18902403 -0.026549988 0.0
0.19427288 -0.024802886 0.0
0.19244301 -0.025448571 0.0
0.18640256 -0.027220336 0.0
0.18724825 -0.027009852 0.0
0.18802295 -0.026617865 0.0
0.1921173 -0.024747388 0.0
0.18492722 -0.027020745 0.0
0.18849139 -0.025811881 0.0
0.17956776 -0.027740726 0.0
0.18170425 -0.02704588 0.0
0.18571015 -0.025468238 0.0
0.17416845 -0.01759706 0.0
0.18662766 -0.026256635 0.0
0.19006492 -0.024402934 0.0
0.1847216 -0.026083577 0.0
0.18916755 -0.024960225 0.0
0.18442186 -0.024908007 0.0
0.18776376 -0.024954208 0.0
0.17960881 -0.020345978 0.0
0.1871443 -0.02458737 0.0
0.18808189 -0.014540958 0.0
0.17877733 -0.011420217 0.0
0.18917577 -0.013910812 0.0
0.17892265 -0.011365662 0.0
0.17686278 -0.010066252 0.0
0.18452273 -0.011293343 0.0
0.19233059 -0.019263666 0.0
0.18018462 -0.016421807 0.0
0.19616878 -0.021156441 0.0
0.19341256 -0.020884298 0.0
0.19558799 -0.023076686 0.0
0.18602737 -0.019849529 0.0
0.16731208 -0.014047504 0.0
0.15007793 -0.0084816757 0.0
0.18543129 -0.017676521 0.0
0.17812124 -0.014921377 0.0
0.17003619 -0.012784982 0.0
0.17827423 -0.014476165 0.0
0.15531688 -0.011340809 0.0
0.11761213 -0.0060928359 0.0
0.16230408 -0.012744984 0.0
0.15679062 -0.010312861 0.0
0.1549073 -0.011997383 0.0
0.12143316 -0.0083446946 0.0
0.14925739 -0.0097453844 0.0
0.16394241 -0.011084631 0.0
0.14869436 -0.0092339581 0.0
0.13657274 -0.0070483048 0.0
0.14868356 -0.0085929141 0.0
0.16692447 -0.011214085 0.0
0.1625673 -0.012140756 0.0
0.11257616 -0.0066982294 0.0
0.13718823 -0.0076069056 0.0
0.15337757 -0.0091718266 0.0
0.12657383 -0.0071836537 0.0
0.11841402 -0.005162304 0.0
0.16464283 -0.010824172 0.0
0.15421959 -0.0094932823 0.0
0.14694878 -0.010496668 0.0
0.10896338 -0.0049646396 0.0
0.17686969 -0.014938727 0.0
0.1683396 -0.013831223 0.0
0.090422441 -0.0031554329 0.0
0.13206863 -0.0076692231 0.0
0.17894412 -0.016330304 0.0
0.17085753 -0.015541498 0.0
0.15184007 -0.012000079 0.0
0.15540389 -0.012580274 0.0
0.14506019 -0.010129867 0.0
0.12609277 -0.0069301853 0.0
0.10483005 -0.0050253839 0.0
0.12836674 -0.0075260916 0.0
0.18195659 -0.017522804 0.0
0.18819475 -0.020290287 0.0
0.17214766 -0.014936687 0.0
0.16099466 -0.013761757 0.0
0.084475439 -0.0041202779 0.0
0.094704253 -0.0063879533 0.0
0.18746238 -0.019379545 0.0
0.1719373 -0.015831764 0.0
0.19326932 -0.021967154 0.0
0.17941868 -0.017037268 0.0
0.19084617 -0.024371843 0.0
0.18152459 -0.019707366 0.0
0.10945609 -0.0058942687 0.0
0.078231962 -0.0041719153 0.0
0.10556525 -0.0060391689 0.0
0.084023787 -0.0055420829 0.0
0.055817269 -0.0029311893 0.0
0.046651718 -0.0016426336 0.0
0.11567546 -0.0068269032 0.0
0.091927035 -0.0055589171 0.0
0.12962273 -0.0073856378 0.0
0.13577324 -0.0094348117 0.0
0.016832873 -0.00014467047 0.0
0.085315812 -0.0047958309 0.0
0.10287215 -0.0055408942 0.0
0.063107722 -0.0013220431 0.0
0.069480401 -0.00047411427 0.0
0.10299729 -0.0051938341 0.0
0.058718413 -0.0035706108 0.0
0.072177461 -0.0021609462 0.0
0.04663777 -0.0041016932 0.0
0.02381422 1.2334941e-05 0.0
0.13611967 -0.009000737 0.0
0.12653394 -0.007540489 0.0
0.14771064 -0.011410314 0.0
0.13313262 -0.0095207234 0.0
0.082208554 -0.0041817008 0.0
0.032519451 -0.0011345882 0.0
0.044028716 3.6136891e-05 0.0
0.077141644 -0.0045251282 0.0
0.15472768 -0.011938595 0.0
0.14225167 -0.011079683 0.0
0.12809749 -0.0087260864 0.0
0.11579178 -0.0072748904 0.0
0.07221655 -0.0036860699 0.0
0.021215637 -0.00072056848 0.0
0.051179602 -0.0024386069 0.0
0.022751364 0.0018736553 0.0
0.014133827 -0.0012965669 0.0
0.05119076 -0.0024089503 0.0
0.058109748 -0.0042198942 0.0
0.022657713 -0.0029892868 0.0
0.18742151 -0.0019317307 0.0
0.16663185 -0.0067692893 0.0
0.16303903 -0.026421445 0.0
0.15772963 -0.025423008 0.0
0.15875713 -0.025201974 0.0
0.14329982 -0.024641001 0.0
0.13475429 -0.023580463 0.0
0.1244746 -0.024792079 0.0
0.1527644 -0.02648125 0.0
0.13284024 -0.025674922 0.0
0.086206308 -0.01721603 0.0
0.035912631 -0.0096565153 0.0
0.060280165 -0.011310027 0.0
0.042537525 -0.011078362 0.0
0.049265118 -0.012339067 0.0
0.051220735 -0.013203916 0.0
0.023690521 -0.0059965447 0.0
0.023271905 -0.010756536 0.0
0.062784491 -0.015092234 0.0
0.048251297 -0.011087842 0.0
0.040794572 -0.010369156 0.0
-0.013419405 -0.001702998 0.0
0.043055942 -0.0038045379 0.0
0.025141766 -0.0048858841 0.0
0.056458842 -0.014854265 0.0
0.038430962 -0.010801219 0.0
0.087945892 -0.022688247 0.0
0.093885279 -0.022744675 0.0
0.018894234 -0.0084700774 0.0
-0.0023328742 -0.0056077509 0.0
0.01728118 -0.010657499 0.0
-0.0024160323 -0.00045367115 0.0
0.16680895 -0.016781683 0.0
0.1634091 -0.016237545 0.0
0.15378272 -0.013728083 0.0
0.16602909 -0.017093462 0.0
0.15819053 -0.015252076 0.0
0.14828633 -0.012558174 0.0
0.16051879 -0.013947994 0.0
0.13807201 -0.010030555 0.0
0.16075262 -0.015047171 0.0
0.15543764 -0.013342281 0.0
0.15370349 -0.013306298 0.0
0.16105495 -0.015398843 0.0
0.14889121 -0.012091702 0.0
0.14525964 -0.0099277452 0.0
0.1501092 -0.011537232 0.0
0.13283772 -0.0081046451 0.0
0.046964495 -0.00059010789 0.0
0.034358182 -0.00058414112 0.0
0.055370605 -0.00037739821 0.0
0.012822688 0.0013163955 0.0
0.0065299204 0.0008854408 0.0
0.007572642 -0.0003383804 0.0
0.031112098 0.0018916437 0.0
0.037358785 -0.00020593487 0.0
0.026233557 -0.0018234041 0.0
0.01154692 0.001693458 0.0
0.012857069 -0.0007386449 0.0
0.0097812492 -9.9282764e-05 0.0
0.014316497 2.7358919e-05 0.0
0.048169818 -0.001143589 0.0
0.015245311 -0.00026439724 0.0
0.12100191 -0.0072213591 0.0
0.12686932 -0.0084398043 0.0
0.018414316 -0.00040772019 0.0
0.041867737 7.7191746e-05 0.0
0.030011217 -0.0015434699 0.0
0.014213405 3.2490162e-05 0.0
0.075445455 -0.0028369459 0.0
0.19084124 -0.023072845 0.0
0.18575831 -0.022659337 0.0
0.17335323 -0.018821773 0.0
0.17758735 -0.019319759 0.0
0.17820468 -0.019269963 0.0
0.1837816 -0.021761512 0.0
0.17383115 -0.017784689 0.0
0.18297971 -0.020734529 0.0
0.18501278 -0.02145559 0.0
0.1875573 -0.023232123 0.0
0.18513938 -0.023270802 0.0
0.18237545 -0.021435644 0.0
0.18567612 -0.024219249 0.0
0.18387153 -0.02472584 0.0
0.18521683 -0.021003735 0.0
0.18739636 -0.021079981 0.0
0.18848636 -0.024765416 0.0
0.1869615 -0.023260097 0.0
0.18663354 -0.024808579 0.0
0.1817768 -0.026300443 0.0
0.18194564 -0.025138326 0.0
0.18325663 -0.023636856 0.0
0.18129032 -0.019484775 0.0
0.18005804 -0.018706705 0.0
0.18926361 -0.023566351 0.0
0.18737083 -0.021731977 0.0
0.18304317 -0.025162086 0.0
0.18432997 -0.025733017 0.0
0.17218127 -0.021326549 0.0
0.1711133 -0.021634733 0.0
0.16793577 -0.018359014 0.0
0.16587864 -0.017226373 0.0
0.16831334 -0.01786529 0.0
0.17057708 -0.019238462 0.0
0.17227353 -0.019472159 0.0
0.17097341 -0.019116466 0.0
0.1734767 -0.019979038 0.0
0.17389417 -0.021097316 0.0
0.03862397 -0.0032298003 0.0
0.02312105 -0.0012281756 0.0
0.027857045 -0.0022738873 0.0
0.030808115 -0.0022895366 0.0
0.022562736 -0.0013846454 0.0
0.019535583 -0.00082625529 0.0
0.029652406 -0.0020546383 0.0
0.042514571 -0.0042569968 0.0
0.023219894 -0.0014597884 0.0
0.013482847 -0.0006690338 0.0
0.0044739879 -0.00015291813 0.0
0.0068805738 -8.6695035e-05 0.0
0.013409557 -0.00075219848 0.0
0.0065935673 -0.00013535899 0.0
0.004491246 -7.468386e-05 0.0
0.0065863463 -0.00025908432 0.0
0.052406747 -0.0035141788 0.0
0.043525927 -0.0025969289 0.0
0.077813007 -0.0047799061 0.0
0.085557715 -0.0059210062 0.0
0.0064061463 -0.00036032429 0.0
0.12012762 -0.0083710897 0.0
0.046433463 -0.00050000697 0.0
0.057154017 -0.0010430346 0.0
0.15358611 -0.0089566331 0.0
0.012181188 0.00026665882 0.0
0.032613312 -0.00024366954 0.0
0.0069495598 -0.00033741341 0.0
0.030048595 -0.00041522847 0.0
0.0038445059 -8.1013451e-05 0.0
0.023624213 0.00019762981 0.0
0.020492098 0.00011633812 0.0
0.0095214987 -0.00013300637 0.0
0.0088809054 -1.6196701e-05 0.0
0.007096018 0.00037596525 0.0
0.011000151 -0.00090341496 0.0
0.024176256 0.00042208243 0.0
0.006657704 -0.00023370227 0.0
0.012977844 0.00049071527 0.0
0.041961009 -0.00071699121 0.0
0.03947287 -0.00032240013 0.0
0.023052614 -0.00054977743 0.0
0.12633149 -0.0071620228 0.0
0.1075964 -0.0063094949 0.0
0.012332629 0.001269367 0.0
0.0060049501 0.00053997097 0.0
0.024479023 0.00071170341 0.0
0.0078955463 -0.00035848427 0.0
0.030630097 -0.0010458238 0.0
0.11873083 -0.0077712801 0.0
0.15159431 -0.0095371509 0.0
0.11484388 -0.0094651295 0.0
0.10813303 -0.0077978647 0.0
0.16160345 -0.01483344 0.0
0.16304736 -0.015744765 0.0
0.15658232 -0.012479605 0.0
0.15623039 -0.01262581 0.0
0.15284354 -0.011966876 0.0
0.1500511 -0.011755967 0.0
0.15793333 -0.013363397 0.0
0.15699268 -0.012883418 0.0
0.16042142 -0.014245897 0.0
0.15168005 -0.011165416 0.0
0.15077932 -0.011713319 0.0
0.16209983 -0.015366498 0.0
0.15818756 -0.013286416 0.0
0.15236456 -0.011516422 0.0
0.14022299 -0.0087587604 0.0
0.13273963 -0.0085605476 0.0
0.15308856 -0.011729076 0.0
0.14610444 -0.010494201 0.0
0.13133059 -0.0076492834 0.0
0.13642509 -0.0097181733 0.0
0.13923054 -0.0098513892 0.0
0.15671335 -0.01339692 0.0
0.13704395 -0.0085736011 0.0
0.14215684 -0.0098375256 0.0
0.12886359 -0.007278454 0.0
0.096292131 -0.003619916 0.0
0.13984067 -0.0087204889 0.0
0.1228046 -0.0067382378 0.0
0.14492268 -0.0095906534 0.0
0.13100735 -0.0072852092 0.0
0.1209236 -0.0064194222 0.0
0.12666443 -0.0077651329 0.0
0.12832806 -0.0073439108 0.0
0.12475551 -0.0080725904 0.0
0.11485228 -0.0068358114 0.0
0.13927815 -0.0099997502 0.0
0.12589522 -0.0079843051 0.0
0.13803411 -0.0096571782 0.0
0.13643093 -0.0090829313 0.0
0.15491572 -0.013006685 0.0
0.14457926 -0.009764464 0.0
0.12594836 -0.0063902882 0.0
0.11221754 -0.0048438663 0.0
0.11887426 -0.006360204 0.0
0.1376894 -0.0086347222 0.0
0.11213323 -0.0044670008 0.0
0.13577941 -0.0084465778 0.0
0.13502662 -0.0078160417 0.0
0.10399219 -0.0035858527 0.0
0.088178593 -0.0031806083 0.0
0.13723682 -0.0081469512 0.0
0.12953838 -0.0072827239 0.0
0.11826536 -0.0056024618 0.0
0.1041359 -0.0041875401 0.0
0.10920457 -0.0048681803 0.0
0.095805184 -0.003769723 0.0
0.087946796 -0.0030369183 0.0
0.084790116 -0.0031873966 0.0
0.11687224 -0.0050105168 0.0
0.10380928 -0.0040069195 0.0
0.11057696 -0.0056372429 0.0
0.11312747 -0.0063811494 0.0
0.058880269 -0.0018919848 0.0
0.072872232 -0.0020858301 0.0
0.1220082 -0.0057605374 0.0
0.09755253 -0.0035476983 0.0
0.098114844 -0.0041405521 0.0
0.075488363 -0.0028655332 0.0
0.12356292 -0.0063810567 0.0
0.11050395 -0.004884493 0.0
0.077247156 -0.0025771645 0.0
0.085297753 -0.0029224687 0.0
0.083109007 -0.003266129 0.0
0.0084153533 -3.5881276e-05 0.0
0.12598273 -0.0066151597 0.0
0.11677789 -0.0054405212 0.0
0.1314317 -0.0074738787 0.0
0.12208801 -0.0061006919 0.0
0.12342795 -0.0061447279 0.0
0.10826118 -0.0034412081 0.0
0.13626243 -0.0082600492 0.0
0.13980983 -0.008699971 0.0
0.032008043 -4.0360666e-05 0.0
0.081877408 -0.0035228347 0.0
0.12696797 -0.0069726109 0.0
0.10994548 -0.0036772176 0.0
0.13519699 -0.0068666553 0.0
0.14213786 -0.0078648982 0.0
0.051645194 0.00036941194 0.0
0.067560276 -0.0025440673 0.0
0.022170389 0.00069377115 0.0
0.0058654014 6.0201236e-05 0.0
0.081255049 -0.0032191222 0.0
0.073320646 -0.0024593201 0.0
0.092989425 -0.0035123961 0.0
0.035125392 -0.001600077 0.0
0.069875943 -0.0029345857 0.0
0.062360054 -0.0014791098 0.0
0.079296174 -0.0017135443 0.0
0.11000426 -0.0068219298 0.0
0.039325876 -0.00057872534 0.0
0.061219659 -0.0015253334 0.0
0.093493327 -0.0033897382 0.0
0.036726336 0.00047886425 0.0
0.050641195 -0.0015171621 0.0
0.054612467 -0.0015499793 0.0
0.055867663 -0.0019291247 0.0
0.055300227 -0.0010265127 0.0
0.040575472 -0.0019491728 0.0
0.0052870195 0.00062414677 0.0
0.050489775 -0.00209967 0.0
0.054769877 -0.00082805851 0.0
0.057951127 -0.0024526512 0.0
0.073802255 -0.0019667262 0.0
0.011452178 -5.1465266e-05 0.0
0.060397075 -0.0011850349 0.0
0.048373934 -0.0015157032 0.0
0.010114162 -0.00036352468 0.0
0.040687862 -0.00099244924 0.0
0.066526029 -0.0023959246 0.0
0.018410104 -0.00049780265 0.0
0.077216109 -0.0035762614 0.0
0.012272545 -6.7134844e-05 0.0
0.048258874 -0.0010942216 0.0
0.034983617 -0.00111731 0.0
0.067605898 -0.0022802525 0.0
0.0029719065 -0.00018807713 0.0
0.032413479 -6.4582851e-05 0.0
0.033255328 -0.00051276181 0.0
0.025240686 -0.00039346523 0.0
0.0052384743 0.00071649867 0.0
0.078807399 -0.0025769694 0.0
0.01797394 -0.0010503142 0.0
0.041974915 -0.00047885508 0.0
0.051710876 -0.0017219191 0.0
0.0090178933 -2.5894822e-05 0.0
0.036505412 -0.00053609347 0.0
0.062461642 -0.0021849468 0.0
0.04025324 0.00011949255 0.0
0.046992707 -0.00018548112 0.0
0.027878513 0.00047415355 0.0
0.062763384 -0.00036293696 0.0
0.0096968585 -0.00076288233 0.0
0.022887722 -0.00093545065 0.0
0.0059772207 0.00018254194 0.0
0.028269551 -0.00014488196 0.0
0.090736268 -0.0041099056 0.0
0.074486147 -0.002545097 0.0
0.057612985 -0.0021095952 0.0
0.044312145 -0.0012507252 0.0
0.018188741 -0.00069347535 0.0
0.024005825 -0.00070287068 0.0
0.054306865 -0.00038812211 0.0
0.075327695 -0.0022792429 0.0
0.066874104 -0.0030743144 0.0
0.076709651 -0.002295982 0.0
0.043411707 -0.00092912276 0.0
0.074328716 -0.0021585801 0.0
0.02837933 -0.0011235421 0.0
0.054181702 0.00016220259 0.0
0.084542948 -0.0030201322 0.0
0.11073231 -0.0056107895 0.0
0.032891567 -0.00088551385 0.0
0.059993723 -0.00085021705 0.0
0.072020232 -0.0013282784 0.0
0.085507766 -0.0032526959 0.0
0.09509773 -0.0042647886 0.0
0.093841274 -0.003818865 0.0
0.094840642 -0.0043794557 0.0
0.11279434 -0.0061475962 0.0
0.0048321992 7.8746632e-05 0.0
0.0059188989 -0.00032901623 0.0
0.023448309 5.2302113e-05 0.0
0.070281283 -0.001982187 0.0
0.0060100976 -0.00023849857 0.0
0.066895678 -0.0022935156 0.0
0.042068825 -0.00061852636 0.0
0.089562106 -0.0028332243 0.0
0.05006822 -0.0013231799 0.0
0.031452376 -0.00037502814 0.0
0.029765524 -4.0667387e-05 0.0
0.060405637 -0.0025181846 0.0
0.069855593 -0.0021573936 0.0
0.043085911 -0.00054607354 0.0
0.026531605 0.00037642662 0.0
0.027990403 -0.00012174653 0.0
0.046964477 -0.00099672359 0.0
0.073370024 -0.0032307273 0.0
0.084542225 -0.0025317411 0.0
0.082379024 -0.0027680492 0.0
0.079256775 -0.0021526587 0.0
0.091586327 -0.0039285344 0.0
0.088066145 -0.0031596526 0.0
0.10985734 -0.0048137271 0.0
0.10212883 -0.0032946904 0.0
0.065293187 -0.0017701999 0.0
0.029706673 -0.00043107925 0.0
0.084522591 -0.0027989901 0.0
0.087945115 -0.0029477066 0.0
0.10113552 -0.0033667185 0.0
0.089768541 -0.0028507928 0.0
0.092397584 -0.0023482819 0.0
0.078285358 -0.0021727765 0.0
0.097504854 -0.0033849432 0.0
0.093459784 -0.002574759 0.0
0.12316339 -0.0047099908 0.0
0.12138542 -0.0048243862 0.0
0.093926349 -0.0035792284 0.0
0.095307356 -0.0041014482 0.0
0.082434838 -0.0021298299 0.0
0.08252045 -0.0020902628 0.0
0.1046618 -0.0037893279 0.0
0.082556406 -0.0026574569 0.0
0.0492787 -2.9849892e-05 0.0
0.018979229 0.00061225103 0.0
0.05759464 -0.0012159932 0.0
0.063991833 -0.00085002065 0.0
0.11430388 -0.0044162726 0.0
0.05609214 0.00038418266 0.0
0.0436242 0.00014895329 0.0
0.010008849 -0.0013159658 0.0
0.099184039 -0.0029738561 0.0
0.10398821 -0.0038352753 0.0
0.062934435 -0.00015739658 0.0
0.10070275 -0.0034666817 0.0
0.10269676 -0.0044152007 0.0
0.044705596 0.00022294567 0.0
0.12271213 -0.0046061087 0.0
0.10337139 -0.0038133577 0.0
0.13374056 -0.0057752507 0.0
0.057694314 -0.0012241025 0.0
0.086048359 -0.0019450832 0.0
0.071677721 -0.0012255338 0.0
0.085514837 -0.0020021498 0.0
0.076081819 -0.0010168156 0.0
0.11748518 -0.004168171 0.0
0.13356063 -0.0057938413 0.0
0.055705683 -0.00069353706 0.0
0.11552033 -0.0038556253 0.0
0.069469278 -0.00039099172 0.0
0.11378383 -0.0051715128 0.0
0.0768889 -0.00096447709 0.0
0.055672822 0.00013105567 0.0
0.13407112 -0.0068150933 0.0
0.15687262 -0.011323075 0.0
0.12273546 -0.0051692853 0.0
0.13426433 -0.0067457356 0.0
0.088336078 -0.0027627023 0.0
0.091163937 -0.0026183221 0.0
0.069353259 -0.0010939262 0.0
0.0054952426 0.00039936948 0.0
0.11116823 -0.0049923876 0.0
0.068209342 0.00010760689 0.0
0.11765311 -0.004223542 0.0
0.13388002 -0.0067272924 0.0
0.070925336 -0.00066787044 0.0
0.13203839 -0.0055414288 0.0
0.12989075 -0.0053626619 0.0
0.13089089 -0.0064853137 0.0
0.088808373 -0.0019523607 0.0
0.04298052 0.00020867116 0.0
0.10454215 -0.0041331607 0.0
0.11096003 -0.0041712783 0.0
0.13935639 -0.0076968316 0.0
0.14601136 -0.0084411083 0.0
0.067948421 -0.00056506538 0.0
0.13902187 -0.0062200942 0.0
0.070918265 -0.0013122887 0.0
0.14011297 -0.0075988429 0.0
0.12130869 -0.0054989601 0.0
0.15192552 -0.010375871 0.0
0.024525666 -0.00011582587 0.0
0.062703385 -0.00012218569 0.0
0.11381208 -0.0051173569 0.0
0.132664 -0.0066435104 0.0
0.13069147 -0.005802596 0.0
0.15252775 -0.0090831674 0.0
0.15015412 -0.0090598844 0.0
0.13879908 -0.0079624295 0.0
0.14405253 -0.0075978811 0.0
0.12091289 -0.0044344703 0.0
0.12542284 -0.0058959287 0.0
0.040379127 -0.00067774044 0.0
0.12294449 -0.0057731607 0.0
0.13974848 -0.0074941062 0.0
0.12605536 -0.0059714691 0.0
0.14348822 -0.0080016243 0.0
0.15468049 -0.010245217 0.0
0.11454576 -0.0047579812 0.0
0.12491812 -0.0058611406 0.0
0.13912817 -0.0073684463 0.0
0.1443434 -0.0080006379 0.0
0.12135573 -0.0057890068 0.0
0.13510074 -0.0076001891 0.0
0.1524927 -0.0096361283 0.0
0.14549575 -0.0083547844 0.0
0.15354761 -0.009542879 0.0
0.14844301 -0.008788512 0.0
0.15533402 -0.010404159 0.0
0.14356065 -0.0067465022 0.0
0.14793711 -0.0088281823 0.0
0.1522428 -0.0094736887 0.0
0.14867499 -0.0088068786 0.0
0.14899338 -0.0088087987 0.0
0.14151373 -0.0078294653 0.0
0.15817885 -0.012326984 0.0
0.15411414 -0.0097271994 0.0
0.15046498 -0.0090281814 0.0
0.15078168 -0.008425809 0.0
0.14116164 -0.0071021648 0.0
0.15041466 -0.0092549043 0.0
0.15571576 -0.010901691 0.0
0.15117388 -0.011317661 0.0
0.15346593 -0.0090424188 0.0
0.13123341 -0.0053402424 0.0
0.1382965 -0.0062256108 0.0
0.10880057 -0.0034115589 0.0
0.099199612 -0.0031132078 0.0
0.14719753 -0.0094602846 0.0
0.15204028 -0.0098933252 0.0
0.15731145 -0.011734667 0.0
0.15508936 -0.010142401 0.0
0.14929085 -0.0078557852 0.0
0.12722827 -0.0052013964 0.0
0.11031347 -0.0048728588 0.0
0.10191094 -0.0038295605 0.0
0.13057719 -0.0066373811 0.0
0.14280236 -0.0080730807 0.0
0.1468404 -0.0091087116 0.0
0.15252242 -0.0098181146 0.0
0.15498284 -0.010540427 0.0
0.15663691 -0.011139252 0.0
0.14435779 -0.0064585265 0.0
0.124274 -0.0047272492 0.0
0.15042004 -0.0091673428 0.0
0.14890045 -0.0092293302 0.0
0.14193181 -0.0085249678 0.0
0.15627887 -0.011689807 0.0
0.15591927 -0.011140804 0.0
0.15742794 -0.011837582 0.0
0.15350609 -0.011784119 0.0
0.15309211 -0.01021987 0.0
0.14615197 -0.007194655 0.0
0.14022466 -0.0064084512 0.0
0.15312481 -0.010544614 0.0
0.1585206 -0.012598732 0.0
0.15803633 -0.013585618 0.0
0.15804832 -0.012853849 0.0
0.1566449 -0.011068279 0.0
0.15589113 -0.010634646 0.0
0.15072547 -0.0083938193 0.0
0.14568062 -0.0069819993 0.0
0.13414823 -0.0057841904 0.0
0.10061583 -0.0038448549 0.0
0.14405741 -0.0066085499 0.0
0.15008283 -0.0077464722 0.0
0.13021681 -0.005447319 0.0
0.13705804 -0.0062161208 0.0
0.1385039 -0.005962866 0.0
0.13221998 -0.0056013867 0.0
0.14502567 -0.0068210489 0.0
0.11881289 -0.0041704285 0.0
0.14651534 -0.0076028077 0.0
0.15191036 -0.0089139345 0.0
0.15281411 -0.0090512508 0.0
0.14038808 -0.0060692887 0.0
0.15397016 -0.0093409318 0.0
0.14985542 -0.0076906129 0.0
0.14908809 -0.0075894686 0.0
0.15024761 -0.007867192 0.0
0.14893571 -0.0081193537 0.0
0.15326212 -0.0091906912 0.0
0.14993099 -0.0087129015 0.0
0.15233253 -0.0089521 0.0
0.15493854 -0.010162441 0.0
0.15076166 -0.010027111 0.0
0.15209809 -0.0084541371 0.0
0.15278636 -0.0086746021 0.0
0.15153851 -0.0081772028 0.0
0.12404715 -0.0046498079 0.0
0.15353834 -0.0094745754 0.0
0.15391946 -0.009547468 0.0
0.15285429 -0.0089459923 0.0
0.15334536 -0.0089294618 0.0
0.15471154 -0.010286123 0.0
0.14829084 -0.0094794161 0.0
0.1534044 -0.0091051323 0.0
0.15258753 -0.0085684424 0.0
0.14757999 -0.0072477369 0.0
0.14742958 -0.0074564761 0.0
0.15413939 -0.0094180042 0.0
0.15374727 -0.0090984015 0.0
0.15104047 -0.01113943 0.0
0.15225923 -0.0098773096 0.0
0.15403525 -0.0093148488 0.0
0.15337971 -0.0098703309 0.0
0.14247651 -0.0099253065 0.0
0.15330686 -0.0093928758 0.0
0.15350798 -0.0099492038 0.0
0.14960507 -0.0095690636 0.0
0.15359277 -0.010421106 0.0
0.15089691 -0.010711549 0.0
0.14937903 -0.0097564086 0.0
0.15164828 -0.0082486546 0.0
0.15233144 -0.0096336689 0.0
0.15295002 -0.0090722027 0.0
0.15151896 -0.0090259444 0.0
0.15301423 -0.008638074 0.0
0.1460374 -0.010301336 0.0
0.14675909 -0.010622035 0.0
0.13757873 -0.010245141 0.0
0.13633931 -0.0090426832 0.0
0.15451771 -0.010136968 0.0
0.15036854 -0.010354378 0.0
0.1509437 -0.010392417 0.0
0.14140985 -0.010211848 0.0
0.15585612 -0.010717789 0.0
0.15350811 -0.010709842 0.0
0.14975449 -0.010738279 0.0
0.1475137 -0.010224243 0.0
0.1198148 -0.0079764196 0.0
0.11543538 -0.0066473442 0.0
0.15421529 -0.0097439681 0.0
0.15443412 -0.010687729 0.0
0.15401048 -0.0094805842 0.0
0.15422368 -0.0096307742 0.0
0.14787012 -0.011296591 0.0
0.14963271 -0.011596278 0.0
0.14704863 -0.0098512762 0.0
0.13994228 -0.0095623339 0.0
0.1541589 -0.009504513 0.0
0.15443712 -0.0098734634 0.0
0.15366114 -0.0094993303 0.0
0.15537309 -0.010309197 0.0
0.14334145 -0.010671328 0.0
0.13054933 -0.010179346 0.0
0.1498861 -0.011100805 0.0
0.14595651 -0.010889316 0.0
0.15331201 -0.011114777 0.0
0.14272951 -0.011518214 0.0
0.14268216 -0.010343304 0.0
0.14487436 -0.0097732414 0.0
0.15293477 -0.0089682028 0.0
0.14002096 -0.0094364247 0.0
0.14232766 -0.010788401 0.0
0.13618905 -0.010218515 0.0
0.14718623 -0.011565258 0.0
0.13792359 -0.011070643 0.0
0.13364433 -0.0090496642 0.0
0.13701086 -0.0099647116 0.0
0.13109113 -0.01102043 0.0
0.12279262 -0.009679754 0.0
0.15514757 -0.01040032 0.0
0.15363463 -0.011585112 0.0
0.12484906 -0.010793674 0.0
0.15117813 -0.0091552759 0.0
0.14075377 -0.010483831 0.0
0.11547018 -0.0080995795 0.0
0.081801818 -0.0041073047 0.0
0.13005268 -0.0091543836 0.0
0.1218932 -0.0093671071 0.0
0.13138427 -0.010667552 0.0
0.15261911 -0.011010791 0.0
0.15278473 -0.011364987 0.0
0.15266044 -0.010838874 0.0
0.15483619 -0.010816693 0.0
0.1550895 -0.011363563 0.0
0.1497594 -0.011814834 0.0
0.14237454 -0.0095822658 0.0
0.15168261 -0.0092925604 0.0
0.1358306 -0.0098803799 0.0
0.11697518 -0.0071075027 0.0
0.13287873 -0.010742725 0.0
0.1214415 -0.0096949421 0.0
0.12494288 -0.0094978388 0.0
0.12530721 -0.0088033138 0.0
0.15678954 -0.011471658 0.0
0.15719479 -0.012192781 0.0
0.14671182 -0.011818829 0.0
0.14408935 -0.011339894 0.0
0.14639941 -0.0096020591 0.0
0.12912243 -0.010465386 0.0
0.14446095 -0.0093267968 0.0
0.12441313 -0.007362424 0.0
0.13284184 -0.0084600265 0.0
0.13360007 -0.0092592226 0.0
0.14211964 -0.0093283909 0.0
0.12885448 -0.0081317116 0.0
0.13624851 -0.0088317632 0.0
0.151078 -0.0086181246 0.0
0.13862664 -0.008473167 0.0
0.12907166 -0.0090393239 0.0
0.12909145 -0.0086197079 0.0
0.12522735 -0.0085153882 0.0
0.12537519 -0.0088684961 0.0
0.11983196 -0.0074901758 0.0
0.15277132 -0.00847897 0.0
0.14926715 -0.0093127695 0.0
0.14892336 -0.0091967676 0.0
0.15194318 -0.008027405 0.0
0.15289281 -0.0085851223 0.0
0.1436798 -0.0088944243 0.0
0.15241437 -0.0089223437 0.0
0.079881367 -0.0033076318 0.0
0.046361659 -0.0010793135 0.0
0.12108692 -0.0070686848 0.0
0.13124959 -0.0079969159 0.0
0.14972513 -0.0089552583 0.0
0.15247898 -0.0088309656 0.0
0.15226705 -0.0085623515 0.0
0.15080492 -0.0085158723 0.0
0.13087323 -0.0073283011 0.0
0.1513754 -0.0084104669 0.0
0.1372695 -0.0085002242 0.0
0.15239211 -0.0086314949 0.0
0.15198583 -0.0088229286 0.0
0.1523992 -0.0083159931 0.0
0.15160032 -0.0085753744 0.0
0.15209051 -0.0083855149 0.0
0.15196115 -0.0082729591 0.0
0.10573196 -0.0060492817 0.0
0.12371025 -0.007039572 0.0
0.13242691 -0.007550184 0.0
0.14641699 -0.0087764384 0.0
0.1247852 -0.0076465804 0.0
0.12059475 -0.0068061658 0.0
0.11985506 -0.0073473013 0.0
0.11746295 -0.0072028101 0.0
0.11128443 -0.0067332062 0.0
0.13438164 -0.0076818588 0.0
0.13851085 -0.0087971308 0.0
0.13223461 -0.0083542638 0.0
0.12981164 -0.0073074846 0.0
0.14055528 -0.0083683822 0.0
0.1374872 -0.0082511024 0.0
0.14201069 -0.0082503335 0.0
0.041321591 -0.00083464157 0.0
0.11332404 -0.0062996961 0.0
0.12470978 -0.0071802397 0.0
0.13652083 -0.0081428949 0.0
0.13656812 -0.0079359501 0.0
0.1439315 -0.0088502846 0.0
0.11224576 -0.0072922752 0.0
0.10658117 -0.0054188729 0.0
0.12149618 -0.00704632 0.0
0.11576291 -0.0061591195 0.0
0.14799597 -0.0083493751 0.0
0.14037261 -0.0088385839 0.0
0.15232626 -0.0083985602 0.0
0.1376655 -0.0081821669 0.0
0.093829005 -0.005009747 0.0
0.056032964 -0.0019107886 0.0
0.09734107 -0.0044358333 0.0
0.10463886 -0.0049467869 0.0
0.10563885 -0.0054128058 0.0
0.11252404 -0.006021247 0.0
0.043217453 -0.0013414999 0.0
0.093910643 -0.0041895398 0.0
0.11411473 -0.0063489358 0.0
0.10266914 -0.0050689462 0.0
0.13942245 -0.007783259 0.0
0.12150625 -0.0063105004 0.0
0.061102585 -0.014824357 0.0
0.074159185 -0.017427086 0.0
0.087001126 -0.020913969 0.0
0.077416386 -0.018847992 0.0
0.06838588 -0.016594325 0.0
0.053273495 -0.0146331 0.0
0.067040121 -0.01752793 0.0
0.061025744 -0.016124435 0.0
0.061559124 -0.015517989 0.0
0.048187742 -0.013213895 0.0
0.075167559 -0.018462508 0.0
0.058228954 -0.015660276 0.0
0.081663424 -0.020817719 0.0
0.066506527 -0.01719062 0.0
0.14574866 -0.013812978 0.0
0.14416011 -0.012750735 0.0
0.13925653 -0.011937182 0.0
0.14689181 -0.012476882 0.0
0.14972883 -0.0099781516 0.0
0.14308709 -0.009158994 0.0
0.15258371 -0.010472002 0.0
0.14749062 -0.0092560975 0.0
0.15578205 -0.011523892 0.0
0.15523862 -0.011200965 0.0
0.037800288 -0.011986466 0.0
0.038606675 -0.011471749 0.0
0.025123595 -0.0090781318 0.0
0.0091631376 -0.0040600543 0.0
0.061192958 -0.017414316 0.0
0.074647345 -0.019707667 0.0
0.024165762 -0.010730456 0.0
0.022047971 -0.0097094554 0.0
0.00051097268 -0.00076383286 0.0
-0.00053696092 -0.00065337703 0.0
-4.6708615e-05 -0.0012220988 0.0
-0.0016453261 -0.00045768673 0.0
-0.0021679451 -0.00020499135 0.0
-0.0006290804 -5.0767039e-05 0.0
0.0023201538 -0.0012045552 0.0
-0.00071802327 -0.0001019713 0.0
0.00702708 -0.0032892322 0.0
0.020114004 -0.0057218831 0.0
0.019596818 -0.0078060929 0.0
0.013074432 -0.0053238844 0.0
0.016275548 -0.0049034059 0.0
0.026945077 -0.0077096918 0.0
0.026466588 -0.0079562736 0.0
0.031515338 -0.0098056849 0.0
0.021700063 -0.0073926801 0.0
0.0024436299 -0.0044984318 0.0
-0.0038598521 -0.0031364498 0.0
-0.0033582777 -0.0043546592 0.0
-0.0029303201 -0.00073883912 0.0
0.011040735 -0.0080008825 0.0
-0.00751795 -0.0037835311 0.0
-0.0068269597 -0.0026061971 0.0
0.1642612 0.062214249 0.0
0.16282955 0.072487913 0.0
0.11613942 0.067384433 0.0
0.04100128 0.050689144 0.0
0.1237232 0.076464067 0.0
0.12138567 0.086130649 0.0
0.092868946 0.085253308 0.0
0.11228077 0.048634583 0.0
0.0169192 0.055068491 0.0
0.1339688 0.01371332 0.0
0.11916808 0.010991283 0.0
0.14212644 0.024453779 0.0
0.083074006 0.045073376 0.0
0.12630292 0.024107888 0.0
0.10729838 0.019366595 0.0
0.086376931 0.055615216 0.0
0.14430724 0.022409417 0.0
0.041031366 0.033222817 0.0
0.13092767 0.014346932 0.0
0.13716322 0.03574096 0.0
0.13131297 0.013747291 0.0
0.14854634 0.023505894 0.0
0.1480498 0.018099799 0.0
0.14204034 0.013377194 0.0
0.070390762 0.045261843 0.0
0.13854303 0.020548341 0.0
0.13657482 0.021976642 0.0
0.14558803 0.030300756 0.0
0.033019269 0.052015596 0.0
0.11354113 0.054757721 0.0
0.14026199 0.035063494 0.0
0.063090742 0.064378302 0.0
0.12573645 0.035288719 0.0
0.14601336 0.025600432 0.0
0.12512059 0.025774515 0.0
0.14039059 0.014470819 0.0
0.13998358 0.02265857 0.0
0.14110209 0.026422639 0.0
0.13173442 0.02371241 0.0
0.14351038 0.023901448 0.0
0.13008191 0.03861685 0.0
0.15056501 0.022531123 0.0
0.13210577 0.032883733 0.0
0.14385895 0.015685172 0.0
0.11795204 0.023034263 0.0
0.13639792 0.024084698 0.0
0.10804375 0.022185065 0.0
0.13849656 0.017081836 0.0
0.12931134 0.011197552 0.0
0.0036812758 0.019234903 0.0
0.13531123 0.012866695 0.0
0.14110658 0.021672687 0.0
0.1434181 0.015209284 0.0
0.13170451 0.019269998 0.0
0.05751626 0.042262337 0.0
0.11253212 0.042680455 0.0
0.14119655 0.017949763 0.0
0.14658638 0.023699157 0.0
0.14543372 0.019402386 0.0
0.14146641 0.0099510703 0.0
0.14291198 0.01084683 0.0
0.14246822 0.010249619 0.0
0.14154802 0.0092755334 0.0
0.13222333 0.0039761755 0.0
0.13472659 0.010854458 0.0
0.14208748 0.0098215707 0.0
0.13594974 0.0053579905 0.0
0.13518456 0.014311595 0.0
0.048945521 0.029539524 0.0
0.14725547 0.016110605 0.0
0.14904542 0.018935211 0.0
0.14692585 0.016659382 0.0
0.14845756 0.018084236 0.0
0.14930332 0.0199743 0.0
0.14976544 0.019326811 0.0
0.14668895 0.017825858 0.0
0.14831577 0.021162428 0.0
0.14808628 0.019140954 0.0
0.14411028 0.020821573 0.0
0.14895075 0.022014548 0.0
0.14861071 0.019966665 0.0
0.14584358 0.017185919 0.0
0.14381334 0.017769141 0.0
0.1503465 0.020704762 0.0
0.14986532 0.021893605 0.0
0.14568995 0.024556571 0.0
0.14953932 0.025616068 0.0
0.14679361 0.018587899 0.0
0.14663005 0.020478645 0.0
0.14604896 0.022525836 0.0
0.14705274 0.021202155 0.0
0.14496078 0.01912533 0.0
0.14473388 0.017897819 0.0
0.14394706 0.021536479 0.0
0.14458247 0.026106875 0.0
0.14429099 0.027558632 0.0
0.14758022 0.026349125 0.0
0.14550196 0.020419379 0.0
0.14727246 0.019185917 0.0
0.053170085 0.0015591349 0.0
0.03399426 -0.00085544634 0.0
0.019213496 -0.00087479352 0.0
0.0119714 0.00015347394 0.0
0.038653294 -0.00085854391 0.0
0.016596292 -0.00032384782 0.0
0.035674008 -0.00041761451 0.0
0.048164666 -0.00017470877 0.0
0.030949024 -0.000861781 0.0
0.018033919 0.00013464137 0.0
0.041998482 -1.8023104e-05 0.0
0.063947856 0.0031158308 0.0
0.039037262 0.001220009 0.0
0.046182583 0.0028793411 0.0
0.17308096 0.022421759 0.0
0.16786173 0.020425831 0.0
0.18022642 0.025895026 0.0
0.17524148 0.020159913 0.0
0.18222023 0.022707348 0.0
0.17714598 0.023574808 0.0
0.17455867 0.034576629 0.0
0.17042494 0.033948391 0.0
0.12187629 0.0026029521 0.0
0.12503151 0.0029275979 0.0
0.03077642 0.00054460706 0.0
0.045335865 0.00018940557 0.0
0.12130388 0.00099889093 0.0
0.12002523 0.00098419822 0.0
0.06269397 0.00024521607 0.0
0.1163878 0.00015068645 0.0
0.018667279 0.00071989209 0.0
0.032652135 -0.00025683384 0.0
0.075766856 -0.0001966891 0.0
0.16569213 -0.0084596911 0.0
0.15936821 -0.010955628 0.0
7.0529843e-05 0.0021646339 0.0
-0.00049007016 0.0082311704 0.0
0.015179976 0.0046485898 0.0
-0.00084533292 0.012756984 0.0
-0.00080391684 0.0076891281 0.0
-0.00022909969 0.0078237831 0.0
-0.0010211622 0.0099432391 0.0
7.1131292e-05 0.0021391443 0.0
-0.00017810414 0.001882245 0.0
-0.013041614 0.002856378 0.0
0.011868079 0.0046844342 0.0
-0.0021938741 0.011249952 0.0
-0.0017949723 0.012908 0.0
-0.00091449513 0.0053298722 0.0
-0.01104157 -0.0012015141 0.0
-0.0019496771 0.007804998 0.0
-0.0030140752 0.013073115 0.0
0.0061214085 -0.0013701255 0.0
0.031219989 -0.0076992735 0.0
0.21512089 0.0045324691 0.0
0.21499413 0.0013161124 0.0
0.21441185 0.0065229087 0.0
0.21504584 0.0070249279 0.0
0.035070025 -0.0004508628 0.0
0.17875206 -0.0041721437 0.0
0.17457979 -0.0043591847 0.0
0.16131081 -0.0046485613 0.0
0.16577161 -0.0038172661 0.0
0.16617434 -0.005222619 0.0
0.18098664 -0.00534068 0.0
0.17236265 -0.0092587848 0.0
0.16102674 -0.0076859466 0.0
0.16203616 -0.0087195296 0.0
0.17525411 -0.010343642 0.0
0.12822113 -0.0048361756 0.0
0.15237383 -0.0072087174 0.0
0.086134196 -0.0021556372 0.0
0.057689394 -0.0010733176 0.0
0.027286793 0.00066346653 0.0
0.023631773 0.00039327959 0.0
0.06130311 0.0017438294 0.0
0.057087221 -0.001395279 0.0
0.022630062 -0.00030341868 0.0
0.025165579 -0.0015355413 0.0
0.056294843 0.00044748148 0.0
0.028224635 -0.00067871805 0.0
0.074231305 -0.00070381371 0.0
0.045040552 0.0010678837 0.0
0.04059542 -0.0015773418 0.0
0.0056732181 -0.00011683249 0.0
0.04205571 -0.0021464572 0.0
0.015705482 -0.00055305345 0.0
0.012366032 -0.00073355034 0.0
0.14089159 -0.00458659 0.0
0.11882776 -0.00092470049 0.0
0.11899628 -0.0027645594 0.0
0.12920129 -0.0027846028 0.0
0.16326602 -0.0061992134 0.0
0.1442618 -0.0044214462 0.0
0.14782783 -0.004009294 0.0
0.10896147 -0.0030285934 0.0
0.087421976 0.0012580187 0.0
0.01508647 0.00038047343 0.0
0.060962301 0.00088301394 0.0
0.095719963 -0.0049541212 0.0
0.060921478 -0.0027881653 0.0
0.19293641 -0.023737976 0.0
0.19370934 -0.021677007 0.0
0.18673258 -0.011049119 0.0
0.19645196 -0.01261749 0.0
0.17834152 -0.010008611 0.0
0.18833031 -0.0098139975 0.0
0.20386444 -0.011421887 0.0
0.2027299 -0.012613418 0.0
0.16393612 -0.014413112 0.0
0.17179865 -0.017009709 0.0
0.096147101 -0.0053605165 0.0
0.081975976 -0.0047327019 0.0
0.077365802 -0.004034884 0.0
0.085481719 -0.0042033008 0.0
0.059179427 -0.0032751922 0.0
0.05194879 -0.0030269893 0.0
0.046774575 -0.0016298795 0.0
0.014559937 0.00053999872 0.0
0.059262995 -0.011252384 0.0
0.041327107 -0.0056887472 0.0
0.069769252 -0.012672235 0.0
0.068542306 -0.011009596 0.0
0.071594814 -0.015242689 0.0
0.095303854 -0.016639082 0.0
-0.0021768767 0.0076344137 0.0
0.026693095 -0.0040032704 0.0
0.046014612 -0.0083542253 0.0
0.023110543 -0.0017809274 0.0
-0.0077645966 0.0097527746 0.0
-0.00981478 0.0080161875 0.0
0.039362398 -0.015346051 0.0
0.038062384 -0.014091695 0.0
0.044761713 -0.015368971 0.0
0.030460597 -0.011609598 0.0
-0.0079797382 -0.004123862 0.0
0.016436522 -0.0093124053 0.0
0.02416999 -0.011828773 0.0
0.010932624 -0.0088644558 0.0
0.15619301 -0.013529311 0.0
0.14550434 -0.012473502 0.0
0.14712398 -0.011838707 0.0
0.15657786 -0.014952892 0.0
0.13725041 -0.00956013 0.0
0.13298228 -0.0095086706 0.0
0.15742472 -0.013992267 0.0
0.1496553 -0.012199423 0.0
0.12505804 -0.0075527411 0.0
0.10381202 -0.005883056 0.0
0.053202827 -0.00042285877 0.0
0.052430823 -0.0016573743 0.0
0.051583538 -0.0010485189 0.0
0.0069406556 -0.00013171536 0.0
0.016501249 -0.00060548619 0.0
0.027983452 -0.00095617434 0.0
0.033171224 -0.0014214063 0.0
0.0080495336 -0.00050264714 0.0
0.032229227 -0.0009257044 0.0
0.031138377 -0.00023340991 0.0
0.0068653686 0.00030559605 0.0
0.0090886481 -0.00012121584 0.0
0.039958984 -0.0018115662 0.0
0.038705787 -0.0013971393 0.0
0.051794643 -5.5842573e-05 0.0
0.055934605 -0.0017346564 0.0
0.013772845 0.00060016465 0.0
0.038120487 -0.00080719775 0.0
0.17838738 -0.018664377 0.0
0.010148625 -0.00075014953 0.0
0.17473887 -0.017032938 0.0
0.17833504 -0.018697535 0.0
0.16932361 -0.016497177 0.0
0.17079032 -0.016381545 0.0
0.18001837 -0.01800798 0.0
0.19100524 -0.022414797 0.0
0.18926106 -0.022782804 0.0
0.075455719 -0.0045120446 0.0
0.065975831 -0.0022475162 0.0
0.046319647 -0.0014245738 0.0
0.055862036 -0.0010692409 0.0
0.033211848 -0.0001996529 0.0
0.012280304 -0.00060199465 0.0
0.043167741 -0.00056835071 0.0
0.02216104 -0.0016349571 0.0
0.030561516 -0.001501992 0.0
0.029807926 -0.00058987018 0.0
0.07339534 -0.0028366232 0.0
0.025980525 0.00075949437 0.0
0.079103302 -0.0029410558 0.0
0.027650738 0.00089781104 0.0
0.047370637 -0.00075096763 0.0
0.030313537 0.0010729795 0.0
0.13048277 -0.0073813774 0.0
0.071745189 -0.0030648383 0.0
0.068556854 -0.0026831529 0.0
0.047131712 -0.00082383931 0.0
0.059396201 -0.0017625988 0.0
0.062726924 -0.0022331362 0.0
0.10720409 -0.0067410249 0.0
0.071940754 -0.0026623412 0.0
0.059463565 -0.0020022985 0.0
0.060660824 -0.0026395134 0.0
0.06886581 -0.0024895671 0.0
0.094574484 -0.0047227363 0.0
0.090779377 -0.0042499724 0.0
0.053993309 -0.0021681228 0.0
0.073517401 -0.0031014873 0.0
0.081514101 -0.0037685251 0.0
0.08681997 -0.0037980904 0.0
0.080226622 -0.0030508116 0.0
0.073017578 -0.002967869 0.0
0.06466886 -0.0023473493 0.0
0.10480706 -0.0055007528 0.0
0.10903461 -0.0064423326 0.0
0.082166375 -0.003481568 0.0
0.087174482 -0.0039507958 0.0
0.088803556 -0.0042356085 0.0
0.096451547 -0.0047960276 0.0
0.10033607 -0.0054574325 0.0
0.10028999 -0.0061309747 0.0
0.083387448 -0.0041365747 0.0
0.11194576 -0.0067107904 0.0
0.098474053 -0.0059733181 0.0
0.15814416 -0.012789027 0.0
0.15695855 -0.012853775 0.0
0.15081731 -0.011053277 0.0
0.15618576 -0.012563372 0.0
0.16377267 -0.016196961 0.0
0.16031679 -0.014497283 0.0
0.14040877 -0.010106833 0.0
0.12416901 -0.0075353031 0.0
0.14064927 -0.010356796 0.0
0.14606696 -0.011421454 0.0
0.10087866 -0.0054974103 0.0
0.12138984 -0.007413083 0.0
0.15494177 -0.012722871 0.0
0.15013645 -0.012003302 0.0
0.14805498 -0.011115419 0.0
0.15501215 -0.01281737 0.0
0.14536897 -0.011482301 0.0
0.1539226 -0.013241728 0.0
0.14429644 -0.0096747069 0.0
0.13980439 -0.0088435489 0.0
0.12678461 -0.0068889094 0.0
0.13364938 -0.0078143956 0.0
0.049524313 -0.0025634869 0.0
0.024277955 -0.0015655585 0.0
0.023348282 -0.00091958571 0.0
0.023136001 -8.0891326e-05 0.0
0.011239236 -0.0012605422 0.0
0.013370502 0.00055177352 0.0
0.008622217 0.001347742 0.0
0.084749758 -0.0035993583 0.0
0.09403425 -0.0042170283 0.0
0.10255688 -0.0043967432 0.0
0.096290619 -0.0036996852 0.0
0.010229624 -0.00055157165 0.0
0.01057258 -0.00023272428 0.0
0.0099106427 0.00032306301 0.0
0.0063102245 -0.00029611404 0.0
0.025822042 -9.7704034e-05 0.0
0.018534548 0.00023679381 0.0
0.010865172 0.00030295421 0.0
0.0035222898 -1.8530731e-05 0.0
0.040167636 0.00035285167 0.0
0.043428678 -0.0017352039 0.0
0.064745247 -0.0031928558 0.0
0.057905416 -0.0021744549 0.0
0.068010277 -0.0028824695 0.0
0.088067906 -0.004415389 0.0
0.099418406 -0.0053230553 0.0
0.1001374 -0.0041540288 0.0
0.085655305 -0.003698869 0.0
0.09784756 -0.005598073 0.0
0.076640143 -0.0026390296 0.0
0.073880647 -0.0019646892 0.0
0.10538221 -0.0059411113 0.0
0.11100592 -0.0066337208 0.0
0.086389964 -0.003921169 0.0
0.099336065 -0.003281188 0.0
0.10880675 -0.0040437976 0.0
0.10225593 -0.0038170532 0.0
0.071450447 -0.00063406452 0.0
0.022717656 -0.00035127794 0.0
0.056514288 0.00052602366 0.0
0.11133021 -0.0043463952 0.0
0.10499538 -0.0036568565 0.0
0.099010841 -0.0034411475 0.0
0.11104079 -0.0045605515 0.0
0.10038329 -0.0030912033 0.0
0.11104196 -0.0039540152 0.0
0.1208962 -0.0058616803 0.0
0.134429 -0.0075137027 0.0
0.13876425 -0.0070376431 0.0
0.14464164 -0.0081273793 0.0
0.10693762 -0.0039141611 0.0
0.095481836 -0.003697591 0.0
0.12018461 -0.0045024493 0.0
0.094389179 -0.0016950024 0.0
0.11184852 -0.00438568 0.0
0.10040721 -0.0031326749 0.0
0.075704247 -0.0021985461 0.0
0.083167302 -0.0024634997 0.0
0.12348406 -0.0049935798 0.0
0.12650529 -0.0048465475 0.0
0.08811972 -0.002907656 0.0
0.037275304 0.00043313248 0.0
0.12505371 -0.0049085106 0.0
0.11779185 -0.0039800161 0.0
0.12566213 -0.0044947204 0.0
0.11763062 -0.0039046279 0.0
0.082896189 -0.0026324732 0.0
0.06805349 -0.00086274956 0.0
0.1077362 -0.0031128698 0.0
0.073678415 -0.0021762864 0.0
0.14335468 -0.0089197669 0.0
0.13870869 -0.0076222306 0.0
0.14587288 -0.009120707 0.0
0.14115407 -0.0082532827 0.0
0.14190924 -0.0079006837 0.0
0.14503423 -0.0083868321 0.0
0.15311737 -0.010614722 0.0
0.15507056 -0.011143647 0.0
0.15800062 -0.012362231 0.0
0.15735808 -0.011873428 0.0
0.15698159 -0.011464495 0.0
0.157539 -0.011871255 0.0
0.15660149 -0.013647606 0.0
0.15344438 -0.013327868 0.0
0.154566 -0.014192383 0.0
0.15134183 -0.013605299 0.0
0.15374627 -0.012353152 0.0
0.15630368 -0.012225109 0.0
0.15637112 -0.013128174 0.0
0.15516579 -0.012681858 0.0
0.15394246 -0.012800646 0.0
0.1557203 -0.012085319 0.0
0.1512564 -0.012880925 0.0
0.15116982 -0.012332762 0.0
0.15585275 -0.011727902 0.0
0.1569852 -0.012092017 0.0
0.15329847 -0.0087651659 0.0
0.15302591 -0.0085290985 0.0
0.14789239 -0.0071939196 0.0
0.14838049 -0.0075133913 0.0
0.15000651 -0.0075457395 0.0
0.14293458 -0.0067336758 0.0
0.14668216 -0.0072610849 0.0
0.15204392 -0.0080082577 0.0
0.14559628 -0.0069906842 0.0
0.15592309 -0.011197187 0.0
0.15479812 -0.011040808 0.0
0.15629256 -0.011499134 0.0
0.15472271 -0.011633745 0.0
0.15154972 -0.011924016 0.0
0.14848633 -0.011933005 0.0
0.14415879 -0.0094438243 0.0
0.14849792 -0.0093045857 0.0
0.15028 -0.0075803219 0.0
0.15090404 -0.0077124761 0.0
0.1523763 -0.0081968593 0.0
0.15082689 -0.0076916638 0.0
0.15174856 -0.0079438302 0.0
0.14908153 -0.0072775821 0.0
0.15178216 -0.0080195648 0.0
0.15188146 -0.0079964213 0.0
0.14117391 -0.0062449848 0.0
0.14125627 -0.0060886084 0.0
0.15160483 -0.0085939118 0.0
0.15199338 -0.0087409061 0.0
0.14889314 -0.0086816537 0.0
0.14457745 -0.0089710907 0.0
0.14196782 -0.0086785816 0.0
0.085570522 -0.019816493 0.0
0.088864689 -0.0036756161 0.0
0.076800096 -0.019506466 0.0
0.097027489 -0.0043437412 0.0
0.049775414 -0.013518062 0.0
0.042590835 -0.01304239 0.0
0.14514947 -0.013804612 0.0
0.15054186 -0.013713985 0.0
0.13926485 -0.01370735 0.0
0.13830472 -0.013543239 0.0
0.13692298 -0.011215833 0.0
0.14412837 -0.011950774 0.0
0.15055421 -0.012890335 0.0
0.14516211 -0.013262925 0.0
0.14404095 -0.013460816 0.0
0.13934286 -0.012476949 0.0
0.037398661 -0.011893983 0.0
0.026505417 -0.0095343589 0.0
0.022637009 -0.0090564304 0.0
0.014537685 -0.0058052027 0.0
0.0032424101 -0.002732207 0.0
0.0048365429 -0.0021425761 0.0
-0.0020463114 -0.0016742915 0.0
-0.0033277381 -0.0019652164 0.0
0.0070887285 -0.0073334575 0.0
-0.0011475322 -0.00011443394 0.0
0.0047663843 -0.0067734842 0.0
0.0025150643 -0.0058221282 0.0
0.0088543873 -0.0075282343 0.0
-0.0027858392 -0.0036041182 0.0
-0.0037444446 -0.0026583879 0.0
0.018904228 -0.0099492723 0.0
0.012040398 -0.0095232549 0.0
-0.0022710414 -0.0043442398 0.0
0.0011945162 -0.0045143014 0.0
-0.0015361655 -0.0055717908 0.0
-0.0032312926 -0.00019139224 0.0
0.00061845415 -0.0041333002 0.0
0.010482669 -0.00665791 0.0
0.015378973 -0.0080537552 0.0
0.01060516 -0.0074108323 0.0
-0.0046777487 -0.0046682605 0.0
-0.0074108399 -0.0030981423 0.0
-0.0043684723 -0.0049231826 0.0
-0.010317302 -0.0025667274 0.0
-0.010354517 -0.0017036351 0.0
-0.0058893233 -0.00097658682 0.0
-0.00040403098 -0.0056470835 0.0
-0.0089070778 -0.0027589325 0.0
0.0036593865 -0.0078367358 0.0
-0.0029236213 -0.0053277664 0.0
-0.0056976023 -0.0016897225 0.0
-0.0045173053 -0.00081618026 0.0
-0.0021589906 -0.0031343862 0.0
-0.00067629966 -0.0029381626 0.0
0.02404355 -0.011576647 0.0
-0.0072305251 -0.0039627948 0.0
-0.0057387758 -0.0022895124 0.0
-0.0047858531 -0.0017636983 0.0
-0.0069872858 -0.0019145766 0.0
-0.0058963709 -0.00039797665 0.0
-0.0045536752 -0.0011566448 0.0
-0.0023184877 -0.0026075839 0.0
-0.0069650198 -0.00056800567 0.0
-0.0033609518 -0.00016752539 0.0
-0.0027885238 -0.00039181372 0.0
0.0052540793 -0.0081161516 0.0
-0.0017224808 -0.0062029934 0.0
0.011009371 -0.0091253097 0.0
0.011703284 -0.0098484871 0.0
0.0037800057 -0.0082682267 0.0
-0.003941289 -0.005374185 0.0
-0.0066681215 -0.0046355594 0.0
-0.007349957 -0.0042148808 0.0
-0.0071966374 -0.0015009822 0.0
-0.009052194 -0.0013737089 0.0
0.0018577439 -0.0058378427 0.0
-0.0023205003 -0.00013311735 0.0
0.0037595237 -0.0069213793 0.0
0.14718513 0.027576575 0.0
0.1444274 0.02979856 0.0
0.13838585 0.019148852 0.0
0.13811 0.014188063 0.0
0.11695689 0.011227545 0.0
0.12555778 0.016364547 0.0
0.024980862 0.040499927 0.0
0.13951184 0.015114928 0.0
0.12845964 0.021578669 0.0
0.1397859 0.013881256 0.0
0.093315494 0.016967463 0.0
0.12756159 0.014908936 0.0
0.13480455 0.015003932 0.0
0.056262647 0.05085926 0.0
0.10777059 0.035403269 0.0
0.11820036 0.032886126 0.0
0.068321211 0.040068659 0.0
0.11753128 0.036228867 0.0
0.1184666 0.038688281 0.0
0.1413315 0.013253923 0.0
0.12675252 0.013015094 0.0
0.14203263 0.023850904 0.0
0.10548715 0.015458302 0.0
0.075786879 0.030060642 0.0
0.12202421 0.012399165 0.0
0.13812111 0.014917401 0.0
0.11976192 0.018679502 0.0
0.12845882 0.020249201 0.0
0.13022641 0.018517674 0.0
0.086886965 0.052190291 0.0
0.12450284 0.045186118 0.0
0.10334493 0.022256007 0.0
0.0387702 0.024844404 0.0
0.12254801 0.019974651 0.0
0.11346978 0.03511884 0.0
0.12303173 0.01155378 0.0
0.14340313 0.016538942 0.0
0.12922127 0.012989029 0.0
0.072331163 0.038567033 0.0
0.14215228 0.01526107 0.0
0.11522646 0.020361433 0.0
0.12172636 0.020949996 0.0
0.13476174 0.020156449 0.0
0.13748905 0.022810249 0.0
0.13316567 0.015061613 0.0
0.052999404 0.056310972 0.0
0.12329363 0.02278269 0.0
0.13489665 0.011461743 0.0
0.1085706 0.017912642 0.0
0.14176111 0.016374394 0.0
0.10473377 0.028072005 0.0
0.066554472 0.032934772 0.0
0.060900076 0.0368602 0.0
0.12081459 0.01793245 0.0
0.10083529 0.041716303 0.0
0.051830686 0.044810832 0.0
0.088661406 0.045646123 0.0
0.11651727 0.045517204 0.0
0.10790926 0.029002855 0.0
0.14144373 0.015788167 0.0
0.123902 0.02181378 0.0
0.081922516 0.021122882 0.0
0.075578309 0.056746829 0.0
0.13815068 0.016366691 0.0
0.11480283 0.011960305 0.0
0.045010872 0.027257458 0.0
0.066828905 0.046530486 0.0
0.120474 0.01637385 0.0
0.033218696 0.041779842 0.0
0.12535288 0.031132722 0.0
0.13673412 0.016101019 0.0
0.13662726 0.01766177 0.0
0.11669289 0.020119616 0.0
0.14108016 0.018655533 0.0
0.140441 0.017284183 0.0
0.13268542 0.015719028 0.0
0.12114053 0.013846087 0.0
0.14133836 0.010449398 0.0
0.13084854 0.029161927 0.0
0.13720769 0.011692669 0.0
0.14188411 0.0099509939 0.0
0.12907653 0.0027924508 0.0
0.11945365 0.030965216 0.0
0.13229265 0.0032787409 0.0
0.054981657 0.037927301 0.0
0.13786423 0.0121128 0.0
0.13612289 0.010704427 0.0
0.14061623 0.011429443 0.0
0.13777658 0.011036475 0.0
0.068658298 0.023313054 0.0
0.12578572 0.040383936 0.0
0.060963478 0.031119583 0.0
0.11705344 0.029948948 0.0
0.13972827 0.008150494 0.0
0.14002238 0.0074812335 0.0
0.13070943 0.0027511605 0.0
0.1357026 0.0043232999 0.0
0.14253325 0.011957213 0.0
0.14209882 0.011018999 0.0
0.13821794 0.0062415821 0.0
0.14114659 0.0096998522 0.0
0.14095556 0.012456485 0.0
0.13438026 0.016364348 0.0
0.12677843 0.002380365 0.0
0.129393 0.0031049424 0.0
0.12839316 0.0091162643 0.0
0.14035913 0.0075962438 0.0
0.1221341 0.0016729605 0.0
0.12130621 0.00069322963 0.0
0.12729327 0.0016743042 0.0
0.13338516 0.002864653 0.0
0.11853954 0.0018933693 0.0
0.11675782 0.00074663509 0.0
0.1102876 8.1722415e-05 0.0
0.13107254 0.001764367 0.0
0.12668824 0.0019825421 0.0
0.13507162 0.0037979637 0.0
0.13070773 0.0023311219 0.0
0.13014807 0.0023553829 0.0
0.12015643 0.00052683965 0.0
0.12719755 0.001357762 0.0
0.13981741 0.0070626094 0.0
0.13956305 0.0069765688 0.0
0.12533267 0.0016843613 0.0
0.13010396 0.0022021504 0.0
0.13048763 0.0023885538 0.0
0.13161354 0.0020727492 0.0
0.12357744 1.2929498e-05 0.0
0.10967548 0.0085173013 0.0
0.11681877 0.0003235052 0.0
0.11854886 0.0003745235 0.0
0.092132986 -7.7294884e-05 0.0
0.12213347 -0.0012445622 0.0
0.13398543 0.0033629723 0.0
0.13519899 0.0043910857 0.0
0.13473733 0.004541813 0.0
0.1314011 0.0036022695 0.0
0.13557306 0.0048102769 0.0
0.12920868 0.0045176608 0.0
0.13780086 0.005751313 0.0
0.1374969 0.0061041533 0.0
0.13150529 0.0041204639 0.0
0.13249823 0.0044670333 0.0
0.1377155 0.0052762229 0.0
0.13915579 0.0061623433 0.0
0.13931125 0.0073843011 0.0
0.12966598 0.0050959294 0.0
0.13715884 0.0053037267 0.0
0.13954495 0.0069200006 0.0
0.13984866 0.0070731477 0.0
0.14102747 0.0083482205 0.0
0.13994443 0.0071296194 0.0
0.1399828 0.0075569569 0.0
0.13964489 0.0066999249 0.0
0.14066077 0.0082574548 0.0
0.13756558 0.0048457753 0.0
0.13949923 0.0066487659 0.0
0.14108849 0.0086742633 0.0
0.14041598 0.007577759 0.0
0.13872869 0.0059634795 0.0
0.13916384 0.0065921432 0.0
0.13247431 0.0083672843 0.0
0.13587802 0.0097240733 0.0
0.14141981 0.0094078385 0.0
0.14110061 0.0086369647 0.0
0.13907604 0.0060897694 0.0
0.13950637 0.0076663044 0.0
0.13867763 0.0057200074 0.0
0.13544577 0.0030541375 0.0
0.13903934 0.0092003176 0.0
0.1375792 0.010719733 0.0
0.13962566 0.0074188801 0.0
0.1402975 0.0085083911 0.0
0.14053387 0.0093110662 0.0
0.1418613 0.010572537 0.0
0.13924454 0.0099783046 0.0
0.13974477 0.010478683 0.0
0.14035224 0.0089076304 0.0
0.14058629 0.010375524 0.0
0.11057755 0.00074784894 0.0
0.11390517 0.00055645182 0.0
0.11618328 0.00050145561 0.0
0.11390006 0.0005883635 0.0
0.10018127 0.00056870738 0.0
0.10682991 0.00024376486 0.0
0.091721216 0.00090810425 0.0
0.083248945 -0.001386488 0.0
0.12681453 0.0016324239 0.0
0.12813521 0.002898375 0.0
0.086164549 0.0010498678 0.0
0.08086409 0.0001843157 0.0
0.10620567 0.00038807104 0.0
0.11615367 0.00024989146 0.0
0.053942851 -0.00019298174 0.0
0.063586578 -0.00031982203 0.0
0.0014471131 0.011635933 0.0
-0.0042855652 0.012221999 0.0
-0.00018064319 0.0012107642 0.0
-0.0015235718 0.0090060035 0.0
-0.00043894727 0.00021129799 0.0
-0.0094125877 0.0010088333 0.0
0.050548042 0.00059858444 0.0
0.026575766 -0.00033360448 0.0
0.02823673 0.00073543259 0.0
0.045864235 -0.00024826212 0.0
0.024341898 0.00033275355 0.0
0.05260574 0.0016838004 0.0
0.017164681 -3.9367181e-05 0.0
0.049330237 -0.00066866012 0.0
0.12824888 -0.0028595306 0.0
0.15219524 -0.0038474017 0.0
0.19141953 -0.021581393 0.0
0.19361944 -0.023368116 0.0
0.18726064 -0.0094416984 0.0
0.1844427 -0.010522042 0.0
0.18999881 -0.0090818879 0.0
0.19806379 -0.010344806 0.0
0.0082094936 -0.0012587835 0.0
0.017790394 -0.0040681533 0.0
-0.015478093 0.00094088278 0.0
-0.0115836 -0.00016706954 0.0
0.028702286 -0.011231673 0.0
0.012427706 -0.0074786207 0.0
0.036758341 -0.011804747 0.0
0.024283296 -0.0070438963 0.0
-0.0059996558 -0.0040002322 0.0
0.010412455 -0.0090576688 0.0
0.022032189 -0.011244519 0.0
0.017355438 -0.010528812 0.0
0.015355269 -0.0083199573 0.0
0.0017935539 -0.0067147839 0.0
0.0080097907 -0.0073162373 0.0
-0.0063161666 -0.004227881 0.0
0.0070314192 -0.0054562544 0.0
0.0028287455 -0.0037958145 0.0
-0.0011669594 -0.0058379251 0.0
-0.0094463574 -0.0038127912 0.0
0.006247963 -0.0074338036 0.0
-0.00074984477 -0.004977326 0.0
-0.0033099942 -0.0035414094 0.0
-0.0081748944 -0.0036878741 0.0
0.00034473581 -0.0044575906 0.0
-0.015798172 0.0024454106 0.0
-0.009627881 -0.003515382 0.0
-0.011177481 -0.0028942689 0.0
-0.012620125 -0.0023373572 0.0
-0.009241307 -0.0035607241 0.0
-0.013228289 -0.0014640445 0.0
-0.0093629214 -0.00079791244 0.0
-0.011632113 -0.0026632443 0.0
-0.012037133 -0.0013069467 0.0
-0.014935111 -0.0010156083 0.0
-0.012793065 -0.0017933311 0.0
-0.010067214 -0.0024760264 0.0
-0.016052574 0.00042259034 0.0
-0.013887519 -0.0016293991 0.0
-0.0094021538 -0.00031187697 0.0
-0.0045116384 -0.0001264926 0.0
-0.01202326 -0.00070903174 0.0
-0.0090843224 0.0020143982 0.0
0.004989786 -0.0038944373 0.0
-0.0056278252 -0.00025443827 0.0
-0.013286151 0.00024390479 0.0
0.0019894287 -0.002538705 0.0
-0.0013145262 -0.0035619465 0.0
-0.0097985587 0.0058319538 0.0
-0.010767344 -0.00041116119 0.0
-0.0065595798 -0.001946 0.0
-0.015220224 -0.00052489701 0.0
-0.0044548704 0.0071170842 0.0
-0.0054597737 -0.0010445835 0.0
-0.0090202671 -0.0036211858 0.0
-0.010866677 -0.0027522041 0.0
-0.012083233 -0.0023021523 0.0
-0.0062025088 -0.00010657566 0.0
-0.003689041 -0.0001280121 0.0
-0.0044177083 -0.00019972772 0.0
-0.011230877 -0.0021820091 0.0
-0.011094347 -0.00078026237 0.0
-0.0089695992 -0.0021874825 0.0
-0.011283252 -0.0012542121 0.0
-0.013701053 0.0030444996 0.0
-0.0040549358 -5.8824977e-05 0.0
-0.0022348138 -4.8297492e-05 0.0
-0.0028956915 -0.00012026202 0.0
-0.014302926 -0.00063061934 0.0
-0.010397506 -0.001095132 0.0
-0.016065811 -0.00043566956 0.0
-0.016522331 0.00050700882 0.0
-0.016277934 0.0014215847 0.0
-0.014593519 0.00094586057 0.0
-0.0037584724 -0.00018858971 0.0
-0.0031614866 -0.00011198552 0.0
-0.0076262401 -0.00040054721 0.0
-0.011710442 -0.0014516293 0.0
-0.0086069348 -0.00053785628 0.0
-0.013434486 -0.00079838066 0.0
-0.016188051 -0.00040746654 0.0
-0.015371323 0.00074291443 0.0
-0.014358387 -4.8694359e-05 0.0
-0.015837783 0.0020625661 0.0
-0.016325255 0.0008862535 0.0
-0.013609334 -0.0005037562 0.0
-0.014205087 -0.0017500787 0.0
-0.014976778 -0.00079142178 0.0
-0.015996945 0.002625459 0.0
-0.0042557296 0.00014496942 0.0
-0.015446863 0.0017403497 0.0
-0.016516059 0.0002924851 0.0
-0.0053585931 -7.1957163e-05 0.0
-0.015309079 0.00023463582 0.0
-0.010430148 0.00024055903 0.0
-0.0061422295 -2.5654009e-05 0.0
-0.016081331 0.0016901844 0.0
-0.015084294 0.0036773235 0.0
-0.014171823 0.0021365278 0.0
-0.011550022 0.0030816493 0.0
-0.0053820295 -0.00028400596 0.0
-0.012158288 0.0015577484 0.0
-0.011928121 0.0011688918 0.0
-0.003420155 0.0029978632 0.0
-0.0012597777 0.0059895198 0.0
-0.01403283 0.0046025469 0.0
-0.011530093 0.0048211796 0.0
-0.014654205 0.0035410806 0.0
-0.015033552 0.003390617 0.0
-0.0045640311 0.00027964515 0.0
-0.0045366292 0.0017157169 0.0
-0.010246089 0.0040721568 0.0
-0.001603013 0.00018932168 0.0
-0.0050955082 0.0049235823 0.0
-0.012116213 0.0058307661 0.0
-0.011590256 0.00673382 0.0
-0.011756412 0.0062643459 0.0
-0.011550882 0.001603339 0.0
-0.010961583 0.00018378937 0.0
-0.011329779 0.0007532836 0.0
-0.0086185974 0.0058303327 0.0
-0.01349464 0.004913918 0.0
-0.015018999 0.0027248945 0.0
-0.01113621 0.0030777587 0.0
-0.0018288569 0.0010274654 0.0
-0.0073814482 0.0072476256 0.0
-0.012443903 0.0050099781 0.0
0.0016967042 0.0092937888 0.0
-0.012941293 0.0021147558 0.0
-0.014062428 0.0024020295 0.0
-0.013840187 0.0034500283 0.0
-0.010338711 0.0055637292 0.0
-0.003967337 0.011000164 0.0
-0.0054905556 0.0037700847 0.0
0.0027124174 0.0058391791 0.0
-0.0078196099 0.0037331391 0.0
-0.0090738898 0.0027462022 0.0
0.0050657372 0.0014445404 0.0
0.016568176 0.0010101678 0.0
0.017821862 0.0029672123 0.0
0.00014757607 0.0092862842 0.0
-0.0084053957 0.0081878045 0.0
-0.010595182 0.006913411 0.0
-0.0012606269 0.0050247644 0.0
0.0015355798 0.0068110421 0.0
0.0068086768 0.0022201022 0.0
0.010831918 0.0021600259 0.0
0.017828199 0.0036871487 0.0
-0.0062143021 0.0097067695 0.0
0.0209679 0.0013811443 0.0
0.0076060915 0.0045464782 0.0
0.027176313 -0.0004809498 0.0
0.016580661 0.0035337009 0.0
-0.0038645398 0.0088854445 0.0
-0.0094043078 0.0085141995 0.0
-0.0060729009 0.0093922666 0.0
-0.0055536789 0.0113293 0.0
-0.0076512443 0.0053834535 0.0
-0.011462248 0.0024623716 0.0
-0.0099494637 0.0077692063 0.0
-0.010285459 0.0046307925 0.0
-0.0075475506 0.0097546817 0.0
-0.0084163633 0.0082562262 0.0
-0.0029662903 0.00029912292 0.0
-0.013466733 0.004400875 0.0
-0.0044717105 0.009661757 0.0
-0.0064007787 0.0029374647 0.0
-0.0078887701 0.0075107669 0.0
-0.0020129301 0.00042380433 0.0
0.0062308453 -0.0077827543 0.0
0.0062691815 -0.0084679181 0.0
0.022715197 -0.012168128 0.0
0.01894272 -0.011345197 0.0
-0.0027714769 -0.0059179202 0.0
-0.00081648748 -0.0066802123 0.0
0.014350507 -0.010662522 0.0
0.0084097321 -0.0090907513 0.0
0.16325986 -0.015528026 0.0
0.15716006 -0.014364422 0.0
0.079553084 -0.0037899327 0.0
0.079111731 -0.0030907635 0.0
0.16461929 -0.015463779 0.0
0.16941448 -0.015425204 0.0
0.18531321 -0.020429683 0.0
0.17750127 -0.018664834 0.0
0.0057626737 -0.00028094016 0.0
0.022305769 -0.0012342518 0.0
0.11178197 -0.0067205778 0.0
0.011724791 -0.00027723584 0.0
0.097628751 -0.0050935027 0.0
0.10014721 -0.0054662264 0.0
0.094520347 -0.0047528702 0.0
0.10199239 -0.0059511033 0.0
0.10441063 -0.0064215997 0.0
0.085821341 -0.0048217069 0.0
0.10095691 -0.0060120941 0.0
0.14858262 -0.012078773 0.0
0.14899374 -0.012304506 0.0
0.12745738 -0.0078185466 0.0
0.11479946 -0.0070144381 0.0
0.12806955 -0.0081009397 0.0
0.11442248 -0.0064734907 0.0
0.019538828 0.0010499513 0.0
0.011404988 0.00085842581 0.0
0.062110657 -0.002241433 0.0
0.083750364 -0.00245268 0.0
0.084825527 -0.0030575303 0.0
0.093155153 -0.0033071661 0.0
0.041366193 0.00033153104 0.0
0.0053138542 0.00031975258 0.0
0.02833449 0.00016517242 0.0
0.049168394 0.00035241873 0.0
0.029458782 0.00030616365 0.0
0.025686463 -0.00019081884 0.0
0.0038641334 -0.00020965955 0.0
0.11843239 -0.0042025488 0.0
0.10986153 -0.0033158738 0.0
0.13224538 -0.0054669747 0.0
0.13026533 -0.0049351109 0.0
0.1404213 -0.0060403594 0.0
0.094245419 -0.0025771774 0.0
0.13263129 -0.0051975835 0.0
0.1173496 -0.0043575314 0.0
0.094519885 -0.002846739 0.0
0.11910422 -0.0038253579 0.0
0.13350216 -0.0050840206 0.0
0.11561705 -0.0042300724 0.0
0.13648549 -0.0051925348 0.0
0.11381267 -0.0039741983 0.0
0.10054993 -0.0025555149 0.0
0.11099161 -0.0035250862 0.0
0.12286568 -0.004739818 0.0
0.13020658 -0.0050749553 0.0
0.1040071 -0.0029448918 0.0
0.12884315 -0.0046585574 0.0
0.081200173 -0.0011149806 0.0
0.10275699 -0.0038638389 0.0
0.10415586 -0.0038264382 0.0
0.11660106 -0.0040269788 0.0
0.11383402 -0.0036286991 0.0
0.11044985 -0.0038564198 0.0
0.096098611 -0.0034520745 0.0
0.1066855 -0.0032302671 0.0
0.10756374 -0.0035592322 0.0
0.093612206 -0.001836277 0.0
0.13453165 -0.0069088831 0.0
0.13033092 -0.0070075943 0.0
0.15440834 -0.012174256 0.0
0.15159532 -0.012483033 0.0
0.14458533 -0.0066619937 0.0
0.12975911 -0.0049771907 0.0
0.12109157 -0.004052331 0.0
0.133821 -0.0052165276 0.0
0.13806569 -0.0057156855 0.0
0.13828792 -0.0058081395 0.0
0.14261163 -0.0063996302 0.0
0.12333254 -0.0044349502 0.0
0.11602636 -0.0035450316 0.0
0.1366306 -0.0055874217 0.0
0.13765762 -0.0059757056 0.0
0.11851304 -0.0038803386 0.0
0.12827306 -0.0053303274 0.0
0.12418197 -0.004605992 0.0
0.13596156 -0.0057400356 0.0
0.14214043 -0.0063149914 0.0
0.1353211 -0.0053923829 0.0
0.13147057 -0.0056032 0.0
0.15075886 -0.0076683767 0.0
0.15223616 -0.0080733706 0.0
0.15282353 -0.0084413806 0.0
0.15246848 -0.0082181478 0.0
0.15039739 -0.0076417492 0.0
0.1492852 -0.0073463869 0.0
0.14501864 -0.0066890311 0.0
0.14740313 -0.0069475525 0.0
0.14279023 -0.0064571229 0.0
0.14170492 -0.0061182392 0.0
0.14707783 -0.0075710516 0.0
0.14674931 -0.0083577687 0.0
0.14864397 -0.0085308015 0.0
0.1441551 -0.0083737155 0.0
0.14624573 -0.0084145452 0.0
0.1456767 -0.008223889 0.0
0.14673563 -0.0086401016 0.0
0.14206128 -0.0080427827 0.0
0.14938047 -0.0083969137 0.0
0.14063673 -0.0082873699 0.0
0.13761418 -0.0078973026 0.0
0.13429537 -0.0077309118 0.0
0.12824017 -0.0068032335 0.0
0.13380922 -0.0077546975 0.0
0.12309862 -0.0065088252 0.0
0.12275684 -0.006627013 0.0
0.13074338 -0.0071422031 0.0
0.15078083 -0.0089554335 0.0
0.14995651 -0.0086835977 0.0
0.15073522 -0.0090246617 0.0
0.14745883 -0.0092372468 0.0
0.14435897 -0.0087449501 0.0
0.14785945 -0.0090623239 0.0
0.080987465 -0.0038632922 0.0
0.072345186 -0.0028586817 0.0
0.084173462 -0.0036558176 0.0
0.056030351 -0.0018757106 0.0
0.085238122 -0.0042022271 0.0
0.094369454 -0.0039600186 0.0
0.06747889 -0.0026603079 0.0
0.07777566 -0.0033344123 0.0
0.070617624 -0.0020330758 0.0
0.081310799 -0.002786236 0.0
0.088394462 -0.0034313994 0.0
0.046802444 -0.0013935594 0.0
0.076625681 -0.0029880888 0.0
0.11526854 -0.005719467 0.0
0.11458579 -0.0060626349 0.0
0.057606374 -0.0017014029 0.0
0.067027714 -0.0020369204 0.0
0.0062196607 -0.0005089444 0.0
0.068101962 -0.0024259163 0.0
0.071656483 -0.0029150539 0.0
0.05923364 -0.0015888228 0.0
0.056421504 -0.001790245 0.0
0.065807193 -0.0018708128 0.0
0.051241434 -0.0014813044 0.0
0.010089177 -0.0014795758 0.0
0.062979403 -0.0018328121 0.0
0.036956518 -0.0007276332 0.0
0.055184694 -0.0011523013 0.0
0.047740931 -0.0017418858 0.0
0.053908395 -0.0013094815 0.0
0.041556019 -0.0009271593 0.0
0.033519003 -0.00038160653 0.0
0.086900284 -0.0034080032 0.0
0.077001589 -0.0021583593 0.0
0.035727652 0.00097150666 0.0
0.052697656 -0.0015466581 0.0
0.093936272 -0.0040560558 0.0
0.081020371 -0.0031247676 0.0
0.035658398 -0.0016951147 0.0
0.047454013 0.00045306418 0.0
0.0093968566 0.00037349658 0.0
0.042834971 -0.0015160615 0.0
0.039475671 -0.0010024359 0.0
0.10034147 -0.0044394389 0.0
0.0060304354 0.00023159492 0.0
0.025331531 -0.0011516439 0.0
0.026781818 -0.00048426076 0.0
0.13226058 -0.013436214 0.0
0.0054943461 -0.00076156348 0.0
0.11784596 -0.0061022022 0.0
0.13792515 -0.012958575 0.0
0.0061808858 -0.0055940429 0.0
-0.00059124458 -0.0030525798 0.0
-0.0082131653 -0.00098190942 0.0
-0.0016703022 -7.4972117e-05 0.0
-0.006275696 -0.00098283943 0.0
-0.0049859195 -0.00053401307 0.0
-0.001775217 -0.00015606497 0.0
0.010337332 0.040806451 0.0
0.060858377 0.091588034 0.0
0.092893163 0.060850583 0.0
0.10415685 0.059887442 0.0
0.12148809 0.035146552 0.0
0.14330105 0.014326493 0.0
0.14344108 0.017289229 0.0
0.14222315 0.014036893 0.0
0.13025125 0.012125124 0.0
0.12474093 0.011046962 0.0
0.12629456 0.018097734 0.0
0.12302714 0.015186568 0.0
0.11166112 0.017550406 0.0
0.11891349 0.017229662 0.0
0.11327882 0.027057006 0.0
0.10468525 0.024164917 0.0
0.10566653 0.010855577 0.0
0.032398363 0.027184137 0.0
0.1273515 0.010359153 0.0
0.1049622 0.011951731 0.0
0.1286736 0.016510269 0.0
0.12507755 0.018548721 0.0
0.12604047 0.019858476 0.0
0.13073172 0.020221643 0.0
0.11821737 0.015315139 0.0
0.12484629 0.016802524 0.0
0.1188377 0.013532938 0.0
0.11732358 0.012252661 0.0
0.11886373 0.014682724 0.0
0.11310892 0.01531122 0.0
0.11121716 0.01655967 0.0
0.1031756 0.016764576 0.0
0.11729416 0.028354047 0.0
0.10761371 0.028001424 0.0
0.12373925 0.028457396 0.0
0.11691191 0.025349243 0.0
0.11163109 0.02554646 0.0
0.1134898 0.024349988 0.0
0.090684899 0.018141553 0.0
0.098050263 0.03341634 0.0
0.12506269 0.011419893 0.0
0.11668713 0.01050992 0.0
0.11507683 0.016673302 0.0
0.10733028 0.01416165 0.0
0.082079594 0.014303846 0.0
0.11440113 0.014685315 0.0
0.12924628 0.012183113 0.0
0.13117815 0.011012129 0.0
0.13028999 0.010352416 0.0
0.12605738 0.010582238 0.0
0.11145819 0.010027709 0.0
0.10167509 0.0090055091 0.0
0.10247444 0.016011697 0.0
0.099315033 0.018598969 0.0
0.10725032 0.021134778 0.0
0.10910492 0.02096781 0.0
0.13322293 0.0095737094 0.0
0.12843215 0.0096867798 0.0
0.1225769 0.010618628 0.0
0.12696586 0.011009841 0.0
0.11878699 0.010533169 0.0
0.11200833 0.010808974 0.0
0.13271105 0.0096568373 0.0
0.12538657 0.0098292411 0.0
0.12382433 0.010421072 0.0
0.12223547 0.0092331963 0.0
0.10028269 0.0062569763 0.0
0.10634888 0.011467198 0.0
0.13824269 0.0057791831 0.0
0.1071516 0.0078357944 0.0
0.11894761 0.0070964209 0.0
0.11762438 0.0090229238 0.0
0.12864848 0.0076949023 0.0
0.10876296 0.0088189119 0.0
0.11042601 0.010224691 0.0
0.11078887 0.011214718 0.0
0.098009817 0.0084264155 0.0
0.10983336 0.010944979 0.0
0.099981431 0.0075081288 0.0
0.064716127 0.009886469 0.0
0.13099779 0.010017944 0.0
0.13031592 0.0091692386 0.0
0.12546312 0.01002279 0.0
0.12280185 0.010062379 0.0
0.11695405 0.0099856795 0.0
0.13422371 0.0023394441 0.0
0.13351738 0.010111482 0.0
0.1382057 0.010114653 0.0
0.13539337 0.009496771 0.0
0.13489948 0.0024993179 0.0
0.13260268 0.0093582333 0.0
0.11552037 0.0077624958 0.0
0.13241423 0.0087824194 0.0
0.13050894 0.0088705783 0.0
0.13709907 0.0043278246 0.0
0.13765343 0.0048639841 0.0
0.13214239 0.0060936779 0.0
0.13785509 0.0064983996 0.0
0.12762017 0.0016652926 0.0
0.1290565 0.0015004648 0.0
0.12539507 0.0037933257 0.0
0.11730758 0.0066364497 0.0
0.13185404 0.0046608713 0.0
0.13528556 0.0048473547 0.0
0.1326704 0.0052661297 0.0
0.13638467 0.0067664323 0.0
0.13667482 0.0072514728 0.0
0.1344658 0.0069298927 0.0
0.13870877 0.0062462972 0.0
0.13707297 0.0051871259 0.0
0.13559786 0.0046278378 0.0
0.13735351 0.0048720117 0.0
0.14068058 0.0079289203 0.0
0.14146003 0.0089006893 0.0
0.13850899 0.0055386528 0.0
0.13930482 0.0065463558 0.0
0.13617495 0.0040373154 0.0
0.13719545 0.0046505685 0.0
0.13522888 0.0027115087 0.0
0.1368933 0.0057567072 0.0
0.13618248 0.0036403873 0.0
0.13796229 0.0052093728 0.0
0.13370741 0.0018736808 0.0
0.13539117 0.0029427018 0.0
0.13923791 0.010946072 0.0
0.1394544 0.009671166 0.0
0.13871494 0.0082343134 0.0
0.13757518 0.0095400184 0.0
0.036053211 0.00076140167 0.0
0.0085446143 0.00011303651 0.0
0.038254316 -0.0005425159 0.0
0.096876825 -0.0013692581 0.0
0.087033037 2.6976764e-05 0.0
0.067986921 0.00018267383 0.0
0.078003342 -0.0015484183 0.0
0.076128317 -0.00014481493 0.0
0.02366923 0.0012142769 0.0
0.010398196 0.0075215784 0.0
-0.0022416248 0.013167734 0.0
-0.0023091694 0.012062153 0.0
-0.0034512406 0.012052409 0.0
0.0074763995 0.0065107871 0.0
-0.0047440979 0.011979275 0.0
-0.0053527595 0.010990905 0.0
-0.0066476311 0.01005091 0.0
-0.0020895461 0.0096500805 0.0
0.018356899 0.002909788 0.0
0.0022936627 0.0095809234 0.0
0.0041751592 0.0075910876 0.0
0.005073565 0.0073966417 0.0
0.00484983 0.0065889719 0.0
0.010112648 0.0054784675 0.0
0.0073028827 0.0062366979 0.0
4.2817719e-05 0.010724064 0.0
0.012515663 0.0044054868 0.0
0.02191969 0.0021723637 0.0
-0.0084659161 -0.0026608424 0.0
-0.010033809 -0.0018925658 0.0
0.016292107 -0.0068743084 0.0
0.0050438172 -0.0026139939 0.0
0.026551815 -0.007373572 0.0
0.010559084 -0.0041412309 0.0
0.0024138892 -0.00094190344 0.0
-0.0066528887 -3.5528948e-05 0.0
-0.013791528 -0.0013488731 0.0
-0.014470536 -0.0014651572 0.0
-0.011950398 -0.0028736611 0.0
-0.015618007 -0.00084658228 0.0
-0.015759831 -0.00016939231 0.0
-0.012610675 -1.526982e-06 0.0
-0.015956527 0.000137357 0.0
-0.012079591 9.1841567e-05 0.0
-0.0026092687 -5.9100878e-06 0.0
-0.0057223908 0.00010952485 0.0
-0.0029213142 -7.4432405e-05 0.0
-0.0035877136 7.5448497e-06 0.0
-0.0062879894 -8.6891033e-05 0.0
-0.0051972123 2.9550959e-06 0.0
-0.010251763 -8.3045965e-05 0.0
-0.014972801 0.00041238156 0.0
-0.01575871 0.001498155 0.0
-0.0063179628 0.00027907071 0.0
-0.0046531549 2.4364527e-05 0.0
-0.0098962271 0.00028256621 0.0
-0.0097989883 -0.00012782692 0.0
-0.0090413595 9.4654365e-06 0.0
-0.014308606 -0.00019709037 0.0
-0.0033342647 -0.00014233467 0.0
-0.01203725 -0.00068941229 0.0
-0.011727475 0.00010840701 0.0
-0.0032146008 -8.9555558e-05 0.0
0.012980624 -0.0033518142 0.0
0.016462343 -0.0039783433 0.0
-0.0083796539 0.0008180704 0.0
-0.010919927 0.00091464362 0.0
-0.015470884 0.003289775 0.0
-0.0059826589 0.00015777274 0.0
-0.013524656 0.0046588213 0.0
0.031705708 -0.0029033772 0.0
0.048551703 -0.0057117206 0.0
0.02873167 -0.00017358746 0.0
0.034360794 -0.0013675501 0.0
-0.00011258917 8.5448168e-05 0.0
-0.0066322054 0.00067401266 0.0
-0.0037204789 0.0009144294 0.0
-0.0084038956 0.0061460688 0.0
-0.0003238127 0.00014678895 0.0
-0.0079996291 0.00062824088 0.0
-0.00096324461 0.00025834738 0.0
-0.0058704858 0.0036281616 0.0
-0.0050970276 0.0033265054 0.0
-0.0035427877 0.0013201929 0.0
-0.00076797427 6.0148686e-05 0.0
-0.0020441544 0.00065131394 0.0
-0.00576926 0.0019041462 0.0
-0.00024637446 0.00021394839 0.0
-0.0031669955 0.00033738601 0.0
-0.0044678911 0.0013194633 0.0
-0.0012557842 0.0003927536 0.0
-0.0023968097 0.0026508036 0.0
-0.004814167 0.0072870488 0.0
-0.00078183027 0.00069596283 0.0
-0.0026663877 0.0018447058 0.0
-0.0010156175 0.00060328935 0.0
-0.0054634088 0.0091301325 0.0
-0.0011430022 0.0015412678 0.0
-0.0055131957 0.00051833455 0.0
-0.0077721441 0.0020702241 0.0
-0.0066959628 0.00053703146 0.0
-0.0018322832 0.00013820892 0.0
-0.0045288341 0.00076098963 0.0
-0.0073221612 0.0014810431 0.0
-0.0039921183 0.0022179766 0.0
-0.004131624 0.0049466241 0.0
-1.8157164e-05 2.9130903e-05 0.0
-0.0018892271 0.0024586173 0.0
-0.010654665 0.00097819588 0.0
-0.010098884 0.0014354787 0.0
-0.010265481 0.001785199 0.0
-0.0079576206 0.0012139939 0.0
-0.0034989815 0.000288596 0.0
-0.0038891478 0.00031078302 0.0
-0.0054283449 0.0059538497 0.0
-0.00077352061 0.0041179894 0.0
-0.00020806487 0.00043259118 0.0
-0.00021499036 0.0018921863 0.0
-0.00063507038 0.0020982883 0.0
-0.0063536473 0.01066842 0.0
-9.4214246e-05 6.1288089e-05 0.0
-0.0076443014 0.0090028503 0.0
0.093728474 -0.0043327983 0.0
0.10290324 -0.0047739826 0.0
0.10361129 -0.0050092107 0.0
0.11420462 -0.0076704763 0.0
0.087972555 -0.0026202781 0.0
0.10489343 -0.004999195 0.0
0.082799911 -0.0040490801 0.0
0.094931647 -0.003741215 0.0
0.10331318 -0.0055795611 0.0
0.11974869 -0.0076719497 0.0
0.09932784 -0.0060394415 0.0
0.10701878 -0.0068522144 0.0
0.0094669217 0.0013310058 0.0
0.0052741915 -0.00051738258 0.0
0.022341124 0.00028524244 0.0
0.0091259454 -0.00064627341 0.0
0.029527665 -0.000807622 0.0
0.0072664476 -1.9788985e-05 0.0
0.012310592 0.00017402183 0.0
0.045037583 0.00022030173 0.0
0.056439088 -0.00030512551 0.0
0.078010676 -0.0010296241 0.0
0.10598331 -0.0041456751 0.0
0.09991278 -0.0027940151 0.0
0.091022826 -0.0024563351 0.0
0.099371468 -0.0031205104 0.0
0.073755847 -0.00049386993 0.0
0.080129713 -0.0010793895 0.0
0.065990019 -0.00093928782 0.0
0.085822273 -0.0015869274 0.0
0.068151975 -0.00070130182 0.0
0.071253298 -0.00097200813 0.0
0.14859319 -0.0073976057 0.0
0.14266437 -0.0067978919 0.0
0.10966457 -0.0049487226 0.0
0.023084053 -0.0014926766 0.0
0.011527223 -0.00050024859 0.0
0.013836648 0.0003769506 0.0
0.018686421 0.0013183677 0.0
-0.0075008078 -0.00092006412 0.0
-0.005447672 -0.00053638237 0.0
0.043674637 0.077067121 0.0
0.0087912412 0.039242391 0.0
0.047010561 0.069683893 0.0
0.017448331 0.048480983 0.0
0.01292861 0.034815534 0.0
0.0028221598 0.012237573 0.0
0.11377353 0.073302599 0.0
0.09339775 0.067223336 0.0
0.13415916 0.021801377 0.0
0.13731692 0.020808748 0.0
0.093900785 0.051455534 0.0
0.10489514 0.048560673 0.0
0.094635539 0.026446819 0.0
0.081417185 0.035197531 0.0
0.00068357446 0.0024042134 0.0
0.0036035331 0.015167264 0.0
0.13398145 0.012080117 0.0
0.13416405 0.013119344 0.0
0.079873437 0.047917449 0.0
0.06724712 0.051912198 0.0
0.13962086 0.012523003 0.0
0.14019389 0.013447241 0.0
0.13900588 0.012058769 0.0
0.13687507 0.012783599 0.0
0.093265515 0.040043985 0.0
0.077665404 0.04024177 0.0
0.067987647 0.031122191 0.0
0.0042682726 0.006711954 0.0
0.11413784 0.013589075 0.0
0.10280051 0.0083755539 0.0
0.058469229 0.012128355 0.0
0.1009026 0.019561212 0.0
0.10741916 0.013153366 0.0
0.01978032 0.018977503 0.0
0.025794348 0.026314652 0.0
0.0063752016 0.014776128 0.0
0.13350789 0.020739748 0.0
0.1339735 0.019213685 0.0
0.11317227 0.012709581 0.0
0.10252911 0.0099040871 0.0
0.12631717 0.026820092 0.0
0.11793171 0.024915782 0.0
0.10367936 0.025436252 0.0
0.09662863 0.023377827 0.0
0.097539811 0.020842588 0.0
0.11720927 0.01379316 0.0
0.092249841 0.014808169 0.0
0.095012214 0.0098486457 0.0
0.11517334 0.021877498 0.0
0.10939012 0.018914244 0.0
0.091639669 0.0051591744 0.0
0.088901245 0.0045746257 0.0
0.1185449 0.008679981 0.0
0.10892709 0.0078085138 0.0
0.11941235 0.0097521362 0.0
0.11422937 0.0086299854 0.0
0.10074034 0.005778843 0.0
0.10236416 0.01043973 0.0
0.13022295 0.0097722266 0.0
0.1332296 0.010270343 0.0
0.13363455 0.010746645 0.0
0.13625487 0.010337959 0.0
0.14138794 0.0095650488 0.0
0.13789818 0.0076657976 0.0
0.13931947 0.0074195193 0.0
0.13756606 0.00673816 0.0
0.12487758 0.00037232488 0.0
0.13456139 0.002489338 0.0
0.13385853 0.0025483659 0.0
0.13245962 0.0016655594 0.0
0.13347999 0.0016426481 0.0
0.1362174 0.0034574131 0.0
0.13333469 0.0020879217 0.0
0.13594905 0.0033400695 0.0
0.13239849 0.001496556 0.0
0.13452423 0.0023406284 0.0
0.13143686 0.00065984678 0.0
0.13352783 0.001573063 0.0
0.12918872 0.0060105376 0.0
0.093752372 0.0052150036 0.0
0.11964788 0.0070105211 0.0
0.12764522 0.0081355715 0.0
0.13355564 0.007332317 0.0
0.1370278 0.0043132925 0.0
0.14040722 0.0096944465 0.0
0.13941011 0.0088889396 0.0
0.13734653 0.0073589507 0.0
0.13519485 0.0085656252 0.0
0.13802686 0.0091615343 0.0
0.13505829 0.0088809105 0.0
0.049744629 0.00010820094 0.0
0.016202742 0.00040831649 0.0
0.0094798483 0.00024686149 0.0
0.012870196 -0.00072706043 0.0
0.043492613 0.00041739546 0.0
0.039487994 0.00044464133 0.0
0.044551062 0.00043048146 0.0
0.018699385 1.168821e-05 0.0
0.027549087 0.00080596726 0.0
0.015707415 0.0037649258 0.0
-0.013403189 -0.0020490602 0.0
-0.013510682 -0.0021129491 0.0
-0.011532698 0.0043284853 0.0
-0.0088820916 0.0033907119 0.0
-0.005549006 0.0066411009 0.0
-0.0068504105 0.0051590399 0.0
-0.0039028396 0.011223376 0.0
-0.0032270003 0.0070861364 0.0
-0.0022639239 0.0086890746 0.0
-0.0034317384 0.0085027971 0.0
-0.004132368 0.0042897079 0.0
-0.0022285645 0.0037745723 0.0
-7.739172e-05 0.00024997165 0.0
-0.002223988 0.0055448683 0.0
0.1186315 -0.0073797294 0.0
-0.00076702563 0.0014650236 0.0
0.10741833 -0.0051644812 0.0
0.040763761 -6.0283108e-05 0.0
0.044447398 -0.00076500968 0.0
0.0306318 9.3408971e-05 0.0
0.053103361 -0.0012210962 0.0
0.0043494159 -0.00019442025 0.0
0.039251673 -0.00071108901 0.0
0.038841905 -0.00018883937 0.0
0.060108192 -0.00023750081 0.0
0.024241751 3.2402226e-05 0.0
0.043004579 -0.00094392336 0.0
0.0096665131 -0.001330924 0.0
0.066714707 -0.0025120263 0.0
0.0079062561 0.00016371179 0.0
0.052992007 -0.00016949271 0.0
0.026644546 -0.00025672755 0.0
0.023216328 -5.2799292e-05 0.0
0.056041965 -0.0014737405 0.0
0.046080585 -0.00024775105 0.0
0.037908761 -0.00034417987 0.0
0.029051762 -7.8212199e-05 0.0
0.041518209 -0.0011880981 0.0
0.051013859 -0.001004749 0.0
0.007045962 -0.00041644248 0.0
0.0054221212 -0.00055900099 0.0
0.061095893 -0.0017106147 0.0
0.06492144 -0.0016389142 0.0
0.053817701 -0.0006055821 0.0
0.07257943 -0.00058334067 0.0
0.063029282 -0.0021439903 0.0
0.07875993 -0.0016378046 0.0
0.015970719 0.00094114779 0.0
0.053038053 -0.00097334124 0.0
0.044961788 0.00092933468 0.0
0.038841391 0.00073159538 0.0
0.053729837 -0.0015614196 0.0
0.062991426 -0.00093949209 0.0
0.051174313 -0.00049768286 0.0
0.044438588 0.00012226078 0.0
0.023673058 0.0018951938 0.0
0.029002449 0.0013515708 0.0
0.029416696 -0.0010434773 0.0
0.040649918 0.00083499469 0.0
0.01166397 0.00042750884 0.0
0.026363133 -0.00095495083 0.0
0.024600446 0.00065237432 0.0
0.029880328 0.0014996376 0.0
0.031073054 -0.0014014915 0.0
0.044865347 -0.00081807078 0.0
0.0055699253 0.0004269341 0.0
0.021017452 0.00094101103 0.0
0.035526226 -0.00069392484 0.0
0.011046142 -0.00058599877 0.0
0.011716536 0.0018752899 0.0
0.023275943 -0.0011247602 0.0
0.0047993439 -0.00048740226 0.0
0.10712715 -0.0053201891 0.0
0.10676041 -0.0049410085 0.0
0.1074896 0.037763757 0.0
0.087271546 0.033749971 0.0
0.1041791 0.031296325 0.0
0.097902801 0.035703138 0.0
0.082212354 0.029650578 0.0
0.096879521 0.019558336 0.0
0.010254982 0.036232259 0.0
0.010564757 0.025570385 0.0
0.016856103 0.02691887 0.0
0.01533612 0.029662727 0.0
0.0048617535 0.015404076 0.0
0.063676283 0.02555135 0.0
0.11511579 0.012633129 0.0
0.086033892 0.021793403 0.0
0.0324496 0.024108847 0.0
0.073755062 0.013741661 0.0
0.029375138 0.0068611225 0.0
0.07087347 0.017158047 0.0
0.094237523 0.024208346 0.0
0.093895883 0.021089422 0.0
0.030199178 0.013717716 0.0
0.076478113 0.017225168 0.0
0.052399405 0.020389637 0.0
0.079406553 0.021984021 0.0
0.057341701 0.011094191 0.0
0.063401095 0.014007114 0.0
0.075021144 0.018171312 0.0
0.07214889 0.020410688 0.0
0.067682098 0.019814678 0.0
0.081334672 0.02620104 0.0
0.066594706 0.020962574 0.0
0.028669803 0.012015854 0.0
0.12569705 0.008372749 0.0
0.11148907 0.0075387745 0.0
0.11394776 0.0091725426 0.0
0.10982621 0.0079119793 0.0
0.11150408 0.0077708991 0.0
0.099973129 0.0066927833 0.0
0.10779583 0.0071735297 0.0
0.10429761 0.0072983127 0.0
0.11750496 0.008633676 0.0
0.11560616 0.007855729 0.0
0.10786749 0.0062165519 0.0
0.12835859 0.0073778149 0.0
0.1088049 0.0069152542 0.0
0.13379064 0.007633474 0.0
0.11256882 0.0066292305 0.0
0.089510862 0.0060783665 0.0
0.026888853 0.0018028596 0.0
0.088045897 0.0039816275 0.0
0.10723174 0.0068244261 0.0
0.10138527 0.0055548849 0.0
0.10383051 0.0067531023 0.0
0.13530605 0.0067669497 0.0
0.11694568 0.0080445638 0.0
0.11691682 0.0071640226 0.0
0.11067565 0.0064576228 0.0
0.1306854 0.0071135133 0.0
0.1225884 0.0086961546 0.0
0.12629482 0.0081634792 0.0
0.12259691 0.0075644765 0.0
0.11871588 0.0064720913 0.0
0.1018825 0.0057589696 0.0
0.13348719 0.0058426298 0.0
0.11741273 0.0074962788 0.0
0.11170555 0.0061378554 0.0
0.10500553 0.0056194256 0.0
0.10326072 0.0050046365 0.0
0.12750424 0.0071269668 0.0
0.13713226 0.0070985314 0.0
0.12187549 0.0078057443 0.0
0.12384287 0.0078532994 0.0
0.12363055 0.0075113856 0.0
0.12426745 0.007087155 0.0
0.06764397 0.00225618 0.0
0.11828206 0.0068091794 0.0
0.12249393 0.0080373951 0.0
0.12726652 0.0084572613 0.0
0.13048296 0.0080827575 0.0
0.13205694 0.008043743 0.0
0.12245231 0.0072811146 0.0
0.12732427 0.0076633302 0.0
0.12972635 0.0081991165 0.0
0.12853237 0.0078911746 0.0
0.13040771 0.0084027575 0.0
0.1330131 0.0081560982 0.0
0.12353818 0.0069822869 0.0
0.076282131 0.0020131565 0.0
0.12951258 0.008699354 0.0
0.13319804 0.009004255 0.0
0.13613441 0.0079105805 0.0
0.13168048 0.0076776658 0.0
0.12690544 0.0078116123 0.0
0.12383832 0.0073524051 0.0
0.12318347 0.007381056 0.0
0.11697858 0.0066860904 0.0
0.13040774 0.0077360715 0.0
0.11686617 0.0062935763 0.0
0.12730792 0.0074165383 0.0
0.12006443 0.0066201682 0.0
0.13241467 0.0078230326 0.0
0.12983543 0.0072400346 0.0
0.12262828 0.0067711197 0.0
0.10879305 0.0056890059 0.0
0.12491958 0.0072947208 0.0
0.12682492 0.0073740976 0.0
0.13043968 0.0073946607 0.0
0.098474755 0.0046908898 0.0
0.12803491 0.0073232491 0.0
0.12411392 0.0069145574 0.0
0.12541203 -0.0044054176 0.0
0.078953254 0.0034069341 0.0
0.12400593 0.0070851137 0.0
0.11632151 0.0062570789 0.0
0.11540625 0.0065644202 0.0
0.11334482 0.0064060926 0.0
0.11284672 0.0065641353 0.0
0.10821247 0.005542287 0.0
0.1174184 0.0068540319 0.0
0.11828878 0.0069645693 0.0
0.11352425 0.0060555632 0.0
0.096470207 0.0044986077 0.0
0.075721642 0.0026732674 0.0
0.077907318 0.0027837289 0.0
0.12620354 0.0072021744 0.0
0.12363983 0.0042910707 0.0
0.12066432 0.0082265041 0.0
0.1258786 0.0087678262 0.0
0.13575782 0.0091346972 0.0
0.13296518 0.0085439873 0.0
0.13725475 0.008807791 0.0
0.13674778 0.0082130885 0.0
0.1345258 0.0074899439 0.0
0.13488631 0.0060006611 0.0
0.10714604 0.0055656835 0.0
0.099275558 0.0050363544 0.0
0.042832652 0.00073738124 0.0
0.093231608 0.0046709594 0.0
0.092375438 0.0081830588 0.0
0.12677922 0.0073551171 0.0
0.08784727 0.0050387782 0.0
0.080779062 0.0038366009 0.0
0.13856709 0.0079281006 0.0
0.13682779 0.0044147228 0.0
0.13490564 0.0076144026 0.0
0.13271043 0.0073269985 0.0
0.11955612 0.0064990359 0.0
0.11333514 0.005956072 0.0
0.10565981 0.0054943731 0.0
0.11359403 0.0062739387 0.0
0.10097207 0.0051075939 0.0
0.12037478 0.0069287939 0.0
0.081965807 0.0067015614 0.0
0.076298082 0.0040470764 0.0
0.13499384 0.0081961353 0.0
0.13584878 0.00751717 0.0
0.13465765 0.0084228858 0.0
0.1371959 0.0083212614 0.0
0.1372616 0.0046335951 0.0
0.13482204 0.0066414555 0.0
0.13197197 0.0072197125 0.0
0.12998831 0.0075129856 0.0
0.10890238 0.0055819764 0.0
0.11421339 0.0061379439 0.0
0.10515514 0.0054565236 0.0
0.12710582 0.0071138229 0.0
0.086115482 0.0037811961 0.0
0.12821857 0.0056721749 0.0
0.088822106 0.0035313445 0.0
0.086724074 0.003443649 0.0
0.13254142 0.0071355717 0.0
0.080983811 0.003606761 0.0
0.12806569 0.0065523636 0.0
0.064956513 0.001486904 0.0
0.051360629 0.00086576736 0.0
0.099928037 0.0047611479 0.0
0.073782584 0.0029605975 0.0
0.076357962 0.0039716099 0.0
0.092142819 0.0060536525 0.0
0.12089629 -0.00081943331 0.0
0.12939184 -0.00060742148 0.0
0.1189092 0.0065279693 0.0
0.092736178 0.0045940486 0.0
0.098349483 0.0052713569 0.0
0.086571067 0.0049320338 0.0
0.072562617 0.0037453801 0.0
0.087959069 0.0047672738 0.0
0.058431123 0.0018444586 0.0
0.087808716 0.0073314966 0.0
0.11925472 0.0066536322 0.0
0.13042433 0.0070504483 0.0
0.06213991 0.0015163227 0.0
0.12339997 0.0072115051 0.0
0.12554217 0.0075896596 0.0
0.12234805 -0.0022629942 0.0
0.12574969 0.0073010827 0.0
0.1221159 -0.0070199129 0.0
0.12895439 0.0068670068 0.0
0.099294848 0.0049968645 0.0
0.12916737 0.0068548361 0.0
0.10960843 0.0057347312 0.0
0.12288366 0.0068229029 0.0
0.12898602 0.0065566632 0.0
0.12978078 0.0065022399 0.0
0.11925325 0.0071540556 0.0
0.12906098 0.0070239132 0.0
0.11993682 0.0067448903 0.0
0.1354941 0.0055858929 0.0
0.13212413 0.0039613886 0.0
0.12964825 0.0064120706 0.0
0.12525037 -0.0011343688 0.0
0.12867434 0.0070349435 0.0
0.13043209 0.0063269473 0.0
0.13062913 0.0048624464 0.0
0.13011453 0.0050448868 0.0
0.13053144 0.0064126712 0.0
0.13016296 0.0059610557 0.0
0.12980882 0.0057890024 0.0
0.13077852 0.0037932541 0.0
0.13063009 0.0058349667 0.0
0.12889806 0.0058782993 0.0
0.12881402 0.0064279149 0.0
0.12329509 0.0074146309 0.0
0.13166538 0.004351707 0.0
0.13105994 0.005168486 0.0
0.13182031 0.002284881 0.0
0.131479 0.0032318123 0.0
0.13194113 0.003361056 0.0
0.12671681 0.00608605 0.0
0.13203163 0.0052093141 0.0
0.13102278 0.0042398648 0.0
0.13297069 0.0052612492 0.0
0.13619619 0.0059395744 0.0
0.13172346 0.0049094439 0.0
0.13263485 0.0040295653 0.0
0.13358223 0.002593884 0.0
0.13238876 0.0016036354 0.0
0.1329005 0.0043323854 0.0
0.13237984 0.0026609544 0.0
0.12966782 0.0048405926 0.0
0.10215137 0.0055104822 0.0
0.11531191 0.0064902884 0.0
0.12352826 0.0052230307 0.0
0.12679557 -0.0015712763 0.0
0.1237982 -0.0061183558 0.0
0.13189026 0.0013861257 0.0
0.1281846 0.0068444689 0.0
0.12845692 0.0059993186 0.0
0.094323894 0.0037784492 0.0
0.079387364 0.0026524698 0.0
0.12651508 0.0073105928 0.0
0.1271846 0.0070419515 0.0
0.10755404 0.0056043846 0.0
0.12859277 0.005082308 0.0
0.12329146 0.0069224103 0.0
0.12792727 0.0044250621 0.0
0.12292043 -0.001018846 0.0
0.11912677 -0.0072951881 0.0
0.12559759 -0.0035654851 0.0
0.12035312 -0.0078768836 0.0
0.087297954 0.0035914816 0.0
0.13251738 0.0029694991 0.0
0.13106582 0.002259464 0.0
0.13355997 0.0021487354 0.0
0.13277325 0.0024579239 0.0
0.13018621 0.00018932433 0.0
0.12883932 0.0040135619 0.0
0.13191424 0.00032939166 0.0
0.13267856 0.00098293681 0.0
0.13139929 0.002429188 0.0
0.13041766 0.0035014997 0.0
0.13330969 0.0026897973 0.0
0.13272366 0.0014834559 0.0
0.13303556 0.0033712575 0.0
0.13509188 0.0029144252 0.0
0.13259969 0.0011186049 0.0
0.12377606 -0.0035133881 0.0
0.14022854 0.0092560778 0.0
0.14021267 0.008713365 0.0
0.12847125 0.0011009098 0.0
0.13183403 0.0011306833 0.0
0.13414868 0.0019075055 0.0
0.13602348 0.0036425187 0.0
0.13393361 0.0019059052 0.0
0.13457201 0.0026453443 0.0
0.13348903 0.0015097237 0.0
0.13383905 0.0021376429 0.0
0.1365835 0.0038381326 0.0
0.13694543 0.0044046003 0.0
0.13626335 0.0071995611 0.0
0.13788973 0.0074227241 0.0
0.13632877 0.0040006908 0.0
0.13751144 0.0052376945 0.0
0.1360037 0.0044750932 0.0
0.13706066 0.0050326482 0.0
0.13483526 0.0042476297 0.0
0.13455569 0.005298409 0.0
0.13924698 0.0084432294 0.0
0.13784372 0.0088493859 0.0
0.13970624 0.0080377125 0.0
0.13893381 0.0074957246 0.0
0.13885892 0.0070212453 0.0
0.1383002 0.0069968074 0.0
0.13871648 0.0068819248 0.0
0.13853878 0.006039065 0.0
0.1366774 0.00791685 0.0
0.13803195 0.007802751 0.0
0.13794327 0.0064842583 0.0
0.13716737 0.0062922457 0.0
0.13797833 0.005913308 0.0
0.13719536 0.0059602193 0.0
0.13678201 0.0051719651 0.0
0.1360147 0.0061199575 0.0
0.13740984 0.0065303224 0.0
0.13623816 0.0067424878 0.0
0.13551332 0.010168526 0.0
0.13772874 0.0099457876 0.0
0.018052258 0.00012158185 0.0
0.003631671 -0.000248532 0.0
0.041846901 -0.00014358452 0.0
0.12479603 -0.0049839467 0.0
0.11710938 -0.004013749 0.0
0.021600459 -0.0012208594 0.0
0.025021788 -0.0012917621 0.0
0.015938819 -0.00072496884 0.0
0.051386184 -0.00082723619 0.0
-0.001697649 0.0037713083 0.0
-6.8301268e-05 0.00060142124 0.0
-0.00039369616 0.0022667765 0.0
-0.001512449 0.0041537749 0.0
0.061061971 -0.00028995456 0.0
0.04582188 -0.00054291852 0.0
0.021312142 -0.00097788659 0.0
0.0099087617 0.0011320093 0.0
0.088456069 -0.0019772361 0.0
0.085723355 -0.00087823276 0.0
0.1043652 -0.0024001619 0.0
0.092464848 -0.0016820265 0.0
0.07456198 -0.0025077194 0.0
0.06249325 -0.0014273325 0.0
0.075354634 0.032753753 0.0
0.0071877393 0.00077752528 0.0
0.067206819 0.025582523 0.0
0.081846602 0.037459238 0.0
0.086618284 0.031221537 0.0
0.0023495418 0.009339231 0.0
0.011900538 0.019917473 0.0
0.025674013 0.017833927 0.0
0.010107101 0.013711005 0.0
0.059340682 0.032326106 0.0
0.053942065 0.025282049 0.0
0.040310568 0.018866818 0.0
0.027574126 0.016500396 0.0
0.020557061 0.011061402 0.0
0.035422884 0.020030743 0.0
0.024809342 0.0083469303 0.0
0.010856404 0.0065726881 0.0
0.048097206 0.023920989 0.0
0.025553335 0.013397963 0.0
0.044703046 0.013021114 0.0
0.022457013 0.0080258002 0.0
0.036937631 0.017961629 0.0
0.032175648 0.012722457 0.0
0.035303592 0.0098235763 0.0
0.010516847 0.0019734347 0.0
0.036689264 0.013911981 0.0
0.023315674 0.0066367962 0.0
0.02890382 0.0047318061 0.0
0.023534137 0.0096376964 0.0
0.015593042 0.006974212 0.0
0.019626148 0.0089990967 0.0
0.018422617 0.0046127667 0.0
0.014800703 0.0038946721 0.0
0.026785846 0.0074706381 0.0
0.003695171 0.00012332269 0.0
0.020545021 0.0033067725 0.0
0.018373891 0.0036694184 0.0
0.0022124556 0.0002233 0.0
0.010870986 0.0055033597 0.0
0.015718351 0.0050613273 0.0
0.014134743 0.0052138236 0.0
0.032711011 0.009715948 0.0
0.0089047498 0.00069062643 0.0
0.015048571 0.0018048469 0.0
0.017039165 0.0028968164 0.0
0.029925495 0.010685584 0.0
0.025398255 0.0061384958 0.0
0.042961156 0.01457906 0.0
0.059465934 0.016145293 0.0
0.016711545 0.0033625976 0.0
0.0062174725 -0.00014414212 0.0
0.012212687 0.011149053 0.0
0.0063939426 0.00079134574 0.0
0.040949388 0.0097173582 0.0
0.024765401 0.0030227098 0.0
0.027196257 0.0050201961 0.0
0.010460408 0.0012915722 0.0
0.019251802 0.001861482 0.0
0.010721957 0.00063868533 0.0
0.011973524 0.001657278 0.0
0.018979421 0.0021732281 0.0
0.013584539 0.000336961 0.0
0.082308906 0.012132269 0.0
0.0033165452 -9.9561056e-05 0.0
0.029809154 0.0062492127 0.0
0.03741979 0.0081995895 0.0
0.050039567 0.010534998 0.0
0.0020525612 0.00020382102 0.0
0.038572489 0.0077367854 0.0
0.026198072 0.0024607849 0.0
0.010385709 0.0005807863 0.0
0.046157084 0.0090610136 0.0
0.029716067 0.0031436229 0.0
0.08627364 0.013763773 0.0
0.036074903 0.0063128157 0.0
0.063375282 0.012986607 0.0
0.047561162 0.0082590261 0.0
0.072465981 0.014465414 0.0
0.081072787 0.01504469 0.0
0.040875958 0.0050191042 0.0
0.024091859 0.0024876518 0.0
0.045521496 0.0080035432 0.0
0.038140032 0.0052132988 0.0
0.098933115 0.012175861 0.0
0.10502943 0.014648473 0.0
0.085673207 0.01778585 0.0
0.089092362 0.016209079 0.0
0.096193453 0.012378329 0.0
0.079545862 0.012991337 0.0
0.057403649 0.014390143 0.0
0.070278114 0.017870314 0.0
0.048194302 0.011147379 0.0
0.046901371 0.014680257 0.0
0.03995171 0.011336633 0.0
0.051172585 0.012853699 0.0
0.083066159 0.0030402441 0.0
0.077718776 0.002499166 0.0
0.10555087 0.010148753 0.0
0.093159483 0.0076188311 0.0
0.1051131 0.0096877887 0.0
0.097452156 0.0087774187 0.0
0.022618181 0.0016442716 0.0
0.091360247 0.0088934162 0.0
0.076372899 0.0082498899 0.0
0.090620654 0.0096213626 0.0
0.10029785 0.0082981302 0.0
0.091471102 0.0061196627 0.0
0.12531655 -0.0047749267 0.0
0.11811095 -0.0087049796 0.0
0.1298154 0.0072366748 0.0
0.12807008 0.0072812639 0.0
0.087060223 0.0041960781 0.0
0.078753888 0.0031874354 0.0
0.024729168 -0.00088433376 0.0
0.051414675 0.00095832504 0.0
0.098506299 0.0057296546 0.0
0.089747929 0.0057487503 0.0
0.085102533 0.0051350384 0.0
0.081257168 0.0050987514 0.0
0.12714277 0.007003141 0.0
0.12642211 0.00467163 0.0
0.12813429 0.0071373771 0.0
0.12938496 0.0071491063 0.0
0.13067763 0.0069868241 0.0
0.1292317 0.0069923161 0.0
0.13008359 0.0035410124 0.0
0.12951518 0.0042008359 0.0
0.1170976 -0.0052934112 0.0
0.1249721 0.0050104908 0.0
0.13422437 0.0051476737 0.0
0.13519311 0.0046646199 0.0
0.1293656 -0.0016002837 0.0
0.123314 -0.0067035787 0.0
0.13419416 0.0031754999 0.0
0.13548126 0.0032655633 0.0
0.13390771 0.0052938254 0.0
0.13339557 0.0063998497 0.0
0.13622046 0.0049218287 0.0
0.13587526 0.0055965343 0.0
0.13511826 0.0065880934 0.0
0.13607633 0.0065407107 0.0
0.089242188 0.040455098 0.0
0.092660812 0.036156695 0.0
0.057237835 0.023428248 0.0
0.041114793 0.01691379 0.0
0.039119198 0.013093848 0.0
0.033156182 0.010707287 0.0
0.046604711 0.018028809 0.0
0.05554768 0.018461723 0.0
0.00012595321 -0.00013630333 0.0
0.0023434931 0.0046601774 0.0
0.01036968 0.0036815821 0.0
0.015480557 0.0096975366 0.0
0.0070079705 0.0018563746 0.0
0.0024111085 0.0011918002 0.0
0.0087763562 0.0040192151 0.0
7.7452489e-05 0.00020375614 0.0
0.00061114321 8.4667617e-05 0.0
0.0012091758 0.0001509705 0.0
0.075709262 0.012485382 0.0
0.00088021822 0.00045569734 0.0
0.027307028 0.0031542338 0.0
0.017717983 0.0022029454 0.0
0.08515275 0.01368301 0.0
0.067826759 0.012362092 0.0
0.097259209 0.013548994 0.0
0.011995568 9.5576641e-05 0.0
0.05209555 0.0075836255 0.0
0.071343505 0.0085003522 0.0
0.036013829 0.0047069378 0.0
0.035624465 0.0039031394 0.0
0.046730826 0.0069701328 0.0
0.034755524 0.0038124789 0.0
0.058644966 0.0091641979 0.0
0.0366773 0.003665033 0.0
0.032952684 0.0027827696 0.0
0.0059080578 -0.00030320702 0.0
0.077553786 0.011059492 0.0
0.049874834 0.0053224329 0.0
0.041480605 0.0048571047 0.0
0.049198786 0.0060223216 0.0
0.025044305 0.0016346275 0.0
0.020956607 0.001147663 0.0
0.029116823 0.0028702533 0.0
0.0059668617 0.00073306439 0.0
0.027989994 0.0016756021 0.0
0.03081916 0.002229901 0.0
0.016939237 0.00025524934 0.0
0.0020468843 -0.00022077524 0.0
0.034598152 0.00208329 0.0
0.022544013 0.0010171689 0.0
0.064925055 0.0092413102 0.0
0.036200832 0.0026185149 0.0
0.036177028 0.0023281137 0.0
0.079814852 0.0065451999 0.0
0.074297634 0.0057932398 0.0
0.0056332664 0.0002637262 0.0
0.019536738 0.0015445138 0.0
0.015251449 -0.00058898814 0.0
0.020965288 0.001079814 0.0
0.0093176614 0.00083029898 0.0
0.0078338339 -0.0008478217 0.0
0.0032839088 0.00036215314 0.0
0.0083913463 0.0002247863 0.0
0.0084774686 0.00073178208 0.0
0.016691171 0.0015870582 0.0
0.10525424 0.013280725 0.0
0.091442129 0.01024392 0.0
0.079703783 0.0080065915 0.0
0.084621983 0.012115433 0.0
0.086518739 0.010798348 0.0
0.092744628 0.014140472 0.0
0.099596489 0.011074967 0.0
0.088827116 0.011026705 0.0
0.077548219 0.010178068 0.0
0.068908983 0.0083780069 0.0
0.094542208 0.013464606 0.0
0.087951171 0.011606804 0.0
0.082369621 0.0074861137 0.0
0.087625644 0.0099634514 0.0
0.079115146 0.0095217357 0.0
0.084775739 0.011454155 0.0
0.079916974 0.0086007631 0.0
0.04818377 0.0045235801 0.0
0.070995619 0.0057381845 0.0
0.041027132 0.0032280454 0.0
0.068982054 0.0074700976 0.0
0.044849195 0.0040709385 0.0
0.097408527 0.011263321 0.0
0.094266167 0.010039057 0.0
0.089894564 0.015909478 0.0
0.094552807 0.015684158 0.0
0.10076366 0.016725803 0.0
0.095558835 0.014523511 0.0
0.064569573 0.017282488 0.0
0.05324072 0.016563644 0.0
0.091662055 0.0071270691 0.0
0.083784446 0.0077563967 0.0
0.079861987 0.0057673434 0.0
0.031570981 0.0015121632 0.0
0.047732027 0.0024227764 0.0
0.0081737798 0.00066023197 0.0
0.10199428 0.0077883148 0.0
0.092756094 0.0070064594 0.0
0.080415599 0.0057427603 0.0
0.082773646 0.0059118652 0.0
0.1159298 -0.0071415686 0.0
0.11343497 -0.0030056745 0.0
0.065737563 0.0023574385 0.0
0.062262859 0.001893584 0.0
0.020669409 0.00039963164 0.0
0.035105099 -0.00030223166 0.0
0.099323679 0.006786019 0.0
0.096789896 0.0061103666 0.0
0.081881305 0.0043666896 0.0
0.07532096 0.005002023 0.0
0.065572152 0.0024633233 0.0
0.052847177 0.0026011317 0.0
0.073499194 0.0048871882 0.0
0.073980176 0.0049060296 0.0
0.06274956 0.0038837302 0.0
0.089733802 0.0064976916 0.0
0.12913151 0.0052034401 0.0
0.12835158 0.0044750995 0.0
0.13064216 0.0012229698 0.0
0.12871719 0.0031002859 0.0
0.08859213 0.003285534 0.0
0.12743571 0.0061723022 0.0
0.12942499 0.0028463485 0.0
0.12751096 0.0039829551 0.0
0.12809282 -0.0024380266 0.0
0.12463766 0.0036462567 0.0
0.12675881 0.0040281144 0.0
0.12771155 0.0067467391 0.0
0.12517497 0.002350583 0.0
0.12563104 0.0049868989 0.0
0.09731914 0.0049999012 0.0
0.015774676 -0.00076686329 0.0
0.1260374 0.0030292265 0.0
0.12345839 0.007142721 0.0
0.059936039 0.0008962747 0.0
0.12347072 -0.0064059608 0.0
0.12729352 0.0014960683 0.0
0.11926268 -0.0062103034 0.0
0.042182974 0.00034087982 0.0
0.12736253 0.0069551024 0.0
0.12257377 0.0072666751 0.0
0.1270957 -0.002884166 0.0
0.12599905 0.0035080771 0.0
0.12434293 0.0024066519 0.0
0.12787375 0.0057304254 0.0
0.051130585 0.0011772636 0.0
0.12263512 -0.0063940233 0.0
0.12454594 -0.0016910128 0.0
0.12685611 0.0028322109 0.0
0.12846483 0.0014940807 0.0
0.12457306 0.0062007703 0.0
0.12680895 0.0071407623 0.0
0.098066583 0.0047132294 0.0
0.12647184 0.0057161754 0.0
0.12765814 0.0031985201 0.0
0.12909876 0.0015839998 0.0
0.11427299 -0.0058439297 0.0
0.12290725 0.00056050217 0.0
0.12739851 1.9262279e-05 0.0
0.126161 0.001184398 0.0
0.11265127 -0.0038215033 0.0
0.11976968 -0.008379916 0.0
0.072965987 0.0015950625 0.0
0.12216316 0.0071307244 0.0
0.11968856 0.0014852798 0.0
0.12740336 0.0066354123 0.0
0.12621428 -0.0030053606 0.0
0.11891987 -0.0048318207 0.0
0.12465944 -0.0038611787 0.0
0.12516001 0.0074929089 0.0
0.12815815 0.0066292474 0.0
0.12081311 0.0012025239 0.0
0.12731531 0.0072560329 0.0
0.10898535 0.0058182013 0.0
0.11920411 -0.0044684714 0.0
0.12696416 0.0052416173 0.0
0.12524078 0.0073563212 0.0
0.11843577 0.0070256151 0.0
0.11790746 -0.0082591463 0.0
0.12552477 0.0074345336 0.0
0.092262798 0.0039022544 0.0
0.12587013 0.0050700419 0.0
0.11622037 0.0066391021 0.0
0.12678226 0.0069115943 0.0
0.12215122 0.0021311491 0.0
0.12625184 0.0063818212 0.0
0.12209468 0.00013116435 0.0
0.12754509 0.0051993036 0.0
0.1240153 0.0009529441 0.0
0.11097229 -0.0041094889 0.0
0.11989433 -0.0069582921 0.0
0.12319987 0.0044846486 0.0
0.12176728 -0.0068498282 0.0
0.12319154 -0.0046561404 0.0
0.12207364 -0.0059307971 0.0
0.10020403 -0.0039615444 0.0
0.12082607 -0.0057544807 0.0
0.11811128 0.0069590946 0.0
0.12673732 -0.002238014 0.0
0.1213511 -0.0042636359 0.0
0.1237167 0.0018114184 0.0
0.12353555 0.00046898961 0.0
0.12273473 -0.0020965911 0.0
0.11344087 -0.0056658775 0.0
0.12182226 0.0040801466 0.0
0.12633157 -0.0040325259 0.0
0.12504084 0.00011467952 0.0
0.12280925 0.0018122532 0.0
0.12470598 -0.0002894189 0.0
0.1233357 -0.0054771515 0.0
0.12368598 -0.001005696 0.0
0.12201981 -0.00039776494 0.0
0.11929841 0.0023826883 0.0
0.11933647 -0.011701284 0.0
0.0078626785 -0.00085268779 0.0
0.12725172 -0.0033492258 0.0
0.12681138 -0.0032406769 0.0
0.12024658 -0.010385356 0.0
0.12478937 0.0008319442 0.0
0.12399485 -0.00039923728 0.0
0.12547585 0.0014704386 0.0
0.12647542 -4.1636896e-05 0.0
0.12807169 -0.00084248561 0.0
0.12340808 -0.0025026927 0.0
0.12437801 -0.0020890155 0.0
0.12322205 -0.0039907721 0.0
0.13064945 0.0019187526 0.0
0.12527054 -0.0046618018 0.0
0.11584827 -0.0050232262 0.0
0.12289243 -0.0074896153 0.0
0.12440081 0.0042451524 0.0
0.12492134 -0.0019568945 0.0
0.11917014 -0.0072211262 0.0
0.12411525 0.0031301046 0.0
0.12116054 -0.0022876547 0.0
0.12480908 -0.0050359405 0.0
0.13018191 -0.00098243514 0.0
0.12593231 -0.0023881737 0.0
0.11446614 -0.0063480572 0.0
0.082331036 0.0029172443 0.0
0.13144924 0.0010399291 0.0
0.12970564 -4.6395725e-05 0.0
0.12439596 -0.0056062513 0.0
0.12236705 -0.0076536203 0.0
0.12254403 -0.0051656531 0.0
0.12261403 0.0029443696 0.0
0.11410874 -0.0075970439 0.0
0.12951981 0.000886124 0.0
0.11989919 -0.0052153536 0.0
0.11070493 -0.0053930457 0.0
0.10890495 0.0057347731 0.0
0.12185461 -0.0041325202 0.0
0.12500267 -0.0034935219 0.0
0.092776536 -0.0042307041 0.0
0.1257458 -0.0043931001 0.0
0.12037139 -0.0060148587 0.0
0.12699679 -0.00085663394 0.0
0.12624149 -0.0040431785 0.0
0.12376238 -0.0048935441 0.0
0.10726131 0.0016522608 0.0
0.1244789 -0.0046243293 0.0
0.12533336 -0.003823181 0.0
0.12199501 -0.0084433729 0.0
0.13119926 -0.00016668844 0.0
0.13012701 -0.00075067229 0.0
0.12245292 -0.0078791949 0.0
0.12095534 0.0031505056 0.0
0.12184374 -0.0075531404 0.0
0.12007323 -0.0089806268 0.0
0.12501582 -0.0051905623 0.0
0.12873226 -0.0015770763 0.0
0.1290998 -0.00096580051 0.0
0.11253588 -0.0010247995 0.0
0.12181524 -0.0082921284 0.0
0.12082252 -0.0085231885 0.0
0.12654889 -0.0012428205 0.0
0.13122483 0.00039577633 0.0
0.11659951 -8.4713444e-05 0.0
0.11997024 0.004842558 0.0
0.12122174 0.0018022451 0.0
0.12838987 -0.0018870875 0.0
0.12905368 -0.00091839885 0.0
0.12740523 -0.0020175131 0.0
0.12926239 -0.0016018138 0.0
0.1271915 -0.0028840019 0.0
0.12798887 -0.0016689229 0.0
0.12801806 -0.0027548646 0.0
0.12856682 -0.00059183983 0.0
0.12876295 -0.0015897379 0.0
0.12279447 -0.005753379 0.0
0.12226489 -0.0070445384 0.0
0.1274681 -0.0028824421 0.0
0.11954993 -0.0029365095 0.0
0.12045117 -0.0050877 0.0
0.13020426 0.00084170365 0.0
0.12861055 -0.0020087235 0.0
0.13101727 -0.0001910268 0.0
0.12547649 -0.0010034713 0.0
0.12466218 -0.0028231333 0.0
0.1298728 -0.0012401798 0.0
0.065510203 -0.0027677638 0.0
0.12920941 0.0004126859 0.0
0.13061624 -0.00016883963 0.0
0.1243612 -0.0057923904 0.0
0.12332607 -0.0069898408 0.0
0.12646737 -0.0040181186 0.0
0.11974075 -0.0053372158 0.0
0.12836268 -0.0024131563 0.0
0.12668784 -0.0020219519 0.0
0.12112253 -0.0096967286 0.0
0.10458544 -0.0011264325 0.0
0.12794961 -0.0014188476 0.0
0.11967011 -0.0020889854 0.0
0.10669533 -0.0016688897 0.0
0.12633293 -0.0015569371 0.0
0.12960285 -0.00050414253 0.0
0.11604282 -0.0066891344 0.0
0.11196203 -0.0048043998 0.0
0.12555397 0.0073328104 0.0
0.12870625 0.00024959431 0.0
0.12963445 -0.0001072449 0.0
0.12774505 0.00041354967 0.0
0.12963053 0.0021850127 0.0
0.12303172 -0.0059313979 0.0
0.12198733 -0.0062789668 0.0
0.12007961 -0.0082282172 0.0
0.12224977 -0.0035884981 0.0
0.12795704 -0.0025771211 0.0
0.12656766 -0.0034461962 0.0
0.12838933 -0.0018181269 0.0
0.12888178 -0.0018515439 0.0
0.12486757 -0.0043591576 0.0
0.12695587 -0.0036241277 0.0
0.12970466 -0.0008992658 0.0
0.12791164 -0.0016931311 0.0
0.13081233 -0.00035842755 0.0
0.12973902 -0.0011036406 0.0
0.12121326 -0.008365827 0.0
0.13068319 -0.00057088746 0.0
0.12886388 -0.00088824493 0.0
0.11593565 0.0025890025 0.0
0.13000568 -0.00081565383 0.0
0.12471252 -0.0018358237 0.0
0.1125613 -0.0029065738 0.0
0.12155078 -0.0017240914 0.0
0.11523571 -0.002750674 0.0
0.1259732 -0.0025191795 0.0
0.12399933 -0.0035514257 0.0
0.12184252 -0.0088005254 0.0
0.12117531 -0.0069460542 0.0
0.13088559 -1.4810962e-05 0.0
0.13182323 0.00053349101 0.0
0.1319755 0.00027645419 0.0
0.13014947 -0.00019396675 0.0
0.11586836 -0.0023824524 0.0
0.099059551 -0.0012501872 0.0
0.12063434 -0.0095144979 0.0
0.12136771 -0.0093460879 0.0
0.11727228 -0.0072975413 0.0
0.12026882 -0.0046494231 0.0
0.11743515 -0.0034594662 0.0
0.10949185 -0.0033227598 0.0
0.11808283 -0.0037465972 0.0
0.12037468 -0.0032158158 0.0
0.096752574 -0.0013526735 0.0
0.00520566 -4.6628167e-05 0.0
0.10954121 -0.0030889885 0.0
0.10556825 -0.0035189942 0.0
0.099697616 -0.0035168839 0.0
0.10933614 -0.0051943797 0.0
0.081694872 -0.0031532502 0.0
0.089654015 -0.0055385828 0.0
0.11522997 -0.010941348 0.0
0.12063597 -0.010626556 0.0
0.12082174 -0.0073649695 0.0
0.12230551 -0.0053813164 0.0
0.1234588 -0.0052387276 0.0
0.12383842 -0.0059443936 0.0
0.12130285 -0.0039489981 0.0
0.1201476 -0.0033890294 0.0
0.11650526 -0.012022523 0.0
0.12086547 -0.0094238809 0.0
0.11735936 -0.010577829 0.0
0.12002511 -0.01129073 0.0
0.098395315 -0.0089910811 0.0
0.11858888 -0.01245392 0.0
0.1177286 -0.0083649281 0.0
0.12095951 -0.0030769607 0.0
0.11900424 -0.010942917 0.0
0.1116865 -0.0035848985 0.0
0.12078668 -0.010334245 0.0
0.12032128 -0.0097600529 0.0
0.11909407 -0.0088212176 0.0
0.12091078 -0.0087357892 0.0
0.11957899 -0.010870757 0.0
0.1164164 -0.0034571024 0.0
0.11934395 -0.0094761745 0.0
0.11799897 -0.0069420222 0.0
0.11954178 -0.0115289 0.0
0.12035899 -0.010414155 0.0
0.11185966 -0.008801678 0.0
0.11724934 -0.0088565401 0.0
0.11630659 -0.0087678825 0.0
0.11590105 -0.0094171197 0.0
0.10956137 -0.0045029334 0.0
0.10874948 -0.0058173622 0.0
0.11869553 -0.010541553 0.0
0.11670671 -0.008701454 0.0
0.11905873 -0.012146256 0.0
0.11587291 -0.0066513383 0.0
0.11522067 -0.0054497693 0.0
0.11849481 -0.0008898251 0.0
0.1116464 -0.0077224907 0.0
0.11253443 -0.0081327898 0.0
0.11551003 -0.011664863 0.0
0.11677957 -0.012429048 0.0
0.1178574 -0.0053237776 0.0
0.12116342 -0.0063904486 0.0
0.093709184 -0.0052133152 0.0
0.11354423 -0.0070832706 0.0
0.10877805 -0.0031125542 0.0
0.10542129 -0.0033625452 0.0
0.1113414 -0.0095779722 0.0
0.11243895 -0.0082260013 0.0
0.11521022 -0.0069704711 0.0
0.11733799 -0.0055865389 0.0
0.11826279 -0.0038916132 0.0
0.12150069 -0.0047839171 0.0
0.11960292 -0.006977178 0.0
0.11909612 -0.0057818065 0.0
0.10688186 -0.0045410675 0.0
0.10954182 -0.0075962088 0.0
0.11509646 -0.016859626 0.0
0.10899867 -0.012020197 0.0
0.11297304 -0.013877473 0.0
0.11830401 -0.012964046 0.0
0.11267908 -0.0067165106 0.0
0.11758411 -0.0020465951 0.0
0.11749166 -0.0040409683 0.0
0.11945773 -0.0052210839 0.0
0.11435846 -0.0031442159 0.0
0.11739921 -0.0010668397 0.0
0.11854617 -0.0026947292 0.0
0.11629001 -0.0024857474 0.0
0.1131141 -0.0021095253 0.0
0.10913365 -0.0023272768 0.0
0.11543414 -0.0037728095 0.0
0.114894 -0.0012472875 0.0
0.11588701 -0.0049890889 0.0
0.11269782 -0.0038380247 0.0
0.111479 0.000184328 0.0
0.11895882 -0.00047084691 0.0
0.11502464 -0.0018801157 0.0
0.11667084 -0.00060038747 0.0
0.11069442 -0.0084114904 0.0
0.11296092 -0.010021888 0.0
0.10960439 -0.0086279448 0.0
0.091348341 -0.0064302288 0.0
0.10196923 -0.0075989358 0.0
0.099681975 -0.0079511544 0.0
0.10529783 -0.0057013525 0.0
0.11056282 -0.0034924809 0.0
0.11574528 -0.0080128361 0.0
0.11382089 -0.0050357346 0.0
0.11233825 -0.0055051232 0.0
0.11129764 -0.0039192259 0.0
0.11042953 -0.0050335447 0.0
0.11211573 -0.011008489 0.0
0.10821942 -0.0044021369 0.0
0.10793027 -0.0047384009 0.0
0.11457644 -0.0081346664 0.0
0.11413454 -0.0065152303 0.0
0.11734711 -0.011605295 0.0
0.11060868 -0.0061453005 0.0
0.11484354 -0.010513608 0.0
0.1119752 -0.0069663208 0.0
0.1183363 -0.013469145 0.0
0.11606286 -0.015524115 0.0
0.11152597 -0.0084450174 0.0
0.11158952 -0.0050622822 0.0
0.1143461 -0.0088525105 0.0
0.10568192 -0.0067877717 0.0
0.11099613 -0.011627447 0.0
0.10956638 -0.009739012 0.0
0.11607302 -0.013100674 0.0
0.033174602 -0.0019804023 0.0
0.10252344 -0.0086084642 0.0
0.087147298 -0.0060737898 0.0
0.11327289 -0.013038414 0.0
0.1023936 -0.0014400141 0.0
0.10504731 -0.00042800289 0.0
0.10782229 -0.0029749642 0.0
0.10971619 -0.0039916159 0.0
0.10775916 0.00028462969 0.0
0.11131236 -0.0018829554 0.0
0.10739894 -0.0033451603 0.0
0.10853305 -0.0014927146 0.0
0.10729129 -0.00060324354 0.0
0.10847112 0.00033456107 0.0
0.10788367 -0.0014234762 0.0
0.10994266 -0.00075620335 0.0
0.10611307 0.0006322644 0.0
0.1089809 -0.00068712167 0.0
0.11068122 0.00015811587 0.0
0.11228683 -0.0016323709 0.0
0.10987144 -0.0023637553 0.0
0.11043641 -0.0015436767 0.0
0.1055229 0.00087816368 0.0
0.1057169 0.0017841262 0.0
0.1072862 0.002955637 0.0
0.11014267 0.00089295722 0.0
0.10592683 -0.0002655498 0.0
0.10701136 0.0010135997 0.0
0.10592877 -0.0019871285 0.0
0.1032276 -0.00092649806 0.0
0.10644247 -0.00064127023 0.0
0.10474959 0.00055300223 0.0
0.11040049 0.009348171 0.0
0.11041606 0.0061375633 0.0
0.10451601 0.00016630253 0.0
0.10520745 0.0022183281 0.0
0.074798427 0.0081521046 0.0
0.12359011 0.0067791487 0.0
0.10476495 0.0019906328 0.0
0.10677165 0.0038061739 0.0
0.093923242 0.0069100968 0.0
0.11771697 0.0023382104 0.0
0.083215683 -0.0053017921 0.0
0.089166853 -0.010714752 0.0
0.11743195 -0.013802683 0.0
0.11878912 -0.012744706 0.0
0.088060595 -0.0061995145 0.0
0.085119041 -0.0058955123 0.0
0.092941161 -0.0058280982 0.0
0.079000077 -0.0049660242 0.0
0.098677874 -0.0068765603 0.0
0.07509325 -0.004593194 0.0
0.10986131 -0.0064827438 0.0
0.069973488 -0.0037390687 0.0
0.10692758 -0.0052429314 0.0
0.1103226 -0.0076721002 0.0
0.10811986 -0.0060525275 0.0
0.1063889 -0.0087077607 0.0
0.10624286 -0.0053294018 0.0
0.10596198 -0.0035033284 0.0
0.10913697 -0.0097239448 0.0
0.10159824 -0.0056499219 0.0
0.11040569 -0.011070432 0.0
0.10843079 -0.0068835032 0.0
0.10365528 -0.0028199132 0.0
0.10731814 -0.0068002229 0.0
0.10638765 -0.0061684993 0.0
0.10437725 -0.0064332093 0.0
0.10341114 0.00022919043 0.0
0.10338074 -0.0084761818 0.0
0.10674912 -0.0075721788 0.0
0.10372185 -0.0043735706 0.0
0.10453035 -0.0047467308 0.0
0.10486303 -0.0043855708 0.0
0.10440824 -0.0020171724 0.0
0.10428167 -0.0031517973 0.0
0.10194023 -0.00078854541 0.0
0.10877021 0.0023799283 0.0
0.11125695 0.0024901743 0.0
0.10660331 0.0021769539 0.0
0.1086967 0.0028435591 0.0
0.10377519 -0.0073329866 0.0
0.10210531 -0.0067815318 0.0
0.10530485 -0.0068770958 0.0
0.090796504 -0.0041568643 0.0
0.018679298 -0.00016968148 0.0
0.067268857 -0.0024760963 0.0
0.10938692 0.0020461151 0.0
0.11233735 0.001359894 0.0
0.095052804 -0.0026391684 0.0
0.060185101 -0.0020105075 0.0
0.075632117 -0.0039260126 0.0
0.048881172 -0.0011229959 0.0
0.10869729 0.0046808743 0.0
0.11097959 0.0023582934 0.0
0.11528081 0.0019367648 0.0
0.11439779 0.00041296982 0.0
0.1030536 -0.0061963553 0.0
0.076667232 -0.0034178302 0.0
0.019832548 0.00064450252 0.0
0.045186147 -0.0012969758 0.0
0.10917473 0.0010467283 0.0
0.11049306 0.0017302442 0.0
0.11192077 0.0019899856 0.0
0.11363084 -1.9284967e-05 0.0
0.10446809 -0.0060212718 0.0
0.081950338 -0.0036785651 0.0
0.064959074 -0.0024615783 0.0
0.013714833 -0.0008151813 0.0
0.084272413 -0.0059070854 0.0
0.0768116 -0.0039606728 0.0
0.079948105 -0.0049722583 0.0
0.069782177 -0.0035700031 0.0
0.058313041 -0.0023935471 0.0
0.063483097 -0.0029375518 0.0
0.066319629 -0.00266351 0.0
0.074116621 -0.0031281434 0.0
0.048691715 -0.002215874 0.0
0.0097001874 0.00033529639 0.0
0.060043712 -0.0023206333 0.0
0.04848773 -0.00078706349 0.0
0.060240358 -0.0028693706 0.0
0.043073262 -0.0010015249 0.0
0.0075103606 -0.00015469853 0.0
0.019794914 -0.0014298194 0.0
0.084297646 -0.0059753299 0.0
0.03345327 -0.0012517961 0.0
0.049413365 -0.0031899944 0.0
0.055274607 -0.0013293341 0.0
0.055986118 -0.0018883154 0.0
0.062445347 -0.0029859064 0.0
0.037873547 -0.00036185993 0.0
0.012442641 5.2725988e-05 0.0
0.094755084 -0.0043924331 0.0
0.01977711 -0.0015501073 0.0
0.088356442 -0.002084722 0.0
0.13338591 0.0033687095 0.0
0.082989985 -0.0033522821 0.0
0.10131841 -0.0051923402 0.0
0.013186804 0.00055685978 0.0
0.041060066 -0.0011736507 0.0
0.017636371 0.00023138983 0.0
0.012883025 -0.0012472736 0.0
0.13412418 0.0035840729 0.0
0.13344905 0.0044927847 0.0
0.13363906 0.0036287384 0.0
0.13344487 0.0014133929 0.0
0.13172697 0.00019173917 0.0
0.13230234 0.0004557649 0.0
0.13295787 0.00099484244 0.0
0.13511059 0.0051407429 0.0
0.13445818 0.0058999665 0.0
0.13570539 0.0043569112 0.0
0.13427937 0.0044564161 0.0
0.13376094 0.0061131998 0.0
0.13468737 0.0064200145 0.0
0.13538095 0.0037418224 0.0
0.13502649 0.0036725575 0.0
0.13377362 0.0042824145 0.0
0.13351772 0.0050068047 0.0
0.13257786 0.0050544087 0.0
0.13254883 0.0065817016 0.0
0.13165342 0.0057967769 0.0
0.13203192 0.0063962418 0.0
0.13296043 0.0058134317 0.0
0.13184565 0.0060393233 0.0
0.13184903 0.0069921661 0.0
0.13376488 0.0066159828 0.0
0.13462166 0.0031982723 0.0
0.13457379 0.0041847441 0.0
0.13093812 0.0059731122 0.0
0.13111609 0.0064143623 0.0
0.13049209 0.006831041 0.0
0.13236 0.006071263 0.0
0.0088362269 0.0057327105 0.0
0.0054310363 0.0056471814 0.0
0.0043881961 0.0031103564 0.0
0.0058964529 0.0037234765 0.0
-0.00025773386 -9.3004254e-06 0.0
0.00057815053 0.0017379293 0.0
0.013339934 0.018468769 0.0
0.015108504 0.010675599 0.0
0.011633266 0.00967054 0.0
0.015868829 0.01391471 0.0
0.0084907658 0.0071609875 0.0
0.00080175857 0.0019411179 0.0
0.016153455 0.016210964 0.0
0.026377468 0.01997667 0.0
0.002580291 0.0034367084 0.0
0.0038774492 0.0093700816 0.0
0.011506955 0.0028486974 0.0
0.0054051337 0.00028962219 0.0
0.0033784405 0.00039538051 0.0
0.061135727 0.011124817 0.0
0.070555009 0.011924447 0.0
0.073284268 0.0066724354 0.0
0.062725271 0.0045991177 0.0
0.0052126731 -0.00030209271 0.0
0.025226252 0.0022555251 0.0
0.0077656842 0.00020472014 0.0
0.004385865 0.00071774864 0.0
0.004354481 0.00050384942 0.0
0.01573253 0.001770061 0.0
0.0028539614 0.00035421437 0.0
0.006290106 0.00023581496 0.0
0.01822293 0.0018666698 0.0
0.0017243184 0.00017799375 0.0
0.0085281297 0.00083701655 0.0
0.084473963 0.0083374928 0.0
0.074131772 0.006087102 0.0
0.050699911 0.0041299765 0.0
0.076113297 0.0084500769 0.0
0.07145021 0.0096683438 0.0
0.059365022 0.0068149474 0.0
0.058471728 0.0071650728 0.0
0.054984678 0.0056628106 0.0
0.058051076 0.0050113615 0.0
0.039431802 0.0028017012 0.0
0.093307255 0.00753552 0.0
0.078533847 0.0055633697 0.0
0.082999285 0.0056328241 0.0
0.089209095 0.0070687393 0.0
0.042764696 0.0010690848 0.0
0.051626655 0.0014004246 0.0
0.082878014 0.0056716111 0.0
0.084004693 0.006116195 0.0
0.12598151 0.0002363243 0.0
0.12572973 -0.0010863985 0.0
0.12753275 -0.00059646594 0.0
0.12633151 -0.00042611925 0.0
0.12437991 0.0070499158 0.0
0.12174195 0.0069302325 0.0
0.11287623 0.0061836129 0.0
0.10709064 0.0057949268 0.0
0.076824702 0.0035315958 0.0
0.072467275 0.0013998754 0.0
0.043735183 0.00095340482 0.0
0.037232257 0.00069125308 0.0
0.021588645 0.00016183043 0.0
0.0060089944 0.000144914 0.0
0.059592403 0.0016919397 0.0
0.010857194 0.00021469451 0.0
0.043765255 0.00070955895 0.0
0.011626839 0.00033059789 0.0
0.050554281 0.002033963 0.0
0.055698686 0.001752341 0.0
0.036753261 0.00048743154 0.0
0.058239973 0.0022213119 0.0
0.021680328 -0.0002459372 0.0
0.073105274 0.0030298312 0.0
0.011272968 -1.393925e-05 0.0
0.0049840013 7.905453e-07 0.0
0.027659314 0.0004997122 0.0
0.0056998426 9.8847505e-05 0.0
0.010823853 0.00012190502 0.0
0.0053248455 0.00018804737 0.0
0.036142908 0.00077826167 0.0
0.051586073 0.0018418405 0.0
0.0062526443 2.9294169e-05 0.0
0.022083126 0.00016959721 0.0
0.051771694 0.0015028731 0.0
0.017080974 -0.0010150882 0.0
0.010383081 -0.00021512391 0.0
0.041841634 0.00098121914 0.0
0.032830137 0.0004677247 0.0
0.0026551996 -0.00012103769 0.0
0.011925598 0.00056021569 0.0
0.037367244 0.0012163549 0.0
0.064653659 0.0022023471 0.0
0.038113269 0.0011997462 0.0
0.063011204 0.0031924455 0.0
0.048386722 0.00158318 0.0
0.062168551 0.0026223999 0.0
0.033163031 0.0013774111 0.0
0.050767679 0.0014218518 0.0
0.011578055 0.00016472727 0.0
0.040427001 0.0015664192 0.0
0.025324522 8.3148845e-05 0.0
0.027650815 0.0008636595 0.0
0.072895703 0.0039378803 0.0
0.065675815 0.0027117083 0.0
0.055389112 0.0017938385 0.0
0.065684746 0.0036328084 0.0
0.051088486 0.0024163031 0.0
0.071044983 0.0046807923 0.0
0.024491513 0.00012081554 0.0
0.042271145 0.0020495168 0.0
0.065595292 0.0040678679 0.0
0.065115496 0.0038808059 0.0
0.11347263 0.0064896687 0.0
0.10898996 0.0059596819 0.0
0.12188447 0.0072040342 0.0
0.11843612 0.0068619348 0.0
0.12505882 0.0072832842 0.0
0.128172 0.0069310141 0.0
0.12591647 0.0073282316 0.0
0.12684536 0.0070131678 0.0
0.12560359 0.0069972778 0.0
0.12694263 0.0069527645 0.0
0.12625951 -0.0018640214 0.0
0.12505005 -0.0024175883 0.0
0.1233793 0.0032770751 0.0
0.12223683 0.003920373 0.0
0.12195472 0.0065620479 0.0
0.11734899 0.0091304784 0.0
0.127964 0.0018301821 0.0
0.12825185 0.0005691625 0.0
0.121017 -0.0014113606 0.0
0.12035723 0.001054527 0.0
0.11885577 -0.0066811721 0.0
0.11634512 -0.0056790748 0.0
0.11046925 -0.0061520471 0.0
0.11433035 -0.0073550005 0.0
0.12340158 -0.00056420196 0.0
0.12104309 -0.0015291745 0.0
0.1238595 -0.0032645757 0.0
0.12347975 -0.0022252308 0.0
0.11452282 -0.00081396585 0.0
0.068405305 -0.00033739976 0.0
0.12002178 -0.0037084738 0.0
0.12085713 -0.0034718491 0.0
0.11910388 -0.0027706279 0.0
0.11947527 -0.0019968924 0.0
0.12010682 -0.00040592593 0.0
0.12016689 -0.00219564 0.0
0.1166167 0.00054579783 0.0
0.11751261 0.0011065442 0.0
0.11592564 0.00083837872 0.0
0.11394977 0.0011876628 0.0
0.11881599 0.0035391126 0.0
0.11862865 0.00070943273 0.0
0.11421731 -0.0023565049 0.0
0.11320774 -0.0033112492 0.0
0.10412172 -0.007427843 0.0
0.11005778 -0.0086231948 0.0
0.10593595 -0.017393047 0.0
0.10751362 -0.0088999827 0.0
0.10650587 -0.0017109954 0.0
0.10488953 -0.0015335855 0.0
0.10736585 -0.0020332263 0.0
0.10632785 -0.0031439857 0.0
0.11459178 -0.014631641 0.0
0.10711093 -0.0093150932 0.0
0.10946678 -0.0089930938 0.0
0.10303154 -0.0015385177 0.0
0.110881 -0.009413153 0.0
0.10848465 -0.010956123 0.0
0.11341795 -0.013503112 0.0
0.11118866 -0.014837855 0.0
0.10566 -0.008908364 0.0
0.1048997 -0.0028457594 0.0
0.10546426 -0.0045558074 0.0
0.10343651 -0.0048273194 0.0
0.10149968 -0.0014604123 0.0
0.10303444 -0.0031231551 0.0
0.1024829 -0.0045427727 0.0
0.11300893 -0.016819671 0.0
0.10346148 -0.0070858602 0.0
0.10545141 -0.0097118466 0.0
0.10412458 -0.0085642954 0.0
0.10413481 -0.0055301896 0.0
0.10190649 -0.0047141814 0.0
0.10187726 -0.0040742116 0.0
0.10424755 0.0011145318 0.0
0.11165487 -0.014210542 0.0
0.11022842 -0.014194706 0.0
0.10835593 -0.012485219 0.0
0.10399591 -0.0064579202 0.0
0.10441111 -0.007731061 0.0
0.10142273 -0.0041076785 0.0
0.10188019 -0.003121799 0.0
0.10137909 -0.0032839155 0.0
0.10218758 -0.0027669738 0.0
0.10266244 -0.0042900657 0.0
0.11358141 -0.0151927 0.0
0.11496586 -0.015074843 0.0
0.10584096 -0.011902217 0.0
0.10416228 -0.0092453209 0.0
0.10008077 -0.0010139173 0.0
0.10074012 -0.0028378611 0.0
0.10214658 -0.0017107629 0.0
0.10236395 -0.0062449485 0.0
0.11077359 -0.013297395 0.0
0.11614113 -0.016448722 0.0
0.10626144 -0.0099334509 0.0
0.10522291 -0.010646851 0.0
0.10813948 -0.011623437 0.0
0.10618252 -0.010981198 0.0
0.10973494 -0.015093811 0.0
0.10029232 -0.0015276452 0.0
0.10469963 -0.011218151 0.0
0.10286938 -0.0081691737 0.0
0.11280516 -0.016308205 0.0
0.10346041 -0.0093239053 0.0
0.10752622 -0.014231421 0.0
0.1000437 -0.00065354275 0.0
0.10762776 -0.013520695 0.0
0.10664658 -0.014359276 0.0
0.11283369 -0.018968142 0.0
0.1019736 -0.0094158638 0.0
0.10002757 -8.7873635e-05 0.0
0.10129177 -0.00270462 0.0
0.10928636 -0.014646919 0.0
0.10743739 -0.012331895 0.0
0.10314743 -0.0072355366 0.0
0.10230507 -0.0067020303 0.0
0.110005 -0.011458913 0.0
0.11149646 -0.012939612 0.0
0.11451212 -0.018019918 0.0
0.11478158 -0.017783643 0.0
0.11249136 -0.011259006 0.0
0.11371424 -0.013162597 0.0
0.11495472 -0.01310296 0.0
0.11746768 -0.014851891 0.0
0.11410241 -0.016289362 0.0
0.11422747 -0.017839314 0.0
0.11384019 -0.018010539 0.0
0.123786 0.0082982288 0.0
0.11323823 -0.018666028 0.0
0.11142296 -0.016242391 0.0
0.11511802 -0.017417475 0.0
0.11397447 -0.018626246 0.0
0.097318728 -0.012266827 0.0
0.11384256 -0.018831606 0.0
0.10989357 -0.0063459553 0.0
0.087910345 -0.011202921 0.0
0.10867415 -0.020410859 0.0
0.11064742 -0.017894 0.0
0.10547846 -0.015051231 0.0
0.11181154 0.0088474548 0.0
0.10344116 -0.013689892 0.0
0.03061346 -0.0023649565 0.0
0.1013784 -0.0048675914 0.0
0.11002974 -0.018922766 0.0
0.085453273 -0.0097177393 0.0
0.10973464 -0.020279837 0.0
0.1023701 -0.013969675 0.0
0.1059413 -0.016358013 0.0
0.10823987 -0.0056176766 0.0
0.10852557 -0.0053634259 0.0
0.11223787 -0.019952592 0.0
0.11256083 -0.020304354 0.0
0.018801212 0.00033318765 0.0
0.090522632 -0.0042261644 0.0
0.041024708 1.5066924e-05 0.0
0.10019914 -0.0026750095 0.0
0.019430156 -0.00023342269 0.0
0.031346686 0.00074866323 0.0
0.010130646 -0.00021233958 0.0
0.042097122 -0.00094645583 0.0
0.039566046 -0.0017054478 0.0
0.045351599 -0.001627621 0.0
0.029707982 -1.7297315e-05 0.0
0.13210497 0.0065065793 0.0
0.13118495 0.0065873504 0.0
0.020059948 0.021222219 0.0
0.011289226 0.013385445 0.0
0.0098987327 0.010710871 0.0
0.0070877646 0.0084608672 0.0
0.0061200923 0.0055023168 0.0
4.6282534e-06 8.9044892e-05 0.0
0.0012369727 0.0017695314 0.0
0.00019334051 7.6748975e-05 0.0
0.005506705 0.0092596305 0.0
0.0021821356 0.0018562994 0.0
0.0012687333 0.0012396833 0.0
0.0015156498 0.0043224835 0.0
-0.00020220819 7.4765733e-05 0.0
2.5798619e-05 -0.00019517861 0.0
0.00023748777 0.00020792989 0.0
0.00044890488 0.00029909488 0.0
0.00089506789 0.00079932862 0.0
-0.00016229946 -8.1290668e-05 0.0
0.0009576005 0.00082596381 0.0
0.0061969492 0.0029031038 0.0
0.0041516459 0.0027844435 0.0
0.0021231159 0.0015936419 0.0
-2.5659704e-05 -7.0734084e-05 0.0
5.9567557e-05 0.00021956471 0.0
-0.00011670732 -0.00024888931 0.0
0.0046992582 0.0019791788 0.0
0.00458509 0.001364244 0.0
0.00071123348 0.00024777824 0.0
-4.5550554e-05 6.2392473e-06 0.0
-6.2355953e-05 -4.3224637e-05 0.0
0.0069782245 0.0020613234 0.0
0.0051109589 0.00092993088 0.0
-0.00014692547 -2.377402e-05 0.0
-0.00017386839 -0.0001071402 0.0
0.050499294 0.0031430538 0.0
0.028841098 0.0012107446 0.0
0.068997793 0.0049545623 0.0
0.048088044 0.0033157693 0.0
0.017889858 0.00043220577 0.0
0.0095304974 0.00044511566 0.0
0.037211836 0.0017621959 0.0
0.015611644 0.0011911727 0.0
0.0089780218 0.00070492619 0.0
0.070358598 0.0072828869 0.0
0.057450364 0.004717769 0.0
0.068221422 0.0063039697 0.0
0.064705931 0.0057329703 0.0
0.045319267 0.0036645687 0.0
0.045426234 0.0038928931 0.0
0.045153346 0.0012426099 0.0
0.035423306 0.0010227935 0.0
0.0057133201 3.5017135e-05 0.0
0.054027644 0.0039735477 0.0
0.11462089 0.0064854725 0.0
0.1166168 0.0066764904 0.0
0.12259538 0.0078178844 0.0
0.11334476 0.0063601278 0.0
0.11853499 0.0069007027 0.0
0.045300336 0.0004544743 0.0
0.12408945 0.0083563611 0.0
0.10324026 0.007197489 0.0
0.11392824 0.0062946238 0.0
0.10756561 0.0054924135 0.0
0.093359657 0.0042175718 0.0
0.10556635 0.010194676 0.0
0.10941871 0.011451217 0.0
0.11708971 0.011482797 0.0
0.12273604 0.0061909148 0.0
0.12421626 0.0066962307 0.0
0.12125049 0.0060143483 0.0
0.12163146 0.0089065705 0.0
0.12463752 0.0073255435 0.0
0.12626847 0.0067878016 0.0
0.12275248 0.0056062613 0.0
0.12213806 0.0078422823 0.0
0.12532113 0.0052767559 0.0
0.12434861 0.0054962429 0.0
0.12336302 0.0074692032 0.0
0.12591023 0.007641947 0.0
0.1255367 0.00639844 0.0
0.12525832 0.0072645639 0.0
0.12140996 0.0047065629 0.0
0.12090549 0.0060661246 0.0
0.1175822 0.0039701597 0.0
0.11904799 0.0055735028 0.0
0.119951 0.0064994973 0.0
0.12265488 0.0094449397 0.0
0.12251896 0.0075480155 0.0
0.12332211 0.0085619761 0.0
0.12218622 0.0088367943 0.0
0.12559879 0.0076037899 0.0
0.12561568 -0.00063055444 0.0
0.12114383 -0.00094453917 0.0
0.12727303 -0.00038397292 0.0
0.12245814 0.0001064492 0.0
0.11599045 -0.00045067223 0.0
0.11617556 -0.00066759456 0.0
0.10282426 -0.00039314819 0.0
0.1162756 -0.0013440381 0.0
0.10814778 -0.00085027932 0.0
0.10622256 -0.0010807468 0.0
0.076387008 -0.00088407315 0.0
0.088454288 -0.0012457769 0.0
0.10878877 -0.0022593256 0.0
0.11426008 -0.0017865327 0.0
0.10585866 -0.0006065924 0.0
0.09626805 -0.0014072895 0.0
0.10890201 -0.0014439575 0.0
0.097914212 -0.0013345434 0.0
0.078034099 8.3840435e-05 0.0
0.084332577 -0.00078961795 0.0
0.09066934 -0.00066127129 0.0
0.093977666 -0.0010173204 0.0
0.048417991 0.00033890306 0.0
0.085922167 -0.0012780799 0.0
0.081886318 -0.0016300142 0.0
0.099729024 -0.0014544496 0.0
0.099598265 -0.0016467455 0.0
0.09667367 -0.00048335834 0.0
0.075717131 -0.00041698679 0.0
0.090701721 -0.00072727609 0.0
0.083083086 -0.00044061822 0.0
0.092762271 -0.00040120271 0.0
0.061510449 -0.00010039587 0.0
0.059648325 -0.00023790054 0.0
0.08309937 -0.00075264902 0.0
0.076173254 -6.3851814e-05 0.0
0.084538569 -0.0004092572 0.0
0.06880199 0.0002170838 0.0
0.059021925 -0.00044246945 0.0
0.071867387 -0.0013995105 0.0
0.087439006 -0.0013059762 0.0
0.094228143 -0.0015078294 0.0
0.094492349 -0.0021926483 0.0
0.10721702 -0.0026126118 0.0
0.028784764 -0.00053163565 0.0
0.054926379 8.5768273e-05 0.0
0.088251931 -0.0020187908 0.0
0.10508958 -0.0032997981 0.0
0.059051337 -0.00051814676 0.0
0.0086033571 9.6681278e-05 0.0
0.038749239 -0.00040818073 0.0
0.049479215 -0.00023961344 0.0
0.072712188 -0.00083249336 0.0
0.066721034 -0.0007841577 0.0
0.031196041 9.7675863e-05 0.0
0.015465075 -1.7257214e-05 0.0
0.08206575 -0.0014856078 0.0
0.073103404 -0.0011344965 0.0
0.080349067 -0.001734326 0.0
0.066532954 -0.00037988188 0.0
0.055505458 3.1151656e-05 0.0
0.074199518 -0.0025706148 0.0
0.1220273 -0.0029537552 0.0
0.12240631 -0.0037847517 0.0
0.11528968 0.00019722052 0.0
0.11435615 0.0016921668 0.0
0.1155354 -0.00084348157 0.0
0.11340197 -0.0006604053 0.0
0.1133982 0.0048833364 0.0
0.11916843 0.0048417431 0.0
0.099069283 -0.011653661 0.0
0.11567315 -0.016245019 0.0
0.11177792 -0.0093046004 0.0
0.11313605 -0.011214893 0.0
0.10510402 -0.0060602901 0.0
0.10523891 -0.0071201009 0.0
0.10151258 -0.00068575049 0.0
0.037843026 0.0015047027 0.0
0.10332154 -0.0057636825 0.0
0.10275515 -0.0058055439 0.0
0.10003837 -0.00041230333 0.0
0.10003104 -0.00021751863 0.0
0.10075862 -0.001914317 0.0
0.10068718 -0.003552743 0.0
0.1015515 -0.0045419215 0.0
0.11219502 -0.011701457 0.0
0.11453467 -0.012129618 0.0
0.11538699 -0.011596337 0.0
0.11720539 -0.013679262 0.0
0.11387663 -0.010073458 0.0
0.11640221 -0.010218573 0.0
0.11857786 -0.012404766 0.0
0.11740587 -0.01309767 0.0
0.11356176 -0.0088847332 0.0
0.11554079 -0.0099421147 0.0
0.11165032 -0.017472781 0.0
0.11306795 -0.019532829 0.0
0.11063166 -0.022092965 0.0
0.11203414 -0.020747972 0.0
0.10966822 -0.017264243 0.0
0.11230815 -0.019317587 0.0
0.10920338 -0.016475097 0.0
0.10170492 -0.014524755 0.0
0.055176026 -0.0039574596 0.0
0.10264186 -0.0089475092 0.0
0.069040082 -0.005106676 0.0
0.092068909 -0.011564836 0.0
0.1051265 -0.016536944 0.0
0.055580504 -0.0028317249 0.0
0.11102347 -0.018682186 0.0
0.11319582 -0.01936798 0.0
0.10897069 -0.018848572 0.0
0.10897983 -0.017580174 0.0
0.046680688 -0.0035074918 0.0
0.10913901 -0.021844422 0.0
0.095588914 -0.014497193 0.0
0.11153151 -0.02137581 0.0
0.11088399 -0.022001848 0.0
0.069826869 -0.0054506695 0.0
0.10937365 -0.021429744 0.0
0.10577101 -0.017428977 0.0
0.096492872 -0.013001064 0.0
0.097457991 -0.014949077 0.0
0.094114228 -0.01398982 0.0
0.052644089 -0.0023607876 0.0
0.10023658 -0.0030681206 0.0
0.013467284 -0.0011633061 0.0
0.018431178 -0.00025203163 0.0
0.05024823 -0.0034343764 0.0
0.084593996 -0.0086350186 0.0
0.1091246 -0.023184945 0.0
0.10196562 -0.017029045 0.0
0.1016827 -0.0087117161 0.0
0.11028656 -0.023494585 0.0
0.073359391 -0.0097493365 0.0
0.10883433 -0.014844621 0.0
0.08408213 -0.0095112166 0.0
0.11145836 -0.015269315 0.0
0.10837238 -0.014702165 0.0
0.06867129 -0.0066078136 0.0
0.081523769 -0.0097492956 0.0
0.074581688 -0.0083935111 0.0
0.031856965 -0.0011402375 0.0
0.10912391 0.0044899763 0.0
0.11587134 0.006870759 0.0
0.10364559 -0.0049704986 0.0
0.10346666 -0.0050514972 0.0
0.1032753 -0.0046312533 0.0
0.090969842 -0.0037377456 0.0
0.06489429 -0.0016327461 0.0
0.033410766 -0.0024552078 0.0
0.0019118505 0.0016866665 0.0
0.0040853988 0.0040766403 0.0
0.00040198084 0.0008163961 0.0
0.00052396189 0.00080921373 0.0
0.042499679 0.0031614474 0.0
0.00047575899 0.0014094368 0.0
0.026438326 0.0022510992 0.0
0.064031925 0.0055079254 0.0
0.05575497 0.004338876 0.0
0.067761058 0.0051026943 0.0
0.064493535 0.0053676224 0.0
0.059745226 0.0041560883 0.0
0.03951783 0.0012378349 0.0
0.059499941 0.0047664142 0.0
0.060043667 0.0049026858 0.0
0.066713959 0.0050346276 0.0
0.047156932 0.0023196246 0.0
0.052197298 0.0039214158 0.0
0.033644377 0.0012597553 0.0
0.056742237 0.0040033825 0.0
0.06816054 0.0060737996 0.0
0.0041457523 0.00024569241 0.0
0.017845207 0.00072270603 0.0
0.02586384 0.001247526 0.0
0.033820523 0.0015183942 0.0
0.026123958 0.00033834993 0.0
0.032485677 0.00063770819 0.0
0.00608136 0.00019656062 0.0
0.013829289 -0.00029008351 0.0
0.031206733 0.00080579528 0.0
0.051783049 0.0037071533 0.0
0.019863088 0.00010120527 0.0
0.0077237105 -0.00018025776 0.0
0.026999016 0.0012134551 0.0
0.020180688 0.0012667511 0.0
0.039316552 0.0015733701 0.0
0.073708317 0.0055521533 0.0
0.020958116 0.00066688463 0.0
0.02036716 0.00048516445 0.0
0.026183427 0.0013461425 0.0
0.012608081 0.00021060328 0.0
0.052094542 0.0043168357 0.0
0.003482765 8.8287955e-05 0.0
0.010063952 -0.00041508408 0.0
0.021533252 0.00099971895 0.0
0.010974602 -0.00011059018 0.0
0.024312697 0.0010398426 0.0
0.091585382 0.0040978508 0.0
0.061168943 0.00056128617 0.0
0.10551074 0.005502903 0.0
0.10095358 0.0054533058 0.0
0.11757861 0.014320137 0.0
0.085867903 0.0033844574 0.0
0.075830159 0.0022703858 0.0
0.012574302 0.00032607566 0.0
0.1245091 0.0084114559 0.0
0.12139873 0.010121536 0.0
0.12169941 0.0051536076 0.0
0.12022299 0.0044307232 0.0
0.12001704 0.0031912004 0.0
0.1184611 0.0041098986 0.0
0.11825978 0.0066992866 0.0
0.11812103 0.0056766742 0.0
0.11693262 0.0028309883 0.0
0.11232506 0.0038115778 0.0
0.12069204 0.011113829 0.0
0.12053924 0.0066669522 0.0
0.11719187 0.0048363598 0.0
0.11940098 0.0071582672 0.0
0.11545093 0.0038485715 0.0
0.11534842 0.0070105907 0.0
0.11975827 0.0086895188 0.0
0.12251668 0.0083544028 0.0
0.11842402 0.0026197148 0.0
0.11968025 0.0036679939 0.0
0.12061302 0.0095306727 0.0
0.12255112 0.0094626969 0.0
0.12122422 0.0077373048 0.0
0.12098961 0.0082492356 0.0
0.12011998 0.0082190771 0.0
0.12135191 0.0094709632 0.0
0.11897446 0.0085980029 0.0
0.1212093 0.010590639 0.0
0.12172226 0.0099717721 0.0
0.12215453 0.0098708147 0.0
0.12037672 0.010085274 0.0
0.11945998 0.010488473 0.0
0.11974114 0.010212311 0.0
0.12314269 0.0088515006 0.0
0.12123954 0.01064544 0.0
0.12168279 0.010197076 0.0
0.11802889 0.011605067 0.0
0.12025788 0.010838789 0.0
0.12135599 0.01035524 0.0
0.11936699 0.011636229 0.0
0.11785518 0.0077314923 0.0
0.11957625 0.010145046 0.0
0.11874948 0.0092991668 0.0
0.11524436 0.0081841135 0.0
0.1059129 0.0091061492 0.0
0.11101167 0.0089099463 0.0
0.11780642 0.0069654098 0.0
0.11727863 0.0085950236 0.0
0.11626611 0.0062200827 0.0
0.1170067 0.0078262192 0.0
0.11406767 0.011423837 0.0
0.11864355 0.012019039 0.0
0.11580279 0.0055846516 0.0
0.11337775 0.0054659647 0.0
0.1199031 0.011298091 0.0
0.11598169 0.0098726986 0.0
0.1154347 0.0094782939 0.0
0.10994104 0.0065290723 0.0
0.11762223 0.010319649 0.0
0.11793034 0.0094227645 0.0
0.11204311 0.0096045431 0.0
0.10422682 0.0083622911 0.0
0.11220717 0.0087416832 0.0
0.12462228 0.0083144983 0.0
0.1107804 0.010487623 0.0
0.10238219 0.0092061467 0.0
0.11773034 0.0095689356 0.0
0.12112875 0.0096478311 0.0
0.090003951 0.0037178288 0.0
0.1101096 0.0088441269 0.0
0.11200473 0.01044809 0.0
0.10802297 0.0085068436 0.0
0.10828419 0.0086967112 0.0
0.074186837 0.0021679466 0.0
0.11897299 0.012407966 0.0
0.12016349 0.011528243 0.0
0.068611789 0.0026891979 0.0
0.091935536 0.0056527517 0.0
0.083390052 0.0049091663 0.0
0.10379947 0.0075874041 0.0
0.11110301 0.0099521897 0.0
0.10371538 0.010312018 0.0
0.10706419 0.007167307 0.0
0.11853882 0.01313884 0.0
0.097586184 0.0064760071 0.0
0.11169457 0.0084363072 0.0
0.11782885 0.010856272 0.0
0.11813032 0.012370021 0.0
0.10992553 0.013081806 0.0
0.092686946 0.0079452487 0.0
0.091683509 0.0062708039 0.0
0.11732749 0.012993142 0.0
0.086570721 0.0034058947 0.0
0.11661357 0.012296706 0.0
0.11983811 0.011052403 0.0
0.12087275 0.0087182979 0.0
0.11907906 0.012653568 0.0
0.082515921 0.005111237 0.0
0.10504869 0.0099538183 0.0
0.11003038 0.011439261 0.0
0.094311465 0.0072974331 0.0
0.11374277 0.012015275 0.0
0.11937212 0.012027365 0.0
0.1192951 0.010818049 0.0
0.10558663 0.0078722876 0.0
0.11721897 0.0088308655 0.0
0.11668443 0.011669597 0.0
0.07530109 0.003212076 0.0
0.11588801 0.01282684 0.0
0.075274655 0.0029835064 0.0
0.11794111 0.013487419 0.0
0.1004971 0.010308808 0.0
0.11463446 0.013100973 0.0
0.10087023 0.0050546026 0.0
0.10868272 0.0058710187 0.0
0.096453378 0.0042231556 0.0
0.1182971 0.012607635 0.0
0.091125299 0.0042890107 0.0
0.11607166 0.011141336 0.0
0.11965414 0.012017252 0.0
0.042960987 0.0013194411 0.0
0.11222373 0.0078622157 0.0
0.043445973 0.0018262948 0.0
0.09440633 0.003452927 0.0
0.11989106 0.011484821 0.0
0.11837789 0.010943462 0.0
0.11757526 0.013425747 0.0
0.10675561 0.012552843 0.0
0.11065598 0.012048023 0.0
0.10179091 0.0097077974 0.0
0.10909673 0.012190524 0.0
0.10445788 0.011500759 0.0
0.093715791 0.0085566447 0.0
0.10418257 0.0098230648 0.0
0.11545085 0.013627174 0.0
0.10897885 0.012924889 0.0
0.10343802 0.011123015 0.0
0.0098565854 0.00034659282 0.0
0.021066461 0.0015207308 0.0
0.064634884 0.0026599484 0.0
0.11425874 0.013703591 0.0
0.089566768 0.0088085992 0.0
0.088550729 0.0080747842 0.0
0.091143228 0.0060554598 0.0
0.11690601 0.013767366 0.0
0.11674764 0.014044137 0.0
0.11153319 0.013144225 0.0
0.11654282 0.015940322 0.0
0.11707926 0.0147941 0.0
0.022955696 0.0003182042 0.0
0.11453233 0.014561913 0.0
0.10192511 0.011876801 0.0
0.10972025 0.013266942 0.0
0.11680461 0.015049351 0.0
0.11131474 0.014527875 0.0
0.097067093 0.010672096 0.0
0.096356147 0.0070876892 0.0
0.080643708 0.0044686982 0.0
0.049560704 0.0022391363 0.0
0.082173094 0.0026389976 0.0
0.094809959 0.0058415764 0.0
0.10367114 0.0060610427 0.0
0.11794754 0.0090786092 0.0
0.11515383 0.0094489483 0.0
0.11870316 0.013108248 0.0
0.11771795 0.014163016 0.0
0.11751661 0.012841449 0.0
0.11815536 0.013551339 0.0
0.11642489 0.011382877 0.0
0.11322415 0.013503301 0.0
0.057714284 0.0028170527 0.0
0.03477495 0.00086662018 0.0
0.094462293 0.0099028452 0.0
0.035039457 0.00052281286 0.0
0.016174898 0.00066477045 0.0
0.075332481 0.0037864571 0.0
0.089888669 0.0070624555 0.0
0.080243498 0.004773044 0.0
0.079617884 0.0066973412 0.0
0.062897924 0.0016509891 0.0
0.11718452 0.014322989 0.0
0.057618143 0.0016960566 0.0
0.11744993 0.01396405 0.0
0.11548902 0.014447019 0.0
0.074643424 0.0041621022 0.0
0.080747153 0.0062366365 0.0
0.083628119 0.0054035305 0.0
0.060803529 0.001127556 0.0
0.090698288 0.0042638555 0.0
0.038526876 0.00095183547 0.0
0.076001267 0.0026105033 0.0
0.063710293 0.0032742566 0.0
0.067580633 0.001676238 0.0
0.058688091 0.0016515786 0.0
0.013650442 0.00089741567 0.0
0.060950536 0.0013241838 0.0
0.054546838 0.00041687811 0.0
0.06533194 0.002485888 0.0
0.02893771 0.00089606933 0.0
0.067871962 0.001574729 0.0
0.08404478 0.0033515201 0.0
0.096192672 0.0053004066 0.0
0.093030223 0.0051637831 0.0
0.029439987 -8.2219842e-05 0.0
0.045856655 0.00059973067 0.0
0.10415219 0.005886086 0.0
0.11020129 0.0064934537 0.0
0.11260788 0.0092026573 0.0
0.11545585 0.012825493 0.0
0.11555229 0.012228449 0.0
0.081329658 0.0066219872 0.0
0.053167687 0.00074603607 0.0
0.078160727 0.0035696936 0.0
0.059885133 0.00139991 0.0
0.047815819 0.00084167219 0.0
0.11689771 0.011233038 0.0
0.11417663 0.011301344 0.0
0.11299286 0.011085708 0.0
0.093094652 0.009851 0.0
0.11430137 0.01089086 0.0
0.11314696 0.011909693 0.0
0.11304378 0.0088005013 0.0
0.1115375 0.0097072625 0.0
0.10794427 0.0076315234 0.0
0.11224457 0.011689482 0.0
0.11441714 0.012757837 0.0
0.11545582 0.013951784 0.0
0.11282962 0.0067854186 0.0
0.10727485 0.003477584 0.0
0.11055459 0.007719732 0.0
0.10940116 0.0074707643 0.0
0.022158364 0.00021053542 0.0
0.040934183 0.0023946726 0.0
0.090569606 0.0078895414 0.0
0.090609399 0.0087621752 0.0
0.087158956 0.0089218423 0.0
0.049810314 0.0054804984 0.0
0.046777386 0.0019858269 0.0
0.014752723 0.00066841025 0.0
0.019502012 0.00036277741 0.0
0.041412891 0.0012419691 0.0
0.10917112 0.0062291852 0.0
0.10010333 0.0011359603 0.0
0.10907826 0.010755573 0.0
0.10696591 0.0064080857 0.0
0.05844545 0.0034820417 0.0
0.037814307 0.0010196074 0.0
0.069030354 0.0057832768 0.0
0.01399367 0.00066158231 0.0
0.019980083 0.00071044246 0.0
0.01254037 0.00038653179 0.0
0.064879769 0.005322677 0.0
0.03998161 0.0038151942 0.0
0.11006521 0.006726208 0.0
0.10862798 0.006573601 0.0
0.11215555 0.007311423 0.0
0.11100384 0.0051161457 0.0
0.1069785 0.0051783021 0.0
0.10906528 0.0080497564 0.0
0.10426875 0.0030898219 0.0
0.10572593 0.004468454 0.0
0.10693924 0.0078761514 0.0
0.0067454176 1.549014e-05 0.0
0.04389934 0.0023610729 0.0
0.050244736 0.0038905111 0.0
0.020464819 0.00069334825 0.0
0.10593644 0.0058324196 0.0
0.11518275 0.014176685 0.0
0.10554548 0.0065863303 0.0
0.10092565 0.0018253988 0.0
0.03905746 0.0029687531 0.0
0.11037158 0.010200951 0.0
0.025236846 0.0012685902 0.0
0.10582598 0.0034326947 0.0
0.024708703 6.1537479e-05 0.0
0.11195504 0.012313939 0.0
0.042105755 0.0039138917 0.0
0.1042479 0.0042919512 0.0
0.10497451 0.0079566686 0.0
0.0067076921 5.7727064e-05 0.0
0.074563243 0.0076916312 0.0
0.10331696 0.0019304951 0.0
0.10516666 0.0088791528 0.0
0.10937903 0.012162878 0.0
0.11060784 0.01265055 0.0
0.11710366 0.015368736 0.0
0.11358557 0.014801934 0.0
0.10913855 0.0099427844 0.0
0.064274377 0.0035673458 0.0
0.1144733 0.01548508 0.0
0.10750405 0.0060778447 0.0
0.1118417 0.015015495 0.0
0.11030623 0.01166351 0.0
0.10765614 0.0082508393 0.0
0.10427095 0.0060143898 0.0
0.10778051 0.009903259 0.0
0.10663264 0.0085482903 0.0
0.039637888 0.00090926638 0.0
0.074955489 0.0037627673 0.0
0.055639223 0.00070297371 0.0
0.028751816 0.0002087379 0.0
0.0069447277 6.2379096e-05 0.0
0.048996854 0.00022889108 0.0
0.060586148 0.0044308112 0.0
0.052875301 0.0013035337 0.0
0.067251327 0.0056636775 0.0
0.083914402 0.0069511593 0.0
0.062004137 0.0074237261 0.0
0.08592964 0.0076407714 0.0
0.11252084 0.013997252 0.0
0.11558005 0.015611233 0.0
0.10560624 0.007911916 0.0
0.10648104 0.013591958 0.0
0.10407052 0.0046577333 0.0
0.10134929 0.0042396672 0.0
0.11325264 0.015286822 0.0
0.1076972 0.013762667 0.0
0.10716534 0.0098729614 0.0
0.10835708 0.012728442 0.0
0.10478663 0.0065276634 0.0
0.10392666 0.0068835677 0.0
0.10301296 0.007662452 0.0
0.10617822 0.010166809 0.0
0.045060854 0.00050648597 0.0
0.070607685 0.0077035356 0.0
0.10920101 0.014423428 0.0
0.11493679 0.018840966 0.0
0.082571072 0.0067255171 0.0
0.069089394 0.0044358787 0.0
0.10487912 0.012165487 0.0
0.084334146 0.011216998 0.0
0.10684813 0.011338591 0.0
0.1111583 0.015990586 0.0
0.11179536 0.01610941 0.0
0.11174385 0.017181157 0.0
0.10558077 0.010613976 0.0
0.10341579 0.0084211506 0.0
0.11393651 0.018000703 0.0
0.11592487 0.016765379 0.0
0.11237017 0.016094077 0.0
0.11530147 0.017518392 0.0
0.10432721 0.0080992522 0.0
0.086210799 0.012373346 0.0
0.1122633 0.017914633 0.0
0.11407825 0.017238506 0.0
0.10584675 0.011469557 0.0
0.10907935 0.016773553 0.0
0.11267657 0.017740798 0.0
0.11472006 0.019089755 0.0
0.11390805 0.020996591 0.0
0.11009349 0.016182913 0.0
0.10312601 0.0065091569 0.0
0.10041855 0.0023898408 0.0
0.10337842 0.0076361386 0.0
0.10211252 0.006267983 0.0
0.10622324 0.014084889 0.0
0.10280102 0.015478554 0.0
0.10404187 0.0085359402 0.0
0.10021165 0.0014972391 0.0
0.10175676 0.0052327277 0.0
0.10018352 0.0021175445 0.0
0.10018353 0.0018623824 0.0
0.10009677 0.0005703728 0.0
0.1011976 0.0040843621 0.0
0.10360623 0.0098010081 0.0
0.10152047 0.0051580739 0.0
0.10123483 0.0050737695 0.0
0.099974736 0.00074950324 0.0
0.10105393 0.0058081701 0.0
0.10006021 0.0032367443 0.0
0.10029765 0.0044265166 0.0
0.10408643 0.012506601 0.0
0.10010076 0.0015308644 0.0
0.10226826 0.0082702276 0.0
0.10123682 0.0077948137 0.0
0.10148955 0.0080902264 0.0
0.10340499 0.0097226323 0.0
0.10164393 0.0057563357 0.0
0.10405934 0.01462237 0.0
0.11147118 0.020431547 0.0
0.10321292 0.012394032 0.0
0.10472311 0.011052516 0.0
0.11285628 0.021680939 0.0
0.11071487 0.018350631 0.0
0.10971277 0.018226996 0.0
0.10817081 0.015002098 0.0
0.1048494 0.010314872 0.0
0.10239245 0.0075230959 0.0
0.11102203 0.025271734 0.0
0.10699632 0.019003196 0.0
0.11355227 0.022650044 0.0
0.1126529 0.01964341 0.0
0.047041207 0.0067049431 0.0
0.11327147 0.021242041 0.0
0.11336773 0.019050113 0.0
0.1098635 0.016610579 0.0
0.11076605 0.019941277 0.0
0.11468298 0.020706334 0.0
0.10241834 0.014396505 0.0
0.10930032 0.017063369 0.0
0.093612262 0.011065098 0.0
0.10208892 0.013059728 0.0
0.11463643 0.019450016 0.0
0.11369478 0.020449358 0.0
0.075686359 0.0075285716 0.0
0.085172759 0.0076377272 0.0
0.10400833 0.013233047 0.0
0.11134876 0.017486851 0.0
0.098292188 0.010978688 0.0
0.10135152 0.011815381 0.0
0.11531849 0.01754863 0.0
0.11493561 0.018518836 0.0
0.10766453 0.013231365 0.0
0.11062302 0.014810903 0.0
0.1249146 0.0074685533 0.0
0.12395185 0.0079306758 0.0
0.11738297 7.6740627e-05 0.0
0.12256951 -0.00027382617 0.0
0.12960413 -0.00036882198 0.0
0.13032153 0.00037709518 0.0
0.12973807 0.00084778246 0.0
0.12777278 -0.0001339053 0.0
0.12648766 0.00016206887 0.0
0.12924513 0.00044200802 0.0
0.11842876 -0.00020493261 0.0
0.11221629 -8.5322816e-05 0.0
0.11184567 -0.00010248345 0.0
0.10606042 6.3189735e-05 0.0
0.07146432 -0.0012164686 0.0
0.056916128 0.0003243301 0.0
0.043516383 2.0219579e-05 0.0
0.040942311 -0.00063761311 0.0
0.10487412 -0.0027733734 0.0
0.099580906 -0.0029061646 0.0
0.0093644847 0.00012546414 0.0
0.050660639 1.7011221e-05 0.0
0.0082822747 0.00059203195 0.0
0.031196061 0.00080990391 0.0
0.014676319 -0.00024644627 0.0
0.015406138 0.001263443 0.0
0.035430031 0.00055552027 0.0
0.038758937 -0.00014296374 0.0
0.037932444 0.00041394752 0.0
0.029549912 8.9561017e-05 0.0
0.094542595 -0.0026031549 0.0
0.084576401 -0.0025502336 0.0
0.051502722 -0.00042066611 0.0
0.029686111 -0.0015359541 0.0
0.083701381 -0.0028219256 0.0
0.069725144 -0.002199313 0.0
0.065846551 -0.0014526691 0.0
0.048115331 -0.0010727241 0.0
0.052521314 -0.00064285576 0.0
0.064293147 -0.0013628808 0.0
0.035709823 -0.0010324058 0.0
0.042372747 -0.0026738676 0.0
0.034195646 -0.00055762076 0.0
0.045299949 -0.00041390534 0.0
0.026088445 -3.3425544e-05 0.0
0.015129222 -0.00062542734 0.0
0.013371202 0.00016425845 0.0
0.0074106715 -0.00010523593 0.0
0.01504252 -0.00018235352 0.0
0.0085743129 -0.00016393757 0.0
0.015018553 -0.00055833741 0.0
0.0084950892 -0.00010599755 0.0
0.026619339 -0.00040595103 0.0
0.005685576 8.0340465e-05 0.0
0.11301507 0.0010538938 0.0
0.11301954 0.0031354891 0.0
0.11638558 -0.016130005 0.0
0.11635461 -0.014894581 0.0
0.10124652 -0.001110691 0.0
0.10226038 0.0011416681 0.0
0.10257478 -0.0027136273 0.0
0.10136835 -0.0016652073 0.0
0.10015215 -0.00066499418 0.0
0.10007235 0.00027140185 0.0
0.10050559 -0.0019868314 0.0
0.10082482 -0.002589938 0.0
0.10039747 -0.0022002677 0.0
0.10063044 -0.0025581075 0.0
0.10113438 -0.0038300441 0.0
0.10116973 -0.004380365 0.0
0.10027566 -0.0017812617 0.0
0.068004746 -0.007831418 0.0
0.079875049 -0.0099150062 0.0
0.10051782 -0.0031229706 0.0
0.10670471 -0.014473999 0.0
0.10111471 -0.0058709877 0.0
0.10869762 -0.021667427 0.0
0.10177387 -0.0076547209 0.0
0.10515139 -0.019837929 0.0
0.10288327 -0.011808406 0.0
0.10527251 -0.021992234 0.0
0.093956333 -0.021064731 0.0
0.10199606 -0.026228303 0.0
0.043675419 -0.0045436679 0.0
0.10958366 -0.013937853 0.0
0.085403248 -0.0082160771 0.0
0.10101 -0.011453666 0.0
0.046928214 -0.0029968483 0.0
0.067038538 -0.0070511243 0.0
0.028432782 -0.0014434659 0.0
0.008009748 0.0007464996 0.0
0.025819126 0.00013271174 0.0
0.032674106 -0.0016265286 0.0
0.06231286 -0.0044046494 0.0
0.11040471 0.003653154 0.0
0.11234534 0.0042536904 0.0
0.032539381 -0.00088070998 0.0
0.024235837 -0.0020481235 0.0
0.050159302 -0.0019010685 0.0
0.030268715 -0.0013066927 0.0
0.041874614 0.0023694309 0.0
0.050775712 0.0033725362 0.0
0.042389498 0.0026836026 0.0
0.047301008 0.0034691332 0.0
0.060445891 0.0031724659 0.0
0.051730557 0.0035022242 0.0
0.070908238 0.004489523 0.0
0.060826778 0.0041990085 0.0
0.052625567 0.0034153873 0.0
0.065503064 0.0051834828 0.0
0.056275317 0.0045873413 0.0
0.042781442 0.0029031622 0.0
0.019472867 0.00088295629 0.0
0.0086220561 0.00020481619 0.0
0.011349938 0.00013744912 0.0
0.023834039 0.00099206764 0.0
0.038461318 0.0019129947 0.0
0.02354944 0.00029934247 0.0
0.042364644 0.0035913507 0.0
0.12474339 0.0082457759 0.0
0.12525708 0.008010592 0.0
0.12234492 0.0091693602 0.0
0.12286082 0.0089557515 0.0
0.12499244 0.0078585306 0.0
0.12663002 0.0073066915 0.0
0.12340758 0.0080429424 0.0
0.12341993 0.007578635 0.0
0.12360955 0.0084603313 0.0
0.11671671 0.0080777095 0.0
0.12280737 0.0093006413 0.0
0.12164498 0.0098655597 0.0
0.1213514 0.0093450497 0.0
0.12312972 0.0090480577 0.0
0.12023548 0.0091437244 0.0
0.119726 0.0089157344 0.0
0.12375201 0.0087749331 0.0
0.12317648 0.0089831096 0.0
0.1178172 0.0091116001 0.0
0.1180033 0.0088725977 0.0
0.11393565 0.0083490197 0.0
0.12294277 0.0082695048 0.0
0.12077663 0.010396117 0.0
0.12056499 0.011206748 0.0
0.11637933 0.0048130228 0.0
0.11365281 0.0031157327 0.0
0.11453559 0.0049443193 0.0
0.11445859 0.0040149354 0.0
0.11222716 0.0058369806 0.0
0.11499009 0.0075854166 0.0
0.088614303 0.0032128106 0.0
0.0794505 0.0021699571 0.0
0.10690878 0.0078442481 0.0
0.11401891 0.0084276637 0.0
0.092237542 0.0044299698 0.0
0.11074406 0.0061037027 0.0
0.040822106 0.00071771455 0.0
0.01841126 -0.0008040294 0.0
0.033586998 -0.00017084931 0.0
0.014483465 -0.00043625777 0.0
0.0077779129 0.00017179883 0.0
0.0081113677 -0.00041293387 0.0
0.10235955 0.010782294 0.0
0.1015176 0.011428496 0.0
0.091688171 0.0090291477 0.0
0.076941424 0.0079483555 0.0
0.10735674 0.0050179249 0.0
0.022038072 0.00087002334 0.0
0.10842249 0.0053100787 0.0
0.11094854 0.0041904545 0.0
0.11075658 0.0065978225 0.0
0.10936697 0.0033927707 0.0
0.11017171 0.0053337908 0.0
0.10413054 0.0024829079 0.0
0.10537349 0.0037929241 0.0
0.10014884 0.0010443213 0.0
0.10361991 0.003251094 0.0
0.10535099 0.0059253094 0.0
0.10528756 0.0047198299 0.0
0.10757059 0.01068076 0.0
0.10556635 0.0086447761 0.0
0.0743499 0.0045498355 0.0
0.026761467 0.0017619858 0.0
0.097744414 0.010884568 0.0
0.10322919 0.0062961414 0.0
0.10226488 0.0058790508 0.0
0.10070973 0.0027862515 0.0
0.10084486 0.0035553757 0.0
0.10001941 0.00099101803 0.0
0.10083846 0.0037698301 0.0
0.10172837 0.003518809 0.0
0.10248716 0.0033438146 0.0
0.10063453 0.0029223864 0.0
0.10013055 0.00071002719 0.0
0.10627706 0.019064355 0.0
0.10022943 0.0011214279 0.0
0.041189502 0.0036076933 0.0
0.10945495 0.020748019 0.0
0.10261222 0.01278876 0.0
0.10711603 0.016607976 0.0
0.10777934 0.016436228 0.0
0.1035576 0.011252792 0.0
0.11303772 0.02348119 0.0
0.11149869 0.025431476 0.0
0.036785737 0.00030197755 0.0
0.016361229 0.00042076753 0.0
0.049514702 0.00026367377 0.0
0.1116297 -0.01489238 0.0
0.11468264 -0.01627075 0.0
0.11438043 -0.016485826 0.0
0.11557652 -0.017018305 0.0
0.11547718 -0.015014008 0.0
0.1164067 -0.013985231 0.0
0.11782188 -0.01409379 0.0
0.11702922 -0.015393384 0.0
0.11832566 -0.013495158 0.0
0.11511884 -0.01430532 0.0
0.10219567 -0.00055368608 0.0
0.10165861 0.00032253803 0.0
0.10096974 -0.001559746 0.0
0.10045901 -0.001368147 0.0
0.10098686 -0.0021797204 0.0
0.1001648 -0.0010924164 0.0
0.10002338 -0.00013553801 0.0
0.10025154 -0.0010921018 0.0
0.10026835 -0.00050676075 0.0
0.1010295 -6.405767e-05 0.0
0.10079134 -0.00080291799 0.0
0.10117277 -0.00034356782 0.0
0.10041599 -0.0010345644 0.0
0.10022441 -0.0014262862 0.0
0.10184535 -0.017067228 0.0
0.1000965 -0.00084320224 0.0
0.07317894 -0.0079810186 0.0
0.10740385 -0.018750003 0.0
0.10421161 -0.013018535 0.0
0.10432215 -0.012298047 0.0
0.10484964 -0.012191797 0.0
0.10014594 -0.0010707993 0.0
0.10064412 -0.0043023338 0.0
0.10091662 -0.0049228228 0.0
0.05855512 -0.0059063126 0.0
0.10043106 -0.020209613 0.0
0.10167632 -0.012513509 0.0
0.079048458 -0.0090739214 0.0
0.044644241 -0.0039307054 0.0
0.058135551 -0.0055853087 0.0
0.026615678 -0.00013993193 0.0
0.042609695 -0.0020942765 0.0
0.038855329 0.0026466265 0.0
0.028993447 0.00079723711 0.0
0.12450534 0.0082171328 0.0
0.12363479 0.0087410791 0.0
0.12255839 0.0087841178 0.0
0.12037107 0.0086600185 0.0
0.081881645 0.0028704877 0.0
0.013356043 0.00037181738 0.0
0.060958726 0.001300105 0.0
0.022680982 0.0003935936 0.0
0.10182062 0.0049521684 0.0
0.062092316 0.0015529361 0.0
0.052019458 0.0026446937 0.0
0.020272218 0.00080360479 0.0
0.0082079809 0.00040160246 0.0
0.043514845 0.00032778044 0.0
0.02053426 -0.0013868448 0.0
0.098796481 0.0050795628 0.0
0.10921438 0.0065876257 0.0
0.053318553 0.00090371503 0.0
0.094369742 0.0044250242 0.0
0.11157994 0.0064339472 0.0
0.11666723 0.0077198013 0.0
0.10325222 0.0012647394 0.0
0.10294104 0.0026881461 0.0
0.10263045 0.00090432344 0.0
0.10283588 0.0019505719 0.0
0.10244956 0.0026373888 0.0
0.10308886 0.0040510792 0.0
0.10241209 0.00029823523 0.0
0.10152367 0.0011466824 0.0
0.10190084 0.0020476462 0.0
0.10124108 0.0010289827 0.0
0.10190222 0.001660309 0.0
0.10184364 0.002993266 0.0
0.10094435 0.00056475746 0.0
0.10149541 0.0019932589 0.0
0.10083697 0.0030906253 0.0
0.10299024 0.0049161642 0.0
0.10236466 0.0015768942 0.0
0.10177918 0.00088960462 0.0
0.10016361 0.00073400308 0.0
0.10085323 0.0012394342 0.0
0.10125886 0.00015122664 0.0
0.10056673 0.0004775495 0.0
0.10052675 -2.4923743e-05 0.0
0.10038516 0.00017445786 0.0
0.10038201 0.00063944991 0.0
0.10035984 0.001961585 0.0
0.10074004 -0.00051278007 0.0
0.10009379 4.2698313e-05 0.0
0.10256053 0.0045959119 0.0
0.10221749 0.0056379973 0.0
0.10165703 0.0042490206 0.0
0.10130852 0.0032785987 0.0
0.1023706 0.0050605868 0.0
0.10145488 0.0031145586 0.0
0.10075763 0.0017707222 0.0
0.10072137 0.0025067679 0.0
0.11125594 0.022662344 0.0
0.10196347 0.013927608 0.0
0.10729236 0.026669454 0.0
0.026893662 0.0023283975 0.0
0.10769106 0.022876513 0.0
0.11716983 -0.015255577 0.0
0.11696623 -0.014383703 0.0
0.10383043 -1.7992163e-05 0.0
0.10359767 0.0010409753 0.0
0.10377674 -0.00075582416 0.0
0.10274104 -0.00049120614 0.0
0.10455034 -0.0010596338 0.0
0.10353038 -0.0019437611 0.0
0.10206693 0.00013264747 0.0
0.10286233 -2.1384207e-05 0.0
0.10060144 -0.0010766885 0.0
0.10005718 -0.00024252642 0.0
0.10010439 -0.00010482947 0.0
0.1000617 -1.6208928e-05 0.0
0.10043398 -0.00026313649 0.0
0.10053951 -0.00080852982 0.0
0.10012739 -0.00042317048 0.0
0.1002601 -0.00029866261 0.0
0.1075473 -0.017404803 0.0
0.10257042 -0.010754019 0.0
0.10033082 -0.005064367 0.0
0.10044877 -0.0033535141 0.0
0.10192096 -0.0081748093 0.0
0.10016818 -0.0019202992 0.0
0.10038443 -0.0024102897 0.0
0.10122613 -0.0051078027 0.0
0.10005487 -0.00079689329 0.0
0.10092051 -0.0036416688 0.0
0.1020031 -0.0065777175 0.0
0.10005747 -0.00087310979 0.0
0.10228587 -0.0080467208 0.0
0.040023007 -0.0035041701 0.0
0.025330348 -0.00069938859 0.0
0.046685342 -0.0045010568 0.0
0.064369234 -0.0065044193 0.0
0.099534679 -0.011826783 0.0
0.059373374 -0.0029065393 0.0
0.085792908 -0.0063423259 0.0
0.080602733 -0.0062610113 0.0
0.06167277 -0.0050898699 0.0
0.079734734 -0.0068499993 0.0
0.0884912 -0.0063045114 0.0
0.074744871 -0.0049226174 0.0
0.10130232 -0.01097213 0.0
0.10664917 -0.010807121 0.0
0.078122057 0.0019011032 0.0
0.063695175 0.0015331966 0.0
0.087635952 0.0031358689 0.0
0.083967717 0.002856808 0.0
0.076981066 0.0033971778 0.0
0.068609082 0.0024235793 0.0
0.043419299 5.0413306e-05 0.0
0.041097136 0.00067149534 0.0
0.060607343 0.0017469599 0.0
0.075896598 0.0024013252 0.0
0.069141833 0.002803955 0.0
0.067997112 0.0028239141 0.0
0.077590827 0.0034425499 0.0
0.026955601 0.00069639269 0.0
0.054300962 0.00071356002 0.0
0.040132987 0.0016595549 0.0
0.062127772 0.0015472298 0.0
0.034509953 0.00012556157 0.0
0.084327862 0.00330222 0.0
0.03406019 -0.00037623666 0.0
0.011825918 -4.3758454e-05 0.0
0.0071794734 0.00022365901 0.0
0.062415759 0.0018804721 0.0
0.016004214 0.00049862446 0.0
0.045126146 0.001128245 0.0
0.053023678 0.00079316895 0.0
0.05231608 0.0014836868 0.0
0.0665428 0.0011161455 0.0
0.0079320835 3.0863761e-05 0.0
0.058269941 0.0013084497 0.0
0.044140258 0.0018487057 0.0
0.028766075 0.0004487048 0.0
0.02973214 0.0004176074 0.0
0.011432199 0.00016468147 0.0
0.012459259 -0.00036215983 0.0
0.040516704 0.00077432601 0.0
0.045040475 0.0017797461 0.0
0.024947341 0.00054380831 0.0
0.02526345 0.00054077125 0.0
0.023963522 0.00029878579 0.0
0.044951698 -2.7919507e-05 0.0
0.060706491 0.0040182198 0.0
0.044718734 0.00070308461 0.0
0.023442788 4.6762532e-05 0.0
0.010637116 0.00057939954 0.0
0.035748364 0.001274589 0.0
0.027648763 0.00077247699 0.0
0.030404985 0.00098977353 0.0
0.0063689269 0.00025581147 0.0
0.0050981678 -0.00015457133 0.0
0.094736801 0.0041203956 0.0
0.083329808 0.0031494866 0.0
0.10016836 0.0053737092 0.0
0.088365356 0.0037043775 0.0
0.070271214 0.0017547248 0.0
0.078103181 0.002502277 0.0
0.02992793 -0.0010477843 0.0
0.068842883 0.0020208596 0.0
0.068695743 0.0037687039 0.0
0.071113048 0.0018227963 0.0
0.069250108 0.0019847929 0.0
0.043207912 0.0013015203 0.0
0.061680262 0.00075803346 0.0
0.034218375 -0.00067090718 0.0
0.04761364 0.00027007517 0.0
0.061485558 0.0028495287 0.0
0.084031619 0.0033878225 0.0
0.08450105 0.0034182165 0.0
0.07564843 0.0034437709 0.0
0.059476921 0.0019403186 0.0
0.077324661 0.0035649942 0.0
0.048871383 -0.00019501072 0.0
0.044649539 0.0021222864 0.0
0.017413275 0.00087291037 0.0
0.028491842 2.4954335e-05 0.0
0.057032081 0.0036076378 0.0
0.043513964 0.0021666713 0.0
0.076709722 0.0029157202 0.0
0.09190945 0.0039202616 0.0
0.090171196 0.0040608914 0.0
0.10176084 0.0051745368 0.0
0.054431879 0.0012429468 0.0
0.070108774 0.0033718302 0.0
0.041584635 0.0014859026 0.0
0.017429301 0.00035025686 0.0
0.10127732 0.0043969757 0.0
0.10395187 0.0050995049 0.0
0.1153174 0.0065787555 0.0
0.10360026 0.0058115232 0.0
0.12023304 0.0075685793 0.0
0.11857663 0.0075744247 0.0
0.12015179 0.007029068 0.0
0.11209351 0.0063632025 0.0
0.10932269 0.0061598753 0.0
0.11592519 0.0066785735 0.0
0.10373348 0.0051471658 0.0
0.0991652 0.0047939452 0.0
0.10219111 0.0048173595 0.0
0.10737378 0.0057272328 0.0
0.11668462 0.0086797732 0.0
0.11244659 0.0072540944 0.0
0.12098152 0.008347859 0.0
0.11756848 0.008444234 0.0
0.10376403 0.0059812093 0.0
0.1036339 0.0045292845 0.0
0.10137434 0.002257566 0.0
0.10109651 0.0013499732 0.0
0.1017067 0.0098283237 0.0
0.10009984 0.00047141456 0.0
0.10091148 0.0048860923 0.0
0.10193723 0.0093704007 0.0
0.057178826 0.0050679182 0.0
0.09665044 0.023245477 0.0
0.078960379 0.010497641 0.0
0.054722435 0.0021462626 0.0
0.10023276 -0.00072909849 0.0
0.049418465 0.0039886618 0.0
0.078890486 -0.0089152636 0.0
0.04832091 -0.0048209657 0.0
0.10179828 -0.0090410751 0.0
0.098830749 -0.0090167747 0.0
0.026694306 0.00063965749 0.0
0.0069080181 0.00032146287 0.0
0.013055716 0.00084554622 0.0
0.099054492 0.004586104 0.0
0.014765544 0.0012508069 0.0
0.092053655 0.0039666217 0.0
0.092152289 0.0036844128 0.0
0.079666946 0.0031434748 0.0
0.014668103 -4.0705319e-05 0.0
0.0079834042 0.00027866837 0.0
0.031600657 0.00091709463 0.0
0.014766847 0.00060210553 0.0
0.028445585 0.00060621914 0.0
0.053058533 7.8148366e-05 0.0
0.043027631 -0.0012074943 0.0
0.036955987 0.0017373364 0.0
0.040904523 0.0016282286 0.0
0.050041243 0.0012932792 0.0
0.023957223 -0.0011510682 0.0
0.0040568716 -0.00029862148 0.0
0.016792387 -0.00050616556 0.0
0.007355418 0.00054012587 0.0
0.027508399 0.001704337 0.0
0.11853625 0.0077421256 0.0
0.11861871 0.0072183732 0.0
0.11114928 0.0067787869 0.0
0.11710633 0.0071520039 0.0
0.10232056 0.014076028 0.0
0.11091707 0.029551564 0.0
0.10728054 0.024903965 0.0
0.10993251 0.030437651 0.0
0.10716493 0.023149969 0.0
0.1000744 -0.00059706794 0.0
0.10007094 -0.00038451719 0.0
0.1020014 0.019417034 0.0
0.11161144 0.024699146 0.0
0.1988039 0.035895708 0.0
0.19600413 0.043705466 0.0
0.17715463 0.045339652 0.0
0.17403082 0.051432689 0.0
0.09316878 0.0040525022 0.0
0.077261912 0.0038599293 0.0
0.21000951 0.0096580744 0.0
0.20621488 0.012040828 0.0
0.17331395 -0.026102708 0.0
0.17307074 -0.027011146 0.0
0.0800764 -0.0097472066 0.0
0.054284303 -0.0039643405 0.0
0.11556053 -0.024377699 0.0
0.12045743 -0.025371872 0.0
0.10675956 -0.023620882 0.0
0.11713998 -0.024984542 0.0
0.060045049 -0.019796597 0.0
0.04284293 -0.015416369 0.0
0.17438187 -0.02398288 0.0
0.17464486 -0.022899256 0.0
0.078786882 -0.014187243 0.0
0.095744925 -0.017754559 0.0
0.090452105 -0.017451088 0.0
0.08903836 -0.016822038 0.0
0.16641555 -0.020250658 0.0
0.16281516 -0.021324628 0.0
0.047691365 -0.008012621 0.0
0.055602483 -0.010600707 0.0
0.14078255 -0.014394044 0.0
0.14561046 -0.01430783 0.0
0.099745648 -0.023155621 0.0
0.10825703 -0.022978507 0.0
0.11292987 -0.024067113 0.0
0.097811086 -0.021516846 0.0
0.084870604 -0.019118754 0.0
0.079326049 -0.018287614 0.0
0.11463996 -0.023216578 0.0
0.094814969 -0.021290707 0.0
0.066713669 -0.01726589 0.0
0.078230782 -0.01969807 0.0
0.16920936 -0.017707888 0.0
0.16283685 -0.015830479 0.0
0.17004744 -0.018420979 0.0
0.16453511 -0.016505015 0.0
0.13388974 -0.0093074211 0.0
0.14553218 -0.011912554 0.0
0.20784687 -0.010106741 0.0
0.20450042 -0.010913505 0.0
0.20205959 -0.015681073 0.0
0.19594918 -0.013041932 0.0
0.14240344 -0.0092077167 0.0
0.12433055 -0.0071059951 0.0
0.14610067 -0.009786734 0.0
0.14759392 -0.010151944 0.0
0.012131498 0.00076021978 0.0
0.010757717 0.0011115303 0.0
0.033911556 -0.011299939 0.0
0.045784836 -0.013534882 0.0
0.12519487 0.0009067878 0.0
0.11852757 0.00038998016 0.0
0.13965136 0.011511702 0.0
0.14093607 0.010625163 0.0
0.092444322 -0.0053453002 0.0
0.091342326 -0.0054588129 0.0
0.1313659 0.010765563 0.0
0.13392488 0.011528463 0.0
0.14355409 0.020055693 0.0
0.14056582 0.020991147 0.0
-0.01250688 0.0011568499 0.0
0.012739457 0.00028583203 0.0
-0.012518588 0.00068056647 0.0
0.093437867 0.027354939 0.0
0.083543084 0.0245653 0.0
0.095703796 0.029425221 0.0
0.093199837 0.031319404 0.0
0.13207253 0.00093837904 0.0
0.13217638 0.00061287195 0.0
0.0095830446 -0.0010142914 0.0
0.016397424 -0.00058494255 0.0
0.011524175 -0.00020681582 0.0
0.019403096 -0.00055759737 0.0
0.0092080437 -0.0010021761 0.0
0.010700599 0.0015541091 0.0
0.0011582722 0.0060437488 0.0
0.0092887009 0.026143696 0.0
0.13921998 0.0068947677 0.0
0.13866496 0.0060006163 0.0
0.13834233 0.0054098921 0.0
0.13799536 0.0052841569 0.0
0.13759856 0.0049581161 0.0
0.13768485 0.005673998 0.0
0.13747274 0.0046414686 0.0
0.13832964 0.0055290266 0.0
0.11851929 -0.0099614962 0.0
0.11729215 -0.010865435 0.0
0.11010369 -0.008887378 0.0
0.10764052 -0.0075086257 0.0
0.10946961 -0.014878632 0.0
0.11209567 -0.016844479 0.0
0.050748453 -0.00096112228 0.0
0.0018094781 0.00028044957 0.0
0.069198338 2.949873e-05 0.0
0.10591936 -0.012805903 0.0
0.10999257 -0.017190872 0.0
0.098707929 0.0050314753 0.0
0.10251952 0.0053286257 0.0
0.11458523 0.0084577928 0.0
0.11749955 0.010015904 0.0
0.11308161 0.0080285662 0.0
0.11456921 0.0096509151 0.0
0.11523445 0.010731741 0.0
0.11639268 0.010091652 0.0
0.11626179 0.008565661 0.0
0.11679558 0.0097978502 0.0
0.11593838 0.015182914 0.0
0.11553379 0.018198274 0.0
0.11506894 0.015171979 0.0
0.11568988 0.016220313 0.0
0.11641435 0.016452851 0.0
0.11444873 0.016096146 0.0
0.11469998 0.017152352 0.0
0.11610219 0.016558453 0.0
0.10963735 0.019758006 0.0
0.11206731 0.0236202 0.0
0.12576084 0.00070081575 0.0
0.12695041 0.00026099834 0.0
0.1004747 0.0019147635 0.0
0.10026429 0.0011438835 0.0
0.10081007 0.0022722179 0.0
0.10041677 0.0012180206 0.0
0.10030554 0.00087605665 0.0
0.10011051 0.00054648807 0.0
0.10054849 0.00091274024 0.0
0.10011662 0.00028879143 0.0
0.10019201 0.00015792419 0.0
0.10016205 0.00035123343 0.0
0.10005487 0.00028429264 0.0
0.10003012 4.9360509e-05 0.0
0.1093916 -0.01355716 0.0
0.094044552 -0.010097724 0.0
0.10387561 -0.012559161 0.0
0.10392327 -0.012303664 0.0
0.078036864 0.0029890297 0.0
0.081959833 0.0032526153 0.0
0.098409128 0.0098965134 0.0
0.11107081 0.028673437 0.0
0.080073978 0.017634653 0.0
0.035352039 0.0018539117 0.0
0.10504656 0.019978004 0.0
0.11407481 -0.0025732894 0.0
0.10549028 -0.0021734389 0.0
0.11787536 0.011763615 0.0
0.12122013 0.012845691 0.0
