# vtk DataFile Version 2.0
jnl FVM output
ASCII
DATASET UNSTRUCTURED_GRID
POINTS 4409 float
0 0 0.0
0.75 0 0.0
0.75 0.1 0.0
1.09 0.1 0.0
1.09 0 0.0
1.29 0 0.0
1.29 0.1 0.0
1.63 0.1 0.0
1.63 0 0.0
1.83 0 0.0
1.83 0.1 0.0
2.17 0.1 0.0
2.17 0 0.0
2.37 0 0.0
2.37 0.1 0.0
2.71 0.1 0.0
2.71 0 0.0
2.91 0 0.0
2.91 0.1 0.0
3.25 0.1 0.0
3.25 0 0.0
4 0 0.0
4 1 0.0
0 1 0.0
2 1 0.0
0.25 0 0.0
1.705 0 0.0
1.63 0.05 0.0
1.6675 0 0.0
1.63 0.025 0.0
1.6654167 0.0375 0.0
1.68625 0.019849537 0.0
1.716084 0.02925043 0.0
1.69786 0.0546734 0.0
1.7675 0 0.0
1.6645808 0.078311061 0.0
1.73625 0 0.0
1.7554058 0.076680849 0.0
1.751875 0.032349026 0.0
1.7295208 0.058125657 0.0
1.83 0.05 0.0
1.7106097 0.11183982 0.0
1.7758701 0.023990909 0.0
1.79875 0 0.0
1.7754191 0.054134799 0.0
1.7923867 0.089351899 0.0
1.801754 0.039453466 0.0
1.83 0.025 0.0
1.8077797 0.06641312 0.0
1.7109246 0.0817646 0.0
1.6865223 0.096548377 0.0
1.669434 0.1500835 0.0
1.6850033 0.12555836 0.0
1.723942 0.1674824 0.0
1.6530075 0.12245092 0.0
1.6989712 0.15163012 0.0
1.6812561 0.20712872 0.0
1.6828308 0.17705475 0.0
1.6247489 0.18909168 0.0
1.6522103 0.1754514 0.0
1.46 0.1 0.0
1.63 0.075 0.0
1.6526149 0.05765189 0.0
1.7587888 0.12710797 0.0
1.9247122 0.13194713 0.0
1.767671 0.10118505 0.0
1.7941373 0.12473654 0.0
1.7380528 0.10068826 0.0
1.7801421 0.18076305 0.0
1.7781115 0.1504946 0.0
1.8260863 0.16247845 0.0
1.7536453 0.16733831 0.0
1.8001678 0.16421724 0.0
1.8158247 0.20355865 0.0
1.741318 0.22453038 0.0
1.7389231 0.19408961 0.0
1.7125474 0.21147929 0.0
1.7020688 0.27281623 0.0
1.6926827 0.2396492 0.0
1.7223118 0.24917598 0.0
1.7787677 0.27306228 0.0
1.7403791 0.28513403 0.0
1.7536742 0.25371068 0.0
1.6341885 0.2741143 0.0
1.7815685 0.22469273 0.0
1.6511227 0.23598432 0.0
1.6501117 0.20568993 0.0
1.6214491 0.22181061 0.0
1.6216982 0.14848621 0.0
1.8249514 0.13104555 0.0
2 0.1 0.0
1.915 0.1 0.0
1.8800669 0.1447925 0.0
1.8505287 0.145859 0.0
1.8725 0.1 0.0
1.8670953 0.19510949 0.0
1.8511529 0.17306056 0.0
1.7066978 0.18649036 0.0
1.7825716 0.35223305 0.0
1.7646499 0.20325407 0.0
1.7914525 0.2023838 0.0
1.8216172 0.2512776 0.0
1.6679917 0.26630149 0.0
1.6659744 0.33460694 0.0
1.6580197 0.3001895 0.0
1.6945656 0.30987075 0.0
1.6171335 0.34930178 0.0
1.6229768 0.30828886 0.0
1.654803 0.36654172 0.0
1 1 0.0
1.755545 0.49397638 0.0
1.5982716 0.28125731 0.0
1.5591258 0.34183939 0.0
1.6117947 0.50749893 0.0
1.6808647 0.40819146 0.0
1.5911464 0.24423762 0.0
1.7200053 0.36816662 0.0
1.6931574 0.43257489 0.0
1.6441563 0.32006655 0.0
1.6427471 0.45132562 0.0
1.6879087 0.3595674 0.0
1.7842841 0.43442734 0.0
1.5866486 0.31668527 0.0
1.711055 0.33737369 0.0
1.6293889 0.38887461 0.0
1.6642064 0.43187987 0.0
1.7245409 0.31059364 0.0
1.7636894 0.31729134 0.0
1.7539368 0.42519861 0.0
1.6111726 0.44336543 0.0
1.5797583 0.45193668 0.0
1.7439284 0.34451591 0.0
1.729487 0.40113529 0.0
1.823601 0.63287717 0.0
1.7980366 0.37672154 0.0
1.7664669 0.38801442 0.0
1.6343289 0.42047212 0.0
1.8207903 0.39464141 0.0
1.7306163 0.5205743 0.0
1.7463235 0.37086325 0.0
1.642237 0.34422446 0.0
1.6958684 0.45974678 0.0
1.4131038 0.51022416 0.0
1.8001186 0.60968703 0.0
1.8145449 0.42491862 0.0
1.8253143 0.49385183 0.0
1.6754709 0.38258782 0.0
1.8445219 0.41531937 0.0
1.6331109 0.48449976 0.0
1.8753493 0.42167827 0.0
1.7916529 0.40497223 0.0
1.5705013 0.48439944 0.0
1.8163174 0.34804931 0.0
1.7301985 0.4690305 0.0
1.5924186 0.4108395 0.0
1.7025549 0.39025206 0.0
1.6644094 0.48643524 0.0
1.8000467 0.5189117 0.0
1.6541291 0.4011916 0.0
1.6030677 0.47551382 0.0
1.8516478 0.45867737 0.0
1.8410992 0.3713334 0.0
1.6512135 0.51421689 0.0
1.8730673 0.31247908 0.0
1.7909771 0.55332374 0.0
1.7646698 0.45935534 0.0
1.720369 0.43485265 0.0
2.132604 0.42328988 0.0
1.7047993 0.49483766 0.0
1.6953468 0.52979165 0.0
1.7565841 0.56638805 0.0
1.8080074 0.45701933 0.0
1.7904131 0.48465326 0.0
1.3556192 0.45629272 0.0
1.6811586 0.50719973 0.0
1.84936 0.33771121 0.0
1.7080937 0.57799487 0.0
1.8303216 0.44484764 0.0
1.8193235 0.29968296 0.0
1.70296 0.60598977 0.0
1.8627948 0.68494188 0.0
1.7439376 0.54333579 0.0
1.7654973 0.52828524 0.0
1.9052082 0.36643085 0.0
1.8586852 0.5527677 0.0
1.6847403 0.62785553 0.0
1.5132844 0.45053233 0.0
1.7611614 0.71897479 0.0
2.012732 0.30638626 0.0
1.779306 0.65424622 0.0
1.5463371 0.45995757 0.0
1.8270696 0.324441 0.0
1.7962871 0.32467401 0.0
1.8465079 0.30476854 0.0
1.8377659 0.27629982 0.0
1.8657513 0.24051668 0.0
1.8672808 0.28281312 0.0
1.9266913 0.28662211 0.0
1.8964862 0.29251377 0.0
1.9044071 0.25274975 0.0
1.9189555 0.32733559 0.0
1.8725692 0.36123958 0.0
1.8247554 0.54382515 0.0
2.0812224 0.37498897 0.0
2.1112347 0.31841834 0.0
1.5215748 0.4841268 0.0
1.5426268 0.41030127 0.0
1.7847859 0.29979872 0.0
1.8845728 0.39097072 0.0
1.8494124 0.51911113 0.0
1.8305625 0.59063127 0.0
1.7811292 0.57920176 0.0
1.8082093 0.5746943 0.0
1.6342775 0.54846549 0.0
1.4534281 0.48312389 0.0
1.5578125 0.43413336 0.0
1.9384626 0.42389627 0.0
1.8556014 0.48908184 0.0
1.9054149 0.46714505 0.0
1.8772886 0.47080246 0.0
1.8883339 0.44576605 0.0
1.8972761 0.51453336 0.0
1.9069982 0.42016136 0.0
1.8725216 0.50822154 0.0
1.8370373 0.56606467 0.0
1.8644521 0.58642669 0.0
1.7976479 0.63567316 0.0
2.0352342 0.31722851 0.0
1.487633 0.47468277 0.0
1.920108 0.44412167 0.0
1.9678171 0.46897685 0.0
1.9365355 0.47080543 0.0
1.9262207 0.39262587 0.0
1.9060452 0.56197683 0.0
1.8544609 0.64457648 0.0
2.0469278 0.24779682 0.0
1.6719982 0.5545432 0.0
2.04367 0.67186678 0.0
1.7574915 0.59456512 0.0
1.4544492 0.4137387 0.0
1.9508909 0.44790102 0.0
1.999506 0.42619234 0.0
1.9780471 0.44342622 0.0
1.9695189 0.41083056 0.0
2.0216092 0.47569096 0.0
1.9955942 0.46527503 0.0
1.9887581 0.52004464 0.0
1.984989 0.49176276 0.0
1.9478651 0.51110231 0.0
1.9180658 0.49371088 0.0
1.9429011 0.35772041 0.0
1.8806229 0.56633255 0.0
1.8827143 0.53842838 0.0
1.8990896 0.59774742 0.0
1.8506663 0.61399127 0.0
1.8815271 0.62569047 0.0
1.7295692 0.59588938 0.0
1.5127465 0.51914467 0.0
1.8266597 0.67135936 0.0
1.4514442 0.5096257 0.0
1.9843404 0.24987905 0.0
1.5459009 0.50888135 0.0
1.4866119 0.54406796 0.0
1.4790385 0.43985617 0.0
2.0137785 0.36138251 0.0
1.9707147 0.59311332 0.0
1.9039741 0.68669774 0.0
1.6705373 0.52977667 0.0
1.6806968 0.58743895 0.0
1.5790449 0.5175851 0.0
1.6285975 0.660711 0.0
1.6609803 0.65165062 0.0
1.7732788 0.62024566 0.0
2.0909596 0.2951018 0.0
2.2021038 0.40341372 0.0
2.081201 0.26578439 0.0
1.7162434 0.63558194 0.0
1.4439221 0.44828389 0.0
1.4979681 0.39740018 0.0
1.9981376 0.39191451 0.0
1.9342941 0.58603135 0.0
1.8924413 0.65630791 0.0
2.1318007 0.38659851 0.0
1.4459527 0.5356281 0.0
2.0600927 0.69986813 0.0
2.0368221 0.28516104 0.0
1.6973329 0.55505348 0.0
1.7225535 0.68375447 0.0
2.0059514 0.27440697 0.0
2.2469961 0.056320078 0.0
1.3877973 0.48231416 0.0
1.5024982 0.42486797 0.0
1.9684672 0.37813239 0.0
2.0641252 0.40644642 0.0
1.9417297 0.54868458 0.0
1.9188319 0.62964638 0.0
2.0133465 0.33388265 0.0
1.7451809 0.65367823 0.0
2.0434683 0.72843483 0.0
2.1005749 0.405882 0.0
1.652706 0.68447735 0.0
2.1261012 0.28392034 0.0
1.6936389 0.6596604 0.0
1.4207285 0.473329 0.0
1.5 1 0.0
1.3833729 0.4109559 0.0
1.9506689 0.39507087 0.0
1.9794447 0.3381661 0.0
2.0292244 0.40783971 0.0
1.9561228 0.57096382 0.0
1.9717637 0.5450705 0.0
2.0279382 0.5649339 0.0
2.0024575 0.54763069 0.0
2.0304121 0.51655358 0.0
1.9995065 0.5793893 0.0
1.9475086 0.61526435 0.0
1.9433129 0.74839674 0.0
2.0624159 0.28326972 0.0
1.7953918 0.68380787 0.0
2.0826899 0.42811474 0.0
2.0795349 0.33857398 0.0
1.6521932 0.58221191 0.0
1.4185459 0.42167431 0.0
2.0454573 0.37664636 0.0
2.0481589 0.44431778 0.0
2.0112565 0.64110321 0.0
1.9570443 0.67005836 0.0
2.0711716 0.65573727 0.0
1.4780174 0.50924137 0.0
3 1 0.0
2.1456502 0.35544812 0.0
1.6592736 0.62618642 0.0
1.7617397 0.68422947 0.0
2.0154807 0.24422654 0.0
2.0430148 0.76148362 0.0
1.8040627 0.66009405 0.0
1.9891418 0.18772686 0.0
1.6554103 0.75110171 0.0
1.5471478 0.57159145 0.0
1.9730076 0.29810058 0.0
1.3757586 0.51519646 0.0
1.3962598 0.44848947 0.0
1.4213792 0.34930633 0.0
2.0586974 0.30866245 0.0
2.0245083 0.4334408 0.0
1.9801674 0.62624751 0.0
2.0306405 0.60543708 0.0
1.9440243 0.64409747 0.0
1.9274593 0.66865058 0.0
1.9404357 0.70751979 0.0
1.744445 0.61955628 0.0
2.1740897 0.33665047 0.0
1.6345863 0.61971533 0.0
1.6034803 0.53871454 0.0
1.8284704 0.72140064 0.0
1.6857721 0.69173609 0.0
1.3191332 0.47582018 0.0
1.4294591 0.38586213 0.0
2.111564 0.35598186 0.0
2.0431562 0.34091697 0.0
1.984728 0.65666207 0.0
2.0276338 0.69942282 0.0
1.9872048 0.69708293 0.0
2.0117922 0.67241212 0.0
2.0048617 0.61452725 0.0
2.0953343 0.45369376 0.0
2.144178 0.32230853 0.0
2.1647457 0.40423166 0.0
1.9243495 0.764215 0.0
2.0364194 0.20007627 0.0
1.9948971 0.21943302 0.0
2.1358333 0.61876599 0.0
1.9977412 0.74433499 0.0
1.6060167 0.58421356 0.0
1.5194004 0.55228597 0.0
1.5554282 0.54005936 0.0
1.8186376 0.69670303 0.0
1.7948047 0.72049765 0.0
1.595374 0.71852379 0.0
1.6628009 0.71743466 0.0
2.1824593 0.28083182 0.0
2.1766535 0.37144151 0.0
1.75 1 0.0
2.1414889 0.51502301 0.0
2.0335063 0.22573503 0.0
2.0724431 0.21716091 0.0
1.9431975 0.21856024 0.0
2.0111601 0.20010558 0.0
2.085 0.1 0.0
2.1932591 0.54878874 0.0
2.0164259 0.72436711 0.0
1.4873499 0.61064298 0.0
1.5797152 0.5632905 0.0
1.7431302 0.75580177 0.0
1.6195722 0.69397716 0.0
1.7116712 0.73800238 0.0
1.6292447 0.72771306 0.0
2.1696943 0.30745461 0.0
2.1543543 0.28372781 0.0
2.2193755 0.31490391 0.0
2.139861 0.22999847 0.0
2.1933898 0.31881605 0.0
2.1652826 0.25196048 0.0
2.2119267 0.35368533 0.0
1.5749699 0.69325596 0.0
1.470371 0.56636767 0.0
2.1650768 0.62849835 0.0
1.9692377 0.20771523 0.0
1.9355565 0.16352791 0.0
1.9606907 0.17929992 0.0
1.9575 0.1 0.0
2.1315797 0.5447979 0.0
1.4957172 0.57725863 0.0
1.5717922 0.60024293 0.0
1.8108366 0.75080884 0.0
1.6823335 0.73936722 0.0
1.6959662 0.7164117 0.0
1.7356017 0.79116939 0.0
1.7242878 0.71231785 0.0
1.6798604 0.77044623 0.0
1.708748 0.76695314 0.0
1.662147 0.80507949 0.0
1.6996025 0.79457653 0.0
1.6258896 0.81917302 0.0
1.5902564 0.79656351 0.0
2.1377216 0.25816908 0.0
2.1067223 0.2416483 0.0
2.1944121 0.19254813 0.0
1.5694696 0.74601313 0.0
2.3191243 0.13759024 0.0
2.0856166 0.60261795 0.0
2.1008174 0.66940687 0.0
2.0236265 0.82533584 0.0
1.5244944 0.60221201 0.0
1.4484843 0.58316106 0.0
1.5668384 0.66181287 0.0
1.8756797 0.76969914 0.0
1.6001026 0.76811103 0.0
1.7785305 0.7485006 0.0
1.5563493 0.78095738 0.0
2.1067335 0.26722116 0.0
2.0815732 0.24061689 0.0
2.1106617 0.19989675 0.0
2.172051 0.21843179 0.0
2.1508992 0.17755775 0.0
1.5677068 0.81651367 0.0
2.1055795 0.6246487 0.0
2.1375693 0.57560148 0.0
2.1151382 0.59592722 0.0
1.597878 0.67023405 0.0
2.1259241 0.64854087 0.0
2.1083259 0.56586912 0.0
2.0876308 0.54303035 0.0
1.6285014 0.76202874 0.0
1.6070707 0.74242747 0.0
2.225091 0.24165278 0.0
1.5913712 0.63280249 0.0
1.8590475 0.73873469 0.0
2.2860786 0.26315374 0.0
1.5394509 0.62827185 0.0
2.1696555 0.1937615 0.0
2.1447409 0.20364356 0.0
2.1805181 0.16223034 0.0
2.1962667 0.2530721 0.0
2.2229489 0.27833418 0.0
2.2021607 0.22184301 0.0
2.2456626 0.19466446 0.0
2.2281131 0.21497854 0.0
2.2697401 0.2332029 0.0
2.5 1 0.0
2.0936313 0.64600987 0.0
2.0722854 0.62751643 0.0
2.043768 0.64052336 0.0
1.9617457 0.82479328 0.0
2.0775878 0.68080413 0.0
2.1618957 0.55488721 0.0
1.5110013 0.69302593 0.0
1.8543525 0.7113807 0.0
1.8893205 0.7194588 0.0
1.6510866 0.7790506 0.0
1.5405064 0.65830015 0.0
2.0425 0.1 0.0
2.2036494 0.29490778 0.0
2.2213482 0.16186137 0.0
2.2519953 0.2616272 0.0
2.3614058 0.34488479 0.0
2.185145 0.59075681 0.0
1.5430158 0.68474664 0.0
1.9142896 0.71096943 0.0
1.9113306 0.74323085 0.0
1.6196967 0.79025813 0.0
2.287101 0.11796234 0.0
2.3150195 0.281221 0.0
2.2546777 0.29989403 0.0
2.2736423 0.08285128 0.0
1.5514129 0.71746528 0.0
1.51628 0.64740088 0.0
1.8852311 0.74532047 0.0
1.9166885 0.78769129 0.0
2.3415999 0.29231036 0.0
1.9613286 0.78927057 0.0
1.8408714 0.76844693 0.0
1.7908156 0.80379023 0.0
1.7240931 0.86145569 0.0
1.5298655 0.75107846 0.0
2.3349693 0.21705153 0.0
2.2862512 0.29509014 0.0
2.0876091 0.80989413 0.0
1.9831143 0.85747508 0.0
2.0246289 0.79077051 0.0
1.7929218 0.77431258 0.0
1.8192981 0.79101121 0.0
1.7655648 0.78717202 0.0
1.8569676 0.80543126 0.0
1.7559362 0.8292953 0.0
1.8230743 0.83755871 0.0
2.3165737 0.24651833 0.0
2.3270577 0.3429625 0.0
2.2770611 0.37755068 0.0
2.4251291 0.22690098 0.0
2.3959051 0.21694322 0.0
1.9925731 0.8071381 0.0
2.0158559 0.76484821 0.0
1.9865413 0.77248021 0.0
1.9707917 0.74991185 0.0
1.7205196 0.82369915 0.0
2.3000231 0.21571064 0.0
2.3819094 0.26683076 0.0
2.2775195 0.34386107 0.0
2.3129366 0.31367148 0.0
2.3380786 0.31959995 0.0
2.1374873 0.68799163 0.0
2.0800935 0.74546481 0.0
2.0026804 0.89126692 0.0
2.2732073 0.20424604 0.0
2.277689 0.14697913 0.0
2.2679333 0.17502447 0.0
2.2490762 0.15274548 0.0
2.3107969 0.17421531 0.0
2.2199243 0.11080174 0.0
2.2566366 0.11638831 0.0
2.2282477 0.13611929 0.0
2.1954634 0.13287049 0.0
2.346576 0.26524823 0.0
2.2735831 0.3179892 0.0
2.2453941 0.33551353 0.0
2.3021707 0.33691112 0.0
2.3030856 0.38734964 0.0
2.2564765 0.35885398 0.0
2.54 0.1 0.0
2.2739218 0.42534624 0.0
1.9245891 0.82400674 0.0
2.3895295 0.18785205 0.0
2.1109158 0.71936082 0.0
1.9441102 0.855632 0.0
2.3181907 0.19828134 0.0
2.3623395 0.1757011 0.0
2.27 0 0.0
2.3122304 0.10066849 0.0
2.3656255 0.23516482 0.0
2.3622517 0.31049343 0.0
2.2499785 0.38386142 0.0
2.3624638 0.20551689 0.0
2.4481395 0.19025141 0.0
2.4185197 0.19674284 0.0
2.455 0.1 0.0
2.4456966 0.24992653 0.0
2.3942928 0.14069644 0.0
2.4136611 0.25784339 0.0
2.4260395 0.16023288 0.0
2.3422228 0.37981959 0.0
2.0535158 0.80890543 0.0
1.9976076 0.83414131 0.0
2.0211424 0.86083944 0.0
2.4447614 0.31491637 0.0
2.3922633 0.24282853 0.0
2.0714131 0.78006874 0.0
2.25 1 0.0
2.4026495 0.32869317 0.0
2.4367007 0.28229873 0.0
2.1189024 0.7735908 0.0
2.5056502 0.5194409 0.0
2.3786173 0.32810205 0.0
2.391335 0.29987261 0.0
2.3899318 0.35692261 0.0
2.4365033 0.3609242 0.0
2.5028716 0.28325088 0.0
2.0963839 0.78581899 0.0
2.3399808 0.65783359 0.0
2.0199357 0.91294184 0.0
2.4110385 0.28339472 0.0
2.4696612 0.2914581 0.0
2.1059417 0.82907648 0.0
2.2971227 0.55769899 0.0
2.5123832 0.55336407 0.0
2.3610647 0.69848848 0.0
2.4790948 0.25833485 0.0
2.5015855 0.34934298 0.0
2.1986582 0.79020476 0.0
2.5360728 0.53589017 0.0
2.0540639 0.84530417 0.0
2.125 1 0.0
2.0044433 0.95756012 0.0
1.9831641 0.94155033 0.0
1.9924738 0.91660141 0.0
1.9594204 0.89315404 0.0
2.4707207 0.2210634 0.0
2.477598 0.32482665 0.0
2.1516273 0.7410682 0.0
2.2339803 0.76720074 0.0
2.5384513 0.22549525 0.0
2.51067 0.31646119 0.0
2.4693559 0.35688417 0.0
2.142347 0.76445566 0.0
2.121463 0.74551059 0.0
2.1702527 0.7619939 0.0
2.200806 0.71604752 0.0
2.2025874 0.75036395 0.0
2.5921987 0.56383196 0.0
2.5130824 0.24970412 0.0
2.5687715 0.35020916 0.0
2.4505684 0.33970375 0.0
2.4606263 0.42149239 0.0
2.1791761 0.73437482 0.0
2.1588424 0.71072426 0.0
2.1360113 0.72132534 0.0
2.1784957 0.67086508 0.0
2.2670736 0.72981192 0.0
2.5050682 0.21590929 0.0
2.5352922 0.34095956 0.0
2.5699346 0.28388373 0.0
2.4565129 0.38804274 0.0
2.1397902 0.84192497 0.0
2.2321336 0.73162571 0.0
2.5384044 0.16273749 0.0
2.5344102 0.40936656 0.0
2.5599617 0.31688176 0.0
2.5364825 0.27515389 0.0
2.492887 0.38480938 0.0
2.4050565 0.41134833 0.0
2.5646644 0.54289425 0.0
2.245222 0.66601622 0.0
2.1237933 0.80944572 0.0
2.529392 0.19412312 0.0
2.5438279 0.37527879 0.0
2.6232095 0.31799088 0.0
2.560588 0.25124123 0.0
2.4261643 0.38949426 0.0
2.4327415 0.41696749 0.0
2.3984685 0.3838647 0.0
2.4380635 0.4723539 0.0
2.3686409 0.40554592 0.0
2.4122565 0.44688473 0.0
2.4426706 0.44396233 0.0
2.4944564 0.46693525 0.0
2.4655489 0.4622444 0.0
2.471066 0.51966218 0.0
2.4607728 0.49167728 0.0
2.4126047 0.52527957 0.0
2.4322793 0.50215756 0.0
2.3900797 0.48618144 0.0
2.1062705 0.85560832 0.0
2.2480447 0.70068958 0.0
2.1593489 0.7977879 0.0
2.4896232 0.17419371 0.0
2.5883947 0.19407904 0.0
2.6040604 0.41026451 0.0
2.5196482 0.38694332 0.0
2.504084 0.4132606 0.0
2.5235012 0.44444423 0.0
2.5914286 0.32639188 0.0
2.3703788 0.3773339 0.0
2.3295235 0.41928775 0.0
2.4121951 0.47275611 0.0
2.2170748 0.68575927 0.0
2.3126903 0.67797518 0.0
2.0451357 0.88746031 0.0
2.5150853 0.17302817 0.0
2.515044 0.14136838 0.0
2.4850604 0.19960008 0.0
2.5702107 0.22057778 0.0
2.558887 0.18560587 0.0
2.6675 0.1 0.0
2.625 0.1 0.0
2.5825 0.1 0.0
2.5713677 0.15382014 0.0
2.6325771 0.21534271 0.0
2.5693532 0.40067568 0.0
2.5518269 0.51102369 0.0
2.600202 0.29526744 0.0
2.6186814 0.36517495 0.0
2.1924774 0.69206059 0.0
2.2102331 0.64606941 0.0
2.2835152 0.69829076 0.0
2.5375268 0.5626564 0.0
2.6039152 0.2479964 0.0
2.5740038 0.45144917 0.0
2.5289272 0.48145101 0.0
2.5932355 0.38183906 0.0
2.5952263 0.35268997 0.0
2.280561 0.66294141 0.0
2.3246798 0.72630008 0.0
2.3539821 0.62723635 0.0
2.598357 0.22040386 0.0
2.6430877 0.27485481 0.0
2.5921109 0.27085051 0.0
2.5507317 0.43367762 0.0
2.5480479 0.46131537 0.0
2.571719 0.48451362 0.0
2.5812601 0.42518479 0.0
2.6124261 0.44792985 0.0
2.5689592 0.37533976 0.0
2.2575985 0.60364598 0.0
2.2956709 0.72467979 0.0
2.3089412 0.74758413 0.0
2.3462565 0.75871594 0.0
2.3019908 0.58909275 0.0
2.5155713 0.5834011 0.0
2.62534 0.29282443 0.0
2.6590306 0.3083499 0.0
2.6122779 0.53566546 0.0
2.2604683 0.63662855 0.0
2.32396 0.612041 0.0
2.5216089 0.61299729 0.0
2.6495048 0.3443237 0.0
2.7148714 0.2612292 0.0
2.585286 0.51541189 0.0
2.2318095 0.62250598 0.0
2.3092593 0.64345852 0.0
2.6558989 0.58800199 0.0
2.6807676 0.27746183 0.0
2.6099761 0.48614314 0.0
2.5601964 0.57696139 0.0
2.2016986 0.61659448 0.0
2.2236672 0.58429805 0.0
2.2880032 0.61761664 0.0
2.3737328 0.65447857 0.0
2.2530591 0.79728386 0.0
2.4622058 0.60970151 0.0
2.4923398 0.60355421 0.0
2.4889841 0.66403686 0.0
2.4687916 0.56505297 0.0
2.4827251 0.63335518 0.0
2.2735836 0.57742341 0.0
2.2478066 0.5227531 0.0
2.2678751 0.54670289 0.0
2.2466527 0.56653703 0.0
2.3034306 0.49652652 0.0
2.2922427 0.52628432 0.0
2.3494366 0.56566125 0.0
2.3385052 0.68439345 0.0
2.2698067 0.76557104 0.0
2.2259014 0.79341587 0.0
2.2321113 0.84708857 0.0
2.2360495 0.81943733 0.0
2.2867594 0.84076585 0.0
2.1990217 0.82826965 0.0
2.2586056 0.836756 0.0
2.2650432 0.89239722 0.0
2.2545229 0.86542139 0.0
2.2083908 0.89895183 0.0
2.2270568 0.87613292 0.0
2.1905927 0.86534898 0.0
2.0745372 0.87166368 0.0
2.6272205 0.5675579 0.0
2.6012107 0.63136482 0.0
2.40669 0.60980377 0.0
2.3294006 0.58484245 0.0
2.359183 0.59589709 0.0
2.3270414 0.53696498 0.0
2.284718 0.74644737 0.0
2.2957317 0.77041032 0.0
2.0625 1 0.0
2.1438835 0.89985004 0.0
2.6805081 0.52314418 0.0
2.5878427 0.598781 0.0
2.6234268 0.60321617 0.0
2.4345302 0.65443685 0.0
2.3831079 0.62690084 0.0
2.4097789 0.63887632 0.0
2.4344696 0.62155257 0.0
2.4041458 0.67530206 0.0
2.4343986 0.58300411 0.0
2.3930533 0.56829037 0.0
2.3217098 0.56122456 0.0
2.3692728 0.52709355 0.0
2.0546164 0.92203786 0.0
2.1323346 0.871559 0.0
2.1608808 0.862986 0.0
2.103487 0.89983787 0.0
2.1690802 0.83368441 0.0
2.6596925 0.55234373 0.0
2.5597586 0.62933707 0.0
2.6659453 0.65961493 0.0
2.4627858 0.65340202 0.0
2.4556243 0.7086304 0.0
2.4496048 0.67977134 0.0
2.4246638 0.70003096 0.0
2.378762 0.67975439 0.0
2.395922 0.70300197 0.0
2.415953 0.75627298 0.0
2.412928 0.7270089 0.0
2.4432482 0.73866312 0.0
2.3806714 0.74513163 0.0
2.3504391 0.54179188 0.0
2.3439603 0.51407475 0.0
2.0630016 0.9605696 0.0
2.0827516 0.91908276 0.0
2.1183341 0.93662803 0.0
2.6445854 0.51955502 0.0
2.725729 0.57740022 0.0
2.5619485 0.6031657 0.0
2.6372851 0.63699505 0.0
2.5066522 0.74722479 0.0
2.3826096 0.80042815 0.0
2.3546956 0.72970978 0.0
2.0325474 0.93551866 0.0
2.0692095 0.89700762 0.0
2.6198978 0.51049664 0.0
2.6424901 0.48709464 0.0
2.6894227 0.57353763 0.0
2.6721974 0.62222666 0.0
2.6085216 0.70290614 0.0
2.4760737 0.73462375 0.0
2.4631495 0.79946861 0.0
2.371832 0.77312369 0.0
2.3990357 0.7781651 0.0
2.338738 0.80196591 0.0
2.4319815 0.78614167 0.0
2.0087243 0.93408075 0.0
2.710951 0.54374406 0.0
2.7043069 0.60619492 0.0
2.6142542 0.6661761 0.0
2.4919908 0.70106089 0.0
2.4632461 0.76577747 0.0
2.423466 0.84916733 0.0
2.7349748 0.47544672 0.0
2.7698753 0.63260918 0.0
2.7045501 0.64685354 0.0
2.4740801 0.68388131 0.0
2.5399833 0.67852936 0.0
2.4961545 0.78271746 0.0
2.436437 0.81883177 0.0
2.7140006 0.50644286 0.0
2.7824591 0.53241834 0.0
2.7405573 0.61079782 0.0
2.5117735 0.68082025 0.0
2.5189336 0.64723395 0.0
2.5287904 0.71553239 0.0
2.5690212 0.78497047 0.0
2.4848083 0.85745546 0.0
2.4048595 0.82327064 0.0
2.7481913 0.54746486 0.0
2.7382535 0.64450431 0.0
2.5328835 0.77428202 0.0
2.455283 0.84483089 0.0
2.4946916 0.82072562 0.0
2.3648264 0.87166648 0.0
2.4113065 0.7995095 0.0
2.7833896 0.5838341 0.0
2.7767261 0.69880018 0.0
2.375 1 0.0
2.3698767 0.8350884 0.0
2.7671922 0.605606 0.0
2.7546953 0.57939781 0.0
2.8034132 0.61564186 0.0
2.7646148 0.66660367 0.0
2.4429956 0.87356768 0.0
2.392793 0.85689007 0.0
2.3290118 0.84808398 0.0
2.3610588 0.81218006 0.0
2.8022782 0.65502771 0.0
2.7197428 0.70185926 0.0
2.3562573 0.92532356 0.0
2.3525438 0.85133298 0.0
2.3373723 0.87437388 0.0
2.7231881 0.67130667 0.0
2.3033303 0.87072537 0.0
2.3535007 0.89737054 0.0
2.3116532 0.91560978 0.0
2.3987107 0.90194376 0.0
2.6909553 0.68314243 0.0
2.747751 0.6913235 0.0
2.7504121 0.7408939 0.0
2.7412469 0.71652929 0.0
2.7072902 0.74320885 0.0
2.3183575 0.89115274 0.0
2.2918229 0.89702639 0.0
2.2707019 0.93943671 0.0
2.6514342 0.70009707 0.0
2.690357 0.71555946 0.0
2.6506 0.75891751 0.0
2.6766934 0.74293724 0.0
2.5968535 0.81863861 0.0
2.6505242 0.7295003 0.0
2.6421546 0.78460217 0.0
2.6117277 0.74430893 0.0
2.6634252 0.8157459 0.0
2.5381299 0.89029148 0.0
2.615214 0.78231583 0.0
1.5828899 0.20139601 0.0
1.89375 0.1194456 0.0
1.9850828 0.14918907 0.0
1.9073371 0.15556572 0.0
1.9114664 0.19491931 0.0
1.8847532 0.17283115 0.0
1.9553198 0.13908922 0.0
1.85125 0.11801179 0.0
1.8077211 0.22875338 0.0
1.8387248 0.22482485 0.0
1.618952 0.25012212 0.0
1.524182 0.27632179 0.0
1.6081913 0.32710503 0.0
1.5877883 0.34822425 0.0
1.5657447 0.37965356 0.0
1.6686683 0.45957005 0.0
1.8804821 0.26115989 0.0
1.8578659 0.39215486 0.0
1.9165049 0.53551139 0.0
1.9882868 0.3620855 0.0
1.9501637 0.327369 0.0
1.9475208 0.30175729 0.0
1.9557206 0.26857177 0.0
1.9583488 0.24133996 0.0
1.9325515 0.25259287 0.0
2.0102311 0.49952162 0.0
1.3934762 0.37464447 0.0
1.4694007 0.35786312 0.0
1.9621296 0.69472537 0.0
1.9722694 0.72140686 0.0
1.350663 0.49088203 0.0
1.3168889 0.55084953 0.0
1.3205387 0.51341046 0.0
1.300174 0.39654627 0.0
1.3727144 0.4355945 0.0
1.3338446 0.42089967 0.0
1.8697373 0.66246551 0.0
1.6291583 0.5246223 0.0
1.4007466 0.56014257 0.0
2.0653226 0.4876534 0.0
1.4320395 0.49490194 0.0
1.9900176 0.31591751 0.0
1.6286655 0.57307374 0.0
2.2018208 0.37752346 0.0
2.0570673 0.58333219 0.0
2.0810556 0.56978405 0.0
2.0558008 0.55307882 0.0
2.0556799 0.60852288 0.0
2.0631403 0.52089064 0.0
2.098389 0.50651466 0.0
1.5479195 0.59585228 0.0
2.0965664 0.21962843 0.0
2.0161852 0.1653958 0.0
2.1791059 0.46508273 0.0
1.5961734 0.6077483 0.0
1.6165387 0.63801415 0.0
2.1275 0.1 0.0
2.0142428 0.13117576 0.0
2.0615449 0.14565586 0.0
2.0352201 0.14715016 0.0
2.0499089 0.17329395 0.0
2.0864897 0.17242642 0.0
2.0863201 0.1969457 0.0
2.0988043 0.1359446 0.0
2.1192542 0.16796592 0.0
2.2202657 0.18807647 0.0
2.1566405 0.59798565 0.0
1.5096507 0.62285478 0.0
1.4841789 0.64290225 0.0
1.4969873 0.66828666 0.0
1.456863 0.70735462 0.0
1.460384 0.67083223 0.0
1.4820518 0.69308596 0.0
1.4966027 0.729796 0.0
1.449328 0.62319106 0.0
1.3890439 0.6823855 0.0
1.4594593 0.64594339 0.0
1.4219913 0.65979707 0.0
1.4350073 0.68681668 0.0
1.4068079 0.73872328 0.0
1.4277191 0.71647046 0.0
1.4559091 0.7554505 0.0
1.3988257 0.71027068 0.0
1.43297 0.74235645 0.0
1.3486111 0.73970408 0.0
1.4194938 0.79260526 0.0
1.3775808 0.73157679 0.0
1.3829972 0.77276362 0.0
1.3530793 0.69993591 0.0
1.7398833 0.73138436 0.0
1.5658062 0.62600897 0.0
1.664472 0.86474607 0.0
1.8874407 0.79862374 0.0
1.8820983 0.84631755 0.0
1.8765657 0.8215517 0.0
1.8528976 0.83983992 0.0
1.9375 1 0.0
1.8355931 0.86998229 0.0
1.8652783 0.87079118 0.0
1.875 1 0.0
1.9083841 0.88239965 0.0
1.7848893 0.8709306 0.0
1.8108047 0.90058366 0.0
1.8100682 0.86120894 0.0
1.7868929 0.8386527 0.0
1.8494504 0.90654782 0.0
1.96875 1 0.0
1.9775441 0.97116654 0.0
1.9295351 0.94671488 0.0
1.9571021 0.95194606 0.0
1.9389122 0.97255107 0.0
1.9484738 0.92216411 0.0
1.90625 1 0.0
1.9149429 0.91587823 0.0
1.9081453 0.96909796 0.0
1.9323625 0.89508379 0.0
1.8831201 0.90473088 0.0
1.8887764 0.93958005 0.0
1.8767122 0.96860984 0.0
1.8125 1 0.0
1.8533199 0.94186672 0.0
1.84375 0.98255363 0.0
1.8063594 0.95229016 0.0
1.8189902 0.97491457 0.0
1.7844492 0.97936026 0.0
1.7450948 0.9251054 0.0
1.7720703 0.94693896 0.0
1.6733736 0.89859297 0.0
1.777758 0.9123308 0.0
1.8011566 0.92579854 0.0
1.749548 0.88834634 0.0
1.8294634 0.92660899 0.0
1.7082065 0.90198728 0.0
1.7536985 0.85892428 0.0
1.7256724 0.88545393 0.0
1.6993465 0.87513533 0.0
1.625 1 0.0
1.6987363 0.84480821 0.0
1.6875 1 0.0
1.6044403 0.89862822 0.0
1.71875 1 0.0
1.6389024 0.88956481 0.0
1.6886964 0.92177554 0.0
1.7160125 0.9383976 0.0
1.6483284 0.93180209 0.0
1.6122048 0.85810151 0.0
1.6270084 0.91438961 0.0
1.6101234 0.95682225 0.0
1.6004404 0.92839335 0.0
1.5457342 0.90589039 0.0
1.5625 1 0.0
1.5659856 0.95599226 0.0
1.5760403 0.90996303 0.0
1.5579055 0.93011447 0.0
1.5666707 0.86488938 0.0
1.518695 0.9565579 0.0
1.5825766 0.88509367 0.0
1.528961 0.92948783 0.0
1.25 1 0.0
1.5040555 0.89402487 0.0
1.4998183 0.93391748 0.0
1.375 1 0.0
1.6381159 0.86317361 0.0
1.6530016 0.8353384 0.0
1.6786623 0.82658256 0.0
1.4375 1 0.0
1.4831496 0.96700483 0.0
1.46875 1 0.0
1.4284485 0.91870525 0.0
1.4621372 0.93567688 0.0
1.8323296 0.81338094 0.0
2.2421199 0.087863878 0.0
2.17 0.05 0.0
2.2891146 0.04066539 0.0
2.3007608 0.15267419 0.0
2.3412774 0.1143494 0.0
2.37 0.05 0.0
2.3667973 0.12951051 0.0
2.3090478 0.067440406 0.0
2.3417961 0.079466585 0.0
2.32 0 0.0
2.37 0.075 0.0
2.3319266 0.055740923 0.0
2.3369732 0.16090777 0.0
2.0826029 0.71717909 0.0
2.1118124 0.69318189 0.0
1.9385318 0.8019563 0.0
2.4010969 0.16520211 0.0
2.4125 0.1 0.0
2.3195767 0.36758908 0.0
2.2955975 0.36095496 0.0
1.9629856 0.86981476 0.0
2.4467669 0.21493792 0.0
2.1509714 0.66261938 0.0
2.4597279 0.15857546 0.0
2.4414651 0.130571 0.0
2.4841437 0.14826134 0.0
2.4975 0.1 0.0
2.4689962 0.12447829 0.0
2.4952534 0.1253571 0.0
2.5454988 0.13152889 0.0
2.3010303 0.41596256 0.0
2.3107998 0.45598922 0.0
2.3250571 0.39607348 0.0
2.3624147 0.45036904 0.0
2.3833456 0.43043246 0.0
2.2017815 0.66796088 0.0
2.1843833 0.64569182 0.0
2.6342637 0.24572904 0.0
2.6794708 0.22797991 0.0
2.6631572 0.25287495 0.0
2.6791107 0.41335701 0.0
2.7287446 0.33431738 0.0
2.594707 0.46597897 0.0
2.2018389 0.57221599 0.0
2.2219871 0.55155232 0.0
2.2109414 0.51567574 0.0
2.4894688 0.49544459 0.0
2.527144 0.50648445 0.0
2.1819747 0.80939827 0.0
2.1760697 0.89455616 0.0
2.4579838 0.58626877 0.0
2.1650847 0.9282594 0.0
2.1972192 0.92909352 0.0
2.1875 1 0.0
2.140311 0.92463172 0.0
2.2351238 0.92600117 0.0
2.1472704 0.9635098 0.0
2.4382994 0.54855498 0.0
2.4179779 0.56369934 0.0
2.4615879 0.54193964 0.0
2.4884904 0.54023048 0.0
2.3856053 0.5937334 0.0
2.3915872 0.54167475 0.0
2.3903476 0.51206466 0.0
2.3238976 0.77710761 0.0
2.3020377 0.8070169 0.0
2.3228952 0.82270935 0.0
2.2795569 0.7920431 0.0
2.579058 0.65951454 0.0
2.5527391 0.65508624 0.0
2.68177 0.48374159 0.0
2.6643895 0.50290646 0.0
2.7519797 0.50954785 0.0
2.5048495 0.7223872 0.0
2.5683529 0.70730514 0.0
2.7314653 0.52664596 0.0
2.5365215 0.74451115 0.0
2.4695861 0.82394805 0.0
2.5394283 0.818589 0.0
2.7733856 0.55829885 0.0
2.8127976 0.55758556 0.0
2.6290481 0.68729739 0.0
2.6266564 0.80735396 0.0
2.6255933 0.72240973 0.0
2.6272419 0.76204918 0.0
2.6243285 0.83478422 0.0
2.5910673 0.76536741 0.0
2.5632718 0.75630617 0.0
1.5966303 0.17078691 0.0
1.545 0.1 0.0
1.5875 0.1 0.0
1.5972854 0.14628373 0.0
1.5660045 0.15770783 0.0
1.6117967 0.12183705 0.0
1.5726329 0.12731951 0.0
1.5372133 0.1355107 0.0
1.5093207 0.20145987 0.0
1.5025 0.1 0.0
1.5319212 0.1721455 0.0
1.52375 0.11394944 0.0
1.4934045 0.14788189 0.0
1.5578718 0.18595825 0.0
1.5477272 0.23038908 0.0
1.5180615 0.15144374 0.0
1.5052911 0.17498382 0.0
1.4568658 0.1958987 0.0
1.4752702 0.17199303 0.0
1.4175 0.1 0.0
1.4568393 0.13925575 0.0
1.4448649 0.16762217 0.0
1.3969952 0.20462362 0.0
1.4160745 0.17984118 0.0
1.3644889 0.15986234 0.0
1.375 0.1 0.0
1.3873378 0.17745307 0.0
1.3460689 0.20742311 0.0
1.3622871 0.18635698 0.0
1.3184372 0.16937413 0.0
1.5972797 0.22083917 0.0
1.97875 0.12041212 0.0
1.9378344 0.19264324 0.0
1.9140405 0.2245796 0.0
1.5618745 0.26906712 0.0
1.5984609 0.37891385 0.0
1.5284654 0.37557625 0.0
1.567582 0.40508238 0.0
1.4060291 0.39769851 0.0
1.4585716 0.3849036 0.0
1.4436683 0.36324656 0.0
1.4498453 0.32858103 0.0
1.4977674 0.31774819 0.0
1.3961281 0.28471242 0.0
1.4758853 0.33236162 0.0
1.4677901 0.29655015 0.0
1.5043604 0.35131031 0.0
1.41723 0.31369578 0.0
1.4964706 0.28778677 0.0
1.467907 0.2456189 0.0
1.4756936 0.27110254 0.0
1.4349697 0.27240566 0.0
1.5026033 0.2489488 0.0
1.5287204 0.32909632 0.0
1.4903036 0.37284894 0.0
1.3835388 0.33566837 0.0
1.4876232 0.22261028 0.0
1.529416 0.25000376 0.0
1.5368345 0.35238151 0.0
1.5206551 0.3032075 0.0
1.5542664 0.30693707 0.0
1.3911445 0.31051431 0.0
1.3394202 0.3086016 0.0
1.365922 0.29226047 0.0
1.3637609 0.31841635 0.0
1.3408164 0.36468311 0.0
1.3422844 0.33658843 0.0
1.3258302 0.25690087 0.0
1.2950888 0.34820812 0.0
1.3705573 0.24659636 0.0
1.3404942 0.28068279 0.0
1.3144756 0.32529442 0.0
1.2611288 0.29981717 0.0
1.3019012 0.28806751 0.0
1.2844589 0.31955624 0.0
1.2351886 0.35413338 0.0
1.2552864 0.33037929 0.0
1.1999831 0.30396762 0.0
1.2311006 0.30991627 0.0
1.2268747 0.24765929 0.0
1.2371573 0.27823324 0.0
1.2053002 0.27193134 0.0
1.2747829 0.2485629 0.0
1.1416086 0.27781979 0.0
1.263556 0.27301792 0.0
1.1698462 0.21869316 0.0
1.1742271 0.2832335 0.0
1.1945594 0.2406598 0.0
1.1476041 0.34266879 0.0
1.1627195 0.25159576 0.0
1.2240519 0.18259494 0.0
1.1531162 0.30945753 0.0
1.1022041 0.22448892 0.0
1.2169252 0.21549753 0.0
1.1793805 0.3308797 0.0
1.0870887 0.31556195 0.0
1.1366363 0.22872302 0.0
1.1917379 0.19281885 0.0
1.2598339 0.20756841 0.0
1.1852438 0.39540354 0.0
1.1193014 0.30384526 0.0
1.1158514 0.25562822 0.0
1.1274867 0.16100858 0.0
1.2409923 0.22567205 0.0
1.1735694 0.36393608 0.0
1.1134332 0.33785144 0.0
1.0929365 0.28149977 0.0
1.1231756 0.19606646 0.0
1.1884171 0.12614477 0.0
1.2032789 0.3521199 0.0
1.1220464 0.40035643 0.0
1.02512 0.28739008 0.0
1.0238395 0.43776872 0.0
1.1568872 0.18241795 0.0
1.1988268 0.15904604 0.0
1.2116388 0.32735876 0.0
1.2173253 0.38337182 0.0
1.1266249 0.36787957 0.0
1.1529861 0.38947183 0.0
1.0577968 0.37689621 0.0
1.0598012 0.29334416 0.0
1.0942366 0.17471385 0.0
1.1600305 0.14720945 0.0
1.2428022 0.12703515 0.0
1.258946 0.38872406 0.0
1.157969 0.45305151 0.0
1.0804913 0.35007292 0.0
1.0348759 0.33454626 0.0
1.051029 0.24045795 0.0
1.0725537 0.20370986 0.0
1.1913527 0.45994993 0.0
1.1285813 0.11831487 0.0
1.1754018 0.16632634 0.0
1.2154607 0.13568578 0.0
1.19 0 0.0
1.1470186 0.42192462 0.0
1.2235715 0.44881361 0.0
1.095427 0.38004251 0.0
1.0392525 0.30905354 0.0
1.0613127 0.32596289 0.0
1.00459 0.31622471 0.0
1.0546501 0.3512216 0.0
1.0235272 0.36806608 0.0
1.0682713 0.26476862 0.0
1.0412393 0.26567113 0.0
1.0786878 0.23911092 0.0
1.0319576 0.20460925 0.0
1.0237714 0.24438154 0.0
1.0003576 0.26664115 0.0
1.0868272 0.41890971 0.0
1.1036451 0.15035324 0.0
1.1592493 0.11649758 0.0
1.183088 0.093339796 0.0
1.2162007 0.090490938 0.0
1.1423035 0.090205302 0.0
1.1795304 0.42797658 0.0
1.0940048 0.4580645 0.0
0.92 0.1 0.0
1.0475 0.1 0.0
1.1253199 0.44704783 0.0
1.0630405 0.17399081 0.0
1.005 0.1 0.0
1.0775545 0.15222891 0.0
0.97155965 0.21290634 0.0
1.1958107 0.047356115 0.0
1.2286781 0.5157623 0.0
1.0328301 0.40287642 0.0
1.1303632 0.51139895 0.0
0.99334119 0.23581723 0.0
1.1979921 0.07271156 0.0
1.1647974 0.064426328 0.0
1.2310218 0.057098275 0.0
1.2173394 0.48295808 0.0
1.0614591 0.40540207 0.0
1.0590019 0.44059195 0.0
0.96186077 0.40319439 0.0
1.1192799 0.47989438 0.0
1.1671027 0.49307717 0.0
0.94076044 0.26399672 0.0
1.0014242 0.2063233 0.0
0.97395043 0.15271927 0.0
1.0147631 0.17112579 0.0
0.98065311 0.18312654 0.0
0.91937225 0.18069231 0.0
0.95033211 0.17386782 0.0
1.2411042 0.46965464 0.0
1.14 0 0.0
1.24 0 0.0
1.2541195 0.08733556 0.0
1.2678966 0.47454477 0.0
1.0360421 0.50616896 0.0
0.99730372 0.39372243 0.0
1.1917503 0.4856804 0.0
1.1902026 0.5252871 0.0
0.96317928 0.24268299 0.0
0.92398644 0.22390551 0.0
0.9267229 0.1404009 0.0
1.09 0.05 0.0
1.2206155 0.026206972 0.0
1.2612949 0.43487365 0.0
1.0389167 0.47036755 0.0
1.0798578 0.49999118 0.0
0.98785896 0.42942888 0.0
0.96711097 0.35179236 0.0
1.1278472 0.054887926 0.0
1.29 0.05 0.0
1.0672678 0.46782982 0.0
1.1058746 0.5023122 0.0
1.1008076 0.55350931 0.0
1.0905916 0.52664892 0.0
1.0475555 0.55839007 0.0
1.0735008 0.54852213 0.0
1.0782152 0.59995987 0.0
1.051648 0.53010803 0.0
1.0121134 0.53882438 0.0
0.99746962 0.469751 0.0
0.99408605 0.36420385 0.0
0.97130795 0.37819018 0.0
0.98974711 0.33811458 0.0
0.91948483 0.37289697 0.0
0.95571387 0.30736085 0.0
1.265 0 0.0
1.0562052 0.49070539 0.0
1.0179456 0.48669987 0.0
0.98216396 0.50908481 0.0
1.0130636 0.3458424 0.0
0.92571159 0.4650172 0.0
0.95203617 0.43892975 0.0
0.97514237 0.45376624 0.0
0.90718719 0.41999877 0.0
0.93563202 0.4152016 0.0
1.3474814 0.53493444 0.0
1.375404 0.54481277 0.0
1.3996292 0.53337723 0.0
1.3588701 0.60075845 0.0
1.3514403 0.56814671 0.0
1.3785258 0.57912815 0.0
1.4126179 0.59653325 0.0
1.3173613 0.59306304 0.0
1.3281419 0.44880271 0.0
1.2940806 0.45245599 0.0
2.0403573 0.4930316 0.0
2.0913597 0.4804224 0.0
2.1334715 0.47302473 0.0
2.1101717 0.52982871 0.0
2.1623984 0.43690556 0.0
2.195755 0.43616884 0.0
2.1547926 0.46045727 0.0
2.1615757 0.49101571 0.0
2.2342684 0.42664092 0.0
2.2243841 0.4719043 0.0
2.191687 0.49247885 0.0
2.1752043 0.52111592 0.0
2.2030794 0.45963668 0.0
2.1712072 0.12536286 0.0
2.1435925 0.14466673 0.0
2.1459218 0.11859525 0.0
2.06375 0.1179359 0.0
1.5229452 0.7189071 0.0
1.4637012 0.6028642 0.0
1.4939141 0.77063291 0.0
1.4101094 0.76638036 0.0
1.9138517 0.85247198 0.0
1.7589559 0.97587907 0.0
1.7405509 0.95362473 0.0
1.6836531 0.96081978 0.0
1.5962146 0.83061079 0.0
1.5734193 0.84083496 0.0
1.5242281 0.83955741 0.0
1.5876137 0.97984722 0.0
1.53125 1 0.0
1.3634448 0.85221488 0.0
1.4486907 0.96740645 0.0
1.40625 1 0.0
1.4621363 0.89375686 0.0
2.196636 0.097664406 0.0
2.2139026 0.067353108 0.0
2.18671 0.071936659 0.0
2.22 0 0.0
2.2211889 0.034060188 0.0
2.1968885 0.046185658 0.0
2.245 0.016178163 0.0
2.2716613 0.058194403 0.0
2.39125 0.11491404 0.0
2.4157879 0.12589208 0.0
2.3341429 0.48117115 0.0
2.3368345 0.45526587 0.0
2.361461 0.49093667 0.0
2.268605 0.46925721 0.0
2.353978 0.42635314 0.0
2.6897859 0.25246754 0.0
2.7121903 0.22861359 0.0
2.6970378 0.16596217 0.0
2.7756675 0.23981364 0.0
2.6963926 0.19927627 0.0
2.7424592 0.24254343 0.0
2.6622663 0.19849746 0.0
2.748149 0.19032829 0.0
2.7632876 0.29256773 0.0
2.6382879 0.19082197 0.0
2.7571354 0.21772511 0.0
2.8048365 0.18690654 0.0
2.7869426 0.21153553 0.0
2.8428108 0.23331106 0.0
2.8092643 0.23682256 0.0
2.7237672 0.20345754 0.0
2.742269 0.27197092 0.0
2.7328807 0.30257449 0.0
2.8234565 0.21040923 0.0
2.858922 0.16318451 0.0
2.8588922 0.20009168 0.0
2.8327274 0.29897681 0.0
2.7954909 0.27229526 0.0
2.6966226 0.31399099 0.0
2.8347622 0.18161861 0.0
2.8097252 0.12725047 0.0
2.8303017 0.15072375 0.0
2.8577623 0.10589671 0.0
2.854335 0.13462172 0.0
2.8862419 0.12386171 0.0
2.8291521 0.26482074 0.0
2.9141384 0.24733843 0.0
2.8759865 0.27718348 0.0
2.8803153 0.23096475 0.0
2.995 0.1 0.0
2.8502258 0.27987999 0.0
2.8666624 0.31250621 0.0
2.9027717 0.18167349 0.0
3.08 0.1 0.0
2.9333621 0.31122074 0.0
2.8239198 0.3703919 0.0
2.8769578 0.18165266 0.0
2.8871582 0.15365014 0.0
2.8998293 0.30236918 0.0
2.837695 0.33584014 0.0
2.9043848 0.27417798 0.0
2.9437044 0.27327493 0.0
2.9010496 0.36568899 0.0
2.8914263 0.33420279 0.0
2.9228601 0.34180916 0.0
2.8653036 0.35940059 0.0
2.9863858 0.34652252 0.0
2.8711964 0.43064537 0.0
2.9552415 0.33582967 0.0
2.8775991 0.39424969 0.0
2.9698736 0.30078975 0.0
2.9524062 0.3947901 0.0
2.8400548 0.40640596 0.0
2.9148218 0.41955886 0.0
2.9315812 0.37167465 0.0
2.9118161 0.39163188 0.0
2.9623863 0.36572164 0.0
3.0074368 0.3974364 0.0
2.9803058 0.38812145 0.0
2.9778359 0.4394841 0.0
2.9716117 0.41344408 0.0
2.9450531 0.43355609 0.0
2.8532917 0.38323228 0.0
2.8905137 0.41528261 0.0
2.8979182 0.44441927 0.0
2.8583164 0.48844046 0.0
2.8723406 0.46123311 0.0
2.9171618 0.50155461 0.0
2.8233171 0.45318175 0.0
2.88946 0.48727553 0.0
2.8495429 0.44677059 0.0
2.8761075 0.54719034 0.0
2.8749214 0.51548075 0.0
2.9541252 0.47699667 0.0
2.8412065 0.53261884 0.0
2.6411746 0.42178289 0.0
2.6535198 0.38346692 0.0
2.239434 0.89971733 0.0
2.2588479 0.9170026 0.0
2.2413883 0.96323651 0.0
2.1152229 0.96899186 0.0
2.09375 1 0.0
2.0914358 0.95037367 0.0
2.0844248 0.97556773 0.0
2.15625 1 0.0
2.03125 0.98181925 0.0
2.3452314 0.8292403 0.0
2.7084501 0.4800926 0.0
2.6904945 0.44816943 0.0
2.6645443 0.43738775 0.0
2.7435544 0.41155116 0.0
2.7116001 0.42200035 0.0
2.7065763 0.37550045 0.0
2.7361804 0.4430848 0.0
2.7001336 0.39971784 0.0
2.6803491 0.38148877 0.0
2.6863215 0.34721805 0.0
2.7810449 0.43694718 0.0
2.7144587 0.45570171 0.0
2.7106928 0.35115832 0.0
2.7446037 0.3694121 0.0
2.7613776 0.46022686 0.0
2.7935728 0.46747875 0.0
2.8223119 0.48917977 0.0
2.7720764 0.48782133 0.0
2.840688 0.50701558 0.0
2.8118741 0.52040608 0.0
2.7893633 0.50730385 0.0
2.5656434 0.68160393 0.0
2.5906288 0.7251172 0.0
2.5183557 0.84678776 0.0
2.6839765 0.78412283 0.0
2.5422679 0.84268402 0.0
2.566283 0.82763908 0.0
2.75 1 0.0
2.625 1 0.0
2.5095103 0.87705428 0.0
2.5976308 0.84876577 0.0
2.5758414 0.86958575 0.0
2.5311015 0.93541099 0.0
2.6391312 0.86730286 0.0
2.5787285 0.91133522 0.0
2.5625 1 0.0
2.4986666 0.93805617 0.0
2.4752262 0.89489903 0.0
2.6519482 0.84184006 0.0
2.7073992 0.85065822 0.0
2.6759185 0.86986298 0.0
2.6808309 0.83897256 0.0
2.7080991 0.81302131 0.0
2.5121141 0.90898187 0.0
2.7282463 0.92023524 0.0
2.6528426 0.93586401 0.0
2.7086925 0.88818238 0.0
2.6079529 0.88138045 0.0
2.6366824 0.90344421 0.0
2.5174859 0.96863734 0.0
2.6726481 0.90575409 0.0
2.6116245 0.93617226 0.0
2.5540094 0.96420115 0.0
2.53125 1 0.0
2.6875 1 0.0
2.6097483 0.90877906 0.0
2.5608989 0.93521048 0.0
2.5858679 0.95645816 0.0
2.6162357 0.96852127 0.0
2.59375 1 0.0
2.65625 1 0.0
2.6931951 0.9408381 0.0
2.5162416 0.80252287 0.0
2.5464295 0.79491794 0.0
2.8129942 0.58740395 0.0
2.8477163 0.5722652 0.0
2.8452988 0.6141091 0.0
1.48125 0.12076824 0.0
1.4174855 0.1393539 0.0
1.3908507 0.14925538 0.0
1.3676098 0.12955634 0.0
1.395365 0.12062453 0.0
1.3325 0.1 0.0
1.3367273 0.14168984 0.0
1.2991659 0.13675822 0.0
1.5668871 0.24530728 0.0
1.4405167 0.2992447 0.0
1.4288882 0.23128428 0.0
1.5746567 0.29133425 0.0
1.3689472 0.36014355 0.0
1.359384 0.39031248 0.0
1.3292566 0.39179009 0.0
1.3109229 0.37097892 0.0
1.2828123 0.37363549 0.0
1.2620368 0.35646982 0.0
1.2989507 0.26103281 0.0
1.3052896 0.21909292 0.0
1.2630654 0.16481737 0.0
1.1024042 0.12366405 0.0
1.0406365 0.1433276 0.0
1.0735872 0.1236863 0.0
1.0525326 0.21666073 0.0
1.1122698 0.42450232 0.0
1.2749483 0.52786346 0.0
1.1458409 0.47687408 0.0
1.0384532 0.180117 0.0
1.1646713 0.027489512 0.0
1.1364486 0.02800303 0.0
1.115 0 0.0
1.09 0.03125 0.0
1.11045 0.040625 0.0
1.2655673 0.11206196 0.0
1.2363943 0.1037455 0.0
1.2930062 0.49561844 0.0
1.1591655 0.52315772 0.0
1.1706273 0.58335193 0.0
1.1334498 0.5449925 0.0
1.1727954 0.55175074 0.0
1.1272821 0.58816585 0.0
1.2201963 0.56397316 0.0
1.19361 0.56905375 0.0
1.2093584 0.61998762 0.0
1.1948004 0.59658728 0.0
1.2250853 0.59397481 0.0
1.1574989 0.63602224 0.0
1.2648378 0.57209755 0.0
1.2667794 0.63694289 0.0
1.1709748 0.61140986 0.0
1.2402939 0.62093017 0.0
1.1426784 0.61191228 0.0
1.2523073 0.59638392 0.0
1.2230305 0.6793947 0.0
1.1041563 0.65220213 0.0
1.1083373 0.61731332 0.0
1.2849951 0.59787337 0.0
1.2239902 0.64789704 0.0
1.1288104 0.63746173 0.0
1.1458971 0.69139713 0.0
1.1296581 0.66686741 0.0
1.0910455 0.71006951 0.0
1.1036915 0.68251576 0.0
1.0448753 0.67220036 0.0
1.0761119 0.66693256 0.0
1.2942798 0.56984287 0.0
1.3065647 0.6317111 0.0
1.1870698 0.6625356 0.0
1.1584216 0.66546565 0.0
1.064784 0.69500757 0.0
1.0492199 0.7525698 0.0
1.0645556 0.72583108 0.0
1.1078282 0.76841673 0.0
1.0133131 0.71420871 0.0
1.0806036 0.75280237 0.0
1.0370143 0.6991552 0.0
1.0371514 0.72788088 0.0
1.0052028 0.6752542 0.0
1.0029514 0.75989283 0.0
1.054281 0.63272755 0.0
1.0644687 0.81247579 0.0
1.0821463 0.62795607 0.0
1.0647055 0.78052177 0.0
1.0251434 0.79620647 0.0
1.2058609 0.50606537 0.0
0.83935296 0.21108951 0.0
0.9625 0.1 0.0
1.2324926 0.41494314 0.0
1.2072269 0.42639848 0.0
1.2760782 0.41098667 0.0
1.1135757 0.081346925 0.0
1.2525 0.029518446 0.0
1.0089304 0.51207969 0.0
1.3829902 0.63823284 0.0
1.4241371 0.57264381 0.0
1.4356249 0.60345602 0.0
1.4193966 0.62934912 0.0
1.3279886 0.5718347 0.0
1.3049784 0.42535678 0.0
2.1226871 0.49684786 0.0
2.122011 0.44834964 0.0
2.2287835 0.40035229 0.0
2.2535549 0.40944919 0.0
2.2333312 0.49860196 0.0
2.10625 0.11246209 0.0
1.480426 0.74923791 0.0
1.5065046 0.75095489 0.0
1.5239389 0.78300827 0.0
1.4946601 0.8114333 0.0
1.7137939 0.96935821 0.0
1.65625 0.98328933 0.0
1.6310613 0.97375993 0.0
1.6574089 0.95675801 0.0
1.5324107 0.87355725 0.0
1.383647 0.81505502 0.0
1.390625 0.95205524 0.0
1.390625 0.97857368 0.0
1.3125 1 0.0
1.4181817 0.96531446 0.0
1.4134702 0.93984126 0.0
1.3787785 0.90242547 0.0
1.4383648 0.94431653 0.0
1.4829804 0.91195771 0.0
1.451577 0.91471709 0.0
1.4360547 0.8937574 0.0
1.4075067 0.89868702 0.0
1.4490945 0.84406855 0.0
1.3893924 0.87173748 0.0
2.3467608 0.025 0.0
2.293194 0.47372717 0.0
2.276653 0.49485162 0.0
2.2547254 0.44529929 0.0
2.6607294 0.16200653 0.0
2.6166948 0.15085883 0.0
2.5727612 0.12604699 0.0
2.6036048 0.12273507 0.0
2.6362647 0.16609991 0.0
2.6125601 0.1804836 0.0
2.6438357 0.13619394 0.0
2.7691113 0.26610473 0.0
2.7967007 0.30993106 0.0
2.7066639 0.28792724 0.0
2.8628457 0.25264062 0.0
2.909222 0.2143732 0.0
2.8851248 0.20586693 0.0
2.9678894 0.18581452 0.0
2.9506977 0.22503681 0.0
2.9347836 0.19234492 0.0
2.9258932 0.16566429 0.0
2.9188852 0.13260496 0.0
2.9243814 0.28839069 0.0
2.6286458 0.39659943 0.0
2.21875 1 0.0
2.2042082 0.96569348 0.0
2.038874 0.95886442 0.0
2.6604128 0.46530066 0.0
2.8006038 0.40245937 0.0
2.7284135 0.39009155 0.0
2.5500715 0.86734587 0.0
2.5926976 0.79373606 0.0
2.4666985 0.87276886 0.0
2.4385258 0.91533643 0.0
2.7207257 0.77796408 0.0
2.7795339 0.8669565 0.0
2.563294 0.891428 0.0
2.6379952 0.95606667 0.0
2.6698656 0.96393174 0.0
2.6989337 0.91391863 0.0
2.72963 0.96270663 0.0
2.8251282 0.63597693 0.0
2.8768744 0.66347052 0.0
2.8378537 0.6744691 0.0
2.8546091 0.64293332 0.0
2.9048676 0.61078395 0.0
2.8839572 0.63345382 0.0
2.9376012 0.66195577 0.0
2.907039 0.65474425 0.0
2.9085813 0.7165747 0.0
2.8996965 0.68586186 0.0
2.8626876 0.71320963 0.0
2.873757 0.68947411 0.0
2.83591 0.59257489 0.0
2.861861 0.59407417 0.0
1.43875 0.11804414 0.0
1.31125 0.11422308 0.0
1.4081968 0.2553548 0.0
1.430269 0.20362295 0.0
1.4542323 0.22256956 0.0
1.4441407 0.25003894 0.0
1.3581862 0.41526825 0.0
1.3304446 0.22991021 0.0
1.2799992 0.22343782 0.0
1.2877593 0.19283028 0.0
1.3209204 0.19662855 0.0
1.2488133 0.18523772 0.0
1.2355992 0.15623882 0.0
1.2910423 0.16355931 0.0
1.0057067 0.13675642 0.0
0.97937331 0.12393831 0.0
0.95361622 0.13398655 0.0
1.02625 0.11797644 0.0
0.94125 0.11259979 0.0
1.3008344 0.530387 0.0
1.2717937 0.13879427 0.0
1.14709 0.56896833 0.0
1.0997846 0.58173119 0.0
1.213764 0.53798996 0.0
1.2461198 0.54358247 0.0
1.2844699 0.71236245 0.0
1.2850063 0.62165977 0.0
1.3341 0.6185712 0.0
1.3373099 0.66071838 0.0
1.185896 0.63480881 0.0
1.1879079 0.70752974 0.0
0.94048121 0.58101192 0.0
0.93504487 0.71018248 0.0
1.0229132 0.64611014 0.0
0.96704581 0.63211364 0.0
1.0210382 0.59826212 0.0
0.99281029 0.64777029 0.0
0.96273102 0.67786891 0.0
0.99451361 0.61594008 0.0
1.0310926 0.62182887 0.0
1.0496002 0.60000474 0.0
0.96657504 0.59990286 0.0
0.93469041 0.6164777 0.0
0.97600128 0.5594155 0.0
0.9372919 0.65238888 0.0
0.87001922 0.58771264 0.0
0.93391639 0.68119812 0.0
0.80627286 0.62502423 0.0
0.89833981 0.66242733 0.0
0.90877302 0.6966912 0.0
0.5723145 0.57952655 0.0
0.62445093 0.51779354 0.0
0.79237166 0.68094474 0.0
0.48594778 0.56631108 0.0
0.51575056 0.57740598 0.0
0.54420862 0.57103154 0.0
0.92169071 0.74618053 0.0
0.90612952 0.59360867 0.0
0.91233656 0.63614688 0.0
0.89852369 0.52666372 0.0
0.88350732 0.61863159 0.0
0.89288317 0.5612091 0.0
0.84523196 0.61692735 0.0
0.83447995 0.53393993 0.0
0.92593418 0.54887244 0.0
0.86752822 0.539336 0.0
0.93722729 0.50691455 0.0
0.95032538 0.55719434 0.0
0.96538929 0.53257349 0.0
0.84642624 0.56467503 0.0
0.86056734 0.47806775 0.0
0.92226181 0.52538527 0.0
0.90895372 0.49930462 0.0
0.878345 0.5033034 0.0
0.84763673 0.50605664 0.0
0.7879373 0.49493304 0.0
0.82211198 0.47728309 0.0
0.81632731 0.50832891 0.0
0.78189901 0.57206661 0.0
0.7870174 0.53366416 0.0
0.81319266 0.55990322 0.0
0.82578136 0.59034298 0.0
0.58108109 0.54642077 0.0
0.56965281 0.52045895 0.0
0.88565312 0.68501075 0.0
0.65275905 0.54680892 0.0
0.90884743 0.72310233 0.0
0.60152528 0.576554 0.0
0.80206837 0.74344771 0.0
0.68731636 0.57231826 0.0
0.862873 0.74210059 0.0
0.47723718 0.53572631 0.0
0.90864298 0.78584571 0.0
0.63845996 0.66847602 0.0
0.77962997 0.71839671 0.0
0.83104884 0.68925595 0.0
0.43154095 0.59734704 0.0
0.75 1 0.0
0.84095608 0.78188845 0.0
0.87143141 0.77896287 0.0
0.62125986 0.63910102 0.0
0.743124 0.77367008 0.0
0.62149593 0.60506166 0.0
0.60946013 0.68428117 0.0
0.85878858 0.80745569 0.0
0.664018 0.6080116 0.0
0.55266633 0.54343257 0.0
0.8108087 0.77655546 0.0
0.86176733 0.83848486 0.0
0.59145938 0.62264913 0.0
0.89232438 0.7474104 0.0
0.49417667 0.59702896 0.0
0.83873214 0.71826226 0.0
0.67925089 0.53012961 0.0
0.83460988 0.75193797 0.0
0.60890359 0.54089538 0.0
0.59253185 0.65592229 0.0
0.54384949 0.64805963 0.0
0.80216414 0.80968835 0.0
0.67354294 0.64767159 0.0
0.44681834 0.56092244 0.0
0.80916341 0.71057379 0.0
0.88266258 0.71965174 0.0
0.72078449 0.5453958 0.0
0.86087347 0.69255606 0.0
0.63318262 0.49135167 0.0
0.6522033 0.51550863 0.0
0.69358182 0.47129019 0.0
0.67869514 0.49882932 0.0
0.55051805 0.59919938 0.0
0.65991586 0.47088472 0.0
0.72030198 0.50352734 0.0
0.60755723 0.43018815 0.0
0.6775213 0.40694971 0.0
0.62839612 0.45740721 0.0
0.67710847 0.4412275 0.0
0.56612107 0.48349829 0.0
0.64424031 0.42369027 0.0
0.7426182 0.4248751 0.0
0.59383479 0.46228069 0.0
0.71200918 0.44164783 0.0
0.59851812 0.49710607 0.0
0.53955583 0.42009151 0.0
0.71265748 0.40651494 0.0
0.74662552 0.46850415 0.0
0.82575584 0.65971982 0.0
0.86523574 0.66242001 0.0
0.52478669 0.52177816 0.0
0.52478575 0.54967766 0.0
0.5097147 0.49830015 0.0
0.53986026 0.49830116 0.0
0.59418088 0.52126094 0.0
0.5247888 0.45925441 0.0
0.5722316 0.43406333 0.0
0.69426109 0.33979365 0.0
0.71995878 0.46713867 0.0
0.73514867 0.44755973 0.0
0.76500212 0.44481771 0.0
0.79180323 0.39220234 0.0
0.77419081 0.47091831 0.0
0.77149821 0.41499304 0.0
0.75809958 0.49607097 0.0
0.80181382 0.44652592 0.0
0.74558594 0.38640673 0.0
0.54796219 0.4456268 0.0
0.58251173 0.36482614 0.0
0.69470377 0.37556837 0.0
0.84206684 0.44203744 0.0
0.58645733 0.40079375 0.0
0.63905799 0.36549491 0.0
0.72519029 0.35730103 0.0
0.5530556 0.38625766 0.0
0.66520134 0.37980938 0.0
0.64003789 0.39473607 0.0
0.66501673 0.34911574 0.0
0.61135901 0.38106012 0.0
0.62083306 0.30785077 0.0
0.63750989 0.33428127 0.0
0.66854539 0.30965317 0.0
0.74307937 0.28962347 0.0
0.77430239 0.34458494 0.0
0 0.5 0.0
0.61696838 0.40620532 0.0
0.61005407 0.3496316 0.0
0.72525382 0.32111475 0.0
0.75212407 0.36012626 0.0
0.52695402 0.31942442 0.0
0.51629686 0.39120099 0.0
0.57477921 0.31825024 0.0
0.6978477 0.31069308 0.0
0.6851777 0.25434868 0.0
0.68411889 0.28418351 0.0
0.64584057 0.27827417 0.0
0.71512664 0.27034774 0.0
0.75679798 0.31817953 0.0
0.54877502 0.34941585 0.0
0.50049669 0.42772912 0.0
0.51126369 0.35377423 0.0
0.58687312 0.34017224 0.0
0.71833835 0.29559599 0.0
0.73063231 0.20529187 0.0
0.80434144 0.27776588 0.0
0.5510143 0.32485269 0.0
0.54932568 0.27630081 0.0
0.49189154 0.40232575 0.0
0.45155353 0.15892072 0.0
0.60597103 0.17161822 0.0
0.7143425 0.23578507 0.0
0.77526642 0.2917338 0.0
0.46767435 0.21648498 0.0
0.43106487 0.31933344 0.0
1.29 0.025 0.0
0.66439417 0.18950441 0.0
0.74818942 0.2523074 0.0
0.80612886 0.31873111 0.0
0.46148805 0.1874586 0.0
0.52160734 0.169099 0.0
0.69544153 0.20609025 0.0
0.7782406 0.26068013 0.0
0.77459135 0.21566211 0.0
0.81118656 0.23882983 0.0
0.54028436 0.19626851 0.0
0.47208777 0.33197814 0.0
1.4668481 0.82072913 0.0
0.51492682 0.20494428 0.0
1.3695344 0.66256909 0.0
1.0281727 0.76941742 0.0
0.44186384 0.35716575 0.0
0.49391648 0.15120405 0.0
0.44779762 0.4314213 0.0
0.66542494 0.22492688 0.0
0.70789735 0.14542197 0.0
1.3970851 0.65879164 0.0
0.45610896 0.24620447 0.0
0.65682877 0.2520396 0.0
0.60135463 0.24422302 0.0
0.63176297 0.22917334 0.0
0.69267862 0.1739102 0.0
1.013811 0.8792605 0.0
3.0340168 0.23817791 0.0
0.48810024 0.28461998 0.0
0.41699532 0.27877713 0.0
0.62670202 0.25719285 0.0
0.59920575 0.27967621 0.0
2.1806459 0.94817065 0.0
1.3143526 0.80145406 0.0
0.72534086 0.17304961 0.0
0.45691367 0.12918228 0.0
0.44504635 0.29067188 0.0
0.53551046 0.11721308 0.0
0.40546732 0.24164926 0.0
1.3952426 0.79372616 0.0
0.47168756 0.30545672 0.0
0.49976343 0.31068918 0.0
0.51949524 0.28621768 0.0
0.37849354 0.13737547 0.0
0.46706351 0.26961029 0.0
0.53885346 0.22838886 0.0
0.59589857 0.3046029 0.0
0.57221127 0.29111148 0.0
0.57540976 0.26108228 0.0
0.5 0 0.0
0.81865989 0.14001886 0.0
1.4635046 0.79159596 0.0
1.4411626 0.77742006 0.0
1.29 0.075 0.0
0.57225159 0.2278291 0.0
0.74739195 0.13980647 0.0
0.75883235 0.18410847 0.0
2.6776718 0.1324836 0.0
2.7192455 0.13607152 0.0
0.49621742 0.33471303 0.0
0.48087132 0.36229583 0.0
0.5048991 0.26377704 0.0
0.55184178 0.25065042 0.0
0.60246535 0.20822192 0.0
0.78241849 0.19204084 0.0
0.80468072 0.1809223 0.0
2.7671553 0.33447649 0.0
1.5062622 0.86720685 0.0
0.41499073 0.14825934 0.0
0.53692417 0.14539756 0.0
2.1754212 0.9728954 0.0
0.75 0.05 0.0
0.835 0.1 0.0
0.80537709 0.21016329 0.0
1.3499396 0.96531446 0.0
2.6393151 0.4486162 0.0
0.88335148 0.20639146 0.0
1.2609015 0.058214349 0.0
1.43725 0.81663675 0.0
0.43228041 0.18219414 0.0
1.4125941 0.8435556 0.0
2.9820135 0.25420281 0.0
0.65222975 0.13399283 0.0
0.78017054 0.15969317 0.0
1.5229571 0.8112886 0.0
2.2175287 0.94418261 0.0
2.9525 0.1 0.0
0.57992118 0.12911318 0.0
2.8046762 0.3426979 0.0
2.8182724 0.4249941 0.0
2.4239942 0.89265782 0.0
0.67836979 0.14795714 0.0
0.625 0 0.0
0.69118307 0.12397173 0.0
0.71894323 0.10794159 0.0
0.43579491 0.21732621 0.0
0.55453583 0.16744734 0.0
0.63279652 0.19676804 0.0
1.4305359 0.86575369 0.0
2.7790514 0.37500994 0.0
2.93125 0.11172228 0.0
2.9598384 0.14119609 0.0
0.50151266 0.22814631 0.0
2.7724413 0.40927778 0.0
2.9396621 0.24806292 0.0
0.7037426 0.0625 0.0
0.40333883 0.20283119 0.0
0.49040886 0.19412097 0.0
0.57241124 0.19499252 0.0
0.64219202 0.16528103 0.0
1.4905426 0.8453672 0.0
2.4515814 0.89561002 0.0
2.4640899 0.91807213 0.0
2.4469126 0.95777604 0.0
2.7295242 0.75458828 0.0
2.7609638 0.77976558 0.0
2.7468986 0.88686563 0.0
2.7493848 0.83261403 0.0
2.7173693 0.94184784 0.0
2.9207589 0.93543768 0.0
2.71875 1 0.0
2.6999172 0.971584 0.0
2.8076336 0.68749815 0.0
2.8330465 0.70488059 0.0
2.8319993 0.76551499 0.0
2.8027144 0.72195789 0.0
2.8404797 0.73533522 0.0
2.774946 0.72695911 0.0
2.7950084 0.758762 0.0
2.8826596 0.75546408 0.0
2.8564599 0.75610698 0.0
2.862153 0.80741154 0.0
2.8701675 0.78055405 0.0
2.924213 0.79180794 0.0
2.8938454 0.80224433 0.0
2.9016806 0.77564336 0.0
2.9119533 0.74690605 0.0
2.9680522 0.72531629 0.0
2.9371696 0.72874958 0.0
2.9345136 0.69533412 0.0
2.9569058 0.76566506 0.0
2.9289118 0.85488008 0.0
2.9762778 0.68236546 0.0
2.8847602 0.84629561 0.0
2.9182857 0.82396061 0.0
2.9712363 0.81709924 0.0
2.9462022 0.83165223 0.0
2.9818089 0.87620658 0.0
2.9581589 0.85860189 0.0
2.9867992 0.84481472 0.0
2.9375 1 0.0
2.9402343 0.88268165 0.0
2.875 1 0.0
3.0318191 0.80130779 0.0
3.0035999 0.81715351 0.0
3.25 1 0.0
2.9874722 0.78486214 0.0
3.012147 0.8649368 0.0
3.5 1 0.0
2.9866875 0.75217835 0.0
3.0330458 0.83654255 0.0
3.0604237 0.78565613 0.0
3.0156749 0.71217355 0.0
3.0190398 0.76775295 0.0
3.0069736 0.89748 0.0
3.1170524 0.82479678 0.0
2.9941677 0.72709398 0.0
3.0189575 0.73986637 0.0
3.0700744 0.71976622 0.0
3.0539101 0.75370661 0.0
3.0418783 0.72310847 0.0
3.0496089 0.66772039 0.0
3.0530119 0.69642889 0.0
3.1060036 0.67559154 0.0
3.0822421 0.69296406 0.0
3.0967535 0.76040469 0.0
3.1272196 0.72954622 0.0
3.0999304 0.71715732 0.0
3.05691 0.81807298 0.0
2.9762737 0.92646015 0.0
3.0613594 0.84847406 0.0
3.0801646 0.87277194 0.0
3.0447884 0.88072518 0.0
3.092313 0.84394375 0.0
3.0888039 0.80513118 0.0
3.125 1 0.0
3.14116 0.8815019 0.0
3.0843107 0.78126284 0.0
3.1180741 0.7872639 0.0
3.0625 1 0.0
3.1118079 0.86913279 0.0
3.1261516 0.7589604 0.0
3.1827232 0.74628795 0.0
3.1615479 0.78436644 0.0
3.1527745 0.74520055 0.0
3.1698204 0.68868832 0.0
3.1687133 0.7191813 0.0
3.2273597 0.70604407 0.0
3.1997604 0.72030857 0.0
3.2407356 0.76575625 0.0
3.2142841 0.7484094 0.0
3.0695306 0.90812547 0.0
3.2049877 0.791426 0.0
3.1114016 0.91110792 0.0
3.0327183 0.93532141 0.0
3.0895452 0.92254567 0.0
3.1194815 0.95314931 0.0
3.0914752 0.89545013 0.0
3.0414424 0.90861778 0.0
3.0571178 0.92983595 0.0
3.0523177 0.96549262 0.0
3.015625 0.96728932 0.0
3.03125 1 0.0
3.0781982 0.9478381 0.0
3.09375 1 0.0
3.1875 1 0.0
3.1597652 0.9262347 0.0
3.0785397 0.97613558 0.0
3.109375 0.97809011 0.0
1.2883681 0.64722446 0.0
3.0030631 0.94001852 0.0
1.3938089 0.23192941 0.0
1.2914857 0.6709323 0.0
1.3206359 0.71642585 0.0
1.3094284 0.75834391 0.0
1.3047887 0.69449415 0.0
1.3247143 0.73997358 0.0
1.3369544 0.76570346 0.0
1.2990861 0.73419322 0.0
1.2582473 0.76597182 0.0
1.2694443 0.73823079 0.0
1.2237649 0.73592354 0.0
1.2480478 0.70850476 0.0
1.2195285 0.70770939 0.0
1.2685962 0.68836528 0.0
1.2496401 0.66444199 0.0
1.3546025 0.63820559 0.0
1.1985516 0.68482661 0.0
1.0190325 0.56817437 0.0
0.99338222 0.58499498 0.0
0.98539142 0.69970042 0.0
0.98628839 0.73209634 0.0
0.9485641 0.77360341 0.0
0.96263314 0.71654092 0.0
0.96008594 0.74617854 0.0
0.63787237 0.57434805 0.0
0.5 1 0.0
0.86373615 0.63200682 0.0
0.95500326 0.47949748 0.0
0.89287166 0.47020567 0.0
0.9060045 0.4468059 0.0
0.87404803 0.44425592 0.0
0.86157422 0.39244939 0.0
0.85964089 0.42031986 0.0
0.82430031 0.40969128 0.0
0.82678143 0.3661443 0.0
0.8153753 0.3873386 0.0
0.79838048 0.36452614 0.0
0.6416688 0.62222206 0.0
0.57644231 0.68506641 0.0
0.94105614 0.82033146 0.0
0.57012885 0.63999053 0.0
0.89373223 0.81975872 0.0
0.83115431 0.82576609 0.0
0.65407078 0.73162678 0.0
0.76863024 0.7508239 0.0
0.77653179 0.78530657 0.0
0.91751598 0.80998141 0.0
0.91711842 0.84283052 0.0
0.82565635 0.80150429 0.0
0.83942251 0.90859601 0.0
0.59434345 0.74321426 0.0
0.63797839 0.70209993 0.0
0.71540041 0.71705743 0.0
0.74289773 0.84633018 0.0
0.96297988 0.86764079 0.0
0.83517994 0.85927763 0.0
0.59359198 0.7116162 0.0
0.67243018 0.68577795 0.0
0.62268654 0.72958279 0.0
0.74735255 0.72552702 0.0
0.74919342 0.81001939 0.0
0.94416663 0.84762456 0.0
0.98372574 0.82929237 0.0
0.875 1 0.0
0.78829929 0.85807498 0.0
0.53794447 0.7287476 0.0
0.63448461 0.79039554 0.0
0.72435939 0.74776469 0.0
0.74327833 0.67639163 0.0
0.72825608 0.86544278 0.0
0.81150768 0.86771735 0.0
0.78740381 0.89298185 0.0
0.80901208 0.84097252 0.0
0.77070803 0.83245085 0.0
0.56335262 0.71233536 0.0
0.52934312 0.68755806 0.0
0.62060541 0.76153737 0.0
0.69171446 0.80093557 0.0
0.68880612 0.74147697 0.0
0.75860817 0.69985711 0.0
0.92342077 0.88597299 0.0
0.81507527 0.89525158 0.0
0.7597509 0.87480754 0.0
0.5725667 0.80240802 0.0
0.71176291 0.77663775 0.0
0.71764512 0.82325061 0.0
0.67769566 0.7144867 0.0
0.66275595 0.7671695 0.0
0.71454925 0.91750149 0.0
0.73921145 0.93618375 0.0
0.59122279 0.7756688 0.0
0.66216693 0.86149414 0.0
0.72583035 0.79854012 0.0
0.64318167 0.75312013 0.0
0.68821942 0.76693477 0.0
0.66298798 0.79627126 0.0
0.67241467 0.82900654 0.0
0.75759583 0.9082112 0.0
0.60525979 0.80534033 0.0
0.5510814 0.76753978 0.0
0.70428195 0.8632269 0.0
0.58336681 0.8657129 0.0
0.63512753 0.82770003 0.0
0.68371525 0.85043119 0.0
0.72773727 0.8895135 0.0
0.8125 1 0.0
0.79916078 0.91946005 0.0
0.7722462 0.93649399 0.0
0.87345661 0.88082658 0.0
0.58633381 0.832633 0.0
0.70118705 0.88959624 0.0
0.625 1 0.0
0.6875 1 0.0
0.65470528 0.92900545 0.0
0.70237397 0.95919316 0.0
0.68311765 0.91540043 0.0
0.63827184 0.85289866 0.0
0.6129066 0.85168937 0.0
0.52227994 0.84356089 0.0
0.67902748 0.94332895 0.0
0.64813786 0.9679694 0.0
0.65586934 0.89496611 0.0
0.62409949 0.88354157 0.0
0.55286253 0.8296309 0.0
0.67727014 0.88166415 0.0
0.75544783 0.96625895 0.0
0.80580254 0.95973464 0.0
0.54970525 0.86323551 0.0
0.52066692 0.79948334 0.0
0.78125 1 0.0
0.72675283 0.97893618 0.0
0.78032446 0.9606758 0.0
0.56181629 0.92860355 0.0
0.54643153 0.80423361 0.0
0.49851008 0.90564674 0.0
0.56433871 0.89433025 0.0
0.51854224 0.87772302 0.0
0.59516848 0.89419471 0.0
0.62068329 0.918875 0.0
0.53301731 0.90925455 0.0
0.45532811 0.85352119 0.0
0.63139039 0.94511115 0.0
0.59472562 0.94477133 0.0
0.5625 1 0.0
0.49011107 0.85732681 0.0
0.58675842 0.91941132 0.0
0.557505 0.96434633 0.0
0.53659107 0.93504204 0.0
0.5187793 0.96779353 0.0
0.50861105 0.93192535 0.0
0.4802528 0.92774508 0.0
0 0.8125 0.0
0.25 1 0.0
0.47729922 0.81356664 0.0
0 0.78125 0.0
0.45259449 0.895736 0.0
0.49798835 0.83126498 0.0
0.61281866 0.97076537 0.0
0.53125 1 0.0
0.47050122 0.87569964 0.0
0.59375 1 0.0
0.58451387 0.97313941 0.0
0.75558128 0.54901659 0.0
0.73468016 0.59943014 0.0
0.7405736 0.52423074 0.0
0.73577521 0.57034463 0.0
0.71206237 0.58401523 0.0
0.7028064 0.62189683 0.0
0.76556222 0.52024931 0.0
0.70484017 0.52464254 0.0
0.64491219 0.30284965 0.0
0.522387 0.43598324 0.0
0.53215965 0.37001594 0.0
0.87500592 0.29520421 0.0
0.78648941 0.23735455 0.0
0.89302959 0.1818631 0.0
0.7925 0.1 0.0
0.84347709 0.17134088 0.0
0.72590235 0.13036038 0.0
0.75 0.075 0.0
0.69120465 0.091957227 0.0
0.64545174 0.055086405 0.0
0.67354769 0.067044957 0.0
0.6558737 0.098285129 0.0
0.6875 0 0.0
0.6719798 0.03174443 0.0
0.61736829 0.11239546 0.0
0.65625 0 0.0
0.5625 0 0.0
0.70578859 0.028607708 0.0
0.6197264 0.14355734 0.0
0.640625 0.025538687 0.0
0.61683449 0.044593059 0.0
0.62064634 0.07846635 0.0
0.71875 0 0.0
0.72429957 0.046733067 0.0
0.58591199 0.092233411 0.0
0.734375 0.021840566 0.0
0.48367377 0.46581408 0.0
0.34676543 0.32585949 0.0
0.42984299 0.25443438 0.0
0.44877785 0.33473479 0.0
0.45734673 0.39030403 0.0
0.46828642 0.41451215 0.0
0.39750985 0.39807495 0.0
0.47666166 0.43995869 0.0
0.45513528 0.45967531 0.0
0.4615985 0.49903409 0.0
0.39763914 0.45952743 0.0
0.42640662 0.45205642 0.0
0.43345685 0.48344525 0.0
0.40500924 0.42878554 0.0
0.42619251 0.38467382 0.0
0.42935645 0.52404313 0.0
0.34275214 0.42771748 0.0
0.39218671 0.34928619 0.0
0.37402085 0.42008181 0.0
0.41586046 0.36056964 0.0
0.36527572 0.45211161 0.0
0.3469028 0.37687296 0.0
0.36810232 0.51410268 0.0
0.35327928 0.40298518 0.0
0.31081948 0.399519 0.0
0.37529461 0.48271476 0.0
0.30754016 0.48282469 0.0
0.40099346 0.50512143 0.0
0.33237761 0.45989179 0.0
0.39440596 0.54571431 0.0
0.34292753 0.49181609 0.0
0.29144251 0.44047362 0.0
0.31305628 0.55092039 0.0
0.31793772 0.4374759 0.0
0.31788116 0.51625828 0.0
0.34395207 0.53755416 0.0
0.24901563 0.51924235 0.0
0.35396847 0.6030975 0.0
0.28305681 0.50871342 0.0
0.34035933 0.57164023 0.0
0.27582306 0.54561981 0.0
0.2525352 0.47032761 0.0
0.36666464 0.55718049 0.0
0.39436726 0.58491251 0.0
0.28723401 0.61329593 0.0
0.27914739 0.48049472 0.0
0.30833039 0.5854967 0.0
0.3220735 0.61783058 0.0
0.27333031 0.58084018 0.0
0.36608929 0.67122782 0.0
0.23487898 0.56042036 0.0
0.29601469 0.6819367 0.0
0.35108846 0.63875322 0.0
0.25863384 0.56210163 0.0
0.24486142 0.58803565 0.0
0.23380591 0.73099468 0.0
0.21537688 0.5830819 0.0
0 0.75 0.0
0.18195496 0.53459728 0.0
0.21033312 0.61310226 0.0
0.20502833 0.55445379 0.0
0.20722716 0.64888695 0.0
0.21404733 0.52063971 0.0
0.21560111 0.68381641 0.0
0.14503898 0.60892109 0.0
0.24210888 0.67943431 0.0
0.30063175 0.64646407 0.0
0.38755939 0.6237549 0.0
0.23219249 0.53648247 0.0
0.1714103 0.46647864 0.0
0.23046783 0.49332378 0.0
0.18880146 0.59405081 0.0
0.3297856 0.66829548 0.0
0.2597636 0.65918152 0.0
0.37581333 0.64703412 0.0
0.42603609 0.65777219 0.0
0.39722814 0.66969226 0.0
0.40361689 0.64436137 0.0
0.42888296 0.62756822 0.0
0.4343413 0.71861484 0.0
0.46295098 0.61533707 0.0
0.4222046 0.68928337 0.0
0.38373719 0.71260834 0.0
0.18562152 0.49915423 0.0
0.21264951 0.45413901 0.0
0.28312251 0.66222188 0.0
0.26813811 0.68609341 0.0
0.27454555 0.63686538 0.0
0.25686419 0.7130493 0.0
0.28999544 0.73712332 0.0
0.2586351 0.6131 0.0
0.28576319 0.70874013 0.0
0.32658313 0.70899036 0.0
0.16694379 0.57537428 0.0
0.45824816 0.58713255 0.0
0.49936827 0.64166638 0.0
0.40950161 0.71171626 0.0
0.40877883 0.76248817 0.0
0.39747719 0.73693618 0.0
0.35444838 0.77124317 0.0
0.36439252 0.73957791 0.0
0.13568251 0.51189925 0.0
0.19643299 0.47502397 0.0
0.34629722 0.69006831 0.0
0.48695214 0.62048983 0.0
0.51722421 0.616969 0.0
0.4690962 0.6451872 0.0
0.48864909 0.68140288 0.0
0.38085225 0.76214097 0.0
0.39415408 0.81551808 0.0
0.37624861 0.79163421 0.0
0.33969969 0.83768823 0.0
0.3640176 0.81945736 0.0
0.38659065 0.87490135 0.0
0.33113315 0.80092733 0.0
0.36802847 0.85014151 0.0
0.375 1 0.0
0.34281867 0.86904102 0.0
0.32823071 0.74561573 0.0
0.15721986 0.49207848 0.0
0.1613212 0.5181467 0.0
0.069138002 0.70049495 0.0
0.13987316 0.46572997 0.0
0.35733737 0.71409487 0.0
0.45626009 0.69236866 0.0
0.28152831 0.85930665 0.0
0.31208427 0.72799233 0.0
0.12062185 0.48725741 0.0
0.18266964 0.62267399 0.0
0.081530654 0.48913575 0.0
0.10629615 0.51293635 0.0
0.16327196 0.64459695 0.0
0.080156062 0.55863164 0.0
0.46669379 0.66987042 0.0
0.48765278 0.73177579 0.0
0.31345089 0.85613099 0.0
0.1460165 0.53729347 0.0
0.23182191 0.70465875 0.0
0.18917756 0.72111404 0.0
0 0.25 0.0
0.4623469 0.71972742 0.0
0.45568622 0.76631711 0.0
0.30026453 0.88561315 0.0
0.29367391 0.81936251 0.0
0.097286549 0.68574649 0.0
0.16515757 0.5515652 0.0
0.13992919 0.56542944 0.0
0.11391649 0.54507501 0.0
0.23448505 0.63322568 0.0
0.18266294 0.67324446 0.0
0.12281181 0.64554984 0.0
0 0.375 0.0
0.1859086 0.43985134 0.0
0.24077937 0.90815465 0.0
0.21616417 0.41539287 0.0
0.21782821 0.84758846 0.0
0.072803513 0.52300175 0.0
0.056481292 0.72658669 0.0
0.19347649 0.69615091 0.0
0.15179102 0.70182393 0.0
0.11416176 0.57156072 0.0
0.15315382 0.67233219 0.0
0.033562323 0.69935338 0.0
0 0.625 0.0
0.12631478 0.68586933 0.0
0.10865745 0.74238194 0.0
0.11007024 0.71180855 0.0
0.071921985 0.6716294 0.0
0.083151163 0.72588397 0.0
0 0.875 0.0
0.066776713 0.75119929 0.0
0.03010824 0.74279865 0.0
0.26756393 0.88907794 0.0
0.19682541 0.89167245 0.0
0.041057909 0.49676355 0.0
0 0.5625 0.0
0.078874886 0.61318629 0.0
0.24814054 0.86180662 0.0
0.27105721 0.92232438 0.0
0.039493278 0.5484492 0.0
0.089159707 0.58613545 0.0
0.11190605 0.61026427 0.0
0.049673585 0.58660328 0.0
0.22056038 0.88118481 0.0
0.25008286 0.81824451 0.0
0.3045459 0.91899362 0.0
0.24952686 0.95817971 0.0
0.15518919 0.86959175 0.0
0.26334465 0.84066018 0.0
0.32989518 0.89877753 0.0
0.16699293 0.80303256 0.0
0.24774001 0.93271483 0.0
0.070830351 0.89284287 0.0
0.2071649 0.93094784 0.0
0.10784492 0.88886714 0.0
0.18939609 0.86680993 0.0
0.3125 1 0.0
0.29162134 0.95906462 0.0
0.35028899 0.95035064 0.0
0.18656371 0.83198138 0.0
0.3322099 0.92768098 0.0
0.36810677 0.91026178 0.0
0.32102062 0.95514832 0.0
0.34375 1 0.0
0.15148249 0.83460815 0.0
0.21158893 0.79397335 0.0
0.33916121 0.97414036 0.0
0.36735509 0.97283081 0.0
0.38495285 0.94175319 0.0
0.4375 1 0.0
0.40625 1 0.0
0.086687849 0.85916165 0.0
0.11332839 0.79626896 0.0
0.21149605 0.82115475 0.0
0.40853789 0.90888502 0.0
0.12230721 0.8553876 0.0
0.13899769 0.80887813 0.0
0.11449181 0.82633342 0.0
0.14389601 0.7664734 0.0
0.065665342 0.81316814 0.0
0.092129614 0.81214404 0.0
0.07772626 0.78239005 0.0
0.040243345 0.921875 0.0
0.050398281 0.7894333 0.0
0.032784784 0.81754047 0.0
0.09057441 0.76036239 0.0
0.11665213 0.76850557 0.0
0 0.9375 0.0
0.053378074 0.84658554 0.0
0 0.84375 0.0
0 0.90625 0.0
0.11168756 0.92513381 0.0
0.026770865 0.84362739 0.0
0.03631918 0.87888351 0.0
0.16851464 0.89476055 0.0
0.125 1 0.0
0.14145649 0.90364273 0.0
0.16683245 0.93529131 0.0
0.13900307 0.93160746 0.0
0.1875 1 0.0
0.11868617 0.9564689 0.0
0.0625 1 0.0
0.38831018 0.1710925 0.0
0.33535846 0.21559324 0.0
0.33966799 0.16696701 0.0
0.36767395 0.20029147 0.0
0.36478424 0.15965447 0.0
0.34274112 0.13073283 0.0
0.36640908 0.2393943 0.0
0.34389422 0.19184564 0.0
0.2943843 0.1874578 0.0
0.375 0 0.0
0.38416511 0.22039679 0.0
0.30271503 0.1455855 0.0
0.3727432 0.068789546 0.0
0.32622367 0.14757934 0.0
0.31396086 0.17043825 0.0
0.31658729 0.12161053 0.0
0.34160261 0.091944033 0.0
0.26397593 0.10716968 0.0
0.28838661 0.12129404 0.0
0.25436824 0.1577315 0.0
0.29820275 0.076172857 0.0
0.49403556 0.10890547 0.0
1.030376 0.83922058 0.0
0.90860557 0.20369489 0.0
1.5465245 0.80368772 0.0
1.4691719 0.86535447 0.0
1.386776 0.84082759 0.0
1.4099807 0.81725935 0.0
1.3468652 0.8191298 0.0
1.3024525 0.86208259 0.0
1.3401494 0.7927432 0.0
1.3179178 0.83363595 0.0
1.3334961 0.86053244 0.0
1.3556032 0.88205624 0.0
1.3402993 0.92283694 0.0
1.3195856 0.89357504 0.0
1.2648714 0.82322412 0.0
1.2799303 0.94360823 0.0
1.2930286 0.8201048 0.0
1.2757694 0.79295386 0.0
1.3070765 0.92439217 0.0
1.2398307 0.79711199 0.0
1.2847042 0.76797114 0.0
1.324861 0.94867334 0.0
1.34375 1 0.0
1.3248986 0.97583418 0.0
1.28125 1 0.0
1.2666507 0.8960658 0.0
1.2261448 0.76800204 0.0
1.2026043 0.85787368 0.0
1.2927854 0.88774861 0.0
1.2711362 0.86494081 0.0
1.281796 0.91746126 0.0
1.2443251 0.92792771 0.0
1.179206 0.7553568 0.0
1.265625 0.97215432 0.0
1.2291909 0.83237788 0.0
1.2353988 0.87567634 0.0
1.204892 0.7534512 0.0
1.1947667 0.79103628 0.0
1.0656984 0.91105929 0.0
1.2955536 0.96929498 0.0
1.2518312 0.84651116 0.0
1.2152934 0.80894705 0.0
1.1819746 0.82641456 0.0
2.7619738 0.10589917 0.0
2.7283637 0.16604117 0.0
2.7551169 0.14152964 0.0
2.7807468 0.12798694 0.0
2.81 0 0.0
2.7959611 0.15615087 0.0
2.8263418 0.099922271 0.0
2.794516 0.099286791 0.0
2.7758882 0.17860191 0.0
2.86 0 0.0
2.76 0 0.0
2.8472309 0.075673193 0.0
2.7727558 0.075578925 0.0
2.8111063 0.065675988 0.0
2.91 0.05 0.0
2.8813723 0.080723173 0.0
2.71 0.05 0.0
2.91 0.075 0.0
2.7385364 0.080487575 0.0
2.71 0.075 0.0
2.64625 0.1119394 0.0
2.6995264 0.12190512 0.0
2.9869232 0.21753615 0.0
3.0378399 0.16541355 0.0
3.0057113 0.23871396 0.0
3.0192827 0.20775112 0.0
3.0207961 0.28766678 0.0
3.0062159 0.2653591 0.0
3.066994 0.20342796 0.0
3.0439535 0.21458525 0.0
3.0702677 0.23955715 0.0
3.0509874 0.26922183 0.0
3.1374614 0.21525576 0.0
3.0710316 0.33596222 0.0
3.1006756 0.21858895 0.0
3.0522515 0.30522234 0.0
3.1225 0.1 0.0
3.1254186 0.28700369 0.0
3.0286472 0.34074975 0.0
3.1165253 0.18885537 0.0
3.090535 0.30294017 0.0
3.1040694 0.25604323 0.0
3.0487243 0.32848389 0.0
3.0518512 0.35616634 0.0
3.0260935 0.31400537 0.0
3.0248476 0.37163952 0.0
3.0999327 0.38260531 0.0
2.998339 0.30588546 0.0
3.0572547 0.41228561 0.0
3.0793614 0.36307632 0.0
3.0346751 0.39704619 0.0
3.1123614 0.33810175 0.0
3.0733911 0.38996443 0.0
3.0222911 0.43974244 0.0
3.0971575 0.42413876 0.0
3.0866574 0.17879925 0.0
3.1637593 0.17289937 0.0
3.1207654 0.23564949 0.0
3.1679659 0.25726053 0.0
3.0605909 0.17815193 0.0
3.0678659 0.13847257 0.0
3.165 0.1 0.0
3.1080184 0.16473809 0.0
3.1948275 0.21189182 0.0
3.1370315 0.1610143 0.0
3.1639642 0.13644262 0.0
3.1430067 0.18935665 0.0
3.1688912 0.20068385 0.0
3.1720312 0.22903111 0.0
3.2041861 0.24806916 0.0
3.1187085 0.13314063 0.0
3.14375 0.11763205 0.0
3.2075 0.1 0.0
3.0939766 0.14238039 0.0
3.10125 0.11435604 0.0
3.2164908 0.1549668 0.0
3.18625 0.11884 0.0
3.1870195 0.15480115 0.0
3.2016034 0.18188585 0.0
3.2603311 0.19678861 0.0
3.2273797 0.20347461 0.0
3.2388424 0.1754254 0.0
3.2518204 0.13880726 0.0
3.2697902 0.16578489 0.0
3.2529838 0.24512011 0.0
3.3536315 0.17592192 0.0
3.2478075 0.21960899 0.0
3.285226 0.22529731 0.0
3.4375 0 0.0
3.296033 0.19073627 0.0
3.3053403 0.15467103 0.0
3.3212833 0.2176021 0.0
3.25 0.05 0.0
3.625 0 0.0
3.3564725 0.22860556 0.0
3.317915 0.29014335 0.0
3.3452288 0.20279346 0.0
3.3243671 0.18152059 0.0
3.3854598 0.20062398 0.0
3.3100799 0.25343071 0.0
2.9687785 0.27562917 0.0
2.97375 0.11746632 0.0
3.0083981 0.13796033 0.0
2.951709 0.16569854 0.0
2.783013 0.35183486 0.0
2.4375 1 0.0
2.7271489 0.86876192 0.0
2.7243142 0.83214781 0.0
2.7373652 0.80464676 0.0
2.9006093 0.88261298 0.0
2.7671904 0.92010572 0.0
2.8161646 0.74398284 0.0
2.8043899 0.81206171 0.0
2.7700664 0.75642672 0.0
2.9303753 0.76600085 0.0
2.9592848 0.70137416 0.0
2.953113 0.79443527 0.0
2.9958225 0.59847703 0.0
2.9641757 0.899696 0.0
3.0773639 0.74405729 0.0
3.1412012 0.80667381 0.0
3.1780715 0.8198706 0.0
3.1491873 0.84246577 0.0
3.1958946 0.87241395 0.0
3.1250949 0.84822632 0.0
3.1777841 0.84926263 0.0
3.2198986 0.8349771 0.0
3.1682635 0.87536949 0.0
3.1853386 0.90436484 0.0
3.1595453 0.90009062 0.0
3.2514869 0.90849979 0.0
3.2037581 0.95179055 0.0
3.2189554 0.89775199 0.0
3.1862392 0.93130488 0.0
3.166372 0.96602865 0.0
3.2278527 0.86649115 0.0
3.2266491 0.92907192 0.0
3.2839138 0.83558065 0.0
3.299616 0.92039597 0.0
3.251827 0.84367928 0.0
3.2358774 0.96126184 0.0
3.2520891 0.93450691 0.0
3.375 1 0.0
3.2452562 0.80486367 0.0
3.2771064 0.87622307 0.0
3.21875 1 0.0
3.203125 0.9784232 0.0
3.1857089 0.77287528 0.0
3.1323933 0.92887069 0.0
2.9376327 0.91169403 0.0
1.3123028 0.65642643 0.0
1.3301556 0.68637432 0.0
0.97863294 0.48506602 0.0
0.79859592 0.41928049 0.0
0.79721855 0.59710363 0.0
0.76684645 0.62238134 0.0
0.82871676 0.63523911 0.0
0.69596065 0.54880038 0.0
0.92543452 0.76939063 0.0
0.79779265 0.65260424 0.0
0.76938395 0.66185892 0.0
0.74222412 0.64378433 0.0
0.70875849 0.66118698 0.0
0.66294443 0.58186032 0.0
0.6488156 0.64595615 0.0
0.96747374 0.80060888 0.0
0.97745841 0.77349432 0.0
0.99610622 0.79575685 0.0
1.0100908 0.81997265 0.0
0.99182259 0.85845842 0.0
0.55221735 0.6735459 0.0
0.56500442 0.74166861 0.0
0.97098296 0.93675914 0.0
0.84696972 0.88310509 0.0
0.88840194 0.85391623 0.0
0.89905289 0.87743681 0.0
0.89497437 0.92812866 0.0
0.6767763 0.97297706 0.0
0.65625 1 0.0
0.82518105 0.93585394 0.0
0.86063525 0.93702837 0.0
0.84375 1 0.0
0.86826608 0.90920583 0.0
0.88604092 0.96435718 0.0
0.89309763 0.90246767 0.0
0.91874189 0.91349128 0.0
0.95370201 0.90527856 0.0
0.94935315 0.96579144 0.0
0.9897002 0.9060011 0.0
0.94118706 0.93052052 0.0
1.0425181 0.93341988 0.0
1.0117784 0.94051042 0.0
1.0212017 0.91016445 0.0
1.0747463 0.88102361 0.0
1.0440407 0.88836682 0.0
1.0533234 0.85931305 0.0
1.0910218 0.84353897 0.0
1.125 1 0.0
1.0625 1 0.0
1.1875 1 0.0
1.1050829 0.90654276 0.0
1.1229612 0.87116055 0.0
1.03125 1 0.0
1.087016 0.95635377 0.0
1.0686629 0.93732781 0.0
0.67974118 0.62520922 0.0
0.6881416 0.60174263 0.0
0.83711399 0.29685753 0.0
0.85425243 0.2543875 0.0
0.89782432 0.25840633 0.0
0.8707392 0.34416508 0.0
0.8775 0.1 0.0
0.89701737 0.15579772 0.0
0.77125 0.12138093 0.0
0.79693639 0.12565962 0.0
0.82744612 0.18976584 0.0
0.82099848 0.16365858 0.0
0.85968331 0.19311062 0.0
0.56197411 0.10727137 0.0
0.52980212 0.061825776 0.0
0.55869596 0.0754816 0.0
0.5344761 0.089331873 0.0
0.50508722 0.080175625 0.0
0.45212259 0.076292013 0.0
0.49485526 0.040575646 0.0
0.47801691 0.086252918 0.0
0.59684542 0.069117532 0.0
0.50244666 0.45134846 0.0
0.48553963 0.49099868 0.0
0.4274915 0.41243979 0.0
0.45483098 0.5235973 0.0
0.39280924 0.30988624 0.0
0.30581595 0.35147668 0.0
0.40877539 0.48162853 0.0
0.42147371 0.55034915 0.0
0.36900804 0.58254221 0.0
0.40756416 0.60724332 0.0
0.51922772 0.66142999 0.0
0.54177392 0.62289116 0.0
0.42358783 0.87266176 0.0
0.42868845 0.89601904 0.0
0.44108847 0.93363209 0.0
0.40346058 0.84687671 0.0
0.43313356 0.82101018 0.0
0.42981767 0.84710524 0.0
0.30170122 0.7747398 0.0
0.32801323 0.77206268 0.0
0.50559982 0.70693445 0.0
0.51448759 0.75831174 0.0
0.31881668 0.82317608 0.0
0.24269904 0.43733232 0.0
0.26038439 0.38892645 0.0
0.26647101 0.44820947 0.0
0.26576938 0.41832754 0.0
0.24151603 0.40757599 0.0
0.28444894 0.39971257 0.0
0.21542057 0.36230471 0.0
0.28318215 0.37030101 0.0
0.25076631 0.35388871 0.0
0.21705996 0.2907588 0.0
0.22562889 0.32674688 0.0
0.15278278 0.32507771 0.0
0.27934419 0.29494281 0.0
0.18942488 0.31635305 0.0
0.25869635 0.32133287 0.0
0.2787257 0.34192344 0.0
0.30213178 0.3187372 0.0
0.20242272 0.33932888 0.0
0.16514991 0.37557927 0.0
0.24826598 0.29189948 0.0
0.2348361 0.23187789 0.0
0.23367469 0.26365103 0.0
0.3263984 0.27268846 0.0
0.32274172 0.33299499 0.0
0.32731004 0.30436645 0.0
0.36123222 0.29321226 0.0
0.17372373 0.24555184 0.0
0.27704319 0.24932849 0.0
0.26582839 0.27275942 0.0
0.30539188 0.2891451 0.0
0.38783752 0.28106453 0.0
0.20607428 0.24673435 0.0
0.18886571 0.27441139 0.0
0.19215184 0.18451138 0.0
0.14311724 0.28001251 0.0
0.20727829 0.21379589 0.0
0.16493296 0.26856627 0.0
0.17100476 0.29562407 0.0
0.1388832 0.24543 0.0
0.17412591 0.2123713 0.0
0.22884864 0.18410515 0.0
0.075116356 0.2707876 0.0
0.13006235 0.16409977 0.0
0.21001359 0.14034659 0.0
0.26139726 0.19006634 0.0
0.11032734 0.26647662 0.0
0.15842857 0.18245328 0.0
0.22856292 0.15829525 0.0
0.23972551 0.12819971 0.0
0.28010974 0.21682245 0.0
0.24151617 0.20677908 0.0
0.11138986 0.31038649 0.0
0 0.125 0.0
0.13993316 0.21123446 0.0
0.16620812 0.13933221 0.0
0.03008765 0.34861366 0.0
0.26535341 0.13388869 0.0
0.30764169 0.21205425 0.0
0.31788934 0.24210245 0.0
0.25978494 0.23130272 0.0
0.095192363 0.28881064 0.0
0 0.34375 0.0
0 0.3125 0.0
0.099178915 0.44871002 0.0
0.082895993 0.32838635 0.0
0.069168861 0.29760549 0.0
0.1205498 0.28819705 0.0
0.10784693 0.23321575 0.0
0.17651254 0.16345354 0.0
0.2318231 0.094590193 0.0
0.34275827 0.25166051 0.0
0.11914019 0.3542082 0.0
0.051764186 0.3700391 0.0
0.076661365 0.23909105 0.0
0.20375432 0.10928726 0.0
0.11146468 0.40194602 0.0
0.10630045 0.33388283 0.0
0.087881082 0.3597367 0.0
0.060196139 0.34388072 0.0
0.033351758 0.27559377 0.0
0.040392381 0.31603327 0.0
0.125 0 0.0
0.083013636 0.18710552 0.0
0.26042815 0.068857103 0.0
0.24635922 0.035769586 0.0
0.10700733 0.37674338 0.0
0.13611303 0.37788005 0.0
0.076752436 0.39508976 0.0
0.148738 0.35283327 0.0
0.15364669 0.41478297 0.0
0.17466419 0.34243895 0.0
0.088100845 0.21410801 0.0
0.052394369 0.18810715 0.0
0.11306089 0.19542514 0.0
0.20475318 0.077043175 0.0
0.089627502 0.42120484 0.0
0 0.4375 0.0
0.15619479 0.44280719 0.0
0.12620097 0.43140642 0.0
0.18911878 0.36452462 0.0
0.20442979 0.38900794 0.0
0.15893558 0.09176134 0.0
0.1875 0 0.0
0.044432463 0.42725524 0.0
0.17811261 0.072785286 0.0
0.13504591 0.048440548 0.0
0.47986005 0.96667832 0.0
0.14274787 0.63258914 0.0
0.024038863 0.79248742 0.0
0 0.53125 0.0
0.027425416 0.52221737 0.0
0.057162958 0.56416976 0.0
0.040477271 0.62603562 0.0
0.025815914 0.5725338 0.0
0 0.59375 0.0
0.27082729 0.94657824 0.0
0.28125 1 0.0
0.36295277 0.88505641 0.0
0.39836188 0.96986728 0.0
0.41409362 0.94510925 0.0
0.43925894 0.96681414 0.0
0.38793211 0.8981138 0.0
0.14073437 0.7332805 0.0
0.16410903 0.72382501 0.0
0.18045154 0.7576846 0.0
0.044484593 0.76427499 0.0
0.019518678 0.765625 0.0
0.21590162 0.90764918 0.0
0.149303 0.96075688 0.0
0.18359134 0.96559351 0.0
0.21848943 0.97905427 0.0
0.024962351 0.90159497 0.0
0.18512817 0.91575048 0.0
0.069049215 0.92159499 0.0
0.091566488 0.90892884 0.0
0.055017261 0.95989893 0.0
0.40943708 0.1002471 0.0
0.37415437 0.10320525 0.0
0.28141944 0.16311349 0.0
0.31573926 0.095515525 0.0
0.3252887 0.06923694 0.0
0.3125 0 0.0
0.30275622 0.037599331 0.0
0.51135894 0.1301037 0.0
0.48146978 0.13001955 0.0
1.0398839 0.81623864 0.0
1.3668929 0.79416175 0.0
1.3692454 0.93092974 0.0
1.2407275 0.90165416 0.0
1.192472 0.92164476 0.0
1.2095049 0.89452327 0.0
1.219048 0.91942587 0.0
1.1654448 0.88576175 0.0
1.1486459 0.78991774 0.0
2.7348634 0.11284786 0.0
2.8811291 0.051797412 0.0
2.8939522 0.025 0.0
2.7386748 0.051759207 0.0
2.7259251 0.025 0.0
3.1014518 0.28068928 0.0
3.0747562 0.28139527 0.0
2.9987634 0.36957539 0.0
3.00567 0.33011838 0.0
3.0922559 0.32622707 0.0
3.1136641 0.31293802 0.0
3.1609527 0.32800161 0.0
3.1407729 0.30959389 0.0
3.1547131 0.28360579 0.0
3.137137 0.26005396 0.0
3.1948646 0.28729775 0.0
3.0515813 0.38010121 0.0
3.0652511 0.45845803 0.0
3.2243558 0.12546164 0.0
3.2784638 0.1181111 0.0
3.4242744 0.26983912 0.0
3.2859009 0.075 0.0
3.3460774 0.26494067 0.0
3.2771093 0.27965954 0.0
2.9910485 0.28343978 0.0
3.0375 0.1 0.0
3.0381548 0.13556197 0.0
3.0023746 0.17393391 0.0
2.978578 0.16085027 0.0
2.4716433 0.9449077 0.0
2.47355 0.97877022 0.0
2.4929674 0.96264458 0.0
2.40625 1 0.0
2.7530633 0.85978982 0.0
2.7733542 0.89352925 0.0
2.8270684 0.89201612 0.0
2.8000127 0.88572403 0.0
2.81427 0.84961002 0.0
2.8054284 0.92375179 0.0
2.7477871 0.94085685 0.0
2.7606194 0.9699897 0.0
2.7890995 0.78727754 0.0
2.8162509 0.78763545 0.0
2.7737241 0.813872 0.0
2.8333767 0.81104433 0.0
2.7749208 0.84060121 0.0
2.8515946 0.83956414 0.0
2.8614394 0.87612766 0.0
2.9750419 0.6378565 0.0
3.1818685 0.79650635 0.0
3.2029475 0.81645266 0.0
3.15625 1 0.0
3.348822 0.96915702 0.0
3.2288597 0.78694403 0.0
3.2973152 0.77903097 0.0
3.2504941 0.88140571 0.0
2.9766019 0.96873619 0.0
2.905202 0.85899169 0.0
0.76296136 0.59381005 0.0
0.72774123 0.623429 0.0
0.7173379 0.68849708 0.0
0.83876729 0.9666817 0.0
0.9375 1 0.0
0.98402759 0.96905125 0.0
0.90625 1 0.0
1.0093326 0.97558753 0.0
0.96875 1 0.0
0.91793694 0.95448429 0.0
0.921875 0.97975372 0.0
1.0664232 0.83768556 0.0
1.1026678 0.80670333 0.0
1.0973098 0.86854482 0.0
1.2458607 0.95443054 0.0
1.208651 0.95516103 0.0
1.0561751 0.96773893 0.0
1.0307082 0.95945415 0.0
0.83644219 0.23630371 0.0
0.86326185 0.2266247 0.0
0.82771878 0.26270746 0.0
0.85533951 0.27951924 0.0
0.92091417 0.24874563 0.0
0.91495636 0.29450372 0.0
0.89700324 0.23061387 0.0
0.8542021 0.3660381 0.0
0.84038452 0.33840337 0.0
0.88455678 0.3717998 0.0
0.85987671 0.31855211 0.0
0.88853647 0.39934347 0.0
0.88943168 0.32112769 0.0
0.92597242 0.33061231 0.0
0.90276392 0.34869152 0.0
0.89875 0.12387934 0.0
0.86280521 0.13793436 0.0
0.57955577 0.034616876 0.0
0.55426422 0.04746296 0.0
0.5280655 0.030855265 0.0
0.53125 0 0.0
0.4375 0 0.0
0.41500506 0.3021862 0.0
0.40817748 0.32983395 0.0
0.37374809 0.32928996 0.0
0.36509228 0.35577081 0.0
0.37441649 0.38219852 0.0
0.32012027 0.37426862 0.0
0.4181349 0.57564153 0.0
0.45881119 0.91831829 0.0
0.41715693 0.79333029 0.0
0.43154186 0.7728637 0.0
0.43022315 0.74559899 0.0
0.45086283 0.79632451 0.0
0.45710235 0.82847859 0.0
0.30676304 0.79868377 0.0
0.27479993 0.79293383 0.0
0.24308312 0.78668491 0.0
0.22073157 0.76179052 0.0
0.26476952 0.76022896 0.0
0.2087313 0.73852255 0.0
0.51296444 0.73301555 0.0
0.52919658 0.77715363 0.0
0.4912924 0.78284256 0.0
0.38503531 0.25616075 0.0
0.30046289 0.26265427 0.0
0.10036002 0.47329078 0.0
0.075322086 0.46264737 0.0
0 0.28125 0.0
0.021577426 0.29847636 0.0
0.27657159 0.086682758 0.0
0.033126042 0.24136035 0.0
0.054356865 0.22992674 0.0
0.052526214 0.25834989 0.0
0.048131182 0.39865138 0.0
0 0.40625 0.0
0.026732932 0.38139758 0.0
0.019794651 0.421875 0.0
0.026423135 0.45062335 0.0
0 0.46875 0.0
0.024771904 0.47653812 0.0
0.18318404 0.4100637 0.0
0.12707051 0.12097415 0.0
0.23566645 0.070097174 0.0
0.19729111 0.038260802 0.0
0.27507883 0.02062271 0.0
0.21875 0 0.0
0.22233801 0.047116322 0.0
0.27751291 0.047704227 0.0
0.46875 1 0.0
0.46312865 0.94704093 0.0
0.056087659 0.6088877 0.0
0.066969219 0.64140503 0.0
0.095388047 0.63677421 0.0
0.037456396 0.66175918 0.0
0 0.6875 0.0
0 0.65625 0.0
0 0.71875 0.0
0.026537292 0.60199603 0.0
0.27022089 0.97542415 0.0
0.16601895 0.77807236 0.0
0.20721225 0.95632284 0.0
0.09375 0.98230913 0.0
0.086426435 0.95028981 0.0
0.03125 1 0.0
0.020296487 0.96641426 0.0
0.024780286 0.9416861 0.0
0.40192321 0.12544356 0.0
0.4299108 0.12007118 0.0
0.34375 0 0.0
1.1366945 0.90030784 0.0
1.1626733 0.91596926 0.0
1.1711349 0.95260773 0.0
1.1286876 0.94296658 0.0
1.1718257 0.85556342 0.0
1.1424878 0.8290075 0.0
1.1896328 0.87929049 0.0
1.1719665 0.77974704 0.0
1.149377 0.75977257 0.0
1.1597843 0.7271179 0.0
1.1221566 0.7331115 0.0
2.8449031 0.036366477 0.0
2.7827386 0.0350282 0.0
3.1776714 0.40865911 0.0
3.1485329 0.23773621 0.0
3.1731149 0.30365588 0.0
3.215154 0.33691248 0.0
3.1889843 0.32679441 0.0
3.1879522 0.36836581 0.0
3.2303014 0.27499648 0.0
3.0726976 0.43338978 0.0
3.0942581 0.45343446 0.0
3.1426112 0.44342863 0.0
3.0893251 0.51120817 0.0
3.1168723 0.44088125 0.0
3.1299764 0.40547222 0.0
3.1256633 0.4833638 0.0
3.0842102 0.48167398 0.0
3.0305015 0.5061855 0.0
3.0541393 0.48688179 0.0
3.023377 0.47333706 0.0
3.0407828 0.45595956 0.0
2.9899464 0.49778459 0.0
2.9999608 0.45727913 0.0
3.2823162 0.14343792 0.0
3.304539 0.12710122 0.0
3.340685 0.13984718 0.0
3.25 0.075 0.0
3.34375 0 0.0
3.3957843 0.24032501 0.0
3.3336589 0.24173337 0.0
3.3800103 0.33119482 0.0
3.2795764 0.25224084 0.0
3.3001206 0.27474856 0.0
3.2935494 0.30032535 0.0
3.3251301 0.34165366 0.0
3.2529961 0.31571427 0.0
3.05875 0.11444763 0.0
3.01625 0.11384441 0.0
2.9848781 0.13818855 0.0
2.4304262 0.97626198 0.0
2.4114425 0.94273708 0.0
2.390625 0.96971625 0.0
2.3487932 0.96730576 0.0
2.3815821 0.94121743 0.0
2.8621239 0.9391656 0.0
2.8125 1 0.0
2.78125 1 0.0
2.796875 0.96716221 0.0
2.7770473 0.94677889 0.0
2.836131 0.96861952 0.0
2.7971273 0.83404674 0.0
2.8359877 0.86618986 0.0
2.9631143 0.66045936 0.0
3.2782693 0.90345214 0.0
3.3074837 0.88856511 0.0
3.3641914 0.91946947 0.0
3.3317821 0.91145878 0.0
3.3632481 0.85372045 0.0
3.28125 1 0.0
3.3550918 0.88671875 0.0
3.3426222 0.9371678 0.0
3.3782336 0.95857539 0.0
3.3303357 0.86309255 0.0
3.4220357 0.88575828 0.0
3.333911 0.81317192 0.0
3.3886898 0.89502324 0.0
3.3412038 0.83878257 0.0
3.3123745 0.84047839 0.0
3.3727564 0.81595401 0.0
3.3028293 0.81080408 0.0
3.2739852 0.80839197 0.0
3.3972669 0.86125271 0.0
3.4170124 0.9323194 0.0
3.299968 0.86350862 0.0
3.4563374 0.82631795 0.0
3.3914736 0.92231138 0.0
3.4313865 0.85153686 0.0
3.4060231 0.8272344 0.0
3.491907 0.88646191 0.0
3.4108803 0.75821729 0.0
3.4570637 0.87694121 0.0
3.3993949 0.79208846 0.0
3.4828047 0.85125505 0.0
3.4630749 0.92346099 0.0
3.3564565 0.77096065 0.0
3.4410204 0.78732041 0.0
3.2091014 0.6253789 0.0
3.4447918 0.90217523 0.0
3.3845036 0.76815609 0.0
3.3787573 0.71293597 0.0
3.3888767 0.73979197 0.0
3.3551567 0.73716327 0.0
3.434981 0.70708525 0.0
3.4162208 0.72948865 0.0
3.4583069 0.74567435 0.0
3.4220753 0.80600913 0.0
3.5185825 0.86078516 0.0
3.3241951 0.75527768 0.0
3.3208011 0.68008753 0.0
3.5170793 0.78836314 0.0
3.46875 1 0.0
3.3301558 0.78403973 0.0
3.2787517 0.73093825 0.0
3.3454686 0.70411707 0.0
3.5282858 0.82435714 0.0
3.491689 0.81531141 0.0
3.443267 0.55836722 0.0
3.2969572 0.7515401 0.0
3.2706121 0.76563098 0.0
3.3127857 0.71920791 0.0
3.378914 0.64510756 0.0
3.4673701 0.79947787 0.0
3.4350759 0.68165222 0.0
3.4416168 0.93607047 0.0
3.3699349 0.6790012 0.0
3.3448078 0.65420829 0.0
3.4115869 0.6718995 0.0
3.2835013 0.62141217 0.0
3.393414 0.69101126 0.0
3.3098509 0.64585518 0.0
3.3445229 0.58468141 0.0
3.2697687 0.67754412 0.0
3.3537891 0.61940747 0.0
3.3183558 0.610263 0.0
3.2957627 0.66922923 0.0
3.2908878 0.69877803 0.0
3.4153133 0.58439138 0.0
3.2827033 0.54762063 0.0
3.3891462 0.60997296 0.0
3.3087498 0.57426331 0.0
3.3798763 0.57431701 0.0
3.4333277 0.62899191 0.0
3.3443551 0.51863091 0.0
3.4051238 0.63368333 0.0
3.3540298 0.55163179 0.0
3.4167877 0.51184229 0.0
3.3215389 0.54323842 0.0
3.4065302 0.54792336 0.0
3.2966924 0.49731934 0.0
3.3786358 0.52649956 0.0
3.3169075 0.51606278 0.0
3.3344149 0.4769079 0.0
3.3125 1 0.0
3.2796085 0.9401019 0.0
3.3117725 0.95274834 0.0
3.2864662 0.96988551 0.0
3.2621557 0.95980173 0.0
2.96875 1 0.0
2.9512403 0.94779376 0.0
2.949827 0.97533308 0.0
2.90625 1 0.0
0.86295572 0.97673764 0.0
1.0893397 0.78541583 0.0
1.1225852 0.78989682 0.0
1.21875 1 0.0
1.203125 0.97996242 0.0
1.234375 0.97844656 0.0
0.89475536 0.28197706 0.0
0.93915943 0.2888091 0.0
0.96959199 0.27831492 0.0
0.99249043 0.29228508 0.0
0.95117521 0.33220255 0.0
0.87058408 0.16472963 0.0
0.8411443 0.14769656 0.0
0.85625 0.11358167 0.0
0.59375 0 0.0
0.609375 0.02018301 0.0
0.46875 0.016651675 0.0
0.46441904 0.047582212 0.0
0.41573497 0.043718951 0.0
0.43942512 0.053865476 0.0
0.42451876 0.077112964 0.0
0.44330242 0.026759764 0.0
0.39978603 0.065766306 0.0
0.38284857 0.036721469 0.0
0.48123234 0.75789647 0.0
0.36241806 0.26780239 0.0
0.068765486 0.43719383 0.0
0.1222585 0.083739778 0.0
0.15278915 0.11704233 0.0
0.14124304 0.14165752 0.0
0.09162285 0.14509991 0.0
0.16620638 0.043582209 0.0
0.15625 0 0.0
0.1473444 0.024962864 0.0
0.023340022 0.72040061 0.0
0.3207969 0.02221233 0.0
0.34877646 0.043610836 0.0
1.1522062 0.93768294 0.0
1.145996 0.96502488 0.0
1.15625 1 0.0
1.1159526 0.97077909 0.0
1.09375 1 0.0
1.171875 0.97887383 0.0
1.0782418 0.98005011 0.0
1.1027861 0.93389172 0.0
1.1611945 0.81192458 0.0
1.1449651 0.85575429 0.0
1.118838 0.84365138 0.0
1.0972427 0.73422601 0.0
1.1210276 0.70485621 0.0
2.8680296 0.024650164 0.0
2.858238 0.055299055 0.0
2.8330102 0.056793069 0.0
2.8119893 0.036406096 0.0
2.835 0 0.0
2.7886684 0.057992144 0.0
2.763938 0.051904025 0.0
2.785 0 0.0
3.2288098 0.25031552 0.0
3.2544566 0.26978681 0.0
3.2210521 0.30554457 0.0
3.1345547 0.36828706 0.0
3.1530346 0.41887781 0.0
3.1546121 0.38963101 0.0
3.1778518 0.44390244 0.0
3.2449044 0.42593703 0.0
3.1598197 0.47429548 0.0
3.2090206 0.42612074 0.0
3.1600177 0.54390171 0.0
3.2061185 0.39445917 0.0
3.2273063 0.49318182 0.0
3.1507846 0.50912458 0.0
3.1959556 0.4751891 0.0
3.2271221 0.45720849 0.0
3.1209194 0.53566786 0.0
3.1926692 0.5172246 0.0
3.271011 0.46147395 0.0
3.1245019 0.50962563 0.0
3.174895 0.49679263 0.0
3.2475358 0.47509112 0.0
3.2610842 0.51059732 0.0
3.2500194 0.44953724 0.0
3.2738742 0.43201264 0.0
3.2709641 0.37378372 0.0
3.3073513 0.450136 0.0
3.2647781 0.40328007 0.0
3.2356172 0.3977461 0.0
3.3167898 0.39879122 0.0
3.2240229 0.36778769 0.0
3.2916087 0.41059213 0.0
3.0007601 0.54767121 0.0
2.9544846 0.51763436 0.0
2.9799148 0.47381371 0.0
3.3396498 0.085156845 0.0
3.4108777 0.13501705 0.0
3.3286571 0.027732705 0.0
3.3794317 0.22338463 0.0
3.4662573 0.20080499 0.0
3.3843969 0.27982518 0.0
3.3707945 0.25235745 0.0
2.4150577 0.91922525 0.0
2.3125 1 0.0
2.8364419 0.92165352 0.0
2.864827 0.90761356 0.0
2.8224467 0.94504493 0.0
2.8907052 0.92572244 0.0
2.8872937 0.95557415 0.0
2.84375 1 0.0
3.4375 1 0.0
3.3545853 0.79708776 0.0
3.4370583 0.76126511 0.0
3.5557373 0.71411795 0.0
3.5055452 0.83780609 0.0
3.75 1 0.0
3.271484 0.58464204 0.0
3.2950005 0.59730517 0.0
3.4562551 0.66757069 0.0
3.4803978 0.54942451 0.0
3.3822042 0.4788059 0.0
3.3663084 0.50159689 0.0
3.3183867 0.97627794 0.0
3.34375 1 0.0
3.40625 1 0.0
3.3910143 0.98011788 0.0
3.405442 0.95699571 0.0
3.4453828 0.96067262 0.0
2.890625 0.98040991 0.0
2.8633431 0.9746762 0.0
2.9154209 0.9644427 0.0
0.14410966 0.071689745 0.0
0.0625 0 0.0
0.11638741 0.14338188 0.0
0.10351605 0.16942252 0.0
0 0.21875 0.0
0.091392318 0.10665692 0.0
2.7533138 0.026608699 0.0
3.1385391 0.34210627 0.0
3.1612673 0.35895879 0.0
3.1263135 0.60699972 0.0
3.2727069 0.48738134 0.0
3.2853391 0.52125779 0.0
3.2286355 0.53206809 0.0
3.2845593 0.33776247 0.0
3.3091864 0.47534616 0.0
3.3522197 0.43184401 0.0
3.0064242 0.52032809 0.0
3.0343947 0.54038035 0.0
2.9799297 0.52909801 0.0
2.9625146 0.56959711 0.0
3.0589252 0.52026836 0.0
3.0244247 0.57561394 0.0
3.0843981 0.55020718 0.0
3.0376581 0.62149181 0.0
3.0554517 0.56536626 0.0
3.0215178 0.60129995 0.0
3.0505001 0.5946798 0.0
3.0064142 0.62991978 0.0
3.0843448 0.58532176 0.0
3.0767497 0.62373385 0.0
3.02821 0.64859332 0.0
3.0194771 0.67989737 0.0
2.997094 0.65905178 0.0
2.9410629 0.49743262 0.0
2.9244426 0.47241661 0.0
2.9663379 0.49720911 0.0
2.9202886 0.5456518 0.0
2.8976439 0.53050779 0.0
3.329939 0.11269562 0.0
3.3046386 0.097681311 0.0
3.3716062 0.11190693 0.0
3.3883663 0.16402277 0.0
3.3647012 0.15158878 0.0
3.4312527 0.17406858 0.0
3.4121125 0.15921384 0.0
3.4378816 0.1457689 0.0
3.4071832 0.18532349 0.0
3.4644302 0.16691394 0.0
3.4448632 0.088947187 0.0
3.4326792 0.20848399 0.0
3.433916 0.11644188 0.0
3.4036155 0.1024354 0.0
3.4841654 0.12052239 0.0
3.4582612 0.12808152 0.0
3.4582962 0.24324639 0.0
3.3773692 0.0725593 0.0
3.5299103 0.18037868 0.0
3.4954034 0.18223895 0.0
3.4915531 0.15105861 0.0
3.5156228 0.23632601 0.0
3.5439886 0.12221104 0.0
3.4947151 0.21331911 0.0
3.5231774 0.20845726 0.0
3.4871318 0.24121393 0.0
3.5800369 0.207245 0.0
3.5106894 0.29304872 0.0
3.5521062 0.2312575 0.0
3.5514481 0.20038972 0.0
3.4752278 0.27789457 0.0
3.5057127 0.26403998 0.0
3.5696452 0.15920822 0.0
3.5374733 0.25976833 0.0
3.5138473 0.12950316 0.0
3.5868027 0.081322052 0.0
3.5349554 0.15081224 0.0
3.522712 0.10020508 0.0
3.53125 0 0.0
3.5520787 0.09310036 0.0
3.5960183 0.11681236 0.0
3.5693891 0.1135905 0.0
3.6020702 0.69656704 0.0
3.63588 0.22059387 0.0
3.5660581 0.68222132 0.0
3.5129583 0.44408139 0.0
3.5517591 0.64954853 0.0
3.6804602 0.14371432 0.0
3.5133403 0.58199396 0.0
3.5515047 0.41009907 0.0
3.5968752 0.17846002 0.0
3.6288885 0.77744578 0.0
3.6945783 0.19504033 0.0
3.5982652 0.14761091 0.0
3.6530098 0.12813578 0.0
3.6247765 0.16426136 0.0
3.6229535 0.13032854 0.0
3.634004 0.074710467 0.0
3.6361439 0.10404247 0.0
3.829854 0.13086877 0.0
3.8719934 0.13182755 0.0
3.6261689 0.29604699 0.0
3.6564019 0.81330486 0.0
3.6214991 0.26106272 0.0
3.5787262 0.43176919 0.0
3.6274598 0.35793124 0.0
3.5852923 0.53267989 0.0
3.6350105 0.71413158 0.0
3.6914306 0.31999692 0.0
3.5807184 0.34404576 0.0
3.5515982 0.34377574 0.0
3.5745833 0.60351793 0.0
3.6500554 0.7482962 0.0
3.6207419 0.46987884 0.0
3.5316473 0.38755816 0.0
3.6580093 0.33654264 0.0
3.5741696 0.45748214 0.0
3.7700156 0.87461893 0.0
3.5934449 0.58934711 0.0
3.8060209 0.87307575 0.0
3.5077913 0.48846247 0.0
3.6751242 0.84133172 0.0
3.705511 0.82390941 0.0
3.6209171 0.74869962 0.0
3.5090875 0.40928883 0.0
3.5546026 0.28025327 0.0
3.7038892 0.85889888 0.0
3.5374833 0.62160035 0.0
3.4829321 0.43255687 0.0
3.5325244 0.56102559 0.0
4 0.5 0.0
3.6010541 0.44898615 0.0
3.2780155 0.048046261 0.0
3.25 0.025 0.0
3.3101125 0.053286444 0.0
3.296875 0 0.0
3.390625 0 0.0
3.4014611 0.26335306 0.0
3.4126694 0.30811155 0.0
2.34375 1 0.0
2.3292282 0.94217263 0.0
2.3187842 0.97048464 0.0
2.28125 0.97791983 0.0
2.2996592 0.94734728 0.0
3.56583 0.81438098 0.0
3.5035132 0.91339567 0.0
3.4237592 0.9767921 0.0
3.484375 0.96411029 0.0
0.097343628 0.05474839 0.0
0.068968103 0.16234178 0.0
0 0.1875 0.0
0.061315524 0.12878237 0.0
0 0.15625 0.0
0.030072712 0.21026235 0.0
3.1339898 0.57054936 0.0
3.1061506 0.56779749 0.0
3.2561056 0.53832825 0.0
3.2341357 0.57133345 0.0
3.2546018 0.34703202 0.0
3.3064265 0.32321564 0.0
3.333771 0.31418284 0.0
3.3523201 0.3351118 0.0
3.3732871 0.38349973 0.0
3.3455572 0.36677881 0.0
3.370618 0.35657209 0.0
3.4236609 0.36177704 0.0
3.3963106 0.36762152 0.0
3.4211202 0.41680499 0.0
3.399492 0.39686581 0.0
3.3881081 0.43091369 0.0
3.369627 0.41066726 0.0
3.4196822 0.45911599 0.0
3.3707265 0.45308097 0.0
3.3024116 0.36507651 0.0
3.3235882 0.37596865 0.0
3.3442688 0.39455284 0.0
3.3336924 0.45057315 0.0
2.9894215 0.5722121 0.0
2.9608319 0.60518515 0.0
2.9445876 0.63167629 0.0
2.9326651 0.60613947 0.0
2.9137599 0.57849768 0.0
2.8886063 0.58893755 0.0
2.8986158 0.55841571 0.0
2.9366642 0.56597854 0.0
3.0991114 0.60819847 0.0
3.1141715 0.64070726 0.0
3.1626173 0.63911767 0.0
3.0862333 0.65256411 0.0
3.1380783 0.63027826 0.0
3.1614601 0.60384916 0.0
3.139362 0.66519552 0.0
3.1824795 0.62081273 0.0
3.1911502 0.65014951 0.0
3.1957071 0.58291826 0.0
3.2316001 0.66057349 0.0
3.1309527 0.69692969 0.0
3.0561278 0.64137615 0.0
2.9233143 0.44692235 0.0
2.9301364 0.52279405 0.0
3.3846743 0.13462259 0.0
3.426765 0.23892706 0.0
3.4071342 0.21618039 0.0
3.3623845 0.090460433 0.0
3.4146267 0.066295221 0.0
3.4506049 0.26846597 0.0
3.4502948 0.30614158 0.0
3.5991063 0.27339028 0.0
3.6225663 0.51231444 0.0
3.6857252 0.79652332 0.0
3.5645219 0.30504542 0.0
3.5254493 0.33095802 0.0
3.5907125 0.65950397 0.0
3.6243811 0.81348225 0.0
3.4801514 0.3583562 0.0
3.5030358 0.37480866 0.0
3.4732667 0.39681866 0.0
3.4528313 0.42152152 0.0
3.4564768 0.45814793 0.0
3.487554 0.46380475 0.0
3.4388156 0.48660894 0.0
3.4744509 0.49928551 0.0
3.3168622 0.076653587 0.0
3.3367048 0.058263551 0.0
3.3613878 0.031690484 0.0
3.3671875 0 0.0
3.3604854 0.055602466 0.0
3.3884088 0.04468329 0.0
3.4212915 0.031501226 0.0
3.398719 0.022798056 0.0
3.6122281 0.091043189 0.0
3.5261155 0.0500288 0.0
3.5323148 0.075652887 0.0
3.4885332 0.072683079 0.0
3.5620123 0.054906206 0.0
3.5865003 0.056765399 0.0
3.578125 0 0.0
3.604408 0.039959585 0.0
3.4421461 0.053531276 0.0
3.484375 0 0.0
3.5762729 0.029273814 0.0
3.4625866 0.069775272 0.0
3.4736059 0.034926701 0.0
3.4479665 0.025305918 0.0
3.504769 0.025411755 0.0
3.5007544 0.050456748 0.0
3.3866095 0.30588623 0.0
3.3578613 0.29520247 0.0
3.5420028 0.80034485 0.0
3.5523677 0.74687154 0.0
3.5401682 0.77224807 0.0
3.503837 0.74479236 0.0
3.5678801 0.76994959 0.0
3.6439452 0.61085364 0.0
3.6401458 0.84135409 0.0
3.6744587 0.87503017 0.0
3.7393724 0.85657885 0.0
3.5334254 0.68990365 0.0
3.5736823 0.62709249 0.0
3.915587 0.11669576 0.0
3.5957323 0.76336019 0.0
3.595336 0.7347419 0.0
3.5286585 0.73285011 0.0
3.5959267 0.79198056 0.0
3.6463412 0.26708526 0.0
3.5447741 0.43937546 0.0
3.501464 0.70809386 0.0
3.6102612 0.41706727 0.0
3.5956617 0.82764434 0.0
3.5926746 0.4759072 0.0
3.5700774 0.2584915 0.0
3.4807354 0.72786018 0.0
3.4708623 0.69675432 0.0
3.5529998 0.90804999 0.0
3.5636647 0.85943145 0.0
3.7417553 0.82022578 0.0
3.7057286 0.89276292 0.0
3.4989797 0.66443331 0.0
3.6116388 0.85679347 0.0
3.5959454 0.30465679 0.0
3.5098838 0.68571382 0.0
3.520908 0.64379452 0.0
3.4795761 0.62184884 0.0
3.5121528 0.61038926 0.0
3.6738703 0.17458162 0.0
3.588478 0.87313868 0.0
3.4656648 0.56980819 0.0
3.625 1 0.0
3.4851623 0.58569539 0.0
3.740253 0.892127 0.0
3.6409212 0.87376427 0.0
3.4523929 0.5991404 0.0
3.6099841 0.20544565 0.0
3.5516899 0.59782023 0.0
3.6570733 0.93843982 0.0
3.4286044 0.60496135 0.0
3.5624994 0.38214326 0.0
3.6574843 0.90398249 0.0
3.5374978 0.50008458 0.0
3.5809388 0.50324748 0.0
3.7229242 0.92199422 0.0
3.6086466 0.92063103 0.0
3.7580793 0.92243041 0.0
3.6619426 0.29945796 0.0
3.6878407 0.92157572 0.0
3.6288753 0.90001518 0.0
3.7191576 0.79165013 0.0
3.5617908 0.48047529 0.0
3.6311243 0.44037265 0.0
3.7158158 0.25354912 0.0
3.527038 0.35942348 0.0
3.6072378 0.23984904 0.0
3.6875 1 0.0
3.7557939 0.96139792 0.0
4 0.75 0.0
3.6109447 0.62819333 0.0
3.7049163 0.96086277 0.0
3.6585992 0.78313439 0.0
3.6186936 0.32715852 0.0
3.5101673 0.52616583 0.0
3.7887016 0.90467967 0.0
3.5328613 0.46873826 0.0
3.6820223 0.94745898 0.0
3.65625 1 0.0
3.5691236 0.57661309 0.0
3.6881595 0.75741829 0.0
3.6481522 0.4784106 0.0
3.5842707 0.40249031 0.0
3.6110376 0.38522411 0.0
3.6949036 0.28357307 0.0
3.7345142 0.77311879 0.0
3.6626142 0.3976708 0.0
3.601199 0.36071712 0.0
3.6791244 0.25028775 0.0
4 0.25 0.0
3.7538697 0.7874227 0.0
3.726577 0.12027467 0.0
3.6384565 0.41281782 0.0
3.6697563 0.43589946 0.0
3.6387843 0.38333228 0.0
3.664988 0.36675446 0.0
3.7227005 0.38673486 0.0
3.6912223 0.384318 0.0
3.6536767 0.241012 0.0
3.6692598 0.20946454 0.0
3.7254732 0.30486532 0.0
3.7880265 0.79491338 0.0
3.7026632 0.1661474 0.0
3.6937516 0.35216531 0.0
3.7043128 0.42002304 0.0
3.6441274 0.18970774 0.0
3.7234339 0.19887866 0.0
3.6999833 0.2236439 0.0
3.7601492 0.8396861 0.0
3.8569667 0.92090154 0.0
3.875 1 0.0
3.71875 0 0.0
3.7598019 0.12552418 0.0
3.7015275 0.69613361 0.0
3.6909644 0.62072623 0.0
3.7316047 0.74922798 0.0
3.7871909 0.85454297 0.0
3.760802 0.75779474 0.0
3.8366279 0.85405011 0.0
3.7538016 0.72761488 0.0
3.7840698 0.73649583 0.0
3.8147981 0.72936823 0.0
3.762524 0.69788696 0.0
3.8022032 0.83280215 0.0
3.7317957 0.70501457 0.0
3.8249269 0.90398395 0.0
3.7335809 0.64290958 0.0
3.8067111 0.76430505 0.0
3.8555331 0.88481806 0.0
3.8125 1 0.0
3.7408381 0.67419634 0.0
3.7824188 0.77048315 0.0
3.8773134 0.7622434 0.0
3.8312964 0.80031991 0.0
3.8954336 0.82042072 0.0
3.8065884 0.92332007 0.0
3.6581734 0.66782106 0.0
3.7098708 0.66489433 0.0
3.7968146 0.64472724 0.0
3.8417417 0.75400941 0.0
3.8108809 0.78785749 0.0
3.9205354 0.83866579 0.0
3.7726934 0.66680732 0.0
3.8752143 0.69035796 0.0
3.8541977 0.78115208 0.0
3.9064901 0.77259801 0.0
3.8646072 0.81685405 0.0
3.8825266 0.7922002 0.0
4 0.875 0.0
3.9369914 0.76729013 0.0
3.9068116 0.72540866 0.0
3.9274285 0.80262845 0.0
3.886328 0.85933869 0.0
3.9181102 0.74908139 0.0
4 0.625 0.0
3.684503 0.67485303 0.0
3.6683041 0.70526234 0.0
3.6779394 0.64662043 0.0
3.6493365 0.63976763 0.0
3.6245244 0.66300204 0.0
3.7083091 0.63943225 0.0
3.7258106 0.60581013 0.0
3.7654601 0.63468993 0.0
3.8121532 0.68569923 0.0
3.8668307 0.72657613 0.0
4 0.8125 0.0
3.8951211 0.90131548 0.0
3.8611046 0.86020261 0.0
3.6919051 0.72613499 0.0
3.6382828 0.6868204 0.0
3.8002596 0.57997463 0.0
3.7865401 0.68854155 0.0
3.9609722 0.82772249 0.0
3.8714985 0.90225399 0.0
3.8843208 0.92723226 0.0
4 0.9375 0.0
3.8620138 0.96135578 0.0
3.9127078 0.92385314 0.0
3.9411673 0.88351492 0.0
3.9030736 0.96384421 0.0
3.6672706 0.73021022 0.0
3.7900399 0.61189885 0.0
3.7948125 0.71300847 0.0
3.9609807 0.79274487 0.0
3.7585222 0.60255748 0.0
3.8559693 0.61540655 0.0
3.9691467 0.76101745 0.0
3.7359697 0.54186422 0.0
3.8225443 0.6223043 0.0
3.9487668 0.74209967 0.0
4 0.78125 0.0
3.7392814 0.57517031 0.0
3.8332295 0.58964828 0.0
3.8472506 0.65759167 0.0
3.6907764 0.57212611 0.0
3.7715375 0.55514526 0.0
3.893672 0.5592053 0.0
3.822717 0.64847607 0.0
3.7158426 0.56068324 0.0
3.6819402 0.51959402 0.0
3.6933908 0.54467716 0.0
3.6463056 0.55404151 0.0
3.7131752 0.52049023 0.0
3.6988674 0.47439571 0.0
3.6981359 0.49989062 0.0
3.6710147 0.4941056 0.0
3.7357595 0.48821218 0.0
3.6520877 0.51730431 0.0
3.8674456 0.58235838 0.0
3.835174 0.52199997 0.0
3.9246682 0.62074626 0.0
3.8600232 0.54752041 0.0
3.8253246 0.55556895 0.0
3.8910195 0.60906137 0.0
3.8962181 0.48741944 0.0
3.7986347 0.52950844 0.0
3.9180542 0.58550113 0.0
3.8949577 0.65201168 0.0
3.8873762 0.52304391 0.0
4 0.5625 0.0
3.9094761 0.53489099 0.0
3.9027252 0.62964374 0.0
3.9235089 0.64939372 0.0
3.8761713 0.63295524 0.0
3.9615598 0.63658643 0.0
3.9124009 0.6852485 0.0
3.8617699 0.49777894 0.0
3.9252002 0.55442333 0.0
3.9204438 0.51234174 0.0
3.9389804 0.59981734 0.0
3.803496 0.46050363 0.0
3.8276145 0.48698689 0.0
3.9600868 0.50529986 0.0
3.7928457 0.49442696 0.0
3.8622694 0.43120242 0.0
3.9286978 0.48008305 0.0
3.763669 0.51725992 0.0
3.7668803 0.46764156 0.0
3.8705603 0.46455476 0.0
3.8370356 0.454183 0.0
3.8310131 0.42222578 0.0
4 0.375 0.0
3.8091168 0.39818246 0.0
3.9051808 0.45153353 0.0
3.7997034 0.42874752 0.0
3.8624753 0.37158081 0.0
4 0.4375 0.0
3.7647442 0.40124875 0.0
3.8539221 0.40136243 0.0
3.9054088 0.40003012 0.0
3.8799109 0.41017999 0.0
3.9382095 0.44828739 0.0
3.9193298 0.42584397 0.0
3.9424774 0.39670019 0.0
3.2457682 0.61339537 0.0
3.4300274 0.53510476 0.0
3.4636412 0.97642972 0.0
3.4661702 0.9477443 0.0
3.4915309 0.93784231 0.0
3.5316738 0.94235817 0.0
0.096220514 0.080915051 0.0
0 0.0625 0.0
0.11223218 0.027909841 0.0
0.09375 0 0.0
0.078125 0.028517745 0.0
0.066050921 0.057520023 0.0
0.066112099 0.088591588 0.0
0.034013822 0.073118945 0.0
0.041251829 0.030181344 0.0
0 0.09375 0.0
0 0.03125 0.0
0.03125 0 0.0
0.031738283 0.109375 0.0
0.022830758 0.049154954 0.0
0.037718249 0.13250326 0.0
0.064881312 0.20847701 0.0
0.026381766 0.171875 0.0
3.2580053 0.56340754 0.0
3.4085408 0.33691551 0.0
3.4394529 0.33514418 0.0
3.469452 0.32983078 0.0
3.4519351 0.36054388 0.0
3.4973451 0.33563782 0.0
3.4390584 0.3900606 0.0
3.4093656 0.48499225 0.0
2.9189998 0.63211967 0.0
2.8720102 0.57116166 0.0
3.0726716 0.67162143 0.0
3.1639704 0.57379768 0.0
3.2032238 0.68200385 0.0
3.1923516 0.55015636 0.0
3.2610822 0.64567315 0.0
3.2437566 0.68464016 0.0
3.2564984 0.71138386 0.0
3.2515741 0.73942733 0.0
3.4307263 0.29269111 0.0
3.4966828 0.097546197 0.0
3.5407354 0.84717966 0.0
3.4763705 0.64902233 0.0
3.71875 1 0.0
3.6830953 0.97459609 0.0
3.640625 0.96900544 0.0
3.6041945 0.97007578 0.0
3.6280761 0.94254402 0.0
3.5625 1 0.0
3.59375 1 0.0
3.5810651 0.23403586 0.0
3.5816719 0.71265009 0.0
3.5363002 0.30490525 0.0
3.6180433 0.6016306 0.0
3.6185883 0.56976749 0.0
3.6440778 0.58240405 0.0
3.6714512 0.59675675 0.0
3.6206109 0.54104329 0.0
3.4841578 0.52355638 0.0
3.457863 0.53294161 0.0
3.4425927 0.51213771 0.0
3.5409264 0.53103782 0.0
3.5070019 0.55279516 0.0
3.7304816 0.94910144 0.0
3.7328406 0.97644644 0.0
3.6522479 0.45374686 0.0
3.6736727 0.46832696 0.0
3.6806576 0.41408134 0.0
3.7785277 0.82006413 0.0
3.8291451 0.827663 0.0
3.7819578 0.94338162 0.0
3.8168707 0.9610952 0.0
3.78125 1 0.0
3.7821713 0.9716979 0.0
3.8396326 0.70594946 0.0
3.8369975 0.6807554 0.0
3.8864134 0.71202967 0.0
3.8872289 0.73995512 0.0
4 0.84375 0.0
3.84375 1 0.0
3.9117672 0.87591918 0.0
3.9213024 0.89970828 0.0
3.9463712 0.85395081 0.0
3.9697216 0.87330096 0.0
3.9570779 0.92604507 0.0
4 0.90625 0.0
3.9585347 0.90125893 0.0
3.9375 1 0.0
3.7011611 0.59638637 0.0
3.7740071 0.58131576 0.0
3.6956022 0.4466097 0.0
3.7348897 0.4447611 0.0
3.7969091 0.55482326 0.0
3.8722472 0.66457449 0.0
4 0.6875 0.0
3.9545385 0.67865482 0.0
3.9375505 0.70921777 0.0
4 0.71875 0.0
3.9757635 0.73345293 0.0
3.9739432 0.703125 0.0
4 0.59375 0.0
3.9604019 0.56852583 0.0
3.7381033 0.51389199 0.0
3.7607255 0.49215631 0.0
4 0.53125 0.0
3.9441991 0.53096633 0.0
3.9721027 0.53048832 0.0
3.9181741 0.33414499 0.0
4 0.46875 0.0
3.2325877 0.63515359 0.0
3.2205806 0.59841481 0.0
3.2485325 0.58999139 0.0
3.5289199 0.91686412 0.0
3.5195782 0.89050553 0.0
3.5164258 0.9715027 0.0
3.5491626 0.97006905 0.0
3.53125 1 0.0
3.5766778 0.97574517 0.0
3.5696654 0.94020936 0.0
3.5809029 0.91398797 0.0
0.045181572 0.15597016 0.0
3.4845205 0.30521727 0.0
3.2167913 0.55374508 0.0
3.2295581 0.72992304 0.0
3.8324713 0.93656178 0.0
3.8393668 0.9742905 0.0
3.9751946 0.84862134 0.0
3.7339417 0.41466686 0.0
3.7664604 0.4344243 0.0
3.7227686 0.46673799 0.0
4 0.65625 0.0
3.9794488 0.671875 0.0
3.9318541 0.67162713 0.0
3.9703913 0.60584575 0.0
3.9783306 0.55322254 0.0
3.9212989 0.36892963 0.0
3.8920373 0.37358869 0.0
3.8796723 0.33701374 0.0
3.9516935 0.33696613 0.0
3.9481459 0.37041637 0.0
3.9725938 0.38944201 0.0
4 0.40625 0.0
3.9651206 0.42454365 0.0
3.9623519 0.44852793 0.0
3.5458791 0.88100902 0.0
3.5961937 0.94443256 0.0
3.9000355 0.35050711 0.0
3.8052194 0.32153483 0.0
3.8934579 0.26222874 0.0
3.9571964 0.47675338 0.0
3.8404146 0.3390444 0.0
3.8963788 0.30143026 0.0
3.8287321 0.37071259 0.0
3.7859971 0.36093515 0.0
3.8450783 0.28554305 0.0
4 0.3125 0.0
3.8112449 0.34886371 0.0
3.7860319 0.38671246 0.0
3.7616465 0.37385676 0.0
3.7555962 0.33305018 0.0
3.8738526 0.2833991 0.0
3.8615063 0.31186244 0.0
3.8567396 0.24788806 0.0
3.8322261 0.31137667 0.0
3.8058079 0.28211987 0.0
3.9185294 0.28007025 0.0
3.9307058 0.23642306 0.0
3.9359811 0.30722345 0.0
3.9616629 0.27153265 0.0
3.9680359 0.30931125 0.0
4 0.34375 0.0
3.9752515 0.359375 0.0
3.9768549 0.33317896 0.0
3.7344812 0.35703268 0.0
3.7821157 0.33465237 0.0
3.7710196 0.29803918 0.0
3.8275652 0.25948626 0.0
3.7747427 0.23048296 0.0
3.7972413 0.25211059 0.0
3.7643677 0.26379189 0.0
3.8235966 0.20217769 0.0
3.8183541 0.23133243 0.0
3.7458056 0.28516683 0.0
3.7441915 0.23923725 0.0
3.720519 0.27911981 0.0
3.7248245 0.22368087 0.0
3.7519706 0.20971882 0.0
3.7456411 0.18339968 0.0
3.7865909 0.19461985 0.0
3.8898631 0.21725535 0.0
4 0.28125 0.0
3.937323 0.26179113 0.0
4 0.125 0.0
3.9591422 0.24255256 0.0
3.9508351 0.21206471 0.0
4 0.1875 0.0
3.919671 0.20683834 0.0
3.8580478 0.16220186 0.0
4 0.21875 0.0
3.944821 0.15239921 0.0
3.8955277 0.18560882 0.0
3.974523 0.22198605 0.0
3.9724166 0.19377621 0.0
3.944388 0.18257871 0.0
3.979106 0.15942414 0.0
3.9189052 0.16712021 0.0
3.6912384 0.11474229 0.0
3.8599485 0.19557053 0.0
3.8635708 0.22204987 0.0
3.7381104 0.15123276 0.0
3.8125 0 0.0
3.890818 0.15562989 0.0
3.7072729 0.13938085 0.0
3.6893461 0.084871277 0.0
3.664769 0.10195412 0.0
3.774129 0.15976529 0.0
3.7913226 0.11378117 0.0
3.7651468 0.091695468 0.0
3.7023667 0.057920902 0.0
3.8099188 0.056741769 0.0
3.6658757 0.056911483 0.0
3.7244649 0.085217744 0.0
3.794629 0.083308018 0.0
3.7695593 0.051196455 0.0
3.836043 0.08946024 0.0
3.6574389 0.079239109 0.0
3.636826 0.042328711 0.0
3.671875 0 0.0
3.7426953 0.1017115 0.0
3.735848 0.053409314 0.0
3.6848757 0.030142399 0.0
3.7157051 0.030416232 0.0
3.765625 0 0.0
3.7460922 0.024115363 0.0
3.6577404 0.023971228 0.0
3.6953125 0 0.0
3.7176306 0.33308096 0.0
3.749443 0.30943681 0.0
3.7968021 0.2178821 0.0
3.8807398 0.24061495 0.0
3.9778301 0.28823218 0.0
3.8221806 0.16612443 0.0
3.7970594 0.17122183 0.0
3.7972333 0.14219765 0.0
3.7933677 0.027559264 0.0
3.8170359 0.10778618 0.0
3.90625 0 0.0
3.8513431 0.1129138 0.0
3.8858871 0.073661276 0.0
3.8795178 0.10288235 0.0
3.8511536 0.050606459 0.0
3.8592393 0.076116302 0.0
3.8323175 0.065646161 0.0
3.859375 0 0.0
3.8869828 0.034318975 0.0
3.8268774 0.029083622 0.0
3.8523305 0.024826617 0.0
3.8828125 0 0.0
4 0.0625 0.0
3.8741529 0.053648073 0.0
3.9171375 0.054845182 0.0
3.9140603 0.02695279 0.0
3.953125 0 0.0
3.940849 0.086384338 0.0
3.9127125 0.082854833 0.0
3.9499019 0.037114591 0.0
3.9491798 0.11901001 0.0
3.977854 0.094311719 0.0
4 0.03125 0.0
3.9764368 0.046875 0.0
3.9552365 0.063561343 0.0
3.9746144 0.018547104 0.0
3.9733662 0.13238737 0.0
3.9777991 0.07065908 0.0
1.7292079 0.13680214 0.0
1.8066259 0.27482427 0.0
1.8904648 0.33703958 0.0
2.4193043 0.30835151 0.0
2.5354307 0.30321525 0.0
2.4862155 0.43775632 0.0
2.0693657 0.46098529 0.0
2.3880707 0.45914165 0.0
1.5370677 0.20458171 0.0
1.8852164 0.21836932 0.0
0.9441057 0.20254408 0.0
1.5425428 0.97320106 0.0
2.195 0.016365269 0.0
2.3170055 0.029787106 0.0
2.295 0 0.0
1.2566936 0.50315208 0.0
1.3865907 0.6094159 0.0
0.74914711 0.22516381 0.0
0.58122519 0.15754903 0.0
2.8846228 0.72868894 0.0
0.72352129 0.081147014 0.0
3.0001556 0.42375373 0.0
3.138797 0.9746245 0.0
0.15625 1 0.0
0.40625 0 0.0
3.2977532 0.028069296 0.0
2.9108668 0.907662 0.0
3.6015625 0.013207705 0.0
3.5458673 0.02677805 0.0
3.4876602 0.7735066 0.0
3.4616981 0.77149267 0.0
3.6520446 0.15647683 0.0
3.7179323 0.72706179 0.0
3.8817171 0.97623864 0.0
3.90625 1 0.0
3.8832535 0.95088754 0.0
3.9336526 0.95005492 0.0
4 0.96875 0.0
3.9268193 0.97570203 0.0
3.9764522 0.9395917 0.0
3.96875 1 0.0
3.9579733 0.97026864 0.0
3.5920453 0.56010707 0.0
3.5624667 0.5492213 0.0
0.79091546 0.70134276 0.0
CELLS 8501 34004
3 2414 2109 2410
3 49 39 67
3 38 39 32
3 31 26 32
3 38 42 44
3 46 47 40
3 39 49 33
3 36 38 32
3 39 38 37
3 1312 1643 1292
3 165 172 110
3 1931 1945 1924
3 29 30 27
3 107 83 104
3 51 57 59
3 30 28 31
3 28 26 31
3 33 50 35
3 1347 1642 1643
3 75 53 71
3 29 8 28
3 62 61 27
3 535 537 540
3 44 45 37
3 33 49 50
3 27 30 62
3 30 29 28
3 32 39 33
3 33 35 62
3 3724 3722 20
3 38 34 42
3 1476 1478 1477
3 245 230 242
3 1075 1077 1083
3 33 30 31
3 284 361 237
3 1526 1525 1528
3 177 145 171
3 2817 2821 2829
3 474 431 1085
3 1476 1477 2736
3 1194 124 154
3 31 32 33
3 1389 1378 1334
3 32 26 36
3 34 38 36
3 45 48 10
3 46 48 44
3 52 55 51
3 52 54 50
3 63 65 66
3 9 47 43
3 42 46 44
3 42 34 43
3 38 44 37
3 43 46 42
3 37 45 65
3 48 46 40
3 10 48 40
3 43 47 46
3 44 48 45
3 67 39 37
3 49 41 50
3 52 50 41
3 35 50 54
3 41 49 67
3 55 57 51
3 41 4364 55
3 54 52 51
3 63 66 69
3 69 71 63
3 88 59 58
3 54 7 35
3 41 55 52
3 97 57 55
3 1164 88 1162
3 88 51 59
3 97 55 53
3 85 86 56
3 76 78 56
3 54 51 88
3 56 59 57
3 1159 58 900
3 88 58 1159
3 1165 1161 1164
3 33 62 30
3 35 7 61
3 61 62 35
3 66 45 10
3 4364 63 71
3 102 78 77
3 115 1189 910
3 66 65 45
3 63 4364 67
3 69 72 68
3 72 73 100
3 37 65 67
3 63 67 65
3 66 10 89
3 100 68 72
3 66 89 72
3 71 69 68
3 116 132 155
3 137 144 150
3 75 71 99
3 71 53 4364
3 66 72 69
3 73 72 70
3 93 70 89
3 76 97 75
3 82 81 79
3 79 77 78
3 99 71 68
3 76 75 74
3 79 78 76
3 56 57 97
3 86 87 58
3 56 78 85
3 79 76 74
3 102 85 78
3 82 84 80
3 79 74 82
3 70 96 73
3 77 79 81
3 84 908 80
3 105 103 104
3 84 82 74
3 81 82 80
3 123 116 120
3 1177 1180 1179
3 74 75 99
3 100 908 84
3 85 83 910
3 59 86 58
3 56 86 59
3 87 86 85
3 1165 1162 1163
3 1189 87 910
3 910 111 115
3 83 107 111
3 70 93 96
3 72 89 70
3 902 336 409
3 93 89 907
3 94 91 901
3 909 95 195
3 907 89 10
3 905 96 92
3 906 408 64
3 907 92 93
3 917 147 137
3 92 96 93
3 73 96 95
3 75 97 53
3 56 97 76
3 104 83 102
3 123 131 116
3 100 99 68
3 74 99 84
3 908 100 73
3 99 100 84
3 194 101 195
3 4365 80 908
3 105 104 102
3 83 85 102
3 151 190 130
3 108 140 103
3 105 102 77
3 103 120 108
3 81 126 77
3 123 126 131
3 117 125 114
3 161 134 152
3 118 103 140
3 146 158 108
3 108 124 106
3 166 132 128
3 156 141 168
3 913 122 912
3 171 172 165
3 155 117 114
3 119 915 156
3 104 118 107
3 120 103 123
3 108 106 140
3 129 159 130
3 147 149 160
3 121 165 128
3 117 166 141
3 1212 1219 112
3 87 1189 58
3 116 139 132
3 153 141 166
3 155 166 117
3 125 158 114
3 150 121 128
3 154 129 130
3 155 120 116
3 912 122 107
3 123 103 105
3 114 146 155
3 130 190 215
3 175 191 193
3 110 138 168
3 146 114 158
3 105 126 123
3 127 131 126
3 120 146 108
3 128 165 153
3 915 117 141
3 129 136 119
3 77 126 105
3 126 81 127
3 80 207 81
3 178 192 207
3 144 171 121
3 256 238 350
3 169 174 168
3 223 219 221
3 138 169 168
3 136 154 124
3 127 98 131
3 98 135 139
3 116 131 139
3 146 120 155
3 272 238 211
3 1219 1212 1218
3 134 98 152
3 252 209 223
3 165 110 153
3 128 132 135
3 125 117 915
3 178 191 192
3 208 917 201
3 135 134 150
3 175 161 152
3 138 110 182
3 98 139 131
3 132 139 135
3 136 124 158
3 156 148 119
3 166 155 132
3 912 118 140
3 912 140 106
3 138 181 286
3 177 171 144
3 98 134 135
3 156 162 148
3 181 176 286
3 141 153 168
3 103 118 104
3 150 144 121
3 113 151 159
3 147 144 137
3 944 346 311
3 202 224 212
3 111 107 122
3 226 189 272
3 156 168 174
3 143 211 212
3 112 122 913
3 243 241 242
3 113 159 148
3 134 137 150
3 355 302 287
3 128 153 166
3 158 124 108
3 201 161 175
3 169 286 236
3 125 136 158
3 143 210 133
3 119 159 129
3 186 263 291
3 164 157 202
3 145 177 160
3 174 162 156
3 129 154 136
3 171 165 121
3 134 161 137
3 238 272 350
3 138 182 181
3 150 128 135
3 174 169 267
3 917 137 161
3 198 200 4366
3 276 256 350
3 189 335 318
3 4366 183 201
3 190 151 261
3 110 168 153
3 125 119 136
3 206 186 291
3 154 130 215
3 119 148 159
3 177 147 160
3 130 159 151
3 182 172 157
3 185 276 302
3 1203 1205 927
3 358 299 203
3 170 211 238
3 145 172 171
3 4366 163 198
3 172 145 157
3 189 297 272
3 205 228 186
3 162 937 148
3 238 256 170
3 268 236 286
3 203 320 358
3 278 239 1198
3 147 177 144
3 182 164 170
3 185 268 179
3 182 157 164
3 1327 1353 1322
3 275 317 235
3 172 182 110
3 209 184 202
3 229 222 216
3 938 1392 283
3 193 163 175
3 1231 1235 1237
3 191 175 152
3 386 923 924
3 217 209 145
3 350 297 276
3 196 198 163
3 182 170 181
3 376 377 318
3 176 181 170
3 191 152 192
3 212 210 143
3 209 202 157
3 285 227 188
3 394 270 300
3 276 179 256
3 286 169 138
3 353 373 392
3 186 206 215
3 192 152 98
3 191 178 193
3 98 127 192
3 192 127 207
3 194 178 4365
3 194 193 178
3 909 101 908
3 193 194 196
3 288 285 188
3 193 196 163
3 194 195 196
3 197 198 199
3 916 198 196
3 204 273 301
3 916 196 195
3 198 197 200
3 1192 4373 904
3 407 1191 409
3 241 243 279
3 240 242 230
3 4366 175 163
3 208 201 183
3 209 157 145
3 202 184 224
3 211 170 164
3 287 302 276
3 355 300 271
3 205 186 190
3 268 176 179
3 234 936 258
3 186 228 263
3 914 112 913
3 81 207 127
3 207 80 4365
3 232 222 208
3 917 149 147
3 160 217 145
3 229 220 222
3 225 210 224
3 210 225 254
3 164 212 211
3 210 254 133
3 202 212 164
3 933 1622 1707
3 148 937 113
3 325 237 363
3 277 239 263
3 341 303 290
3 186 215 190
3 215 206 1196
3 216 222 232
3 225 184 251
3 160 220 219
3 217 160 219
3 218 229 231
3 209 217 223
3 220 160 149
3 218 249 219
3 220 149 222
3 218 219 220
3 240 229 216
3 230 248 231
3 149 208 222
3 232 208 183
3 219 223 217
3 223 221 252
3 225 224 184
3 212 224 210
3 252 233 251
3 234 133 254
3 296 359 264
3 317 343 285
3 402 398 425
3 335 226 133
3 176 256 179
3 214 277 263
3 240 231 229
3 220 229 218
3 216 232 306
3 918 248 294
3 230 247 248
3 218 231 249
3 200 250 183
3 919 279 292
3 230 245 247
3 225 255 254
3 225 251 253
3 288 188 339
3 420 419 415
3 366 351 330
3 375 374 257
3 358 282 299
3 358 330 282
3 169 236 267
3 188 227 296
3 328 205 257
3 328 214 228
3 357 1198 239
3 243 242 240
3 230 231 240
3 344 241 308
3 472 346 947
3 243 240 216
3 241 344 245
3 250 232 183
3 250 292 306
3 308 241 279
3 379 300 355
3 241 245 242
3 925 247 245
3 310 312 314
3 255 234 254
3 925 245 244
3 247 246 248
3 310 314 309
3 249 221 219
3 231 248 249
3 918 249 248
3 200 921 920
3 296 919 307
3 252 251 184
3 253 251 233
3 252 184 209
3 252 221 918
3 233 294 280
3 255 295 281
3 255 225 253
3 936 234 255
3 253 233 280
3 273 343 317
3 425 426 400
3 359 203 323
3 180 936 266
3 324 4370 1400
3 332 287 297
3 328 262 283
3 352 373 942
3 143 226 272
3 271 185 302
3 273 204 320
3 470 450 431
3 170 256 176
3 510 512 438
3 290 173 341
3 214 263 228
3 239 278 291
3 343 359 227
3 293 323 203
3 313 312 246
3 205 328 228
3 253 280 295
3 309 314 265
3 281 936 255
3 318 258 376
3 185 179 276
3 234 258 133
3 407 336 370
3 431 327 470
3 288 333 285
3 332 187 418
3 273 275 440
3 336 407 409
3 296 264 919
3 273 320 343
3 328 283 259
3 261 151 269
3 353 113 937
3 522 390 334
3 261 205 190
3 539 1434 1435
3 305 341 934
3 290 142 340
3 277 214 303
3 322 239 277
3 322 357 239
3 206 1195 914
3 292 279 243
3 264 323 308
3 233 918 294
3 348 295 347
3 255 253 295
3 350 272 297
3 338 392 413
3 944 945 430
3 319 365 4370
3 259 214 328
3 235 285 333
3 370 333 260
3 174 267 162
3 287 276 297
3 267 236 213
3 371 446 448
3 943 274 381
3 300 270 271
3 273 317 275
3 385 235 384
3 268 286 176
3 142 259 283
3 142 290 303
3 1620 1621 1224
3 239 291 263
3 206 291 278
3 306 292 243
3 292 250 307
3 293 308 323
3 284 1084 298
3 310 248 246
3 265 280 309
3 265 315 280
3 295 280 315
3 366 330 358
3 235 317 285
3 412 405 262
3 335 133 258
3 283 434 1703
3 187 332 318
3 321 268 331
3 416 418 395
3 167 282 367
3 370 923 407
3 331 268 185
3 446 371 450
3 948 949 452
3 319 299 1709
3 162 267 213
3 341 322 277
3 142 303 940
3 259 940 214
3 173 290 930
3 409 408 906
3 216 306 243
3 250 306 232
3 920 250 200
3 285 343 227
3 264 308 279
3 308 293 324
3 280 294 309
3 310 309 294
3 248 310 294
3 310 246 312
3 313 311 312
3 947 430 471
3 247 925 246
3 312 311 314
3 245 344 244
3 293 299 319
3 311 346 314
3 315 265 345
3 346 325 364
3 295 315 347
3 347 345 360
3 348 281 295
3 427 460 462
3 1400 313 925
3 474 237 327
3 271 352 331
3 333 384 235
3 487 480 435
3 397 351 366
3 185 271 331
3 143 133 226
3 1242 1245 1250
3 341 277 303
3 1197 926 357
3 359 296 227
3 203 359 320
3 299 293 203
3 4370 939 1400
3 364 325 345
3 372 524 929
3 362 326 360
3 348 349 266
3 213 236 321
3 437 490 424
3 260 288 339
3 332 297 189
3 1709 299 167
3 180 477 376
3 381 367 282
3 942 213 321
3 558 491 494
3 991 1041 1062
3 113 269 151
3 226 335 189
3 258 318 335
3 353 269 113
3 318 377 187
3 394 379 396
3 478 457 477
3 920 307 250
3 416 415 379
3 352 955 954
3 414 438 377
3 271 270 352
3 331 352 321
3 330 351 381
3 384 370 387
3 921 922 339
3 269 375 261
3 328 257 262
3 340 930 290
3 305 322 341
3 926 342 357
3 409 1191 408
3 282 167 299
3 323 264 359
3 308 324 344
3 244 344 324
3 364 265 314
3 345 325 360
3 319 324 293
3 361 284 298
3 345 347 315
3 348 347 326
3 349 348 326
3 281 348 266
3 326 347 360
3 272 211 143
3 349 489 488
3 374 412 262
3 260 333 288
3 355 271 302
3 497 457 478
3 204 301 366
3 257 374 262
3 942 353 213
3 453 337 479
3 268 321 236
3 318 332 189
3 257 205 261
3 932 356 930
3 60 1179 1792
3 1197 322 305
3 1200 1199 342
3 358 320 204
3 401 351 397
3 307 941 296
3 320 359 343
3 360 325 363
3 363 362 360
3 361 363 237
3 362 361 390
3 298 390 361
3 349 326 928
3 471 327 472
3 362 363 361
3 265 364 345
3 314 346 364
3 188 941 339
3 366 358 204
3 381 282 330
3 366 398 397
3 966 406 371
3 615 608 623
3 495 487 404
3 952 387 336
3 385 441 235
3 924 923 922
3 387 370 336
3 523 521 500
3 1403 411 451
3 521 432 572
3 928 929 349
3 456 955 449
3 373 413 392
3 375 257 261
3 433 412 374
3 392 269 353
3 374 375 338
3 180 376 258
3 376 354 377
3 511 513 1070
3 377 354 414
3 453 454 396
3 476 972 969
3 418 416 287
3 396 379 337
3 463 443 465
3 351 403 381
3 351 401 403
3 274 367 381
3 1441 494 289
3 420 393 417
3 471 446 470
3 447 451 411
3 370 384 333
3 385 384 369
3 952 957 959
3 301 425 398
3 195 95 4373
3 92 901 903
3 336 902 952
3 384 387 369
3 1434 1413 11
3 1414 462 444
3 383 1411 475
3 1708 1402 1407
3 334 390 298
3 390 372 929
3 454 428 378
3 283 262 405
3 338 375 392
3 392 375 269
3 413 954 990
3 415 337 379
3 379 394 300
3 449 394 404
3 1064 422 525
3 490 421 423
3 453 437 454
3 394 396 378
3 398 366 301
3 482 401 397
3 301 440 425
3 380 397 398
3 402 463 380
3 484 468 458
3 400 426 951
3 380 398 402
3 482 397 380
3 401 399 403
3 461 460 443
3 402 400 443
3 464 493 399
3 544 545 493
3 545 548 403
3 532 298 1084
3 435 480 990
3 968 391 967
3 471 430 446
3 1085 531 625
3 923 370 260
3 903 408 904
3 903 901 64
3 1190 410 90
3 1191 407 386
3 906 902 409
3 64 91 410
3 957 902 1190
3 500 368 316
3 283 405 434
3 433 374 338
3 405 412 1418
3 270 394 449
3 412 433 391
3 501 457 436
3 417 512 514
3 416 379 355
3 510 438 414
3 287 416 355
3 395 415 416
3 504 495 428
3 439 437 424
3 332 418 287
3 393 989 438
3 419 422 421
3 423 1425 424
3 187 989 418
3 420 415 395
3 395 393 420
3 396 454 378
3 187 377 438
3 490 479 421
3 424 445 439
3 421 479 419
3 1027 991 1035
3 496 967 459
3 425 440 426
3 400 402 425
3 275 441 426
3 400 951 442
3 541 542 539
3 380 463 464
3 428 454 437
3 482 464 399
3 1103 1089 570
3 373 954 413
3 452 945 946
3 451 447 448
3 428 495 378
3 561 1710 943
3 431 450 531
3 395 418 989
3 338 413 950
3 435 456 449
3 459 480 496
3 1418 974 1704
3 449 404 435
3 480 459 990
3 533 604 605
3 552 564 520
3 479 490 453
3 435 404 487
3 393 438 512
3 417 422 420
3 1417 1715 973
3 458 492 506
3 273 440 301
3 275 426 440
3 235 441 275
3 951 441 385
3 952 369 387
3 443 460 427
3 460 461 444
3 443 427 465
3 467 455 465
3 237 474 284
3 1418 412 391
3 369 952 960
3 475 486 966
3 791 729 764
3 1405 1404 367
3 1404 167 367
3 966 371 448
3 406 450 371
3 567 1087 556
3 411 475 447
3 612 621 607
3 337 415 419
3 945 448 430
3 966 448 447
3 1404 1406 1709
3 446 430 448
3 404 394 378
3 504 1715 1417
3 1403 451 452
3 453 396 337
3 501 354 457
3 490 437 453
3 354 477 457
3 270 955 352
3 180 478 477
3 414 354 501
3 500 524 523
3 423 424 490
3 436 368 498
3 461 443 400
3 462 460 444
3 400 442 461
3 964 461 442
3 962 961 442
3 483 466 965
3 443 463 402
3 463 455 464
3 455 467 468
3 455 468 484
3 965 467 465
3 463 465 455
3 483 427 462
3 526 534 538
3 965 465 427
3 468 467 466
3 516 492 458
3 464 455 484
3 1084 474 1085
3 559 520 575
3 470 327 471
3 450 470 446
3 327 237 472
3 430 947 944
3 237 325 472
3 346 472 325
3 528 518 548
3 1440 1073 1441
3 327 431 474
3 1107 1093 406
3 383 475 411
3 389 1114 475
3 428 437 439
3 1396 4380 1395
3 376 477 354
3 478 180 266
3 488 478 266
3 478 488 489
3 1013 1017 1016
3 950 459 433
3 419 479 337
3 468 526 516
3 961 962 960
3 481 1416 959
3 401 482 399
3 380 464 482
3 540 537 541
3 466 536 534
3 505 516 526
3 464 484 493
3 672 1103 651
3 533 508 573
3 1408 1710 1711
3 561 548 518
3 404 378 495
3 969 480 476
3 266 349 488
3 489 349 316
3 489 316 368
3 497 489 368
3 497 368 436
3 422 419 420
3 572 473 521
3 403 548 561
3 529 530 517
3 493 506 544
3 506 484 458
3 484 506 493
3 491 558 429
3 552 520 562
3 504 428 439
3 487 495 1417
3 480 969 496
3 391 433 967
3 457 497 436
3 478 489 497
3 1086 368 500
3 1037 1064 525
3 476 480 487
3 571 509 576
3 501 513 511
3 521 473 500
3 510 414 511
3 510 511 502
3 1003 1004 515
3 1062 1063 991
3 514 525 417
3 1427 445 1426
3 980 982 978
3 520 559 562
3 543 527 499
3 506 492 529
3 544 529 546
3 649 585 647
3 436 992 513
3 1412 1408 1409
3 507 576 587
3 521 509 432
3 390 522 372
3 511 414 501
3 512 510 502
3 436 513 501
3 436 498 992
3 514 512 502
3 393 512 417
3 994 513 992
3 515 997 1003
3 511 1070 502
3 417 525 422
3 551 1086 473
3 995 997 515
3 468 516 458
3 505 559 543
3 516 543 492
3 586 596 619
3 1089 1090 546
3 1106 1107 692
3 532 553 614
3 615 617 598
3 555 1083 556
3 473 554 551
3 571 432 509
3 316 524 500
3 334 509 522
3 523 509 521
3 372 522 523
3 523 522 509
3 929 316 349
3 372 523 524
3 514 503 525
3 1035 1037 503
3 466 534 468
3 526 468 534
3 555 556 562
3 485 584 671
3 528 1090 518
3 545 399 493
3 560 530 499
3 546 529 517
3 555 562 505
3 499 529 492
3 571 576 507
3 995 513 994
3 574 578 4367
3 1092 564 563
3 533 605 1091
3 532 334 298
3 537 536 466
3 536 538 534
3 535 536 537
3 555 505 526
3 537 466 483
3 535 1074 536
3 542 541 483
3 537 483 541
3 491 429 1074
3 1083 1074 429
3 1435 1071 539
3 4378 1080 4377
3 289 1438 1440
3 535 540 491
3 542 483 462
3 540 541 539
3 964 1414 444
3 542 1413 1434
3 505 543 516
3 560 499 527
3 529 544 506
3 544 528 545
3 548 545 528
3 403 399 545
3 546 517 1089
3 544 546 528
3 517 530 485
3 1537 1536 1534
3 492 543 499
3 529 499 530
3 1075 429 558
3 539 1071 540
3 652 673 4371
3 564 519 520
3 1088 565 1095
3 590 568 579
3 1087 564 552
3 508 572 573
3 485 530 560
3 473 508 554
3 661 787 789
3 1086 551 498
3 526 538 555
3 555 538 1083
3 677 1096 678
3 543 559 527
3 491 540 494
3 494 540 1071
3 1441 1078 494
3 505 562 559
3 552 562 556
3 519 568 575
3 582 584 485
3 518 547 1101
3 518 550 1711
3 485 570 517
3 1075 14 1077
3 663 613 615
3 568 519 566
3 564 1087 569
3 1092 519 564
3 628 619 596
3 629 597 611
3 566 579 568
3 569 563 564
3 575 568 527
3 1442 1088 1443
3 1443 567 1442
3 560 582 485
3 671 649 651
3 576 509 334
3 589 786 816
3 572 432 573
3 473 572 508
3 676 573 600
3 600 432 571
3 586 591 596
3 585 621 612
3 559 575 527
3 519 575 520
3 334 532 576
3 587 532 580
3 587 580 642
3 829 589 816
3 578 582 583
3 621 578 574
3 566 596 591
3 4367 583 590
3 573 432 600
3 754 756 752
3 771 751 770
3 798 595 750
3 583 582 560
3 584 582 578
3 560 527 583
3 527 568 590
3 585 584 578
3 631 647 585
3 591 574 579
3 585 612 631
3 619 637 586
3 591 607 574
3 532 587 576
3 580 613 663
3 531 624 625
3 815 803 715
3 676 786 589
3 600 507 592
3 4367 579 574
3 527 590 583
3 566 591 579
3 607 591 611
3 750 588 798
3 594 599 694
3 615 623 617
3 743 735 712
3 737 754 752
3 1127 1125 1122
3 752 609 737
3 829 602 603
3 566 519 1092
3 596 566 606
3 611 597 607
3 638 622 631
3 702 728 722
3 694 717 594
3 788 773 787
3 688 1118 697
3 816 602 829
3 587 642 507
3 614 608 613
3 717 811 723
3 784 767 716
3 604 533 589
3 1031 1005 1020
3 998 995 993
3 598 752 756
3 604 829 603
3 998 993 1000
3 508 1091 554
3 679 677 628
3 610 619 628
3 611 591 586
3 607 597 612
3 531 626 624
3 580 663 642
3 745 748 593
3 609 598 617
3 610 680 646
3 645 689 718
3 4368 586 637
3 636 620 629
3 644 667 597
3 734 712 727
3 614 613 580
3 615 613 608
3 532 614 580
3 614 553 625
3 624 623 608
3 663 615 598
3 633 662 627
3 633 609 617
3 633 617 616
3 600 592 661
3 592 507 642
3 763 676 600
3 628 596 606
3 619 646 637
3 636 670 620
3 676 589 533
3 578 621 585
3 607 621 574
3 638 631 612
3 732 717 694
3 608 625 624
3 616 617 623
3 531 450 1093
3 616 623 624
3 614 625 608
3 625 553 1085
3 641 674 1106
3 624 626 691
3 674 662 633
3 650 657 659
3 664 679 563
3 677 634 643
3 630 4368 637
3 644 629 620
3 646 630 637
3 665 703 680
3 638 612 597
3 647 631 648
3 593 716 743
3 823 802 795
3 662 674 641
3 737 609 751
3 634 685 681
3 610 628 643
3 699 620 670
3 650 655 657
3 4368 629 611
3 689 670 636
3 646 619 610
3 4368 630 636
3 644 597 629
3 638 667 668
3 749 784 804
3 671 651 570
3 751 609 627
3 627 609 633
3 650 673 652
3 648 639 647
3 714 770 713
3 694 599 640
3 628 606 679
3 681 643 634
3 1760 698 690
3 667 644 635
3 812 821 793
3 687 635 644
3 680 610 681
3 695 646 680
3 648 631 622
3 649 647 639
3 653 648 622
3 653 652 648
3 649 639 651
3 585 649 584
3 4369 668 669
3 653 655 650
3 652 639 648
3 547 1089 1103
3 673 659 660
3 4371 1105 652
3 622 4369 655
3 652 653 650
3 654 669 697
3 675 693 700
3 622 655 653
3 1117 657 655
3 669 654 4369
3 739 717 723
3 1117 655 654
3 1130 659 656
3 869 875 877
3 712 735 721
3 656 659 657
3 658 1134 659
3 700 728 675
3 550 518 1101
3 720 640 726
3 762 788 790
3 674 633 616
3 700 693 662
3 627 662 693
3 778 736 702
3 1094 563 569
3 677 678 634
3 634 678 1100
3 1743 685 1100
3 666 687 698
3 1118 1117 697
3 668 667 635
3 597 667 638
3 668 635 669
3 622 638 668
3 687 709 706
3 706 669 635
3 689 636 630
3 645 690 699
3 485 671 570
3 649 671 584
3 651 1448 672
3 767 784 749
3 659 673 650
3 4371 673 660
3 616 691 674
3 641 1106 692
3 741 717 739
3 693 713 627
3 757 753 754
3 738 794 780
3 628 677 643
3 664 1096 677
3 1094 664 563
3 678 549 1100
3 563 679 606
3 677 679 664
3 681 610 643
3 695 680 703
3 685 1744 1742
3 680 681 665
3 2061 1747 2750
3 685 1743 1744
3 685 634 1100
3 1747 683 2750
3 645 670 689
3 665 681 685
3 1742 1745 1746
3 549 684 1743
3 1449 1450 725
3 730 719 704
3 711 644 620
3 687 666 709
3 697 708 688
3 738 739 742
3 705 646 695
3 718 705 695
3 645 718 719
3 724 690 645
3 624 691 616
3 1106 691 626
3 486 733 406
3 727 712 721
3 700 662 641
3 675 701 713
3 774 791 809
3 997 998 1005
3 695 686 1108
3 630 705 689
3 709 710 696
3 708 697 707
3 669 706 707
3 581 1118 599
3 711 687 644
3 698 711 699
3 645 699 670
3 698 699 690
3 721 641 727
3 700 641 721
3 728 588 675
3 726 640 688
3 663 598 1119
3 732 618 775
3 1746 703 665
3 686 695 703
3 725 730 1449
3 719 724 645
3 646 705 630
3 718 695 704
3 687 706 635
3 707 706 696
3 707 696 708
3 669 707 697
3 1113 696 710
3 731 726 708
3 710 709 666
3 706 709 696
3 690 724 1530
3 708 726 688
3 699 711 620
3 687 711 698
3 745 746 744
3 767 722 716
3 675 713 693
3 714 713 701
3 715 714 701
3 676 533 573
3 588 750 675
3 640 599 688
3 787 661 632
3 694 640 732
3 594 717 741
3 656 1131 1130
3 705 718 689
3 719 718 704
3 1108 1110 704
3 1472 1112 1553
3 1529 666 1760
3 776 775 764
3 727 641 692
3 735 728 700
3 735 716 722
3 581 599 594
3 811 717 732
3 722 767 768
3 1750 730 725
3 809 818 819
3 1464 1453 2731
3 821 838 793
3 696 1113 708
3 720 618 640
3 692 733 727
3 727 733 734
3 735 700 721
3 702 588 728
3 720 764 618
3 656 657 1117
3 686 1110 1108
3 1750 1472 730
3 2079 1543 1764
3 726 731 818
3 640 618 732
3 750 701 675
3 733 692 1107
3 733 486 734
3 486 1114 734
3 743 745 593
3 743 716 735
3 722 728 735
3 736 588 702
3 736 779 781
3 740 794 742
3 571 507 600
3 723 847 742
3 659 1130 1128
3 738 1121 739
3 775 811 732
3 799 595 798
3 780 782 738
3 741 1130 1131
3 723 742 739
3 780 777 779
3 734 746 712
3 1115 746 734
3 383 1708 1407
3 1101 1102 550
3 746 745 743
3 744 1739 748
3 712 746 743
3 1114 1115 734
3 1447 1739 1712
3 805 747 1444
3 744 748 745
3 785 1134 1133
3 593 748 769
3 1121 782 741
3 798 588 736
3 701 750 595
3 627 770 751
3 827 715 825
3 771 1138 751
3 598 609 752
3 759 761 753
3 762 756 753
3 1138 757 737
3 754 753 756
3 803 825 715
3 753 757 759
3 761 762 753
3 762 790 756
3 737 757 754
3 755 877 759
3 814 851 862
3 632 592 642
3 755 759 757
3 1531 761 759
3 1531 1532 1126
3 720 809 791
3 1531 759 758
3 761 760 762
3 663 632 642
3 632 661 592
3 600 661 763
3 760 1120 762
3 765 776 812
3 776 764 729
3 765 812 832
3 768 702 722
3 783 1129 766
3 784 716 593
3 767 749 768
3 783 768 749
3 768 1132 778
3 748 747 769
3 805 785 804
3 713 770 627
3 771 770 714
3 1135 714 715
3 755 1138 1136
3 789 807 817
3 24 602 1539
3 1125 808 789
3 789 763 661
3 1146 852 830
3 863 845 864
3 764 775 618
3 775 765 792
3 821 812 776
3 775 776 765
3 796 781 777
3 779 736 778
3 768 778 702
3 779 778 766
3 780 779 766
3 779 777 781
3 782 780 766
3 738 742 794
3 777 794 796
3 781 796 797
3 766 1132 783
3 1128 782 1129
3 749 804 1133
3 1129 658 1128
3 593 769 784
3 784 769 804
3 805 769 747
3 659 1134 660
3 817 676 763
3 1536 807 808
3 788 787 632
3 787 773 789
3 788 632 790
3 788 762 1120
3 789 773 1125
3 1127 1534 808
3 632 663 790
3 1119 790 663
3 720 791 764
3 774 830 820
3 832 1139 765
3 1140 847 792
3 729 791 820
3 1589 1588 1574
3 796 794 839
3 780 794 777
3 740 846 833
3 803 799 801
3 839 794 740
3 796 795 797
3 801 797 802
3 799 798 781
3 736 781 798
3 799 781 797
3 801 799 797
3 799 803 815
3 802 800 801
3 771 714 1135
3 802 797 795
3 803 801 800
3 823 795 833
3 823 834 802
3 803 826 825
3 701 815 715
3 805 804 769
3 804 785 1133
3 1738 1444 747
3 1446 1134 785
3 715 827 1135
3 786 1763 816
3 786 676 817
3 808 807 789
3 773 1120 1122
3 786 807 806
3 720 818 809
3 731 710 2079
3 820 830 810
3 853 838 831
3 775 792 811
3 723 811 792
3 821 776 729
3 889 1152 793
3 846 848 833
3 828 858 826
3 828 800 834
3 1137 827 1540
3 701 595 815
3 799 815 595
3 806 772 1539
3 1763 786 806
3 789 817 763
3 786 817 807
3 726 818 720
3 819 818 731
3 710 666 1529
3 1764 1142 819
3 774 820 791
3 820 831 821
3 729 820 821
3 831 820 810
3 882 876 866
3 813 854 841
3 796 839 795
3 813 841 834
3 841 824 834
3 851 858 842
3 826 803 800
3 825 814 870
3 828 826 800
3 814 825 826
3 868 851 835
3 1135 827 1136
3 834 800 802
3 828 824 842
3 24 1007 602
3 589 829 604
3 1141 843 774
3 774 843 830
3 831 810 845
3 821 831 838
3 793 832 812
3 1562 822 1145
3 846 740 847
3 823 833 1144
3 813 834 823
3 828 834 824
3 835 842 855
3 2094 868 835
3 1465 1457 1466
3 1484 1470 1479
3 810 830 852
3 845 863 837
3 853 831 845
3 866 853 837
3 740 833 839
3 795 839 833
3 1139 792 765
3 1147 1144 848
3 854 813 1147
3 1148 850 855
3 1148 855 842
3 851 842 835
3 774 809 1142
3 1143 843 836
3 1548 1766 1545
3 2126 866 871
3 864 859 863
3 845 837 853
3 740 742 847
3 846 840 848
3 792 847 723
3 840 846 847
3 840 1145 848
3 1145 1563 1158
3 853 876 838
3 880 878 857
3 856 824 841
3 1603 1564 856
3 862 851 868
3 814 826 858
3 1146 830 843
3 844 1150 852
3 865 837 863
3 881 838 876
3 813 1144 1147
3 856 841 1603
3 1148 842 824
3 1564 1767 1570
3 1603 854 1604
3 1604 854 849
3 835 855 867
3 875 857 878
3 842 858 828
3 814 858 851
3 1151 1605 859
3 837 871 866
3 882 884 872
3 881 793 838
3 877 886 887
3 3729 879 873
3 874 862 857
3 825 870 827
3 864 845 810
3 865 863 859
3 810 852 864
3 1150 864 852
3 859 1150 1151
3 1501 1517 1518
3 871 837 865
3 866 860 882
3 1769 855 850
3 867 2094 835
3 2116 2117 1770
3 857 862 868
3 869 874 875
3 755 1136 1137
3 814 862 870
3 862 874 1540
3 1517 1501 1503
3 871 865 1778
3 1778 1780 871
3 884 885 872
3 890 872 885
3 878 880 873
3 875 874 857
3 869 1137 1540
3 878 873 879
3 869 877 755
3 866 876 853
3 879 886 878
3 2117 3350 3351
3 759 877 758
3 1570 850 1564
3 3352 861 3353
3 880 857 868
3 876 872 881
3 887 888 1532
3 877 875 886
3 860 2131 884
3 793 881 889
3 876 882 872
3 1570 898 1584
3 832 1152 822
3 860 884 882
3 884 883 2118
3 885 1565 892
3 894 889 890
3 878 886 875
3 887 886 879
3 888 887 879
3 877 887 758
3 3353 3354 3352
3 888 1533 1126
3 872 890 881
3 892 894 890
3 892 890 885
3 889 881 890
3 1767 1567 1572
3 896 1563 1154
3 1589 1592 1596
3 892 891 894
3 1571 893 1156
3 1155 899 1157
3 894 891 1155
3 889 894 1154
3 1565 895 891
3 1587 1776 1591
3 1155 891 895
3 1147 1158 854
3 893 1153 1156
3 850 856 1564
3 1581 1574 1579
3 1571 1574 1588
3 895 897 1153
3 1157 899 1768
3 64 901 91
3 907 901 92
3 115 111 1193
3 64 408 903
3 96 905 95
3 90 481 957
3 904 1191 1192
3 905 904 95
3 92 903 905
3 904 905 903
3 64 410 906
3 1190 906 410
3 10 94 907
3 907 94 901
3 909 908 73
3 908 101 4365
3 95 909 73
3 101 909 195
3 85 910 87
3 111 910 83
3 1179 1171 1177
3 1216 4372 1173
3 118 912 107
3 912 106 913
3 1194 106 124
3 206 278 1195
3 1194 914 913
3 1196 914 1194
3 125 915 119
3 141 156 915
3 195 199 916
3 198 916 199
3 201 917 161
3 149 917 208
3 252 918 233
3 918 221 249
3 279 919 264
3 292 307 919
3 921 200 197
3 941 920 339
3 922 921 197
3 339 920 921
3 197 199 924
3 339 922 260
3 407 923 386
3 260 922 923
3 197 924 922
3 924 199 1192
3 1400 925 244
3 246 925 313
3 934 173 1798
3 1214 1223 1220
3 927 1199 1200
3 927 1200 1203
3 326 362 928
3 929 928 362
3 929 362 390
3 929 524 316
3 1390 932 930
3 356 173 930
3 1392 1391 340
3 1251 1266 1255
3 1390 930 340
3 1289 1284 1314
3 932 931 1811
3 1614 1611 1183
3 341 173 934
3 1798 173 935
3 356 1398 173
3 1622 935 1707
3 266 936 281
3 258 936 180
3 162 213 937
3 353 937 213
3 968 969 971
3 932 1390 931
3 1708 1401 1402
3 946 948 452
3 214 940 303
3 259 142 940
3 296 941 188
3 920 941 307
3 352 942 321
3 353 942 373
3 381 403 943
3 561 943 403
3 944 946 945
3 451 945 452
3 945 451 448
3 946 944 311
3 311 313 946
3 948 946 313
3 472 947 471
3 346 944 947
3 1400 948 313
3 949 948 939
3 1401 949 939
3 1403 383 411
3 950 413 990
3 433 338 950
3 441 951 426
3 962 951 385
3 964 442 961
3 902 957 952
3 953 1404 1405
3 1116 744 1115
3 352 954 373
3 990 954 456
3 449 955 270
3 954 955 456
3 1413 1415 11
3 388 1416 481
3 963 961 958
3 959 960 952
3 481 959 957
3 959 958 960
3 960 958 961
3 385 369 960
3 958 1416 963
3 444 461 964
3 951 962 442
3 960 962 385
3 963 1414 964
3 1414 1713 1415
3 961 963 964
3 963 388 1713
3 467 965 466
3 427 483 965
3 475 966 447
3 406 966 486
3 459 967 433
3 968 967 496
3 496 969 968
3 391 968 974
3 476 973 972
3 972 971 969
3 1419 981 1714
3 1391 1394 1390
3 977 971 978
3 968 971 976
3 476 1417 973
3 971 972 970
3 983 979 980
3 970 972 973
3 971 977 976
3 1396 1395 938
3 970 981 983
3 982 988 975
3 970 978 971
3 974 968 976
3 977 975 2024
3 976 977 1705
3 980 978 970
3 975 977 978
3 986 987 984
3 982 979 986
3 970 973 1714
3 982 980 979
3 504 439 1716
3 1039 1048 1052
3 981 2056 983
3 978 982 975
3 970 983 980
3 2056 1420 983
3 1325 1332 1333
3 986 988 982
3 2084 2692 2082
3 987 986 979
3 987 979 1420
3 986 984 988
3 1069 1060 1066
3 2043 3126 987
3 1663 1667 1669
3 1675 1397 1819
3 438 989 187
3 395 989 393
3 435 990 456
3 950 990 459
3 503 1030 1034
3 1035 1032 1027
3 498 551 992
3 994 551 993
3 554 1091 1015
3 554 1421 551
3 551 994 992
3 995 994 993
3 998 997 995
3 995 515 1070
3 1011 604 603
3 1016 998 1000
3 1009 603 1007
3 1003 1001 1004
3 1000 1421 554
3 1007 24 1006
3 1007 1010 1009
3 1028 1029 1026
3 1002 1029 1028
3 503 1033 1030
3 997 1002 1003
3 1001 1003 1002
3 603 1009 1011
3 1013 1000 1015
3 997 1005 1002
3 1033 1004 1001
3 514 502 1004
3 515 1004 502
3 602 1007 603
3 1020 1005 1016
3 1010 1006 996
3 1014 1010 996
3 1015 1011 1013
3 1007 1006 1010
3 1011 1009 1008
3 1010 1014 1008
3 1008 1009 1010
3 1011 1008 1013
3 1011 605 604
3 1008 1014 1017
3 996 1012 1014
3 998 1016 1005
3 999 1018 1012
3 1018 1017 1014
3 554 1015 1000
3 1011 1015 605
3 1000 1013 1016
3 1013 1008 1017
3 1014 1012 1018
3 1016 1017 1020
3 1031 1022 1029
3 1017 1018 1020
3 999 1021 1018
3 999 1019 1021
3 1023 1020 1021
3 1023 1021 1019
3 1020 1018 1021
3 1024 1022 1023
3 1026 1022 1024
3 1024 1023 1019
3 1020 1023 1022
3 1019 382 1024
3 1001 1028 1030
3 382 1422 1024
3 1026 1024 1422
3 1042 1721 1044
3 1026 1025 1028
3 1047 1051 1048
3 1034 1035 503
3 1030 1028 1025
3 1001 1002 1028
3 1002 1005 1031
3 1026 1029 1022
3 1034 1025 1032
3 503 514 1033
3 1022 1031 1020
3 1002 1031 1029
3 1026 1422 1423
3 1062 423 1063
3 1004 1033 514
3 1001 1030 1033
3 1025 1034 1030
3 1035 1034 1032
3 1027 1032 1042
3 503 1037 525
3 1042 1032 1043
3 991 1027 1041
3 1035 991 1037
3 991 1063 1064
3 1027 1044 1041
3 1718 1422 382
3 1046 1047 1048
3 382 1040 1718
3 1041 1046 1039
3 1027 1042 1044
3 1041 1039 1045
3 1043 1032 1025
3 1718 1423 1422
3 1423 1025 1026
3 1043 1423 1718
3 1043 1424 1042
3 1044 1047 1046
3 1039 1052 1056
3 424 1425 445
3 1041 1044 1046
3 1720 1044 1721
3 1057 1051 4375
3 1039 1046 1048
3 4375 1429 1055
3 1428 1050 1051
3 1054 1049 1722
3 1428 1051 1047
3 1051 1057 1053
3 1045 1039 1056
3 1053 1048 1051
3 1048 1053 1052
3 1049 1054 1056
3 1432 1725 1727
3 1049 1052 1053
3 1057 1059 1049
3 1045 1426 1425
3 1722 1049 1059
3 1049 1053 1057
3 1049 1056 1052
3 1045 1056 1054
3 1060 1057 1055
3 1060 1059 1057
3 1431 1069 1066
3 987 1420 2043
3 1066 1055 304
3 1419 1717 2055
3 422 1064 421
3 1065 1431 1067
3 1649 1660 1664
3 1731 1069 1732
3 1041 1045 1062
3 423 1062 1045
3 423 421 1063
3 1064 1063 421
3 991 1064 1037
3 1055 1066 1060
3 2710 2726 2708
3 1061 2078 1725
3 1066 304 1067
3 1060 1731 1059
3 1066 1067 1431
3 1730 1732 1069
3 995 1070 513
3 502 1070 515
3 11 1072 1436
3 289 494 1071
3 12 1437 4376
3 1435 289 1071
3 1737 13 1076
3 558 1079 1075
3 536 1074 538
3 491 1074 535
3 558 1078 1079
3 14 1442 1077
3 1082 1079 1078
3 14 1075 1079
3 567 556 1077
3 1077 556 1083
3 494 1078 558
3 1076 1079 1082
3 1081 14 1079
3 1077 1442 567
3 1082 1737 1076
3 4377 1078 1073
3 1079 1076 1081
3 1082 1078 4377
3 1074 1083 538
3 1083 429 1075
3 474 1084 284
3 553 532 1084
3 1085 553 1084
3 431 531 1085
3 368 1086 498
3 473 1086 500
3 556 1087 552
3 567 569 1087
3 547 518 1090
3 1096 1099 678
3 546 1090 528
3 517 570 1089
3 547 1090 1089
3 533 1091 508
3 1015 1091 605
3 563 606 1092
3 566 1092 606
3 406 1093 450
3 626 531 1093
3 1095 1094 569
3 1097 1099 1098
3 569 567 1443
3 1097 1098 565
3 664 1094 1096
3 1095 565 1098
3 678 1099 549
3 1094 1095 1098
3 1094 1098 1096
3 1098 1099 1096
3 549 1099 1097
3 1741 1745 1747
3 2751 15 3134
3 1103 1101 547
3 1102 1101 672
3 1445 672 1448
3 1444 1738 1102
3 651 1103 570
3 1101 1103 672
3 1105 651 639
3 1134 1446 660
3 652 1105 639
3 1448 1105 1104
3 691 1106 674
3 1107 1106 626
3 1093 1107 626
3 733 1107 406
3 1109 1110 686
3 704 695 1108
3 1453 1109 1455
3 1109 1453 1450
3 1449 1110 1109
3 730 704 1110
3 1472 1550 719
3 1542 1552 1541
3 1454 725 1450
3 1749 1457 1471
3 710 731 1113
3 708 1113 731
3 475 1114 486
3 1114 389 1115
3 1116 1115 389
3 744 746 1115
3 1410 1411 1407
3 953 1405 1412
3 697 1117 654
3 656 1117 581
3 599 1118 688
3 1117 1118 581
3 598 756 1119
3 790 1119 756
3 1120 1123 1122
3 788 1120 773
3 2036 1762 2074
3 1127 601 1534
3 1123 1120 760
3 1762 1533 1761
3 760 1126 1123
3 738 782 1121
3 1538 601 1127
3 1127 808 1125
3 773 1122 1125
3 1122 1123 2036
3 760 761 1531
3 739 1121 741
3 888 3731 1533
3 1128 658 659
3 741 782 1128
3 766 1129 782
3 1129 783 1133
3 656 581 1131
3 741 1128 1130
3 581 594 1131
3 741 1131 594
3 778 1132 766
3 768 783 1132
3 1129 1133 658
3 1133 783 749
3 1133 1134 658
3 1446 785 805
3 755 757 1138
3 827 1137 1136
3 771 1135 1136
3 1540 827 870
3 755 1137 869
3 751 1138 737
3 771 1136 1138
3 822 1139 832
3 1140 1139 1562
3 847 1140 840
3 792 1139 1140
3 1529 1111 1543
3 836 843 1541
3 819 1142 809
3 1141 774 1142
3 1524 1506 1501
3 852 1143 844
3 823 1144 813
3 833 848 1144
3 1562 1145 840
3 1563 1145 822
3 843 1143 1146
3 1143 852 1146
3 848 1145 1147
3 1157 1158 1563
3 824 856 1148
3 850 1148 856
3 899 1155 895
3 1768 1153 893
3 1151 1150 844
3 864 1150 859
3 2070 1112 1466
3 1510 1508 1502
3 793 1152 832
3 1154 1152 889
3 1583 1582 897
3 1575 1572 1588
3 1154 822 1152
3 1155 1154 894
3 1155 896 1154
3 1565 1771 1583
3 1577 1573 1590
3 1567 1768 893
3 1158 1157 849
3 1155 1157 896
3 854 1158 849
3 1145 1158 1147
3 1165 1164 1162
3 88 1159 1162
3 1163 1169 1166
3 1159 900 1172
3 1163 1162 1159
3 7 54 1164
3 1161 7 1164
3 900 1173 4372
3 1160 1165 1166
3 1166 1165 1163
3 54 88 1164
3 1160 1161 1165
3 1169 1172 4372
3 1170 1160 1166
3 1204 1201 1203
3 1170 1171 1608
3 1172 1169 1163
3 1170 1166 1174
3 1608 60 1168
3 1174 1166 1169
3 1168 1160 1170
3 1175 1174 1169
3 1175 1177 1171
3 1159 1172 1163
3 1616 900 1189
3 1216 1616 1193
3 1167 1216 1211
3 1175 1169 1167
3 1170 1174 1171
3 1167 1215 1177
3 1171 1174 1175
3 1209 1211 1207
3 1182 1610 1609
3 1167 1177 1175
3 1177 1176 1180
3 1207 1211 911
3 1611 1184 1612
3 1178 1792 1609
3 1608 1179 60
3 1795 1182 1180
3 1183 1610 1185
3 1220 1202 1206
3 1187 1181 1186
3 1795 1180 1176
3 1185 1182 1181
3 1187 1183 1185
3 1179 1180 1609
3 1180 1182 1609
3 1618 1795 1796
3 1178 1609 1612
3 1226 1626 1627
3 1187 1188 1183
3 1181 1187 1185
3 1187 1186 1802
3 1228 1202 1222
3 1232 1626 1226
3 1189 115 1616
3 58 1189 900
3 957 1190 90
3 906 1190 902
3 1192 1191 386
3 408 1191 904
3 924 1192 386
3 4373 199 195
3 1619 122 1219
3 1193 911 1216
3 1194 154 1196
3 106 1194 913
3 1195 1213 1205
3 914 1195 1217
3 215 1196 154
3 206 914 1196
3 322 1197 357
3 305 926 1197
3 1199 357 342
3 1198 927 1213
3 927 1198 1199
3 357 1199 1198
3 1200 342 1206
3 1207 911 1218
3 1217 1212 112
3 1217 1205 1212
3 342 1214 1206
3 1618 1794 2225
3 1204 1203 1200
3 1205 1203 1201
3 1617 1200 1206
3 1202 1794 1210
3 1205 1201 1212
3 1195 278 1213
3 1214 342 926
3 1202 1210 1617
3 1201 1204 1207
3 1207 1204 1209
3 1209 1204 1210
3 1211 1215 1167
3 1204 1617 1210
3 1209 1208 1211
3 1618 1797 1794
3 1209 1210 1797
3 1215 1211 1208
3 1167 4372 1216
3 1201 1218 1212
3 122 112 1219
3 1198 1213 278
3 927 1205 1213
3 1620 926 1621
3 1222 1202 1220
3 1796 1215 1208
3 1177 1215 1176
3 1216 1173 1616
3 911 1211 1216
3 914 1217 112
3 1205 1217 1195
3 1207 1218 1201
3 1219 911 1193
3 911 1219 1218
3 111 1619 1193
3 1206 1214 1220
3 1223 1222 1220
3 1221 1223 1225
3 1230 1221 1225
3 1229 1222 1221
3 1229 1228 1222
3 1214 1620 1225
3 1221 1222 1223
3 926 1620 1214
3 1623 1230 1225
3 1214 1225 1223
3 1622 1623 1224
3 1623 1225 1224
3 1231 1243 1232
3 1235 1231 1233
3 1229 1232 1226
3 1799 1228 1226
3 2225 1186 1181
3 1232 1221 1230
3 1228 1229 1226
3 1233 1230 1227
3 1232 1229 1221
3 1625 1283 1234
3 1239 1231 1237
3 1233 1232 1230
3 1231 1239 1243
3 1625 1227 1624
3 1232 1233 1231
3 1283 1698 1696
3 1246 1252 1238
3 1625 1233 1227
3 1274 1234 1268
3 1268 1275 1258
3 1246 1238 1240
3 1274 1235 1234
3 1236 1240 1239
3 1238 1239 1240
3 1241 1238 1262
3 1236 1239 1237
3 1238 1241 1243
3 1245 1240 1236
3 1246 1245 1248
3 1238 1252 1262
3 1799 1627 1802
3 1250 1253 1247
3 1255 1260 1251
3 1238 1243 1239
3 1243 1241 1626
3 1244 1248 1255
3 1249 1256 1273
3 1236 1253 1250
3 1248 1245 1242
3 1245 1246 1240
3 1244 1256 1252
3 1263 1247 1253
3 1265 1279 1302
3 1260 1255 1248
3 1246 1248 1244
3 1249 1252 1256
3 1803 1628 1801
3 1236 1250 1245
3 1247 1264 1259
3 1242 1250 1259
3 1304 1260 1265
3 1244 1252 1246
3 1262 1252 1803
3 1274 1236 1237
3 1268 1258 1263
3 1276 1263 1277
3 1309 1261 1280
3 1260 1248 1242
3 1280 1261 1266
3 1255 1266 1272
3 1291 1281 1267
3 1804 1628 1803
3 1188 1187 1802
3 1294 1269 1277
3 1264 1254 1259
3 1247 1259 1250
3 1259 1265 1260
3 1242 1259 1260
3 1265 1259 1254
3 1292 1804 1273
3 1244 1255 1272
3 1803 1252 1249
3 1262 1257 1800
3 1268 1263 1253
3 1263 1258 1277
3 1264 1247 1276
3 1276 1269 1296
3 1265 1254 1279
3 1265 1302 1304
3 1251 1288 1280
3 1266 1261 1272
3 1290 1281 1261
3 1313 1310 1290
3 1253 1236 1274
3 1268 1234 1275
3 1697 1258 1275
3 1270 1279 1297
3 1285 1254 1264
3 1297 1279 1298
3 1636 1319 1288
3 1386 1334 1361
3 1281 1272 1261
3 1244 1272 1256
3 1291 1256 1272
3 1292 1273 1267
3 1274 1237 1235
3 1253 1274 1268
3 1234 1283 1275
3 1314 1284 1294
3 1263 1276 1247
3 1296 1285 1264
3 1258 1314 1294
3 1276 1277 1269
3 1308 1269 1633
3 1632 1305 1636
3 1298 1286 1297
3 1303 1302 1279
3 1251 1280 1266
3 1306 1338 1305
3 1309 1290 1261
3 1291 1267 1273
3 1312 1292 1267
3 1793 1615 6
3 1234 1235 1625
3 1399 1398 356
3 1289 1336 1284
3 1315 1318 1335
3 1296 1264 1276
3 1285 1278 1300
3 1340 1339 1806
3 1297 1299 1270
3 1287 1303 1306
3 1809 1630 1806
3 1304 1288 1251
3 1629 1321 1631
3 1635 1335 1318
3 1629 1290 1309
3 1344 4379 1331
3 1281 1290 1310
3 1256 1291 1273
3 1272 1281 1291
3 1311 1329 1328
3 1812 1804 1282
3 1310 1267 1281
3 1330 1312 1328
3 1258 1294 1277
3 1318 1294 1284
3 1707 1398 1399
3 1348 1399 1644
3 1318 1633 1294
3 1278 1285 1296
3 1298 1279 1254
3 1299 1297 1286
3 1254 1285 1298
3 1300 1298 1285
3 1301 1286 1300
3 1375 1377 1384
3 1301 1300 1278
3 1298 1300 1286
3 1269 1308 1296
3 1301 1350 1375
3 1303 1279 1270
3 1304 1302 1287
3 1307 1306 1303
3 1287 1302 1303
3 1304 1287 1632
3 1260 1304 1251
3 1270 1299 3471
3 1295 1331 1289
3 1307 1303 1270
3 1366 1315 1335
3 1629 1631 3
3 1327 1306 1307
3 1633 1315 1308
3 1333 1271 1325
3 1288 1319 1280
3 1319 1321 1280
3 1638 1329 1363
3 1329 1638 1637
3 1357 1700 1330
3 1267 1311 1312
3 1267 1310 1311
3 1329 1323 1328
3 1358 1344 1295
3 1310 1313 1311
3 1697 1275 1696
3 1314 1697 1289
3 1335 1635 1326
3 1301 1278 1325
3 1384 1286 1301
3 1325 1350 1301
3 1632 1306 1305
3 1288 1632 1636
3 1296 1308 1332
3 1636 1630 1319
3 1379 3470 3471
3 1338 1306 1327
3 4374 1353 1354
3 1280 1321 1309
3 1357 1346 1700
3 1630 1321 1319
3 1312 1311 1328
3 931 1394 1706
3 1367 1647 1649
3 1332 1325 1278
3 1271 1361 1350
3 1352 1645 1336
3 1359 1271 1333
3 1307 3470 1353
3 1327 1322 1338
3 1329 1311 1313
3 1330 1328 1323
3 1641 1699 1356
3 1323 1329 1637
3 1357 1293 1346
3 1330 1700 2081
3 1344 1331 1295
3 1352 1336 1351
3 1296 1332 1278
3 1332 1308 1333
3 1308 1315 1333
3 1365 1359 1333
3 1350 1361 1334
3 3473 2402 3474
3 1635 1318 1284
3 1359 1365 1381
3 1289 1331 1351
3 1351 1693 1352
3 3223 1378 3224
3 1343 1355 1808
3 1341 1338 1322
3 1305 1338 1340
3 1339 1341 1343
3 1806 1807 1320
3 1341 1340 1338
3 1340 1806 1630
3 4374 1343 1341
3 1340 1341 1339
3 4374 1342 1343
3 2947 2080 3211
3 4374 1341 1322
3 1355 1343 1342
3 1293 1357 1323
3 1323 1637 1293
3 1699 1363 1313
3 1329 1313 1363
3 1642 1347 6
3 1323 1357 1330
3 1312 1330 1347
3 1344 1358 1348
3 356 932 1644
3 1368 1370 1372
3 1374 1361 1271
3 1271 1350 1325
3 1376 1375 1350
3 1693 1331 1324
3 1336 1289 1351
3 1646 1648 1651
3 1646 1658 1660
3 1307 1353 1327
3 1337 3214 1353
3 1986 2006 1972
3 4374 2688 1342
3 2402 2945 2946
3 1316 1695 1810
3 3 1699 1290
3 1346 1380 1700
3 1696 1358 1295
3 1344 1348 4379
3 1698 1283 1624
3 1365 1333 1315
3 1359 1349 1382
3 1335 1326 1366
3 1360 1366 1368
3 1374 1271 1359
3 1349 1372 1373
3 1362 1376 1378
3 1377 1379 1299
3 1640 4 1639
3 1639 1345 1638
3 2003 1380 5
3 2057 1347 2081
3 1315 1360 1365
3 1381 1365 1360
3 1326 1647 1368
3 1315 1366 1360
3 1326 1336 1645
3 1360 1368 1372
3 1326 1368 1366
3 1368 1367 1370
3 1371 1369 1370
3 1858 2252 1383
3 1370 1367 1814
3 1372 1370 1369
3 1368 1647 1367
3 1673 1663 1671
3 1373 1372 1369
3 1372 1349 1381
3 1371 1664 1690
3 2244 1829 1686
3 2882 1701 1383
3 1382 1701 2882
3 1376 1350 1334
3 1377 1375 1362
3 1378 1376 1334
3 1362 1375 1376
3 1377 1362 3472
3 1384 1299 1286
3 2252 1386 1387
3 1854 1837 1852
3 3472 1378 3223
3 3469 3470 1379
3 1372 1381 1360
3 2003 1364 1700
3 1359 1381 1349
3 1701 1349 1373
3 1374 1359 1382
3 1832 1688 1831
3 1386 1389 1334
3 1375 1384 1301
3 1299 1384 1377
3 1825 1831 1688
3 1385 1864 2253
3 1387 1386 1361
3 1389 1386 2254
3 1361 1374 1387
3 1382 2882 1374
3 1834 1849 1823
3 1857 1851 1853
3 2254 1386 1385
3 1378 1389 1388
3 340 1391 1390
3 1395 1391 938
3 1392 340 142
3 1395 1394 1391
3 283 1392 142
3 938 1391 1392
3 1702 4380 1705
3 1820 988 2881
3 1706 1393 1397
3 931 1390 1394
3 938 1703 1396
3 1393 1394 1395
3 1704 1396 1703
3 1704 974 1705
3 2223 1657 1818
3 1816 1815 1324
3 1644 1399 356
3 935 173 1398
3 1348 1358 1399
3 1358 1698 1707
3 324 1400 244
3 948 1400 939
3 4370 1401 939
3 1401 365 1402
3 1709 1402 365
3 1402 1406 1407
3 452 949 1403
3 1403 949 1708
3 1405 367 274
3 1406 1404 953
3 274 1408 1405
3 1712 1410 1409
3 1406 953 1407
3 1406 1402 1709
3 953 1410 1407
3 1116 1411 1410
3 1710 1408 274
3 1738 550 1102
3 1408 1711 1740
3 744 1116 1712
3 1410 953 1412
3 1411 1116 389
3 475 1411 389
3 383 1407 1411
3 1408 1412 1405
3 1410 1412 1409
3 462 1413 542
3 1413 462 1414
3 1414 963 1713
3 11 1415 956
3 1413 1414 1415
3 963 1416 388
3 959 1416 958
3 487 1417 476
3 504 1417 495
3 405 1418 434
3 391 974 1418
3 1427 2088 2689
3 1716 1717 1419
3 983 1420 979
3 2043 1420 985
3 1000 993 1421
3 993 551 1421
3 1424 1718 1038
3 1038 1718 1040
3 1719 1424 1038
3 1043 1025 1423
3 1042 1424 1721
3 423 1045 1425
3 1426 1045 1054
3 1427 1426 1054
3 445 1425 1426
3 2102 2690 1433
3 1419 1715 1716
3 1720 1428 1047
3 1036 1050 1428
3 304 1055 1429
3 1429 4375 1050
3 1683 1691 1679
3 1061 1725 1432
3 1069 1431 1730
3 1727 1728 1730
3 1065 1432 1727
3 1068 1734 1733
3 1433 1733 2102
3 542 1434 539
3 1434 1436 1435
3 4376 1438 1439
3 11 1436 1434
3 1439 1436 1072
3 1439 1438 1435
3 1435 1438 289
3 1440 1438 1437
3 1436 1439 1435
3 4376 1072 12
3 1437 557 1440
3 1440 557 1073
3 1440 1441 289
3 1078 1441 1073
3 1088 1095 1443
3 14 1088 1442
3 569 1443 1095
3 1102 1445 1444
3 1104 4371 1446
3 672 1445 1102
3 1104 1444 1445
3 805 1444 1446
3 1104 1446 1444
3 1447 1738 1739
3 1740 1409 1408
3 1105 1448 651
3 1445 1448 1104
3 1110 1449 730
3 1450 1449 1109
3 1458 1741 1455
3 1452 1454 1459
3 1741 1451 1455
3 1461 1452 1459
3 1463 1452 1461
3 1454 1465 725
3 1109 686 1455
3 1459 1454 1464
3 1464 1450 1453
3 1471 1748 1452
3 686 1458 1455
3 685 1742 1746
3 1741 1747 2061
3 1468 1473 1475
3 1461 1460 1467
3 1748 1471 1457
3 703 1746 686
3 1451 2061 2751
3 1464 1454 1450
3 2738 1461 1459
3 2731 2062 2732
3 1473 1467 1460
3 2738 1459 1456
3 1461 1467 1463
3 1479 1751 1484
3 1493 1470 1485
3 1479 1463 1462
3 1452 1463 1471
3 2731 1453 1451
3 1459 1464 1456
3 1748 1454 1452
3 1457 2070 1466
3 1466 1112 1472
3 1465 1466 1750
3 2738 2732 2735
3 1462 1463 1467
3 1467 1469 1462
3 1473 1469 1467
3 1469 1468 1490
3 1753 1752 1482
3 1462 1469 1482
3 1552 1545 1547
3 1479 1471 1463
3 1749 1471 1470
3 1553 1550 1472
3 730 1472 719
3 1460 2735 1475
3 1468 1469 1473
3 2732 1456 2731
3 1475 1477 1468
3 1460 1475 1473
3 2736 1477 1474
3 2733 2730 2737
3 2741 2745 1476
3 1474 1477 1475
3 1476 2745 1478
3 2753 3160 2790
3 1477 1478 1491
3 1751 1482 1481
3 1471 1479 1470
3 1478 18 1758
3 1485 1499 1493
3 1481 1492 1485
3 1470 1484 1485
3 1491 1490 1468
3 1482 1480 1494
3 1502 1504 1500
3 1488 1759 1495
3 1751 1479 1462
3 1485 1484 1481
3 1759 1492 1494
3 1555 836 1547
3 1491 1478 1758
3 1490 1753 1469
3 1494 1492 1481
3 1752 1755 2108
3 1752 1486 1756
3 1558 1143 836
3 1492 1497 1485
3 1516 1489 1499
3 1468 1477 1491
3 1486 1752 1753
3 2831 1483 3349
3 1486 1490 1491
3 1498 1497 1492
3 1485 1497 1499
3 2092 1749 1493
3 1482 1494 1481
3 1494 1480 1495
3 1480 1482 1752
3 3158 2830 2085
3 1497 1498 1496
3 1516 1499 1503
3 1498 1492 1488
3 1497 1496 1499
3 1504 1502 1488
3 1498 1488 1502
3 1503 1499 1496
3 1489 1493 1499
3 2181 2177 3785
3 1526 1519 1523
3 1496 1498 1508
3 1503 1496 1509
3 1504 1488 1495
3 1502 1500 1510
3 1508 1505 1509
3 1503 1501 1506
3 2085 2830 2108
3 1504 1495 2830
3 1512 1505 1510
3 1505 1514 1515
3 1524 1501 1520
3 1765 2093 1551
3 1514 1505 1512
3 1505 1515 1507
3 1502 1508 1498
3 1509 1505 1507
3 1509 1507 1517
3 1496 1508 1509
3 3141 1512 1510
3 1508 1510 1505
3 1504 2830 3158
3 2846 2844 2144
3 3141 1510 1500
3 1511 4385 1514
3 2170 2845 2146
3 865 1607 1778
3 1511 1514 1512
3 1514 1513 1515
3 1519 1520 1523
3 1515 3787 1507
3 1503 1506 1516
3 1489 1516 1506
3 1509 1517 1503
3 1518 1517 1507
3 1513 1527 1515
3 1561 1557 1560
3 1501 1518 1520
3 3625 3787 1527
3 1518 3625 1523
3 1519 1522 1524
3 1527 3624 3625
3 859 1605 865
3 1556 1522 1557
3 1551 1555 1547
3 1518 1523 1520
3 3772 3628 3627
3 1519 1524 1520
3 1524 1522 2093
3 3626 3553 3624
3 865 1605 1790
3 3628 1523 1521
3 1525 1606 1528
3 2836 3167 2120
3 1787 1779 1785
3 1560 1151 844
3 1526 1528 1559
3 1529 1760 1530
3 1542 1543 1111
3 1546 1549 1550
3 1529 1530 1111
3 1532 1531 758
3 760 1531 1126
3 887 1532 758
3 888 1126 1532
3 2036 2089 1762
3 1533 1762 2089
3 1537 772 806
3 1534 1535 1537
3 807 1536 806
3 1534 601 1535
3 808 1534 1536
3 772 1537 1535
3 806 1536 1537
3 602 816 1763
3 2074 1538 1127
3 772 24 1539
3 862 1540 870
3 869 1540 874
3 843 1141 1541
3 1542 1541 1141
3 1142 1764 1141
3 1542 1111 1545
3 1764 1542 1141
3 2079 710 1529
3 1554 1544 1766
3 2093 1765 1506
3 1548 1545 1111
3 1547 1545 1544
3 1548 1111 1549
3 1553 1554 1546
3 1551 1547 1544
3 836 1541 1552
3 1549 1111 1530
3 1548 1546 1766
3 724 1549 1530
3 1546 1548 1549
3 1549 724 1550
3 719 1550 724
3 1765 1489 1506
3 1555 1551 1556
3 1545 1552 1542
3 836 1552 1547
3 1554 1553 1112
3 1546 1550 1553
3 2070 1457 1749
3 2103 1765 2107
3 1556 1551 1522
3 836 1555 1558
3 1522 1519 1557
3 1561 1143 1558
3 1519 1559 1557
3 1559 1560 1557
3 1555 1556 1558
3 1556 1557 1561
3 1526 1559 1519
3 1560 1559 1528
3 1151 1560 1528
3 1560 844 1561
3 1143 1561 844
3 1561 1558 1556
3 1140 1562 840
3 822 1562 1139
3 1154 1563 822
3 1563 896 1157
3 891 892 1565
3 1564 1149 1566
3 850 1570 1578
3 1566 1767 1564
3 1567 1566 1149
3 899 895 1153
3 1567 1149 1604
3 897 1579 1153
3 1596 1588 1589
3 1572 1773 1767
3 1594 1593 1576
3 1579 1156 1153
3 1768 1567 849
3 1567 1571 1572
3 1589 1574 1591
3 1767 1773 898
3 2115 867 1769
3 893 1571 1567
3 897 895 1565
3 1574 1571 1156
3 1591 1574 1581
3 1574 1156 1579
3 1573 1577 1584
3 2122 2125 1602
3 1585 2122 1776
3 1577 3165 3163
3 1578 2115 1769
3 1584 1578 1570
3 1770 3562 2094
3 1582 1579 897
3 1582 1581 1579
3 1583 1580 1582
3 2120 1585 1587
3 1581 1580 1587
3 1593 1590 1573
3 1583 897 1565
3 1581 1582 1580
3 1771 1565 885
3 2837 2838 2121
3 1577 3163 2116
3 1584 1577 2116
3 2837 1580 1583
3 3168 1772 3170
3 1598 1597 1575
3 1597 898 1773
3 2836 2120 1587
3 1591 1586 1589
3 1588 1572 1571
3 898 1573 1584
3 1581 1587 1591
3 1589 1586 1592
3 1594 469 1590
3 1595 1775 2125
3 1775 1774 1586
3 1598 1576 1593
3 1597 1593 1573
3 1593 1597 1598
3 1602 1586 1591
3 1593 1594 1590
3 1774 1569 1599
3 1592 1575 1596
3 1575 1588 1596
3 898 1597 1573
3 1598 1575 1592
3 1592 1599 1598
3 1599 1600 1598
3 1774 1592 1586
3 1598 1600 1576
3 1601 1569 1774
3 1599 1569 1600
3 1776 2122 1602
3 1601 1775 1595
3 854 1603 841
3 1564 1603 1149
3 1567 1604 849
3 1603 1604 1149
3 1606 1151 1528
3 1606 1605 1151
3 3771 4120 3772
3 1605 1606 1790
3 1521 3624 3788
3 860 866 2126
3 1170 1608 1168
3 1179 1608 1171
3 1611 1610 1183
3 1610 1182 1185
3 1612 1610 1611
3 1614 1615 1793
3 1188 1614 1183
3 1178 1612 1184
3 1609 1610 1612
3 1614 1188 1615
3 1184 1611 1613
3 1800 1801 1627
3 1613 1611 1614
3 1615 1812 1642
3 1616 1173 900
3 115 1193 1616
3 1200 1617 1204
3 1202 1617 1206
3 1181 1182 1795
3 1797 1618 1796
3 122 1619 111
3 1219 1193 1619
3 1621 926 305
3 1225 1620 1224
3 1798 305 934
3 1621 1798 1622
3 1623 1622 933
3 1621 1622 1224
3 933 1698 1624
3 1623 1227 1230
3 1227 1623 1624
3 933 1624 1623
3 1625 1235 1233
3 1283 1625 1624
3 1243 1626 1232
3 1241 1800 1626
3 1800 1627 1626
3 1803 1801 1257
3 1812 1282 1642
3 1188 1805 1615
3 1321 1629 1309
3 3 1290 1629
3 1631 1630 1317
3 1630 1631 1321
3 1317 3 1631
3 1304 1632 1288
3 1306 1632 1287
3 1294 1633 1269
3 1315 1633 1318
3 1397 1665 1674
3 1634 1816 4379
3 1284 1336 1635
3 1326 1635 1336
3 1305 1340 1636
3 1630 1636 1340
3 1293 1637 1345
3 1356 1640 1641
3 1345 1637 1638
3 1639 1641 1640
3 1699 1641 1363
3 1641 1639 1638
3 1638 1363 1641
3 1615 1642 6
3 1643 1642 1282
3 1292 1643 1282
3 1312 1347 1643
3 1811 1644 932
3 4379 1644 1634
3 1648 1645 1352
3 1326 1645 1647
3 1648 1815 1651
3 1652 1653 1654
3 1648 1647 1645
3 1649 1647 1813
3 1352 1693 1815
3 1648 1646 1813
3 1651 1653 1646
3 1814 1649 1664
3 1650 1656 1661
3 1654 1659 1652
3 1815 1648 1352
3 1654 1653 1651
3 1821 1666 1676
3 1653 1658 1646
3 1654 1651 1650
3 1821 1658 1653
3 1650 1816 1656
3 1657 1659 1661
3 1666 1652 1659
3 1664 1371 1814
3 1634 1811 1674
3 1656 1665 1661
3 2223 1818 1675
3 988 984 2227
3 1821 1653 1652
3 1660 1658 1655
3 1661 1659 1654
3 2236 2239 2238
3 1667 1664 1660
3 1660 1649 1813
3 1650 1661 1654
3 1674 1665 1656
3 2238 2239 2226
3 2701 2704 2703
3 1655 1658 1821
3 1688 1690 1673
3 1667 1660 1655
3 1371 1690 1688
3 1818 1397 1675
3 1661 1665 1818
3 1657 1666 1659
3 1666 1662 1676
3 1676 1677 1655
3 1663 1664 1667
3 2719 3308 3309
3 1663 1669 1671
3 1677 1667 1655
3 3511 1671 1669
3 1683 1679 1680
3 1672 1684 1686
3 3511 1669 1668
3 1678 1673 1671
3 1678 1672 1673
3 1672 1678 1684
3 1678 1671 1670
3 1673 1672 1688
3 1634 1674 1656
3 1674 931 1706
3 1819 1397 1393
3 2881 2227 2229
3 2241 1676 1662
3 1669 1677 1668
3 1677 1669 1667
3 1677 1676 2241
3 3309 3310 3511
3 1680 1678 1670
3 1832 1369 1371
3 1684 1680 1685
3 3510 1683 1680
3 1680 1679 1685
3 1822 1668 1677
3 3301 3302 3499
3 1692 2018 1691
3 1685 1687 1682
3 3510 1680 1670
3 3463 1691 1683
3 1680 1684 1678
3 1686 1684 1682
3 1685 1679 2018
3 1684 1685 1682
3 2245 2244 1682
3 1373 2242 1835
3 1938 1887 1937
3 1383 1373 1860
3 1686 1825 1672
3 1825 1688 1672
3 3307 2719 2724
3 2897 2018 1692
3 1664 1663 1690
3 1673 1690 1663
3 3463 1683 1681
3 1689 3125 1691
3 2725 2924 2923
3 1692 1691 3125
3 1331 1693 1351
3 1815 1693 1324
3 3214 2939 3216
3 1868 1862 1866
3 1697 1696 1295
3 1807 1808 1695
3 1283 1696 1275
3 1289 1697 1295
3 1258 1697 1314
3 1698 933 1707
3 1696 1698 1358
3 1290 1699 1313
3 1356 1699 3
3 1349 1701 1382
3 1330 2081 1347
3 1373 1383 1701
3 988 1820 2017
3 1702 2240 4380
3 283 1703 938
3 1704 1703 434
3 1418 1704 434
3 974 976 1705
3 1705 977 2024
3 1396 1704 1705
3 1393 1706 1394
3 1674 1706 1397
3 1398 1707 935
3 1707 1399 1358
3 1403 1708 383
3 1401 1708 949
3 319 1709 365
3 1709 167 1404
3 943 1710 274
3 1711 1710 561
3 518 1711 561
3 1740 1711 550
3 1410 1712 1116
3 1447 1712 1409
3 388 956 1713
3 1415 1713 956
3 970 1714 981
3 1715 1714 973
3 1716 1715 504
3 1714 1715 1419
3 2689 439 445
3 1717 1716 2088
3 2114 1735 2015
3 1419 2055 981
3 1424 1043 1718
3 1038 1036 1719
3 1719 1036 1720
3 1428 1720 1036
3 1044 1720 1047
3 1424 1719 1721
3 1720 1721 1719
3 2071 1722 1059
3 1054 1722 1427
3 1717 2114 2015
3 1723 1430 2693
3 1729 1734 1728
3 2700 2694 2697
3 1727 1725 1724
3 2699 2700 2698
3 1725 2078 1724
3 1728 1727 1724
3 1727 1431 1065
3 1728 1724 3127
3 1732 1730 1068
3 2710 2709 1726
3 1433 1732 1733
3 1727 1730 1431
3 1068 1730 1728
3 1069 1731 1060
3 1433 1059 1731
3 1733 1732 1068
3 1731 1732 1433
3 2082 1735 2084
3 1736 1734 1729
3 1728 1734 1068
3 1729 2698 1736
3 1734 1736 2102
3 2082 2055 2015
3 2691 1430 1723
3 2084 2102 1736
3 4377 1737 1082
3 1080 13 1737
3 1739 1738 747
3 550 1738 1447
3 748 1739 747
3 1712 1739 744
3 550 1447 1740
3 1409 1740 1447
3 1745 1741 1458
3 1455 1451 1453
3 1743 684 1744
3 549 1743 1100
3 684 683 1744
3 1747 1744 683
3 1746 1745 1458
3 1747 1745 1742
3 686 1746 1458
3 1746 665 685
3 1744 1747 1742
3 682 15 2751
3 1457 1465 1748
3 1454 1748 1465
3 1470 1493 1749
3 2092 1493 1489
3 1465 1750 725
3 1466 1472 1750
3 1484 1751 1481
3 1462 1482 1751
3 2833 1756 1757
3 1756 1755 1752
3 1469 1753 1482
3 1486 1753 1490
3 1757 1491 1758
3 2031 2754 2755
3 2752 2085 1755
3 1495 1480 2108
3 1757 1756 1486
3 1755 1756 1754
3 1491 1757 1486
3 2105 1757 1758
3 2831 2105 2090
3 1758 2104 2105
3 1492 1759 1488
3 1494 1495 1759
3 698 1760 666
3 690 1530 1760
3 1761 1124 1762
3 1533 577 1761
3 2074 1762 1124
3 806 1539 1763
3 602 1763 1539
3 819 731 2079
3 1542 1764 1543
3 1551 2107 1765
3 2107 1554 2103
3 1766 1544 1545
3 1546 1554 1766
3 1767 898 1570
3 1567 1767 1566
3 1157 1768 849
3 1153 1768 899
3 855 1769 867
3 850 1578 1769
3 2116 1770 2115
3 3350 3164 2835
3 885 2118 1771
3 2119 1771 2118
3 1789 1780 1779
3 3172 3358 3359
3 1572 1575 1773
3 1597 1773 1575
3 1592 1774 1599
3 1775 1586 1602
3 1601 1774 1775
3 1585 1776 1587
3 1602 1591 1776
3 1585 2120 2840
3 2125 2124 1595
3 1607 1781 1778
3 1781 1780 1778
3 1790 1791 1607
3 1783 1779 1781
3 1787 1789 1779
3 871 1780 2126
3 1607 1791 1783
3 1780 1781 1779
3 2174 2176 2172
3 1783 1785 1779
3 1607 1783 1781
3 4119 1785 1783
3 3623 3618 3621
3 2771 3139 3140
3 4119 1783 1782
3 1784 2143 1787
3 2844 2142 2144
3 3362 3180 3181
3 1784 1787 1785
3 4383 1789 1786
3 2128 2130 2134
3 2129 2126 2127
3 1786 1789 1787
3 1789 1788 2127
3 1791 1790 1606
3 865 1790 1607
3 4120 1606 1525
3 1791 3771 1783
3 1609 1792 1179
3 1178 60 1792
3 6 1613 1793
3 1614 1793 1613
3 1202 1228 1794
3 2225 1794 1228
3 1796 1795 1176
3 1181 1795 1618
3 1215 1796 1176
3 1797 1796 1208
3 1209 1797 1208
3 1794 1797 1210
3 1622 1798 935
3 305 1798 1621
3 1228 1799 1186
3 1226 1627 1799
3 1262 1800 1241
3 1801 1800 1257
3 1805 1801 1628
3 1802 1801 1188
3 1799 1802 1186
3 1801 1802 1627
3 1262 1803 1257
3 1804 1803 1249
3 1273 1804 1249
3 1282 1804 1292
3 1801 1805 1188
3 1812 1805 1628
3 1807 1806 1339
3 1809 1806 1320
3 1808 1807 1339
3 1320 1807 1695
3 1343 1808 1339
3 2942 3225 1355
3 1320 1317 1809
3 1630 1809 1317
3 1695 1808 1810
3 1355 1810 1808
3 1674 1811 931
3 1644 1811 1634
3 1805 1812 1615
3 1812 1628 1804
3 1648 1813 1647
3 1660 1813 1646
3 1370 1814 1371
3 1367 1649 1814
3 1324 4379 1816
3 1651 1815 1650
3 1656 1816 1634
3 1650 1815 1816
3 2231 2037 2228
3 2234 2236 1817
3 1661 1818 1657
3 1397 1818 1665
3 2240 1393 4380
3 2024 2017 1702
3 1819 1820 2880
3 2240 1820 1819
3 1666 1821 1652
3 1655 1821 1676
3 2232 2234 1817
3 2227 984 2230
3 2243 1830 1833
3 1856 1849 1853
3 2897 2287 2895
3 1833 1834 1823
3 1828 1825 1686
3 1373 1369 2242
3 1829 1828 1686
3 1829 1836 1826
3 1830 1825 1828
3 2242 2243 1835
3 1682 2244 1686
3 1830 1828 1826
3 1826 1836 1834
3 1826 1828 1829
3 1833 1830 1826
3 1830 1827 1831
3 1830 1831 1825
3 1832 1831 1827
3 1832 1827 2242
3 1688 1832 1371
3 1834 1833 1826
3 1833 1823 1835
3 1838 1840 1836
3 1862 2253 1865
3 1823 1849 1856
3 1373 1835 1860
3 1824 1838 1829
3 1836 1829 1838
3 1836 1840 1850
3 1918 1920 1905
3 1841 1838 1824
3 1841 1840 1838
3 2248 1824 2247
3 1879 2249 1894
3 1878 1824 1848
3 1852 1837 1849
3 1915 2387 2390
3 1878 1902 1914
3 1901 2265 1921
3 1914 1876 1841
3 2248 1848 1824
3 1880 1913 1904
3 1880 1904 1906
3 2886 1938 1937
3 2517 2503 1888
3 2266 1891 1884
3 1875 1874 1898
3 1845 1940 1846
3 1824 1878 1841
3 1914 1904 1916
3 2249 1879 1907
3 1852 1849 1850
3 1850 1834 1836
3 1853 1849 1837
3 1841 1876 1840
3 1849 1834 1850
3 1861 1855 1857
3 1863 1856 1851
3 1840 1852 1850
3 1854 1852 2251
3 1861 1857 1853
3 1853 1851 1856
3 1869 1871 1867
3 1864 1385 1858
3 2251 1938 2886
3 1867 1953 1951
3 1858 1863 1864
3 1835 1823 1859
3 1861 1853 1837
3 1857 1866 1865
3 2252 1858 1385
3 1860 1835 1859
3 1823 1856 1859
3 1856 1863 1860
3 1856 1860 1859
3 1858 1383 1860
3 1854 1873 1837
3 1873 1872 1861
3 1869 1868 1866
3 1949 1952 2883
3 1864 1863 1851
3 1860 1863 1858
3 1865 1864 1851
3 1864 1865 2253
3 1851 1857 1865
3 1866 1857 1855
3 1855 1869 1866
3 1862 1865 1866
3 1861 1872 1855
3 1873 1854 1839
3 1932 1919 1927
3 1954 1959 1868
3 1855 1872 1871
3 1868 1869 1867
3 1939 1941 1942
3 1898 1940 1939
3 1855 1871 1869
3 1846 1940 1847
3 1861 1837 1873
3 1871 1872 1870
3 1902 1878 1848
3 1872 1873 2884
3 1844 1913 4408
3 1901 1879 1894
3 1875 1939 1942
3 2429 2436 2441
3 1876 1938 1840
3 1877 1843 1918
3 1844 1937 1887
3 1854 2886 1839
3 1896 1890 1891
3 1877 2887 1881
3 1891 1902 1884
3 2381 2343 2369
3 2265 1909 2968
3 2503 1903 2527
3 1913 1887 1904
3 1842 1847 1898
3 1940 1845 1883
3 2434 2436 2959
3 1913 1844 1887
3 1916 1876 1914
3 2246 2888 1848
3 2273 1896 2267
3 2270 1899 1910
3 1895 1892 1885
3 1886 1913 1880
3 2269 2292 2284
3 1902 1891 1882
3 1937 1844 2889
3 1921 1846 1847
3 1895 1908 1892
3 2503 2517 1903
3 2269 2284 1886
3 2281 2276 2283
3 1896 1900 2267
3 2967 2528 1909
3 1921 2528 1846
3 2269 1880 2270
3 1884 2271 2266
3 1880 2269 1886
3 2262 2894 1892
3 1885 2894 1911
3 1906 1899 1880
3 2262 1892 1894
3 2271 2246 2264
3 2340 2335 2313
3 2273 2267 1910
3 1891 1890 1882
3 2391 1915 2390
3 1842 1898 1874
3 1933 1943 1875
3 2266 1900 1896
3 1894 1897 2262
3 2281 2299 2263
3 1916 1904 1887
3 2249 1897 1894
3 1879 1901 1842
3 2888 1902 1848
3 1845 1846 1903
3 2449 2457 2461
3 2389 2387 1915
3 1968 1975 1990
3 1883 1939 1940
3 1917 1843 1933
3 1923 2389 2394
3 2431 2021 2430
3 1914 1902 1882
3 1908 1901 1892
3 1904 1914 1882
3 2272 2904 2266
3 2283 2301 2275
3 2286 2279 2305
3 2894 2262 2935
3 2265 1908 2900
3 1875 1942 1928
3 2282 2276 1885
3 2427 2064 1996
3 1885 2276 1895
3 1894 1892 1901
3 1899 1906 1890
3 2893 1897 2249
3 1931 1924 1926
3 1922 1929 1927
3 1923 2394 1920
3 1870 2387 1871
3 1940 1898 1847
3 2885 2388 3192
3 1843 1943 1933
3 2006 2259 2261
3 2893 1877 1881
3 1922 1920 1918
3 1919 1920 1922
3 1923 1919 1947
3 1922 1918 1917
3 1920 1919 1923
3 1882 1906 1904
3 1843 1907 1943
3 1928 1931 1933
3 1927 1919 1922
3 1919 1932 1947
3 2389 2393 2387
3 1958 1925 1964
3 1922 1917 1926
3 1960 1924 1945
3 3221 2255 2257
3 1917 1933 1931
3 1929 1926 1924
3 1929 1922 1926
3 1925 1935 1932
3 1943 1874 1875
3 1898 1939 1875
3 1974 1960 1967
3 1927 1929 1925
3 1930 1932 1935
3 1959 1862 1868
3 1917 1931 1926
3 1944 1956 1928
3 1925 1932 1927
3 1932 1930 1948
3 1843 1917 1918
3 1878 1914 1841
3 1843 1877 1907
3 2027 2034 2035
3 1958 1935 1925
3 1955 1950 1952
3 1936 1948 1949
3 1953 1936 1951
3 1877 1918 1905
3 1840 1938 2251
3 2890 2889 1844
3 1928 1933 1875
3 1870 1872 2884
3 1883 1845 1912
3 1938 1916 1887
3 1942 1944 1928
3 1877 2249 1907
3 2045 1978 2063
3 1874 1943 1907
3 1944 1942 1941
3 3215 2939 3214
3 1700 1364 2081
3 1988 2396 2957
3 2396 1956 1944
3 1928 1945 1931
3 1934 1963 1960
3 1964 1965 1961
3 1955 1977 1950
3 1948 1947 1932
3 1923 1947 1936
3 1949 1948 1930
3 1947 1948 1936
3 1930 1952 1949
3 1951 1868 1867
3 1930 1955 1952
3 1976 1986 1977
3 1936 1949 1951
3 1951 1949 1954
3 1955 1930 1935
3 1954 1868 1951
3 2393 1867 1871
3 1923 1936 1953
3 2883 1950 2260
3 3219 1378 3221
3 1962 1935 1958
3 1955 1935 1962
3 1934 1945 1956
3 1928 1956 1945
3 1957 1960 1963
3 1970 1966 1969
3 1964 1925 1965
3 1958 1946 1962
3 1954 2883 2258
3 2255 2254 2253
3 1934 1960 1945
3 1967 1961 1965
3 1958 1966 1946
3 1964 1966 1958
3 1962 1946 1976
3 1955 1962 1977
3 1979 1963 1934
3 1957 1963 1987
3 1965 1925 1929
3 1964 1961 1966
3 1974 1929 1924
3 1965 1974 1967
3 1969 1975 1968
3 1966 1961 1969
3 1960 1957 1967
3 1975 1967 1957
3 1987 2397 1989
3 1970 1946 1966
3 1961 1967 1975
3 1968 2395 1969
3 1982 1999 1985
3 1971 1991 1985
3 1981 1976 1946
3 1991 1983 1985
3 2000 1986 1971
3 2006 1993 2937
3 1979 1934 1988
3 2428 1988 2430
3 1929 1974 1965
3 1960 1974 1924
3 1975 1957 1990
3 1961 1975 1969
3 1981 1946 1970
3 1986 1976 1971
3 1976 1977 1962
3 1977 1972 2261
3 2008 2111 2020
3 2038 2009 2029
3 1988 1934 2396
3 1996 2064 1979
3 1990 1987 1994
3 2026 1984 2034
3 1983 1981 1970
3 1976 1981 1991
3 1983 1970 1984
3 1983 1984 2026
3 1984 1970 2395
3 1983 1982 1985
3 2035 2051 2052
3 1994 1995 2051
3 2009 1992 1999
3 1999 2005 1985
3 1971 2010 2000
3 1977 1986 1972
3 2397 1963 1979
3 1994 1987 1978
3 2426 2064 2019
3 2016 2049 2106
3 2019 2002 2426
3 1987 1989 1978
3 1987 1990 1957
3 1990 1980 2050
3 1976 1991 1971
3 1983 1991 1981
3 2068 2011 2060
3 1993 2000 2010
3 3210 2012 1694
3 2000 2006 1986
3 1995 1994 1978
3 1990 1994 1980
3 2063 1989 2064
3 1770 2117 3351
3 1979 1988 1996
3 2001 2111 2106
3 1901 1908 2265
3 2056 2055 2082
3 3123 2686 2041
3 2049 2016 2013
3 1982 2022 2009
3 2010 1971 2005
3 1985 2005 1971
3 2000 1993 2006
3 2423 2957 1941
3 2100 4382 2112
3 2083 1997 2007
3 3117 2670 2681
3 988 2017 975
3 2015 2055 1717
3 2004 2009 2022
3 2049 2066 2065
3 1992 4381 1999
3 2005 4381 2399
3 3212 2937 1993
3 3217 3218 2940
3 3123 3124 2686
3 3116 3297 3117
3 1705 2024 1702
3 1685 2018 1687
3 1982 2009 1999
3 2029 2009 2004
3 2399 4381 2011
3 3216 2080 2688
3 2009 2038 1992
3 2077 2011 2068
3 1993 2010 2012
3 2399 2012 2010
3 2019 2442 3233
3 3005 3010 2961
3 2665 2083 2110
3 2044 2014 2426
3 2072 3298 1997
3 981 2055 2056
3 2082 985 2056
3 2040 2033 2425
3 2084 2691 2692
3 1941 1939 1883
3 2422 2419 1
3 2073 2041 2948
3 2240 2017 1820
3 1978 2045 2046
3 2945 2402 2947
3 2072 2083 2665
3 2073 2091 2100
3 2110 2099 2042
3 1982 2026 2022
3 2028 2026 2034
3 2052 2058 2027
3 2038 2023 2403
3 2016 2106 2111
3 2692 2043 985
3 2427 2019 2064
3 2943 2 2401
3 1983 2026 1982
3 2034 1984 2035
3 2001 2025 2099
3 2022 2026 2028
3 2052 2066 2058
3 2022 2028 2101
3 2691 1736 1430
3 2029 2023 2038
3 2039 3124 1997
3 2072 1997 2083
3 1752 2108 1480
3 2754 2757 2085
3 2065 2046 2032
3 2044 2045 2014
3 2111 2007 2020
3 2040 2048 2044
3 2035 1984 1968
3 2027 2028 2034
3 1968 2050 2035
3 2050 2051 2035
3 2099 2425 2042
3 2113 2095 2004
3 2031 2760 2761
3 2067 2027 2058
3 2023 2029 2095
3 1992 2038 2060
3 2007 2099 2083
3 1874 1907 1879
3 2017 2024 975
3 2834 1554 2070
3 1380 2003 1700
3 1749 2092 2070
3 2958 2432 2423
3 2008 2016 2111
3 2102 1735 2690
3 1464 2731 1456
3 2002 3232 2040
3 2045 2044 2032
3 2046 2045 2032
3 1978 1989 2063
3 2106 2048 2025
3 1978 2046 1995
3 2019 2427 2437
3 2101 2004 2022
3 2025 2001 2106
3 2044 2048 2032
3 1533 2089 1126
3 2027 2067 2028
3 1990 2050 1968
3 2051 2050 1980
3 1994 2051 1980
3 2051 1995 2052
3 2046 2065 1995
3 2027 2035 2052
3 2002 2040 2044
3 1316 3225 2941
3 2087 2054 2946
3 2013 2008 2100
3 2112 2067 2058
3 819 2079 1764
3 2008 2013 2016
3 2023 2095 2097
3 2114 1717 1427
3 2103 1489 1765
3 2059 2087 2060
3 2038 2403 2059
3 2012 2077 1694
3 2060 2011 4381
3 2038 2059 2060
3 2054 2944 2076
3 2102 2084 1735
3 1127 2036 2074
3 1551 2093 1522
3 2049 2065 2106
3 2064 2014 2063
3 2014 2045 2063
3 1979 2064 1989
3 868 2094 880
3 2048 2065 2032
3 2425 2048 2040
3 1995 2066 2052
3 2065 2066 1995
3 2091 2411 2415
3 1420 2056 985
3 2411 2421 2418
3 2058 2066 2049
3 2060 2087 2068
3 2069 2068 2087
3 1716 439 2689
3 2103 2834 1489
3 2070 1554 1112
3 2751 3134 2062
3 2405 2098 2097
3 2073 2100 2008
3 1543 2079 1529
3 1347 2057 6
3 3123 2008 2020
3 1554 2107 1544
3 2097 2098 2403
3 2077 2068 2069
3 1810 1355 1316
3 2077 2069 2945
3 2077 2012 2399
3 2071 1427 1722
3 2833 2105 3162
3 2983 2985 2454
3 2070 2092 2834
3 1451 1741 2061
3 2082 2015 1735
3 2113 2086 2095
3 1427 1717 2088
3 2110 2083 2099
3 1584 2116 1578
3 2047 3297 2072
3 2752 1755 1754
3 2078 2699 3127
3 2085 2108 1755
3 1123 1126 2089
3 2004 2095 2029
3 1427 2071 2114
3 1997 2020 2007
3 2081 1364 2057
3 2 2943 2059
3 2228 2707 2232
3 2031 2755 2759
3 2094 2115 1770
3 1551 1544 2107
3 1524 2093 1506
3 1901 1921 1842
3 1691 2018 1679
3 2036 1127 1122
3 3123 2073 2008
3 1758 18 2104
3 3126 2043 1723
3 2013 2112 2058
3 2028 2067 2101
3 2956 2417 2418
3 2405 2109 4384
3 2086 2097 2095
3 4384 2 2098
3 2407 2109 2405
3 2075 2420 2422
3 2 2059 2403
3 2019 2437 2442
3 2001 2099 2007
3 2065 2048 2106
3 2415 4382 2091
3 2112 1998 2067
3 2004 2101 2113
3 2693 2696 2037
3 2116 2115 1578
3 3350 2835 3166
3 884 2118 885
3 2115 2094 867
3 18 2090 2104
3 2690 1059 1433
3 2036 1123 2089
3 2102 1733 1734
3 2671 2666 2668
3 2837 2836 1580
3 2983 2982 2980
3 2105 2104 2090
3 1059 2690 2071
3 2086 2408 2097
3 2404 4384 2420
3 2047 2072 2665
3 2425 2099 2025
3 2111 2001 2007
3 2112 2013 2100
3 2013 2058 2049
3 2113 2101 1998
3 2101 2067 1998
3 2113 1998 2415
3 1908 1895 2263
3 1538 2074 1124
3 860 2126 2129
3 2119 2118 883
3 2843 2131 2132
3 2836 1587 1580
3 3181 3169 3362
3 2838 1583 1771
3 2119 3175 3177
3 3173 2122 1585
3 2125 2122 1777
3 2136 2128 2134
3 2123 3567 4390
3 1602 2125 1775
3 1777 1568 2124
3 2124 2125 1777
3 2127 1780 1789
3 2126 1780 2127
3 2130 2127 1788
3 2131 883 884
3 2134 1788 4383
3 2843 3175 2119
3 2130 2129 2127
3 2132 2131 2129
3 1788 1789 4383
3 2128 2132 2841
3 860 2129 2131
3 2841 2132 2129
3 2132 3176 3175
3 2132 3175 2843
3 2136 2138 2135
3 3178 2135 3180
3 1788 2134 2130
3 2136 2134 2133
3 2139 2136 2133
3 2148 2147 2138
3 2139 2138 2136
3 2128 2136 2135
3 2140 2139 2133
3 1786 2142 2140
3 2150 2137 2846
3 2147 2135 2138
3 2133 4383 2140
3 2137 2138 2139
3 2845 2142 2143
3 2139 2140 2844
3 3610 3766 3767
3 2152 2153 2151
3 2143 2142 1786
3 2142 2141 2144
3 1787 2143 1786
3 3363 2845 1784
3 2150 2152 2145
3 2150 2145 2148
3 2152 2155 2145
3 2138 2137 2148
3 2176 2178 2172
3 2183 2848 2168
3 2155 2879 4390
3 3191 2839 2147
3 2137 2844 2846
3 2148 2145 3191
3 2160 2144 2163
3 2141 2170 2163
3 2137 2150 2148
3 2153 2152 2150
3 2149 2160 2158
3 2164 2153 2158
3 2153 2150 2149
3 2848 2155 2152
3 2153 2149 2158
3 2151 2153 2161
3 2215 329 3190
3 2145 2155 2839
3 2848 2152 2151
3 2183 3459 2879
3 2183 2879 2848
3 2840 3168 3172
3 2171 2173 2167
3 2161 2168 2151
3 2149 2846 2160
3 2849 2173 2172
3 2157 2182 2164
3 2185 2184 2187
3 2163 2144 2141
3 2157 2158 2160
3 2157 2164 2158
3 2186 2205 2212
3 2197 2198 2877
3 2164 2161 2153
3 2170 2146 2166
3 2160 2163 2167
3 2182 2188 2187
3 2224 2215 3190
3 2157 2160 2167
3 2164 2184 2186
3 3363 2146 2845
3 2202 2196 2200
3 2171 2163 2170
3 2163 2171 2167
3 2185 2205 2186
3 2192 2169 2188
3 2181 2179 2849
3 2173 2849 2191
3 2170 2141 2845
3 2170 2166 2171
3 2174 2171 2166
3 2174 2173 2171
3 2175 3622 3621
3 2783 4385 2780
3 2181 2180 2179
3 2167 2173 2165
3 2166 3622 2176
3 2173 2174 2172
3 4385 2783 3333
3 2775 2780 1511
3 2166 2176 2174
3 3777 2177 4121
3 2157 2165 2182
3 2172 2178 2181
3 4121 2176 2175
3 2177 2181 2178
3 2857 2858 2859
3 2192 2197 2850
3 2206 2877 2204
3 2165 2188 2182
3 2157 2167 2165
3 2190 2207 2194
3 2169 2187 2188
3 2186 2161 2164
3 2212 2168 2186
3 2154 3460 3458
3 2184 2164 2182
3 2222 2210 4386
3 2184 2185 2186
3 2182 2187 2184
3 2168 2161 2186
3 2854 2194 2187
3 2165 2191 2188
3 2188 2191 2192
3 2195 2197 2192
3 2185 2187 2194
3 1819 2880 1675
3 2173 2191 2165
3 2192 2191 2179
3 2180 2195 2179
3 2192 2179 2195
3 2215 2214 2216
3 2208 2214 2215
3 2854 2187 2169
3 2205 2185 2211
3 2180 2198 2195
3 2198 2197 2195
3 2180 2181 3785
3 2198 2200 2196
3 2202 2204 2196
3 2169 2192 2850
3 2180 3785 2200
3 2198 2196 2877
3 3141 1511 1512
3 3146 3598 3144
3 2180 2200 2198
3 2199 4123 2202
3 2768 2775 3141
3 2813 2820 2819
3 2199 2202 2200
3 4128 4213 4127
3 3381 3188 3380
3 3455 3456 3454
3 4213 2202 2201
3 2203 3187 2204
3 2211 2194 2207
3 2209 2213 2205
3 2853 2855 2856
3 2197 2851 2850
3 2213 2209 2217
3 2193 2214 2221
3 2217 2214 2213
3 2168 2208 2224
3 2211 2209 2205
3 2210 2209 2207
3 2878 2190 2859
3 2863 2220 2858
3 2194 2211 2185
3 2209 2211 2207
3 2213 2212 2205
3 2168 2212 2208
3 2216 329 2215
3 2212 2213 2208
3 2880 2223 1675
3 2214 2208 2213
3 2210 2217 2209
3 2217 2221 2214
3 2214 2193 2216
3 2217 2222 2221
3 2863 2864 2220
3 2857 2852 2855
3 2210 2207 2878
3 4386 2189 2222
3 2222 2217 2210
3 2193 2221 2218
3 2189 2218 2222
3 2221 2222 2218
3 3172 3566 3358
3 2155 2848 2879
3 2168 2224 2183
3 2208 2215 2224
3 1186 2225 1228
3 1618 2225 1181
3 2226 2223 2880
3 1817 2236 2238
3 2231 2228 2230
3 2229 2227 1817
3 2704 2707 2037
3 2230 2232 2227
3 2238 2229 1817
3 2229 2226 2880
3 2231 2230 984
3 2232 2230 2228
3 984 987 2231
3 3126 2693 2695
3 2234 2232 2707
3 2227 2232 1817
3 2696 2703 2037
3 2713 2723 2235
3 2235 2234 2233
3 2234 2235 2236
3 2704 2706 2233
3 2236 2237 1662
3 2237 2236 2235
3 2238 2226 2229
3 2235 1822 2237
3 2241 2237 1822
3 1662 2239 2236
3 1662 1666 2239
3 1666 1657 2239
3 2239 1657 2223
3 1393 2240 1819
3 2017 2240 1702
3 2237 2241 1662
3 1677 2241 1822
3 1832 2242 1369
3 2242 1827 2243
3 1830 2243 1827
3 1835 2243 1833
3 2245 1682 1687
3 1829 2244 2247
3 2248 2245 2896
3 1829 2247 1824
3 2030 2918 2899
3 2267 2280 2297
3 2244 2245 2247
3 2248 2247 2245
3 2896 2245 1687
3 1921 1847 1842
3 1874 1879 1842
3 2246 1848 2248
3 1938 1876 1916
3 1896 1891 2266
3 1840 2251 1852
3 1905 2887 1877
3 1386 2252 1385
3 1387 1374 2882
3 2255 1862 1959
3 1389 2254 1388
3 1385 2253 2254
3 2253 1862 2255
3 2257 2255 1959
3 1388 2254 2255
3 2256 2257 2258
3 2258 2260 2256
3 2258 2257 1959
3 2257 2256 3221
3 1954 2258 1959
3 2883 2260 2258
3 2259 2260 2261
3 2937 2398 3220
3 2261 2260 1950
3 2256 2260 2259
3 1977 2261 1950
3 2006 2261 1972
3 2392 2936 2391
3 1886 2284 2304
3 2895 2287 2264
3 2300 2900 2299
3 1906 1882 1890
3 1899 1890 2273
3 2900 1908 2263
3 1900 2280 2267
3 2266 2271 2272
3 2297 2280 2295
3 2285 1893 2270
3 2263 1895 2281
3 2270 1880 1899
3 2284 2292 2277
3 2307 2298 2289
3 2269 2270 1893
3 2271 1884 2888
3 2272 2271 2264
3 2286 2287 2279
3 2272 2264 2286
3 1899 2273 1910
3 1896 2273 1890
3 2333 2912 2903
3 2296 2307 2289
3 2310 2302 2317
3 2967 2900 2300
3 2282 1885 1911
3 2283 2276 2268
3 2311 2276 2282
3 4408 2304 1844
3 2334 2308 2323
3 2311 2303 2268
3 2918 2030 2922
3 2917 3197 3200
3 2326 2334 2342
3 2272 2286 2305
3 2276 2281 1895
3 2901 2299 2281
3 2282 1911 2892
3 2277 2303 2311
3 2312 2291 2318
3 2281 2283 2275
3 2292 2269 1893
3 3194 2304 2277
3 2298 2270 1910
3 2312 2268 2303
3 2287 2286 2264
3 2909 2910 3195
3 2895 2264 2246
3 2687 2899 2898
3 2280 1900 2333
3 2331 2351 2332
3 2289 2295 2296
3 2278 2285 2298
3 2275 2301 2315
3 2978 2557 3251
3 2320 2291 2312
3 2901 2315 2324
3 2292 1893 2309
3 2277 2292 2303
3 3194 2282 2892
3 2392 2935 2936
3 2321 2341 2327
3 2352 2343 2348
3 2295 2903 2306
3 2295 2289 2297
3 2310 2294 2325
3 2307 2278 2298
3 2298 2297 2289
3 1910 2267 2297
3 2270 2298 2285
3 2297 2298 1910
3 2901 2281 2275
3 2299 2290 2300
3 2381 2353 2343
3 2527 2529 2503
3 2318 2283 2268
3 2291 2323 2315
3 2285 2278 2310
3 2328 2310 2325
3 2319 2292 2309
3 2291 2301 2318
3 2277 2304 2284
3 2304 2293 2890
3 2904 2272 2905
3 2903 2295 2280
3 2367 2363 2366
3 2332 2322 2331
3 2306 2296 2295
3 2307 2296 2322
3 2310 2278 2294
3 2290 2299 2901
3 2317 1893 2285
3 2320 2319 2302
3 2325 2294 2329
3 2317 2302 2309
3 2276 2311 2268
3 2311 2282 3194
3 2319 2312 2303
3 2312 2319 2320
3 2351 2909 3195
3 2296 2306 2331
3 2374 2364 2372
3 2328 2316 2321
3 2291 2315 2301
3 2315 2308 2324
3 2342 2341 2347
3 2315 2323 2308
3 1893 2317 2309
3 2285 2310 2317
3 2283 2318 2301
3 2268 2312 2318
3 2292 2319 2303
3 2302 2319 2309
3 2302 2321 2320
3 2320 2321 2327
3 2310 2321 2302
3 2327 2323 2291
3 2912 2910 2274
3 2335 2325 2329
3 2291 2320 2327
3 2334 2323 2342
3 2308 2334 2348
3 2348 2358 2308
3 2329 2294 2307
3 2329 2307 2322
3 2307 2294 2278
3 2331 2322 2296
3 2316 2341 2321
3 2328 2325 2349
3 2310 2328 2321
3 2349 2325 2335
3 2347 2363 2362
3 2322 2313 2329
3 2274 2331 2306
3 2350 2354 1889
3 2331 2909 2351
3 2347 2316 2346
3 2314 2322 2332
3 2904 2333 1900
3 2914 2912 2333
3 2342 2323 2327
3 2326 2352 2348
3 2314 2313 2322
3 2313 2335 2329
3 2355 2337 2339
3 2340 2313 2344
3 2346 2349 2340
3 2314 2339 2313
3 2314 2350 2355
3 2336 2345 2908
3 2344 2313 2339
3 2340 2338 2346
3 2338 2363 2346
3 2332 2350 2314
3 2327 2341 2342
3 2316 2349 2346
3 2361 2343 2352
3 2324 2308 2358
3 2907 2339 2337
3 2338 2340 2344
3 2338 2344 2345
3 2344 2339 2907
3 2342 2347 2326
3 2347 2341 2316
3 2326 2348 2334
3 2366 2363 2338
3 2343 2353 2358
3 2328 2349 2316
3 2340 2349 2335
3 2350 2332 2356
3 2355 2350 1889
3 2909 2331 2274
3 2351 2330 2354
3 2360 2352 2326
3 2361 2360 2364
3 2361 2369 2343
3 3241 3242 2564
3 2337 2355 1889
3 2354 2350 2356
3 2314 2355 2339
3 2332 2351 2356
3 2354 2356 2351
3 2360 2326 2362
3 2383 2371 2368
3 2343 2358 2348
3 2358 2353 3252
3 2991 3046 3014
3 2497 2499 2472
3 2362 2326 2347
3 2364 2360 2357
3 2360 2361 2352
3 2374 2375 2359
3 2347 2346 2363
3 2360 2362 2370
3 2366 2338 2345
3 2363 2367 2370
3 2372 2364 2357
3 2361 2364 2359
3 3086 2373 2250
3 2463 2459 2461
3 2372 2371 2373
3 2367 2357 2370
3 2382 2366 2345
3 2382 2386 2367
3 2367 2371 2357
3 2374 2359 2364
3 2384 2361 2359
3 2381 2369 3244
3 2360 2370 2357
3 2363 2370 2362
3 2382 2345 2336
3 2639 2641 3290
3 2386 2385 2368
3 2357 2371 2372
3 2538 2540 2534
3 2373 2383 2250
3 3248 2478 3249
3 2374 2372 2373
3 2471 2463 2455
3 2359 2375 3239
3 2644 2648 2649
3 2384 2359 2380
3 2373 3086 2374
3 2384 2365 2369
3 2489 2467 2470
3 2547 2563 2502
3 2620 3095 2608
3 2522 2533 2537
3 3244 2369 2365
3 2353 2381 2378
3 2386 2368 2371
3 2367 2366 2382
3 2384 2369 2361
3 2371 2383 2373
3 2380 2365 2384
3 2367 2386 2371
3 2382 2336 2385
3 2382 2385 2386
3 2390 2387 3192
3 2394 2389 1915
3 2884 2885 3192
3 2392 3193 2892
3 1923 1953 2389
3 2393 2389 1953
3 3192 2387 1870
3 2391 2390 2388
3 2391 2388 2392
3 2391 1881 2887
3 2885 2891 3193
3 2935 2392 1911
3 1867 2393 1953
3 2387 2393 1871
3 2887 2394 1915
3 1920 2394 1905
3 1969 2395 1970
3 1968 1984 2395
3 1956 2396 1934
3 2957 2396 1944
3 1963 2397 1987
3 1979 1989 2397
3 3468 3215 3222
3 3217 2256 2259
3 2005 2399 2010
3 2077 2399 2011
3 3225 2942 3226
3 2944 2943 2401
3 3475 2076 2941
3 2944 2087 2943
3 2688 2400 1342
3 2097 2403 2023
3 2 2403 2098
3 2408 2407 2405
3 4384 2404 2
3 2416 2410 2406
3 2408 2086 2411
3 2405 2097 2408
3 2410 2407 2406
3 2415 2086 2113
3 2406 2407 2408
3 2416 2412 2410
3 2109 2407 2410
3 2410 2409 2414
3 2041 2951 2948
3 2408 2411 2418
3 3477 2416 2417
3 2409 2410 2412
3 2686 2952 2951
3 3476 3477 3227
3 2404 2420 2075
3 2415 1998 4382
3 2086 2415 2411
3 2417 2416 2406
3 2096 2412 2416
3 2418 2417 2406
3 2956 3227 2417
3 2408 2418 2406
3 2411 2091 2421
3 2109 2414 2420
3 2414 2409 2419
3 2414 2419 2422
3 2948 2421 2091
3 2956 2421 2950
3 2075 2422 1
3 2414 2422 2420
3 2958 1883 2432
3 2430 2021 2428
3 2525 2575 2507
3 2961 3232 3233
3 2425 2025 2048
3 2033 2042 2425
3 2044 2426 2002
3 2064 2426 2014
3 1996 2428 2427
3 2434 2959 2021
3 1988 2428 1996
3 2959 2428 2021
3 2434 2021 2431
3 2448 2443 2433
3 2957 2430 1988
3 2430 2423 2431
3 2432 2431 2423
3 2431 2435 2434
3 2438 2960 1912
3 2963 2434 2435
3 2445 2453 2448
3 3235 2440 3236
3 2435 2431 2432
3 2436 2434 2433
3 2960 2432 1883
3 2438 2435 2432
3 2433 2443 2441
3 2429 2437 2959
3 2427 2428 2959
3 3236 2442 2429
3 2966 3238 1888
3 2452 2450 2438
3 2441 2443 2439
3 2447 3237 2444
3 2446 3236 2441
3 2961 3010 3232
3 2433 2441 2436
3 2441 2439 2446
3 2429 2442 2437
3 2442 2440 3233
3 2438 2450 2435
3 2450 2452 2445
3 2444 2446 2447
3 2424 3234 3235
3 2449 2453 2457
3 2439 2451 2456
3 2447 2446 2439
3 2446 2444 3236
3 2439 2443 2451
3 2550 2553 3256
3 2433 2434 2963
3 2453 2451 2443
3 2455 2457 2458
3 2456 2447 2439
3 2445 2448 2450
3 2448 2433 2963
3 2453 2443 2448
3 2449 2454 2456
3 1912 2964 2438
3 2462 2465 2965
3 2458 2457 2453
3 2449 2451 2453
3 2449 2461 2468
3 2493 2507 2464
3 2458 2462 2455
3 2476 2463 2471
3 2449 2456 2451
3 2447 2456 2454
3 2458 2453 2445
3 2463 2461 2457
3 2452 2465 2445
3 2452 2466 2465
3 2455 2462 2469
3 2454 2449 2468
3 2500 2497 2490
3 2495 2475 2472
3 2463 2457 2455
3 2459 2464 2468
3 2465 2462 2458
3 2460 2470 2469
3 2455 2469 2471
3 2477 2473 2476
3 2485 2491 2483
3 2493 2464 2459
3 2445 2465 2458
3 2452 2964 3238
3 2490 2475 2460
3 2965 2466 2490
3 2469 2470 2467
3 2491 2485 2459
3 2459 2468 2461
3 2468 2464 2982
3 2460 2469 2462
3 2469 2467 2471
3 2966 2466 3238
3 2514 2509 2474
3 2510 2489 2508
3 2463 2476 2459
3 2549 2514 2515
3 2470 2460 2475
3 2471 2467 2513
3 2479 2483 2473
3 2505 2472 2499
3 2554 2484 2572
3 2460 2965 2490
3 2475 2495 2489
3 2477 2476 2471
3 2476 2473 2491
3 2488 2496 2509
3 2473 2477 2479
3 2513 2467 2510
3 2516 2494 2487
3 2513 2571 2477
3 2483 2494 2516
3 2511 2509 2514
3 2595 2600 2548
3 2551 2494 2482
3 2479 2494 2483
3 2477 2482 2479
3 2560 2561 2581
3 2482 2494 2479
3 2483 2481 2485
3 2559 2568 2569
3 2511 2488 2509
3 2506 2485 2481
3 2459 2485 2493
3 2488 2484 2571
3 2570 2559 2569
3 2611 2566 2548
3 2492 2506 2542
3 2560 2478 3250
3 2571 2482 2477
3 2475 2489 2470
3 2508 2489 2474
3 2499 2497 2500
3 2472 2475 2497
3 2476 2491 2459
3 2483 2491 2473
3 2542 2545 2492
3 2577 2980 2507
3 2506 2493 2485
3 2506 2525 2493
3 3035 3266 2574
3 2506 2543 2542
3 2505 2523 2546
3 2474 2489 2495
3 2508 2509 2496
3 2471 2513 2477
3 2475 2490 2497
3 2490 2966 2500
3 2498 2500 2501
3 2530 2977 2563
3 2498 2504 2499
3 2519 2499 2504
3 2966 2501 2500
3 2498 2499 2500
3 1888 1912 2517
3 2503 2501 1888
3 2498 2529 2556
3 2365 2969 2974
3 2518 2527 2528
3 2501 2503 2529
3 2556 2529 2518
3 2504 2502 2519
3 2519 3242 2521
3 2532 2535 2533
3 2543 2481 2568
3 2506 2492 2525
3 2602 3093 2598
3 2575 2577 2507
3 2509 2508 2474
3 2510 2508 2496
3 2514 2474 2515
3 2484 2551 2482
3 2488 2511 2560
3 2489 2510 2467
3 2511 2512 3249
3 2572 2584 2554
3 2505 2519 2521
3 2512 2511 2514
3 2571 2510 2496
3 2484 2482 2571
3 2515 2474 2495
3 2589 2588 2591
3 2472 2526 2495
3 2531 2521 2520
3 2534 2979 2537
3 2975 3245 3246
3 1912 1845 2517
3 1903 2517 1845
3 2900 2967 1909
3 2518 2530 2556
3 3242 2563 2564
3 2499 2519 2505
3 2541 2515 2546
3 2505 2521 2523
3 3242 2519 2502
3 2523 2521 2531
3 3240 2533 2520
3 2522 2531 2533
3 2541 2523 2522
3 2546 2515 2526
3 2555 2579 2570
3 3257 2597 3270
3 2575 2525 2492
3 2493 2525 2507
3 2546 2472 2505
3 2515 2495 2526
3 2528 2527 1903
3 2529 2527 2518
3 1846 2528 1903
3 2968 2528 1921
3 2530 2518 2967
3 2501 2529 2498
3 2290 3251 2977
3 2504 2547 2502
3 3243 3240 3241
3 2522 2523 2531
3 2380 2969 2365
3 2534 2535 2538
3 2520 2533 2531
3 2972 2973 2974
3 2534 2540 2558
3 2535 2537 2533
3 2532 2972 2538
3 2535 2534 2537
3 3098 2630 2631
3 2576 2595 2601
3 2566 2979 2558
3 2976 2541 2522
3 2532 2538 2535
3 2623 2625 2608
3 3098 2539 2630
3 2551 2487 2494
3 3097 2538 2536
3 2565 2558 2540
3 2537 3245 2976
3 2512 2549 2541
3 2543 2506 2481
3 2550 2545 2542
3 2568 2483 2516
3 2524 2542 2543
3 3027 3028 2684
3 2669 2047 2665
3 2550 2542 2524
3 3052 3035 3058
3 2546 2523 2541
3 2472 2546 2526
3 2498 2547 2504
3 2530 2300 2977
3 2565 2548 2558
3 2565 2595 2548
3 2514 2549 2512
3 2515 2541 2549
3 2553 2550 2524
3 2552 3256 2553
3 2559 2570 2524
3 2488 2486 2484
3 2552 2553 2579
3 2579 3090 2597
3 2543 2559 2524
3 2516 2487 2569
3 2488 2560 2486
3 2554 2551 2484
3 2487 2583 2569
3 2668 2672 2669
3 2530 2547 2556
3 2498 2556 2547
3 2978 2290 2324
3 3253 2978 3252
3 3111 2645 3296
3 2558 2548 2566
3 2511 2478 2560
3 2543 2568 2559
3 2484 2486 2572
3 2554 3087 2551
3 2601 2565 2608
3 2572 2582 2584
3 3077 2492 2545
3 2530 2563 2547
3 2557 3486 2563
3 2978 3253 3486
3 2973 3240 3243
3 2567 2544 2590
3 2578 2600 2606
3 2600 2611 2548
3 2541 2975 2512
3 3496 2480 3287
3 2555 3091 2579
3 2483 2568 2481
3 2569 2568 2516
3 2569 2583 2570
3 2570 2553 2524
3 2487 2551 3087
3 2555 2570 2583
3 2510 2571 2513
3 2488 2571 2496
3 2486 2581 2572
3 2572 2581 2582
3 3283 2604 2573
3 2579 2597 2552
3 2585 2590 2544
3 3038 3002 3255
3 3108 2660 3109
3 3060 3058 3035
3 3105 3106 2594
3 2550 3256 2545
3 3068 3070 2998
3 2507 2980 2464
3 2608 2625 2620
3 2579 2602 3090
3 2570 2579 2553
3 2583 2603 2555
3 2584 2587 2573
3 3282 2590 3284
3 2560 2581 2486
3 2581 2561 3103
3 3102 3103 3104
3 2582 2587 2584
3 2591 2593 2580
3 2587 2567 2573
3 2589 2544 2567
3 2567 2590 3283
3 2573 3087 2584
3 2578 2618 2622
3 2589 2567 2587
3 2582 3102 2589
3 2544 2591 2580
3 2636 2607 2578
3 2580 2593 2594
3 2582 2589 2587
3 3284 3285 3286
3 3285 2585 3496
3 3284 3286 3092
3 2613 2627 2639
3 2604 2603 2583
3 2610 2659 2617
3 3106 3088 2379
3 2648 2591 2588
3 2644 2635 2643
3 2593 3105 2594
3 2544 2589 2591
3 3095 3289 2609
3 2576 2606 2600
3 3093 3091 2605
3 3282 3283 2590
3 3094 3288 2586
3 2576 2600 2595
3 2578 2607 2611
3 2565 2601 2595
3 3095 2609 2614
3 2603 2605 3091
3 1973 2597 3090
3 2604 2583 2487
3 2599 3281 2603
3 2604 2487 3087
3 2599 2603 2604
3 2605 2603 3281
3 3093 3094 2598
3 2663 2654 2661
3 2379 3088 2376
3 2622 2636 2578
3 3249 2975 3246
3 2540 2612 2565
3 2608 2565 2612
3 2656 2651 2615
3 2576 2601 2614
3 2578 2606 2618
3 2609 3291 2614
3 2578 2611 2600
3 2566 2611 2607
3 3097 2540 2538
3 2539 2626 2630
3 3086 2375 2374
3 2606 2576 3107
3 3095 2614 2601
3 2618 2657 2610
3 3115 2645 3113
3 2657 2660 2659
3 2617 2659 2654
3 3107 2614 2616
3 3112 2657 2596
3 2618 2596 2657
3 2596 2618 2606
3 2610 2627 2622
3 2625 2621 2629
3 2613 2622 2627
3 2608 2612 2623
3 2377 2609 3289
3 2623 2612 2624
3 2610 2622 2618
3 2613 2628 2636
3 2540 3097 2612
3 2623 2621 2625
3 3101 2631 2624
3 2621 2623 2624
3 2626 2629 2630
3 2619 2620 2625
3 2629 2621 2630
3 2625 2629 2619
3 2627 2610 2638
3 2639 2635 2641
3 2639 3290 2613
3 2607 3247 3246
3 2619 2629 2626
3 2624 2631 2621
3 2630 2621 2631
3 2624 3097 3101
3 2970 2971 2637
3 3098 2633 2539
3 2631 3099 3098
3 2971 3099 2637
3 3107 2616 3112
3 2376 3088 2647
3 2627 2640 2639
3 2640 2643 2635
3 2613 2636 2622
3 2607 2636 2628
3 2637 3101 2969
3 2970 2380 3239
3 2663 2658 3292
3 2639 2640 2635
3 2640 2627 2638
3 2648 2588 2649
3 2638 2634 2640
3 2643 2634 2642
3 2641 2649 3102
3 3102 3104 2641
3 2651 2647 2642
3 3105 2644 2646
3 2634 2643 2640
3 2644 2643 2642
3 2646 2644 2642
3 2644 2593 2648
3 2596 3107 3112
3 2655 2656 2592
3 2646 2642 2647
3 2647 3088 2646
3 2651 2642 2634
3 2376 2647 2655
3 2591 2648 2593
3 3102 2649 2588
3 2641 2635 2649
3 2644 2649 2635
3 3110 2377 2662
3 2610 2617 2638
3 2651 2634 2615
3 2655 2592 2652
3 3296 2653 3111
3 2651 2655 2647
3 3114 2617 2654
3 2663 3293 2654
3 2656 3111 2592
3 2655 2651 2656
3 2376 2655 2652
3 2634 2638 2617
3 2617 2615 2634
3 4387 3109 2662
3 3111 2615 2645
3 3113 2645 2615
3 2659 2660 2661
3 2610 2657 2659
3 2659 2661 2654
3 3110 3109 3291
3 3108 2661 2660
3 2658 3108 4387
3 2663 2661 3108
3 3296 3295 2650
3 3292 3293 2663
3 3115 3295 3296
3 2675 2668 2110
3 2110 2668 2665
3 3003 2444 3237
3 2670 2667 2678
3 3037 2679 2672
3 2047 2669 2670
3 2042 3254 2675
3 2672 2668 2666
3 2668 2669 2665
3 2670 2669 2667
3 2679 2676 2678
3 3229 2053 3230
3 2033 3232 3010
3 3003 3004 2424
3 2672 2666 3037
3 2669 2672 2667
3 2987 2995 2962
3 2680 3119 2681
3 2042 2675 2110
3 3119 3120 2681
3 2671 2668 2675
3 3028 2682 3036
3 2680 2681 2670
3 2678 2680 2670
3 2053 2954 3478
3 2679 2678 2667
3 2680 2678 2676
3 2672 2679 2667
3 2679 2673 3118
3 2683 2680 2676
3 3117 2681 2677
3 3260 3119 2683
3 3120 2677 2681
3 3036 2676 3118
3 3027 2684 3020
3 2676 2679 3118
3 2682 3260 2683
3 2988 2987 2981
3 3030 3015 3020
3 3084 3054 3081
3 3121 3497 3122
3 2686 2955 2952
3 2421 2948 2950
3 2925 2923 2924
3 2687 2030 2899
3 3216 2688 1354
3 2400 2688 2080
3 1427 2689 445
3 1716 2689 2088
3 1735 2114 2690
3 2071 2690 2114
3 2692 2691 1723
3 1736 2691 2084
3 2043 2692 1723
3 2082 2692 985
3 2697 2696 2693
3 2695 2693 2037
3 2696 2697 2694
3 2721 2727 2722
3 2037 2231 2695
3 3126 2231 987
3 2697 2693 1430
3 2694 2716 2703
3 2698 1430 1736
3 2697 1430 2698
3 2699 1729 3127
3 2698 1729 2699
3 2708 2078 2710
3 2700 2697 2698
3 2708 2705 2699
3 2705 2700 2699
3 2694 2700 2715
3 2706 2713 2233
3 2725 2922 2924
3 2715 2705 2717
3 2694 2703 2696
3 2701 2706 2704
3 2707 2704 2233
3 2037 2703 2704
3 2708 2699 2078
3 2705 2702 2717
3 2715 2716 2694
3 2235 2233 2713
3 2234 2707 2233
3 2037 2707 2228
3 2078 1061 2709
3 2702 2705 2708
3 2709 2710 2078
3 2711 2726 1726
3 2717 2718 2712
3 2711 1058 2720
3 2720 2726 2711
3 2720 3206 2702
3 2706 2701 2721
3 2706 2728 2713
3 2723 1822 2235
3 3204 2926 1689
3 2705 2715 2700
3 2716 2715 2712
3 2722 2716 2712
3 2703 2716 2701
3 2718 2717 2702
3 2715 2717 2712
3 1058 3467 2720
3 2718 3131 3128
3 2706 2721 2728
3 3307 3308 2719
3 2932 109 3199
3 2726 2720 2702
3 2727 2721 2701
3 2724 2719 2723
3 3128 2722 2712
3 2721 2722 2714
3 2724 2723 2713
3 1822 2723 2719
3 2728 2721 2729
3 2724 2728 2729
3 2933 3208 2934
3 2918 2921 2902
3 2708 2726 2702
3 2726 2710 1726
3 2701 2716 2727
3 2722 2727 2716
3 2729 2721 2714
3 2713 2728 2724
3 3130 2722 3128
3 3464 3308 3133
3 3518 2748 3137
3 1474 2733 2737
3 1451 2062 2731
3 2062 3134 2732
3 2730 2733 2732
3 2735 2732 2733
3 3135 3513 3512
3 2735 2733 1474
3 2742 2737 2730
3 2736 2741 1476
3 1475 2735 1474
3 2735 1460 2738
3 2736 1474 2737
3 3517 2737 2742
3 1461 2738 1460
3 2736 2743 2741
3 2732 2738 1456
3 17 2744 3136
3 18 1478 2745
3 2748 2730 3134
3 3597 3138 2740
3 2743 2736 2737
3 2745 2741 3513
3 2746 3137 2749
3 3517 2743 2737
3 3518 3597 3312
3 3516 2739 3311
3 3311 2739 3512
3 2744 3135 3136
3 2747 18 2745
3 16 3138 2746
3 2748 2742 2730
3 2748 2749 3137
3 3135 2747 2745
3 683 682 2750
3 2748 15 2749
3 2061 2750 682
3 1451 2751 2062
3 682 2751 2061
3 3161 2755 2752
3 2754 2752 2755
3 2832 3161 3162
3 2769 2762 2764
3 2031 2761 2757
3 2085 2752 2754
3 3161 2752 1754
3 2753 2789 2759
3 2759 2760 2031
3 2774 2765 2772
3 2031 2757 2754
3 2756 2777 3158
3 2794 2800 2801
3 2756 2757 2761
3 2753 2759 2755
3 2760 2759 2758
3 2785 2769 2764
3 2760 2758 2764
3 2771 2760 2764
3 2756 2761 2765
3 3148 2788 3147
3 1513 4385 3333
3 2765 2770 2763
3 3321 3327 3151
3 2766 2804 1487
3 2764 2787 2771
3 2771 3140 2760
3 2772 2765 2763
3 2803 2790 2804
3 2792 2769 2785
3 2769 2796 2762
3 3321 3151 3320
3 2772 2773 2768
3 1504 2777 1500
3 2785 2764 2758
3 2801 2766 2791
3 3140 2765 2761
3 3144 2781 3143
3 2787 2764 2762
3 3139 2771 2767
3 2773 2772 2763
3 2774 2772 2768
3 2773 2763 2779
3 2782 3150 2779
3 2768 3141 3142
3 2765 2774 2756
3 2768 2773 2775
3 3150 2782 2778
3 3143 2779 2763
3 2779 2781 2776
3 2756 2774 2777
3 2774 2768 3142
3 2778 2782 2784
3 3330 2783 3331
3 3143 2763 2770
3 2782 2779 2776
3 3150 2775 2773
3 2780 2778 2783
3 2767 3147 3146
3 2788 3149 3147
3 2784 2782 2776
3 3150 2778 2780
3 2778 2784 3320
3 3331 2778 3320
3 3318 3599 3317
3 3607 3608 3552
3 2758 2789 2785
3 2785 2789 2790
3 2806 2795 2791
3 2794 2769 2792
3 2762 2798 3314
3 2771 2787 3148
3 2798 2762 2797
3 3146 3315 3145
3 2759 2789 2758
3 2789 2753 2790
3 2753 2832 3160
3 2792 2800 2794
3 2803 2785 2790
3 2797 2796 2786
3 2808 2797 2786
3 2786 2795 2807
3 2793 2810 2799
3 2798 2799 2788
3 2803 2800 2792
3 2794 2786 2796
3 2794 2795 2786
3 2794 2796 2769
3 2807 2808 2786
3 2798 2797 2793
3 2762 2796 2797
3 2799 2798 2793
3 2788 3148 3314
3 2808 2810 2793
3 2816 3520 2810
3 2791 2795 2801
3 2800 2766 2801
3 2801 2795 2794
3 2785 2803 2792
3 2791 2802 2806
3 2804 2790 1487
3 2766 2800 2804
3 2803 2804 2800
3 2812 3152 19
3 2811 2809 2810
3 3152 2806 2802
3 2807 2806 2805
3 2806 2807 2795
3 2808 2807 2805
3 2810 2808 2811
3 2797 2808 2793
3 2809 2811 2813
3 3343 3342 2829
3 2811 2808 2805
3 2810 2809 2816
3 2812 2805 3152
3 2812 2811 2805
3 3334 3335 2820
3 2811 2812 2813
3 2815 2827 3336
3 2813 2819 2809
3 3630 3153 3155
3 3523 3325 2776
3 2829 3156 2825
3 2817 2814 2816
3 2817 2816 2809
3 2816 2814 3520
3 2817 2809 2819
3 3334 2812 3153
3 3631 3792 3642
3 3340 3156 2829
3 3334 2820 2813
3 2826 2824 2821
3 3558 2824 2826
3 2826 2827 2815
3 2827 2826 2821
3 2826 2828 3558
3 2812 19 3153
3 3910 3674 3854
3 3560 3835 3836
3 3369 2159 3457
3 2821 2817 2819
3 2827 2821 2819
3 3324 3325 3322
3 2828 2826 2815
3 2819 2820 2827
3 3336 2827 2820
3 3632 2815 3633
3 3652 3654 3559
3 3340 2821 2824
3 2829 2825 3343
3 2108 2830 1495
3 3158 2085 2757
3 2090 1483 2831
3 3349 1483 2832
3 3347 1487 2790
3 2832 2753 3161
3 1756 2833 1754
3 1757 2105 2833
3 1489 2834 2092
3 1554 2834 2103
3 3164 3165 469
3 861 3352 3166
3 2838 2837 1583
3 2836 2837 3167
3 2837 2121 3167
3 1771 2119 2838
3 3177 2838 2119
3 1777 2122 3173
3 3564 3172 3169
3 1772 3168 2120
3 2123 2879 3459
3 2129 2130 2841
3 2128 2841 2130
3 2128 3178 3176
3 1772 3167 3179
3 2119 883 2843
3 2131 2843 883
3 2139 2844 2137
3 2142 2844 2140
3 2142 2845 2141
3 1784 2845 2143
3 2160 2846 2144
3 2150 2846 2149
3 1526 3628 1525
3 3329 3330 3331
3 2168 2848 2151
3 3460 3590 3459
3 2181 2849 2172
3 2191 2849 2179
3 2851 2197 3183
3 2850 2851 2852
3 3187 2873 3184
3 2850 2852 2169
3 2855 2852 2851
3 2854 2190 2194
3 2851 3183 3184
3 2859 2858 2220
3 2169 2852 2854
3 2190 2854 2852
3 2855 2851 3184
3 2857 2855 2853
3 3189 2869 2874
3 2865 2862 2853
3 2857 2853 2858
3 2852 2857 2190
3 2862 2858 2853
3 2863 2861 2864
3 2859 2220 2878
3 2857 2859 2190
3 2856 2869 2865
3 2866 2870 2861
3 2863 2862 2866
3 2870 2866 2871
3 2865 2853 2856
3 2866 2862 2860
3 2862 2863 2858
3 2870 2875 2876
3 4386 3185 2189
3 2864 4386 2878
3 3381 2869 2873
3 2862 2865 3189
3 2866 2860 2871
3 2863 2866 2861
3 4128 2203 4213
3 2875 2870 2159
3 2874 3364 3189
3 3186 3583 3582
3 2873 2869 2856
3 2869 2867 2874
3 3455 3454 2868
3 2864 2861 2876
3 3189 3364 2860
3 2871 2860 3364
3 3378 3384 2867
3 3186 3371 3372
3 2873 2856 3184
3 3381 2873 3419
3 3367 2868 3365
3 2868 3364 3365
3 2864 2876 2219
3 2219 2876 2875
3 2870 2876 2861
3 2204 2877 2196
3 3183 2877 2206
3 2878 2207 2190
3 2864 2878 2220
3 2239 2223 2226
3 2224 3190 2183
3 2880 1820 2881
3 2227 2881 988
3 2880 2881 2229
3 1383 2252 2882
3 1387 2882 2252
3 1949 2883 1954
3 1950 2883 1952
3 1873 1839 2884
3 2884 1839 2885
3 1839 2886 2889
3 2885 2890 2891
3 2251 2886 1854
3 2889 2886 1937
3 2394 2887 1905
3 2391 2887 1915
3 2271 2888 2246
3 1902 2888 1884
3 1844 2304 2890
3 2885 1839 2889
3 2891 2890 2293
3 2885 2889 2890
3 2892 2891 2293
3 2388 3193 2392
3 2892 2293 3194
3 2392 2892 1911
3 1877 2893 2249
3 2936 2893 1881
3 1892 2894 1885
3 2935 2262 1897
3 2246 2896 2895
3 2896 1687 2897
3 2248 2896 2246
3 1687 2018 2897
3 3125 2898 1692
3 2895 2896 2897
3 2287 2897 2898
3 1692 2898 2897
3 2279 2287 2899
3 2899 2287 2898
3 2265 2900 1909
3 2299 2900 2263
3 2315 2901 2275
3 2290 2901 2324
3 2916 2279 2918
3 3198 3202 3196
3 2306 2903 2274
3 2280 2333 2903
3 2266 2904 1900
3 2905 2272 2305
3 2305 2915 2914
3 2333 2904 2905
3 2906 2914 2915
3 2913 2288 3462
3 2908 2907 2337
3 2344 2907 2345
3 2903 2912 2274
3 2907 2908 2345
3 2909 2274 2910
3 2913 2910 2906
3 3195 2911 2330
3 3462 2911 3195
3 2351 3195 2330
3 2914 2333 2905
3 2906 2910 2912
3 2902 2917 2919
3 2919 2917 3201
3 2305 2914 2905
3 2906 2912 2914
3 2916 2915 2305
3 2919 2915 2916
3 2305 2279 2916
3 2279 2899 2918
3 2921 3197 2902
3 2913 3201 3202
3 2922 2921 2918
3 2902 2916 2918
3 2916 2902 2919
3 3197 2917 2902
3 2922 2030 2924
3 2934 2725 3506
3 2920 2921 2922
3 2920 3208 3209
3 2925 2924 2030
3 2725 2920 2922
3 2926 2923 2925
3 3467 3206 2720
3 2925 2030 2687
3 3130 3306 2714
3 3203 2687 3125
3 2926 2925 3203
3 1691 3463 1689
3 3131 3130 3128
3 3129 3302 3301
3 2934 2920 2725
3 2923 2930 2725
3 3199 3209 2932
3 3205 2923 2926
3 2923 3205 2930
3 2932 3208 2928
3 3199 2921 3209
3 3204 3305 3509
3 2714 3306 3304
3 3300 3301 3499
3 3502 3503 3505
3 3506 2725 2930
3 3505 3208 2933
3 2894 2935 1911
3 2936 2935 1897
3 2893 2936 1897
3 2391 2936 1881
3 2012 3210 3212
3 3222 3220 2398
3 3210 1694 3211
3 2937 3213 2398
3 2939 3468 3213
3 2939 2938 3211
3 3220 3222 2940
3 2256 3217 3219
3 2942 1355 1342
3 2400 2080 2947
3 2400 2942 1342
3 2054 3475 3474
3 2087 2059 2943
3 2076 2944 2401
3 2087 2944 2054
3 2077 2945 1694
3 2946 2945 2069
3 2087 2946 2069
3 3474 2946 2054
3 2945 2947 1694
3 2947 2402 3473
3 2073 2948 2091
3 2951 2950 2948
3 2952 2949 2951
3 2950 3228 2956
3 2053 3229 2954
3 3228 3227 2956
3 2686 2951 2041
3 2949 2950 2951
3 2039 2953 2955
3 2949 2952 2954
3 2072 3297 3298
3 3231 3483 4388
3 2955 2954 2952
3 3478 3483 3231
3 2955 2686 3124
3 2955 2953 3479
3 3477 3476 2096
3 2418 2421 2956
3 1941 2957 1944
3 2430 2957 2423
3 2423 1941 2958
3 1883 2958 1941
3 2429 2959 2436
3 2427 2959 2437
3 1912 2960 1883
3 2438 2432 2960
3 3234 2961 3233
3 3004 3005 2424
3 2988 2994 2995
3 2994 2988 2990
3 2435 2450 2963
3 2448 2963 2450
3 1912 1888 3238
3 2452 2438 2964
3 2462 2965 2460
3 2465 2466 2965
3 2501 2966 1888
3 2490 2466 2966
3 2530 2967 2300
3 2528 2967 2518
3 2265 2968 1921
3 1909 2528 2968
3 2970 2969 2380
3 2972 2969 2536
3 2970 3239 2971
3 2637 2969 2970
3 3239 3280 2971
3 3098 3100 2633
3 2538 2972 2536
3 2972 2532 2973
3 2973 2532 3240
3 3244 2973 3243
3 2972 2974 2969
3 3244 2974 2973
3 3245 2975 2976
3 3246 2566 2607
3 2537 2976 2522
3 2975 2541 2976
3 2290 2977 2300
3 2563 2977 2557
3 2324 3252 2978
3 2353 2378 3253
3 2558 2979 2534
3 3245 2979 2566
3 2984 2983 2980
3 2984 2980 2577
3 2984 2986 2981
3 2985 2987 2447
3 2468 2982 2454
3 2464 2980 2982
3 2985 2983 2981
3 2454 2982 2983
3 2984 2577 3080
3 2981 2983 2984
3 2987 2985 2981
3 2454 2985 2447
3 3069 3271 2575
3 3007 3029 3038
3 2988 2981 2986
3 2987 2962 3237
3 2988 2986 2990
3 2962 2995 2996
3 2993 2989 2990
3 3000 3001 3011
3 2990 2997 2993
3 2994 2990 2999
3 3079 3080 2998
3 3000 3011 3015
3 2992 2994 2999
3 2666 3050 3038
3 2997 2990 2986
3 3012 3017 3016
3 2999 2990 2989
3 2996 2995 2994
3 2988 2995 2987
3 2996 2994 2992
3 2996 3009 3004
3 3003 2996 3004
3 2997 3079 3070
3 2993 2997 3070
3 3077 2545 3078
3 3060 3059 3045
3 3001 2999 2989
3 3008 3001 3039
3 3012 3006 3011
3 3020 2684 3024
3 2989 3012 3011
3 3000 3039 3001
3 3008 2992 2999
3 2675 3254 2671
3 3003 2424 3235
3 2962 2996 3003
3 3009 2996 2992
3 3005 2961 3234
3 3004 3002 3005
3 3002 3050 3487
3 3016 3006 3012
3 3013 3019 3026
3 3030 3029 3039
3 3037 3038 3029
3 3001 3008 2999
3 3008 3007 3255
3 2992 3008 3255
3 3002 3004 3009
3 3487 3254 3010
3 2033 3010 3254
3 2989 3011 3001
3 3006 3019 3015
3 2989 2993 3012
3 3017 2991 3014
3 3006 3016 3018
3 3049 2682 3028
3 3033 3073 3026
3 3014 3025 3018
3 3006 3015 3011
3 3020 3015 3013
3 3017 3012 2993
3 3018 3016 3014
3 2991 3017 2993
3 3014 3016 3017
3 3063 2682 3049
3 3015 3019 3013
3 3018 3033 3006
3 3047 3018 3025
3 3027 3013 3023
3 3118 3024 2684
3 3025 3014 3046
3 3021 3025 3040
3 3019 3033 3026
3 3047 3073 3033
3 3048 3013 3026
3 3048 3023 3013
3 3029 3024 2673
3 3015 3030 3000
3 3046 2991 3031
3 3047 3025 3053
3 3019 3006 3033
3 3048 3026 3491
3 3013 3027 3020
3 3028 3027 3023
3 3049 3028 3054
3 2682 2683 3036
3 3037 3029 2673
3 3039 3029 3007
3 3020 3024 3030
3 3029 3030 3024
3 3069 3077 3078
3 3031 3056 3044
3 3739 3742 3595
3 3492 3596 3593
3 3047 3033 3018
3 3073 3047 3071
3 3495 4096 3061
3 3066 3065 3051
3 3490 3489 3081
3 3263 3262 3053
3 2676 3036 2683
3 2684 3028 3036
3 3037 2673 2679
3 3037 2666 3038
3 3050 2666 2671
3 3002 3009 3255
3 3039 3007 3008
3 3030 3039 3000
3 3046 3040 3025
3 3070 3068 2991
3 2991 3051 3056
3 3058 3060 3044
3 3044 3040 3031
3 3060 3045 3044
3 3035 2574 3041
3 3269 3076 3268
3 3045 3263 3021
3 3021 3040 3045
3 3059 2562 3261
3 3040 3044 3045
3 3053 3025 3021
3 3040 3046 3031
3 3071 3047 3053
3 3491 3026 3022
3 3023 3048 3034
3 3054 3028 3023
3 3494 3495 3061
3 3254 3487 2671
3 3002 3038 3050
3 3067 3052 3057
3 3057 3065 3067
3 3057 3044 3056
3 3267 3083 3268
3 3059 3263 3045
3 3064 3276 25
3 3023 3034 3054
3 3259 3060 3042
3 3035 3042 3060
3 3260 3063 3278
3 2991 3056 3031
3 3057 3056 3051
3 3057 3051 3065
3 3058 3057 3052
3 3057 3058 3044
3 3035 3052 3266
3 3042 3035 3041
3 3258 2562 3059
3 3054 3074 3049
3 2998 3069 3066
3 3275 3121 3122
3 3493 3274 3084
3 3277 3276 3064
3 3273 3063 3049
3 2991 3068 3051
3 3065 3055 3067
3 3271 2998 3080
3 3055 3065 3066
3 3055 3075 3067
3 3488 3043 3257
3 2998 3066 3068
3 3051 3068 3066
3 2575 2492 3077
3 3055 3066 3069
3 2993 3070 2991
3 2997 2986 3079
3 3053 3262 4109
3 3071 3062 3073
3 4106 4108 3032
3 4100 4099 4094
3 3594 3073 3062
3 3026 3073 3022
3 3054 3034 3490
3 3274 3493 3082
3 3078 3075 3055
3 3257 3043 3256
3 3488 3075 3043
3 3067 3075 3488
3 3078 2545 3043
3 2575 3077 3069
3 3075 3078 3043
3 3055 3069 3078
3 3080 3079 2986
3 2998 3070 3079
3 2984 3080 2986
3 2575 3271 2577
3 3490 3491 3272
3 3074 3274 3277
3 3275 3064 25
3 3063 3273 3064
3 3488 3264 3067
3 3052 3067 3264
3 3054 3084 3074
3 3081 3591 3084
3 3490 3272 3489
3 4098 4096 3737
3 2632 3100 3279
3 3279 3100 3086
3 2584 3087 2554
3 2604 3087 2573
3 2379 2480 3106
3 2602 3089 3090
3 2602 2598 3089
3 1973 3090 3089
3 2579 3091 2602
3 2603 3091 2555
3 3282 3092 3281
3 2580 2585 2544
3 3091 3093 2602
3 3281 3288 2605
3 2608 3095 2601
3 3093 2605 3288
3 2620 2619 3096
3 3289 3095 2620
3 3101 3097 2536
3 2612 3097 2624
3 3099 3100 3098
3 2637 3099 2631
3 3100 3099 2971
3 3100 2971 3280
3 3100 2632 2633
3 2969 3101 2536
3 2631 3101 2637
3 2589 3102 2588
3 3103 3102 2582
3 2581 3103 2582
3 3103 2561 3104
3 2561 2560 3250
3 3290 2628 2613
3 2644 3105 2593
3 3088 3105 2646
3 2594 3106 2480
3 3088 3106 3105
3 2606 3107 2596
3 2614 3107 2576
3 2660 2616 3109
3 2658 2663 3108
3 3291 2609 3110
3 2377 3110 2609
3 2662 3109 3110
3 2592 3111 2653
3 2615 3111 2656
3 2616 2660 3112
3 2657 3112 2660
3 2615 2617 3114
3 3293 3292 3115
3 3293 3114 2654
3 2615 3114 3113
3 2677 3485 3484
3 23 2650 3295
3 3298 2953 2039
3 3117 2677 3484
3 2670 3117 2047
3 3024 3118 2673
3 3036 3118 2684
3 2683 3119 2680
3 3120 3119 2685
3 3498 2674 3485
3 3485 2677 3498
3 3278 2685 3260
3 3122 3120 2685
3 3064 3275 3278
3 2073 3123 2041
3 3124 3123 2020
3 1997 3124 2020
3 2955 3124 2039
3 3125 1689 3203
3 2898 3125 2687
3 2693 3126 1723
3 2231 3126 2695
3 1728 3127 1729
3 2078 3127 1724
3 2712 2718 3128
3 2718 3207 3131
3 3207 3129 3131
3 3300 2931 3132
3 3306 3129 3132
3 2714 2722 3130
3 2718 3206 3207
3 3129 3130 3131
3 2931 3300 2930
3 3304 2729 2714
3 3307 2724 3507
3 3304 3305 2729
3 2748 3134 15
3 2732 3134 2730
3 3512 3513 3311
3 2747 3135 2744
3 3144 3139 2767
3 2739 17 3136
3 2746 3138 3137
3 2734 3516 3515
3 16 2740 3138
3 3140 3139 2770
3 2765 3140 2770
3 2760 3140 2761
3 3141 1500 3142
3 1511 3141 2775
3 1500 2777 3142
3 2774 3142 2777
3 3144 3143 2770
3 2779 3143 2781
3 3139 3144 2770
3 3146 3144 2767
3 3315 3317 3145
3 3525 3318 3313
3 2767 3148 3147
3 3146 3145 3598
3 3149 2788 2799
3 3146 3147 3315
3 2771 3148 2767
3 2787 2762 3314
3 3520 3319 2799
3 2814 2817 3342
3 2775 3150 2780
3 2779 3150 2773
3 3324 2784 3325
3 3329 3151 3327
3 2806 3152 2805
3 19 3152 2802
3 3635 3637 3632
3 19 3155 3153
3 3561 3156 2824
3 2828 2815 3632
3 3337 2822 3721
3 3372 3366 3386
3 3748 2825 3749
3 3561 3560 3156
3 2799 3319 3149
3 2756 3158 2757
3 1504 3158 2777
3 3348 3160 2832
3 2832 1483 3348
3 3347 3160 3159
3 2755 3161 2753
3 3162 3161 1754
3 2833 3162 1754
3 2105 2831 3349
3 1577 1590 3165
3 2117 2116 3163
3 2835 3164 469
3 2117 3163 3164
3 469 3165 1590
3 3163 3165 3164
3 3352 3351 3350
3 880 2094 3562
3 3179 3167 2121
3 2120 3167 1772
3 3170 1772 3171
3 2840 2120 3168
3 3564 3565 3355
3 3170 3172 3168
3 3361 1772 3179
3 3170 3169 3172
3 3178 2842 3176
3 3170 3171 3362
3 3564 3169 3565
3 1777 3173 3174
3 1585 2840 3173
3 3173 2840 3359
3 3360 3569 3356
3 1777 3174 1568
3 3176 2132 2128
3 3177 3175 2842
3 3178 2128 2135
3 2842 3175 3176
3 2842 3171 3361
3 3177 2121 2838
3 3180 2135 2147
3 3171 2842 3178
3 2121 3177 3179
3 3177 2842 3361
3 3180 2147 3181
3 3171 3178 3180
3 2147 2839 3181
3 3590 3588 3568
3 3182 3768 3767
3 3616 3618 2847
3 2877 3183 2197
3 3184 3183 2206
3 3184 2206 3187
3 2855 3184 2856
3 2204 3187 2206
3 2864 2219 3185
3 2871 3457 2870
3 2203 2873 3187
3 3390 3399 3401
3 3387 3374 3382
3 2862 3189 2860
3 2869 3189 2865
3 3590 2154 3461
3 2148 3191 2147
3 2145 2839 3191
3 2390 3192 2388
3 2884 3192 1870
3 2885 3193 2388
3 2892 3193 2891
3 2304 3194 2293
3 3194 2277 2311
3 3462 2910 2913
3 3201 2915 2919
3 2917 3196 3202
3 2288 2913 3198
3 2917 3200 3196
3 2915 3201 2906
3 109 3197 3199
3 2921 3199 3197
3 2906 3201 2913
3 3197 109 3200
3 2913 3202 3198
3 2917 3202 3201
3 3203 2925 2687
3 1689 2926 3203
3 3464 3204 3463
3 3133 3507 3305
3 3509 3205 2926
3 2930 3205 2931
3 2702 3206 2718
3 3466 3504 3302
3 3466 3302 3207
3 2920 2934 3208
3 2920 3209 2921
3 2932 3209 3208
3 1694 2947 3211
3 3212 3210 2938
3 3211 2080 3216
3 2938 3210 3211
3 3212 2938 3213
3 2012 3212 1993
3 3212 3213 2937
3 2939 3213 2938
3 1353 3214 1354
3 3215 3214 1337
3 1337 3469 3215
3 3223 3222 3215
3 3214 3216 1354
3 3211 3216 2939
3 3218 3217 2259
3 3219 3217 2940
3 2259 2006 3218
3 2937 3218 2006
3 3224 2940 3222
3 3221 1378 1388
3 2940 3218 3220
3 2937 3220 3218
3 3221 1388 2255
3 2256 3219 3221
3 3468 3222 2398
3 3469 3223 3215
3 3472 3223 1379
3 3224 1378 3219
3 2940 3224 3219
3 3222 3223 3224
3 1355 3225 1316
3 2942 3473 3226
3 3226 3473 3474
3 2941 3225 3226
3 2949 2954 3229
3 3228 2950 2949
3 3228 2949 3229
3 2040 3232 2033
3 3228 3229 2413
3 3228 2413 3227
3 3229 3230 2413
3 3481 3483 3479
3 3233 3232 2002
3 3233 2002 2019
3 3234 3233 2440
3 3235 3234 2440
3 3005 3234 2424
3 2440 2442 3236
3 3235 2444 3003
3 3236 2429 2441
3 2444 3235 3236
3 2987 3237 2447
3 3003 3237 2962
3 2452 3238 2466
3 1912 3238 2964
3 2359 3239 2380
3 3280 3239 2375
3 2533 3240 2532
3 3241 3240 2520
3 3242 3241 2520
3 3241 2564 3243
3 2521 3242 2520
3 3242 2502 2563
3 3253 3243 2564
3 3244 3243 2378
3 2381 3244 2378
3 2974 3244 2365
3 2979 3245 2537
3 3246 3245 2566
3 3247 2607 2628
3 3247 3249 3246
3 3248 3247 2628
3 3249 2512 2975
3 2628 3104 3248
3 3250 3104 2561
3 3248 3249 3247
3 2511 3249 2478
3 2478 3248 3250
3 3104 3250 3248
3 2977 3251 2557
3 2290 2978 3251
3 2358 3252 2324
3 3253 3252 2353
3 3243 3253 2378
3 3486 3253 2564
3 2033 3254 2042
3 3010 3005 3487
3 3255 3009 2992
3 3007 3038 3255
3 3257 3256 2552
3 2545 3256 3043
3 2597 3257 2552
3 3267 3268 3076
3 3258 3259 3042
3 3259 3258 3059
3 3059 3060 3259
3 3260 2685 3119
3 2682 3063 3260
3 4110 3739 3741
3 3741 3032 4108
3 3742 3739 4110
3 3263 3053 3021
3 3059 3261 3263
3 3262 3263 3261
3 3265 2574 3266
3 3076 3265 3267
3 3266 3264 3267
3 3052 3264 3266
3 3083 3267 3264
3 3267 3265 3266
3 3268 3083 3488
3 3270 1973 3269
3 3257 3270 3268
3 3270 3269 3268
3 1973 3270 2597
3 2998 3271 3069
3 2577 3271 3080
3 3593 3594 3492
3 3085 3591 3489
3 3074 3273 3049
3 3274 3074 3084
3 3121 3275 25
3 3273 3277 3064
3 3278 3275 3122
3 3074 3277 3273
3 3274 3082 3276
3 3276 3277 3274
3 2685 3278 3122
3 3064 3278 3063
3 2375 3086 3280
3 3086 2250 3279
3 3100 3280 3086
3 3282 3281 2599
3 3288 3281 3092
3 3283 3282 2599
3 3284 2590 2585
3 2604 3283 2599
3 3283 2573 2567
3 3284 2585 3285
3 3092 3282 3284
3 3496 2580 2594
3 3286 2586 3092
3 3287 3285 3496
3 2586 3288 3092
3 3093 3288 3094
3 2620 3096 3289
3 2377 3289 3096
3 2641 3104 3290
3 2628 3290 3104
3 3109 2616 3291
3 3291 2616 2614
3 2658 2664 3292
3 3115 3292 2664
3 3115 3113 3293
3 3293 3113 3114
3 3115 3294 3295
3 3115 2664 3294
3 23 3295 3294
3 3296 2650 2653
3 3115 3296 2645
3 3117 3297 2047
3 3298 3297 3116
3 3298 3116 3482
3 3298 2039 1997
3 3299 2674 3498
3 3122 3497 3120
3 3129 3301 3132
3 3300 3132 3301
3 3129 3207 3302
3 2930 3300 3303
3 3504 3500 3302
3 3500 3502 3303
3 3303 3499 3500
3 3506 3303 3502
3 2931 3508 3132
3 3509 2931 3205
3 3508 3305 3304
3 3464 3305 3204
3 3129 3306 3130
3 3304 3306 3132
3 3507 2724 2729
3 3308 3307 3133
3 3308 3310 3309
3 2719 3309 1822
3 3308 1681 3310
3 1668 1822 3309
3 3510 1681 1683
3 1670 1671 3511
3 2741 2743 3514
3 2743 3515 3514
3 3518 2742 2748
3 2734 3312 3519
3 3527 3547 3544
3 3426 3409 3430
3 2788 3314 2798
3 2787 3314 3148
3 3147 3149 3315
3 3149 3522 3317
3 3316 3317 3522
3 3344 3157 3343
3 3149 3317 3315
3 3318 3317 3316
3 3747 3346 3604
3 3525 3524 3325
3 3521 3319 3520
3 3521 3346 3319
3 3321 3320 2784
3 3320 3151 3331
3 3324 3321 2784
3 3327 3326 3323
3 3426 3433 3421
3 3326 3539 3323
3 3321 3324 3326
3 3608 3612 3552
3 3325 2784 2776
3 3326 3324 3322
3 2776 2781 3523
3 3325 3523 3525
3 3322 3524 3526
3 3326 3528 3533
3 3326 3327 3321
3 3323 3611 3329
3 3614 3616 3617
3 3554 1513 3333
3 3323 3329 3327
3 3329 3328 3330
3 3330 3328 3332
3 2783 3330 3333
3 3331 2783 2778
3 3329 3331 3151
3 3328 3607 3332
3 3788 3624 3553
3 3330 3332 3333
3 3554 3332 3626
3 2812 3334 2813
3 3335 3334 3153
3 3629 3336 3335
3 2820 3335 3336
3 3630 3555 3629
3 3631 3336 3629
3 3640 3791 3637
3 3155 19 3337
3 3721 3155 3337
3 3790 3726 3339
3 2821 3340 2829
3 2824 3156 3340
3 3389 3734 3394
3 3439 3441 3437
3 2829 3342 2817
3 3521 3342 3157
3 3344 3343 2825
3 3342 3343 3157
3 3748 3749 3345
3 3346 3316 3522
3 3572 3396 3390
3 3548 3550 3545
3 3157 3344 3346
3 3604 3545 3747
3 3160 3347 2790
3 3159 1487 3347
3 1483 3159 3348
3 3160 3348 3159
3 2832 3162 3349
3 2105 3349 3162
3 3164 3350 2117
3 3350 3166 3352
3 3562 3354 880
3 3565 3169 3181
3 3563 3730 3728
3 3730 3563 3731
3 3353 873 3354
3 880 3354 873
3 3351 3352 3354
3 3567 2123 3568
3 3359 3358 3174
3 3356 3357 3358
3 3357 1568 3174
3 3564 3355 3566
3 3358 3357 3174
3 3173 3359 3174
3 3172 3359 2840
3 3355 3568 3589
3 3356 3358 3360
3 1772 3361 3171
3 3177 3361 3179
3 3170 3362 3169
3 3180 3362 3171
3 3768 3363 1784
3 3623 3363 3182
3 3365 3364 2874
3 3364 2868 3454
3 3378 3375 3377
3 3367 3366 3371
3 3370 3373 3368
3 3366 3367 3370
3 3365 3373 3370
3 3582 3583 3453
3 3374 3376 3382
3 3370 3376 3366
3 3369 3456 3453
3 2872 3186 3372
3 3365 3370 3367
3 3368 3382 3376
3 3371 3366 3372
3 2872 3583 3186
3 3366 3376 3386
3 3372 3386 3586
3 3384 3365 2874
3 3378 3380 3375
3 3368 3373 3377
3 3387 3391 3374
3 3400 3401 3402
3 3377 3379 3368
3 3368 3376 3370
3 3374 3383 3386
3 3378 3377 3373
3 3379 3377 3375
3 3373 3365 3384
3 3378 2867 3380
3 3392 3399 3390
3 3406 3388 3392
3 3381 3380 2867
3 3412 3380 3188
3 2869 3381 2867
3 2873 2203 3419
3 3379 3388 3368
3 3382 3388 3387
3 3374 3391 3398
3 3372 3585 2872
3 2867 3384 2874
3 3373 3384 3378
3 3416 3422 4393
3 3374 3398 3383
3 3374 3386 3376
3 3386 3383 3586
3 3382 3368 3388
3 3385 3393 3391
3 3392 3388 3379
3 3387 3388 3406
3 3393 3389 3391
3 3893 3865 3889
3 3571 3399 3392
3 4131 3733 3863
3 3385 3391 3387
3 3389 3394 3398
3 3571 3379 3375
3 3392 3390 3396
3 3387 3406 3385
3 3389 3393 3407
3 4203 4202 3734
3 4090 3570 3587
3 3408 3412 3188
3 3420 3408 3418
3 3405 3572 3404
3 4092 4091 3394
3 3416 3385 3422
3 3404 3390 3401
3 3389 3398 3391
3 3398 3394 3424
3 3571 3392 3379
3 3402 3401 3399
3 3400 3402 3414
3 3400 3425 3429
3 3402 3399 3395
3 3400 3429 3404
3 3408 3395 3412
3 3402 3395 3408
3 3414 3425 3400
3 3421 3439 3444
3 3400 3404 3401
3 3404 3403 3405
3 3578 3423 3442
3 3393 3385 3416
3 3392 3396 3406
3 3385 3406 3396
3 3415 4131 3574
3 3875 3417 4149
3 3419 3413 3418
3 3188 3418 3408
3 4123 3784 4126
3 3434 3433 3430
3 3403 3427 3423
3 3679 3881 3655
3 3736 3411 4090
3 3863 3874 4234
3 3571 3412 3395
3 3412 3375 3380
3 4128 4127 3413
3 3420 3409 3414
3 3420 3402 3408
3 3409 3426 3425
3 3574 3393 3416
3 3415 3837 3733
3 3422 3385 3396
3 3415 3416 3410
3 3861 3423 3578
3 4091 3424 3394
3 3419 3418 3188
3 3420 3418 3413
3 3381 3419 3188
3 3419 2203 4128
3 3436 3432 3435
3 3420 3414 3402
3 3426 3421 3425
3 3403 3404 3429
3 4394 3396 3572
3 3860 4393 3405
3 3398 3424 3383
3 4089 3448 3446
3 3600 3778 3775
3 4203 3862 4202
3 3409 3425 3414
3 3425 3421 3427
3 3430 3435 4125
3 3450 3443 3581
3 3421 3433 3439
3 3448 3437 3441
3 3533 3539 3326
3 3528 3322 3526
3 3425 3427 3429
3 3403 3429 3427
3 3435 3430 3409
3 3434 3430 3428
3 3431 3434 3440
3 3431 3445 3441
3 3436 3435 3409
3 4123 2201 2202
3 3430 3433 3426
3 3431 3441 3439
3 3577 3434 3428
3 3433 3434 3431
3 3436 3409 3420
3 3435 3432 4125
3 3420 3413 3436
3 3436 3413 4127
3 3841 3837 3839
3 3427 3421 3444
3 3428 4088 3576
3 3452 3443 3451
3 3431 3439 3433
3 3444 3439 3884
3 3577 3428 3576
3 3447 3443 3445
3 3445 3431 3447
3 3445 3443 3450
3 3417 3437 3448
3 3861 3578 3866
3 3443 3447 3451
3 3446 3450 3581
3 3884 3439 3437
3 3427 3444 3442
3 3447 3431 3440
3 3450 3448 3441
3 3654 3659 3645
3 3790 3645 3794
3 3440 3438 3447
3 3602 3451 3447
3 3450 3441 3445
3 4150 3810 4149
3 3326 3322 3528
3 3535 3529 3527
3 3581 3452 3580
3 3446 3448 3450
3 3602 3447 3438
3 3451 3449 3605
3 3601 3541 3538
3 3606 3765 3549
3 3457 2871 3454
3 3456 3455 3582
3 3364 3454 2871
3 3367 3455 2868
3 3367 3371 3455
3 3457 2159 2870
3 3457 3456 3369
3 3454 3456 3457
3 2183 3190 3459
3 3190 329 3458
3 3460 3459 3190
3 3458 3460 3190
3 3589 3588 2156
3 3461 2156 3588
3 3568 3588 3589
3 2911 3462 2288
3 2910 3462 3195
3 3464 3463 1681
3 1689 3463 3204
3 3308 3464 1681
3 3305 3464 3133
3 3465 2929 3466
3 3207 3467 3466
3 3467 3207 3206
3 1058 3465 3467
3 3466 3467 3465
3 3213 3468 2398
3 2939 3215 3468
3 3470 3469 1337
3 3223 3469 1379
3 1353 3470 1337
3 3471 3470 1307
3 1270 3471 1307
3 1379 3471 1299
3 1377 3472 1379
3 1378 3472 1362
3 2942 2400 3473
3 2947 3473 2400
3 2946 3474 2402
3 3475 2054 2076
3 2941 3226 3475
3 3474 3475 3226
3 2416 3477 2096
3 3227 2413 3476
3 3227 3477 2417
3 3479 3478 2954
3 3231 2053 3478
3 2955 3479 2954
3 3479 2953 3481
3 3481 3482 3480
3 3480 3484 3485
3 3482 3481 2953
3 3480 4388 3483
3 3298 3482 2953
3 3117 3484 3116
3 3479 3483 3478
3 3480 3483 3481
3 3480 3482 3484
3 3116 3484 3482
3 2677 3120 3498
3 4388 3485 2674
3 2563 3486 2564
3 2978 3486 2557
3 3002 3487 3005
3 2671 3487 3050
3 3268 3488 3257
3 3488 3083 3264
3 3272 3593 3596
3 3085 3737 4096
3 3054 3490 3081
3 3491 3490 3034
3 3048 3491 3034
3 3593 3491 3022
3 3492 3594 3738
3 3492 3740 3596
3 3591 3493 3084
3 3495 3085 4096
3 3494 3082 3493
3 3085 3495 3493
3 3494 3493 3495
3 2580 3496 2585
3 2480 3496 2594
3 3120 3497 3498
3 3497 3121 3299
3 3500 3499 3302
3 3299 3498 3497
3 3300 3499 3303
3 3504 3501 3500
3 3502 3500 2927
3 3504 3466 2929
3 2927 3500 3501
3 2928 3208 3505
3 3506 3502 2933
3 3502 2927 3503
3 2929 3501 3504
3 3502 3505 2933
3 2928 3505 3503
3 2934 3506 2933
3 2930 3303 3506
3 3307 3507 3133
3 2729 3305 3507
3 3132 3508 3304
3 3509 3508 2931
3 3204 3509 2926
3 3508 3509 3305
3 3511 3510 1670
3 1681 3510 3310
3 3309 3511 1668
3 3511 3310 3510
3 2739 3136 3512
3 3135 3512 3136
3 2745 3513 3135
3 3514 3513 2741
3 2743 3517 3515
3 3513 3514 3311
3 2734 3515 3312
3 3311 3514 3515
3 3518 3517 2742
3 3515 3516 3311
3 3515 3517 3312
3 3137 3138 3597
3 3517 3518 3312
3 3520 2799 2810
3 3312 2740 3519
3 3521 3520 2814
3 3342 3521 2814
3 3346 3521 3157
3 3149 3319 3522
3 3346 3522 3319
3 2781 3598 3523
3 3599 3318 3525
3 3526 3524 3313
3 3322 3325 3524
3 3525 3523 3599
3 3313 3524 3525
3 3529 3526 3313
3 3528 3526 3534
3 3529 3313 3531
3 3546 3538 3544
3 3535 3534 3529
3 3440 3576 3438
3 3531 3313 3318
3 3541 3532 3535
3 3533 3528 3540
3 3778 3780 3775
3 3550 3318 3316
3 3529 3531 3548
3 3542 3532 3541
3 3537 3532 3603
3 3534 3537 3540
3 3533 3530 3536
3 3529 3534 3526
3 3534 3532 3537
3 3535 3527 3543
3 3534 3535 3532
3 3530 3743 3536
3 2847 3612 3616
3 3532 3542 3603
3 3533 3537 3530
3 3538 3543 3544
3 3538 3546 3605
3 3533 3536 3539
3 3323 3539 3536
3 3534 3540 3528
3 3537 3533 3540
3 3543 3541 3535
3 3538 3605 3601
3 3602 3542 3601
3 3746 3745 4111
3 3544 3543 3527
3 3541 3543 3538
3 3547 3527 3548
3 3765 3605 3546
3 3604 3346 3344
3 3604 3762 3545
3 3544 3547 3551
3 3546 3544 3551
3 3527 3529 3548
3 3762 3551 3545
3 3550 3548 3531
3 3545 3547 3548
3 3341 3753 3750
3 3452 3765 3761
3 3318 3550 3531
3 3316 3346 3747
3 3545 3551 3547
3 3546 3551 3549
3 3608 3328 3611
3 3553 3609 3610
3 3609 3332 3607
3 3609 3552 3766
3 1513 3554 1527
3 3333 3332 3554
3 3723 3155 3721
3 3639 3642 3793
3 3636 3644 3638
3 3726 3790 3154
3 3557 3724 3338
3 3555 3811 3812
3 3791 3558 2828
3 3561 3558 3339
3 3638 3634 3636
3 3652 3559 3648
3 3560 3726 3727
3 3835 3341 3836
3 3558 3561 2824
3 3561 3339 3726
3 1770 3351 3562
3 3354 3562 3351
3 3730 3729 3353
3 873 3353 3729
3 3181 2839 3565
3 3566 3355 3360
3 2839 4390 3567
3 3358 3566 3360
3 3172 3564 3566
3 3355 3565 3567
3 2839 3567 3565
3 3588 3590 3461
3 3355 3567 3568
3 3412 3571 3375
3 3589 3569 3360
3 3570 3735 3587
3 3399 3571 3395
3 3404 3572 3390
3 4394 3572 3405
3 3839 3840 3851
3 3801 3673 3675
3 3393 3574 3407
3 3416 3415 3574
3 3779 3776 3778
3 4090 4091 3736
3 3428 3430 4125
3 4212 3783 4124
3 3576 3440 3577
3 3440 3434 3577
3 3880 3417 3875
3 3840 3839 3410
3 4112 3835 3727
3 3881 4140 3655
3 3605 3765 3452
3 3941 3922 3933
3 3452 3581 3443
3 3581 3580 4118
3 3456 3582 3453
3 3186 3455 3371
3 3372 3586 3585
3 3568 2123 3590
3 3735 3585 3586
3 3186 3582 3455
3 2872 3585 3584
3 3587 3586 3383
3 3735 3584 3585
3 3383 3424 3587
3 3411 3736 2162
3 3569 3589 2156
3 3589 3360 3355
3 3459 3590 2123
3 3590 3460 2154
3 3591 3085 3493
3 3081 3489 3591
3 3085 3489 3737
3 3489 3272 3596
3 3491 3593 3272
3 3594 3593 3022
3 3073 3594 3022
3 3738 3594 3062
3 3062 3071 4109
3 3741 4108 4110
3 3492 3738 3740
3 3596 4100 4094
3 3312 3597 2740
3 3137 3597 3518
3 3598 2781 3144
3 3145 3317 3599
3 3523 3598 3599
3 3145 3599 3598
3 4212 3603 3746
3 2175 3621 3786
3 3602 3601 3449
3 3541 3601 3542
3 3451 3602 3449
3 3745 3602 3438
3 3745 3603 3542
3 3745 3746 3603
3 3344 3748 3604
3 3762 3604 3345
3 3451 3605 3452
3 3605 3449 3601
3 3345 3750 3752
3 3549 3763 3764
3 3608 3607 3328
3 3609 3607 3552
3 3323 3613 3611
3 3612 2847 3766
3 3609 3766 3610
3 3609 3553 3626
3 3767 2847 3182
3 3628 3772 1525
3 3329 3611 3328
3 3613 3323 3536
3 3615 3611 3613
3 3182 2847 3618
3 3744 3619 3613
3 3611 3615 3608
3 3615 3612 3608
3 3617 3620 3614
3 3615 3619 3617
3 3617 3616 3612
3 3617 3612 3615
3 3616 3614 3618
3 3619 3615 3613
3 3617 3619 3620
3 3614 3621 3618
3 3622 3623 3621
3 3744 3536 3743
3 3620 3774 3775
3 3774 3620 3619
3 3620 3775 3777
3 3786 3621 3614
3 2176 3622 2175
3 2166 2146 3622
3 3623 3182 3618
3 3622 2146 3623
3 3363 3623 2146
3 3625 3624 1521
3 3626 3624 1527
3 1523 3625 1521
3 3787 3625 1518
3 3554 3626 1527
3 3609 3626 3332
3 3610 3773 3553
3 3769 3770 3773
3 1523 3628 1526
3 3788 3628 1521
3 3630 3629 3335
3 3629 3555 3792
3 3153 3630 3335
3 3155 3723 3811
3 3793 3642 3646
3 3632 3633 3789
3 2815 3336 3633
3 3632 3789 3635
3 3336 3631 3633
3 3789 3633 3631
3 3634 3635 3636
3 3640 3637 3634
3 3636 3635 3556
3 3637 3635 3634
3 3642 3641 3556
3 3559 3634 3638
3 3634 3559 3640
3 3632 3637 2828
3 3641 3636 3556
3 3649 3648 3638
3 3663 3666 3651
3 3641 3644 3636
3 3640 3559 3645
3 3791 3339 3558
3 3556 3789 3642
3 3639 3643 3644
3 3642 3792 3646
3 3639 3641 3642
3 3832 3817 2818
3 3649 3663 3665
3 3639 3644 3641
3 3644 3643 3649
3 3648 3559 3638
3 3559 3654 3645
3 3812 3557 3813
3 3555 3815 3792
3 3661 3655 3658
3 3657 3653 3658
3 3638 3644 3649
3 3652 3648 3653
3 3663 3649 3643
3 3647 3648 3649
3 3650 3652 3653
3 3715 3844 3710
3 3834 3831 3833
3 3957 3950 4158
3 3653 3648 3647
3 3652 3650 3654
3 3661 3658 3647
3 3653 3647 3658
3 3660 3654 3650
3 3660 3659 3654
3 3796 3692 3690
3 4151 3718 4152
3 3653 3657 3650
3 4140 3881 3900
3 3656 3660 3662
3 3662 3660 3650
3 3647 3665 3661
3 3657 3658 3655
3 3803 4115 4114
3 3790 3794 3154
3 3662 3650 3657
3 3659 3660 3656
3 3651 3668 3670
3 3670 3661 3651
3 4303 4308 4311
3 4395 3684 3685
3 4130 3639 3830
3 3665 3663 3651
3 3824 3826 3686
3 3651 3666 3668
3 3661 3665 3651
3 3649 3665 3647
3 4130 3663 3643
3 3668 3823 3664
3 3824 3686 3819
3 3685 3687 3683
3 3821 3823 3668
3 3670 3668 3664
3 4152 3877 3579
3 3682 3679 3661
3 3821 3668 3666
3 3670 3669 3682
3 3939 3881 3684
3 3703 3713 3804
3 3573 3846 3673
3 3672 3692 3900
3 3675 3846 3870
3 3906 3798 3691
3 3899 3703 3804
3 3873 3936 3681
3 3670 3664 3669
3 4287 4290 4297
3 3717 3805 3713
3 3691 3843 3802
3 3679 3655 3661
3 3796 3714 3859
3 3843 3879 3867
3 3690 3692 3853
3 3661 3670 3682
3 3717 3674 3808
3 3684 3881 3679
3 3720 3693 3856
3 3896 3888 3887
3 3700 3847 3882
3 3685 3682 3669
3 3679 3682 3684
3 3683 3687 4304
3 3715 3710 3711
3 3685 3684 3682
3 3683 4395 3685
3 3664 3819 3669
3 4308 4310 4320
3 3687 3819 3686
3 3848 4289 4295
3 3819 3685 3669
3 4315 3687 3686
3 4303 4311 4296
3 3919 3924 3895
3 4315 4303 4304
3 3714 3662 3859
3 3801 3847 3904
3 3929 3920 3928
3 3918 3934 3697
3 3918 3922 3898
3 3702 3897 4155
3 3907 3868 3690
3 3916 3693 3678
3 3916 3678 3885
3 3798 3710 3691
3 3853 3922 3918
3 3907 3698 3868
3 3865 3878 3889
3 3961 3965 3954
3 3711 3895 3864
3 3907 3921 3698
3 3712 3850 3696
3 3699 3800 4142
3 3801 3993 3671
3 3888 3858 3797
3 3700 3913 3707
3 3897 3720 3856
3 3904 3700 3707
3 3704 3892 3697
3 3696 3850 3671
3 3917 3928 3926
3 3913 3882 3718
3 3897 3702 3720
3 3942 4158 3950
3 3897 3856 3926
3 3913 3700 3882
3 3909 4160 3891
3 3709 3887 3908
3 3680 3712 3701
3 3847 3716 3882
3 3858 3896 3705
3 4002 4396 3914
3 4152 3908 4151
3 3801 3675 3847
3 3706 3891 3878
3 3904 3847 3700
3 3760 3807 3809
3 3715 3878 3865
3 3712 3849 3850
3 3899 3699 3885
3 3799 3868 3698
3 3675 3870 3716
3 3673 3801 3671
3 3854 3674 3713
3 3802 3852 3680
3 3904 3992 3993
3 3809 3446 4118
3 3760 3580 3761
3 3995 3960 3994
3 4153 3905 3889
3 3757 3758 3759
3 3805 3803 3804
3 3990 3696 4003
3 4297 4331 4287
3 3753 3755 3751
3 4142 3662 3714
3 3704 3690 3892
3 3888 3797 3695
3 3722 4389 3721
3 3557 3723 4389
3 3724 4389 3722
3 3721 2822 3722
3 3630 3811 3555
3 3813 3557 3338
3 3646 3816 3793
3 3817 3816 3818
3 3646 3815 3816
3 3727 3726 3154
3 3561 3726 3560
3 4129 3794 3795
3 3899 4116 3800
3 3353 3728 3730
3 3353 861 3728
3 879 3729 3732
3 3731 3563 577
3 3732 3730 3731
3 1533 3731 577
3 3732 3731 888
3 879 3732 888
3 3729 3730 3732
3 3837 3415 3410
3 3442 3423 3427
3 3584 3735 3570
3 4131 3407 3574
3 3841 3852 3733
3 3586 3587 3735
3 3061 4096 4097
3 4094 3737 3489
3 4109 3071 3053
3 3261 2562 3595
3 3062 3072 3738
3 3595 3742 3261
3 3072 4110 4210
3 3737 4099 4098
3 4109 3742 3072
3 3262 3261 3742
3 4201 4200 3746
3 3600 3774 3744
3 3536 3744 3613
3 3600 3744 3743
3 3602 3745 3542
3 4111 3438 3576
3 3746 4111 4201
3 3781 3783 3397
3 3545 3550 3747
3 3316 3747 3550
3 2825 3748 3344
3 3345 3604 3748
3 2825 3156 3836
3 3749 3836 3750
3 3752 3750 3753
3 3345 3749 3750
3 3755 3341 4112
3 3751 3755 3757
3 3764 3751 3759
3 3752 3764 3763
3 3341 3835 4112
3 3751 3752 3753
3 3795 3727 4129
3 3757 3754 4117
3 3341 3755 3753
3 4115 3754 4113
3 4118 3446 3581
3 3758 3606 3759
3 3754 3757 3755
3 3757 3756 3758
3 3760 3758 3756
3 3761 3758 3760
3 3764 3606 3549
3 3757 3759 3751
3 3806 3760 3756
3 3760 3806 3807
3 3452 3761 3580
3 3606 3758 3761
3 3763 3345 3752
3 3551 3762 3549
3 3549 3762 3763
3 3345 3763 3762
3 3751 3764 3752
3 3606 3764 3759
3 3549 3765 3546
3 3761 3765 3606
3 3612 3766 3552
3 3767 3766 2847
3 3182 3363 3768
3 3769 3767 3768
3 4119 1784 1785
3 3768 4119 3769
3 3770 3769 1782
3 3767 3769 3773
3 3770 1782 3771
3 3773 3770 3627
3 1783 3771 1782
3 1791 1606 4120
3 3627 3770 3772
3 3771 3772 3770
3 3773 3627 3788
3 3773 3610 3767
3 3744 3774 3619
3 3775 3774 3600
3 3779 3600 3743
3 3775 2177 3777
3 3782 3776 3781
3 3780 2177 3775
3 4121 2177 2178
3 3777 4121 3786
3 3779 3778 3600
3 3778 3776 3780
3 4122 3743 3530
3 3782 3781 3397
3 3776 2199 3780
3 2199 2200 3785
3 3776 3779 3781
3 3781 3779 3783
3 3782 3397 3784
3 2199 3776 3782
3 3743 4122 3779
3 3537 4124 3530
3 3784 3397 4199
3 4126 3784 3432
3 2177 3780 3785
3 2199 3785 3780
3 3614 3620 3786
3 3777 3786 3620
3 1507 3787 1518
3 1527 3787 1515
3 3773 3788 3553
3 3628 3788 3627
3 3642 3789 3631
3 3789 3556 3635
3 3791 3790 3339
3 3645 3790 3640
3 3637 3791 2828
3 3790 3791 3640
3 3629 3792 3631
3 3815 3555 3812
3 3723 3557 3812
3 3834 3821 3822
3 3645 3659 3794
3 3794 3659 3795
3 4211 3659 3656
3 4113 4112 3727
3 3796 3900 3692
3 3657 3655 4140
3 4151 3908 3887
3 4407 3718 4151
3 3693 3854 3678
3 3705 3910 3854
3 3698 3699 3799
3 3678 3703 3885
3 3857 3852 3802
3 4304 4296 3683
3 3939 3873 3933
3 3673 3671 4141
3 3798 3711 3710
3 3703 3678 3713
3 3703 3899 3885
3 4113 3754 4112
3 3713 3805 3804
3 4116 3899 3804
3 3717 3806 3805
3 4117 3754 4115
3 3806 3717 3807
3 3756 3757 4117
3 3717 3808 3807
3 3674 3910 3709
3 3674 3717 3713
3 3810 3809 3807
3 3810 3807 3808
3 3417 3448 4089
3 3808 3674 3709
3 4149 3417 4089
3 3155 3811 3630
3 3812 3811 3723
3 3721 4389 3723
3 3818 3814 3725
3 3792 3815 3646
3 3812 3813 3815
3 3813 3338 3814
3 3816 3815 3813
3 3818 3813 3814
3 3818 2818 3817
3 3819 3687 3685
3 3793 3816 3817
3 3813 3818 3816
3 2818 3818 3725
3 3825 3829 4392
3 3822 4130 3830
3 3821 3666 4130
3 3819 3664 3824
3 3821 3820 3823
3 4130 3666 3663
3 3793 3817 3827
3 3829 3824 3823
3 4392 3820 3833
3 3833 3667 4392
3 3827 3831 3830
3 2823 4316 4391
3 3826 3824 3829
3 4316 4310 3686
3 3664 3823 3824
3 3832 3828 3831
3 3639 3793 3827
3 3829 3825 4391
3 3823 3820 4392
3 3832 3827 3817
3 3639 3827 3830
3 3833 3831 3828
3 3822 3830 3831
3 3828 3832 2818
3 3827 3832 3831
3 3667 3833 3828
3 3834 3833 3820
3 3821 3834 3820
3 3831 3834 3822
3 3341 3750 3836
3 3560 3727 3835
3 2825 3836 3749
3 3156 3560 3836
3 3839 3837 3410
3 3733 3837 3841
3 3841 3849 3852
3 3796 3799 3714
3 3410 4393 3840
3 3841 3839 3838
3 3861 3403 3423
3 3855 3846 3851
3 3843 3691 3710
3 4141 3838 3573
3 3917 3694 3928
3 3847 3675 3716
3 3573 3838 3851
3 3796 3868 3799
3 3882 3872 3677
3 3677 3872 3877
3 3992 3842 3948
3 4041 4147 3797
3 3866 4132 3870
3 3711 3845 3715
3 3879 3843 3710
3 3846 3675 3673
3 3573 3851 3846
3 3872 3882 3716
3 3802 3867 3857
3 3928 3694 3929
3 3442 3884 3880
3 3894 3879 3886
3 3839 3851 3838
3 3851 3840 3855
3 3865 3844 3715
3 3680 3852 3849
3 4141 3671 3850
3 3908 4152 4148
3 3887 3910 3896
3 4301 4287 3689
3 3855 3840 3860
3 3861 3866 3869
3 3858 3720 3702
3 3690 3704 3907
3 3680 3849 3712
3 3733 3857 3863
3 3701 3712 3696
3 3906 3691 3680
3 4152 3677 3877
3 3842 3904 4143
3 4393 3860 3840
3 3403 3860 3405
3 3855 3860 3861
3 3403 3861 3860
3 3894 3874 3867
3 4092 4093 4204
3 3874 3857 3867
3 3417 3880 3437
3 3710 3844 3879
3 3889 3905 3893
3 3846 3855 3869
3 3691 3802 3680
3 3442 3871 4132
3 3869 3870 3846
3 3892 3918 3697
3 3879 3894 3867
3 3693 3705 3854
3 4116 3804 3803
3 3861 3869 3855
3 3869 3866 3870
3 3866 3578 4132
3 3870 3871 3872
3 3880 3877 3871
3 3872 3716 3870
3 3871 3877 3872
3 3844 3893 3886
3 3859 3662 3657
3 3796 3859 3900
3 3838 3850 3841
3 3857 3874 3863
3 4148 3709 3908
3 3734 4093 4092
3 4208 4207 4205
3 4234 3874 3862
3 3871 3442 3880
3 3868 3796 3690
3 3713 3678 3854
3 3900 3881 3672
3 3843 3867 3802
3 4137 4135 4136
3 3579 3877 3875
3 3880 3875 3877
3 3672 3932 3692
3 4142 3800 3656
3 3810 3808 3709
3 3883 3886 3893
3 3911 4134 4135
3 3444 3884 3442
3 3437 3880 3884
3 3940 3681 3936
3 4160 3909 3969
3 3942 3845 3864
3 4137 3894 3883
3 3958 3964 3956
3 3706 3909 3891
3 3888 3896 3858
3 4032 4034 4036
3 3715 3845 3878
3 3844 3865 3893
3 4135 4134 3912
3 3890 4235 4209
3 3907 3704 3694
3 3798 3906 3914
3 4158 3924 3935
3 3899 3800 3699
3 3886 3879 3844
3 4133 3901 4134
3 3883 3894 3886
3 3874 3894 3890
3 3895 3711 3798
3 3706 3878 3845
3 3915 3702 4155
3 3693 3720 3705
3 3705 3720 3858
3 3705 3896 3910
3 3858 3702 3797
3 3913 4407 4406
3 4144 4035 4145
3 3690 3853 3892
3 3910 3887 3709
3 3733 3852 3857
3 3895 3924 3864
3 3911 3883 3893
3 3882 3677 3718
3 4078 4073 4064
3 3698 3921 3885
3 3885 3699 3698
3 3849 3841 3850
3 3891 3902 4153
3 3911 3905 4134
3 3956 3953 3958
3 3708 3959 3909
3 3914 3895 3798
3 3914 3906 3701
3 3915 3797 3702
3 3907 3694 3921
3 3968 3986 3980
3 3575 4133 4154
3 3845 3711 3864
3 3889 3878 3891
3 3893 3905 3911
3 3905 4133 4134
3 4135 3912 3876
3 3883 3911 4135
3 4259 4228 4257
3 3965 3961 3974
3 3680 3701 3906
3 3964 3976 3956
3 3888 3695 4151
3 3714 3799 4142
3 3856 3916 3917
3 3856 3693 3916
3 3916 3885 3921
3 3853 3918 3892
3 4241 4197 4227
3 3951 3919 3949
3 3933 3681 3941
3 3929 3937 3931
3 3926 3927 3897
3 3694 3917 3921
3 3921 3917 3916
3 3853 3932 3922
3 3932 3672 3933
3 3941 3898 3922
3 4180 4157 3938
3 3949 3919 3914
3 4287 3688 3689
3 3946 4305 4299
3 4160 3902 3891
3 3917 3926 3856
3 3927 3926 3920
3 3931 3920 3929
3 3938 4157 3931
3 3929 3694 3704
3 3926 3928 3920
3 3697 3937 3704
3 4249 4263 4326
3 4052 4030 4045
3 4036 4021 4032
3 3929 3704 3937
3 3931 3930 3938
3 3692 3932 3853
3 3672 3939 3933
3 3873 4395 3676
3 3922 3932 3933
3 4274 3918 3898
3 4238 4255 4241
3 3706 3845 3942
3 3952 3708 3957
3 3953 3954 3951
3 4030 4054 4061
3 4326 3697 3934
3 3930 3931 3937
3 4043 4046 4049
3 4005 3956 3976
3 3881 3939 3672
3 3939 3684 4395
3 3936 3873 3676
3 4238 4241 4250
3 3681 3933 3873
3 4275 3941 3940
3 3708 3909 3706
3 3864 3924 4158
3 3914 3919 3895
3 3971 3947 3989
3 3940 3941 3681
3 3946 4306 4333
3 4316 3686 3826
3 4303 4310 4308
3 4329 4256 4238
3 3973 3998 3966
3 4032 4021 4025
3 3935 3965 3974
3 4163 3902 4160
3 3964 3971 3960
3 3943 4214 3959
3 3962 3708 3952
3 3992 3948 3991
3 3949 3953 3951
3 4396 3953 3949
3 3919 3951 3924
3 4014 3701 3696
3 4396 3958 3953
3 3955 3973 3961
3 3957 3708 3950
3 3950 3708 3706
3 3954 3955 3961
3 3947 3971 3964
3 4016 3956 4005
3 3959 3708 3962
3 3965 3924 3951
3 3943 3959 3962
3 4016 3953 3956
3 3942 3950 3706
3 3960 3971 3994
3 4008 4399 3943
3 4015 3972 3996
3 3955 3954 4016
3 3957 3935 3974
3 3980 3967 3978
3 4007 4008 3943
3 3671 3993 4003
3 4030 4042 4045
3 3947 3964 3958
3 3960 3996 3976
3 3924 3965 3935
3 3954 3965 3951
3 3986 3968 3975
3 4159 3952 3957
3 3974 3973 3978
3 3980 3978 3981
3 3968 3980 3981
3 4013 4011 4400
3 4010 4215 4214
3 3959 3969 3909
3 4007 3986 4000
3 3960 3976 3964
3 3990 3970 3989
3 3991 3971 3989
3 3976 3996 3972
3 4183 4059 3977
3 3997 4164 3955
3 3978 3973 3966
3 3973 3974 3961
3 3957 3974 3967
3 3980 3986 4001
3 3985 3968 3981
3 4015 4022 3972
3 3972 3997 4005
3 4006 3975 3985
3 3966 3981 3978
3 3974 3978 3967
3 3983 3985 3979
3 3985 3981 3979
3 3943 3962 4007
3 4159 3980 3952
3 3981 3966 3979
3 3983 4017 3985
3 3979 3987 3983
3 4044 4047 4050
3 3987 3979 4167
3 3998 4166 4167
3 4017 4020 4024
3 3987 3984 4186
3 3975 3968 3985
3 4175 4173 3982
3 4001 3962 3952
3 4167 3979 3966
3 4056 4059 4051
3 4042 4047 4019
3 4186 4023 3987
3 3989 3947 3990
3 3991 3989 3970
3 4002 3990 3947
3 3696 3990 4014
3 3991 3970 3992
3 3991 3948 3994
3 3993 3992 3970
3 3904 3842 3992
3 3993 3970 4003
3 3904 3993 3801
3 3991 3994 3971
3 3995 3994 3948
3 3842 4145 4146
3 4018 3995 4025
3 3995 4018 3960
3 3996 4018 4015
3 3972 4022 4031
3 4164 3998 3973
3 4164 3973 3955
3 4166 3998 3977
3 3975 4172 4170
3 4006 3985 4017
3 4010 3943 4399
3 3980 4001 3952
3 3986 3962 4001
3 3947 3958 4396
3 4014 3914 3701
3 3990 4003 3970
3 3671 4003 3696
3 4182 4179 4029
3 4027 4022 4019
3 3972 4005 3976
3 3997 3955 4016
3 4216 3982 4173
3 4172 4006 4216
3 3986 4007 3962
3 4008 4007 4000
3 4008 4000 4011
3 4405 4174 4403
3 4171 4000 4170
3 4399 4397 4010
3 4161 4215 3963
3 4160 4161 4163
3 4000 3986 4170
3 4174 4011 4171
3 4006 4172 3975
3 4173 4175 4176
3 4400 4011 4174
3 4010 4397 3944
3 3990 4002 4014
3 3914 4014 4002
3 3996 3960 4018
3 4004 4026 4022
3 4016 3954 3953
3 3997 4016 4005
3 4020 4017 3983
3 3999 4006 4017
3 4025 4178 4032
3 4015 4018 4179
3 4026 4019 4022
3 4178 3995 3948
3 4023 4020 3983
3 4017 4024 3999
3 4036 4033 4038
3 4029 4179 4025
3 4004 4022 4015
3 4055 4057 4047
3 3987 4023 3983
3 4020 3903 4024
3 4025 4021 4029
3 4186 4185 4189
3 4182 4046 4004
3 4063 4044 4050
3 4165 3977 4164
3 4031 3997 3972
3 3797 3915 4041
3 3915 4039 4041
3 4038 4040 4036
3 4052 4048 4062
3 4019 4026 4042
3 4026 4004 4046
3 4022 4027 4031
3 4031 4027 4165
3 4178 4025 3995
3 4034 4032 4028
3 4034 4035 4033
3 4037 4039 4156
3 4034 4028 4035
3 4034 4033 4036
3 4146 3948 3842
3 4143 4144 4145
3 4037 4038 4039
3 4036 4040 4192
3 4157 4180 3927
3 4049 4070 4067
3 4039 4038 4033
3 4040 4038 4037
3 4039 4033 4041
3 3915 4155 4156
3 4219 4180 4181
3 4246 4264 4237
3 4033 4035 4041
3 4147 4041 4035
3 4046 4045 4042
3 4030 4050 4047
3 4043 4065 4060
3 4073 4072 4065
3 4222 4059 4056
3 4019 4057 4027
3 4046 4042 4026
3 4060 4052 4045
3 4004 4179 4182
3 4045 4046 4043
3 4030 4047 4042
3 4047 4044 4055
3 4048 4052 4060
3 4084 4077 4068
3 4070 4029 4021
3 4067 4064 4065
3 4030 4061 4050
3 4191 4190 4223
3 4055 4056 4051
3 4183 3977 4165
3 4060 4045 4043
3 4064 4067 4071
3 4054 4062 4195
3 4058 4063 4223
3 4191 4050 4061
3 4065 4064 4073
3 4056 4055 4044
3 4057 4055 4051
3 4058 4056 4044
3 4186 3984 4059
3 4057 4051 4183
3 4047 4057 4019
3 4058 4044 4063
3 4188 4020 4023
3 4058 4185 4222
3 4166 4059 3984
3 4065 4043 4067
3 4230 4087 4229
3 4054 4030 4052
3 4052 4062 4054
3 4062 4048 4069
3 4062 4069 4066
3 4062 4066 4195
3 4191 4053 4190
3 4068 4073 4074
3 4067 4043 4049
3 4239 3719 4066
3 4060 4072 4048
3 4049 4029 4070
3 4070 4193 4067
3 4076 4074 4078
3 4053 4191 4224
3 4077 4072 4068
3 4076 4242 4082
3 4192 4021 4036
3 4070 4192 4193
3 4040 4037 4219
3 3938 4217 4181
3 4065 4072 4060
3 4082 4068 4074
3 4078 4074 4073
3 4072 4073 4068
3 4068 4082 4084
3 4071 4218 4064
3 4195 4196 4224
3 4069 4048 4077
3 4263 4248 3930
3 4252 4238 4250
3 4048 4072 4077
3 4233 4239 4085
3 4079 4240 4227
3 4218 4181 4217
3 4087 4225 4229
3 4198 3719 4239
3 4069 4077 4085
3 4078 4081 4247
3 4181 4218 4071
3 4076 4082 4074
3 4226 4084 4079
3 4225 4087 4083
3 4232 4086 4087
3 4079 4084 4082
3 4084 4083 4086
3 4086 4085 4077
3 4232 4087 4230
3 4084 4086 4077
3 4086 4083 4087
3 4225 4226 4236
3 4088 3428 4125
3 4150 3446 3809
3 4199 4200 4088
3 3810 4148 4149
3 3570 4090 3411
3 4091 4090 3587
3 3424 4091 3587
3 4092 3394 3734
3 4093 3734 4202
3 3736 4091 4092
3 4136 4235 4137
3 4204 3736 4092
3 3489 3596 4094
3 4103 4095 4101
3 3596 3740 4100
3 3592 4098 4102
3 3592 4097 4098
3 4096 4098 4097
3 4102 4098 4099
3 4095 4107 4101
3 4094 4099 3737
3 4107 4104 4102
3 4099 4100 4101
3 4103 4106 3032
3 4100 3740 4106
3 4103 4101 4106
3 4105 3592 4102
3 4105 4104 0
3 4106 3740 4108
3 4107 4099 4101
3 4104 4105 4102
3 4100 4106 4101
3 4104 4107 4095
3 4099 4107 4102
3 4210 3740 3738
3 4110 3072 3742
3 3742 4109 3262
3 3062 4109 3072
3 4210 4110 4108
3 3438 4111 3745
3 4201 4111 3576
3 4113 3727 3795
3 3755 4112 3754
3 4114 4113 3795
3 4113 4114 4115
3 4211 3795 3659
3 4116 3656 3800
3 3803 3805 4115
3 3805 3806 4117
3 3803 4114 4116
3 4116 4114 4211
3 3805 4117 4115
3 3806 3756 4117
3 3580 3760 4118
3 3809 4118 3760
3 3769 4119 1782
3 1784 4119 3768
3 3772 4120 1525
3 1791 4120 3771
3 2176 4121 2178
3 3786 4121 2175
3 4124 4122 3530
3 3783 3779 4122
3 2199 3782 4123
3 3784 4123 3782
3 3603 4124 3537
3 4122 4124 3783
3 3432 3784 4125
3 4125 3784 4199
3 3432 3436 4127
3 4123 4126 2201
3 2201 4126 4127
3 4127 4126 3432
3 3419 4128 3413
3 4213 2203 2204
3 3727 3154 4129
3 3794 4129 3154
3 4130 3643 3639
3 3821 4130 3822
3 3733 4131 3415
3 4234 4131 3863
3 3442 4132 3578
3 3870 4132 3871
3 4138 4207 4139
3 3905 4153 4154
3 4134 3901 3912
3 3894 4137 3890
3 3736 4204 2162
3 4207 4208 4235
3 3883 4135 4137
3 3876 4136 4135
3 3900 3859 4140
3 4206 4205 4138
3 3657 4140 3859
3 4136 3876 4139
3 3838 4141 3850
3 3673 4141 3573
3 4142 3656 3662
3 3699 4142 3799
3 3904 3707 4143
3 4143 3707 4144
3 4406 3707 3913
3 4147 3695 3797
3 4028 4145 4035
3 4143 4145 3842
3 4145 4028 4146
3 4178 4146 4028
3 4035 4144 4147
3 4147 4144 4406
3 4149 4148 3579
3 3709 4148 3810
3 4149 3579 3875
3 3446 4150 4089
3 3810 4150 3809
3 4089 4150 4149
3 3888 4151 3887
3 4407 4151 3695
3 3677 4152 3718
3 4148 4152 3579
3 3891 4153 3889
3 4154 4153 3902
3 3575 4154 3902
3 3905 4154 4133
3 3897 3927 4155
3 3927 4180 4156
3 3915 4156 4039
3 3927 4156 4155
3 3927 3920 4157
3 3931 4157 3920
3 3864 4158 3942
3 3935 3957 4158
3 3957 3967 4159
3 3980 4159 3967
3 4161 4160 3969
3 3963 4162 4163
3 4214 4161 3969
3 4161 4214 4215
3 3902 4163 3575
3 4163 4162 3575
3 3963 4163 4161
3 4165 4164 3997
3 3977 3998 4164
3 4031 4165 3997
3 4165 4027 4183
3 4059 4166 3977
3 4167 4166 3984
3 3987 4167 3984
3 3966 3998 4167
3 3975 4170 3986
3 3999 4168 4216
3 3944 4169 4215
3 4171 4170 4012
3 4399 4011 4013
3 4000 4171 4011
3 3999 4216 4006
3 4170 4172 4012
3 4176 4171 4012
3 4012 4172 4173
3 4403 4175 4009
3 4177 4405 4404
3 4176 4175 4174
3 4171 4176 4174
3 4173 4176 4012
3 3944 4397 4398
3 4146 4178 3948
3 4032 4178 4028
3 4015 4179 4004
3 4025 4179 4018
3 4180 3938 4181
3 4156 4180 4037
3 3938 3930 4217
3 4219 4071 4040
3 4029 4049 4182
3 4046 4182 4049
3 4057 4183 4027
3 4059 4183 4051
3 4221 4058 4220
3 4220 4184 4221
3 4189 4187 4188
3 4222 4186 4059
3 4186 4188 4023
3 4188 3903 4020
3 4184 4187 4189
3 3903 4188 4187
3 4186 4189 4188
3 4221 4189 4185
3 4063 4050 4191
3 4223 3988 4058
3 4061 4054 4195
3 4193 4192 4040
3 4021 4192 4070
3 4040 4071 4193
3 4067 4193 4071
3 4196 4195 4066
3 3719 4194 4196
3 4191 4061 4195
3 3719 4196 4066
3 4194 4053 4224
3 4227 4197 4236
3 4228 4229 4225
3 4239 4069 4085
3 4233 4080 4198
3 4200 4199 3397
3 4125 4199 4088
3 3397 3783 4200
3 3746 4200 3783
3 3576 4088 4201
3 4200 4201 4088
3 3734 3389 4203
3 3862 4093 4202
3 3389 3407 4203
3 4131 4234 3407
3 4205 4204 4093
3 4206 2162 4204
3 4208 4093 3862
3 4139 4207 4136
3 4138 4205 4207
3 4205 4206 4204
3 4093 4208 4205
3 4209 4208 3862
3 4208 4209 4235
3 3862 3874 4209
3 3874 3890 4209
3 3740 4210 4108
3 3072 4210 3738
3 4116 4211 3656
3 3795 4211 4114
3 3783 4212 3746
3 4124 3603 4212
3 2202 4213 2204
3 4127 4213 2201
3 3959 4214 3969
3 4010 4214 3943
3 3944 4215 4010
3 3963 4215 4169
3 3982 4216 4168
3 4172 4216 4173
3 3930 4081 4217
3 4218 4217 4081
3 4081 4078 4218
3 4064 4218 4078
3 4180 4219 4037
3 4071 4219 4181
3 4189 4221 4184
3 4058 3988 4220
3 4058 4221 4185
3 4058 4222 4056
3 4186 4222 4185
3 4191 4223 4063
3 3988 4223 4190
3 4195 4224 4191
3 4194 4224 4196
3 4226 4225 4083
3 4228 4197 4257
3 4084 4226 4083
3 4226 4079 4227
3 4246 4240 4242
3 4278 4267 4276
3 4197 4241 4257
3 4230 4229 4261
3 4228 4225 4197
3 4261 4228 4262
3 4080 4232 4231
3 4232 4085 4086
3 4231 4232 4230
3 4230 4075 4231
3 3862 4203 4234
3 4085 4232 4233
3 4080 4233 4232
3 3407 4234 4203
3 4137 4235 3890
3 4207 4235 4136
3 4225 4236 4197
3 4226 4227 4236
3 4246 4243 4264
3 4267 4268 4269
3 4251 4250 4241
3 4252 4266 4271
3 4198 4239 4233
3 4066 4069 4239
3 4242 4240 4079
3 4240 4237 4253
3 4250 4251 4244
3 4283 4281 4256
3 4082 4242 4079
3 4076 4247 4242
3 4247 4243 4242
3 4243 4247 4248
3 4244 4253 4254
3 4266 4252 4244
3 4255 4281 4257
3 4255 4257 4241
3 4240 4246 4237
3 4242 4243 4246
3 4078 4247 4076
3 4248 4247 4081
3 4081 3930 4248
3 4263 4249 4248
3 4254 4237 4265
3 4243 4248 4249
3 4251 4241 4227
3 4252 4250 4244
3 4227 4240 4251
3 4253 4251 4240
3 4254 4266 4244
3 3848 4295 4301
3 4254 4253 4237
3 4251 4253 4244
3 4264 4265 4237
3 4273 4267 4269
3 4281 4238 4256
3 4330 4245 4259
3 4329 4238 4252
3 4284 4283 4256
3 4260 4075 4261
3 4230 4261 4075
3 4257 4258 4259
3 4258 4257 4281
3 4330 4259 4258
3 4259 4262 4228
3 4245 4260 4262
3 4228 4261 4229
3 4245 4262 4259
3 4261 4262 4260
3 3930 3937 4263
3 3937 3697 4326
3 4243 4249 4264
3 4264 4249 4265
3 4249 4327 4265
3 3898 4273 4272
3 4268 4266 4254
3 4268 4271 4266
3 4269 4268 4254
3 4267 4273 4276
3 4269 4254 4265
3 4271 4268 4328
3 4272 4269 4265
3 4269 4272 4273
3 4332 4278 4305
3 4297 4298 4270
3 4328 4268 4267
3 4271 4270 4298
3 4327 4272 4265
3 3934 3918 4274
3 4275 3898 3941
3 4273 4275 4276
3 3898 4272 4274
3 3934 4274 4272
3 4276 4275 3940
3 3898 4275 4273
3 3940 4277 4276
3 4271 4328 4270
3 4277 3940 3936
3 4302 3925 4299
3 4276 4277 4278
3 4338 4349 4350
3 4293 4289 4294
3 4302 4299 3936
3 4238 4281 4255
3 4258 3923 4280
3 4284 4291 4283
3 4286 4284 4256
3 4281 4283 4258
3 4292 4285 4288
3 3923 4258 4283
3 4290 4286 4279
3 4286 4256 4279
3 4291 3923 4283
3 3936 3676 4302
3 4286 4295 4293
3 4290 4301 4295
3 3676 4296 4302
3 4288 4291 4292
3 4292 4294 4285
3 4297 4290 4279
3 4293 4295 4289
3 4291 4284 4292
3 3923 4291 4288
3 4293 4292 4284
3 4292 4293 4294
3 4284 4286 4293
3 4295 4286 4290
3 4362 4289 4356
3 4282 4285 4294
3 4301 4290 4287
3 4354 4338 4350
3 4311 4308 4319
3 4356 3848 4353
3 4298 4297 4279
3 4305 4278 4277
3 4329 4298 4279
3 4298 4252 4271
3 3683 4296 3676
3 4331 4332 4333
3 3925 4302 4296
3 4314 4341 4337
3 4301 3689 3848
3 4307 4306 3946
3 4337 4335 4314
3 4299 4277 3936
3 4318 3946 3925
3 4277 4299 4305
3 4358 4361 21
3 4331 3688 4287
3 4311 3925 4296
3 4270 4331 4297
3 3925 3946 4299
3 4312 4306 4307
3 4304 4303 4296
3 4312 4313 4309
3 4304 3687 4315
3 4341 4340 4349
3 4314 4335 4312
3 4319 4313 4307
3 4321 4320 4325
3 4307 4318 4311
3 4313 4312 4307
3 4309 4342 4312
3 4319 4307 4311
3 4334 4322 4300
3 4346 4344 4349
3 3689 3688 4337
3 3686 4310 4315
3 4303 4315 4310
3 4391 4316 3826
3 4324 2823 4317
3 3946 4318 4307
3 4320 4310 4324
3 3925 4311 4318
3 4308 4321 4319
3 4319 4321 4323
3 4324 4310 4316
3 4321 4325 3945
3 4320 4321 4308
3 3945 4322 4323
3 3945 4323 4321
3 4313 4319 4323
3 4323 4322 4334
3 2823 4324 4316
3 4317 4320 4324
3 4326 3934 4327
3 4320 4317 4325
3 3937 4326 4263
3 4326 4327 4249
3 4272 4327 3934
3 4267 4278 4328
3 4270 4328 4278
3 4298 4329 4252
3 4256 4329 4279
3 4258 4280 4330
3 4245 4330 4280
3 4332 4270 4278
3 4305 4333 4332
3 4305 3946 4333
3 4270 4332 4331
3 4335 4333 4306
3 4331 4333 3688
3 4309 4313 4334
3 4334 4313 4323
3 4333 4335 3688
3 4312 4335 4306
3 4335 4337 3688
3 3689 4337 4339
3 4339 4337 4341
3 4341 4342 4340
3 4350 4344 4351
3 4354 4339 4338
3 3848 3689 4339
3 4342 4309 4345
3 4345 4343 4346
3 4339 4341 4338
3 4342 4341 4314
3 4312 4342 4314
3 4334 4345 4309
3 4345 4334 4300
3 4344 4347 4336
3 4349 4344 4350
3 4343 4345 4300
3 4342 4345 4340
3 4346 4343 4347
3 4340 4345 4346
3 4357 4282 4362
3 4346 4347 4344
3 4353 4354 4350
3 4341 4349 4338
3 4346 4349 4340
3 4351 4344 4336
3 4350 4351 4355
3 4363 4348 4357
3 4351 4352 4355
3 4350 4355 4360
3 4351 4336 4352
3 3848 4356 4289
3 4353 3848 4354
3 4339 4354 3848
3 4357 4356 4353
3 4353 4360 4357
3 4294 4362 4282
3 4353 4350 4360
3 4348 4282 4357
3 4358 4348 4359
3 4359 4355 4361
3 4361 4355 4352
3 4355 4359 4360
3 4359 4348 4363
3 21 4361 4352
3 4358 4359 4361
3 4289 4362 4294
3 4357 4362 4356
3 4357 4360 4363
3 4359 4363 4360
3 55 4364 53
3 67 4364 41
3 194 4365 101
3 207 4365 178
3 183 4366 200
3 175 4366 201
3 583 4367 578
3 579 4367 590
3 629 4368 636
3 586 4368 611
3 655 4369 654
3 622 668 4369
3 319 4370 324
3 1401 4370 365
3 1446 4371 660
3 1105 4371 1104
3 1169 4372 1167
3 900 4372 1172
3 904 4373 95
3 199 4373 1192
3 1353 4374 1322
3 4374 1354 2688
3 1057 4375 1055
3 1050 4375 1051
3 1438 4376 1437
3 1072 4376 1439
3 4378 1073 557
3 1737 4377 1080
3 4379 1324 1331
3 1073 4378 4377
3 1644 4379 1348
3 1395 4380 1393
3 1705 4380 1396
3 1999 4381 2005
3 2060 4381 1992
3 2112 4382 1998
3 2100 2091 4382
3 2140 4383 1786
3 2134 4383 2133
3 2405 4384 2098
3 2420 4384 2109
3 1514 4385 1513
3 2780 4385 1511
3 2878 4386 2210
3 3185 4386 2864
3 3557 4389 3724
3 3109 4387 3108
3 3485 4388 3480
3 2155 4390 2839
3 2123 4390 2879
3 3829 4391 3826
3 3825 2823 4391
3 3825 4392 3667
3 3823 4392 3829
3 3416 4393 3410
3 3422 3396 4394
3 3405 4393 4394
3 3422 4394 4393
3 3676 4395 3683
3 3939 4395 3873
3 3914 4396 3949
3 3947 4396 4002
3 4013 4402 4398
3 4011 4399 4008
3 4013 4398 4397
3 4397 4399 4013
3 4403 4009 4401
3 4398 4402 4177
3 4177 4402 4405
3 4402 4400 4405
3 4013 4400 4402
3 4401 4404 4405
3 4175 4403 4174
3 4401 22 4404
3 4174 4405 4400
3 4401 4405 4403
3 4147 4406 3695
3 3707 4406 4144
3 4406 4407 3695
3 3718 4407 3913
3 1913 1886 4408
3 2304 4408 1886
CELL_TYPES 8501
7
7
7
7
7
7
7
7
7
7
7
7
7
7
7
7
7
7
7
7
7
7
7
7
7
7
7
7
7
7
7
7
7
7
7
7
7
7
7
7
7
7
7
7
7
7
7
7
7
7
7
7
7
7
7
7
7
7
7
7
7
7
7
7
7
7
7
7
7
7
7
7
7
7
7
7
7
7
7
7
7
7
7
7
7
7
7
7
7
7
7
7
7
7
7
7
7
7
7
7
7
7
7
7
7
7
7
7
7
7
7
7
7
7
7
7
7
7
7
7
7
7
7
7
7
7
7
7
7
7
7
7
7
7
7
7
7
7
7
7
7
7
7
7
7
7
7
7
7
7
7
7
7
7
7
7
7
7
7
7
7
7
7
7
7
7
7
7
7
7
7
7
7
7
7
7
7
7
7
7
7
7
7
7
7
7
7
7
7
7
7
7
7
7
7
7
7
7
7
7
7
7
7
7
7
7
7
7
7
7
7
7
7
7
7
7
7
7
7
7
7
7
7
7
7
7
7
7
7
7
7
7
7
7
7
7
7
7
7
7
7
7
7
7
7
7
7
7
7
7
7
7
7
7
7
7
7
7
7
7
7
7
7
7
7
7
7
7
7
7
7
7
7
7
7
7
7
7
7
7
7
7
7
7
7
7
7
7
7
7
7
7
7
7
7
7
7
7
7
7
7
7
7
7
7
7
7
7
7
7
7
7
7
7
7
7
7
7
7
7
7
7
7
7
7
7
7
7
7
7
7
7
7
7
7
7
7
7
7
7
7
7
7
7
7
7
7
7
7
7
7
7
7
7
7
7
7
7
7
7
7
7
7
7
7
7
7
7
7
7
7
7
7
7
7
7
7
7
7
7
7
7
7
7
7
7
7
7
7
7
7
7
7
7
7
7
7
7
7
7
7
7
7
7
7
7
7
7
7
7
7
7
7
7
7
7
7
7
7
7
7
7
7
7
7
7
7
7
7
7
7
7
7
7
7
7
7
7
7
7
7
7
7
7
7
7
7
7
7
7
7
7
7
7
7
7
7
7
7
7
7
7
7
7
7
7
7
7
7
7
7
7
7
7
7
7
7
7
7
7
7
7
7
7
7
7
7
7
7
7
7
7
7
7
7
7
7
7
7
7
7
7
7
7
7
7
7
7
7
7
7
7
7
7
7
7
7
7
7
7
7
7
7
7
7
7
7
7
7
7
7
7
7
7
7
7
7
7
7
7
7
7
7
7
7
7
7
7
7
7
7
7
7
7
7
7
7
7
7
7
7
7
7
7
7
7
7
7
7
7
7
7
7
7
7
7
7
7
7
7
7
7
7
7
7
7
7
7
7
7
7
7
7
7
7
7
7
7
7
7
7
7
7
7
7
7
7
7
7
7
7
7
7
7
7
7
7
7
7
7
7
7
7
7
7
7
7
7
7
7
7
7
7
7
7
7
7
7
7
7
7
7
7
7
7
7
7
7
7
7
7
7
7
7
7
7
7
7
7
7
7
7
7
7
7
7
7
7
7
7
7
7
7
7
7
7
7
7
7
7
7
7
7
7
7
7
7
7
7
7
7
7
7
7
7
7
7
7
7
7
7
7
7
7
7
7
7
7
7
7
7
7
7
7
7
7
7
7
7
7
7
7
7
7
7
7
7
7
7
7
7
7
7
7
7
7
7
7
7
7
7
7
7
7
7
7
7
7
7
7
7
7
7
7
7
7
7
7
7
7
7
7
7
7
7
7
7
7
7
7
7
7
7
7
7
7
7
7
7
7
7
7
7
7
7
7
7
7
7
7
7
7
7
7
7
7
7
7
7
7
7
7
7
7
7
7
7
7
7
7
7
7
7
7
7
7
7
7
7
7
7
7
7
7
7
7
7
7
7
7
7
7
7
7
7
7
7
7
7
7
7
7
7
7
7
7
7
7
7
7
7
7
7
7
7
7
7
7
7
7
7
7
7
7
7
7
7
7
7
7
7
7
7
7
7
7
7
7
7
7
7
7
7
7
7
7
7
7
7
7
7
7
7
7
7
7
7
7
7
7
7
7
7
7
7
7
7
7
7
7
7
7
7
7
7
7
7
7
7
7
7
7
7
7
7
7
7
7
7
7
7
7
7
7
7
7
7
7
7
7
7
7
7
7
7
7
7
7
7
7
7
7
7
7
7
7
7
7
7
7
7
7
7
7
7
7
7
7
7
7
7
7
7
7
7
7
7
7
7
7
7
7
7
7
7
7
7
7
7
7
7
7
7
7
7
7
7
7
7
7
7
7
7
7
7
7
7
7
7
7
7
7
7
7
7
7
7
7
7
7
7
7
7
7
7
7
7
7
7
7
7
7
7
7
7
7
7
7
7
7
7
7
7
7
7
7
7
7
7
7
7
7
7
7
7
7
7
7
7
7
7
7
7
7
7
7
7
7
7
7
7
7
7
7
7
7
7
7
7
7
7
7
7
7
7
7
7
7
7
7
7
7
7
7
7
7
7
7
7
7
7
7
7
7
7
7
7
7
7
7
7
7
7
7
7
7
7
7
7
7
7
7
7
7
7
7
7
7
7
7
7
7
7
7
7
7
7
7
7
7
7
7
7
7
7
7
7
7
7
7
7
7
7
7
7
7
7
7
7
7
7
7
7
7
7
7
7
7
7
7
7
7
7
7
7
7
7
7
7
7
7
7
7
7
7
7
7
7
7
7
7
7
7
7
7
7
7
7
7
7
7
7
7
7
7
7
7
7
7
7
7
7
7
7
7
7
7
7
7
7
7
7
7
7
7
7
7
7
7
7
7
7
7
7
7
7
7
7
7
7
7
7
7
7
7
7
7
7
7
7
7
7
7
7
7
7
7
7
7
7
7
7
7
7
7
7
7
7
7
7
7
7
7
7
7
7
7
7
7
7
7
7
7
7
7
7
7
7
7
7
7
7
7
7
7
7
7
7
7
7
7
7
7
7
7
7
7
7
7
7
7
7
7
7
7
7
7
7
7
7
7
7
7
7
7
7
7
7
7
7
7
7
7
7
7
7
7
7
7
7
7
7
7
7
7
7
7
7
7
7
7
7
7
7
7
7
7
7
7
7
7
7
7
7
7
7
7
7
7
7
7
7
7
7
7
7
7
7
7
7
7
7
7
7
7
7
7
7
7
7
7
7
7
7
7
7
7
7
7
7
7
7
7
7
7
7
7
7
7
7
7
7
7
7
7
7
7
7
7
7
7
7
7
7
7
7
7
7
7
7
7
7
7
7
7
7
7
7
7
7
7
7
7
7
7
7
7
7
7
7
7
7
7
7
7
7
7
7
7
7
7
7
7
7
7
7
7
7
7
7
7
7
7
7
7
7
7
7
7
7
7
7
7
7
7
7
7
7
7
7
7
7
7
7
7
7
7
7
7
7
7
7
7
7
7
7
7
7
7
7
7
7
7
7
7
7
7
7
7
7
7
7
7
7
7
7
7
7
7
7
7
7
7
7
7
7
7
7
7
7
7
7
7
7
7
7
7
7
7
7
7
7
7
7
7
7
7
7
7
7
7
7
7
7
7
7
7
7
7
7
7
7
7
7
7
7
7
7
7
7
7
7
7
7
7
7
7
7
7
7
7
7
7
7
7
7
7
7
7
7
7
7
7
7
7
7
7
7
7
7
7
7
7
7
7
7
7
7
7
7
7
7
7
7
7
7
7
7
7
7
7
7
7
7
7
7
7
7
7
7
7
7
7
7
7
7
7
7
7
7
7
7
7
7
7
7
7
7
7
7
7
7
7
7
7
7
7
7
7
7
7
7
7
7
7
7
7
7
7
7
7
7
7
7
7
7
7
7
7
7
7
7
7
7
7
7
7
7
7
7
7
7
7
7
7
7
7
7
7
7
7
7
7
7
7
7
7
7
7
7
7
7
7
7
7
7
7
7
7
7
7
7
7
7
7
7
7
7
7
7
7
7
7
7
7
7
7
7
7
7
7
7
7
7
7
7
7
7
7
7
7
7
7
7
7
7
7
7
7
7
7
7
7
7
7
7
7
7
7
7
7
7
7
7
7
7
7
7
7
7
7
7
7
7
7
7
7
7
7
7
7
7
7
7
7
7
7
7
7
7
7
7
7
7
7
7
7
7
7
7
7
7
7
7
7
7
7
7
7
7
7
7
7
7
7
7
7
7
7
7
7
7
7
7
7
7
7
7
7
7
7
7
7
7
7
7
7
7
7
7
7
7
7
7
7
7
7
7
7
7
7
7
7
7
7
7
7
7
7
7
7
7
7
7
7
7
7
7
7
7
7
7
7
7
7
7
7
7
7
7
7
7
7
7
7
7
7
7
7
7
7
7
7
7
7
7
7
7
7
7
7
7
7
7
7
7
7
7
7
7
7
7
7
7
7
7
7
7
7
7
7
7
7
7
7
7
7
7
7
7
7
7
7
7
7
7
7
7
7
7
7
7
7
7
7
7
7
7
7
7
7
7
7
7
7
7
7
7
7
7
7
7
7
7
7
7
7
7
7
7
7
7
7
7
7
7
7
7
7
7
7
7
7
7
7
7
7
7
7
7
7
7
7
7
7
7
7
7
7
7
7
7
7
7
7
7
7
7
7
7
7
7
7
7
7
7
7
7
7
7
7
7
7
7
7
7
7
7
7
7
7
7
7
7
7
7
7
7
7
7
7
7
7
7
7
7
7
7
7
7
7
7
7
7
7
7
7
7
7
7
7
7
7
7
7
7
7
7
7
7
7
7
7
7
7
7
7
7
7
7
7
7
7
7
7
7
7
7
7
7
7
7
7
7
7
7
7
7
7
7
7
7
7
7
7
7
7
7
7
7
7
7
7
7
7
7
7
7
7
7
7
7
7
7
7
7
7
7
7
7
7
7
7
7
7
7
7
7
7
7
7
7
7
7
7
7
7
7
7
7
7
7
7
7
7
7
7
7
7
7
7
7
7
7
7
7
7
7
7
7
7
7
7
7
7
7
7
7
7
7
7
7
7
7
7
7
7
7
7
7
7
7
7
7
7
7
7
7
7
7
7
7
7
7
7
7
7
7
7
7
7
7
7
7
7
7
7
7
7
7
7
7
7
7
7
7
7
7
7
7
7
7
7
7
7
7
7
7
7
7
7
7
7
7
7
7
7
7
7
7
7
7
7
7
7
7
7
7
7
7
7
7
7
7
7
7
7
7
7
7
7
7
7
7
7
7
7
7
7
7
7
7
7
7
7
7
7
7
7
7
7
7
7
7
7
7
7
7
7
7
7
7
7
7
7
7
7
7
7
7
7
7
7
7
7
7
7
7
7
7
7
7
7
7
7
7
7
7
7
7
7
7
7
7
7
7
7
7
7
7
7
7
7
7
7
7
7
7
7
7
7
7
7
7
7
7
7
7
7
7
7
7
7
7
7
7
7
7
7
7
7
7
7
7
7
7
7
7
7
7
7
7
7
7
7
7
7
7
7
7
7
7
7
7
7
7
7
7
7
7
7
7
7
7
7
7
7
7
7
7
7
7
7
7
7
7
7
7
7
7
7
7
7
7
7
7
7
7
7
7
7
7
7
7
7
7
7
7
7
7
7
7
7
7
7
7
7
7
7
7
7
7
7
7
7
7
7
7
7
7
7
7
7
7
7
7
7
7
7
7
7
7
7
7
7
7
7
7
7
7
7
7
7
7
7
7
7
7
7
7
7
7
7
7
7
7
7
7
7
7
7
7
7
7
7
7
7
7
7
7
7
7
7
7
7
7
7
7
7
7
7
7
7
7
7
7
7
7
7
7
7
7
7
7
7
7
7
7
7
7
7
7
7
7
7
7
7
7
7
7
7
7
7
7
7
7
7
7
7
7
7
7
7
7
7
7
7
7
7
7
7
7
7
7
7
7
7
7
7
7
7
7
7
7
7
7
7
7
7
7
7
7
7
7
7
7
7
7
7
7
7
7
7
7
7
7
7
7
7
7
7
7
7
7
7
7
7
7
7
7
7
7
7
7
7
7
7
7
7
7
7
7
7
7
7
7
7
7
7
7
7
7
7
7
7
7
7
7
7
7
7
7
7
7
7
7
7
7
7
7
7
7
7
7
7
7
7
7
7
7
7
7
7
7
7
7
7
7
7
7
7
7
7
7
7
7
7
7
7
7
7
7
7
7
7
7
7
7
7
7
7
7
7
7
7
7
7
7
7
7
7
7
7
7
7
7
7
7
7
7
7
7
7
7
7
7
7
7
7
7
7
7
7
7
7
7
7
7
7
7
7
7
7
7
7
7
7
7
7
7
7
7
7
7
7
7
7
7
7
7
7
7
7
7
7
7
7
7
7
7
7
7
7
7
7
7
7
7
7
7
7
7
7
7
7
7
7
7
7
7
7
7
7
7
7
7
7
7
7
7
7
7
7
7
7
7
7
7
7
7
7
7
7
7
7
7
7
7
7
7
7
7
7
7
7
7
7
7
7
7
7
7
7
7
7
7
7
7
7
7
7
7
7
7
7
7
7
7
7
7
7
7
7
7
7
7
7
7
7
7
7
7
7
7
7
7
7
7
7
7
7
7
7
7
7
7
7
7
7
7
7
7
7
7
7
7
7
7
7
7
7
7
7
7
7
7
7
7
7
7
7
7
7
7
7
7
7
7
7
7
7
7
7
7
7
7
7
7
7
7
7
7
7
7
7
7
7
7
7
7
7
7
7
7
7
7
7
7
7
7
7
7
7
7
7
7
7
7
7
7
7
7
7
7
7
7
7
7
7
7
7
7
7
7
7
7
7
7
7
7
7
7
7
7
7
7
7
7
7
7
7
7
7
7
7
7
7
7
7
7
7
7
7
7
7
7
7
7
7
7
7
7
7
7
7
7
7
7
7
7
7
7
7
7
7
7
7
7
7
7
7
7
7
7
7
7
7
7
7
7
7
7
7
7
7
7
7
7
7
7
7
7
7
7
7
7
7
7
7
7
7
7
7
7
7
7
7
7
7
7
7
7
7
7
7
7
7
7
7
7
7
7
7
7
7
7
7
7
7
7
7
7
7
7
7
7
7
7
7
7
7
7
7
7
7
7
7
7
7
7
7
7
7
7
7
7
7
7
7
7
7
7
7
7
7
7
7
7
7
7
7
7
7
7
7
7
7
7
7
7
7
7
7
7
7
7
7
7
7
7
7
7
7
7
7
7
7
7
7
7
7
7
7
7
7
7
7
7
7
7
7
7
7
7
7
7
7
7
7
7
7
7
7
7
7
7
7
7
7
7
7
7
7
7
7
7
7
7
7
7
7
7
7
7
7
7
7
7
7
7
7
7
7
7
7
7
7
7
7
7
7
7
7
7
7
7
7
7
7
7
7
7
7
7
7
7
7
7
7
7
7
7
7
7
7
7
7
7
7
7
7
7
7
7
7
7
7
7
7
7
7
7
7
7
7
7
7
7
7
7
7
7
7
7
7
7
7
7
7
7
7
7
7
7
7
7
7
7
7
7
7
7
7
7
7
7
7
7
7
7
7
7
7
7
7
7
7
7
7
7
7
7
7
7
7
7
7
7
7
7
7
7
7
7
7
7
7
7
7
7
7
7
7
7
7
7
7
7
7
7
7
7
7
7
7
7
7
7
7
7
7
7
7
7
7
7
7
7
7
7
7
7
7
7
7
7
7
7
7
7
7
7
7
7
7
7
7
7
7
7
7
7
7
7
7
7
7
7
7
7
7
7
7
7
7
7
7
7
7
7
7
7
7
7
7
7
7
7
7
7
7
7
7
7
7
7
7
7
7
7
7
7
7
7
7
7
7
7
7
7
7
7
7
7
7
7
7
7
7
7
7
7
7
7
7
7
7
7
7
7
7
7
7
7
7
7
7
7
7
7
7
7
7
7
7
7
7
7
7
7
7
7
7
7
7
7
7
7
7
7
7
7
7
7
7
7
7
7
7
7
7
7
7
7
7
7
7
7
7
7
7
7
7
7
7
7
7
7
7
7
7
7
7
7
7
7
7
7
7
7
7
7
7
7
7
7
7
7
7
7
7
7
7
7
7
7
7
7
7
7
7
7
7
7
7
7
7
7
7
7
7
7
7
7
7
7
7
7
7
7
7
7
7
7
7
7
7
7
7
7
7
7
7
7
7
7
7
7
7
7
7
7
7
7
7
7
7
7
7
7
7
7
7
7
7
7
7
7
7
7
7
7
7
7
7
7
7
7
7
7
7
7
7
7
7
7
7
7
7
7
7
7
7
7
7
7
7
7
7
7
7
7
7
7
7
7
7
7
7
7
7
7
7
7
7
7
7
7
7
7
7
7
7
7
7
7
7
7
7
7
7
7
7
7
7
7
7
7
7
7
7
7
7
7
7
7
7
7
7
7
7
7
7
7
7
7
7
7
7
7
7
7
7
7
7
7
7
7
7
7
7
7
7
7
7
7
7
7
7
7
7
7
7
7
7
7
7
7
7
7
7
7
7
7
7
7
7
7
7
7
7
7
7
7
7
7
7
7
7
7
7
7
7
7
7
7
7
7
7
7
7
7
7
7
7
7
7
7
7
7
7
7
7
7
7
7
7
7
7
7
7
7
7
7
7
7
7
7
7
7
7
7
7
7
7
7
7
7
7
7
7
7
7
7
7
7
7
7
7
7
7
7
7
7
7
7
7
7
7
7
7
7
7
7
7
7
7
7
7
7
7
7
7
7
7
7
7
7
7
7
7
7
7
7
7
7
7
7
7
7
7
7
7
7
7
7
7
7
7
7
7
7
7
7
7
7
7
7
7
7
7
7
7
7
7
7
7
7
7
7
7
7
7
7
7
7
7
7
7
7
7
7
7
7
7
7
7
7
7
7
7
7
7
7
7
7
7
7
7
7
7
7
7
7
7
7
7
7
7
7
7
7
7
7
7
7
7
7
7
7
7
7
7
7
7
7
7
7
7
7
7
7
7
7
7
7
7
7
7
7
7
7
7
7
7
7
7
7
7
7
7
7
7
7
7
7
7
7
7
7
7
7
7
7
7
7
7
7
7
7
7
7
7
7
7
7
7
7
7
7
7
7
7
7
7
7
7
7
7
7
7
7
7
7
7
7
7
7
7
7
7
7
7
7
7
7
7
7
7
7
7
7
7
7
7
7
7
7
7
7
7
7
7
7
7
7
7
7
7
7
7
7
7
7
7
7
7
7
7
7
7
7
7
7
7
7
7
7
7
7
7
7
7
7
7
7
7
7
7
7
7
7
7
7
7
7
7
7
7
7
7
7
7
7
7
7
7
7
7
7
7
7
7
7
7
7
7
7
7
7
7
7
7
7
7
7
7
7
7
7
7
7
7
7
7
7
7
7
7
7
7
7
7
7
7
7
7
7
7
7
7
7
7
7
7
7
7
7
7
7
7
7
7
7
7
7
7
7
7
7
7
7
7
7
7
7
7
7
7
7
7
7
7
7
7
7
7
7
7
7
7
7
7
7
7
7
7
7
7
7
7
7
7
7
7
7
7
7
7
7
7
7
7
7
7
7
7
7
7
7
7
7
7
7
7
7
7
7
7
7
7
7
7
7
7
7
7
7
7
7
7
7
7
7
7
7
7
7
7
7
7
7
7
7
7
7
7
7
7
7
7
7
7
7
7
7
7
7
7
7
7
7
7
7
7
7
7
7
7
7
7
7
7
7
7
7
7
7
7
7
7
7
7
7
7
7
7
7
7
7
7
7
7
7
7
7
7
7
7
7
7
7
7
7
7
7
7
7
7
7
7
7
7
7
7
7
7
7
7
7
7
7
7
7
7
7
7
7
7
7
7
7
7
7
7
7
7
7
7
7
7
7
7
7
7
7
7
7
7
7
7
7
7
7
7
7
7
7
7
7
7
7
7
7
7
7
7
7
7
7
7
7
7
7
7
7
7
7
7
7
7
7
7
7
7
7
7
7
7
7
7
7
7
7
7
7
7
7
7
7
7
7
7
7
7
7
7
7
7
7
7
7
7
7
7
7
7
7
7
7
7
7
7
7
7
7
7
7
7
7
7
7
7
7
7
7
7
7
7
7
7
7
7
7
7
7
7
7
7
7
7
7
7
7
7
7
7
7
7
7
7
7
7
7
7
7
7
7
7
7
7
7
7
7
7
7
7
7
7
7
7
7
7
7
7
7
7
7
7
7
7
7
7
7
7
7
7
7
7
7
7
7
7
7
7
7
7
7
7
7
7
7
7
7
7
7
7
7
7
7
7
7
7
7
7
7
7
7
7
7
7
7
7
7
7
7
7
7
7
7
7
7
7
7
7
7
7
7
7
7
7
7
7
7
7
7
7
7
7
7
7
7
7
7
7
7
7
7
7
7
7
7
7
7
7
7
7
7
7
7
7
7
7
7
7
7
7
7
7
7
7
7
7
7
7
7
7
7
7
7
7
7
7
7
7
7
7
7
7
7
7
7
7
7
7
7
7
7
7
7
7
7
7
7
7
7
7
7
7
7
7
7
7
7
7
7
7
7
7
7
7
7
7
7
7
7
7
7
7
7
7
7
7
7
7
7
7
7
7
7
7
7
7
7
7
7
7
7
7
7
7
7
7
7
7
7
7
7
7
7
7
7
7
7
7
7
7
7
7
7
7
7
7
7
7
7
7
7
7
7
7
7
7
7
7
7
7
7
7
7
7
7
7
7
7
7
7
7
7
7
7
7
7
7
7
7
7
7
7
7
7
7
7
7
7
7
7
7
7
7
7
7
7
7
7
7
7
7
7
7
7
7
7
7
7
7
7
7
7
7
7
7
7
7
7
7
7
7
7
7
7
7
7
7
7
7
7
7
7
7
7
7
7
7
7
7
7
7
7
7
7
7
7
7
7
7
7
7
7
7
7
7
7
7
7
7
7
7
7
7
7
7
7
7
7
7
7
7
7
7
7
7
7
7
7
7
7
7
7
7
7
7
7
7
7
7
7
7
7
7
7
7
7
7
7
7
7
7
7
7
7
7
7
7
7
7
7
7
7
7
7
7
7
7
7
7
7
7
7
7
7
7
7
7
7
7
7
7
7
7
7
7
7
7
7
7
7
7
7
7
7
7
7
7
7
7
7
7
7
7
7
7
7
7
7
7
7
7
7
7
7
7
7
7
7
7
7
7
7
7
7
7
7
7
7
7
7
7
7
7
7
7
7
7
7
7
7
7
7
7
7
7
7
7
7
7
7
7
7
7
7
7
7
7
7
7
7
7
7
7
7
7
7
7
7
7
7
7
7
7
7
7
7
7
7
7
7
7
7
7
7
7
7
7
7
7
7
7
7
7
7
7
7
7
7
7
7
7
7
7
7
7
7
7
7
7
7
7
7
7
7
7
7
7
7
7
7
7
7
7
7
7
7
7
7
7
7
7
7
7
7
7
7
7
7
7
7
7
7
7
7
7
7
7
7
7
7
7
7
7
7
7
7
7
7
7
7
7
7
7
7
7
7
7
7
7
7
7
7
7
7
7
7
7
7
7
7
7
7
7
7
7
7
7
7
7
7
7
7
7
7
7
7
7
7
7
7
7
7
7
7
7
7
7
7
7
7
7
7
7
7
7
7
7
7
7
7
7
7
7
7
7
7
7
7
7
7
7
7
7
7
7
7
7
7
7
7
7
7
7
7
7
7
7
7
7
7
7
7
7
7
7
7
7
7
7
7
7
7
7
7
7
7
7
7
7
7
7
7
7
7
7
7
7
7
7
7
7
7
7
7
7
7
7
7
7
7
7
7
7
7
7
7
7
7
7
7
7
7
7
7
7
7
7
7
7
7
7
7
7
7
7
7
7
7
7
7
7
7
7
7
7
7
7
7
7
7
7
7
7
7
7
7
7
7
7
7
7
7
7
7
7
7
7
7
7
7
7
7
7
7
7
7
7
7
7
7
7
7
7
7
7
7
7
7
7
7
7
7
7
7
7
7
7
7
7
7
7
7
7
7
7
7
7
7
7
7
7
7
7
7
7
7
7
7
7
7
7
7
7
7
7
7
7
7
7
7
7
7
7
7
7
7
7
7
7
7
7
7
7
7
7
7
7
7
7
7
7
7
7
7
7
7
7
7
7
7
7
7
7
7
7
7
7
7
7
7
7
7
7
7
7
7
7
7
7
7
7
7
7
7
7
7
7
7
7
7
7
7
7
7
7
7
7
7
7
7
7
7
7
7
7
7
7
7
7
7
7
7
7
7
7
7
7
7
7
7
7
7
7
7
7
7
7
7
7
7
7
7
7
7
7
7
7
7
7
7
7
7
7
7
7
7
7
7
7
7
7
7
7
7
7
7
7
7
7
7
7
7
7
7
7
7
7
7
7
7
7
7
7
7
7
7
7
7
7
7
7
7
7
7
7
7
7
7
7
7
7
7
7
7
7
7
7
7
7
7
7
7
7
7
7
7
7
7
7
7
7
7
7
7
7
7
7
7
7
7
7
7
7
7
7
7
7
7
7
7
7
7
7
7
7
7
7
7
7
7
7
7
7
7
7
7
7
7
7
7
7
7
7
7
7
7
7
7
7
7
7
7
7
7
7
7
7
7
7
7
7
7
7
7
7
7
7
7
7
7
7
7
7
7
7
7
7
7
7
7
7
7
7
7
7
7
7
7
7
7
7
7
7
7
7
7
7
7
7
7
7
7
7
7
7
7
7
7
7
7
7
7
7
7
7
7
7
7
7
7
7
7
7
7
7
7
7
7
7
7
7
7
7
7
7
7
7
7
7
7
7
7
7
7
7
7
7
7
7
7
7
7
7
7
7
7
7
7
7
7
7
7
7
7
7
7
7
7
7
7
7
7
7
7
7
7
7
7
7
7
7
7
7
7
7
7
7
7
7
7
7
7
7
7
7
7
7
7
7
7
7
7
7
7
7
7
7
7
7
7
7
7
7
7
7
7
7
7
7
7
7
7
7
7
7
7
7
7
7
7
7
7
7
7
7
7
7
7
7
7
7
7
7
7
7
7
7
7
7
7
7
7
7
7
7
7
7
7
7
7
7
7
7
7
7
7
7
7
7
7
7
7
7
7
7
7
7
7
7
7
7
7
7
7
7
7
7
7
7
7
7
7
7
7
7
7
7
7
7
7
7
7
7
7
7
7
7
7
7
7
7
7
7
7
7
7
7
7
7
7
7
7
7
7
7
7
7
7
7
7
7
7
7
7
7
7
7
7
7
7
7
7
7
7
7
7
7
7
7
7
7
7
7
7
7
7
7
7
7
7
7
7
7
7
7
7
7
7
7
7
7
7
7
7
7
7
7
7
7
7
7
7
7
7
7
7
7
7
7
7
7
7
7
7
7
7
7
7
7
7
7
7
7
7
7
7
7
7
7
7
7
7
7
7
7
7
7
7
7
7
7
7
7
7
7
7
7
7
7
7
7
7
7
7
7
7
7
7
7
7
7
7
7
7
7
7
7
7
7
7
7
7
7
7
7
7
7
7
7
7
7
7
7
7
7
7
7
7
7
7
7
7
7
7
7
7
7
7
7
7
7
7
7
7
7
7
7
7
7
7
7
7
7
7
7
7
7
7
7
7
7
7
7
7
7
7
7
7
7
7
7
7
7
7
7
7
7
7
7
7
7
7
7
7
7
7
7
7
7
7
7
7
7
7
7
7
7
7
7
7
7
7
7
7
7
7
7
7
7
7
7
7
7
7
7
7
7
7
7
7
7
7
7
7
7
7
7
7
7
7
7
7
7
7
7
7
7
7
7
7
7
7
7
7
7
7
7
7
7
7
7
7
7
7
7
7
7
7
7
7
7
7
7
7
7
7
7
7
7
7
7
7
7
7
7
7
7
7
7
7
7
7
7
7
7
7
7
7
7
7
7
7
7
7
7
7
7
7
7
7
7
7
7
7
7
7
7
7
7
7
7
7
7
7
7
7
7
7
7
7
7
7
7
7
7
7
7
7
7
7
7
7
7
7
7
7
7
7
7
7
7
7
7
7
7
7
7
7
7
7
7
7
7
7
7
7
7
7
7
7
7
7
7
7
7
7
7
7
7
7
7
7
7
7
7
7
7
7
7
7
7
7
7
7
7
7
7
7
7
7
7
7
7
7
7
7
7
7
7
7
7
7
7
7
7
7
7
7
7
7
7
7
7
7
7
7
7
7
7
7
7
7
7
7
7
7
7
7
7
7
7
7
7
7
7
7
7
7
7
7
7
7
7
7
7
7
7
7
7
7
7
7
7
7
7
7
7
7
7
7
7
7
7
7
7
7
7
7
7
7
7
7
7
7
7
7
7
7
7
7
7
7
7
7
7
7
7
7
7
7
7
7
7
7
7
7
7
7
7
7
7
7
7
7
7
7
7
7
7
7
7
7
7
7
7
7
7
7
7
7
7
7
7
7
7
7
7
7
7
7
7
7
7
7
7
7
7
7
7
7
7
7
7
7
7
7
7
7
7
7
7
7
7
7
7
7
7
7
7
7
7
7
7
7
7
7
7
7
7
7
7
7
7
7
7
7
7
7
7
7
7
7
7
7
7
7
7
7
7
7
7
7
7
7
7
7
7
7
7
7
7
7
7
7
7
7
7
7
7
7
7
7
7
7
7
7
7
7
7
7
7
7
7
7
7
7
7
7
7
7
7
7
7
7
7
7
7
7
7
7
7
7
7
7
7
7
7
7
7
7
7
7
7
7
7
7
7
7
7
7
7
7
7
7
7
7
7
7
7
7
7
7
7
7
7
7
7
7
7
7
7
7
7
7
7
7
7
7
7
7
7
7
7
7
7
7
7
7
7
7
7
7
7
7
7
7
7
7
7
7
7
7
7
7
7
7
7
7
7
7
7
7
7
7
7
7
7
7
7
7
7
7
7
7
7
7
7
7
7
7
7
7
7
7
7
7
7
7
7
7
7
7
7
7
7
7
7
7
7
7
7
7
7
7
7
7
7
7
7
7
7
7
7
7
7
7
7
7
7
7
7
7
7
7
7
7
7
7
7
7
7
7
7
7
7
7
7
7
7
7
7
7
7
7
7
7
7
7
7
7
7
7
7
7
7
7
7
7
7
7
7
7
7
7
7
7
7
7
7
7
7
7
7
7
7
7
7
7
7
7
7
7
7
7
7
7
7
7
7
7
7
7
7
7
7
7
7
7
7
7
7
7
7
7
7
7
7
7
7
7
7
7
7
7
7
7
7
7
7
7
7
7
7
7
7
7
7
7
7
7
7
7
7
7
7
7
7
7
7
7
7
7
7
7
7
7
7
7
7
7
7
7
7
7
7
7
7
7
7
7
7
7
7
7
7
7
7
7
7
7
7
7
7
7
7
7
7
7
7
7
7
7
7
7
7
7
7
7
7
7
7
7
7
7
7
7
7
7
7
7
7
7
7
7
7
7
7
7
7
7
7
7
7
7
7
7
7
7
7
7
7
7
7
7
7
7
7
7
7
7
7
7
7
7
7
7
7
7
7
7
7
7
7
7
7
7
7
7
7
7
7
7
7
7
7
7
7
7
7
7
7
7
7
7
7
7
7
7
7
7
7
7
7
7
7
7
7
7
7
7
7
7
7
7
7
7
7
7
7
7
7
7
7
7
7
7
7
7
7
7
7
7
7
7
7
7
7
7
7
7
7
7
7
7
7
7
7
7
7
7
7
7
7
7
7
7
7
7
7
7
7
7
7
7
7
7
7
7
7
7
7
7
7
7
7
7
7
7
7
7
7
7
7
7
7
7
7
7
7
7
7
7
7
7
7
7
7
7
7
7
7
7
7
7
7
7
7
7
7
7
7
7
7
7
7
7
7
7
7
7
7
7
7
7
7
7
7
7
7
7
7
7
7
7
7
7
7
7
7
7
7
7
7
7
7
7
7
7
7
7
7
7
7
7
7
7
7
7
7
7
7
7
7
7
7
7
7
7
7
7
7
7
7
7
7
7
7
7
7
7
7
7
7
7
7
7
7
7
7
7
7
7
7
7
7
7
7
7
7
7
7
7
7
7
7
7
7
7
7
7
7
7
7
7
7
7
7
7
7
7
7
7
7
7
7
7
7
7
7
7
7
7
7
7
7
7
7
7
7
7
7
7
7
7
7
7
7
7
7
7
7
7
7
7
7
7
7
7
7
7
7
7
7
7
7
7
7
7
7
7
7
7
7
7
7
7
7
7
7
7
7
7
7
7
7
7
7
7
7
7
7
7
7
7
7
7
7
7
7
7
7
7
7
7
7
7
7
7
7
7
7
7
7
7
7
7
7
7
7
7
7
7
7
7
7
7
7
7
7
7
7
7
7
7
7
7
7
7
7
7
7
7
7
7
7
7
7
7
7
7
7
7
7
7
7
7
7
7
7
7
7
7
7
7
7
7
7
7
7
7
7
7
7
7
7
7
7
7
7
7
7
7
7
7
7
7
7
7
7
7
7
7
7
7
7
7
7
7
7
7
7
7
7
7
7
7
7
7
7
7
7
7
7
7
7
7
7
7
7
7
7
7
7
7
7
7
7
7
7
7
7
7
7
7
7
7
7
7
7
7
7
7
7
7
7
7
7
7
7
7
7
7
7
7
7
7
7
7
7
7
7
7
7
7
7
7
7
7
7
7
7
7
7
7
7
7
7
7
7
7
7
7
7
7
7
7
7
7
7
7
7
7
7
7
7
7
7
7
7
7
7
7
7
7
7
7
7
7
7
7
7
7
7
7
7
7
7
7
7
7
7
7
7
7
7
7
7
7
7
7
7
7
7
7
7
7
7
7
7
7
7
7
7
7
7
7
7
7
7
7
7
7
7
7
7
7
7
7
7
7
7
7
7
7
7
7
7
7
7
7
7
7
7
7
7
7
7
7
7
7
7
7
7
7
7
7
7
7
7
7
7
7
7
7
7
7
7
7
7
7
7
7
7
7
7
7
7
7
7
7
7
7
7
7
7
7
7
7
7
7
7
7
7
7
7
7
7
7
7
7
7
7
7
7
7
7
7
7
7
7
7
7
7
7
7
7
7
7
7
7
7
7
7
7
7
7
7
7
7
7
7
7
7
7
7
7
7
7
7
7
7
7
7
7
7
7
7
7
7
7
7
7
7
7
7
7
7
7
7
7
7
7
7
7
7
7
7
7
7
7
7
7
7
7
7
7
7
7
7
7
7
7
7
7
7
7
7
7
7
7
7
7
7
7
7
7
7
7
7
7
7
7
7
7
7
7
7
7
7
7
7
7
7
7
7
7
7
7
7
7
7
7
7
7
7
7
7
7
7
7
7
7
7
7
7
7
7
7
7
7
7
7
7
7
7
7
7
7
7
7
7
7
7
7
7
7
7
7
7
7
7
7
7
7
7
7
7
7
7
7
7
7
7
7
7
7
7
7
7
7
7
7
7
7
7
7
7
7
7
7
7
7
7
7
7
7
7
7
7
7
7
7
7
7
7
7
7
7
7
7
7
7
7
7
7
7
7
7
7
7
7
7
7
7
7
7
7
7
7
7
7
7
7
7
7
7
7
7
7
7
7
7
7
7
7
7
7
7
7
7
7
7
7
7
7
7
7
7
7
7
7
7
7
7
7
7
7
7
7
7
7
7
7
7
7
7
7
7
7
7
7
7
7
7
7
7
7
7
7
7
7
7
7
7
7
7
7
7
7
7
7
7
7
7
7
7
7
7
7
7
7
7
7
7
7
7
7
7
7
7
7
7
7
7
7
7
7
7
7
7
7
7
7
7
7
7
7
7
7
7
7
7
7
7
7
7
7
7
7
7
7
7
7
7
7
7
7
7
7
7
7
7
7
7
7
7
7
7
7
7
7
7
7
7
7
7
7
7
7
7
7
7
7
7
7
7
7
7
7
7
7
7
7
7
7
7
7
7
7
7
7
7
7
7
7
7
7
7
7
7
7
7
7
7
7
7
7
7
7
7
7
7
7
7
7
7
7
7
7
7
7
7
7
7
7
7
7
7
7
7
7
7
7
7
7
7
7
7
7
7
7
7
7
7
7
7
7
7
7
7
7
7
7
7
7
7
7
7
7
7
7
7
7
7
7
7
7
7
7
7
7
7
7
7
7
7
7
7
7
7
7
7
7
7
7
7
7
7
7
7
7
7
7
7
7
7
7
7
7
7
7
7
7
7
7
7
7
7
7
7
7
7
7
7
7
7
7
7
7
7
7
7
7
7
7
7
7
7
7
7
7
7
7
7
7
7
7
7
7
7
7
7
7
7
7
7
7
7
7
7
7
7
7
7
7
7
7
7
7
7
7
7
7
7
7
7
7
7
7
7
7
7
7
7
7
7
7
7
7
7
7
7
7
7
7
7
7
7
7
7
7
7
7
7
7
7
7
7
7
7
7
7
7
7
7
7
7
7
7
7
7
7
7
7
7
7
7
7
7
7
7
7
7
7
7
7
7
7
7
7
7
7
7
7
7
7
7
7
7
7
7
7
7
7
7
7
7
7
7
7
7
7
7
7
7
7
7
7
7
7
7
7
7
7
7
7
7
7
7
7
7
7
7
7
7
7
7
7
7
7
7
7
7
7
7
7
7
7
7
7
7
7
7
7
7
7
7
7
7
7
7
7
7
7
7
7
7
7
7
7
7
7
7
7
7
7
7
7
7
7
7
7
7
7
7
7
7
7
7
7
7
7
7
7
7
7
7
7
7
7
7
7
7
7
7
7
7
7
7
7
7
7
7
7
7
7
7
7
7
7
7
7
7
7
7
7
7
7
7
7
7
7
7
7
7
7
7
7
7
7
7
7
7
7
7
7
7
7
7
7
7
7
7
7
7
7
7
7
7
7
7
7
7
7
7
7
7
7
7
7
7
7
7
7
7
7
7
7
7
7
7
7
7
7
7
7
7
7
7
7
7
7
7
7
7
7
7
7
7
7
7
7
7
7
7
7
7
7
7
7
7
7
7
7
7
7
7
7
7
7
7
7
7
7
7
7
7
7
7
7
7
7
7
7
7
7
7
7
7
7
7
7
7
7
7
7
7
7
7
7
7
7
7
7
7
7
7
7
7
7
7
7
7
7
7
7
7
7
7
7
7
7
7
7
7
7
7
7
7
7
7
7
7
7
7
7
7
7
7
7
7
7
7
7
7
7
7
7
7
7
7
7
7
7
7
7
7
7
7
7
7
7
7
7
7
7
7
7
7
7
7
7
7
7
7
7
7
7
7
7
7
7
7
7
7
7
7
7
7
7
7
7
7
7
7
7
7
7
7
7
7
7
7
7
7
7
7
7
7
7
7
7
7
7
7
7
7
7
7
7
7
7
7
7
CELL_DATA 8501
SCALARS Uy float 1
LOOKUP_TABLE default
0.027009258
-0.0012383554
-0.0021507196
0.0026201977
-0.00718982
-0.0091897929
0.0010925343
-0.00075814369
-0.0051249825
-0.010756694
0.0022962036
0.036237196
0.0090781827
0.0025304913
-0.0073709181
0.0054065115
0.00091991093
0.0086659765
-0.0019797733
-0.005773309
0.0013312522
0.013112669
-0.011275504
-0.0052934477
0.0040221774
0.014682717
0.005322815
0.0014909369
0.015104677
0.0014773682
-0.0047834946
0.0038287768
0.0019640912
0.007406946
0.0099688922
-0.0048540163
-0.0071981372
0.0022755967
-0.023809587
-0.0049596038
-0.0043718892
0.0055400154
0.00480806
0.035451092
0.00026340539
-0.0020467164
0.006657041
-0.012151711
-0.012788152
-0.011338738
-0.00021780609
-0.0013950356
-0.009803151
-0.0023017144
-0.006239403
-0.0056720117
-0.0046400059
-0.015992983
-0.0031484676
-0.0054346384
-0.0081759531
-0.0021800417
-0.00088176636
-0.0073295417
-0.0030656185
-0.0015119486
-0.0088839943
-0.0120674
-0.012800945
-0.0013262233
-0.0070921415
-0.002341733
-0.005358279
-0.012482983
-0.007144583
0.0056469579
-0.0043166138
-0.0077805143
0.00091422379
-0.0022945689
-0.0078597692
-0.0034941537
-0.0033732367
-0.0013422377
0.0064352842
0.014860114
0.0097962079
0.021585489
0.010827891
-0.0083686229
-0.00093359679
1.1638457e-05
-0.00071596179
-0.0051930774
-0.0033698046
0.0002489844
-0.0057529404
-0.0055642878
0.010354751
-0.00043551386
0.0046750928
-0.0091049262
0.0040985097
0.0035941734
-0.0051908294
-0.0099551477
0.00017856218
0.0024493561
0.0078520252
-0.0045195103
0.00042044959
-0.00065054669
-0.0052314414
-0.0047362834
-0.002570327
-0.0025976013
-0.0028826965
-0.00062937883
-0.0017070774
-0.00035827152
-0.0013022434
-0.0016893198
0.0069381372
0.0014214846
-0.00024726533
0.0036105241
-0.0011788913
0.0014033534
0.0038803271
0.0082586206
-0.0016233834
0.0018713355
0.00037797303
-0.0051223474
-0.0023842632
0.00065116034
0.0044906032
-0.0001894705
-0.00010715701
0.0031696742
0.0086544633
0.0074249955
0.0029367742
0.012558703
-0.0043994458
0.00049885239
0.012674389
0.009115392
0.0026319089
0.0096325123
0.0040505178
0.0094685692
0.0099478127
-0.0050979031
-0.0022839885
0.00044657888
0.003897088
-0.00019568898
0.0025902176
0.0018932721
0.0033302066
0.0049373836
0.0011931193
0.0011533742
0.00039199297
0.0051199206
0.0043982116
0.0012445304
0.0043251305
0.0028635978
0.0033879813
0.0041572685
0.003720803
0.0043934431
0.0046302547
0.0051742674
0.003816937
0.0029106796
0.0061278699
0.0024166191
0.004075812
0.0035329941
0.0023095108
0.0039452669
0.0043052448
0.0047224391
0.0029805248
0.0031910279
0.0037760981
0.0070624703
-0.0026623518
0.0040982299
0.0033635196
0.0039509172
0.0043817649
0.0035896461
0.0054984232
0.004210553
0.0043916586
0.0039662566
0.0042538173
0.0058329211
0.0033594553
0.0017484722
0.0042987255
0.00392252
0.0032686811
0.0040085869
0.0033075694
0.0038748711
0.0046990083
0.0023919492
0.0029538711
0.0035286483
0.0031048611
0.002975069
-0.0018283913
0.0019593468
0.0012173094
0.0016397908
0.0052695961
0.003870651
0.0042390299
0.0041584891
0.0040420268
-0.0016703005
0.0072933846
0.0039259518
0.00023975451
0.0023898325
0.0039324577
0.0040945329
0.0031555343
0.0041516849
0.0039229933
0.0040994734
0.0013062667
0.0043854486
0.0040885027
0.0050201999
0.0036561218
0.0039194751
0.0041945858
0.0049699866
0.0007733977
0.0029316269
0.0042260932
0.0027752197
0.00019252792
0.0027832935
0.0029983572
0.0034403272
0.0035820176
0.0036600023
-0.0023480294
-0.00060246094
0.0041179722
-0.0032424548
0.0024084569
-0.0016333638
0.0064079541
0.0027017838
0.0034493584
0.0040130235
-0.0042474098
0.0034737731
0.0049062159
0.0043155046
0.0011023062
0.0046961294
-0.0024682892
0.0043935408
0.0073041098
0.00022981336
0.0022102046
0.0025451576
0.0052264795
0.002890946
0.0041289963
-0.0020919372
0.00066020198
0.0038175725
0.0017034678
0.0040966731
0.0039710478
-0.0019372554
-0.0046441893
0.0042862746
0.0048522439
0.0023434627
0.0045243142
0.0072423824
0.0057172434
0.0039940596
0.0028176467
0.0047881637
0.0014713088
-0.0027127308
0.0092721239
0.0025443066
-0.00093898213
0.0021006462
0.0034787767
0.0014155802
-0.0031510301
0.0061403924
0.0028733138
-0.00075572932
1.6870673e-05
0.0024216738
0.0089775424
0.0031413931
6.0948458e-05
-0.0013659074
0.00042026853
0.032987588
0.0039571787
0.0015635328
8.4311205e-06
0.0030646706
0.0051138169
0.0032081354
0.013907677
0.0041104503
0.004195266
0.0010366582
-0.0028144523
0.0029171629
0.00025045334
-0.0054327136
-0.00010126388
0.0036295344
-0.0016672065
0.00035222597
0.0024524816
-0.003316573
-0.001858087
0.0010444599
0.0012880974
0.0067894513
0.0039850411
0.0030310635
0.0038391669
0.0030929544
0.0028445975
0.0027621893
0.0013739921
0.0020766511
0.0038672042
0.0021077812
0.0034123591
0.0040779049
0.0029505038
0.0020411006
0.0038900862
0.003323782
0.0054701096
0.002992167
0.0024946171
0.0020904276
0.0035148441
0.0046822886
0.00098118221
-0.0006233151
-0.00073084628
-0.0036366885
-0.0037078937
0.0059039833
-0.0010291244
-0.0044452841
0.0070139811
0.0067142366
0.0031752128
0.0035105145
0.003779469
0.0037300281
0.0020685494
0.0030265417
-0.0015436909
-0.0022314496
-0.00080720911
-0.0025216588
-0.00051422669
0.013174743
0.003066993
-0.0045808418
0.0084466792
0.0087731688
0.0062317634
0.0065807233
0.0035950933
-0.0012728751
0.0024269837
0.0020025791
0.0021630004
0.0010343962
0.0029532469
0.0014606193
0.0030906371
0.0023683622
0.0027954587
0.0013001995
0.0036675507
0.0041011164
0.0015029485
0.00023748119
-0.0012616107
-0.0013046674
-0.00077140315
-0.003172715
0.0042062421
0.0032984585
0.0019805006
-0.0035821841
-0.0011741033
0.0076734347
0.0022292018
0.0024254716
0.0032159938
-8.1843888e-05
0.001181583
0.0015670669
0.0042008757
0.0029595822
0.0013854161
-0.0027669124
-0.0018172532
0.0026214267
-0.0059948101
0.0011885355
0.0033760963
0.0023471137
0.0018608465
0.0012250982
0.002162428
0.0050703848
0.0059343168
0.0097076606
0.0028681049
0.0021769836
0.002583188
-0.0034036658
0.0030198274
0.0020429611
0.0032828598
0.003052089
0.0027453756
-0.0045800138
0.0022325893
0.0010451324
-0.0015709303
-0.0033199013
0.00097246022
0.00054442381
-0.0015765951
0.0012937479
0.0011287197
0.00049316162
0.0048115647
0.0038870389
-0.00065047599
-0.0016846735
-9.9418945e-05
7.9796487e-05
-0.0013818454
-0.0037313904
-0.0027121403
-0.003825569
-0.0018135489
0.003426578
0.002057977
0.0030493026
-0.0046835038
0.0011933087
-0.0042671481
0.0046478255
-0.00041734484
-0.0027593115
-0.0026612108
0.0018449768
-0.0042723636
-0.000731399
-0.0055973766
0.0091089261
0.007422859
0.0081871278
0.0020824057
0.002862202
-0.00026203784
0.0055402341
-0.0026773546
-0.002034309
-0.0037836388
-0.0049902117
-0.0020093701
-0.0040625344
0.0042700766
-0.0044784055
0.0043676164
-0.0050337703
0.0030160525
0.0025769617
0.0040381786
0.002291613
0.0051064035
0.0039488416
0.0026963812
-0.0054183712
0.0050654574
-0.0044412593
0.010197516
0.007495525
0.0077707475
0.0089167159
0.010031682
0.0073656376
0.0026577496
0.002647618
-0.00070380625
-0.0041968358
-0.0030358549
-0.0029012281
0.00090070103
-0.0024771541
0.0015641126
0.0057056155
0.0046007876
0.0065379561
0.0019425962
-0.0036937501
0.001297883
-0.0031773057
0.0014656282
-0.0032264309
0.0034274528
0.0033329803
-0.00011652134
0.0052525405
0.0075838544
0.01239202
0.0080099932
0.0075484536
0.0028980188
0.0035234489
0.0028465748
-0.0054661727
-0.00021718026
-0.0020777022
-0.0026179269
-0.0026755177
0.0015883176
0.0047032489
0.0029516809
-0.0040268713
0.004248203
-0.0050693781
-0.00096167148
-0.0053179945
0.0013611883
0.0070748473
-0.0012639747
-0.0037986421
-0.00043529496
0.0017863498
0.0018164742
0.0090701142
0.0073432017
0.0062463932
0.0092900366
0.0031187654
0.0031129182
0.0030136776
0.0045520769
0.0025627133
0.0026879976
0.0021596171
-0.0014020838
-0.0011321506
-0.00021718691
-0.00039559902
-0.00069196546
-0.0032447059
0.00047332893
-0.0015434239
0.0017274089
0.0020937323
-0.0023136985
-0.0030277033
-0.0033745249
-0.0034176086
-0.0039014415
-0.004142843
-0.0033472904
0.00030626908
-0.0048410895
-0.0022623341
0.0031636737
-0.0019849346
0.0013484611
-0.0023364086
-0.0029945792
0.019697148
0.0084028122
0.011029117
0.0028271188
0.0024245306
0.0023602317
0.0011226556
-0.0037163082
-0.0052281107
-0.0047507714
-0.0050629174
0.00045724094
-0.0054847768
0.0028387082
-0.0043312995
0.0013930587
-0.0052450391
0.0019325875
0.00043423964
-0.0042255885
-0.0051995725
0.0036309126
-0.0036879545
-0.004703466
0.0028736284
-0.0052112635
-0.0047344786
-0.0051081705
0.0038764203
-0.0054295268
-0.001296763
-0.0061175946
-0.0021769888
-0.00084448395
0.00083448956
0.0041104127
0.0035505751
0.0032581411
0.0043563405
0.0080949356
0.0099554364
0.010833193
0.0046056526
0.001139709
0.0033413706
0.0020628408
0.0016649783
-0.0025573722
-0.0039640815
0.0021090997
-0.005197033
-0.0035435498
-0.0044600605
-0.005116469
-0.0045434353
-0.0041106892
-0.0017944079
-0.005764872
0.0028472484
0.0031676157
-0.0037309312
-0.0057701218
0.0017549096
0.0037501821
0.0010339253
-0.0051443828
4.8261194e-05
-0.0045997573
0.0046920112
0.0094996781
0.0032656472
0.010508781
0.010284698
0.0012724989
0.001316286
0.0032673105
0.0016059736
-0.0042156069
-0.0048085779
-0.0052402428
-0.0057769706
-0.0054293925
-0.0050687956
-0.0039963187
-0.005270451
-0.0030500472
-0.0027159975
0.0033772989
0.001681794
0.0014766122
0.0020933066
-0.0034125095
-0.005044288
-0.0032888346
0.0029968267
0.0031161489
0.0029580654
0.0035557192
-0.006008754
-0.0012944363
-0.004484993
-0.0055741826
-0.0019136702
0.00057910899
0.0034010999
0.0017388666
0.0024202757
0.0024149503
-0.0051453865
-0.005798617
-0.006758483
-0.0056542331
-0.0046261801
-0.0018303536
-0.0047010249
-0.0050253993
-0.0014506966
0.0014180569
0.0010299761
0.0018877697
0.0022720524
-0.0058347058
-0.0038599852
-0.0017497446
0.0051170903
0.0029630147
0.0026836714
0.0024264604
0.001443485
0.0060826868
0.0044942778
0.0030911351
-0.0085791994
-0.0039734466
-0.001255183
0.00030232103
-0.0056418396
-0.0053391917
-0.0043835717
0.003739796
0.0021352571
0.002598066
-0.00043116131
-0.0052682312
-0.004505134
-0.0034695196
-0.0061073816
-0.0058704089
-0.0047843817
-0.0044204913
0.0020619347
0.001063667
0.0032273646
0.0014363337
0.0013450244
-0.00016582878
0.0016396277
0.0016358041
0.0009398073
0.0013343789
4.4826299e-05
-0.00060250548
-0.00013250006
0.0015481552
0.0011580259
-0.0063200541
-0.0013024751
0.00012830955
-0.0032950924
-0.0053176362
0.0070922791
0.0050804669
0.0043425606
0.0026095464
0.0052466001
0.0025242167
-0.00079446642
0.001830135
-0.0052529312
0.0039213825
0.0015701308
0.0023704662
-0.0032579057
0.0012767732
-0.0064617653
-0.004932789
-0.0046959126
-0.005572104
-0.0047064136
-0.0054546259
-0.0039469912
-0.0049461826
-0.0047539811
-0.0065746217
-0.005651797
-0.0054673544
-0.0057283288
-0.0061670057
-0.006037878
-0.0046116725
-0.0062843419
-0.0057206199
-0.0049231316
-0.0058260696
-0.0032499057
-0.00047650853
0.0027155947
0.0013135334
0.0027944493
0.0015595663
-0.010294469
0.00013394543
-0.0047676917
0.00028005491
0.0012691545
2.9577739e-05
-0.001450108
-0.0024244736
-0.0044153551
0.0014378811
-0.0045730087
-0.005551218
0.00076926355
-0.0018086239
-0.0010582308
0.0013949571
-0.0027078037
-0.0010040142
-0.0055402928
0.0048217322
-0.0052779517
-0.002486697
-0.005920542
-0.0061281819
-0.003554112
0.00053415978
0.0032768299
0.0026924179
0.0023206818
0.002320435
0.0024974291
-0.0024260991
-0.0010883517
-0.0049225198
-0.0035646466
-0.004836244
0.0018059394
0.0035520654
-0.0024056495
-0.0050744323
0.00098915859
0.0011404292
-0.0031096104
-0.0037917883
0.012397965
-0.001806419
0.0016998657
-0.0057540763
-0.0025820532
-0.0026961593
0.00093825255
-0.0031166049
-0.0040125974
-0.0034985031
-0.0012068915
-0.0048720052
-0.0054933819
-0.0054411262
-0.0047558603
-0.001858824
-0.0051237582
-0.0053368668
-0.0056213675
-0.0065073724
-0.0055979142
0.0011234014
-0.0029056416
0.0024613631
0.00061038925
0.003475516
-0.0047034528
-0.00058157938
-0.00097240376
-0.00021436007
0.0013522107
-0.0056730659
-0.0013203064
-0.002883871
-0.0041076775
-0.0059288712
-0.0012956898
-0.0014485461
-0.00047506749
-0.0053057775
0.0043728587
-0.0040268231
-0.0039970401
-0.0045258932
-0.0027338756
-0.0045738894
-0.0033612122
0.00092089696
-0.00085218505
-0.0047221995
-0.0041313016
-0.0012916797
-0.0021260802
-0.0048611147
0.0031114519
-0.0052747262
-0.0051109832
-0.0050676003
-0.0056437263
-0.0064120794
0.00015257341
-0.0057451675
-0.0020110657
0.002762917
0.0012371151
0.0009954003
0.00032651238
-0.0092587174
-0.0073419019
-0.0021367519
-0.0011482518
0.0013910179
-0.0055922684
0.0011047825
0.0012020744
-0.0039505677
-0.0018001382
-0.0055919485
-0.0062333493
-0.0066374791
-0.0072945685
-0.0069165195
-0.0060912795
-0.0037911358
0.0010054898
0.0017481384
0.0011390046
-0.00013614552
-0.00015839016
-0.0073990092
0.0021865626
-0.0049129018
-0.0030614072
-0.0015364658
0.00059911794
-0.0066764453
-0.0061379191
-0.0058224897
-0.0052545407
-0.0018003833
-0.0057941072
-0.006358437
-0.0054794751
-0.005499569
-0.0058638202
-0.0048461631
-0.0045879879
-0.0052345254
-0.0039363558
-0.001526162
0.0016208471
0.0038810931
0.0015677876
0.0027334763
0.0014983698
-0.0062653102
0.00042712663
-0.0056316359
-0.0053685616
-0.0048710934
-0.0057647266
-0.0053584936
-0.0066996758
-0.0054555369
-0.0056953892
-0.0054412447
-0.0055622405
-0.004388103
-0.0066032498
-0.0060065506
-0.0057722546
-0.0050456709
-0.0027982372
-0.0002401862
0.00060137878
0.0016373368
0.0012466949
-0.0046526383
-0.0056265683
-0.0054944672
0.0027906733
-0.0062709455
-0.0053621616
-0.0051988112
-0.0065525638
-0.006395583
-0.0051473289
-0.0067968579
-0.006201423
-0.0050886098
-0.0058150928
-0.0040211489
-0.0028599651
-0.00086990745
0.0083937424
0.0017560596
0.00084333444
0.0010120268
0.001107259
0.0022567281
0.003244221
0.0017645294
-0.0058836172
-0.0056358612
0.0029137267
0.0057723267
-0.00623322
-0.0063835335
-0.0075078557
-0.005542096
-0.0093055835
0.002232478
-0.0085493823
-0.0052667448
-0.0073621551
-0.0098343412
-0.0070173777
-0.0015765691
-0.0015204658
-0.0013732123
0.0024020689
-0.010081304
-0.0049636658
-0.0061348471
-0.0028668838
-0.015586652
-0.0017307247
0.0017752799
0.0018038883
0.0018399956
0.001071003
0.0014740805
0.0015377548
0.0020014882
0.0017590156
-0.0031803629
0.0027219385
0.0014512567
0.00036767316
-0.0013653646
-0.00011080163
0.0049753728
0.0066126968
0.0016533179
0.0046293045
-0.0036434595
0.0013306854
-0.0057500199
-0.0053288983
-0.006123714
-0.0016610817
-3.2208388e-05
0.0035312381
0.0035704987
-0.0042657356
0.00030235872
-0.0030460238
-0.00050531241
0.0050566169
0.0040447206
0.0014333989
0.00086783561
0.00085231899
0.00193743
0.023561344
-0.0066310264
0.0037750503
0.0077808888
0.0044249225
0.0041969651
0.00077893519
0.0018836053
0.0090602633
0.0032269636
0.00087186661
0.0069964168
0.0015016917
0.0015410365
-0.0059936051
-0.0041768888
-0.0036808001
-0.0046289936
-0.0049273889
-0.005915244
0.0022628116
0.001610686
0.004148175
0.0040237862
-0.0060293734
-0.0059170216
-0.0054705527
-0.0011158923
0.0018252421
0.0018843505
0.0022431424
0.0020787849
-0.0055756783
-0.0043845653
-0.0052737894
-0.0053091941
0.001066822
0.0018626752
0.0016148803
0.0011448739
0.0019075444
0.0013921874
0.0035512649
0.0014368731
0.001523625
0.0028990946
-0.0054408454
-0.006772803
-0.0053937766
-0.0051945031
-0.0047526373
-0.0061346618
0.0026313233
0.0019067257
0.0027444966
0.0016782907
-0.0050901717
-0.0034186036
-0.0051432399
-0.0033723788
-0.0038449181
-0.00757859
-0.0047099474
0.00018785348
0.0035575741
0.0020674276
0.0013901113
0.00083548123
-0.0040699407
-0.0038762518
-0.0058586352
-0.0023207638
0.0018179788
-0.0057012496
-0.0058885819
-0.004726175
-0.002741524
-0.004981101
-0.0061688225
-0.0055509882
-0.0045974902
-0.0006828792
-0.0069173561
-0.0063862252
0.0024966166
0.003671889
0.0017447526
0.0017750854
-0.004962671
-0.006003362
-0.0018017739
-0.0058643808
0.00082854675
0.00072093879
0.00014352174
-0.00057842623
0.0006635131
-0.0032056264
-0.0063211329
-0.0057586104
-0.0063778352
-0.005568504
-0.0050327255
-0.0058420474
-0.0055040141
-0.0055831422
-0.0051539367
-0.0046267959
-0.0057383022
-0.0044669325
0.0039393509
0.003471618
-0.00080997843
-0.0040688936
0.0017352448
0.0018599686
0.0010241745
-0.0042441667
-0.005268095
-0.0049724973
-0.0046274689
-0.0050188502
-0.0053483103
-0.0053427909
-0.0048061284
-0.0049287935
-0.0051633368
-0.0012790466
0.0037658519
0.0004341265
-0.00013403828
0.00019477562
0.0018499662
-0.00070749754
0.00094004595
0.00094726795
-0.0025650854
-0.0056474235
-0.0045162164
-0.0047398907
0.0016865805
-0.00011828456
-0.0008038188
-0.0010485576
0.00015265512
-0.00049786163
0.0032831111
-0.00033856057
0.00063312573
0.00017353528
-0.0022718119
0.00143859
-0.005502937
-0.0055874654
-0.0003707873
0.0007338502
-0.00579363
-0.0035936838
0.0053898701
9.0979607e-05
-0.0019545014
9.8046999e-05
-0.0065564497
4.5040048e-06
0.00064880557
0.00249444
0.00077989111
0.001065955
0.00027571914
0.00034548618
0.0012047512
0.00165845
-0.00050431381
-0.00056520854
0.00037964915
0.00097645112
-0.0012145305
0.00023229984
-0.00037250487
-0.00047194708
-0.0012665436
-0.0048259518
-0.0002442774
-0.0013311129
-0.00072715498
-0.0045015428
-0.001454772
-0.0021956578
-0.002674155
-0.0038090974
-0.0018844476
-0.0014941908
-0.004396977
0.0012010623
-0.0036671385
-0.0053984601
-0.0050062312
-0.0047805718
-0.0054124702
-0.0045347988
0.0094945298
0.0014173355
-0.0032377049
0.0092749261
-0.0011669361
-0.0019685924
-6.78802e-05
0.00044238364
-0.00030151333
0.00063776426
-0.0011363172
-0.00055745347
-0.00031960546
-0.0017816446
0.0020754597
0.0017683382
0.0012465266
-0.0027742498
-0.0012200585
-0.0004548758
-0.0050282995
-0.0047574385
-0.0041014032
-0.0052920308
-0.0039795291
-0.0046861479
0.0011027737
0.0049777276
0.0052534767
-0.0065037193
0.0053609394
0.0048374718
0.00028720564
0.002569414
0.0015252158
-0.00073014525
-0.0023020987
0.0082587138
0.0041581942
-0.0011693405
0.00052714226
-0.0013488735
-0.00246614
0.0045057469
-0.0055050989
-0.0018713227
0.00027420957
-0.0012503576
-0.0024333605
-0.0047123481
0.00066025463
-0.0010524875
-0.00056517167
-0.0017899452
-0.0050988517
-0.0049053745
-0.0032655202
-0.0035797512
-0.0045699693
-0.0052451151
-0.0045077276
-0.0064411999
-0.0012943046
-0.0004707941
-0.001824521
-0.0019547275
-0.0012307722
-0.0027419762
-9.7826223e-05
-0.00099824173
-0.00041706576
-0.0016235053
-0.0042583249
-0.0043493918
-0.0045644578
-0.0032723868
-0.0043665743
-0.0048388728
0.00027008129
0.0016547263
-0.003399083
-0.0011395691
0.00063326015
-0.0011122702
-0.00093847279
-0.0014376516
-0.0019389173
-0.0013997962
-0.0019076269
-0.0028503032
-0.0017209725
-0.0017065084
-0.002602402
-0.0026840517
-0.0003427346
-0.00057982097
-0.0017355334
-0.0034415776
-0.0050709971
-0.0056008013
-0.0053307051
-0.0052263351
-0.0046056167
-0.0031817019
-0.0045621382
-0.0039689459
-0.0037991254
-0.0024286558
-0.00056887095
-0.0018955129
-0.0023889063
-0.0027663632
-0.0020856617
-0.005078524
-0.0042771021
-0.0041479829
-0.0035145612
-0.0030287385
-0.0047850263
-0.0034915667
-0.0036693512
-0.003669721
-0.0088911711
-0.0067451992
-0.0020747576
-0.004080356
-0.0037577894
-0.0031445573
-0.004142833
-0.0043771961
-0.0044165416
-0.0018791036
-0.0016812549
-0.0027267713
-0.0029581315
-0.0030586268
-0.0040858292
-0.0052346663
-0.0037905419
-0.0030377878
-0.002717022
-0.0022525776
-0.0033561855
-0.0040743735
-0.0044955279
-0.0049900195
-0.0050485334
-0.0063201354
-0.0052803472
-0.0021824125
-0.0043317469
-0.0050883425
-0.0058112213
-0.0040925694
-0.0030477049
-0.004840916
-0.0046149839
-0.0028894369
-0.0024187784
-2.1650706e-05
0.00062896553
-0.0022356341
-0.00095854256
-0.0028622812
-0.0024014958
-0.00013279126
-0.00082206423
-0.0015061113
-0.0019523768
-0.0018650614
-0.0034282167
-0.0052459688
-0.0053245871
-0.0055914278
-0.0044337991
-0.0035784965
-0.0052562739
-0.0045094144
-0.0041439809
-0.0024292054
-0.0033434222
-0.0048381803
-0.005128235
-0.0022905278
-0.0048118683
-0.0034786836
-0.0054482206
-0.0046063442
-0.0056077328
-0.0054881663
-0.0034754825
-0.00074229374
-0.0044663355
-0.0023053921
-0.0031377805
-0.0049786984
-0.0056793747
-0.0045861838
-0.0037985508
-0.0056282975
-0.0051704958
-0.0061723984
-0.00376327
-0.0033427173
-0.0026243921
-0.0031612161
-0.0031467147
-0.0038171192
-0.0013397211
-0.001710147
-0.0054939865
-0.0051118708
-0.0041541747
-0.0038020271
-0.0082317183
-0.00096394549
-0.0030668342
-0.005549279
-0.0056461558
-0.0068054241
-0.0049087697
-0.0054232844
-0.0060351618
-0.0055363689
-0.0052055162
-0.0044612717
-0.0038657434
-0.0042365031
-0.004278876
-0.0050675511
-0.0039473563
-0.0047911704
-0.0053023742
-0.0050621085
-0.0034959282
-0.0030767769
-0.0023559106
-0.0025311653
-0.002006376
-0.0020731988
-0.0012891797
-0.001377487
-0.0022228983
-0.0019448042
-0.0061194877
-0.0047753375
-0.0046973444
-0.0051631889
-0.0043855413
-0.0061758645
-0.0046747885
-0.0048061415
-0.0046844969
-0.0052902552
-0.0060861616
-0.0055471307
-0.005506349
-0.0053539421
-0.0049282248
-0.0049753093
-0.0053897615
-0.0046380736
-0.0050326462
-0.0045876155
-0.005139511
-0.0057857497
-0.0054157246
-0.0056659585
-0.0048647466
-0.0050208243
-0.0048040914
-0.0031972335
-0.0052454205
-0.0039175691
-0.0060411654
-0.0057944166
-0.0050256288
-0.0050512111
-0.0015930761
-0.0022475757
-0.00039609092
-0.0013474529
-0.0040963529
-0.00069977674
-0.0049031418
-0.0028841222
-0.0011382496
-0.0022298523
-0.003830343
-0.0024999857
-0.0057544376
-0.0068401255
-0.0052763312
-0.0053343771
-0.0058801954
-0.0065475103
-0.0056177658
-0.0052938959
-0.0052782105
-0.0045989655
-0.0047585603
-0.0053331344
-0.002398797
-0.0011627296
-0.0072173256
-0.0065955284
-0.0037243366
-0.0033919564
-0.0015908836
-0.0035383248
-0.0051325894
-0.0059904719
-0.0058919783
-0.0062313945
-0.008021439
-0.0065405604
-0.0047416631
-0.0055532648
-0.0052973496
-0.0053924412
-0.0049710817
-0.0041347162
-0.0054766302
-0.0052673208
-0.0020546479
-0.0041194924
-0.0055952347
-0.0048851368
0.0061977129
-0.0017839081
-0.0042705763
-0.0049161869
-0.0064327359
-0.0065997176
-0.006726987
-0.0065685751
-0.0052715022
-0.0062178644
-0.005871066
-0.0048482251
-0.002650509
-0.00042640077
-0.0034320701
-0.0042658246
-0.0059167304
-0.0073887916
-0.0070538309
-0.0073830717
-0.0054006552
-0.0056821288
-0.0059219381
-0.0062858429
-0.0069728133
-0.0022967004
-0.0023926616
-0.0037622169
-0.0043369416
-0.0046396332
-0.0035445488
-0.0077025096
-0.0069381456
-0.007170685
-0.0052353563
-0.005821059
-0.0054900172
-0.0056377179
-0.0068507468
-0.0060523966
-0.0073768989
0.00081115458
-0.0038548443
-0.0028752498
-0.0024289301
-0.0055775316
-0.0050270294
-0.0061053146
-0.0077187085
-0.0072149383
-0.0064715417
-0.0039320891
-0.0044608291
-0.0061948881
-0.0057429489
-0.0059554215
-0.00062017052
-0.00020376088
-0.0048272497
-0.0056712297
-0.00685082
-0.0073915113
-0.007790322
-0.0068697102
-0.0030619918
0.00059650871
-0.0019037664
-0.0036148767
-0.0065958554
-0.0075586869
-0.0060836539
-0.0062715294
-0.0067645116
-0.005846583
-0.0075766943
-0.0077685937
-0.0035675838
-0.00086869981
0.00037417585
-0.0017603115
-0.0014353371
-0.0045551657
-0.0042026921
-0.0040929597
-0.0050901674
-0.007617393
-0.0079380058
-0.007611582
-0.0072249439
-0.00061716259
-0.00099508823
-0.00380801
-0.0021963346
-0.0033298114
-0.0076888675
-0.00067548741
0.0032695239
-0.004815623
-0.0049256741
0.00070812127
0.0019044666
-0.0075858596
0.0028013691
-0.0030167119
-0.0077618835
-0.0067894386
-0.0076354825
0.00050832767
-0.006292928
-0.0075394228
-0.0070742468
-0.0066958389
-0.0068125039
-0.00060691592
-0.00055035124
0.00068293005
-0.004676965
-0.0013050177
-0.001675081
-0.0073441512
-0.0071371773
-0.0073530692
-0.0070863564
-0.0049244453
-0.0076018618
-0.0070495737
-0.0070083055
-0.0050242137
-0.0067313771
-0.0070966287
-0.0066969165
-0.0061965666
-0.0050089301
-0.0065584982
-0.0067098888
-0.0059496602
-0.0031336172
-0.0052490619
-0.0034934943
-0.0056793442
-0.0069768507
-0.004909473
0.0062793848
0.00032972999
0.0048950141
0.0077574397
-0.0045461362
0.0046792246
0.0027041028
0.0085865064
0.0036294154
0.0010456413
0.003085998
0.0055537237
0.0049822131
0.00026583806
0.0017758404
0.0012081384
0.00337318
0.0010390369
0.00068911393
0.002458531
0.0038816585
0.003693825
0.0059685166
0.0051908643
0.0075133865
0.0063027609
0.0063985636
0.0041807568
0.003384035
0.0058335726
0.0045911929
0.0040012152
0.0037127991
-0.00063051513
0.00061995022
0.0029643646
0.0036179129
0.0037209374
0.0047186362
0.0029396489
0.0055760642
0.0044430475
0.0026668792
0.0063038914
0.0032983079
0.0033581447
0.0037449054
0.00075765499
0.00018220911
0.010931843
0.012114851
0.010148632
0.0096499524
-0.0055190666
-0.0057797693
-0.0060873578
-0.00577828
0.0083430898
0.0097150905
0.0064485103
0.0073169307
0.0079116491
0.016794116
0.0079791704
0.0097389689
0.0098270064
0.011124029
0.010395565
0.01289925
-0.004545425
-0.0048307477
0.0020734443
0.0018494582
-0.0007763125
0.0075603704
0.00046431039
-0.00084332504
0.0069905
0.0061399621
0.0029245156
0.0028179007
-0.00050103954
0.0011219198
0.0014976071
0.0013781493
-0.0018259924
-0.0015168022
-0.0024800747
-0.001782069
-0.00078793138
-0.00074898907
-0.0034776563
-0.0025768377
8.7561641e-05
9.4569708e-05
0.00022871389
-0.00084989012
-0.0001967776
0.0012755638
0.0026868583
0.0022314826
-0.00052970895
0.0031460805
0.00063912724
-0.0013343364
-0.00066509693
-0.00077206579
-0.002198825
-0.0011711476
-0.0021116793
0.0018664427
0.0014462228
0.0042695267
-0.0050560069
0.0015687522
-0.00033378537
0.0026185121
0.0057803509
-0.0012370174
0.0034768778
0.0034539037
0.0017185258
0.0042541854
0.00027958162
0.0061102241
-0.003926668
-0.0044456736
-0.0022665049
-0.0032356766
0.00011051687
-0.00035030994
-0.00099451204
0.00020582552
-0.0026411322
-0.0016958819
-0.0035968636
0.0058759264
-0.0011083033
-0.0005425244
-0.0028891408
-0.0017305782
-0.0027323203
-0.002561904
-0.00069866124
0.0037908875
-0.0027841093
-0.0012764976
-0.0016846702
-0.00022259332
-0.00036528797
0.00014424355
-0.0019659602
-0.00096856434
-0.0021207235
-0.0021046034
-0.0031600971
-0.0022269969
-0.0054604646
0.0033936994
-0.0033572372
-0.0014281877
-0.0024342186
-0.0032177805
0.024790704
-0.0016343463
-0.0049477974
-0.0026268709
-0.002871732
-0.0014401509
0.00040611726
-0.0039947618
0.0049145826
0.0038164301
-0.0063085872
-0.0060592288
-0.0013417115
-0.00011336068
-0.0029661401
-0.0053351532
-0.0060797747
-0.0069155502
-0.0062594224
-0.0062760568
-0.0072918331
-0.0051783832
-0.0062950035
-0.0055048103
-0.0024730125
-0.0073231862
0.0025171512
-0.0037642968
-0.006534091
0.0042900747
0.0024156142
-0.0021504061
-0.002672301
-0.002524494
-0.0036637955
-0.0020811659
-0.0013942267
-0.0055809475
-0.0057181972
-0.0045876269
-0.0064143613
-0.0072477238
0.0016156014
-0.0062860418
-0.0027410667
-0.0060149824
-0.0049663956
0.00023073662
-0.0010128494
-0.004769561
-0.00083984469
-0.0043434651
-0.0033928677
-0.0055867117
-0.0057420009
-0.0070615308
-0.0040710822
-0.0072527037
-0.0048283107
-0.0035453499
-0.0062917983
-0.0043993626
-0.0081230694
-0.006145967
-0.0027342264
-0.0065314133
-0.00042561281
0.0022737208
-0.0013928358
0.0012328678
-0.0051201983
-0.00057347052
-0.0017441847
-0.00082546552
-0.0033266908
-0.0018486354
-0.00064719156
-0.0061905766
-0.0013664549
0.000607638
-0.0028497022
0.0020066813
-0.0042157023
-0.0011793471
-0.0024394323
-0.0042020062
-0.0010702617
-0.0017478478
-0.0054872254
-0.0069408742
-0.003301373
0.001453016
-0.0039184865
-0.0060773087
-0.0020871175
-0.0013310719
-0.0033492829
-0.0030557152
-0.0048464979
-0.0036303604
-0.0025003551
-0.0018511777
-0.0057780413
-0.002673059
-0.0051453988
0.0054268314
-0.0091384325
-0.0016946772
-0.0040146985
-0.0070357715
-0.0046822981
0.0047843947
-0.005351238
-0.0050953712
-0.0048961233
0.0031055536
-0.0010293982
-0.0045778473
-0.00028371598
0.0023733475
-0.005113296
0.0038113961
0.0023989022
-0.0060482434
-0.0014056888
-0.0080789484
-0.0031711207
-0.0036681219
0.003341765
0.0051836726
-0.0018327299
0.00088386795
0.00060605481
-0.0068921948
-0.0037785819
-0.001584717
-0.0024656203
0.00015442612
-0.0036274139
-0.0001516261
-0.0064599034
0.0058669559
-0.0034031299
0.0089374589
-0.0040033822
-0.0052053454
-0.00098142288
0.0084230564
-0.0015614579
-0.0068653263
-0.0031217476
-0.0044397131
-0.0057580674
-0.0048577448
0.0026822574
0.0021322273
0.001120181
0.0060547286
-0.0024530388
0.0051430157
0.00048613009
-0.0054507605
-0.0068957146
0.005748371
0.0047017048
0.00045135005
0.0010323513
-0.0035089275
0.0019012336
-0.0002088242
-0.0078625509
-0.0065430729
0.014323755
-0.0091877219
0.019893245
0.01073594
0.0053751257
-0.0044162131
-0.018261052
-0.0006871208
0.013552999
-0.014998405
-0.0055741933
-0.018026818
-0.008671829
0.0013843832
0.0012189468
-0.0051266226
-0.0058414532
-0.0053498458
-0.0051562101
-0.0055438378
-0.0058374311
0.0048972389
0.013555913
0.00040856755
0.0010247845
0.0011497413
0.0014429718
0.00081725995
-0.0059978393
-0.0052494524
0.0059671855
0.004147746
-0.0038736919
-0.0048362904
0.010725348
0.0020148772
0.010025591
0.0036894481
0.0041665471
0.010870296
-0.0074564064
0.010298246
0.0094940021
0.0058705238
-0.0010103824
-0.00142611
-0.0045329276
0.0011654444
0.00063596467
0.00061937215
-0.00015147574
0.0015107475
0.0013336302
0.00073393047
-0.0012747676
0.0003847273
0.00059224617
-0.005173606
-0.0046548947
-0.0045921637
-0.0037588965
-0.0027585342
-0.0034514208
-0.0045898455
-0.0037379099
-0.0031474852
-0.0010388337
-0.0020681032
-0.0037397367
-0.0032406935
-0.0042253257
-0.0023476131
-0.0026390046
-0.0023991554
-0.0020960591
-0.0013979061
-0.0016909495
-0.0003303328
0.00062448018
-0.0016256712
-0.0021076056
-0.0027842312
-0.0022478564
-0.0043971656
-0.0046296522
-0.0034290211
-0.0037792169
-0.002594057
-0.0048960906
-0.0042534649
-0.0043674159
-0.0061259184
-0.0042226323
-0.0030999341
-0.0043498737
-0.0052333967
-0.0073837099
-0.0024113371
-0.0040148337
0.00017289665
-0.0020588992
-0.0032854425
-0.0034767029
-0.002597236
-0.0025667837
-0.0031496261
-0.0029387682
-0.0032129428
-0.0039574588
-0.0030077449
-0.0024381729
-0.0025190178
-0.0019657548
-0.0012547175
-0.0032710257
-0.0047446034
-0.0026359871
-0.0038760342
-0.0030335312
-0.0039257501
-0.0027246933
-0.0063326263
-0.0061157107
-0.0058207564
-0.005939098
-0.0029002636
-0.004270973
-0.0038519638
-0.0041767726
-0.0053502125
-0.0056237524
-0.0061571606
-0.006360548
-0.0071258256
-0.0065944148
-0.0051176019
-0.0054643474
-0.006022988
-0.0067002205
-0.00331028
-0.0019958177
-0.007304136
-0.007331903
-0.0065270672
-0.0066053662
-0.0034309412
-0.0050424235
-0.006619647
-0.00646253
-0.0064807484
-0.0028414071
-0.0061751121
-0.0075910318
-0.0074489932
-0.0071593621
-0.006116614
-0.0070847102
-0.0069328542
-0.006909945
-0.006615627
-0.0056579294
0.0053984694
0.0034958356
-0.0035179747
-0.00055258467
0.0017081025
-0.0043845004
0.00070519113
0.0027021509
-0.0009698948
0.0048531172
-0.0032683016
0.0038047613
0.00053481156
-0.010531225
0.0090530221
-0.0043298357
-0.0046436091
-0.0083592442
0.0053990285
-0.0059263714
-0.0055309958
-0.003670654
4.7079414e-06
-0.0018807283
0.003863555
0.0023191835
0.0035535581
0.0021454576
-0.010087915
0.0035106439
-0.004020375
0.0089776269
0.0039860596
0.0034634992
0.0055876577
0.0083862619
0.0038926185
0.00048744709
0.0038594772
0.0035265865
0.0059131016
0.010819144
0.0098135668
0.0021712829
0.0060340827
0.0077954916
0.0078495636
0.0064600446
0.0065538089
-0.00052660284
0.0087611023
0.010632415
0.0073733689
0.010551407
0.010648455
0.012802576
0.0029259051
-0.0019802573
0.0010972597
0.0024480006
0.0052349025
0.0053460914
0.0034446256
0.002453771
0.0049454128
0.0056799974
0.0060140481
0.0057601448
0.008651229
0.0071900775
0.0062407171
0.0072086864
0.010617998
0.011423803
0.010504253
0.0095235904
0.0098429973
0.01018579
0.010392208
0.0065739298
0.0076309552
0.0081016225
0.010506826
0.009270625
0.009192434
0.0087171204
0.0095722428
0.011109037
0.0083681369
0.0082536235
0.011235317
0.010796457
0.0086677078
0.0085643185
0.0097467777
0.0035759914
0.010475195
0.010420472
0.009237828
0.0083996051
0.0065220805
0.0038087409
0.0078574144
0.0064558201
0.0087078935
0.0094746554
0.012040912
0.011150115
0.0056299277
0.00039866996
0.0029381735
0.0074049306
0.0068811123
0.0079372834
0.0079051109
0.0060689302
0.0062574684
0.0048333468
0.011388418
0.011476798
0.012807696
0.013129387
0.011271156
0.0093435424
0.012479801
0.011742744
0.011908112
0.013817841
0.012547867
0.013033146
0.013712347
0.014443689
0.013911807
0.011518531
0.010411025
0.012093284
0.013298779
0.010262552
0.014086165
0.011631774
0.016074253
0.013668378
0.013929195
0.013572855
0.014242497
0.014456302
0.015101703
0.0093167591
0.014460357
0.01727209
0.01821211
0.013104692
0.016402683
0.01416683
0.014092813
0.0075954207
0.013548045
0.010653
0.014102427
0.011778066
0.0083189162
0.0080455931
0.020684053
0.015457217
0.013307274
0.010910044
0.008198082
-0.00031809982
0.018463506
0.015338827
0.011915184
0.0060673244
0.020002238
0.024860558
0.012305959
0.0089055557
0.0022714198
0.006091844
0.017607051
0.023009914
0.020197138
0.020992734
0.0091744355
0.0025372294
0.016200923
0.018794988
0.02069748
-0.0028368895
0.015988335
-0.002867091
0.0066218881
-0.0088167493
0.0035750909
0.010885965
0.020179308
0.02463241
0.021816488
0.021547176
0.020761957
0.024655133
-0.0021878918
0.0071181982
0.0040070691
0.0079980764
0.019118066
0.019535599
0.022806269
0.022868524
0.025872746
0.022741018
0.0086698086
3.9777206e-05
-0.0049816095
0.0018381426
0.01787305
0.017430843
0.017228547
0.030453284
0.025901265
0.029483495
0.0096549832
0.03094296
-0.0055622237
0.0062964655
-0.0022191727
-0.006686616
0.014922261
0.018036574
0.016413028
0.017938704
0.021127378
0.025099081
0.018493065
0.021880287
0.022050944
0.014057935
0.03049676
0.026517026
0.0063757957
0.022029673
-0.0024849934
-0.0062953128
-0.014745626
0.0045343273
0.015880009
0.011024427
0.015247451
0.018605426
0.024351557
0.0278306
0.013028715
0.03300535
0.025917298
0.0058564503
0.015733401
-0.0014016283
0.017863502
0.0022031274
0.011929892
-0.0051486171
-0.0028229563
-0.0061751954
0.0085402834
0.00018978451
-0.0062704203
-0.0071556122
0.019197196
0.018617951
0.012188501
0.011488109
0.019662458
0.026152795
0.02825945
0.031846773
0.027401632
0.028200497
0.030669521
0.034116783
0.0289797
0.029485793
0.023415221
0.032121788
0.029200292
0.023686932
0.029978266
0.024059463
0.021806034
0.017218495
0.034452846
0.014131722
0.031330014
0.018116502
0.0061522591
0.032507827
0.021081706
0.025530752
0.0075991315
0.0067505636
0.013791686
0.010111195
-0.013834007
-0.0078259207
-0.002780934
0.0067893957
0.013890667
0.004050904
0.016737517
0.016386616
0.016150328
0.028779137
0.03181199
0.030140403
0.021566591
0.012441752
0.024754865
0.010216924
0.03995719
0.02635863
0.039586405
0.0015804317
-0.0067136226
0.0072256675
0.00089906932
0.0057322014
0.011144063
0.027574928
0.028508886
0.01317185
0.022680496
0.038259929
0.027642076
0.011238443
-0.001804757
0.018790861
0.0083609903
-0.00069886839
-0.023636563
0.013835518
0.013046452
0.026004354
0.023961223
0.021711753
0.022110503
0.030592013
0.0379606
0.017242002
0.02056229
0.01398846
0.01284201
0.043640778
0.01398411
0.021389003
0.013711068
0.016532173
-0.0011020649
0.015767344
0.01282804
0.022582695
0.014474015
0.02660509
0.058967158
0.022396882
0.017275544
0.0019026933
0.0045131941
0.014976354
0.015058195
0.0035868057
-0.0034103536
-0.018694196
0.013328196
0.0098790573
0.015077772
0.025752614
0.027673391
0.033651415
0.012078761
0.014807748
0.009498717
0.0081000016
0.034349214
0.04318749
0.061966021
0.036340169
0.064554691
-0.00012981244
0.0091550172
-0.0048970667
0.014839504
0.011642912
0.01492423
0.02102305
0.021258655
0.01643287
0.015852389
0.0237343
0.017999913
0.037721911
0.036868678
0.002230722
0.0041360825
-0.0024607091
-0.030662319
0.01944552
0.01928077
0.013677993
0.01848451
0.014042867
0.016509775
0.01509467
0.014177581
0.012075538
0.023204973
0.011685705
0.015197455
0.013306417
0.004240522
0.015573381
0.018579058
0.0084421639
0.0046201017
0.021442216
0.021332841
0.033271213
0.03526292
0.035230851
0.035922801
0.036971573
0.033223938
0.028454341
0.014481636
0.041918579
0.042383198
0.017771541
-0.012723638
0.020735401
0.018891681
0.022419028
0.0092811198
0.032247017
0.032378696
0.035000579
0.0082354461
0.027883944
0.028962215
0.032472913
0.027110995
0.023322179
0.013886183
0.021003541
0.031006277
0.037520299
0.0067805564
0.00503073
0.0063352808
0.0051938928
0.0055016711
0.0054763997
0.0016131582
-0.00029061613
0.0042867187
0.0060612838
0.003639307
0.0041938054
0.0029165627
0.0014210633
0.0029404398
0.010190881
0.011147936
0.011008122
0.012841241
0.013532534
0.0012990327
0.00013640756
0.00094567767
0.00086299488
0.0010459364
0.00033712226
-0.00045759945
-0.0001878612
0.0011850384
0.00072816048
0.0010776659
-0.00010889688
0.00035620788
0.00078037574
0.00021929457
-0.0005116013
0.0010533359
0.00036230464
0.0006812434
-0.00083696006
0.000269068
-0.0011974498
-0.0013234905
-0.00028715821
0.00065690363
0.00020678261
-0.0089038348
-0.0068896847
0.0055855531
-0.0010949806
-0.001980552
0.0069966428
0.0039137552
-0.0026360448
-0.0038125043
0.0027472451
0.0010993381
-0.004002385
-0.0046023869
-0.0031238721
-0.00272186
-0.0062737369
-0.0048848288
-0.005404666
-0.0073203371
0.0066194835
-0.0056312246
-0.0023548523
-0.0034656184
-0.0050808576
-0.004192659
-0.0036723846
-0.0035717815
-0.004317305
-0.0042908042
-0.0053574253
0.0041804361
0.0020534713
-0.0019825421
0.0027419608
0.0045338414
0.00038576113
-0.0020460621
0.0009319274
-0.0032700145
-0.012184528
0.0068432242
0.01028644
0.0032249921
0.018908581
0.010960428
0.0041211717
0.002470731
0.016319467
0.0040220139
-0.0001855115
-0.0010202982
5.6801608e-05
-0.0027987352
0.0069459405
-0.001361357
0.012602881
-0.00024518
-0.00037177657
0.00060941414
-6.4723162e-05
-0.00095509527
-0.00044591844
-0.00023289487
0.0003992068
0.0010024133
0.00059870547
-0.0023917337
-0.0047666838
-0.0012822473
-0.0030035169
-0.0013109038
-0.0058037611
-0.005454068
-0.0031551631
-0.0047958151
-0.0037617302
-0.0049601852
-0.0035116569
0.00094522734
-0.0025429581
-0.0043731635
-0.0023934808
-0.0049303108
-0.0034490908
0.0028964368
-0.0062820281
-0.0039920914
-0.0086909396
-0.0051663529
-0.0059601017
-0.011040802
-0.0033601513
-0.0054626916
-0.0042552252
-0.0034931187
-0.004608769
-0.0072642578
-0.010285288
-0.0033012771
-0.0041519708
-0.0036298845
-0.0027769606
-0.010192177
-0.0033072954
-0.0025124738
-0.0028936735
0.0014444081
0.0012674129
-9.8071121e-05
-0.0036095286
-0.0046448117
-0.0040968198
-0.0022748197
-0.0026550111
-0.0074334951
-0.00033601604
-0.012323284
-2.2843517e-05
-0.0063848755
-0.0036643372
-0.009724324
-0.0053764462
-0.0013792602
0.0056242738
0.0016181573
0.0066615624
-0.004514661
-0.0047576852
0.020121403
-0.004703905
-0.0027242941
-0.003839034
0.0061976282
-0.0031074226
-0.0056833138
-0.0043581227
-0.0048193496
-0.002483889
-0.0033043036
-0.004259023
0.012378499
0.0013628586
-0.0020148427
0.00082613602
0.0051253354
-0.0049775459
-0.0048045783
-0.0047105797
0.0047533086
0.0041821106
0.005570581
0.0091031683
-0.0042672554
-0.0048687398
-0.0045109311
-0.0028545767
-0.0012160745
-0.0022567638
-0.001882657
-0.0046149638
-0.0045894121
-0.0041858497
-0.0052633364
-0.0042102718
-0.0042599522
-0.0048295643
-0.0044943955
-0.012217689
-0.0067910487
-0.005128585
-0.0047063513
-0.0022071869
-0.0058842492
-0.0060353618
-0.0049545444
-0.00085236128
-0.0017639657
-0.0066316894
-0.0064500957
-0.0058941813
-0.0042341035
-0.0072475332
-0.0061513796
-0.0048067391
-0.0057832674
-0.0054815901
-0.0050743949
-0.0057285421
-0.0065440962
-0.0017085927
-0.0068577107
-0.0063404228
-0.0073850385
-0.0093325724
-0.0077992655
-0.0073804687
-0.0071281856
-0.0063472116
-0.0064758397
-0.0040264479
-0.0041710404
-0.0052256095
-0.0059078561
-0.0077355006
-0.0058869417
-0.0060184316
-0.0073380546
-0.0066246418
-0.0058050508
-0.0075911385
-0.0076207054
-0.0054151053
-0.0041218432
-0.0063375311
-0.0080432126
-0.0060024133
-0.0054165832
-0.0082805825
-0.007782588
-0.0074624375
-0.007409039
-0.0050719698
-0.0087788609
-0.0064672992
-0.0067948665
-0.0021160491
-0.0032676108
-0.0021713019
-0.0021223663
0.0013712117
-0.0052783741
0.00023037206
0.001895755
-0.0033741646
-0.0035904017
-0.00228702
-0.0026645724
-0.00068639388
-0.0010445058
-0.0039101486
-0.0013818036
0.00072224453
0.0026170444
-6.5332729e-05
-0.001405319
-0.0049285597
-0.0023232832
-0.0042607132
-0.0035084343
-0.0036513554
-0.0031477904
-0.0034163791
-0.0016631213
-0.0034798354
-0.0041209539
-0.003165682
-0.0036959768
-0.0026266474
-0.0023371755
-0.0037984344
-0.0040492229
-0.0022501095
-0.0032740924
-0.0025425115
-0.0029517659
-0.0021211609
-0.0014070355
-0.0037563725
-0.0045767174
-0.0034306477
-0.0041032383
-0.0027899676
-0.0022060578
-0.0043149192
-0.0038346625
-0.0050314295
-0.0049425935
-0.0056854017
-0.0053336148
-0.0060282497
-0.0060313216
-0.0050260987
-0.0054705007
-0.0065752357
-0.0065546866
-0.0066297266
-0.0058859777
-0.0056272779
-0.0053048761
-0.0060292908
-0.0060491112
-0.0068614091
-0.0069396443
-0.0056616327
-0.0036847768
-0.0032793318
-0.0037640333
-0.0070041896
-0.0074700754
-0.0073894722
-0.0064914696
-0.0059559496
-0.001561222
-0.0011059831
-0.0066055375
-0.0071670548
-0.0047797477
-0.0074128463
-0.003155933
-0.0011242962
-0.0054792335
-0.0065793
-0.0050333902
-0.0071114279
-0.0059737736
-0.00055409895
-0.0072935485
-0.0078290312
-0.0017145419
4.865341e-06
0.0019353902
-0.0020439563
-0.0064049716
-0.0050732736
-0.0053869653
-0.0053550333
-0.0056761621
-0.0076069027
-0.0078823699
-0.0042935118
-0.0072965275
-0.0050755102
-0.0043502572
-0.00071379016
-0.0053710727
-0.0028948772
-0.0010501925
0.0012482633
-0.0051533457
-0.0082479652
-0.0011699691
0.0025532798
-0.0079780705
-0.0081260315
-0.00085327958
-0.0060599112
-0.0052562553
-0.0040298455
-0.005385102
-0.0041700789
-0.006406012
-0.0033418498
0.0038088192
-0.0068766242
-0.0053019777
0.00186866
-0.0044250018
0.0022938281
0.0030578568
-0.005159551
-0.0022577476
-0.00020511597
0.0031456577
-0.0069274058
-0.0048170243
-0.0060872832
-0.004142718
-0.0064810293
-0.0041659044
-0.0071616353
-0.0073153043
-0.0079695489
-0.0075443605
-0.0079486385
-0.0077665367
0.0031891157
-0.0022708525
0.0086815471
0.0029483018
0.0063861587
0.0043248253
0.0099682281
-0.0033368633
0.0068173712
0.010253303
0.0063625119
0.010289411
0.0081633459
0.012185496
0.0025210546
0.00046554645
0.0095684757
0.010218222
0.0042650635
0.0078050261
0.0048705109
0.0058015341
0.011564577
0.013027655
0.010989306
0.012080434
0.013522703
0.012657083
0.014562778
0.013905177
0.014021996
0.014186481
0.014891911
0.015495963
0.01355303
0.0075529163
0.0067096647
0.010197582
0.0053446468
0.011175206
-0.0020730047
0.012601688
0.001315623
-0.0014815206
0.0031749862
0.016815237
0.022432127
0.020672497
0.020299232
0.0052585765
0.0099298725
0.015851967
0.015213106
0.012780752
0.010635464
0.0019400696
0.0088287571
0.0051922057
0.0072641483
0.017636782
0.0086408725
0.01517267
0.0095805094
0.001295642
-0.0073753005
-0.016492311
0.0091936222
0.0098620143
0.011455958
0.013213898
0.01002167
0.0062091877
0.011875072
0.010919049
0.01143421
0.0098550858
0.0080612041
0.0091121914
0.0065482102
0.0056406684
0.010764505
0.0074017539
0.0036636694
0.0076777117
0.0074706112
0.0064931077
0.0079607939
0.0042809812
0.0041105134
0.0094068347
0.0075821046
0.0059952045
0.0028002621
-0.001395009
0.006219671
0.0063054688
0.005425486
0.00094125478
0.0068350604
0.009184183
0.006719802
0.0057828806
0.001230635
-0.0019124964
0.0059004181
0.0063113938
0.0064727478
0.0088779208
0.004086132
0.0043770888
0.0035899782
0.0025967076
0.0040514779
0.0064588974
-0.0012581448
0.0041084196
0.0044039869
0.0028993141
-0.00046293336
0.0038850651
0.0027570231
0.0035331885
0.0039259552
0.0037255526
0.0026409963
0.0061699973
0.0078103294
0.006170324
0.0036112771
-0.00064427317
0.0018765631
0.0029853854
0.0044701748
0.0019989588
0.00047709016
0.0016092695
0.011572613
0.0013905602
-0.00038076436
-0.00011582387
0.001450556
-0.0030422765
-0.0027105334
0.00053263248
0.00064791102
-0.0022057757
0.0017181681
0.003304459
-0.00036885417
0.0017822561
0.0019633845
0.015793592
0.0074251282
0.018972425
0.0060147788
0.0066539649
-0.0016838293
-0.0027085592
0.0067266387
0.005968683
-0.0022199413
-0.0029037039
-0.0031608748
-0.0030264264
0.012794105
0.011154637
0.052609715
0.029243566
0.015673057
0.00062283577
0.015931668
0.015818114
0.0177143
0.013514222
0.014341659
0.010411696
0.0060729823
0.020573394
-0.023940447
0.018675931
-0.0002563078
0.00213232
0.0047728869
0.002741474
0.0022774214
0.00012028403
0.00057702312
0.0017203437
0.0043654766
0.0051079068
0.011926949
0.012803434
-0.00029324282
0.00019149404
0.0017599312
0.0012295003
0.0014147828
0.0012946989
0.001378491
0.00069510137
-0.00052259459
-2.1185156e-05
0.0014072701
-0.0011363534
-0.0030288897
-0.0037441995
-0.0043872021
-0.0038453751
-0.00445385
-0.0038897326
-0.0040532415
-0.0033511375
-0.0093828934
0.0045584451
0.0013631627
-0.01004275
0.0024251809
0.0018345726
0.0049769754
-0.0027449183
-0.0034832695
-0.0037686065
-0.0037185216
0.001514389
-0.0015207252
-0.0022406814
-0.0027934419
0.004685859
-0.0038639171
-0.0047957108
-0.0027422471
-9.5836583e-05
0.0012972012
-0.0036379595
0.00027558897
0.0029579486
-0.0015601225
-0.0039486615
-0.0023807038
-0.0030474633
-0.0052561225
-0.0017296026
0.0012356028
-0.0034488748
-0.0024404913
-0.0032743641
-0.0031265607
-0.0053474219
-0.0098405771
-0.0013793422
-0.0003624928
0.00029044697
-0.0010025456
-0.00075435411
0.00047233154
0.00025362905
-0.00046778536
-0.0018396745
0.0055873671
0.0035643595
-0.0028448601
-0.0013554406
2.5764421e-05
-0.0018729131
0.0031939932
0.00062848577
0.0011696683
0.0015467193
-0.0041141083
-0.0038163503
-0.004168629
-0.0045051739
-0.0036439759
-0.0027813402
-0.004340641
-0.0035866523
0.0076533322
0.00039730359
0.00047678734
0.0043576465
0.01209332
-0.00076705989
-0.0019773135
0.0005514726
0.0085970102
0.0013008004
0.010278231
0.013723215
0.0021288215
0.0088137615
-0.0054610798
-0.0028753487
-0.0017089365
-0.0022184409
-0.00032720676
-0.0032464154
0.00085398569
-0.0035356913
-0.0040106632
-0.0028432032
-0.0031331572
-0.0040225272
-0.0039551209
-0.0036068859
-0.0030098977
-0.0056893156
-0.004806248
-0.0067524449
-0.0073315822
-0.001823437
-0.0025267737
-0.0025124041
0.0061299441
-0.0071887174
-0.0063715807
-0.0089521462
-0.0018719991
-0.0010973443
-0.00045961999
-7.530374e-05
-0.0058637026
-0.0051507901
-0.0054128944
-0.0053196812
-0.0067019623
-0.0016195822
-0.0080215279
-0.0082797026
-0.0079849833
-0.0092398752
-0.0087145444
-0.0080542576
-0.008385629
-0.0087489965
-0.011750778
-0.0091240397
-0.0087834673
-0.0092906356
-0.010422284
-0.0061595943
-0.0092664174
-0.0088336508
-0.0081903986
-0.0044768515
-0.0094948676
-0.008447123
-0.0080371307
-0.0077364526
-0.0084819979
-0.0079559408
-0.0078659684
-0.00796816
-0.0075530954
-0.0083011626
0.0044788949
0.00021523271
-0.0014040016
0.0026955318
0.010798587
0.0089374277
0.0012431504
0.0081421081
-0.0004589553
0.0075785182
0.0075669992
0.0096779492
0.012471186
0.011609793
0.01102027
0.00889393
0.0068795358
0.011989743
0.0062746411
0.012976232
0.0092867673
0.0097171072
0.0045037567
0.0052927399
0.0031121108
-0.0053418229
0.011164409
0.002104841
0.0060369935
-0.00066804755
0.0053031541
-0.00085026766
0.014047326
0.016135413
-0.00053830166
0.0025695249
0.0036760387
0.0077458412
0.0072338843
0.009531264
0.0086670207
4.6181371e-06
0.010812664
0.0087351962
0.011745189
0.010683444
0.010330951
0.0097509473
0.0083702309
0.0092511826
-0.0031602349
-0.001033881
0.0041536201
0.004482565
0.0025156586
0.00077331455
0.0021306672
0.0019663674
0.004246334
0.0039565374
-0.0013494639
-0.0019791522
0.012130945
0.017871816
-0.0047515871
0.013425211
0.0065793452
0.015165666
0.006522439
0.0077527776
0.0086511391
0.014336595
0.0034541923
0.0093357781
0.010037047
0.0075229425
0.011109414
0.010434188
0.0086092438
0.010187182
0.011791839
0.0091176582
0.011642909
0.014940461
0.0070563183
0.028923695
0.017223468
0.017270633
0.0048444501
0.0065324876
0.0087350393
0.027588079
0.0042139072
0.0057770918
0.0010730426
0.016043513
0.0017007845
0.014334036
0.022046964
0.00093187893
0.010256279
0.0037258362
0.0014436843
0.0019449258
0.001122482
0.0089879081
0.0085286708
-0.0037426537
0.02190318
0.016524584
0.0029572138
0.0031238516
0.019511692
0.012573584
0.010135931
0.017056077
0.0057060217
0.012340349
0.02157394
0.020228269
0.0097074039
0.01269042
0.020153521
0.020406154
0.027261399
0.026374164
0.0094035253
0.031804906
0.023023825
0.016420355
0.018078066
0.024610678
0.025702791
0.018201619
0.016994654
0.019629258
0.019139943
0.020667385
0.015220883
0.018865034
0.029185119
0.042063491
0.02367886
0.020823285
0.024365186
0.027910616
0.02396167
0.024486576
0.025550696
0.028441303
0.021994799
0.014846419
0.037766347
0.034814901
0.022769892
0.030411679
0.022814847
0.01977576
0.025357059
0.016783174
0.01775557
0.022049012
0.00073580668
0.018791456
0.0041312646
0.01441541
0.023337843
0.027505595
0.0070148913
0.024072527
0.0071523308
0.012916198
-0.0033662274
0.021275932
-0.0011035245
-0.012833906
0.0078801767
0.0095167004
0.0035120097
0.017354095
0.016828635
0.027256971
0.0044283019
0.0037802771
-0.0020457227
-0.0046299005
-0.0033860448
0.0072743498
0.0018989371
0.00013215633
-0.00084713481
0.0081170504
0.014001334
0.0070783847
0.0095010042
0.0010140318
0.0015011978
-0.0044031649
0.0066440893
0.012208728
-0.0012966495
-0.0034676133
0.00089784088
0.010939826
0.008942954
-0.0011071639
0.012199493
-0.0027973765
-0.0057237304
-0.0050467157
-0.00092565581
0.020868602
0.018063722
0.026390887
-0.0044141808
0.013901515
0.001747282
0.0037433586
0.015851771
0.014093357
-0.0014021898
0.012808384
0.012952539
0.024651093
0.05899685
0.019171041
0.028456944
0.02774806
0.028247055
0.00089860678
0.0093136092
0.0014482109
-0.0056970861
-0.0023034391
-0.0050839667
0.01182937
0.0065357601
0.025516253
0.0047298669
0.037616448
0.0044823525
0.01216643
-0.0014101308
0.015692608
0.036488147
0.037373925
0.028248491
0.022389343
0.018138049
0.014545656
0.026465411
0.056608179
0.019941582
0.030778645
0.032262633
0.032220681
0.030880802
0.031515523
0.00089522264
0.024263012
0.030424654
0.036769903
0.037600331
0.02521355
0.050094765
0.032716132
0.040429755
0.038809159
0.030725881
0.038890134
0.037040252
0.042297254
0.022466291
0.021736157
0.045488369
0.042448043
0.042297357
0.033909048
0.032085868
0.030183645
0.041638103
0.041484949
0.028226316
0.0031800561
0.023519743
0.07174288
0.049689317
0.046983854
0.037627226
0.032344573
0.024341627
0.0087925069
0.008050792
0.026206387
0.019227036
0.015602406
0.0071604454
0.027753827
0.020456618
0.049156155
0.022665049
0.027071057
0.050435896
-0.021160253
0.032046947
0.032491969
0.032905601
0.040864204
0.050231208
0.050760963
0.037597373
0.032581317
0.040516645
0.036654469
0.042495968
0.031672686
0.046686249
0.061165125
0.036785193
0.036708818
0.047408487
0.034524801
0.02749818
0.032166528
0.045982993
0.041220179
0.053070998
0.052362968
0.035933603
0.03250866
0.045095769
0.062952895
0.047813621
0.056972277
0.041600073
0.031303048
0.040044532
0.049737066
0.05719862
0.054347183
0.061743208
0.052367347
0.03991236
0.046889419
0.044556093
0.054556662
0.041589777
0.046054425
0.059488824
0.056590066
0.045991698
0.050557909
0.046559357
0.063038444
0.051505816
0.063351955
0.086442859
0.076086297
0.064875547
0.077378383
0.0704019
0.064420736
0.036862685
0.032000152
0.043835562
0.041043604
0.05240294
0.056191073
0.064611667
0.071362221
0.060010251
0.054773952
0.059551564
0.11532372
0.035613664
0.038663736
0.051936885
0.076956445
0.071619683
0.069792995
0.071589591
0.077709089
0.069158946
0.079112509
0.065284181
0.058384331
0.097743567
0.086170777
0.077737663
0.060559633
0.042617351
0.049314046
0.040421042
0.063447898
0.039284136
0.04859378
0.051725018
0.057735702
0.072307567
0.072445628
0.096971013
0.074574315
0.073070888
0.065632841
0.057324778
0.054329164
0.043953659
0.0049311425
0.036649824
0.059393456
0.0087830184
-0.0031516098
0.047707839
0.064958597
0.093144548
0.079801619
0.08116467
0.067005495
0.026556045
0.067843947
0.055582331
0.041778936
-0.00039838284
-0.003890928
0.09569682
0.062590665
0.095951607
0.086666345
0.066465946
0.050612961
0.048838154
0.039234319
0.00089786573
-0.00026704424
0.093168048
0.1038809
0.087149942
0.05027247
0.11394055
0.090134502
0.076829004
0.081505054
0.037257856
0.039847278
0.052654613
0.045150745
0.04986519
-0.0032494443
-0.0027805677
0.046902848
-0.0044596557
0.021338562
0.00010620651
0.053262771
0.0013444843
0.0530651
0.060207062
0.052642547
0.063149207
0.050661156
0.085435464
0.080006388
0.070458023
0.13311401
0.060590485
-0.0032063952
0.037915578
0.022908009
0.079130612
0.07241773
0.054431424
0.084932275
0.067936603
0.085681336
-0.0028914842
0.12079336
0.053585442
0.053864081
0.00073223468
-0.0031945084
0.055912033
0.046981315
0.056141058
0.048647285
0.069325009
0.078422006
0.064962214
0.064098845
0.050615023
0.10023823
-0.0045304235
0.074994841
0.11618888
0.1113913
0.0557316
0.019545643
-0.00022013995
-0.0025702844
-0.0088446413
-0.0043871737
0.024900262
0.061998984
-0.0039009457
-0.011975508
0.044136919
0.050171711
0.05279789
0.047942723
0.056560347
0.05725879
0.035552133
0.091356863
0.057642222
0.049649122
-0.00060879304
0.077675148
0.059972986
0.059950482
0.058548269
0.064104913
0.059595481
0.069749924
0.045555937
1.4834281e-05
0.065692673
0.066264056
0.073472604
-0.0029701758
0.063877429
0.11974024
-0.0058175989
-0.0035494906
0.11191097
0.12581028
0.075617929
0.10119803
0.12188437
0.00011537248
-0.005563097
-0.00050118047
-0.0052735007
0.061597595
0.042712968
0.047603239
0.041189795
0.00089280571
0.054833274
0.048779532
0.064291704
0.062073202
0.071258998
-0.0027190062
0.055538926
0.067495757
0.10596562
0.095536825
-0.0048431574
-0.0033659277
-0.0022390624
-0.01170279
0.12086404
0.061962491
-0.0022816952
-0.011967312
0.055946035
-0.0035655756
0.13843094
0.085985118
0.0071158374
0.081089042
0.082002659
-0.0029991129
0.010485516
0.019339222
-0.0036604215
-0.006679212
-0.0044747225
0.097916979
-0.0053928957
0.05369824
0.0030060894
0.047272355
0.00077879267
0.0016757426
-0.00037212303
-0.0011718587
0.10436347
-0.0038574788
0.05456122
-0.020989758
0.15182816
-0.0018599069
-0.0010182373
-0.0018184476
-0.0040955943
-0.0050690747
0.012984671
-0.0020867963
-0.0071265765
0.05777807
0.0093324048
-0.0044811564
0.070782304
0.081812585
0.034443888
0.094620141
0.11067327
0.1920996
0.070513936
0.0062546635
0.19359089
0.035320908
0.056938938
0.057368008
0.072834214
0.075641556
0.091361014
-0.0029384857
-0.0011322772
-0.00050396816
-0.0070287865
-0.00074088436
-0.0032578436
-0.0061912815
-0.0030090888
-0.0016704798
0.04589992
-0.0041822121
0.016892456
0.0022010366
-0.0054598625
0.098142542
0.064860783
0.050106825
0.051730131
0.058228272
0.068447309
0.068206888
0.087354825
0.080272529
0.083898975
0.0051989977
0.00088570714
-0.0076866297
-0.0057895885
-0.0074261722
-0.0052424966
-0.0038958573
-0.006570683
-0.0063433673
-0.0063383602
-0.0065664995
-0.0073603388
0.0017106929
-0.0063491485
-0.0028525469
-0.00079266903
-0.0087993725
-0.0080999552
-0.0069714044
-0.0076639391
-0.0077676563
-0.0054230649
-0.0074609308
-0.0074979474
-0.0077164631
-0.0082323589
-0.0078119211
-0.0076941288
-0.0055597054
-0.0062104219
-0.0068029404
-0.0062021203
-0.0072342227
-0.0071423868
-0.0081138545
-0.004307063
-0.0080347507
-0.0075043352
-0.0077395667
-0.0089511946
-0.0056396856
-0.0040493679
-0.0078861102
-0.0076711377
-0.0096071611
-0.0085662328
-0.009961275
-0.0020945517
-0.0092619382
-0.0085407842
-0.0083273897
-0.0095319641
-0.0069408769
-0.0067318199
-0.0023435556
-0.0048809426
-0.011576552
-0.00064087133
-0.0020154569
-0.0061210039
-0.0067347436
-0.0047225356
-0.0077295169
-0.0099382059
-0.0060826638
-0.0056278906
-0.0067566281
-0.0061628644
-0.0067532402
-0.00046016423
-0.0067305806
-0.0033467024
0.0019873431
-0.0026701492
-0.0014219459
0.0014409831
-0.0022129418
-0.0047975458
-0.0094164303
-0.005041197
-0.0063919379
-0.0098827592
-0.0067582182
-0.0075242486
-0.0090670609
-0.0073412154
-0.0069129239
-0.0013997948
-0.0096380108
-0.0039288716
-0.0097697006
-0.0082996197
-0.0068446305
2.6415695e-06
-0.007524202
-0.0051619195
-0.0097106178
-0.013218789
-0.0098560425
-0.0098626166
-0.0019050505
-0.0078367143
-0.0098055678
-0.0088639798
-0.010118476
-0.0095281395
-0.0099348819
-0.0094831866
-0.010398356
-0.0089725277
-0.010692423
-0.0093445302
-0.011026135
-0.01038431
-0.0086294426
-0.0081416414
-0.011258724
-0.012717709
-0.0080683162
-0.01193922
-0.011485522
-0.012093468
-0.0061449805
-0.0079577755
-0.0096481211
-0.0080038966
-0.0084500939
-0.0019860202
-0.0073449192
-0.0049897649
-0.0012326149
-0.0011726031
-0.0049387817
-0.00035341388
-0.0057696591
-0.0071173316
-0.0048189817
-0.0061713446
-0.0092123002
-0.0091675308
-0.0089566531
-0.006718646
0.0025607247
-0.0097366546
-0.010103496
-0.011626707
-0.010264618
0.0015856797
-0.00088826512
-0.0081994929
-0.001598709
-0.012033127
-0.0095958632
-0.011226561
-0.012478593
-0.013494804
-0.0079143367
-0.012345448
-0.01104592
-0.006774507
-0.011285122
-0.012718738
-0.013643294
-0.0074637003
-0.023716108
-0.013723005
-0.01303243
-0.012391278
-0.0047053056
-0.013911056
-0.011882282
-0.0012683351
-0.0026772293
-0.0064412855
-0.0093334871
-0.0026061405
0.00082144916
-0.0021842977
-0.0024103969
-0.00024274766
0.0051616967
-0.0035725984
-0.0041891517
-0.0018945252
-0.00022994289
-0.0047250668
-0.0029596258
0.0012932489
-0.0048052768
0.0020028918
-0.002573273
0.0034342745
0.0012969622
0.00028820652
-0.0032591107
-0.0026703381
-0.0066903339
0.0032914033
-0.0008675253
-0.0030049768
-0.0012440974
-0.00084030995
-0.003894852
-0.0024967573
-0.0025872083
0.0015618857
-0.0021505722
0.011342841
0.010279685
0.0015747553
-0.0001031989
-0.0027025301
-0.000783528
-0.0035089065
-0.0017676353
-0.00021614144
0.00087744714
-0.0026242542
-0.0021371303
-0.0025056488
-0.003459905
-0.0020025963
-0.0014080921
-0.0014761435
-0.0015449864
-0.0019348288
-0.0008669321
-0.0030370357
0.00055275112
-0.00076704414
0.00052401926
-0.00079494197
0.0010072864
0.0010970167
0.0025066765
0.0028768364
0.0024018345
0.002776776
0.001066448
0.0011887414
0.0015287472
0.012343113
0.012933607
0.011718657
0.014568217
0.00069752408
0.0039046741
-0.00030677265
0.004129635
-0.0025210193
-0.0052138095
0.0020670511
0.00096422939
-0.00027987906
0.014747448
0.018346415
-0.0015216243
0.0067914289
-0.0040436219
0.0099006214
0.023416012
0.029204738
0.025684593
0.032932233
0.034194954
0.030412281
0.031984516
0.037067614
0.035224627
0.04206104
0.043760819
0.0389562
0.041257342
0.039802074
0.044897467
0.048292366
0.056266696
0.0492494
0.045754492
0.050436769
0.058881613
0.015925323
0.0034003218
-0.0042324428
0.0014112581
-0.00068173674
-0.0033684125
0.0051624937
-0.0047434339
-0.0050173291
-0.0064890416
-0.0037237092
0.0026839602
-0.0012235537
0.00079075946
-0.0058682138
-0.0021957273
-0.0024138908
-0.0048732392
-0.0045740714
-0.0047458462
-0.0035082918
-0.0039056044
-0.0066745758
-0.005251052
-0.0057171215
0.0031571149
0.0075891169
0.0012667467
0.0033973367
0.0052630597
-0.0071616685
0.00063145346
-0.0020030065
-0.0013109464
-0.0082237906
-0.0057426384
0.0027379941
-0.00077429916
0.0075816579
0.0011647676
-0.003697291
-0.00050911888
-0.0015049714
0.0042535715
-0.0044512707
-0.0015323375
-0.0046620549
-0.0063078791
-0.0030425578
-0.0037794428
-0.0062139953
-0.0067491317
-0.0062093588
-0.0055120673
-0.0042685194
-0.0061230446
-0.0040947968
-0.0050328345
-0.0021484486
0.00050800895
0.0066355595
0.013801005
-0.0073704171
-0.0099039523
-0.0080398619
-0.0061497648
-0.0050162025
-0.0064171285
-0.0061933303
-0.0052391355
-0.0043241161
-0.0056025425
-0.00077998163
-0.00072045848
-0.011605772
0.0060584242
-0.00126278
-0.0056518866
-0.0045239165
-0.0052409446
-0.0017678418
-0.004037394
0.0037381096
0.0065884296
-0.0057016056
-0.0095621594
-0.0026500046
-0.0052508869
-0.0062499875
-0.0065999803
-0.0051792807
-0.0018628347
-0.0041946078
-0.0041168854
-0.0066651138
-0.004372864
0.0015599279
0.0041202009
-0.0015341928
-0.0037614103
-0.0061908028
-0.0057770491
-0.0069796406
-0.0061501072
-0.0049303051
-0.0068985636
-0.0068992501
-0.0064876
-0.0038470415
-0.0049279887
-0.0020617616
-0.0020514058
-0.0012272967
-0.0040659163
-0.0066646337
-0.0069585307
-0.0061923492
-0.005911488
-0.0070699495
-0.0064746366
-0.0059273609
-0.0073317916
-0.0078892899
-0.0090482606
-0.0070617733
-0.0072623728
-0.0064251433
-0.0056800075
-0.0068671314
-0.0051737646
-0.0057083098
-0.0048280228
-0.0046969608
-0.0069988293
-0.0061236188
-0.00033099669
-0.0061461872
-0.0048566093
-0.0059489162
-0.0063271596
-0.0066859575
-0.0072859054
-0.0095994895
-0.0051478827
-0.0068535571
0.0052583431
-0.0014935628
-0.0033394522
-0.0008947115
-0.0013012074
-0.00034902133
0.0015683232
-0.0024411744
-0.0025755704
-0.0056090986
-0.0070886539
-0.0045392834
-0.010732591
-0.0079493561
0.010721429
0.00040602931
0.0020796877
0.0082841247
-0.0068976514
-0.0065287626
-0.0089227422
-0.00030928974
-0.010853452
-0.0048798496
-0.0040022809
-0.0055685225
0.0013045659
-0.0042037527
-0.006812965
-0.0092390501
-0.008655306
-0.011593148
-0.011158485
0.00024475723
-0.002210772
0.0012605823
-0.012486709
-0.0091707511
-0.0076431607
0.00092845752
-0.010130259
-0.009535755
0.017300903
-0.00060260456
-0.0065596137
-0.0061846307
-0.0096457327
-0.0084301689
-0.0041114772
-0.0064886335
0.0019072369
-0.0064023717
-0.0069786044
-0.0095197652
0.0060268603
0.0094231069
-0.001150679
-0.0053968724
-0.00048371731
-0.0014649252
-0.0041903837
-0.0072461993
-0.012275014
-0.014094993
-0.0063469969
-0.0062806259
-0.0022069203
-0.016781279
0.00030988231
-0.0041876788
-0.027072389
0.0046641474
-0.014897386
-0.00087987134
0.0069099405
-0.010415422
-0.011338366
-0.012227816
0.001361385
-0.014357361
0.00025555454
-0.00320223
-0.020609695
-0.017669828
-0.01526084
-0.011519569
0.00059911778
-0.00019856828
-0.01319307
0.0036482147
-0.015316577
-0.00042258756
0.00072438971
0.00080696121
0.019747122
0.025484092
0.014967246
0.011075985
0.029026925
0.028737489
0.019637546
0.018184748
0.015721064
0.019977106
0.012598485
0.012485367
0.029098267
0.02485079
0.024768939
0.027273009
0.064866836
0.070158324
0.034981378
0.031392498
0.045412223
0.041994271
0.051466904
0.045174862
0.084997435
0.085562179
0.015439166
-0.0026258246
-0.00017390856
0.082389515
0.039821372
0.14069222
0.20490294
0.072231325
0.10963334
0.021580994
0.080551453
0.097132497
0.031567422
0.088611197
0.054603268
0.010079094
0.042049163
0.0054695652
0.049292585
0.065554405
0.017710064
0.0052011549
0.041766924
0.013116958
0.024185376
0.078233071
0.080986667
0.023985381
0.0044511819
0.035464394
0.026577977
0.05114458
0.061281478
0.02847649
0.0026692889
0.0010705528
0.056608891
0.04443802
0.000227449
0.0081817879
0.020608263
0.030902621
0.011170757
0.039748345
0.051213688
0.04650319
0.044525527
0.041436681
0.034517379
0.027833645
0.034191164
0.031102124
0.027164998
0.020739361
0.031310325
0.028308325
0.024503658
0.024115686
0.015184758
0.023053382
0.016758838
0.032482267
0.023270071
0.024659113
0.018973381
0.019920456
0.023313314
0.031527128
0.033257187
0.03270812
0.0086332466
0.015532295
0.02321096
0.026280244
0.027142814
0.041064748
0.024083837
0.024711266
0.033126899
0.036215212
0.019169937
0.015061911
0.026588745
0.032721004
0.014308191
0.020446714
0.023808115
0.027949853
0.021136104
0.0045781958
0.022996074
0.018958537
0.010955386
0.022320414
0.017615992
0.02112887
0.019415665
0.01740772
0.014484338
0.0083888897
0.013314754
0.017179918
0.013062806
0.011916222
0.0092890092
0.0060244443
0.017840668
0.021308235
0.014006642
0.010465573
0.012722161
0.010145791
0.0071740858
0.016221236
0.0023226259
-0.0011837448
0.01060237
0.011803708
0.0095958235
0.0040259485
0.0067352995
0.0043006547
0.0062585888
0.010976379
0.012263992
0.01135105
0.0029151125
0.005822416
0.0030662957
0.0081661897
0.011948726
0.014612755
0.0054322035
0.0031100805
0.0083692805
-0.0073756045
-0.0021317981
0.0073930697
-0.0097810425
0.0024388697
0.0024556263
0.0037872876
-0.0040147541
-0.0039347102
0.0048155138
-0.00081251766
0.0044780428
0.0057737181
-0.0051335366
0.0036736851
-0.00015692156
0.00093898732
0.00092882289
0.0029936318
-0.0080744462
-0.032174349
0.00011201479
0.0031590783
0.0020759458
-0.0088241976
0.0013130407
0.0058403422
0.0032718258
-0.0079962358
0.0070433814
0.0092387206
-0.0042058888
0.0030538365
-0.027833951
0.0081379616
-0.010288189
0.00093283691
0.00043830838
-0.0034899169
0.00036293941
-0.0010301673
0.0069393041
0.0057067364
0.0079243464
0.014573611
0.0088913689
0.0095614014
0.0026345092
0.006955841
-0.0091596423
-0.0031461551
-0.0047626095
0.0024951832
0.0021625654
0.0040993879
0.0028446715
-0.0013887032
-0.0011050355
-0.0037009265
0.004446012
0.00079322116
0.011373407
0.0069429409
0.0026117712
-0.019232012
0.007844135
0.0053883797
0.0041406559
-0.0046311177
-0.0085028068
-0.019322697
0.0046383016
0.0086842098
0.00052411361
0.013804825
-0.0049652202
-0.0025288185
-0.0080282396
-0.0016305759
-0.0084050879
-0.00050562581
-0.013009867
-0.0043728438
-0.0083021736
-0.011569382
-0.0024244147
-0.001471897
-0.0066280319
-0.0077816455
-0.0039325607
-0.011548375
-0.024493366
-0.019297202
0.012630863
0.011911303
0.0046797911
0.0034057917
-0.0080228668
-0.0040087923
-0.010158224
-0.0089837593
-0.007934231
-0.011708221
-0.014891365
-0.016147091
-0.013432259
-0.0070234079
0.0022479925
0.0030841768
0.010574712
0.010684637
-0.0051214376
-0.006189284
0.009771259
0.006203656
0.0115523
0.011461769
0.0034527837
0.0035780307
-0.0028440428
-0.0034774905
-0.014428524
-0.013191596
-0.015564417
-0.024877933
-0.014730679
-0.019562977
-0.028046268
-0.019868449
-0.022066382
-0.023479167
-0.015661948
-0.033764999
-0.027220934
-0.014591938
-0.022750857
-0.021932146
-0.0073086559
-7.247984e-05
-0.025912225
-0.030029297
-0.018449972
-0.012989647
0.006488085
0.0070128324
0.0037096422
0.0061979833
0.044615705
0.049176801
0.0059869328
0.0056006476
-0.0099767
-0.0050918375
-0.001033771
0.00019285427
-0.031595397
-0.032489971
-0.011339367
-0.011236399
0.0049903739
0.0041628114
0.0041221516
-0.005383932
0.0033603138
0.0019449988
0.0048043432
0.0011719222
-0.0077471471
-0.0024152523
0.00088931495
0.04797968
0.00044001347
-0.00016668738
-0.0050395116
-0.0081174323
-0.019527358
-0.027548997
-0.010064115
0.0043514046
-0.0050822406
-0.0016632181
-0.032134876
-0.0061392634
0.0091535089
-0.0011992658
-0.0071117146
-0.0085227024
-0.016653747
-0.0036959935
-0.032686909
-0.030023593
-0.014446458
-0.0010575612
0.0017384586
0.004363879
0.0027710436
0.0022711313
0.0038410442
-0.0010554164
0.0019546981
-0.00054324533
-0.0039149121
-0.0068772643
-0.006806323
-0.0017158734
0.002842973
-0.0029287823
0.037963418
-0.033951679
0.0052020154
-0.0039967571
0.0066673088
0.01587954
0.013893111
-0.021996413
0.0017544233
0.0030480715
0.0011222769
-0.0043602772
-0.0021879768
-0.0083866831
-0.0085272651
-0.012748752
-0.0061707767
-0.0062395638
-0.0038877803
-0.0055658231
-0.0030827164
-0.0037277678
-0.029723085
-0.0059937996
-0.0084024641
-0.0050847137
-0.026223932
-0.0053502778
-0.0068539888
-0.00072420042
-0.0015049806
-0.00091691121
-0.022516711
0.00046859751
-0.035548488
-0.002952931
-0.0084176428
-0.013792445
-0.0054247034
-0.0059572074
-0.014157203
-0.034219591
0.00047899952
-0.0021925716
-8.6240875e-05
-0.033607223
-0.027096873
-0.033324318
-0.026175339
0.00049274831
0.001186717
0.00036120972
0.00010321088
-0.0012129434
-9.0633139e-05
0.00020622024
0.00010797117
-0.039702887
-0.0017994334
-0.027523284
-0.018435191
-0.029796942
-0.029934922
-0.020379513
-0.033504874
-0.033426737
-0.027945342
-0.030147999
-0.026239827
-0.026780923
-0.0070603561
-0.0017025205
-0.036168272
-0.028506101
-0.035596952
-0.038069533
-0.040201032
-0.039310166
-0.035479146
-0.039032605
-0.035722588
-0.035715492
-0.028658666
-0.018999391
-0.023724164
-0.023140224
-0.005783114
-0.022649096
-0.029844952
-0.02248187
-0.028107998
-0.020650847
-0.018551973
-0.020099106
-0.015701447
-0.013917883
-0.02033271
-0.016957216
-0.028716908
-0.016326965
-0.017915586
-0.022427932
-0.01078969
-0.017629104
-0.015506754
-0.023833876
-0.013532399
-0.004377797
-0.013766689
-0.011129658
-0.038190252
-0.0043573544
-0.02270602
-0.017763392
-0.023853976
-0.02339801
-0.019299627
-0.016773518
-0.014669185
-0.018932978
-0.023849296
-0.010603149
-0.022001055
-0.018124875
-0.011691999
-0.012960794
-0.011457263
-0.0083905018
-0.019473544
-0.012142076
-0.010119616
-0.0091455242
-0.039190997
-0.0084931526
-0.0087187913
-0.0063865572
-0.016848368
-0.005185814
-0.0077330063
-0.010618279
-0.014159452
-0.013409023
0.0011212788
-0.031074352
-0.022205865
-0.0039406175
-0.016782284
-0.0095689144
-0.038384387
-0.039390405
-0.0094003736
-0.011838943
-0.0035514315
-0.028187095
-0.026850857
-0.014911872
-0.023874061
-0.027141382
-0.041998612
-0.034973439
-0.041425973
-0.017455799
-0.035892814
-0.015981159
-0.034552059
-0.022187003
-0.030137077
-0.036862432
0.049160725
0.050246193
0.028590112
0.047043406
0.045059035
0.047983461
0.046615053
0.046288203
0.048990092
0.047755569
0.046557565
0.0064659073
0.042887362
0.032961503
0.045176043
0.047898903
0.025656701
0.040753133
0.048858452
0.03621461
0.046596126
0.046255147
0.041203581
0.046195426
0.0028783296
0.04722609
0.046298782
0.046833944
0.045245022
0.046037183
0.032490033
0.042052632
0.031684228
0.046204166
0.041998894
0.046323576
0.041477659
0.022176096
0.036906726
0.04491786
0.0032571926
0.037159915
0.048330989
-0.0035899792
-0.002633269
0.047506811
0.044716668
-0.0040646803
-0.0035936506
-0.0042233468
-0.0031950882
-0.0037367839
-0.0042276586
-0.0041128744
-0.0036249202
-0.0025864236
-0.0027824128
-0.0019805538
0.00031494866
-0.0027790596
-0.0039401536
-0.0023499317
-0.0023526599
-0.0029388255
-0.0020550941
0.0029131386
-0.0024569063
-0.0019384592
-0.0027507252
0.00046898467
-0.0033133019
-0.00098800791
-0.0028100805
-0.0032975529
-0.00091440618
-0.0021675229
-0.0028563608
-0.0029276897
-0.0024717787
0.001017282
-0.0027541179
-0.0029476051
-0.001961576
-0.0020277766
-0.0027247488
-0.002102706
-1.3990234e-05
-0.0013681991
-0.00014844473
-0.00023411385
0.001926755
0.0023272075
0.00011868548
-0.0017876392
-0.0026106888
-0.00059077227
-0.0039637622
-0.0013568088
-0.0020096769
-0.0020878287
-0.00063777471
-0.0015490879
0.00058122963
0.0035046573
-0.00075736644
-0.0022854795
-0.0015793658
0.0057270356
-6.4061283e-05
0.0015080174
-0.0016938574
-0.0022892336
0.00051001602
-0.002122035
-0.00047710972
-0.0022241457
-0.002488489
-0.0022357369
-0.0060971222
0.0016621183
-0.00071931264
-0.0008400983
-0.0025576992
-0.0019088062
-0.0022297846
-0.0039408322
-0.0013799087
0.013796998
-0.010045243
-0.0076996137
-0.0065052258
-0.010565806
-0.013304176
-0.012728581
-0.011201593
-0.0032589256
-0.0087763573
-0.0061451735
-0.0092665365
-0.010617778
-0.00037418734
-0.0064249023
-0.0041629012
-0.010387127
-0.0025067041
0.021625716
-0.0028824769
0.0045143647
-0.0059167458
-0.005907617
0.015177694
-0.00053773787
0.0066542503
-0.0029320546
-0.0047834788
-0.014633324
0.0014112373
0.0022071411
0.0023155816
0.022850174
-0.019313159
0.00084758354
0.011253027
0.001644096
-0.0065416254
0.0012980275
-9.3972529e-05
-0.0018502666
0.0046735751
-0.0049939338
-0.0041275028
-0.0020869333
0.001276885
-0.0022618765
-0.0031185967
-0.0056535628
-0.002046333
-0.0041176452
-0.010528484
-0.0070627887
-0.0022006446
-0.0049160031
-0.0036212585
-0.0043277763
-0.007903209
-0.0073107184
-0.010926754
-0.0083093724
-0.0082133315
-0.011364641
-0.00052251841
-0.0078974819
-0.0064783317
-0.0072288293
-0.011260454
-0.0072182917
-0.0065214881
-0.010776796
-0.0070891322
-0.0051823354
-0.0021178296
-0.0028430879
-0.0067642087
-0.0083501917
-0.0075280569
-0.0086848726
-0.0077589677
-0.0061438237
-0.0087873895
-0.010344673
-0.0066283511
-0.004826194
-0.007705289
-0.010069076
-0.0091472846
-0.011463443
-0.0048440854
-0.0055961992
-0.011057475
-0.0093786773
-0.008373357
-0.011153873
-0.008810797
-0.0093461884
-0.011252567
-0.013202406
-0.011480003
-0.0096202328
-0.010478255
-0.0097264497
-0.014455229
-0.01024383
-0.00078760774
-0.002346816
-0.00062758566
-0.0060086125
-0.0091107975
-0.0096358984
-0.0099549904
-0.01392008
-0.0015928278
-0.0037828918
0.0028199132
-0.00956491
-0.0070277749
-0.0073367
-0.0079374644
-0.0073448918
-0.012905452
-0.01082277
-0.010685285
-0.0068617685
-0.0081993423
-0.0068298388
-0.006629183
-0.011146531
-0.0077541246
-0.01222361
-0.0096618023
-0.010524945
-0.014790448
-0.0057981707
-0.00754068
-0.0091783646
-0.0073374355
0.002605438
-0.0015492083
-0.0078854972
-0.011820348
-0.0068934318
-0.01483715
-0.0023488165
-0.00014692902
-0.0020269148
-0.0045078072
-0.011582108
-0.010017689
-0.018026342
-0.023859199
-0.0088334894
-0.016455664
-0.0040460217
-0.0093143645
-0.023371709
-0.012327838
-0.029064864
-0.021268247
-0.013946817
-0.013240904
-0.025344679
-0.016692147
-0.017296704
-0.016050476
-0.020906812
-0.020278351
-0.017370587
-0.02890964
-0.021604267
-0.027948416
-0.028560643
-0.027712073
-0.025936279
-0.029281058
-0.01337507
-0.027736852
-0.029209645
-0.0023665278
-0.023008552
-0.02518349
-0.012956253
-0.031622361
-0.025375293
-0.02890175
-0.030387178
-0.034788998
-0.027420903
-0.024060576
-0.00082997285
-0.0025648579
0.00080223924
0.0094058339
0.00034402965
0.0033382732
0.0071417889
0.01296592
-0.0040609646
-0.0038759093
0.011011532
-0.00049506933
-0.0053266815
-0.005583941
-0.0060683986
-0.0066680099
-0.0066152122
-0.0036371878
-0.00048793882
-0.0035675061
0.0021120091
-0.0079274146
-0.0082585741
-0.0054747698
-0.0067504703
-0.0061618524
-0.0072439063
-0.0086118939
-0.0084738859
-0.010103189
-0.0091154497
-0.007140526
-0.0061502115
-0.0074178318
-0.01015836
-0.0047996475
0.0012143494
-0.010470503
-0.009370995
-0.0090267319
-0.0090357197
-0.012006845
-0.0080248465
-0.0076370564
-0.0038000711
-0.0109677
-0.0053174311
-0.008353935
-0.0045162894
-0.010101933
-0.0060470643
-0.0070476866
-0.0058330515
-0.0066217198
-0.0057672504
-0.0084343455
-0.0020567421
-0.0033828787
-0.0038125042
-0.007393743
-0.0040603788
-0.0074680319
-0.006215507
-0.0056287953
-0.0065600576
-0.0078591677
0.00053398179
0.0027102076
0.00074948168
-0.010864898
-0.0067561837
-0.0061561562
-0.0022938885
-0.012615451
-0.00063756899
-0.0089486192
-0.00014510239
-0.0098381569
-0.0075795329
-0.0018604546
0.0022707776
-0.0090500629
-0.0073444545
-0.0099211592
-0.0010481643
-0.010495191
-0.01218576
-0.0070246044
-0.0062632101
0.00074226165
0.0019162761
-0.0026627947
-0.011357294
-0.0081573257
-0.0015541989
-0.0009135999
0.0019414738
0.00068121836
0.00040543214
-0.00076207277
0.00060281482
0.022337124
0.026514801
0.041010154
0.045730575
0.015493656
0.014710957
0.011198152
0.010983435
0.012451588
0.010103602
0.024638957
0.020854642
-0.0023260263
-0.0012853099
0.006370845
0.011351216
0.0086288532
0.010784787
0.0085958256
0.015103036
0.0066032924
0.010836368
0.019673742
0.017241868
0.0081391665
0.013215908
-0.002975584
-0.0022460927
-0.0013416831
-0.0024767983
-0.0043547366
-0.0035965724
-0.0048718359
-0.0046886823
-0.0036168717
-0.003827543
0.0064217943
0.0016590916
-0.0048204749
-0.0045696488
-0.0029334954
-0.00020532535
-0.0068925327
-0.0093609416
-0.0046234688
-0.0055758348
-0.0057408729
-0.0058425121
-0.0043541585
-0.0010880389
0.0084275302
0.0064472873
-0.0058918326
0.0079931547
-0.0070481309
-0.0049097601
-0.0031591463
-0.00081592545
-0.0056604516
-0.0062989575
-0.0048341055
-0.0047273782
-0.0034685764
-0.0061419021
-0.0046536642
-0.005215422
-0.0033540549
-0.0034862901
-0.0021887808
-0.0037667063
-0.0061055312
-0.004982531
-0.0046703153
-0.0045643265
-0.0027313028
-0.0026405279
-0.0010733769
-0.004749976
-0.0033023457
-0.0033683614
-0.003228386
-0.0051733094
0.0024142934
-0.0033978596
0.0012090631
-0.0037221648
-0.0056136118
-0.00307821
-0.00046986684
-0.0046032233
1.7574727e-05
-0.0022564673
0.0081043956
-0.0046014188
-0.0024860903
-0.0046540396
0.0035490844
-0.0042582871
-0.00030765792
0.00089611053
-0.0051375873
-0.00072923349
-0.0039856271
0.011899832
0.014078519
0.015707805
0.017628835
0.071060594
0.053857548
0.068707463
0.059085082
0.055492346
0.059148012
0.051602011
0.044278626
0.018978981
0.04611941
0.02665409
0.0077413434
0.11007218
-0.0054937931
0.066836265
0.075045299
0.071523429
0.075942583
0.052882674
0.066759861
0.047501996
0.059303583
0.044813894
0.035884727
0.032789393
0.0079672587
0.02514411
0.04683093
0.037189981
0.038175172
0.028415307
0.04707846
0.0067914984
0.024926683
0.0018874913
0.043752639
0.02417999
0.0046209411
0.047404084
0.027141036
0.029049207
0.024675303
0.021597331
0.02885792
0.032745852
0.015901555
0.020156142
0.037698833
0.035800573
0.025448468
0.024659944
0.02028304
0.01898103
0.011332979
0.01522516
0.0060122452
0.0087971361
0.0063595034
0.0061716214
0.0024310321
0.0063028695
0.0096376622
0.0072989615
-0.018441275
-0.024048042
-0.014513106
-0.018780923
-0.0061812701
-0.013439349
-0.024785599
-0.020299386
-0.018044573
-0.016581538
-0.023001432
-0.018651254
-0.018373955
-0.023326983
-0.017547804
-0.01432238
-0.0012451413
-0.0033580801
-0.0072562829
-0.011285295
-0.02691426
-0.023362522
0.017191043
0.016308416
0.01921508
0.023296592
0.016024755
0.014525969
0.020108616
0.01763711
0.016845894
0.019246422
0.022458553
0.020681999
0.012315366
0.038397936
0.020887248
0.026503592
0.022365229
0.028554021
0.023852647
0.031635126
0.022119304
0.026737148
0.016373781
0.032214835
0.02848359
0.041950683
0.021347097
0.022788015
0.025664837
0.028444522
0.024388814
0.029738998
0.032804633
0.032166012
0.018599161
0.020228893
0.0084478506
0.0067272554
0.028619422
0.033617746
0.026500999
0.042447237
0.02670901
0.033585717
0.03094644
0.045821526
0.031770995
0.029239465
0.031722077
0.037151791
0.036705006
0.039838165
0.024713603
0.031801702
0.037706294
0.040063507
0.029820784
0.034923418
0.033731557
0.03513814
0.042348453
0.043795765
0.027785239
0.029305849
0.023469624
0.018590783
0.023903719
0.044975438
0.02842695
0.019804417
0.030575995
0.035927469
0.022229108
0.021308343
0.019847195
0.021347059
0.036111941
0.033116898
0.024550682
0.018636011
0.040770906
0.043210241
0.017853233
0.014261949
0.029790396
0.0221896
0.035117423
0.040394002
0.041538423
0.035414272
0.015732882
0.016469883
0.026450546
0.034195921
0.040494162
0.044608779
0.044985184
0.046158814
0.042261851
0.037103799
0.038800066
0.039348068
0.010132441
0.012481279
0.0030806347
0.03264866
0.022500385
0.020346987
0.0081165417
0.011525217
0.044072978
0.01112201
0.046787003
0.045311635
0.044427532
0.041369909
0.043159539
0.035507746
0.034179388
0.036213917
0.01567402
0.016593691
0.014592894
0.0075245029
0.011944712
0.0086854218
0.0017591442
0.00077428258
0.0093819909
0.011310491
0.0049478053
0.010845115
0.014199838
0.014152382
0.016812227
0.032409203
0.041426707
0.04526083
-0.00060901713
0.043111056
0.038967817
0.0073061809
0.0082974807
0.0098455254
0.00227973
0.0084102275
0.013603868
0.044414058
0.0038845385
0.0035174453
0.028706515
0.01509329
0.010999168
0.01044525
0.0073542058
0.0086196352
0.0038113218
0.0018802622
0.0027254809
0.043897522
0.01249605
0.0046130108
0.0282463
0.014565977
0.034665255
0.015345125
0.0089471407
0.014893812
0.010477992
0.0073994786
0.0051065137
0.014124487
0.013074354
0.010495424
0.011167339
0.019346247
0.019227993
0.012882056
0.020432624
0.013138771
0.043494279
0.023672589
0.029161662
0.043853182
0.01015536
0.0082441239
0.0054616866
0.0060475932
0.0057344617
0.0076429253
0.011212569
0.0072089864
0.0097411278
0.017571776
0.016590165
0.017947284
0.013820192
0.039477379
0.027070391
0.013768645
0.026374943
0.005164969
0.0054557483
0.044448094
0.045884026
0.04343266
0.042725888
-0.0033709399
-0.00099628413
-0.003675951
-0.0016484454
-0.0010401941
0.00080681858
0.00042561157
0.00042860536
0.0016466404
0.0007291458
-0.0010162726
-0.0039596823
0.00065694322
-0.00011407446
-0.024692961
0.00011095325
-0.0085578383
-0.016226129
-0.024491654
-0.024736059
-0.016860998
-0.014528372
-0.010774495
-0.0057026346
-0.0077857892
-0.022022369
-0.017871584
-0.0087758708
-0.0087085955
-0.008457204
-0.012475344
-0.010178217
-0.019490714
-0.0084244344
-0.0060491464
-0.0024564483
-0.0044526849
-0.03726291
-0.035367961
-0.034332633
-0.018150097
-0.015335872
-0.0040353806
-0.012276202
-0.0041980766
-0.022081951
-0.038362816
-0.039924027
-0.033897013
-0.031224161
-0.039260606
-0.030911815
0.024488698
-0.0059869418
0.038172728
0.030932917
0.044393263
0.043938236
0.04543776
0.043096666
0.035882487
0.014396022
0.02330233
0.029637129
0.025269053
0.020329512
0.051006817
0.052593257
0.054289302
0.042664698
-0.0036603695
-0.0045451916
-0.0045387314
-0.0036902223
0.00068602857
-0.00058436245
-0.00072182358
-0.0027892153
-0.0004688301
-0.0016812931
0.0028865283
-0.0010695892
-0.00053196488
0.0001024996
-0.0021493479
-0.0040277161
-0.0019061054
-0.0038759103
-0.00035305081
-0.0089165765
-0.0080595831
-0.015018677
-0.0095996985
-0.00094679826
0.01306873
-0.0017065885
0.0011079512
-0.0084878454
-0.006513746
-0.0066381769
-0.0067529196
-0.0076756362
-0.0052662195
-0.0050372359
-0.0080401953
-0.0095614988
-0.0092060098
-0.010237405
-0.014266089
-0.014763545
-0.010216182
-0.011925439
-0.013447336
-0.012928867
-0.0098095966
-0.0080165499
-0.015126222
-0.01932502
-0.0088222815
-0.0093385014
-0.012506876
-0.010999522
-9.2391793e-05
-0.0035128749
-0.032830373
-0.017788306
-0.029203908
-0.033268456
0.017187047
-0.0063103837
-0.023760895
-0.029751553
-0.014146808
-0.0037959915
-0.0022517476
0.0034751562
0.0061262157
-9.9828949e-05
-0.00096004593
0.0045207729
0.0082381777
0.0049718752
-0.0045981778
-0.00010359981
0.0062033615
0.010338407
0.0022212794
0.0076609175
0.00090658638
0.00033836159
-0.0053698694
-0.0059769363
-0.0040280256
-0.0053805386
0.00048342929
-0.0028378618
-0.0053851497
-0.003005353
-0.005862862
-0.0040740038
-0.00050540554
-0.0036101094
-0.0043716368
0.00046493971
-0.00040183936
-0.00663202
-0.0066344662
-0.0079434816
-0.0064193998
-0.0065539602
-0.0058636427
-0.0066071579
-0.004731582
-0.0070237629
-0.0058251885
-0.0062186375
-0.0046838635
-0.0071394944
-0.0071167872
0.00012254734
-0.0096455611
-0.010670397
-0.0077424794
-0.010925905
-0.011261255
-0.010290889
-0.010511286
0.00037619963
-0.0063532296
-0.012435739
-0.015522405
-0.0089521537
-0.0073920196
-0.0069720213
-7.5291039e-05
-0.0033004961
-0.0062627983
0.017564781
0.017846694
0.014312026
0.010987499
0.0050084216
0.004127794
-0.0051691719
-0.0020654762
-0.0013975199
-0.0049524482
-0.0018923921
-0.0019035853
0.0031094093
0.00171937
-0.0035027412
-0.0010663295
-0.0074978808
-0.0058316309
-0.0043869655
-0.0049533933
-0.0027269698
-0.0030999743
-0.0045500521
-0.0040593995
-0.0020181175
-0.0062404604
-0.0041682223
-0.0023318982
0.00098120711
-0.002300179
0.063263781
0.068117497
0.055060538
0.065992826
0.063770869
0.074502967
0.064284914
0.057632775
0.043467231
0.048523654
0.046902636
0.047747243
0.047705189
0.05588933
0.052552091
0.047657173
0.054978496
0.0593711
0.048937976
0.039444788
0.053636779
0.057808091
0.037472801
0.042856194
0.053205601
0.045948117
0.042454932
0.043103567
0.045946919
0.046344528
0.0086671583
0.02131434
0.023203382
0.0034503199
0.020900364
0.030455244
0.019470621
0.044859695
0.0017513954
0.0071021919
0.001400909
0.020679738
0.040633174
0.038788575
0.036322086
0.034048358
0.036078907
0.033601773
0.030083286
0.027830826
0.03042858
0.02456839
0.028180312
0.010707488
0.01251479
-0.012940236
-0.0056574992
-0.01827294
-0.014344948
-0.011466681
-0.013212637
-0.010483259
-0.006434983
-0.01166852
-0.015503792
-0.013573039
-0.017847449
-0.022695061
-0.022498278
-0.023125172
-0.018785876
-0.018489471
-0.015717508
-0.018139326
-0.012759617
-0.017743018
-0.013361561
-0.013992879
-0.014999332
-0.0032370601
-0.0044426258
-0.0084184591
-0.0098581212
-0.012390929
-0.010264656
0.045696138
0.040103036
0.034371113
0.037911042
0.0043283751
0.0067445947
0.0035246744
0.001412373
0.0012590227
0.0038669258
0.0046550077
0.037239557
0.036818477
0.0032831302
0.0071803854
0.0059973641
0.011878861
0.0064569386
0.0089190206
0.0011250749
0.00061521296
0.0027107121
0.0042431636
0.0033629842
0.0017670697
0.0037013426
0.00056343242
0.0029890733
0.0013529444
0.0012826297
0.013319067
0.015578729
0.028529322
0.044677212
0.039336766
0.029812731
0.001086732
0.026100631
0.014423284
0.029578043
0.0058852855
0.0057289839
0.022417633
0.024788115
7.5085831e-05
0.00014603181
0.00055260594
-0.0010138611
-0.00042460411
-0.0012875542
-0.0022646122
-0.001004824
-0.0032649969
-0.001373468
-0.001263141
-0.003587665
-0.00040309595
-0.001012194
-0.00040386363
5.5151155e-05
-0.0094973509
-0.0032125463
-0.015191481
-0.018350754
-0.030391878
-0.030798217
0.0021359875
-0.01835225
-0.038079259
-0.038059997
-0.021286727
-0.01779957
-0.0063087366
-0.014850578
-0.03698663
0.04421873
0.041828992
0.037592293
0.0507746
0.0074437301
0.016068594
-0.00063365863
0.0012033677
-0.0024717458
0.0039321065
-0.0039580709
-0.0076020308
-0.0037399148
-0.0053597723
-0.004192316
-0.0053012522
-0.0041722183
-0.0036262917
0.0010275746
-0.0006233764
-0.0028591712
-0.0011439896
-0.00092478192
-0.00046367579
-0.0013729674
0.00046613147
-0.0010968674
0.0022248667
-0.0032726151
-0.0018974658
0.0074723748
0.00011779475
-0.019630895
-0.017867575
-0.0094707549
-0.0092789661
-0.013798175
-0.016539438
-0.017252411
-0.022887699
-0.015017006
-0.015252137
-0.019627637
-0.014313713
-0.018157888
-0.019949572
-0.010864284
-0.010323909
-0.0114225
-0.012448149
-0.018935263
-0.012779422
-0.012549545
-0.010656001
-0.012302268
-0.012935003
-0.011591411
-0.013548486
-0.014653855
-0.01425266
-0.012397077
-0.011446217
-0.01144508
-0.0082704317
-0.011750176
-0.010215345
-0.0097811651
-0.0090920251
-0.0094833709
-0.010558298
-0.0098672979
-0.0081263744
-0.0090067228
-0.0086399113
-0.016656323
-0.020748782
-0.023109514
-0.026175613
-0.010927831
-0.025239123
-0.03342058
0.0046089552
0.022823709
-0.031038544
-0.025639431
-0.029203548
-0.0094355956
-0.021456038
-0.022064497
-0.023013064
-0.023153269
-0.023535168
-0.024523601
-0.017542037
-0.014938939
-0.018562403
-0.021447957
-0.020459138
0.0013315789
-0.00039183853
-0.00021193947
0.0010780294
0.011145566
0.0088103637
0.010705262
-0.0014959725
-0.001647848
-0.0029121722
0.00041430969
0.0029304679
-0.0016407746
-0.00032315624
-0.00058853565
0.0019255887
-0.0046622581
-0.0022064282
-0.0040519795
-0.0022692662
-0.0062447899
-0.0019133418
-0.0018907142
-0.0012593917
0.00057927314
-0.0051430556
-0.0052164645
-0.0032628217
-0.0045396614
-0.010102783
-0.01006573
-0.0086833867
-0.0044443999
-0.010198592
-0.0057687343
-0.0080849008
-0.0054380894
-0.0068681176
-0.0011474263
-0.0084717457
-0.0057552708
-0.003807994
0.0019867638
-0.0051915994
-0.0062818389
-0.0049460332
0.0025491901
-0.0071439218
-0.005938652
-0.0085144579
-0.010113461
-0.010920013
-0.0071444102
-0.015787734
-0.0093182973
-0.0060035989
-0.0045072741
-0.0099100251
-0.0093220396
-0.0094088055
-0.0098278497
-0.015273419
-0.0094581376
-0.010889971
-0.012323761
-0.011145284
-0.012670929
-0.0072645105
-0.0067950562
-0.0076660677
-0.0019198361
-0.0084985993
-0.010535651
-0.012319674
-0.0065326294
-0.0064268028
-0.0054643816
-0.0062045256
-0.0082089963
-0.009023142
-0.0073769359
-0.0068346468
-0.0039623824
-0.015320704
-0.0078613121
-0.0078164621
-0.0095012041
-0.011552548
-0.015001629
-0.0096714194
-0.007958286
-0.0046187976
0.0015906617
-0.013291971
-0.014215047
-0.015973212
-0.0040913917
-0.012904175
-0.016345005
-0.0078964625
-0.0063689417
-0.012251442
-0.015108551
-0.015598069
-0.017031315
-0.014738767
-0.017403631
-0.01323492
-0.014024088
-0.016989496
-0.020351644
-0.016800263
-0.016687938
-0.019143884
-0.011384304
-0.011706678
-0.011530819
-0.011663323
-0.023414074
-0.013415564
-0.012875967
-0.015373761
-0.018891481
-0.018016588
-0.030790281
-4.2497477e-05
-0.010011773
-0.013268099
-0.011396994
-0.013834291
-0.01620011
-0.014602112
-0.01837306
-0.011975367
-0.01264261
-0.01112297
-0.011495389
-0.01866537
-0.0041491705
-0.012237054
-0.014363607
-0.012327731
-0.013335139
-0.015934847
-0.014922862
-0.01858436
-0.018339194
-0.014311196
-0.014450162
-0.0055837837
-0.023139526
-0.013289407
-0.0074795836
-0.017543601
-0.018511114
-0.017504657
-0.022106586
-0.01998015
-0.021894644
-0.0135642
-0.014456573
-0.017346332
-0.018440454
-0.017746335
-0.018450557
-0.0193881
-0.020544853
-0.016920196
-0.014165092
-0.018418628
-0.020953876
-0.018492605
-0.019870663
-0.016212512
-0.016673564
-0.015006981
-0.014589662
-0.014148001
-0.019233432
-0.01743649
-0.021170314
-0.020533452
-0.021240987
-0.017690342
-0.02068548
-0.020029192
-0.021368746
-0.02232781
-0.019406199
-0.020667093
-0.022987216
-0.021935329
-0.019959578
-0.019759733
-0.021692047
-0.032293361
-0.0325441
-0.019317416
-0.020141217
-0.021289908
-0.024571085
-0.013502742
-0.017685119
-0.022540874
-0.022901907
-0.019667922
-0.020264511
-0.018956079
-0.022432767
-0.0042606102
-0.0055988243
-0.0062175864
-0.0028272252
-0.0022680463
-0.0016334808
-0.0041731691
-0.0028223128
0.0014373746
-0.00074384995
-0.002440368
-0.0041756164
0.002710796
0.0031444454
0.0014284193
0.0021181021
-0.0026848717
-0.002799646
-0.0027956199
-0.0022331102
-0.0030618143
-0.0010113682
-0.00079654056
0.0031517666
0.0022945469
0.00067377905
0.054895241
0.052338652
0.043668922
0.044390687
0.041343635
0.036852148
0.034496247
0.03707873
0.038744154
0.039649288
0.029408457
0.043117494
0.04872318
0.0018695427
0.0025038778
0.0077669483
0.0098449605
0.0090459871
0.021050715
0.013808148
-0.0041056087
0.023157107
0.024355322
0.025719167
0.023584531
0.027908159
0.016384031
0.036105104
0.032080123
0.012652502
0.019570622
0.02634927
0.033608753
0.025377175
0.010634158
-0.0076992361
-0.0065721183
0.038706477
0.042246526
0.0040440196
0.0040872093
0.034654689
0.040609659
0.044826451
0.040555416
0.037356954
0.033238862
0.025029176
0.031226525
0.03931588
0.023332813
0.0091660085
0.023131093
0.0067606952
-0.0034176074
-0.0019486773
0.017098494
-0.00017415687
-0.0051365288
0.0037592169
0.0024229292
-0.0039047351
-0.0039371333
-0.0055580255
-0.0036714177
-0.0055728541
-0.0037672308
-0.0016537943
-0.0031306611
-0.0076010706
-0.0014473301
-0.00051367015
0.00029936684
-0.0016928629
-0.0038911427
-0.0039851392
-0.0049143297
-0.0041279564
-0.0038888297
0.0010281739
-0.00098007572
0.00072869235
0.0010101646
-0.0041511439
-0.011589856
-0.011904472
-0.0056486904
0.00088464826
-0.0050618319
0.00063423878
-0.0025412613
0.0059822115
-0.0026642252
0.0025452371
0.01081338
0.0061851373
-0.014741571
0.0021455594
-0.02019284
-0.020941058
-0.021088509
-0.018217334
-0.018828203
-0.011660049
-0.014065675
-0.015188545
-0.013542438
-0.01346077
-0.014778146
-0.015890941
-0.015453305
-0.016417102
-0.019952314
-0.016783739
-0.018407799
-0.015348876
-0.017807377
-0.014582388
-0.013083455
-0.015903881
-0.017001483
-0.018346633
-0.017042379
-0.015635071
-0.014216023
-0.016301352
-0.016460978
-0.018080447
-0.017502774
-0.014009244
-0.01079375
-0.0177534
-0.015045609
-0.019208374
-0.020149282
-0.013673674
-0.013145995
-0.015266679
-0.015510108
-0.018230458
-0.019675978
-0.019059968
-0.017442221
-0.019054474
-0.018593698
-0.018669516
-0.021149913
-0.02217681
-0.021458602
-0.02017896
-0.020928746
-0.017876604
-0.021859934
-0.01714604
-0.019202984
-0.027036688
-0.022713324
-0.016319281
-0.018308357
-0.020233872
-0.021778854
-0.010819343
-0.0090409806
-0.009257569
-0.0096733348
-0.0079710789
-0.0086477518
0.0068121264
-0.016826929
-0.034222981
-0.033457283
0.00097926311
-0.0065340288
-0.031638602
-0.030207661
-0.035395313
-0.036837808
-0.031264673
-0.02695628
-0.029986552
-0.03036136
-0.0019123369
-0.0039816818
0.00055772973
0.000854166
-0.0054046084
-0.002912863
-0.0018343351
-0.00089997952
0.0006723781
0.0018758016
-0.0019866419
0.0037405074
0.00096021931
-0.012406414
-0.00054094547
0.0013219621
-0.014322124
-0.015921488
-0.015832868
-0.015176356
-0.021103903
-0.010836357
-0.012886797
-0.01409223
0.00011007495
-0.017889597
-0.015969223
-0.018170658
-0.018612511
-0.022839391
-0.013795792
-0.027397111
-0.03240735
-0.021602376
-0.032668971
-0.021625815
-0.02336383
-0.0044707386
0.0029134027
-0.0040535938
-0.00069579887
-0.0041563062
-0.00058575578
-0.0030899911
-0.003876968
-0.0029089086
-0.0020747246
-0.0018007216
-0.00053693438
-0.00037049595
0.0022250133
-0.0020819677
0.039802072
0.046249821
0.043891063
0.043253173
0.036074821
0.030310625
0.02710634
0.021804262
0.017589986
0.0096945449
0.02286416
0.040495002
0.0044324854
0.012168585
-0.010225358
-0.013291368
-0.012618128
-0.013141188
-0.016684015
-0.01086732
-0.019376334
-0.018629901
-0.019981121
-0.01893201
-0.018077319
-0.017236305
-0.022740952
-0.023026995
-0.020680351
-0.020040865
-0.025652396
-0.023447369
-0.010357037
-0.0097960339
-0.01205819
-0.010626143
-0.0094739902
-0.0087848302
-0.0099822566
-0.0078505032
-0.010884472
-0.012679413
-0.011651487
-0.010277848
-0.012495167
-0.01121081
-0.010997445
-0.011971997
-0.011871037
-0.011213438
-0.011423546
-0.011125998
-0.012170006
-0.012170828
-0.011140372
-0.010097013
-0.013436668
-0.01248145
-0.012361383
-0.012248068
-0.011354259
-0.010798163
-0.010860728
-0.010134814
-0.010203121
-0.01014165
-0.0075872669
-0.0079147628
-0.0074632413
-0.0068274118
-0.0083655021
-0.0089386761
-0.0087958133
-0.0088331322
-0.0072093149
-0.0078077298
-0.016129886
-0.010229985
-0.017939948
-0.006604861
-0.014323126
-0.030441836
-0.029981736
-0.030393176
-0.033121208
-0.031167402
-0.034973869
-0.032083504
-0.031658359
-0.03292263
-0.029863213
-0.033468432
-0.033804637
-0.032648253
-0.029754042
-0.032857063
-0.026149465
-0.029603024
-0.035329596
-0.031325686
-0.029148849
-0.027425311
-0.016425389
-0.029203044
-0.00054249771
-0.033220207
-0.028030264
-0.028502749
-0.03467282
-0.034217187
-9.7416492e-06
-0.0074833932
-0.034747521
-0.032458311
-0.030763659
-0.034270256
-0.028731105
-0.033434532
-0.032860121
-0.0079492809
-0.013449749
-0.010876433
-0.034038597
-0.033905392
-0.036031095
-0.034645995
-0.033301227
-0.032422528
-0.031565496
-0.025312678
-0.032984182
-0.033829087
-0.032107801
-0.03216585
-0.032029041
-0.031811539
-0.03068408
-0.032844164
-0.032793007
-0.031904951
-0.025514517
-0.029880738
-0.0087024065
-0.025270853
-0.025406755
-0.032198304
-0.015174229
-0.024052331
-0.030640732
-0.034131685
-0.02895378
-0.016625615
-0.015094874
-0.021124417
-0.017731287
-0.025188891
-0.024103218
-0.033632733
-0.02426812
-0.027422728
-0.029505119
-0.029172462
-0.018245436
-0.034250804
-0.020994503
-0.013423065
-0.03024011
-0.028148581
-0.027681046
-0.025966874
-0.027719109
-0.010636559
-0.033728345
-0.031606326
-0.0043309921
-0.031853117
-0.028387253
-0.027351042
-0.029097989
-0.029220422
-0.027010237
-0.02312891
-0.025163618
-0.030682371
-0.019303591
-0.0082882777
-0.027599393
-0.024313774
-0.02473742
-0.0051374666
-0.018244623
-0.023009441
-0.022707166
-0.017309081
-0.013196106
-0.015589063
-0.012715276
-0.032571144
-0.02288353
-0.030394635
-0.032443113
-0.031209005
-0.028835945
-0.032039848
-0.029125024
-0.02984941
-0.010735052
-0.032143439
-0.032370677
-0.0048831058
-0.016239956
-0.013075275
-0.032057343
-0.018695729
-0.03254165
-0.020953047
-0.027257915
-0.023833539
-0.029316571
-0.023414655
-0.032303117
-0.019269533
-0.03015143
-0.024125523
-0.028792857
-0.0094768416
-0.029751373
-0.023719464
-0.00041213357
-0.025875062
-0.015296582
-0.023209499
-0.027645962
-0.018534164
-0.025217879
-0.022441602
-0.0063530418
-0.023405053
-0.025463049
-0.0063590684
-0.016935322
-0.03057278
-0.032594045
-0.02187885
-0.020404453
-0.028027614
-0.013634421
-0.022480616
-0.024129311
-0.024110172
-0.023534413
0.0022890591
-0.024908304
-0.029544009
-0.019953684
-0.024957507
-0.025986843
-0.032848407
-0.032488537
-0.026745609
0.010190417
0.0019446025
0.004956949
0.013261585
-0.009366034
0.0015097082
-0.0086150603
-0.0030870825
-0.0073593994
-0.03205234
-0.030837529
-0.030900653
-0.031333207
-0.0029229656
-0.0012319418
0.0038432764
0.00050309272
-0.00018149273
-0.0039745817
0.0022722266
0.003775201
0.0032569839
-0.011556729
-0.01879395
0.0016285082
-0.011093471
-0.013479496
-0.0022951173
0.015729216
0.045689215
0.014652235
0.0029648501
0.017733189
0.0054755878
0.012534027
0.046837659
0.011913313
0.0078757123
-0.016415651
-0.013182312
-0.013099873
-0.013548656
-0.018664887
-0.017896788
-0.016932335
-0.015052443
-0.019751019
-0.017659613
-0.023092031
-0.023617581
-0.025804343
-0.025967444
-0.026151023
-0.025398557
-0.027142636
-0.026225544
-0.025219
-0.024327461
-0.027840548
-0.025844022
-0.029760772
-0.027211494
-0.026774869
-0.028818842
-0.023571532
-0.023992921
-0.026701459
-0.025638887
-0.025553678
-0.024729548
-0.023042228
-0.025523795
-0.026058405
-0.026413272
-0.023180344
-0.023827434
-0.024539465
-0.022013605
-0.022517906
-0.024069924
-0.025114243
-0.023599244
-0.02222578
-0.023290219
-0.010378812
-0.010222612
-0.010125295
-0.0096769871
-0.0098107774
-0.0094505522
-0.0088368581
-0.0093408745
-0.0083800065
-0.0084491658
-0.0085578784
-0.0079696871
-0.0082827779
-0.0080966258
-0.0084177835
-0.0095633047
-0.012638531
-0.013038056
-0.014283667
-0.012776894
-0.014288976
-0.012790026
-0.012497254
-0.011701676
-0.014002018
-0.013316303
-0.014487994
-0.01459654
-0.013187875
-0.013494732
-0.014239785
-0.014951644
-0.015702949
-0.013801125
-0.014677784
-0.015588629
-0.015752918
-0.01556121
-0.012665541
-0.013174754
-0.011931243
-0.011689415
-0.006229726
-0.0074442854
-0.0085340663
-0.0081382404
-0.027890157
-0.029430932
-0.031348516
-0.033825737
-0.033564155
-0.033417365
-0.013358062
-0.0055518973
-0.0011593027
-0.013392701
-0.03247941
-0.030894595
-0.031662107
-0.028677587
-0.033646543
-0.033461024
-0.025919213
-0.025370537
-0.028626499
-0.027928422
-0.032570044
-0.029464306
-0.012111576
-0.018060338
-0.029562089
-0.019545188
-0.011103132
-0.029072746
-0.030214839
-0.028352219
-0.028845856
-0.030515207
-0.027496792
-0.027613814
-0.026702227
-0.02727143
-0.027072505
-0.027180833
-0.027702325
-0.025586123
-0.026045298
-0.023018158
-0.027080087
-0.023423606
-0.0084423841
-0.0044681008
0.0086646818
0.001530889
-0.0090779592
-0.0020140906
0.00066927393
-0.0045835421
-0.0010241396
0.00043256669
-0.020895286
-0.0059274957
-0.0036760718
0.00041604764
-0.001478161
-0.024977224
-0.026357926
-0.016384881
-0.0093402411
-0.028726639
-0.0054728456
-0.0079745963
-0.0044908558
-0.0033939601
-0.015079863
-0.0069695711
-0.0098792244
-0.0079691707
-0.013403193
-0.0030742832
-0.012440119
-0.0014304667
-0.0032708705
-0.0026736549
-0.016693041
-0.0074210716
-0.021213509
-0.00097420016
-0.0057885691
-0.0012579567
-0.0089908792
-0.010703133
-0.017118634
-0.026409534
-0.028811444
-0.025298273
-0.028745571
-0.012268662
-0.013315852
-0.014286511
-0.031027454
-0.01254273
-0.017170438
-0.018658517
-0.017310273
-0.010309832
-0.017287861
-0.030934432
-0.022519737
-0.016029091
-0.03172691
-0.023276693
-0.02296618
-0.023493814
-0.026722035
-0.021491175
-0.0075687569
-0.0083831266
-0.020832371
-0.017287485
-0.023032901
-0.010070457
-0.03083864
-0.022048153
-0.002615578
-0.015527477
-0.016413802
-0.004778847
-0.014242793
-0.019346048
-0.024738764
-0.026996786
-0.02248916
-0.016881066
-0.019601901
-0.028274926
-0.0315416
-0.015111169
-0.0088983127
-0.018852098
-0.012603979
-0.024140859
-0.023800648
-0.014638023
-0.016736079
-0.01826241
-0.018352637
-0.0027164679
-0.0071950664
-0.0082994891
-0.022613187
-0.0093863791
0.0012882196
-0.019319902
-0.013094301
-0.020868334
-0.020656116
-0.032892834
-0.0032785666
-0.02841201
-0.030405807
-0.019146256
-0.020566334
-0.020746567
-0.0218674
-0.021961784
-0.022084223
-0.022365292
-0.003955384
-0.03331475
-0.033869806
-0.017833102
-0.0098795691
-0.02551425
-0.0054145648
0.0011530564
-0.0057544469
-0.021305477
-0.031517049
-0.028290716
-0.034183416
-0.0091775819
-0.0049155827
-0.023668524
-0.023153678
-0.034031451
-0.032601004
-0.026272501
-0.0052197573
0.00043156441
-0.021944258
-0.022368972
-0.028675586
-0.0011653534
-0.0092449406
-0.0022270903
-0.020543751
-0.0061907354
-0.027224495
-0.026581445
-0.0059539119
-0.0042018747
-0.001483737
-0.0035079799
-0.031169713
-0.015820766
-0.012891724
-0.03146671
-0.002675055
0.0030789302
-0.0025911113
-0.0030325249
-0.012729451
-0.0092234085
-0.028647011
-0.02858043
-0.028041599
-0.027585014
-0.027507859
-0.025050982
-0.025328716
-0.033107342
-0.026883027
-0.010978084
-0.013455339
-0.0013331218
-0.023838483
-0.029271328
-0.030882887
-0.030886374
-0.016853635
-0.00054350256
0.0032445342
-0.019939496
-0.0093641763
-0.015888914
-0.015734078
-0.027730287
-0.032036709
-0.012639193
0.0021429673
-0.0095890721
-0.0026261975
0.0021289579
0.0089864261
-0.0018702519
0.0005714865
-0.029544327
-0.015595049
-0.014068978
-0.021063297
-0.02653542
-0.03256675
-0.030481837
-0.029571318
-0.030479237
-0.032960553
-0.029581369
-0.016076
-0.033400792
-0.030787654
-0.029722111
-0.030912135
-0.030574721
-0.03230353
-0.034058391
-0.030953309
-0.029674553
-0.015345325
-0.020684614
-0.023167891
-0.001635627
-0.030392484
-0.030006736
-0.03046448
-0.030300263
-0.030994477
-0.030170496
-0.031273941
-0.031338773
-0.027046522
-0.026734391
-0.030963584
-0.030086839
-0.033217866
-0.032344363
-0.024922053
-0.033161104
-0.031664741
-0.029826895
-0.0090072689
-0.011413438
-0.017335874
-0.026935564
-0.031776818
-0.030603806
-0.027395648
-0.021431162
-0.033320635
-0.026872504
-0.02402095
-0.02986552
-0.030496474
-0.03055731
-0.010040147
-0.013507306
-0.016287802
-0.021058059
-0.031556654
-0.021197629
-0.012367986
-0.0092044543
-0.027280999
-0.017554726
-0.026352185
-0.015725626
-0.0067279763
-0.021979313
-0.0068206136
-0.0079953259
-0.023504306
-0.01730516
-0.0183141
-0.015994468
-0.018864645
-0.019689729
-0.01775983
-0.011378358
-0.011083236
-0.016586741
-0.020852643
-0.020219432
-0.007237394
-0.01609062
-0.0062235123
-0.019178814
-0.010026238
-0.022463829
-0.0046187255
-0.023686746
-0.017215493
-0.012483674
-0.013757346
-0.0043604209
-0.020933387
-0.026295344
-0.020125452
-0.021901031
-0.014849961
-0.016939085
-0.012073913
-0.010798719
-0.016816964
-0.014603069
-0.014240078
-0.0031067314
0.00061575375
-0.0053528488
-0.0070115438
-0.02182388
-0.020224009
-0.02166463
-0.022293839
-0.021167431
-0.019195154
-0.016246189
-0.017685228
-0.013357018
-0.012638938
-0.014921716
-0.024268391
-0.022798096
-0.012811603
-0.014882395
-0.01269412
-0.016033205
-0.016266937
-0.0058986562
-0.011783559
-0.015617426
-0.015791463
-0.017764833
-0.024598328
-0.017407243
-0.018926568
-0.016098225
-0.019429576
-0.013579555
-0.012596532
-0.0084492584
-0.01658276
-0.021971167
-0.024991359
-0.019619084
-0.020547064
-0.021237876
-0.019286145
-0.019907002
-0.022272109
-0.023167819
-0.022200292
-0.023034711
-0.020948266
-0.022532686
-0.022229649
-0.023664548
-0.024716675
-0.025377859
-0.023883872
-0.02394709
-0.023739395
-0.018179737
-0.017809087
-0.01957875
-0.011135288
-0.013257048
-0.0050670144
-0.010594928
-0.0094447794
-0.019621491
-0.017550323
-0.020204977
-0.0194442
-0.026524656
-0.02355348
-0.021876309
-0.01861945
-0.011537907
-0.012857351
-0.0055013842
-0.0062758324
-0.0079552545
-0.0076810432
-0.010056078
0.00081938274
-0.0034367001
0.0015680809
-0.0084277431
-0.0085408919
-0.012325622
-0.011642392
-0.007267096
0.0050825454
-0.019304859
-0.017835521
-0.023759485
-0.024929881
-0.018044843
-0.020687821
-0.016134892
-0.014361852
-0.02575514
-0.024917619
-0.02488773
-0.02464105
-0.017505697
-0.015534058
-0.027646915
-0.026405102
-0.024973448
-0.024493813
-0.017663575
-0.016778255
-0.026490012
-0.020274921
-0.026513483
-0.024660709
-0.020747169
-0.022675649
-0.027607905
-0.027687507
-0.027983712
-0.02794684
-0.025232153
-0.025623196
-0.02338412
-0.023148382
-0.02541505
-0.025948356
-0.026643195
-0.028246577
-0.025817212
-0.026948138
-0.024050251
-0.024610174
-0.02814113
-0.027994165
-0.029741816
-0.027672109
-0.02761806
-0.028257073
-0.027512386
-0.028562415
-0.029052172
-0.031079836
-0.026726244
-0.026484464
-0.026020684
-0.025656593
-0.028042859
-0.028873202
-0.021522234
-0.023942542
-0.025846747
-0.027554953
-0.026498104
-0.027165887
-0.025605643
-0.024415435
-0.027978265
-0.029080665
-0.02706971
-0.028667614
-0.026048039
-0.025504405
-0.02422174
-0.021656229
-0.027569947
-0.028700143
-0.027711476
-0.024670281
-0.026187716
-0.028893845
-0.024310198
-0.024037959
-0.024562049
-0.020369333
-0.023479517
-0.024406598
-0.024608413
-0.018675867
-0.021803868
-0.0195194
-0.027910478
-0.029598598
-0.027116959
-0.027557748
-0.0281399
-0.028056072
-0.027743315
-0.025638613
-0.029445007
-0.027738137
-0.028012566
-0.028565666
-0.027186661
-0.027939339
-0.029796368
-0.026346671
-0.028971819
-0.029971244
-0.027209832
-0.027880571
-0.028447632
-0.029507302
-0.028608053
-0.029725869
-0.029525664
-0.029209914
-0.029499857
-0.029161416
-0.026805992
-0.028599655
-0.030956804
-0.029041307
-0.028620367
-0.028644225
-0.029779778
-0.029416827
-0.029614303
-0.028081594
-0.028668138
-0.029802255
-0.029187221
-0.029816948
-0.029796695
-0.029534821
-0.029169209
-0.029784172
-0.029459543
-0.028939256
-0.029120721
-0.029119631
-0.029421573
-0.029602363
-0.017081911
-0.024375762
-0.015957505
-0.024714172
0.00075857453
0.0017017268
-0.0011611887
-0.0060272481
-0.0038035207
-0.0012281151
-0.0058256653
-0.0047084387
0.044155279
0.012522692
0.03147796
0.032517158
0.022849139
0.024999637
0.045192877
0.024055295
0.046379721
0.043430242
0.041433455
0.0073262203
0.027751276
0.018026564
0.029217373
0.01559133
0.019451855
0.038929669
0.041265348
0.02615258
0.011968539
0.046443804
0.01932446
0.0089419231
0.011253094
0.01600132
0.011449849
-0.018071399
-0.017306386
-0.029769926
-0.027076181
-0.030464602
-0.03006601
-0.030843935
-0.032639073
-0.029106893
-0.027655982
-0.030330291
-0.031420861
-0.028222305
-0.027461155
-0.024375447
-0.024758584
-0.0095375035
-0.0097997396
-0.0078593793
-0.0079317868
-0.011664325
-0.01142727
-0.015092863
-0.015249548
-0.014344274
-0.015470167
-0.016398191
-0.015663748
-0.016352428
-0.016457534
-0.015323814
-0.014804618
-0.015209609
-0.015248362
-0.013716164
-0.012702236
-0.031571533
-0.03195885
-0.027705374
-0.021171653
-0.0097780737
-0.0086837473
-0.02039559
-0.021823094
0.00031450585
0.0080424428
-0.001838992
-0.003059372
-0.0062676823
-0.0031862312
-0.0010860131
-0.0045250887
-0.033948576
-0.0014270204
-0.033786251
-0.001255834
-0.018480663
-0.018796053
-0.033408265
-0.032700543
-0.023526752
-0.024275473
-0.024735873
-0.026573186
-0.025493741
-0.024647211
-0.025325538
-0.025259682
-0.02578103
-0.025726446
-0.024240826
-0.025444785
-0.023666671
-0.023581439
-0.02484693
-0.023935096
-0.026415612
-0.025872551
-0.024326128
-0.024564586
0.00073021126
0.00218453
-0.00088034056
0.0089730111
-0.029199779
-0.028940757
-0.028154042
-0.028940379
-0.030076034
-0.030402407
-0.01037421
-0.011647585
-0.012357094
-0.014128453
0.003371809
0.0005863397
-2.3975467e-05
-0.00084694271
-0.0065572278
-0.0030973479
0.0024709347
-0.020945712
-0.019675023
-0.022929579
-0.022879819
-0.0199454
-0.018686907
-0.01752361
-0.017739386
-0.0092406876
-0.012261983
0.0015702274
-0.0088476752
-0.0017046651
-0.008376485
-0.013465762
-0.010929356
-0.0053308417
-0.011665658
-0.0064489002
-0.0029553722
-0.010260221
-0.0072769274
-0.0072600584
-0.00022166264
-0.024439644
-0.025570804
-0.024933303
-0.025575557
-0.029526767
-0.028622279
-0.0298744
-0.02851037
-0.027208254
-0.027255238
-0.023558349
-0.021126817
-0.022400716
-0.021742725
-0.0201783
-0.020055298
-0.02024038
-0.018569048
-0.020232593
-0.019492122
-0.020404969
-0.020435111
-0.025843424
-0.024267362
-0.027116864
-0.028060652
-0.027289048
-0.028544499
-0.028458455
-0.027525641
-0.027478372
-0.026592267
-0.027580662
-0.026670811
-0.030406331
-0.029624053
-0.028596682
-0.02865554
-0.015512987
-0.016593538
-0.015372228
-0.016176226
-0.017133638
-0.016586508
-0.0072459854
-0.0074303247
-0.006690336
-0.0083808761
-0.0057748898
-0.0031252247
-0.005756603
0.00010571759
-0.0013130218
-0.0026647473
0.00053126351
-0.0037337246
-0.0037778068
-0.0028148323
-0.0015313273
0.017549275
0.014974838
-0.032431579
-0.031350634
-0.016339124
-0.01661639
-0.013118948
-0.014418054
-0.0052186775
-0.004079862
0.0073454815
-0.004132186
-0.0099850779
-0.013150583
-0.030020095
-0.029623942
-0.029519194
-0.029061157
-0.02873032
-0.029013768
-0.020705522
-0.022906193
-0.021902734
-0.02293024
-0.020021048
-0.025437241
-0.024734057
-0.026740597
-0.026854318
-0.029721623
-0.029330204
-0.029726244
-0.030005619
-0.029731994
-0.028557958
-0.029177373
-0.029786509
-0.029591903
-0.029711404
-0.029019699
-0.028856145
-0.029242727
-0.02950119
-0.0051065693
-0.028978806
-0.028914572
-0.0063880093
-0.0039617173
-0.0044459198
-0.029836761
-0.030001636
-0.030677098
-0.03109778
-0.03030768
-0.028494703
-0.028555744
-0.028077957
-0.029930395
-0.030403526
-0.030731755
-0.02760839
-0.030041058
-0.030288832
-0.029828726
-0.030436971
-0.030073264
-0.03048957
-0.029443649
-0.029874277
-0.03035335
-0.02955988
-0.029872979
-0.030318029
-0.030244345
-0.031345325
-0.031512716
-0.030639714
-0.029505902
-0.030553921
-0.02982753
-0.030036567
-0.031051318
-0.024566787
-0.03089175
-0.029948884
-0.031179283
-0.031438762
-0.027339698
-0.028419266
-0.027795442
-0.027426932
-0.029421595
-0.029654394
-0.028798462
-0.028877956
-0.028454882
-0.029599974
-0.029566405
-0.029590817
-0.029232078
-0.029630359
-0.031125456
-0.031150644
-0.030826885
-0.031070835
-0.030315209
-0.032340327
-0.030097002
-0.029959289
-0.028987655
-0.03068099
-0.030639901
-0.030212286
-0.031470109
-0.031767388
-0.024694725
-0.027955001
-0.031409508
-0.027723516
-0.030648229
-0.032662611
-0.03086146
-0.029850599
-0.031417559
-0.031595672
-0.029312386
-0.031003016
-0.02749051
-0.028191779
-0.02733269
-0.023742272
-0.026091782
-0.0039688715
-0.025785248
-0.024933617
-0.028785069
-0.028021548
-0.027595493
-0.027116923
-0.028172961
-0.0261712
-0.028298576
-0.02690932
-0.02668392
-0.027974741
-0.024087786
-0.026392975
-0.026495935
-0.022677586
-0.026603174
-0.026371671
-0.027369905
-0.025535359
-0.027064942
-0.027449371
-0.025712203
-0.025768078
-0.025805847
-0.02721921
-0.021795293
-0.025870249
-0.025693129
-0.0085802203
-0.0084467796
-0.01899477
-0.027092043
-0.024824992
-0.026526948
-0.026917484
-0.021799235
-0.023441531
-0.022028014
-0.015310958
-0.021934651
-0.017987192
-0.017810974
-0.026698784
-0.018529838
-0.026217141
-0.0013582144
-0.022647222
-0.016848382
-0.026071884
-0.022019662
-0.015019261
-0.013925048
-0.0079055726
-0.015662681
-0.0049776771
-0.014325047
-0.011673491
-8.8524947e-05
-0.012279473
-0.0093742661
-0.0083626179
-0.011803267
-0.0013830294
-0.0022703645
-0.02037382
-0.0127982
-0.011213484
-0.0075158969
-0.0002433038
-0.016286424
-0.0016332694
-0.015959489
-0.0032345868
-0.0025679929
-0.0026054296
0.00016136162
-0.0026867128
-0.00026447335
0.0006499765
-0.0058828403
-0.0026262368
-0.0031162163
0.00037170719
-0.031311635
-0.00015018429
-0.031711013
-0.030552616
-0.030961468
-0.028735463
-0.027403737
-0.026992325
-0.026978716
-0.02758946
-0.02797324
-0.02635085
-0.023295454
-0.021818109
-0.025787569
-0.019334019
-0.023950199
-0.0078341
-0.0042166043
-0.01921487
-0.014061503
-0.017325958
-0.019915499
-0.014668548
-0.0073802022
-0.0020018102
-0.01300192
-0.016571631
-0.0059640563
-0.0010158166
-0.013055705
-0.009902969
-0.011712765
-0.0049933092
-0.0012177201
-0.0014326207
-0.0011679847
0.00068310608
-0.005694996
-0.0025956592
-0.0041872537
-0.018420328
-0.0046559348
-0.010562251
-0.0070691187
-0.0022724492
-0.00038923691
-0.0050989381
-0.010707191
-0.0016426648
-0.010438228
-1.9058455e-05
-0.022703105
-0.014283522
-0.013410056
-0.017670261
-0.014060972
-0.021305464
-0.012022743
-0.017639139
-0.0058129184
-0.0050366816
-0.0014803113
-0.0093150759
-0.0067615895
0.00028929735
-0.0046038813
-0.022506501
-0.019950269
-0.014743832
-0.012005237
-0.013108947
-0.0071312174
0.0022679241
0.0033850354
0.004006933
0.0046860893
0.0023320141
0.0025968648
-3.5919286e-05
0.00098173459
-0.00071598721
-0.00025085585
0.0015492297
0.0009752981
-0.00039435329
0.00024098414
0.0015116408
0.0021904843
0.0047850778
0.0037179776
0.035959308
0.041934529
0.0011637486
-0.0026361011
0.0046378863
0.01390432
-0.00080630545
-0.0047239763
0.011493402
-0.0019540564
0.010898778
0.0034245009
0.0018469996
0.091201641
0.10438612
0.072669992
0.064839651
-0.0087306711
-0.0078756502
0.12637474
0.062127027
-0.007596225
-0.0081705517
0.0033938861
0.0049689964
0.003284194
-0.020424734
0.014928223
0.0005338453
-0.00036052328
-0.0062486772
-0.00075220588
-0.00091181973
-0.003578303
-0.011637568
-0.010851286
-0.015171721
-0.011824643
-0.023760078
-0.026717388
-0.017719664
-0.019556351
-0.0024192996
-0.0050810451
-0.0017663334
0.00047031046
-0.0090236928
-0.0019895315
-0.0057343556
-0.006835123
-0.0028478213
-0.0064686248
-0.0075746875
-0.0040090948
-0.0076008638
-0.010345202
-0.025857352
-0.024863007
-0.025633769
-0.024777361
0.0034034775
0.0033385129
SCALARS Ux float 1
LOOKUP_TABLE default
0.062565478
0.030837064
-0.021211888
-0.019050944
-0.016465624
-0.0043833081
0.0030760678
-0.021792571
-0.0082758226
0.13808747
0.54586826
0.45283445
-0.0045293514
0.49783925
0.28765907
-0.010772786
-0.0065079778
0.012341638
0.09446404
0.3053694
-0.0021088158
-0.00092431877
0.1815593
0.015987259
0.018154941
-0.0064037631
-0.0067721075
-0.018103304
-0.0076813164
-0.0031675233
-0.017507447
0.13722123
0.55159672
0.19127663
-0.018517907
0.54211561
0.57342372
0.54739262
0.4292044
0.54338166
0.13067806
0.54101448
-0.021996284
0.51552293
-0.01530384
-0.015610512
0.023766732
-0.0084885093
0.20418381
0.10117097
0.1310849
-0.0018088079
-0.013783175
-0.0078561001
-0.010290211
-0.0094294278
0.047250699
-0.010054977
-0.001777118
-0.0058365994
0.0026139947
0.026200026
0.063476165
0.10337263
0.058732352
0.067823868
0.27697003
0.17471674
0.18451316
0.19688117
0.22281796
0.29633292
0.056665383
0.17324539
0.29472692
0.1943971
0.27465267
0.29150162
0.39842674
0.40287738
0.20346843
0.34187334
0.33892451
0.29892959
0.10901009
-0.012705198
0.015613229
0.0017628496
0.094733609
0.22179399
0.45746416
0.42824813
0.10175541
0.14092157
0.27226833
0.31268007
0.058689304
0.11840212
0.13603977
0.30912246
0.22236632
0.27328552
0.53975151
0.54401742
0.32284395
0.24375044
0.22382108
0.30618736
0.23516867
0.35244009
0.46594515
0.4553886
0.32128564
0.37907557
0.416748
0.34147571
0.37980944
0.40800915
0.41556916
0.44826653
0.44139448
0.42948406
0.30919238
0.46873135
0.44045863
0.51254464
0.42531104
0.46745118
0.53180949
0.26508062
0.37583803
0.38943136
0.45539021
0.34345052
0.34771885
0.40271175
0.21513808
0.42583414
0.46788308
0.49740301
0.26547159
0.23489645
0.28678901
0.1950085
0.048222944
0.39149779
0.13876158
0.26634381
0.23108414
0.20421806
0.54392823
0.25857694
0.32165191
0.31602254
0.35779812
0.48572196
0.53134725
0.33211075
0.38759134
0.3846991
0.37804412
0.44712311
0.44448569
0.49046123
0.45559388
0.54029865
0.53135778
0.48938963
0.5317428
0.49055094
0.51908447
0.54342872
0.53513342
0.52296298
0.53968024
0.53702518
0.54355872
0.54364687
0.52542855
0.54652454
0.54263881
0.54315216
0.50809751
0.52931581
0.53456821
0.54167196
0.5473034
0.54563933
0.54443067
0.52232662
0.38081935
0.53966895
0.5448351
0.54284513
0.54308581
0.54434497
0.54228143
0.53751829
0.51599172
0.51709313
0.54091185
0.54125582
0.51142481
0.54367392
0.54092106
0.51529993
0.5178007
0.53680795
0.54533473
0.54410719
0.54290434
0.49206203
0.49862984
0.485074
0.50474577
0.54628653
0.54038638
0.54239243
0.54901971
0.5427444
0.5419394
0.52216456
0.53666584
0.53319074
0.5377894
0.54194046
0.51847438
0.53431015
0.54787376
0.54540557
0.54272919
0.54382161
0.50661412
0.53833985
0.5409724
0.531118
0.54420969
0.53288888
0.54022051
0.54222383
0.54279502
0.54299695
0.52327085
0.52715599
0.54233729
0.54670787
0.53718218
0.54136946
0.54136466
0.54423033
0.51378048
0.54487351
0.54048639
0.54444492
0.55146433
0.54505105
0.50608669
0.54026923
0.54240494
0.54300944
0.52536745
0.55002905
0.54102298
0.54138108
0.53477166
0.5449968
0.53941704
0.53163835
0.54116553
0.54298954
0.54318389
0.54204115
0.53963614
0.5450105
0.54760003
0.54170252
0.54262067
0.54621297
0.53953976
0.54087555
0.54317209
0.54314712
0.54167546
0.54055683
0.50633817
0.53956385
0.53867995
0.53173361
0.53922797
0.54469813
0.54331248
0.54051337
0.54194654
0.54222569
0.54700784
0.5408788
0.54560373
0.53673583
0.53161062
0.54152106
0.54238899
0.54704906
0.50623718
0.5461625
0.53970311
0.53854208
0.5408659
0.54176334
0.53960361
0.53397363
0.53945369
0.54629267
0.54366364
0.53853184
0.5445843
0.4939235
0.46457536
0.54519848
0.54652803
0.54877604
0.53022462
0.51084198
0.52222348
0.52165174
0.41600509
0.54757515
0.5385562
0.49317518
0.54320854
0.53414315
0.54198493
0.52128698
0.54345324
0.54593503
0.49121871
0.53254609
0.53919768
0.54199048
0.5369815
0.54100948
0.52350836
0.50497273
0.52161575
0.50661629
0.48237039
0.48744911
0.43183228
0.48594419
0.47943618
0.49364813
0.45449978
0.46734267
0.46802259
0.49538836
0.45367933
0.498805
0.38904612
0.34914253
0.54693373
0.55112028
0.51445207
0.53817526
0.54671279
0.54571532
0.54337657
0.5365628
0.53389809
0.53925753
0.53938093
0.54166408
0.53839101
0.53507609
0.49749182
0.48307377
0.5456317
0.54526065
0.54794346
0.54849928
0.54509779
0.54446179
0.54376144
0.54354915
0.54463446
0.5355725
0.54063416
0.54557453
0.53888586
0.53478686
0.54073503
0.54144987
0.54682306
0.54634438
0.54851826
0.5484407
0.54997313
0.54806782
0.54782777
0.54964357
0.54795226
0.54903747
0.54973694
0.55123962
0.54565726
0.54056751
0.54869476
0.54830675
0.54592456
0.54448059
0.54752497
0.54308092
0.52944783
0.48833321
0.46233932
0.54093013
0.53979341
0.53720246
0.55044129
0.54934318
0.54684541
0.54999422
0.55160499
0.55023241
0.52763649
0.53885419
0.55207826
0.54493342
0.54634886
0.47969493
0.51734032
0.52087732
0.53523509
0.54159958
0.53923988
0.54087799
0.50886738
0.53677113
0.53631737
0.53901974
0.5498473
0.55103136
0.54911658
0.54978974
0.54949837
0.5517817
0.53758051
0.53867333
0.54715959
0.53083409
0.5514532
0.55264954
0.55083687
0.54368969
0.55291647
0.55190844
0.55023622
0.54937167
0.55074711
0.55001335
0.5040798
0.52927222
0.54709335
0.54695373
0.54713496
0.54876412
0.54859338
0.54432569
0.54544286
0.54334433
0.54746814
0.48934536
0.43457079
0.53619202
0.54012766
0.55384651
0.53690552
0.53378661
0.5368226
0.54148538
0.53597775
0.50633785
0.548355
0.5412479
0.51245461
0.53411263
0.5376555
0.54002813
0.51033275
0.54280087
0.55241333
0.53684362
0.54673123
0.54959798
0.54369101
0.53715911
0.538399
0.54148409
0.36844724
0.54762593
0.46226538
0.53275473
0.47513272
0.34626948
0.53003464
0.5056244
0.53357105
0.53898559
0.53916712
0.52246446
0.53899065
0.047432265
0.53670988
0.53186382
0.53612515
0.53838939
0.53871537
0.54030114
0.54374118
0.5417446
0.54875195
0.54449034
0.54570389
0.53919344
0.53501082
0.55277297
0.55287359
0.5351784
0.46171504
0.42095965
0.54122313
0.53693857
0.5402481
0.55265327
0.54480763
0.53386573
0.47618529
0.41393978
0.5399328
0.53271861
0.53338694
0.53570498
0.53960468
0.5406171
0.54344641
0.53281807
0.5431837
0.5349927
0.5511263
0.54889312
0.54784988
0.54715611
0.52103007
0.46511055
0.53217054
0.54099289
0.53076972
0.53370639
0.53777958
0.5266914
0.54743562
0.40426024
0.53811079
0.5511299
0.55488809
0.55190674
0.54027858
0.53747237
0.53371754
0.53458851
0.53246028
0.26375202
0.5473405
0.53856526
0.52549499
0.49213768
0.54139856
0.55047618
0.54899683
0.54968767
0.55050773
0.55155681
0.5526628
0.55108659
0.5524334
0.55140092
0.5523657
0.55010792
0.5510637
0.54803048
0.54914345
0.54618718
0.54640035
0.54406092
0.30978585
0.55353004
0.54552701
0.5354959
0.42648023
0.52983684
0.50996509
0.53594731
0.5420025
0.51855382
0.53597893
0.53766209
0.51653535
0.53371663
0.5442427
0.55410341
0.54819928
0.52718391
0.54222992
0.53882652
0.53873689
0.5040956
0.46912096
0.53773662
0.55235988
0.53650679
0.5439254
0.53814951
0.082015358
0.40708224
0.53962382
0.54015948
0.53899605
0.53867917
0.53359659
0.52806747
0.52748528
0.52578691
0.52507834
0.53498786
0.52463597
0.53509068
0.53730159
0.52977567
0.38557603
0.48230838
0.53733251
0.53450074
0.53109042
0.53718
0.53580001
0.30665934
0.54712902
0.53537054
0.5506668
0.55278447
0.54950233
0.54701379
0.55084541
0.53521286
0.5467369
0.54416789
0.53932577
0.54168481
0.54487644
0.54231365
0.52974698
0.5328592
0.45675481
0.53439201
0.52569055
0.49839248
0.53447026
0.53793234
0.51281773
0.53902775
0.53809179
0.53753172
0.52977612
0.11726459
0.53773679
0.53142298
0.51959808
0.50969677
0.51458045
0.51224627
0.54514601
0.54240346
0.54247284
0.53628366
0.53438826
0.5397946
0.54868869
0.54150738
0.54857587
0.55004968
0.49874182
0.51921406
0.53929243
0.49839379
0.55327573
0.52290847
0.52702609
0.32034834
0.41763859
0.44488235
0.36701237
0.50023624
0.5552852
0.47364405
0.53509138
0.53293786
0.53551547
0.53657479
0.53317744
0.53737409
0.53473103
0.5378067
0.53337155
0.49051518
0.52610835
0.51972523
0.52725209
0.5322937
0.52298234
0.41776829
0.5297901
0.51983391
0.54500102
0.011617324
0.51038171
0.55006166
0.55522938
0.4146488
0.38207711
0.22998272
0.46860529
0.39053258
0.21125538
0.28593267
0.38021396
0.088547248
0.27178853
0.5569122
0.55644535
0.52321534
0.52884592
0.52285899
0.53191597
0.53550393
0.53703664
0.53406321
0.5232131
0.53005116
0.53039851
0.48392868
0.49220673
0.51592674
0.52745625
0.49740549
0.49997756
0.4658012
0.492251
0.46033937
0.43771584
0.41268571
0.46434223
0.49285099
0.51762582
0.36393132
0.41770202
0.49424012
0.50862743
0.52509205
0.52882391
0.53205915
0.53010074
0.55147143
0.53925885
0.41757345
0.30117293
0.20578497
0.055944746
0.37920177
0.26114469
0.089081399
0.18131085
0.51012316
0.53122991
0.53343513
0.53104791
0.53197948
0.53194343
0.51895245
0.4861477
0.53058555
0.51499025
0.53215264
0.5248881
0.52164365
0.50435201
0.53347101
0.52183188
0.50236326
0.48609217
0.5280021
0.51858675
0.51850918
0.52377339
0.52593979
0.49890309
0.49588554
0.5027573
0.39126104
0.53089018
0.44981202
0.43638475
0.44694371
0.38414789
0.14931718
0.46392974
0.51580761
0.49361423
0.54199416
0.53548448
0.55379792
0.55427493
0.52309428
0.5445283
0.54672063
0.52665991
0.53419462
0.53246044
0.53104447
0.52853169
0.53023052
0.53185504
0.35076886
0.35335015
0.5077163
0.5295783
0.51227113
0.50554248
0.52128073
0.47273523
0.47696808
0.4502289
0.44929139
0.41124122
0.32504349
0.35765184
0.33380844
0.36836035
0.40081235
0.5427452
0.53108162
0.32011343
0.55602077
0.5680333
0.55093117
0.55030614
0.55341426
0.55148799
0.24506817
0.55573284
0.52257847
0.51742465
0.55320997
0.55457205
0.55464951
0.55233722
0.52804557
0.52096549
0.55499461
0.5198986
0.52119454
0.50786105
0.52653045
0.53466804
0.5346753
0.52109452
0.51045366
0.49171676
0.50916264
0.3845698
0.30575261
0.3803164
0.3304909
0.33646366
0.30725903
0.42092112
0.45059854
0.39967925
0.43156434
0.35816726
0.41994842
0.29802418
0.33114848
0.35746039
0.3745475
0.45420724
0.45043851
0.54015268
0.4051806
0.54910644
0.55018436
0.54668631
0.55191711
0.54629779
0.54938909
0.53229191
-0.019189767
0.54603945
0.55026512
0.55647323
0.556935
0.51265688
0.52658118
0.53391569
0.53523485
0.535258
0.52881066
0.31247188
0.53275069
0.51270985
0.40653797
0.33262429
0.14383344
0.50086896
0.48433748
0.17781618
0.32377577
0.39927543
0.47552938
0.55091228
0.40142458
0.55086945
0.53780272
0.52680546
0.52853986
0.53589351
0.52914766
0.52097518
0.519895
0.5184139
0.50621904
0.47385222
0.53673227
0.51507149
0.4995002
0.47229116
0.4755718
0.14408095
0.35438741
0.51264273
0.52628783
0.52959167
0.53138513
0.51979945
0.52597791
0.50274975
0.46526435
0.5289657
0.49639275
0.50121207
0.48961939
0.50974047
0.50021536
0.4414391
0.45133279
0.48331726
0.47527801
0.52315519
0.3912189
0.47036072
0.48936504
0.51111229
0.54095192
0.50139406
0.55567221
0.49556452
0.48631211
0.522533
0.51013068
0.49939785
0.50202463
0.50298296
0.4859396
0.50960999
0.48479348
0.42896192
0.48949962
0.48885416
0.48380468
0.43129336
0.43468869
0.4203881
0.45373989
0.45472011
0.52934985
0.55040091
0.52872955
0.51121403
0.30531363
0.45213281
0.48589926
0.510575
0.50861101
0.50089037
0.51572233
0.50596605
0.53000723
0.51571567
0.4547756
0.43462074
0.37294326
0.37600618
0.32320016
0.53518734
0.53234696
0.50824502
0.49793055
0.51559477
0.34830909
0.48955924
0.49422329
0.47376312
0.50501581
0.35481036
0.39058138
0.52283157
0.29002123
0.31573342
0.26115666
0.35052548
0.29023832
0.25649482
0.21217512
0.21815862
0.18021848
0.22091244
0.044753957
-0.01327324
-0.019268817
0.16583655
0.22706325
0.13853048
0.27335085
0.12112999
0.41962723
0.48193751
0.50059187
0.51507422
0.52476262
0.51826031
0.52910669
0.51560276
0.51871185
0.17581117
0.47097738
0.49685828
0.14176682
0.08628319
0.56050966
0.37537815
0.086771035
0.46481349
0.30692274
0.43748968
0.51358399
0.44532394
0.39749345
0.49050065
0.33108954
0.30355951
0.25167834
0.42986788
0.089997844
0.070267164
0.014891957
0.39209213
0.32387781
0.41890833
0.52425673
0.54830785
0.54859348
0.53433025
0.13155271
0.50634778
0.42186403
0.29947484
0.37552281
0.41804604
0.51908475
0.45400737
0.30615972
0.43320476
0.11154302
0.17410347
0.5139788
0.54578714
0.50753086
0.29318519
0.44636426
0.44813488
0.41357811
0.46598106
0.46741202
0.52793375
0.42842924
0.40535137
0.51531717
0.5129286
0.49916299
0.28980258
0.50284539
0.51506491
0.46272484
0.49007468
0.44563691
0.47864123
0.51784848
0.54501344
0.50123709
0.52336173
0.48162923
0.4624838
0.52652449
0.54207732
0.49118189
0.54000556
0.45703859
0.50070324
0.51256594
0.50419766
0.53920975
0.52277617
0.3383984
0.46593603
0.49234453
0.47994521
0.46299584
0.50193105
0.54922365
0.56618911
0.52279742
0.55751532
0.48189879
0.24063566
0.50217075
0.23982211
0.40654588
0.42292813
0.51771176
0.55150351
0.5561859
0.5652986
0.39244636
0.56651637
0.24187449
0.4925281
0.51932771
0.56339386
0.55980171
0.3438484
0.30499161
0.42896881
0.48036443
0.28449541
0.41376588
0.41161855
0.34289314
0.41339171
0.49366104
0.52374387
0.54319036
0.49865778
0.56020298
0.51162183
0.41194561
0.49996928
0.48233284
0.51914812
0.53958247
0.55620355
0.51536957
0.51881813
0.51542897
0.52968368
0.53235539
0.50528176
0.53782885
0.52153056
0.52996467
0.44823285
0.471902
0.41447476
0.41672401
0.45202154
0.51886979
0.35715083
0.52550237
0.51490595
0.54158445
0.56551811
0.53255456
0.52945925
0.54688005
0.53421063
0.52874657
0.53820666
0.54693016
0.54347804
0.5391983
0.56370683
0.32900288
0.31385973
0.48227271
0.53471299
0.46296757
0.36393938
0.53792138
0.55062744
0.55919799
0.53256388
0.54383708
0.50387333
0.28788633
0.3703654
0.52265252
0.56328658
0.5108741
0.50339659
0.42387202
0.49441685
0.53470944
0.55166988
0.56133596
0.54552781
0.52242279
0.52321216
0.56113258
0.55109637
0.52688034
0.56660154
0.37236705
0.31713191
0.54637525
0.54933549
0.5597506
0.55027692
0.36128361
0.41617813
0.55238336
0.5486353
0.55808017
0.55800274
0.54867151
0.53824846
0.55914172
0.56148083
0.55717914
0.54203628
0.56279189
0.55879596
0.56036464
0.56102093
0.56359326
0.54577234
0.56008672
0.5639663
0.56185315
0.56290789
0.56419167
0.56490639
0.41713009
0.55541534
0.56479105
0.5637609
0.55092011
0.54837394
0.56805776
0.43425009
0.53904368
0.54507181
0.53920739
0.55534154
0.29351692
0.25439284
0.21148384
0.18916583
0.5523858
0.56583697
0.5527905
0.53954173
0.55881791
0.55228485
0.55754071
0.55956026
0.49484643
0.52443084
0.5354352
0.53885105
0.55316013
0.56031498
0.56317866
0.56125372
0.5421703
0.55051202
0.56369853
0.53894724
0.45590768
0.5584623
0.34325924
0.2693695
0.29937521
0.12102047
0.36338462
0.32611454
0.3602646
0.41237423
0.19887898
0.35574858
0.13892161
0.18019204
0.21626722
0.110606
0.50451264
0.30622563
0.28329451
0.06764514
0.42757355
0.48318568
0.53677075
0.55719188
0.56681954
0.56002209
0.45176117
0.46647458
0.50046857
0.52435141
0.54074178
0.54495969
0.55443559
0.55501752
0.54497989
0.54194608
0.56983808
0.3815516
0.40500687
0.4785031
0.56186358
0.56518678
0.56256655
0.5665403
0.54910198
0.53938725
0.51901408
0.53953318
0.5529204
0.55250088
0.55132206
0.56766116
0.48784249
0.56612369
0.34830901
0.40272671
0.45696732
0.51712454
0.46339429
0.46623869
0.55720536
0.56298266
0.56494487
0.56399688
0.56456242
0.56773175
0.56047913
0.56127335
0.53569125
0.56741356
0.53626446
0.54883836
0.55934197
0.55866125
0.54247221
0.52833234
0.52298172
0.39453167
0.54911672
0.56727467
0.42260281
0.56656309
0.56479662
0.56521234
0.47839701
0.4847292
0.45379489
0.52202845
0.55708827
0.56644074
0.55259716
0.55437857
0.55789036
0.5662512
0.56454175
0.55910096
0.47021825
0.56895714
0.31954923
0.56002066
0.56521267
0.567748
0.5534283
0.55574444
0.55399966
0.5544283
0.56806759
0.56514909
0.41401173
0.48989028
0.56518357
0.56823638
0.56697399
0.54217168
0.5528218
0.55559591
0.55663648
0.55949388
0.55781513
0.55579371
0.55461551
0.55350403
0.55633768
0.46827135
0.55929402
0.56468954
0.56214879
0.56495664
0.54410806
0.56133669
0.56464121
0.56043363
0.55672571
0.55745561
0.55808796
0.55663011
0.55535898
0.55906571
0.56028535
0.55790058
0.55767138
0.55922078
0.56152138
0.5598483
0.56311221
0.56071081
0.56330773
0.55074446
0.54197927
0.52278165
0.49982237
0.50437969
0.50635467
0.41666856
0.43957148
0.47557777
0.45551124
0.51280604
0.43262494
0.41845032
0.44091392
0.47170908
0.42278686
0.4721094
0.46275866
0.43386195
0.38666841
0.31919245
0.56925158
0.38478732
0.38644008
0.47211327
0.44782668
0.42329388
0.38364179
0.56230926
0.56687543
0.55742062
0.5582372
0.56157174
0.55959375
0.56026699
0.56096146
0.55912895
0.56126211
0.56230699
0.52781548
0.51872411
0.51265042
0.4719548
0.33770709
0.11530135
0.30063279
0.39859446
0.57094797
0.5677184
0.56657072
0.56258369
0.5627816
0.56324782
0.55195548
0.5556258
0.558581
0.55806702
0.55850987
0.55379464
0.56094706
0.55871846
0.5528185
0.54685584
0.56111947
0.56299091
0.56204812
0.56381027
0.56079535
0.56121017
0.56160828
0.56314433
0.38783241
0.25873615
0.42162647
0.38353803
0.43893361
0.3960669
0.31765167
0.20803518
0.47230668
0.47436824
0.56864929
0.57021925
0.55679145
0.55796651
0.56843252
0.36460183
0.55139084
0.55703566
0.54829869
0.53419762
0.55173866
0.54300261
0.53413726
0.54591909
0.55104689
0.54555799
0.53701576
0.53378727
0.52555744
0.51235823
0.53417362
0.52515489
0.53540369
0.52055725
0.51035715
0.52372009
0.56194507
0.56260821
0.56033643
0.56275921
0.49984737
0.24811256
0.33972613
0.2997661
0.32395806
0.25176203
0.56899484
0.56603875
0.56998278
0.56335861
0.56269655
0.56172487
0.56492159
0.54942601
0.54319036
0.49408008
0.50637987
0.47236107
0.53907887
0.53908177
0.11048421
0.23914795
0.38173549
0.32917216
0.56856361
0.5685227
0.56081825
0.56829088
0.56993707
0.56666168
0.56624992
0.56754458
0.55083519
0.50928164
0.54340457
0.50979818
0.4966708
0.4754747
0.51119258
0.49218724
0.50508773
0.49491698
0.44480675
0.49068884
0.51761193
0.48327751
0.12389793
0.30081712
0.57000077
0.57047398
0.56722139
0.56318205
0.55698538
0.5453169
0.55279265
0.53570414
0.52018786
0.49697206
0.44759009
0.39826165
0.48206606
0.47669352
0.57043591
0.56504266
0.56378346
0.55904274
0.54795536
0.54267028
0.55840555
0.53055025
0.51293117
0.43561766
0.45153074
0.45132641
0.56987773
0.57052837
0.55508927
0.55299321
0.56832534
0.56378733
0.55662981
0.54392985
0.55975369
0.55276476
0.54388251
0.52995186
0.55583749
0.36125753
0.48163465
0.45665967
0.44646964
0.49263733
0.57072298
0.57153384
0.56542052
0.553802
0.52851531
0.48144049
0.47401139
0.40579478
0.49035142
0.49281895
0.41043856
0.37448028
0.48310398
0.47697701
0.57080457
0.55915829
0.54165794
0.55365483
0.37596818
0.2773935
0.42791265
0.49188766
0.56762967
0.56777496
0.57047695
0.57080172
0.57095918
0.56442891
0.56205835
0.54884513
0.41010454
0.39830759
0.24775443
0.42711654
0.41951614
0.46915486
0.47327563
0.4475568
0.56072833
0.56235259
0.55805677
0.53471246
0.53475015
0.31534207
0.41362535
0.45617902
0.31121152
0.42743726
0.55575353
0.33335615
0.19092392
0.39214787
0.40787584
0.10215008
0.38349864
0.54815805
0.30507374
0.3835622
0.53767561
0.5494193
0.54829089
0.35364582
0.54917307
0.5422808
0.52796961
0.51080826
0.53781695
0.36554549
0.33143404
0.30349736
0.37999515
0.19928335
0.23338862
0.54374361
0.53194358
0.53049424
0.5437679
0.42646708
0.52704642
0.29212454
0.52402917
0.44423877
0.50376412
0.52369072
0.53734822
0.50248745
0.33342908
0.50504713
0.51312526
0.45723786
0.43717388
0.41038705
0.39948459
0.47428928
0.49568711
0.12822656
0.18144176
0.47013067
0.23904938
0.30817461
0.083587312
0.38169762
0.32242535
0.26273035
0.30089471
0.13157711
0.12869142
0.055774883
0.10969983
0.39136639
0.44457663
0.36768408
0.43276052
0.42724287
0.47212584
0.25570588
0.41475428
0.5168406
0.5270894
0.53698258
0.5399958
0.53603917
0.54057235
0.54353684
0.5434313
0.44683411
0.46549276
0.53780412
0.5450681
0.54820125
0.54958112
0.53846229
0.53341595
0.49960374
0.50301385
0.48085756
0.50169407
0.46364336
0.46878706
0.40314413
0.44562159
0.46470172
0.42181515
0.5533179
0.55286584
0.53547293
0.5229999
0.53183507
0.53112061
0.54028214
0.53584385
0.53469317
0.52773431
0.52899373
0.53172717
0.52991186
0.42639093
0.52952769
0.52700055
0.52625274
0.22118978
0.53552436
0.53534604
0.53208116
0.53590035
0.54114195
0.54019835
0.53995849
0.53901878
0.5286112
0.52685992
0.55582016
0.55402518
0.5343813
0.533829
0.50873817
0.51307663
0.5372116
0.53744577
0.53462892
0.53776848
0.55295699
0.55428613
0.55378382
0.55249096
0.55310773
0.55356655
0.55005036
0.5514602
0.55409235
0.55486181
0.55517319
0.55604689
0.53362611
0.53360575
0.41676836
0.36378766
0.32085503
0.23217979
0.55531955
0.55887694
0.53603172
0.53406256
0.53333212
0.53441217
0.098172535
0.053168302
0.23926873
0.26780733
0.14423053
0.25304138
0.26537059
0.34884803
0.16918711
0.32817394
0.36211247
0.34781488
0.23504052
0.1584365
0.24785753
0.11444102
0.35072514
0.30017428
0.55565258
0.55420945
0.5319038
0.53024948
0.52927099
0.52949564
0.52372925
0.5270185
0.51167203
0.5274165
0.52603935
0.52813654
0.524004
0.52596133
0.51918855
0.52306469
0.52726409
0.52797287
0.5197589
0.52253421
0.52550246
0.52847016
0.52466056
0.52704486
0.52368246
0.52509115
0.51303601
0.51910533
0.52068861
0.51986007
0.50973366
0.34092058
0.51293682
0.52355715
0.52092083
0.51230234
0.52270228
0.5204316
0.47132226
0.51334311
0.5132838
0.51942566
0.25002451
0.50345515
0.510166
0.52233471
0.52480431
0.52159644
0.53255878
0.53316732
0.40436714
0.3777152
0.4897374
0.46329499
0.39929523
0.4474932
0.48197808
0.46038113
0.42546554
0.46992819
0.29128349
0.38338951
0.2107296
0.43314216
0.41542664
0.069257574
0.17559908
0.29430061
0.33257267
0.40968089
0.39226347
0.39133087
0.2651444
0.35989572
0.37777279
0.43368916
0.47648536
0.47521835
0.20477526
0.3130268
0.066932582
0.10167609
0.33788266
0.10230597
0.26596567
0.18913745
0.20013883
0.28873106
0.33944607
0.21984994
0.080552022
0.37780142
0.089230697
0.20509791
0.39903863
0.34656819
0.35872622
0.28276871
0.11306834
0.30661195
0.2733126
0.21849846
0.11526637
0.032593549
0.19036602
0.091810019
0.18736625
0.17527553
0.19720977
0.098601859
0.21243075
0.039210549
0.37266178
0.094574863
0.18541889
0.27285512
0.2953531
0.24329403
0.41202125
0.34172425
0.37226217
0.33190562
0.26716293
0.34386942
0.45004327
0.26291568
0.32448721
0.20361086
0.45917094
0.45000121
0.40662699
0.34568909
0.38184795
0.33638892
0.45386194
0.30977423
0.38868011
0.43409734
0.45609228
0.33734388
0.11304864
0.28175394
0.093315326
0.36437185
0.32589853
0.40111083
0.31312852
0.1804436
0.26378804
0.23383768
0.26482058
0.28036618
0.37751052
0.48663235
0.33649671
0.23391642
0.22666508
0.33737467
0.14076618
0.13954051
0.39791133
0.17625406
0.24376227
0.40238444
0.26088806
0.31704985
0.39621442
0.11907202
0.33359781
0.34615235
0.45496718
0.38509163
0.3281139
0.38092244
0.41325945
0.26268086
0.33750092
0.23681186
0.50632692
0.14750636
0.50108175
0.48541343
0.087719212
0.51123546
0.32885956
0.40525555
0.45855538
0.47530033
0.47425809
0.45588207
0.23681568
0.19807277
0.11431128
0.091371403
0.33961951
0.12192824
0.31411251
0.47403586
0.47777687
-0.0026322229
0.024989324
-0.0021279962
0.017749863
-0.0013922778
0.074989176
0.26896023
0.18533645
0.038888158
0.1350905
0.011457754
0.066388258
0.23680191
0.23540226
0.048389056
-0.0049410927
0.018766916
0.17956925
-0.0076014195
-0.013813795
0.00011189406
-0.01139373
0.26009439
0.19013461
0.53964415
0.53016688
0.53891129
0.54394184
0.50260023
0.48983348
0.28367887
0.24187601
0.53881734
0.19731472
0.52673399
0.53441248
0.53841931
0.39840228
0.3946997
0.36610335
0.40609204
0.54994119
0.54654498
0.22891435
0.096572961
0.21574576
0.060597087
0.26514454
0.11472054
0.12221627
0.20608369
0.21015557
0.18829041
0.067419225
0.24631826
0.096969946
0.548898
0.55567681
0.55648217
0.5587706
0.54662739
0.55081639
0.55438328
0.56261869
0.5569078
0.55707614
0.54510586
0.54962534
0.54940201
0.55258326
0.41281378
0.45676497
0.37712653
0.38274789
0.42060481
0.46133623
0.5188034
0.56777771
0.42567608
0.48782814
0.56585857
0.56607711
0.55638622
0.55748922
0.55829415
0.55907388
0.55763456
0.55572781
0.5647467
0.56568266
0.56691004
0.56608216
0.47997874
0.47166918
0.31592486
0.38987848
0.17859518
0.1119952
0.32208843
0.10973291
0.31291112
0.56182928
0.086980474
0.23890239
0.3061164
0.25340692
0.37400068
0.56325488
0.18018781
0.56436772
0.56338383
0.56169422
0.56295093
0.56569257
0.56409576
0.56587896
0.56506744
0.55940316
0.56126885
0.56349223
0.56241543
0.5634763
0.56247972
0.47219511
0.47726938
0.49345926
0.47306245
0.45497293
0.50250431
0.49266486
0.54926472
0.55283101
0.55345637
0.55746568
0.55972226
0.56996421
0.56927539
0.56966921
0.56368707
0.57164109
0.52874438
0.53736954
0.5454376
0.5353421
0.57097524
0.57135255
0.53337591
0.52427614
0.47252749
0.4392461
0.50079205
0.47197717
0.57191371
0.57043896
0.51157846
0.5320217
0.55230996
0.54142548
0.45087873
0.35179786
0.54123236
0.52490605
0.52484686
0.48206762
0.20461389
0.47037671
0.50492512
0.52137797
0.50431749
0.52922701
0.17705898
0.26414258
0.2446467
0.3345214
0.26536896
0.10236437
0.050164789
0.40263674
0.12021729
0.20673744
0.17492008
0.072374719
0.35119362
0.11832776
0.51878668
0.15861983
0.30148301
0.17725725
0.050146247
0.2433108
0.029013593
0.28182856
0.28079034
0.30375907
0.41086139
0.46363713
0.41545157
0.3468298
0.17818986
0.36729324
0.27238203
0.48346386
0.27231545
0.35735223
0.33154266
0.48391104
0.11384224
0.12123092
0.11693419
0.33805535
0.28179561
0.50988108
0.38189372
0.34003356
0.3540251
0.31411705
0.24837243
0.27527305
0.41663283
0.12406179
0.45077289
0.31008277
0.35935045
0.37280843
0.4852223
0.48970971
0.41623185
0.37812106
0.12098263
0.18776002
0.38325955
0.30914392
0.41469029
0.4153182
0.50846007
0.47921405
0.54088108
0.53551979
0.53644107
0.53688359
0.54169233
0.54080541
0.53816243
0.53751505
0.53617571
0.5365433
0.53615927
0.537026
0.52715362
0.50033585
0.52845112
0.52854262
0.5271829
0.45056739
0.51893244
0.5266995
0.51868061
0.48674407
0.52682983
0.53872831
0.53423619
0.49884433
0.5122948
0.49781662
0.49616118
0.41248312
0.49996206
0.46997844
0.45525604
0.47878556
0.44074786
0.4130852
0.51962192
0.52187175
0.53844925
0.53507701
0.53609568
0.50687593
0.43428478
0.36872199
0.42461304
0.47875109
0.53497349
0.535803
0.51265707
0.49865834
0.50341096
0.49540721
0.52285368
0.515681
0.52426613
0.52433448
0.50915432
0.48554177
0.53247754
0.51527908
0.53418442
0.53231361
0.52631329
0.53550407
0.53302106
0.50627565
0.52249862
0.49187623
0.45433765
0.41776423
0.51843643
0.47838117
0.52949117
0.5096137
0.53511619
0.51137425
0.51862202
0.5062733
0.53350544
0.51581254
0.53422766
0.44924501
0.53026135
0.53317675
0.53425196
0.48740394
0.5324545
0.50759491
0.49267026
0.45656603
0.51144019
0.48510602
0.50889678
0.4936526
0.44749328
0.41196601
0.53200111
0.47604547
0.49241438
0.48341228
0.45604253
0.32982801
0.52807958
0.5076035
0.49204966
0.40513947
0.53385254
0.52135533
0.47992736
0.45613293
0.37971546
0.33535455
0.51984741
0.53286275
0.51953497
0.50600872
0.43864953
0.39410599
0.52687229
0.53401643
0.53311427
0.30246966
0.50483104
0.36651359
0.40936732
0.25082141
0.30768607
0.34006441
0.53049251
0.53194193
0.53217417
0.51651508
0.51639255
0.52781533
0.25055759
0.40714531
0.37655937
0.40446699
0.53410915
0.5334477
0.53418925
0.53127834
0.52773407
0.50736624
0.41340541
0.36301408
0.21793408
0.087722283
0.52858033
0.53463285
0.53285062
0.53061322
0.53336119
0.53160607
0.39818543
0.51539727
0.30811104
0.39787685
0.34991792
0.23668354
0.52806302
0.53295822
0.53488255
0.5272676
0.53441022
0.53299134
0.53090395
0.53173028
0.52771043
0.42448496
0.53222801
0.52214061
0.41227634
0.47291476
0.22128893
0.24900773
0.14231443
0.14325688
0.53320798
0.53140891
0.52354674
0.5211777
0.5334689
0.53164112
0.29200922
0.53098124
0.50378782
0.18574593
0.45283405
0.20138091
0.52199517
0.19308224
0.52614549
0.19424835
0.32893907
0.3077249
0.012145445
0.2148188
0.19430236
0.0059891579
0.53106663
0.5261883
0.53309724
0.52966251
0.52571593
0.5320417
0.53174828
0.53202152
0.53302128
0.5329979
0.53148004
0.52992637
0.53075196
0.53240468
0.52846902
0.52597079
0.52546046
0.49898354
0.51379429
0.50433885
0.47349917
0.48110266
0.53056341
0.52675976
0.52380106
0.518737
0.10800351
0.51086376
0.52330155
0.52135736
0.39009576
0.316601
-0.019336044
-0.022567292
-0.028712818
0.10571183
0.12060684
-0.011143931
0.52941698
0.071934106
0.53304646
0.52809588
0.51949525
0.52687204
0.53101777
0.52563703
0.4726574
0.42128001
0.52754443
0.31453297
0.52950837
0.48202356
0.49421732
0.29868169
-0.023161278
0.30025256
0.041810749
0.52555658
0.51251793
0.52693627
0.51969782
0.52071487
0.51740781
0.52254831
0.47675271
0.026825076
-0.0147725
-0.013111274
-0.024829878
-0.014561446
-0.018033467
0.52725373
0.52200679
0.52822281
0.52337424
0.52257529
0.51824064
0.51836351
0.39917397
0.52315057
0.51554212
0.52465765
0.52233355
0.52383217
0.30705043
0.43878108
0.4043123
0.34305713
0.13781546
0.40164185
0.28019017
0.41513378
0.33986357
0.4191177
0.4972284
0.43855715
0.34177908
-0.029488754
-0.029833032
0.0035927343
-0.0026137313
0.076320718
-0.029509007
0.023220679
0.52978326
0.52917635
0.51094537
0.51497922
0.5207612
0.52469902
0.52376025
0.52372126
0.51562397
0.51384893
0.51350384
0.51844801
0.50213679
0.45231907
0.45958483
0.045200629
0.061754661
-0.012875628
0.53106276
0.52684686
0.53519125
0.51967851
0.51291077
0.51836513
0.51457778
0.51557636
0.50868701
0.5254296
0.53150496
-0.0015952983
-0.0089070975
-0.0025224976
0.0062231505
0.51748852
0.51580237
0.51549131
0.51814225
0.51964512
0.51309384
0.51554724
0.51174635
0.50829571
0.50427009
0.50989143
0.50874516
0.51333537
0.50832778
0.50756582
0.51170995
0.50792676
0.49971751
0.50703367
0.50871101
0.51959435
0.52897064
0.51813562
0.52714776
0.52815755
0.53219131
0.50949158
0.48705355
0.52465147
0.52844381
0.51249281
-0.0075798773
0.51361036
0.5074678
0.51338684
0.50485903
0.51404512
0.52984823
0.53172468
0.50336419
0.50037816
0.51332111
0.51052657
0.51389274
0.51123704
0.49467716
0.49197828
0.50764934
0.51377222
0.5292749
0.52806241
0.53101309
0.52743733
0.53160549
0.52930039
0.52566764
0.52193026
0.5241081
0.52668855
0.5284799
0.52564725
0.52860868
0.52776248
0.52002288
0.52227835
0.53018025
0.53459745
0.5305107
0.53340055
0.55353578
0.55444238
0.55452514
0.55494567
0.55501493
0.55644958
0.55527275
0.55576397
0.55081788
0.55538729
0.55154511
0.55826314
0.5567371
0.55547992
0.55722777
0.55804508
0.55072404
0.55686229
0.55381971
0.55911923
0.55724841
0.55786704
0.55728138
0.55719552
0.55475483
0.5575075
0.21262702
0.22069454
0.17051403
0.045673599
0.16478513
0.12345626
0.16515098
0.52595907
0.52171712
0.5306226
0.52922884
0.48292164
0.50120208
0.51441724
0.50572189
0.41601764
0.45193314
0.13594624
0.10181878
0.12984193
0.27063395
0.26219417
0.46483179
0.44254111
0.44642154
0.47555866
0.41057642
0.50891497
0.1580645
0.050764364
0.12822726
0.090602063
0.50179636
0.05596453
0.25037345
0.24153675
0.093901757
0.35659908
0.40536076
0.11468466
0.012133775
-0.012753919
0.021017756
-0.011696651
-0.014782646
-0.011366213
-0.016309894
-0.0081041349
-0.00082429864
-0.0056777783
-0.019677223
-0.016866372
-0.0043239755
0.11964921
0.046524203
0.21092244
0.55907221
0.56040094
0.55625327
0.55917025
0.56196433
0.56013578
0.5595207
0.55598918
0.55451955
0.55698239
0.45696751
0.4170347
0.31247453
0.40127066
0.30668872
0.38623792
0.38913438
0.44510109
0.38187115
0.39215013
0.37633226
0.44530394
0.34912514
0.28162372
0.22253412
0.27527559
0.34178036
0.47262555
0.35028687
0.21781201
0.39305023
0.34013933
0.22872517
0.32833893
0.34074542
0.38064425
0.45621989
0.50719913
0.43181906
0.43864353
0.31141018
0.36226437
0.43777518
0.50484462
0.51070437
0.48103543
0.2647669
0.38673235
0.36856998
0.3312507
0.30507339
0.37433598
0.37335612
0.56417347
0.440963
0.4877737
0.52210394
0.49023029
0.27898054
0.30442651
0.27835659
0.23564275
0.28092576
0.14346611
0.1178339
0.055904412
0.19806428
0.086943171
0.24322899
0.20185879
0.44230084
0.4768008
0.13900999
0.52040821
0.4898381
0.49127242
0.28021272
0.44210802
0.51606073
0.49072141
0.43460426
0.48831214
0.4843071
0.56746181
0.20239375
0.32828667
0.48332691
0.40820572
0.33874739
0.57077569
0.51006907
0.54287991
0.23576201
0.33980954
0.12475893
0.28608009
0.51351977
0.52070544
0.51381403
0.44288959
0.45033531
0.40931081
0.46554496
0.5275163
0.54629813
0.51380327
0.52779874
0.51012492
0.51719008
0.54568854
0.53231029
0.54110306
0.573326
0.5335936
0.54757843
0.49141728
0.530909
0.55093902
0.56037743
0.45243324
0.4882597
0.54817266
0.56311616
0.56731833
0.56037595
0.55882556
0.56248322
0.53137325
0.55958662
0.55989431
0.54683364
0.54672431
0.54729949
0.48886521
0.49199175
0.53641492
0.56256225
0.53936706
0.56401126
0.55903778
0.56575622
0.57112192
0.56593878
0.55270368
0.55154541
0.55840382
0.56452472
0.57041359
0.57193543
0.56767887
0.57106413
0.57054332
0.56994924
0.57292336
0.56823317
0.56998104
0.56597886
0.57034047
0.57402693
0.57027641
0.56509516
0.57473804
0.56837885
0.5740112
0.57289183
0.39311146
0.55396262
0.57243637
0.57315559
0.55427699
0.56170026
0.53703618
0.55480085
0.34107975
0.32290274
0.33807352
0.2714214
0.20624202
0.19153253
0.11347733
0.10592811
0.24983243
0.076781551
0.21497778
0.065452405
0.1840809
0.22137599
0.10205527
0.037042595
0.4649937
0.44741494
0.56990955
0.56766401
0.56855824
0.56177869
0.56731628
0.56191338
0.5509921
0.55955174
0.55712767
0.56145453
0.55292215
0.53750908
0.5621022
0.56833326
0.55275117
0.54973976
0.53650117
0.54900905
0.53597166
0.51976829
0.55148511
0.56741523
0.56383172
0.56718167
0.53109233
0.53625627
0.50514106
0.55192144
0.56765533
0.56932204
0.57046845
0.57130574
0.5723305
0.57222843
0.5695199
0.57109593
0.57310858
0.57277264
0.57279652
0.57228413
0.57190727
0.57082308
0.55213834
0.54921763
0.53449841
0.52454687
0.51049045
0.45238882
0.38664005
0.4166078
0.45274117
0.48456811
0.46778752
0.45133256
0.33948702
0.37414501
0.090253912
0.45045513
0.47231561
0.42892539
0.35778881
0.36926328
0.38478989
0.44402713
0.47671163
0.41976536
0.36242132
0.42193523
0.27241671
0.18234445
0.27194613
0.20984314
0.37823819
0.35479136
0.3195938
0.44622978
0.41579318
0.4402466
0.3286035
0.39285682
0.19270167
0.47350353
0.4155616
0.51049297
0.45345632
0.24988708
0.28056985
0.44090802
0.37404677
0.26060181
0.30901729
0.38091856
0.29340578
0.39954926
0.30857576
0.36098091
0.28332871
0.084461398
0.10307026
0.19401365
0.12045214
0.2095419
0.20471982
0.27421
0.11807547
0.119593
0.27981545
0.34072215
0.30499562
0.26043263
0.20438494
0.11252376
0.22494261
0.10165796
0.10495249
0.075975249
0.26551691
0.08936287
0.49173781
0.4561349
0.47344272
0.4707467
0.5726123
0.57124835
0.57220425
0.57064669
0.57435668
0.54913561
0.09242523
0.18502498
0.22668198
0.29272718
0.18662282
0.18214457
0.26469556
0.051667519
0.18858656
0.25176678
0.093340643
0.39861704
0.14457008
0.16797542
0.40940358
0.45891294
0.51680672
0.50871898
0.36476987
0.44164134
0.50503957
0.49897658
0.53718435
0.53358901
0.53624343
0.53677707
0.53600024
0.53587343
0.53556482
0.53192484
0.53371906
0.53562402
0.53026536
0.53530398
0.49667306
0.4554172
0.44942866
0.3821289
0.1677974
0.26103973
0.2141333
0.10433053
0.14064161
0.21402577
0.0692656
0.4544694
0.4750563
0.52860878
0.52357565
0.52209182
0.5239561
0.52294267
0.52020344
0.39949766
0.31320274
-0.012520473
-0.0036567703
-0.016985672
-0.0045881922
-0.014982357
-0.0081538769
-0.017617709
0.14520136
0.13235068
0.14771281
0.082356503
0.52702262
0.52572552
0.51808011
0.51657415
0.51787756
0.51640505
0.51679474
0.51307695
0.52165455
0.51487134
0.51580391
0.51024412
0.51952358
0.5172963
0.51887029
0.51671934
0.51515465
0.51480398
0.51782066
0.51511367
0.52062572
0.51916357
0.51708847
0.50930855
0.52426515
0.52035408
0.52068752
0.51907798
0.51563542
0.51292777
0.51826773
0.51764987
0.51079423
0.51292133
0.51869079
0.52145172
0.51842718
0.49104074
0.51391146
0.5066649
0.51183822
0.50670331
0.5217387
0.52011767
0.51814175
0.5161705
0.51311644
0.50954284
0.50893786
0.50945134
0.51207525
0.51011144
0.50365144
0.50360999
0.51070267
0.50715949
0.50599236
0.50492457
0.50750437
0.50553631
0.52346839
0.52466142
0.52327964
0.52006087
0.51506774
0.51153077
0.51120392
0.51402998
0.50961277
0.50606763
0.50684819
0.50392412
0.50488098
0.50273369
0.51286018
0.30632321
0.49608316
0.50116937
0.50639175
0.50140789
0.50509231
0.50251152
0.50144294
0.50280722
0.50037524
0.50308056
0.48448242
0.50399135
0.50267493
0.50426464
0.5029151
0.49481557
0.50868025
0.50753444
0.50213665
0.49231163
0.40722874
0.4920962
0.52338282
0.52229889
0.51891894
0.49030282
0.53067706
0.13339943
0.53383313
0.52856121
0.53166758
0.53501179
0.53273814
0.053073805
-0.0037100433
0.50995303
-0.0017879805
0.50545668
0.52256732
0.52482485
0.53026082
0.52908135
0.52944733
0.52776617
0.52616041
0.52734267
0.52497215
0.52319276
0.53436988
0.53239397
0.55607062
0.55564682
0.55299337
0.55317272
0.54557493
0.54758437
0.5461539
0.55414138
0.55852287
0.55860814
0.03107011
0.099079753
0.52014667
0.51943304
0.5099872
0.51278394
0.49518125
0.49874149
0.46741042
0.50794821
0.23196163
0.03197458
0.095812683
0.099416427
0.23735047
0.18146379
0.18378095
0.40864075
0.4391406
0.47489832
0.46929653
0.33679805
0.41801342
0.18998661
0.37913589
0.19394849
0.23363719
0.1196742
0.27514833
0.31716932
0.060699243
0.36182865
0.21639357
0.31112892
0.3179012
0.36432214
0.35405513
0.35593979
0.46896601
0.39768335
0.33592033
0.40107401
0.40881305
0.49232718
0.46967048
0.44353442
-0.013973736
-0.0032509161
0.56005412
0.55677924
0.56080229
0.55967915
0.55633812
0.55699851
0.30293055
0.31824805
0.10280043
0.10712198
0.05003135
0.12052566
0.31342811
0.24052828
0.34595953
0.30469507
0.186369
0.054086496
0.47299402
0.44680831
0.50695441
0.53104904
0.47030404
0.49273738
0.45790528
0.42247454
0.30747408
0.37055043
0.36999934
0.32571747
0.24157122
0.4003903
0.41533504
0.44778564
0.31082593
0.3631974
0.28182796
0.23804138
0.13960364
0.17486909
0.497439
0.47727401
0.55238097
0.54639933
0.079400293
0.08336568
0.10349449
0.14651111
0.14616952
0.56651955
0.5654295
0.55992183
0.55093886
0.55563652
0.54577396
0.37868754
0.42992247
0.49500176
0.48246918
0.4087246
0.38892797
0.31603828
0.08602786
0.51220658
0.50752936
0.55192308
0.2137569
0.35050851
0.30909774
0.20045524
0.20736529
0.12068225
0.31953746
0.27866647
0.32097067
0.065052547
0.56284892
0.55828332
0.56857014
0.55980116
0.55162939
0.55326893
0.56644382
0.55771756
0.53557933
0.55966545
0.56333085
0.56117468
0.56109632
0.46468034
0.56642271
0.54951598
0.51773365
0.40425717
0.55379546
0.53641819
0.51845807
0.54092131
0.53879675
0.5416427
0.57072693
0.56791724
0.57289762
0.56721423
0.16049638
0.050080132
0.049322264
0.1465429
0.48331884
0.45380976
0.39163435
0.41546283
0.3934503
0.44278063
0.47148755
0.47600379
0.53652003
0.53708277
0.43202381
0.44939434
0.44291781
0.39497318
0.32565594
0.34029158
0.4110409
0.39165308
0.39306688
0.31482657
0.30698879
0.21607676
0.32499841
0.25466265
0.23477812
0.13226396
0.24018797
0.066288144
0.30503093
0.25260344
0.056516181
0.1407662
0.12994426
0.17803714
0.52462407
0.52631269
0.23999114
0.24833133
0.51436041
0.51341984
0.50895922
0.51102573
0.52349239
0.5186628
0.52262753
0.51992717
0.50399129
0.51538418
0.51958205
0.52124505
0.52444946
0.52462876
0.52271755
0.52319513
0.51606457
0.51394923
0.51574211
0.51710428
0.5001091
0.49344313
0.48410629
0.49619663
0.50092285
0.50504954
0.49924699
0.49704618
0.5008267
0.5011874
0.50144314
0.49933069
0.49535632
0.49798903
0.49852355
0.50249497
0.50206901
0.50388901
0.50414567
0.50595359
0.49698171
0.49831309
0.49371675
0.4957419
0.4948358
0.50180073
0.49603139
0.49564859
0.49219249
0.4634608
0.49440733
0.49270821
0.49708592
0.45603267
0.49471201
0.48945861
0.47180596
0.49236654
0.45088489
0.49121829
0.4960738
0.48507287
0.48644459
0.4840787
0.43536817
0.48355042
0.44842047
0.44143461
0.49368648
0.48841127
0.45493677
0.49159581
0.49385779
0.490689
0.49152445
0.49284928
0.48684737
0.49537384
0.49078075
0.48690643
0.48881915
0.49372637
0.48183377
0.50177463
0.48590865
0.4797182
0.49832597
0.49705266
0.48817422
0.49087346
0.50308527
0.49944793
0.49599752
0.49750654
0.49805464
0.50185984
0.48476102
0.48297271
0.48719406
0.48726297
0.49668365
0.49937207
0.49510566
0.49732374
0.49228666
0.48876
0.48651021
0.49229495
0.48466628
0.48237357
0.46936049
0.49156351
0.48227335
0.48458593
0.4414945
0.44393829
0.48354664
0.44364608
0.48499562
0.47939837
0.49345955
0.48109681
0.48150909
0.45453997
0.44449564
0.42622121
0.48960839
0.4592472
0.48250597
0.48269042
0.4836038
0.46413899
0.4896205
0.46046962
0.4486313
0.43927542
0.48482213
0.44741167
0.43909913
0.4296205
0.48293829
0.48985528
0.49299162
0.477132
0.47886062
0.4593399
0.48352673
0.4787641
0.48966968
0.48049362
0.44533859
0.45837837
0.43748309
0.48042763
0.46386374
0.4725652
0.44632841
0.44415031
0.4827357
0.48402551
0.48226189
0.45945939
0.4622753
0.48530581
0.45772128
0.4862425
0.39018205
0.47560922
0.48820373
0.46972531
0.44901966
0.45054118
0.47393608
0.45907309
0.4572979
0.48627614
0.4587817
0.45305634
0.49237276
0.44017964
0.41636148
0.4727465
0.46245785
0.44139386
0.45539105
0.47066438
0.43340557
0.49101852
0.45519474
0.48939483
0.46593127
0.46631259
0.44816344
0.46157559
0.45290301
0.44660296
0.46394552
0.43726228
0.46188269
0.45640031
0.48557807
0.46040774
0.45563204
0.46404935
0.46783784
0.47761398
0.44530696
0.47345815
0.45276841
0.50921027
0.46188203
0.46243753
0.46455181
0.47075564
0.46138474
0.46790197
0.48777406
0.45376953
0.45145306
0.4660654
0.47162062
0.47538247
0.47266889
0.45970437
0.45286518
0.50504968
0.45403829
0.45914772
0.46220005
0.47385229
0.45029103
0.44597228
0.45706852
0.46692623
0.4769005
0.49409932
0.45665614
0.44609039
0.47028065
0.4777917
0.45821857
0.49235772
0.45697625
0.46128926
0.47609619
0.48913403
0.47871178
0.47775684
0.46149441
0.48836418
0.47879796
0.44898568
0.4796007
0.43629065
0.48636891
0.44411434
0.45748535
0.44274428
0.45189944
0.44191237
0.5255237
-0.010840989
0.44026808
0.44325806
0.45036829
0.44825145
0.46606478
0.49024747
0.47381129
0.47318753
0.48044463
0.47540646
0.48480607
0.48312605
0.48584317
0.49540483
0.48080953
0.484472
0.48301933
0.48681565
0.48029673
0.47512769
0.49501475
0.51322915
0.4811733
0.4831352
0.44712495
0.4489723
0.45236552
0.47350188
0.46835326
0.48107332
0.49332682
0.50103401
0.45004493
0.4631149
0.47742961
0.47326494
0.48662451
0.48614936
0.44518766
0.45050869
0.46496835
0.46999021
0.45852555
0.45980235
0.46426313
0.46863745
0.45493638
0.45802675
0.44612282
0.47652915
0.46104596
0.46769867
0.48309346
0.49308698
0.48396928
0.4877973
0.50073096
0.51542009
0.44243916
0.43646592
0.46138708
0.45554282
0.45653576
0.46527448
0.47990217
0.49698412
0.49090659
0.49956562
0.43134013
0.44595303
0.44277036
0.43933114
0.45120947
0.46834675
0.48057674
0.48868506
0.47646622
0.47417383
0.47268144
0.48302959
0.45737684
0.45284963
0.47509098
0.48944065
0.50355734
0.49727258
0.44531859
0.44784749
0.43531278
0.44587061
0.43372296
0.44587629
0.45322424
0.45842784
0.4937583
0.48480489
0.49010245
0.50839593
0.50676114
0.50531341
0.45168088
0.45472902
0.4413934
0.24711293
0.44074639
0.44344421
0.45339629
0.49733964
0.36850064
0.44385511
0.47180376
0.50048753
0.49605522
0.51117949
0.43899114
0.42169124
0.43823712
0.41130871
0.52302022
0.49263924
0.45613712
0.44913199
0.48345407
0.49865038
0.51829969
0.5144018
0.37718516
0.39699134
0.52562779
0.50064681
0.47556297
0.44115992
0.49651123
0.49484148
0.45720181
0.49483079
0.51248864
0.50830932
0.43075532
0.42891728
0.44025166
0.43736875
0.41927725
0.50732244
0.49730031
0.43692832
0.46899846
0.43936433
-0.0030535583
0.37458708
0.52352265
0.44647292
0.46436462
0.43744612
0.39737484
0.4387942
0.47117649
0.46388807
0.4553891
0.40721823
0.44408897
0.49168005
0.43460159
0.17607528
0.47762718
0.46486428
0.44155528
0.46425093
0.4533004
0.45217176
0.44694676
0.41786744
0.41647245
0.43637964
0.41050057
0.44070966
0.44570144
0.43905677
0.43232016
0.43953561
0.46625255
0.4600928
0.46185939
0.45897089
0.43937172
0.4143531
0.44458615
0.45263608
0.40385758
0.46622849
0.44166537
0.45276548
0.52394161
0.53107143
-0.0094972348
0.51330433
0.43588243
0.43613222
0.44381651
0.31956264
0.4343091
0.44174721
0.44440588
0.4438281
0.44443343
0.44998556
0.43239076
0.4490221
0.44334497
0.44083301
0.23098376
0.45511136
0.46094503
0.4561795
0.45412163
0.45526611
0.44872468
0.45896764
0.43591322
0.086251812
0.39597438
0.43170827
0.4473736
0.56682969
0.43680514
0.35931161
0.47410441
0.54924749
0.45571331
0.42325036
0.50543419
0.48703503
0.44454775
0.20967746
0.44913601
0.18814164
0.56477487
0.44756713
0.43953063
0.44044945
0.44186066
0.3833031
0.44413472
0.4387294
0.45384609
0.45115775
0.35415159
0.5065363
0.2904321
0.45012612
0.47068681
0.47615454
0.50095203
0.53806719
0.53033314
0.15808574
0.26889669
0.41665555
0.56242985
0.030434891
0.41180982
0.55132587
0.31481936
0.4887383
0.15565144
0.4897799
0.50476181
0.43931455
0.25908796
0.41493831
0.52807318
0.24148771
0.47184257
0.38945593
0.47747442
0.44081784
0.31815029
0.42407668
0.36883107
0.2688879
0.42594489
0.26458607
0.41935839
0.44700805
0.4319583
-0.00031458414
0.34686755
0.5118856
0.39847294
0.33078476
0.5613663
0.56321264
0.45114234
0.50009568
0.23376595
0.41132527
0.13414647
0.4918089
0.44487184
0.44783159
0.18636696
0.14886579
0.34606303
0.157201
0.15746714
0.0073850797
0.33119706
0.43069367
0.44259674
0.44575278
0.38977498
0.4316876
0.43003209
0.47946481
0.32513944
0.050398718
0.52766818
0.38141449
0.036944231
0.40287168
0.24185263
0.40602298
0.43485521
0.41746641
0.41270742
0.14062997
0.40801424
0.31560715
0.040858609
0.43590371
0.44021957
0.44253837
0.43316502
0.44542629
0.42454076
0.43335067
0.40468355
0.45715202
0.062394452
0.54115624
0.51436058
0.52114781
0.39377633
0.37605051
0.48160628
0.47806377
0.25621969
0.17253164
0.50027214
0.2820512
0.17426652
0.082241856
0.10335358
0.54620006
0.5463173
0.53333121
0.52981366
0.52669696
0.50473723
0.53284591
0.52297253
0.53622859
0.51585178
0.53719786
0.52282996
0.50213027
0.5052316
0.48496004
0.44558159
0.52690637
0.50255466
0.50139555
0.44280542
0.48840221
0.48933085
0.50894067
0.52854938
0.45606311
0.44410484
0.52342953
0.48646941
0.53610398
0.5083897
0.57151883
0.38830175
0.53553511
0.51902581
0.53922173
0.54801033
0.41757327
0.4263423
0.39022035
0.46088285
0.53792588
0.29743564
0.3245483
0.39299581
0.4908281
0.423436
0.50198005
0.52109076
0.45561266
0.41824042
0.46364188
0.43384441
0.43506605
0.36532932
0.4379883
0.38660488
0.092040284
0.38651049
0.36399033
0.26012583
0.28693087
0.31102214
0.51006513
0.36452059
0.46577002
0.5212363
0.4475412
0.39233602
0.51890707
0.46533644
0.44751346
0.32351303
0.49829606
0.4051084
0.53938247
0.50166463
0.43778216
0.18609438
0.48296887
0.39133765
0.54811138
0.51903832
0.52035972
0.51027681
0.33807383
0.45367756
0.51672156
0.50220421
0.53435822
0.52979062
0.52969437
0.52011398
0.5535004
0.56505496
0.51628046
0.49572772
0.54131904
0.52166864
0.5693019
0.55313781
0.5365246
0.55347646
0.46501533
0.53697831
0.54717855
0.54106237
0.31901322
0.46419569
0.48836442
0.46409974
0.48351716
0.33414068
0.43711258
0.39158969
0.32884696
0.046511634
0.42516942
0.14597519
0.38408084
0.42441887
0.36397857
0.39374358
0.47048133
0.47113661
0.49100193
0.3878353
0.52215816
0.49533427
0.49209577
0.51358504
0.49465974
0.095025335
0.19053353
0.42441824
0.33611585
0.51320221
0.49807898
0.53126591
0.51832539
0.51555784
0.45403011
0.53065934
0.50031569
0.55230664
0.52519982
0.52107794
0.53643271
0.53328027
0.31381269
0.53359757
0.51920366
0.46513602
0.17174623
0.52765194
0.48954567
0.33432186
0.2728818
0.39192182
0.45551144
0.23715383
0.08513752
0.20727095
0.27216726
0.30424789
0.24240108
0.29889772
0.27297175
0.34918382
0.30302566
0.27892694
0.27718867
0.062779184
0.26842464
0.52121334
0.20841873
0.21928978
0.16541397
0.069515614
0.15249072
0.20972748
0.3814951
0.24171172
0.072312605
0.16513408
0.045602436
0.036619416
0.074831397
0.21210689
0.3253995
0.27369132
0.20468526
0.43007091
0.42275515
0.52056328
0.51751411
0.51103752
0.51881732
0.50110385
0.51656359
0.51845582
0.52052857
0.51232719
0.51302044
0.51105984
0.49017432
0.51152605
0.51700255
0.47948998
0.50911283
0.51078098
0.51441104
0.50188675
0.51614358
0.51418259
0.51929007
0.51305424
0.51427055
0.51733012
0.51719915
0.51824594
0.51909476
0.52385626
0.52416046
0.51525154
0.51352604
0.50559749
0.50245806
0.50133321
0.49957229
0.50033337
0.49827908
0.49726806
0.49739786
0.42471536
0.46223232
0.49913233
0.49805657
0.49825981
0.44744726
0.45099202
0.49452308
0.4880845
0.48225365
0.48971917
0.46390266
0.50824091
0.51098673
0.49683167
0.50886766
0.50245021
0.4984443
0.50098158
0.50610445
0.50199069
0.50024702
0.49871974
0.50476369
0.4957285
0.49615358
0.5016547
0.52076705
0.49820709
0.50379695
0.49530989
0.50552745
0.46730253
0.47862582
0.48179968
0.45436121
0.48726973
0.48136328
0.45496082
0.46345703
0.4729529
0.45266774
0.47874573
0.45876953
0.48378259
0.47657648
0.45471125
0.4808423
0.48786194
0.47397628
0.46135596
0.46933225
0.47976904
0.48113694
0.4039782
0.43427559
0.47309127
0.4497168
0.46471881
0.46634775
0.46717388
0.47938586
0.46671993
0.47101376
0.40614892
0.12631979
0.4578849
0.44986294
0.46121047
0.46001518
0.46671791
0.47284766
0.47115276
0.46327904
0.47926467
0.47428741
0.47514126
0.47193621
0.47073904
0.26200184
0.48714206
0.46769918
0.45162158
0.28800043
0.43510345
0.46568358
0.46643175
0.45445671
0.47156209
0.46361257
0.47733171
0.47498579
0.46914888
0.46539167
0.46291318
0.45851978
0.42757611
0.45165137
0.45706087
0.45374701
0.4590448
0.47182625
0.47445843
0.47054861
0.46185581
0.45468175
0.46421169
0.43917643
0.46864246
0.46932468
0.46512796
0.45881693
0.47584597
0.47020774
0.47655861
0.47654716
0.45530219
0.43838068
0.32783996
0.33916464
0.42688505
0.41172222
0.45781794
0.45843047
0.477283
0.47364143
0.43113051
0.475358
0.46801389
0.46953108
0.47310791
0.47278268
0.25076163
0.38295468
0.36097399
0.45941147
0.46930618
0.46677552
0.44507865
0.46815748
0.47702762
0.47368048
0.46761341
0.47085619
0.47476624
0.4746711
0.470971
0.46935357
0.47110692
0.46778025
0.33575025
0.42897605
0.46885694
0.46429781
0.46583795
0.466644
0.43078796
0.41063664
0.44796107
0.37809294
0.45889422
0.4427639
0.46427194
0.43072938
0.40138647
0.38886151
0.37595809
0.12559802
0.2872962
0.43059515
0.33145847
0.45217177
0.40073517
0.4648999
0.45681637
0.34066452
0.39464992
0.13800576
0.33094697
0.4007647
0.29702661
0.23521439
0.097951227
0.30046838
0.37813709
0.37905474
0.25523156
0.46229588
0.4310034
0.45129947
0.46598761
0.15276862
0.33114261
0.28061006
0.23990638
0.44390586
0.44396032
0.45785154
0.33132461
0.4650173
0.44291385
0.40173276
0.24960599
0.15137106
0.3335633
0.13211493
0.43717451
0.41951587
0.45102999
0.45009665
0.057068158
0.15353759
0.23791524
0.25247006
0.15468833
0.43270342
0.1105297
0.46554201
0.46473845
0.40572699
0.43055676
0.43280443
0.3853833
0.43454724
0.37102549
0.40065914
0.39225486
0.28322511
0.34195929
0.35955542
0.41903018
0.12785814
0.41424012
0.28261806
0.3344584
0.24053156
0.23897291
0.29959547
0.37520643
0.43008903
0.46055477
0.38360753
0.38740512
0.13204562
0.41341506
0.082367821
0.30156562
0.45469004
0.090340239
0.42222207
0.30005235
0.41606908
0.38563354
0.40492376
0.42724457
0.29571432
0.44695094
0.42028583
0.44349593
0.36263829
0.44389413
0.46000065
0.46407103
0.12853985
0.25840147
0.44283237
0.1416358
0.44357311
0.25190023
0.088483994
0.12313612
0.47442897
0.47037493
0.4759442
0.46942463
0.4743387
0.47612298
0.47543294
0.47025489
0.46838099
0.46688918
0.47259806
0.46544893
0.4787902
0.47732103
0.46833513
0.46552892
0.47075617
0.46923052
0.44457465
0.44139136
0.44818791
0.44345598
0.52606377
0.50713462
0.50379102
0.50032542
0.25585967
0.18942207
0.056422366
0.38962148
0.45002149
0.35381565
0.27564763
0.20815943
0.037882506
0.091846967
0.31525234
0.26558779
0.11469085
0.38437377
0.2034292
0.031704844
0.10194693
0.016037974
0.33993664
0.28269522
0.088812872
0.011136685
0.33412364
0.072961003
0.016561956
0.40190866
0.35374494
0.11107404
0.018690172
0.17637803
0.16392173
0.2111921
0.33461276
0.048120652
0.00074051158
0.00027585256
0.33770454
0.26192129
-0.00074783889
0.014642418
0.43670206
0.43435353
0.40766938
0.43095391
0.44073306
0.43645447
0.43620767
0.43720011
0.43599397
0.43060474
0.43810769
0.43235903
0.43167567
0.42383957
0.43828482
0.43515127
0.4345519
0.43086535
0.43305718
0.42912033
0.42290129
0.42604661
0.43276932
0.42736257
0.43500636
0.43153722
0.42401318
0.42976148
0.43366052
0.42778239
0.43140219
0.42790019
0.42225311
0.41947677
0.42412422
0.43029821
0.42547544
0.42185423
0.42896851
0.42933058
0.42999065
0.42607756
0.42082078
0.4246826
0.41829751
0.41910994
0.41983828
0.42272316
0.42048357
0.40241332
0.42771448
0.42133715
0.41912369
0.41807495
0.42459051
0.42562019
0.4225691
0.41723923
0.43149768
0.42405904
0.42052613
0.41931853
0.41470195
0.41020988
0.42061179
0.41454422
0.41809584
0.41712343
0.42164191
0.41593379
0.42457957
0.42698119
0.41923088
0.41575409
0.43016686
0.42682399
0.41742666
0.41276854
0.42220564
0.42114627
0.41762247
0.4121101
0.40929704
0.41202514
0.42328128
0.42947247
0.42623285
0.42805056
0.41934857
0.41058699
0.4134446
0.41338734
0.42192063
0.41749569
0.43014216
0.4215289
0.41929783
0.41333533
0.42773442
0.42397139
0.41598196
0.40974428
0.43374619
0.40895009
0.42674804
0.42371932
0.41343288
0.41150157
0.41691513
0.41106888
0.4171366
0.40628229
0.41358013
0.40802974
0.42033939
0.44636893
0.40893777
0.40888185
0.41129125
0.41343645
0.40988311
0.40839035
0.40499013
0.41839816
0.40736198
0.41023014
0.41400289
0.40419986
0.4449434
0.40588475
0.41709678
0.41289072
0.42235103
0.42117587
0.43182055
0.42859692
0.41249866
0.41020461
0.40485013
0.40961761
0.40846178
0.40779572
0.40030188
0.40565573
0.43576273
0.42255917
0.41823066
0.41447558
0.42827835
0.43120306
0.43409303
0.4466731
0.43658581
0.43666614
0.43223992
0.4337834
0.43392826
0.43444026
0.44006047
0.45905384
0.44294675
0.43729136
0.44245293
0.43958658
0.44199694
0.45222901
0.40596011
0.4065166
0.4002007
0.40877923
0.41992882
0.41788943
0.42457019
0.41050367
0.41742982
0.41910385
0.42448841
0.4074192
0.43905421
0.4247809
0.41591167
0.41191972
0.42611996
0.40464383
0.42836834
0.44268712
0.44839421
0.43526757
0.43548093
0.43799848
0.44941443
0.44408108
0.44970346
0.43564458
0.43287413
0.43771408
0.44321591
0.44041909
0.44929456
0.44418372
0.4374222
0.42999771
0.40166343
0.40070293
0.40691291
0.4087417
0.43261249
0.42722986
0.44140931
0.44095189
0.44263405
0.44634903
0.44531048
0.43633879
0.45323111
0.44113207
0.45412446
0.43929924
0.44391734
0.4537844
0.44626265
0.46052527
0.45281129
0.44941274
0.45749801
0.44971513
0.27238204
0.43602837
0.44817594
0.43586958
0.45587411
0.36215017
0.14465514
0.40744115
0.45402063
0.45206789
0.43968849
0.43029629
0.40648275
0.40381426
0.40702978
0.40469829
0.43496971
0.43682076
0.40374402
0.40057787
0.43456584
0.43128297
0.43875833
0.44846583
0.45046678
0.44821787
0.42647835
0.43114247
0.40294779
0.40210566
0.40382821
0.41284774
0.40176478
0.40047776
0.40453884
0.40525209
0.41508275
0.40909696
0.40455064
0.43872121
0.44280027
0.44034553
0.45931877
0.45992366
0.40794
0.44702281
0.41887062
0.40551377
0.41110156
0.40712221
0.43643029
0.40796292
0.40488726
0.44515932
0.45100828
0.45759579
0.45892093
0.40225257
0.4416163
0.44472513
0.43115251
0.39993668
0.40128931
0.40703132
0.40566393
0.40343058
0.40317187
0.40622502
0.40256462
0.41530624
0.41479892
0.4108995
0.40933811
0.40358489
0.40114301
0.40124212
0.42552261
0.37186897
0.40067459
0.40058327
0.40290621
0.40658729
0.41096731
0.35736619
0.40063867
0.40225434
0.40217183
0.40527639
0.40132138
0.41355032
0.41131045
0.41153753
0.40664325
0.40241944
0.40418508
0.40342993
0.40290773
0.40593564
0.43102677
0.40446909
0.40733767
0.4017487
0.43311037
0.4017051
0.4057774
0.40000454
0.40023313
0.40028954
0.41771513
0.40302655
0.43086601
0.40033525
0.40440331
0.40689641
0.40146356
0.40286008
0.28245846
0.44329985
0.40058431
0.40207653
0.40004115
0.4441978
0.43684422
0.43836077
0.36047714
0.40107106
0.40014444
0.40386638
0.40157813
0.40477636
0.40232092
0.40115406
0.40005954
0.42169743
0.40015074
0.43018325
0.43077694
0.44819829
0.43865545
0.40751053
0.42446031
0.43881704
0.36267041
0.44162205
0.43987014
0.45341581
0.10822497
0.31747045
0.44191879
0.3880987
0.43637621
0.42528589
0.43293545
0.43313325
0.42285296
0.43638245
0.43829266
0.44059182
0.425177
0.25328333
0.42045569
0.41276462
0.21752799
0.41193379
0.42833959
0.42364793
0.4481392
0.34915333
0.39431205
0.37898853
0.15514425
0.20217735
0.24182517
0.19959605
0.42163553
0.41209891
0.41477279
0.43131436
0.13461862
0.37543672
0.28640525
0.4308869
0.39699956
0.10447415
0.28678895
0.37831341
0.43211803
0.40071059
0.41572578
0.41017027
0.42289767
0.4278454
0.42993561
0.40412828
0.30099528
0.41216696
0.41594188
0.40565145
0.41252426
0.40872898
0.40818087
0.41049565
0.40304275
0.4023343
0.41009389
0.40509052
0.40338812
0.40371757
0.43789094
0.40131575
0.40219971
0.40119042
0.40684206
0.40074876
0.40360588
0.40698728
0.40941098
0.40744289
0.10539318
0.4210408
0.40978997
0.39965186
0.40839457
0.40187814
0.43025461
0.41828999
0.40230293
0.40337652
0.4005517
0.41663719
0.413569
0.22757528
0.40831195
0.41553959
0.4303214
0.4345152
0.43324418
0.29193135
0.4009346
0.26294066
0.39708411
0.4244199
0.37936734
0.42547907
0.43753943
0.43952191
0.42091891
0.43761014
0.43552545
0.43575927
0.43580947
0.4364399
0.43894937
0.43781125
0.43894465
0.074553251
0.43208206
0.42264446
0.43544808
0.43843498
0.41701891
0.41088773
0.43765324
0.37505507
0.43587611
0.43537951
0.41403505
0.43465037
0.10989847
0.43922709
0.43590611
0.43726375
0.43601115
0.43532409
0.3685833
0.41764941
0.35154315
0.43771537
0.43125631
0.43833967
0.42040677
0.41402073
0.42352438
0.4329931
0.17655263
0.33820098
0.30343935
0.43427506
0.44833593
0.49530226
0.46610464
0.4826871
0.49826948
0.4477334
0.43840055
0.47278281
0.44777594
0.48927108
0.49071877
0.46387057
0.48882643
0.45691002
0.44592677
0.50408738
0.50524215
0.46340372
0.46048998
0.43142878
0.43217601
0.34905444
0.37808331
0.19848021
0.4150182
0.30351511
0.36252706
0.41443419
0.50201916
0.39305057
0.36945802
0.46169308
0.49239167
0.50333526
0.4923404
0.26882986
0.31892826
0.42482254
0.50960169
0.51026919
0.50376505
0.087923164
0.28945038
0.11215134
0.08055772
0.3567738
0.067111051
0.11033447
0.22675467
0.48851024
0.49945545
0.51197175
0.47850076
0.37150893
0.41440388
0.41541993
0.46164515
0.31680131
0.37827222
0.10074286
0.35103948
0.48934011
0.50535899
0.071913859
0.21254502
0.4655371
0.50370812
0.39899828
0.44734376
0.50378059
0.51134069
0.4836928
0.49176717
0.2322947
0.31761896
0.23249389
0.10568711
0.45821842
0.44291219
0.4676486
0.4990076
0.40086172
0.50260719
-0.0068100219
0.13225758
0.23494957
0.17298009
0.15024601
0.22161876
-0.011703354
0.20870124
0.050713496
0.071999054
0.21683075
0.29050292
0.11463203
0.026058159
0.3326594
0.034479242
0.2763269
-0.00067572149
0.081689369
0.050285001
-0.0093565531
0.046315534
0.016945327
-0.0017830732
0.023849589
-0.016813204
-0.016086298
-0.016563828
-0.0043753003
0.023170817
-0.00033451136
0.030246129
-0.0030114982
0.0035878508
0.030783294
0.010257349
0.10728408
0.218921
0.10482372
0.35551114
0.39673615
0.26271843
0.37218174
0.44838832
0.41699848
0.35203848
0.34949696
0.40889449
0.51674762
0.43933538
0.49685557
0.21026821
0.47351377
0.34637201
0.39420583
0.36278867
0.39384181
0.42632917
0.48872949
0.46967947
0.56903663
0.51875159
0.57340006
0.035070995
0.42623774
0.46028016
0.52118301
0.16044714
0.32063961
0.36710458
0.57013837
0.52917583
0.51703059
0.36462703
0.05013577
0.48932049
0.52455749
0.41206031
0.47319584
0.52938245
0.52279052
0.5342189
0.54861987
0.53018613
0.50401498
0.53369749
0.55886533
0.53126815
0.54033368
0.50395942
0.5224204
0.56336858
0.57180109
0.51883642
0.54964261
0.54151787
0.56550134
0.49893585
0.47688652
0.5613544
0.55897203
0.56809135
0.56864268
0.53766758
0.57557523
0.34776325
0.27966147
0.14101298
0.3084677
0.41700265
0.43942596
0.39608241
0.51778918
0.35454078
0.27817148
0.2464798
0.24780036
0.2741564
0.33979637
0.33746324
0.2544213
0.41157442
0.43757024
0.24476284
0.31158159
0.25351149
0.31548071
0.29354489
0.39608474
0.36889432
0.42062023
0.44231421
0.36732072
0.41690721
0.14292036
0.12117181
0.21053227
0.27868957
0.061443767
0.1182409
0.11799834
0.16604229
0.1556151
0.35541097
0.13870751
0.21591801
0.20873562
0.2872746
0.34886577
0.36341063
0.3312204
0.46910236
0.29983519
0.39639699
0.22390134
0.26962682
0.22772892
0.27352092
0.28353667
0.33577077
0.076345573
0.55398324
0.47821986
0.41935562
0.40284314
0.420977
0.39021932
0.19468989
0.12088618
0.45688647
0.26783196
0.4011928
0.40072822
0.35412879
0.37309407
0.39202979
0.15196911
0.56607002
0.49614013
0.081997935
0.39221023
0.37396261
0.56693945
0.35836193
0.31513909
0.28377638
0.28825761
0.40602357
0.4255583
0.4792835
0.45486694
0.46595782
0.058868459
0.12985729
0.11608825
0.26547576
0.31597717
0.25089189
0.53506548
0.53677797
0.11454756
0.066762929
0.4563387
0.41730994
0.42133517
0.48637971
0.47710365
0.19737323
0.31562951
0.37567557
0.25659616
0.52458649
0.51890522
0.48857586
0.41335723
0.5150227
0.52291253
0.49605584
0.51895688
0.53510399
0.54758127
0.48994127
0.45371728
0.57378142
0.57355613
0.34982423
0.16039266
0.52407058
0.5021484
0.45545714
0.43924034
0.45903215
0.43863656
0.42132857
0.37214104
0.45145889
0.29097592
0.42397589
0.37924592
0.4230384
0.3745804
0.37086815
0.33980196
0.3266717
0.3770191
0.32186851
0.19868458
0.28908762
0.324455
0.39322928
0.19951088
0.27572155
0.20432433
0.38935602
0.28130829
0.2830901
0.098576044
0.040849168
0.19074617
0.42895174
0.33907709
0.26031863
0.22192795
0.50410318
0.079037805
0.32558943
0.076510241
0.42834645
0.38307
0.22204331
0.15118251
0.31252266
0.26906635
0.38814389
0.18040685
0.43870865
0.47205166
0.28702673
0.29141496
0.088780308
0.042146094
0.14818247
0.49990231
0.47455369
0.30194205
0.20844836
0.51965333
0.2097436
0.52162136
0.52061441
0.52100166
0.50595899
0.50968132
0.48918555
0.49160774
0.48072551
0.47838064
0.48042299
0.47547881
0.48470276
0.48161106
0.46641392
0.46869517
0.4885241
0.49076825
0.47788434
0.47870513
0.4743671
0.47717116
0.4723815
0.46924242
0.47140048
0.46771096
0.46020046
0.46373756
0.46016969
0.46159398
0.48917342
0.49419306
0.49524991
0.49503364
0.48670096
0.48997136
0.48432564
0.48715566
0.46090905
0.46786636
0.45116211
0.45559322
0.46487871
0.460296
0.41533888
0.062705677
0.40445622
0.43914288
0.46519976
0.44874308
0.39056217
0.44862812
0.35251284
0.13559331
0.082930501
0.24714042
0.39831729
0.12386235
0.32605287
0.26642245
0.11518398
0.12826248
0.15055132
0.4121066
0.32967047
0.26859483
0.26388928
0.41235062
0.35203966
0.38817246
0.33837506
0.42134133
0.42479882
0.2516283
0.18662749
0.32479095
0.33341969
0.32389266
0.24278464
0.40867741
0.31437565
0.31706586
0.23423531
0.4358446
0.33565931
0.44443168
0.17907483
0.44846698
0.41646882
0.47238498
0.45488025
0.49363863
0.37395034
0.30898641
0.31692674
0.40239847
0.1386075
0.44490534
0.41708131
0.1032762
0.21789257
0.4788767
0.43696677
0.33793418
0.11828521
0.34015568
0.18671805
0.46327494
0.46359675
0.4622716
0.46570416
0.51525132
0.52326067
0.50880842
0.52163079
0.52369746
0.51937937
0.52082441
0.50999444
0.34033289
0.46513863
0.39032518
0.23730722
0.39815371
0.1143689
0.3804785
0.49391953
0.46334294
0.45412079
0.38401806
0.48979817
0.44128418
0.37569553
0.30705211
0.28151689
0.22200067
0.10980545
0.17691524
0.34233222
0.27657306
0.36594213
0.25596647
0.41591085
0.10321176
0.26649985
0.10337169
0.36933322
0.28997557
0.027315002
0.25904512
0.44027326
0.43696161
0.4373751
0.43788444
0.42796037
0.43185588
0.43448508
0.4330064
0.4287343
0.42468619
0.41462358
0.41340295
0.42840461
0.42619082
0.43288571
0.42950168
0.42386984
0.42585749
0.43276474
0.42927585
0.44761582
0.44566683
0.4492354
0.44687968
0.43239563
0.45604145
0.3985794
0.43111274
0.35634303
0.14314102
0.45604472
0.4590494
0.45715418
0.46160047
0.45813892
0.46191709
0.43720163
0.43570247
0.44105399
0.43347531
0.45311317
0.44968103
0.46112768
0.46298802
0.45011811
0.44248629
0.41154654
0.41035454
0.41134447
0.41615845
0.41458254
0.41223301
0.4137968
0.41380754
0.40926057
0.41260298
0.41506741
0.41617492
0.40620815
0.42463205
0.41239524
0.41838622
0.41184305
0.41820233
0.41151942
0.41673535
0.41002292
0.41445421
0.40754198
0.41721828
0.41577551
0.43023132
0.41087292
0.40925511
0.41329661
0.41673305
0.41544695
0.41722837
0.42140875
0.4216137
0.40806889
0.40862218
0.40390738
0.40056181
0.41509121
0.4200347
0.41249742
0.43193976
0.41307832
0.41893817
0.41765611
0.43496655
0.42288478
0.41948878
0.41988345
0.42715499
0.4247288
0.42773065
0.4103801
0.41649993
0.42430088
0.42742415
0.4166641
0.4214458
0.42059679
0.42335347
0.43122527
0.43264562
0.41400215
0.41461688
0.41088127
0.4066728
0.4090076
0.43407681
0.41266824
0.40654035
0.41594585
0.42192304
0.4100769
0.40753286
0.40794599
0.40783586
0.40733696
0.41799599
0.40956999
0.40563129
0.42837966
0.43355909
0.40501506
0.40330523
0.41408067
0.40823873
0.42113656
0.42744699
0.430355
0.42096142
0.40468752
0.4039479
0.41146837
0.41973236
0.42858836
0.43358305
0.43490262
0.43489677
0.43153181
0.42327277
0.4261434
0.42697598
0.4043676
0.40337537
0.39976093
0.4164114
0.40846308
0.40685614
0.25502662
0.40328372
0.43246041
0.40198045
0.43746632
0.43615145
0.43492494
0.42974862
0.43125305
0.42304703
0.42059279
0.42225992
0.40416118
0.40600917
0.4044292
0.40102905
0.40315578
0.4015075
0.40013573
0.40002284
0.40133218
0.40238485
0.40018865
0.40283911
0.40264692
0.4036579
0.40461366
0.41837179
0.42756143
0.43595361
0.18021079
0.43165146
0.42677583
0.40142257
0.40190191
0.40225704
0.40022677
0.4008403
0.19501523
0.43390751
0.3999921
0.40008117
0.36364374
0.40417974
0.40299748
0.40265634
0.40109436
0.40153663
0.40027674
0.39967222
0.39984566
0.43081633
0.40526129
0.17509201
0.3770211
0.23813751
0.40240543
0.40521896
0.40231034
0.40681825
0.40324072
0.40178096
0.40116635
0.40546748
0.40442096
0.40594909
0.40413335
0.40764961
0.40921013
0.4025495
0.40627703
0.40205416
0.42450153
0.40851697
0.41376728
0.43239837
0.25322432
0.40262216
0.40168498
0.40172048
0.40140777
0.40313301
0.40522898
0.40242966
0.40347063
0.40905769
0.40710735
0.41029986
0.4077699
0.42648935
0.37243634
0.20277572
0.34181951
0.40103995
0.40073459
0.43075909
0.42819155
0.43056434
0.39673805
0.097525197
0.13327187
0.40648952
0.40428967
0.40000307
0.40015474
0.40005571
0.40000474
0.40102895
0.40148753
0.40103572
0.40113744
0.40044356
0.40062741
0.3917258
0.40033751
0.17991395
0.27961101
0.44126919
0.4305629
0.266607
0.37781966
0.31346442
0.31375536
0.11089705
0.44271215
0.39476559
0.4060018
0.40871342
0.41007396
0.41303586
0.41540859
0.4183029
0.40301607
0.40093819
0.40024869
0.40046986
0.44188222
0.42523945
0.38294673
0.30410229
0.29851726
0.21792834
0.23390119
0.40151804
0.4045367
0.42558018
0.43386756
0.42296518
0.37683217
0.42975944
0.42063772
0.2704118
0.4113666
0.3682021
0.35431046
0.41613708
0.43421349
0.43679805
0.4206582
0.37154337
0.18344694
0.26563995
0.3635697
0.33154477
0.26256897
0.3874912
0.40541637
0.41828392
0.36864847
0.4768345
0.47416373
0.48845819
0.50405276
0.32886957
0.25611616
0.36161881
0.29813982
0.29778552
0.41723806
0.38178364
0.4173283
0.28135861
0.36981104
0.41326878
0.46400754
0.4949699
0.46776252
0.043039235
0.14647007
-0.015225766
0.00089152258
0.49925599
-0.0035875355
-0.0047167553
-0.018510489
-0.0027659944
0.49172333
0.49586658
0.4590056
0.52969173
0.55191396
0.51774287
0.51642678
0.51745646
0.53186811
0.49945681
0.50326469
0.51882569
0.55609876
0.47523687
0.52548769
0.4692076
0.50089984
0.4714928
0.41838106
0.46686115
0.43162995
0.55257212
0.54185337
0.56611252
0.57391783
0.21089754
0.090014118
0.31815337
0.080627929
0.44606803
0.3377891
-6.9926737e-06
0.21166484
0.51028645
0.46976324
0.47072227
0.47679973
0.49827177
0.14920455
0.12164595
0.11165806
0.33574818
0.30926866
0.30194474
0.16348225
0.1922689
0.24387992
0.03283692
0.18708537
0.11698262
0.18394738
0.18260485
0.32282794
0.42219235
0.39244167
0.39644143
0.32674252
0.27619796
0.32468768
0.41992012
0.32544985
0.47618826
0.3943129
0.31849438
0.17225192
0.26998317
0.24501726
0.059472402
0.098344007
0.50360303
0.47448621
0.4877489
0.47847206
0.43744249
0.4549119
0.43868731
0.43936162
0.44242128
0.44780686
0.40642904
0.4364917
0.39359509
0.1382638
0.56632884
0.56785208
0.47564032
0.45686412
0.46113635
0.41977338
0.48793153
0.066498333
0.19011142
0.47573956
0.49510403
0.35765575
0.31480264
0.37241135
0.069311357
0.42404048
0.39453816
0.47229236
0.47685575
0.4715666
0.47061844
0.47469549
0.47178531
0.22971249
0.30041532
0.12388169
0.11008432
0.097276528
0.29937828
0.11210025
0.22127006
0.26184423
0.090418974
0.1306761
0.18936421
0.45476663
0.47355393
0.49481295
0.48897187
0.44983194
0.41747137
0.28073121
0.17123956
0.19046494
0.2410136
0.25763926
0.13545932
0.49788701
0.51684122
0.5019625
0.51514931
0.52030819
0.51568388
0.52038633
0.52213168
0.5092019
0.52527952
0.52548296
0.52733284
0.50992089
0.51904997
0.51167723
0.51575309
0.51097028
0.51618412
0.52215425
0.51214192
0.5185583
0.51791278
0.50599779
0.5104185
0.52501134
0.52796872
0.52872929
0.52003114
0.51845468
0.52444141
0.16136157
0.32527296
0.33701223
0.16852047
0.20404851
0.23149503
0.19850008
0.43405529
0.1081667
0.098487886
0.067592939
0.21575748
0.4322481
0.43261875
0.42816371
0.42623513
0.42599117
0.42725619
0.42193068
0.42528216
0.42378891
0.41757806
0.42013867
0.42841318
0.43124917
0.40528732
0.35548993
0.4538278
0.45047179
0.44824625
0.45472416
0.44422364
0.44586883
0.45696154
0.46264015
0.46284059
0.46249736
0.44411864
0.43785508
0.42892382
0.42862212
0.42305347
0.42889237
0.42039174
0.41435589
0.4249541
0.42324348
0.41915493
0.41758576
0.45166438
0.45638544
0.46504225
0.4631557
0.46132095
0.45596054
0.43507934
0.42871696
0.4216903
0.42454913
0.401375
0.40248249
0.40100945
0.40004672
0.39994956
0.40027594
0.40041179
0.38825609
0.40648288
0.40036704
0.40140199
0.4003964
0.40225913
0.40072185
0.40134411
0.40025342
0.40001064
0.400393
0.40047465
0.40061951
0.40034919
0.40050231
0.40006475
0.40042609
0.40013804
0.40022966
0.40605361
0.40813439
0.41235296
0.42676182
0.41284851
0.37725372
0.08643682
0.33899
0.25891269
0.38110076
0.21097546
0.24232029
0.33299406
0.33054389
0.31729174
0.09037542
0.27503223
0.40135816
0.40051916
0.40178283
0.40064599
0.40258135
0.40339658
0.40022546
0.40072416
0.40084394
0.40003041
0.40019029
0.40020226
0.40018277
0.20552646
0.14447585
0.41371477
0.41832206
0.37863365
0.38575301
0.15249115
0.35066219
0.42530869
0.42669082
0.37671609
0.34353276
0.3576842
0.4076972
0.42173393
0.41497245
0.3960239
0.37073231
0.41827682
0.17148549
0.28392635
0.3712241
0.38112402
0.28600747
0.33211986
0.1857541
0.22090338
0.25239758
0.23920888
0.43191172
0.44652975
0.46283679
0.48724878
0.37948156
0.43198957
0.49169337
0.50296843
0.50805812
0.51101742
0.50598287
0.51185129
0.50442383
0.50871509
0.013498695
-0.0095496185
0.0028645194
-0.017787237
0.56473887
0.55031768
0.43503635
0.43765939
0.49747659
0.51178785
0.52112535
0.49418202
0.510948
0.53751683
0.52870613
0.56070964
0.46817317
0.49824273
0.56984617
0.56955727
0.57025534
0.57588872
0.55819624
0.57624336
0.57358744
0.57501938
0.56170546
0.57361647
0.54043234
0.55417944
0.56853802
0.57615905
0.5742638
0.57604207
0.56910645
0.57106613
0.57586053
0.5747823
0.57445294
0.57155203
0.56842242
0.57355041
0.57560408
0.57458916
0.57335468
0.57373946
0.26047972
0.18933299
0.18846673
0.22613321
0.098094678
0.1765327
0.36851175
0.023313418
0.00025131297
0.45003862
0.42965166
0.44602636
0.27765657
0.56774206
0.43753614
0.47439409
0.49363548
0.47421605
0.51993752
0.52075453
0.47800563
0.55497889
0.50119218
0.54145987
0.15059995
0.038106397
0.038712232
0.113503
0.23521755
0.23867916
0.15161708
0.09464912
0.28385526
0.3479849
0.064500952
0.092976203
0.22982524
0.28678715
0.20984367
0.22699467
0.1638306
0.060614639
0.061794322
0.23644715
0.08910317
0.18326195
0.25146934
0.17727798
0.089774162
0.41881319
0.44119964
0.37696295
0.41341603
0.56023261
0.559408
0.32496226
0.25943123
0.41825409
0.24403445
0.35953239
0.28778195
0.34603172
0.042277172
0.3396997
0.29122493
0.058309185
0.092346579
0.30475339
0.34602684
0.208999
0.053568287
0.27373758
0.20118956
0.35318703
0.42269684
0.38550724
0.35432632
0.51466445
0.4086748
0.3451643
0.27492262
0.38785356
0.42196996
0.35645015
0.42073586
0.47868803
0.43670652
0.43029073
0.46610331
0.4256677
0.47709574
0.40842891
0.39069202
0.30871139
0.088466079
0.38317001
0.38259084
0.44734777
0.27480462
0.29008419
0.20676548
0.39251331
0.38155192
0.43611535
0.41260906
0.35791372
0.27096815
0.4700098
0.39004831
0.3819175
0.28173814
0.44606377
0.47681905
0.41327368
0.3593838
0.27399075
0.074865064
0.48400142
0.5092242
0.50016641
0.21729129
0.42813604
0.50260093
0.30735853
0.25547886
0.45146405
0.49642341
0.51975352
0.53005847
0.49512299
0.52304529
0.4846835
0.496663
0.52997448
0.55969223
0.51487893
0.5115057
0.54846757
0.39846661
0.45121869
0.43341064
0.39060788
0.57045423
0.50396551
0.48937238
0.54896931
0.56246154
0.53170315
0.35155909
0.077837625
0.34629014
0.47115657
0.45905802
0.51848189
0.53238268
0.50958154
0.54728382
0.39860188
0.42546034
0.43319631
0.43279162
0.53784235
0.21921445
0.488542
0.51235906
0.47224566
0.50029164
0.54183584
0.51955761
0.54998352
0.52361313
0.47748216
0.49386604
0.25719623
0.57286803
0.5648707
0.27409228
0.53506229
0.54876826
0.55394015
0.57452998
0.56017554
0.57092315
0.57673679
0.57347629
0.53779364
0.53166896
0.55006953
0.56258963
0.56864393
0.57164714
0.54158616
0.53623166
0.55871624
0.56781668
0.56634674
0.56653618
0.53261946
0.55206662
0.52485318
0.52605824
0.45475223
0.55148756
0.56678061
0.57506213
0.5663722
0.5613683
0.56688252
0.57433122
0.57223164
0.57412973
0.57082132
0.5385688
0.57541481
0.57413692
0.5667444
0.55192863
0.57241541
0.57264474
0.4611985
0.45461304
0.57377725
0.57573923
0.57270859
0.57221987
0.57386917
0.57084511
0.57455009
0.57305541
0.57587174
0.57537508
0.5743121
0.56491495
0.19927869
0.13304335
0.25765134
0.23545195
0.23360657
0.1002341
0.091938964
0.1663593
0.21250007
0.056112301
0.15830093
0.080261377
0.068195379
0.031429639
0.13817293
0.074762127
0.23168994
0.50043725
0.49274333
0.50301227
0.48890916
0.042721251
0.16790988
0.19618921
0.045051366
0.085913161
0.52374988
0.52686583
0.52655344
0.52841498
0.52243445
0.5265202
0.52720274
0.53123683
0.53057042
0.52530998
0.3905266
0.4396492
0.40510978
0.19580021
0.16746613
0.23397689
0.044832657
0.064733167
0.1078838
0.17026363
0.03082673
0.26754985
0.27193061
0.28247087
0.25416548
0.29515942
0.15441563
0.36396815
0.35448068
0.17209698
0.21131679
0.28474196
0.34794589
0.30019848
0.1415803
0.45060677
0.45315466
0.42697346
0.430608
0.4006737
0.40055741
0.4195328
0.40167058
0.43447905
0.42801114
0.42247829
0.41771739
0.40870434
0.41384122
0.41069194
0.35877094
0.23849701
0.35692925
0.26472183
0.4007049
0.40013165
0.28042404
0.10722649
0.25178529
0.19970371
0.33055984
0.10952954
0.12047368
0.089053981
0.094530637
0.1195712
0.23504523
0.079842399
0.053875024
0.18083303
0.061283269
0.26084822
0.31663389
0.49434211
0.48512852
0.43408245
0.44796979
0.47738644
0.46439736
0.50786506
0.50537666
0.51078299
0.50847979
-0.010651536
-0.010766326
0.0014379379
0.0022588013
-0.010539817
-0.010437582
-0.021394578
-0.015380498
-0.001478857
-0.020737912
-0.017932962
-0.0098237713
-0.014923241
0.41625424
-0.016019303
0.45913593
0.45875767
0.49924771
0.49519683
0.50164221
0.5394922
0.55048172
0.56670442
0.5671129
0.55011858
0.56104338
0.56669071
0.57412011
0.56220062
0.57137779
0.57176931
0.5730522
0.55643217
0.57424051
0.5761972
0.55861306
0.53989814
0.56183448
0.57566429
0.57682474
0.57649023
0.57680619
0.5718275
0.57662564
0.57081062
0.57432377
0.57579245
0.57164256
0.57689446
0.57701528
0.57136679
0.57322979
0.57679963
0.5767942
0.57606044
0.57673646
0.57313032
0.57426762
0.57587508
0.57529071
0.57029055
0.57305321
0.56267239
0.57265833
0.51709078
0.54180106
0.56438375
0.56803251
0.563027
0.55564617
0.5558871
0.55676995
0.53422563
0.57205492
0.55461896
0.52844037
0.55872469
0.56537286
0.57610454
0.57473259
0.57544396
0.57494041
0.57081368
0.57302548
-0.0093227543
0.089446003
0.25957391
0.4583789
-0.010922868
0.036099684
0.39368981
0.4365311
0.28783102
0.37075707
0.48638515
0.51218264
0.43629563
0.45343526
0.27433655
0.26730183
0.19586648
0.23276665
0.34893124
0.19823408
0.31634688
0.18026945
0.24146083
0.27367934
0.31716798
0.087503682
0.22634199
0.45913999
0.077988515
0.081369578
0.47291634
0.4992665
0.49040652
0.48652414
0.53962576
0.38031393
0.40393889
0.56463743
0.13048554
0.56085362
0.57489014
0.56957738
0.56854444
0.56876722
0.47744415
0.51722209
0.40056439
0.5727892
0.41964746
0.57499505
0.57400709
0.076824297
0.18482162
0.12026392
0.19968025
0.10821744
0.13728709
0.041071467
0.18083415
0.071966253
0.1873742
0.063057067
0.044135084
0.1762021
0.20028736
0.089411401
0.4075555
0.43093232
0.42459147
0.4277481
0.42181576
0.41419763
0.41176356
0.4069142
0.40483615
0.40244484
0.40685671
0.42159749
-0.016332986
-0.012695485
0.52760708
0.53390062
0.54066338
0.53465746
0.57576515
0.5569911
0.57576649
0.57553558
0.57570768
0.57605999
0.57649461
0.57563549
0.51700974
0.53889341
0.57517561
0.57491056
0.5391189
0.55522508
0.57587795
0.57531082
0.57640266
0.57215862
0.57471211
0.57509987
0.56727908
0.57381076
0.57572502
0.57660201
0.57608423
0.56726404
0.57465573
0.57586214
0.57519391
0.56855575
0.57322181
0.57180231
0.57318622
0.56761878
0.57453874
0.56981774
0.56352244
0.55358076
0.57559311
0.56489134
0.56991223
0.56099559
0.56323972
0.54667878
0.54140373
0.56149318
0.54954258
0.5506194
0.57280269
0.57356635
0.5724759
0.5703035
0.5733373
0.57526016
0.57447753
0.57111628
0.57384078
0.57432057
0.13032066
0.10015091
0.12904442
0.01748596
0.074936096
0.25220006
0.27919574
0.252965
0.21631486
0.21514682
0.2862882
0.35262162
0.24721163
0.31783212
0.19165824
0.34020411
0.35293858
0.3357229
0.21818633
0.30409569
0.19465786
0.21470916
0.40639585
0.42283234
0.1957612
0.16988537
0.090231299
0.15130485
-0.013068122
0.25921813
0.17188619
0.23813778
0.33842123
0.40732742
-0.011843636
0.043259292
0.34149994
0.39390686
0.25742192
0.37000026
0.23373546
0.30799336
0.4024785
0.34901705
0.023606339
0.36823698
0.36145332
0.41092174
0.33385088
0.36344653
0.45091822
0.46146198
0.47561527
0.56925648
0.40434463
0.40900364
0.47264508
0.45057359
0.30227071
0.39140669
0.5314415
0.45839395
0.44029149
0.4767967
0.18169268
0.24624156
0.14209287
0.28273406
0.11749972
0.2435826
0.093815496
0.17761857
0.25936944
0.30071801
0.19170348
0.11008999
0.11652713
0.21299866
0.10514306
0.15685906
0.56909625
0.31333669
0.13610328
0.23829959
0.34113651
0.55058789
0.52076221
0.43417411
0.54039967
0.43238556
0.54341326
0.34473395
0.17275811
0.3582374
0.55844913
0.39789231
0.34116108
0.47459743
0.35554217
0.4740982
0.24616575
0.56508256
0.34079711
0.55988788
0.56854027
0.55711306
0.23952541
0.31375045
0.20557716
0.37657935
0.28209601
0.27279126
0.16725279
0.084655907
0.16229811
0.30476122
0.19771304
0.16006017
0.18392402
0.4462678
0.16387551
0.47439657
0.5470438
0.54306577
0.49572403
0.46189639
0.56299053
0.50492487
0.5565202
0.55020144
0.40476053
0.46493731
0.51368037
0.27485817
0.46788917
0.41149964
0.52506669
0.49912096
0.51489958
0.53080987
0.56769035
0.56270072
0.5597306
0.55755629
0.50791448
0.50838143
0.54795342
0.56572141
0.56330226
0.36825356
0.5575346
0.56294028
0.22533526
0.57071685
0.4723363
0.55695136
0.56662665
0.48571674
0.56990096
0.54659152
0.27816641
0.55523395
0.57100866
0.31324239
0.48700302
0.53821216
0.51318593
0.55074212
0.53103101
0.56061044
0.43883324
0.54389906
0.57335303
0.57159397
0.54708777
0.18375879
0.56123385
0.54686087
0.51592523
0.35640002
0.54570933
0.48009533
0.50731569
0.56869209
-0.010673188
-0.01617593
-0.0097823682
-0.0046978282
0.067293279
-0.019184606
0.028659777
-0.0080411726
0.015224355
0.48686232
0.46668387
0.4855393
0.53109471
0.097402155
0.070357947
0.26848959
0.0307907
0.16796478
0.09738467
0.18417
0.27427487
0.20421693
0.43169513
0.54789012
0.041762891
0.38107648
0.44711662
0.12873067
0.2278871
0.43021022
0.40343145
0.39981463
0.40507536
0.39999044
0.40232456
0.41743753
0.40215287
0.40074273
0.57091125
0.57226891
0.57577246
0.57247354
0.57646253
0.57321203
0.57225234
0.56800822
0.54530897
0.53949517
0.51008672
0.52538959
0.48728892
0.51368887
0.53901178
0.52045366
0.53653382
0.55185143
0.55841438
0.55193274
0.5181935
0.54665401
0.49286793
0.54954573
0.53708388
0.53554623
0.57384781
0.56361225
0.54956282
0.56108339
0.56514149
0.56763899
0.56342313
0.55789333
0.56439497
0.56447434
0.57246245
0.56617506
0.54419463
0.55492197
0.55436111
0.54406599
0.55172282
0.56315211
0.56532199
0.56685241
0.57456604
0.57146208
0.56077532
0.56771667
0.55974121
0.56714438
0.56957923
0.57126997
0.56928142
0.57357009
0.56718868
0.57129651
0.57334397
0.57238522
0.5744796
0.57148289
0.57226212
0.56505228
0.57213842
0.55593099
0.56023419
0.55561206
0.54702188
0.55617986
0.56639007
0.55889495
0.57528897
0.56073298
0.55320338
0.53546455
0.56476976
0.56901803
0.5583362
0.55296852
0.57242239
0.57671807
0.55837378
0.54867355
0.54680622
0.54658801
0.56430848
0.56087664
0.56574208
0.57011024
0.57461519
0.57443529
0.18526053
0.24521057
0.42536972
0.41717006
0.36862583
0.41082717
0.1244978
0.029521255
-0.0091639188
0.074636992
0.4643484
0.48464752
0.48794708
0.51919541
0.45535441
0.40465732
0.57035954
0.56899353
0.5591543
0.56571757
0.51501701
0.55015694
0.42384252
0.21277681
0.35897526
0.51999232
0.40443101
0.55244334
0.54299027
0.53522594
0.55130061
0.53638527
0.55915214
0.54742791
0.56395047
0.55735682
0.56548479
0.56757445
0.56075811
0.57106502
0.57059212
0.57166264
0.56786282
0.57143746
0.051878049
0.014294464
-0.014082228
-0.012489716
0.038906871
-0.0040114823
-0.016555348
-0.0056872805
-0.018720513
-0.013872242
0.19605043
0.0075045657
-0.015217985
-0.0093526627
0.010804548
0.10630213
0.1313094
0.12167498
0.070263268
0.18610752
0.014192194
0.053430852
0.025575976
0.0086552056
0.030817495
0.031279501
0.048078976
0.094237933
0.09726159
-0.0093127237
0.060178539
0.010322877
0.044319582
0.00023170387
0.058234395
-0.0028757718
0.047733641
-0.0082072225
0.0081197466
-0.0025017647
0.033926119
0.06546705
0.042397556
0.51392848
0.49679258
0.50687134
0.48519635
0.45431818
0.44603152
0.45829503
0.48276777
0.477337
0.48127524
0.5301417
0.51456872
0.39128378
0.50103274
0.54015327
0.55109143
0.50089883
0.4852577
0.56328252
0.56375837
0.55067072
0.5673792
0.54703505
0.37227679
0.35582701
0.53892448
0.51433844
0.55909788
0.39193656
0.53887327
0.56230459
0.3033274
0.48572718
0.50667108
0.31686173
0.45808688
0.50852619
0.57039263
0.56832227
0.30891835
0.50693015
0.53712484
0.56502658
0.50866407
0.47140284
0.38974767
0.49668343
0.43543089
0.56852117
0.55621309
0.49372024
0.51141401
0.51751855
0.51719995
0.3230204
0.16234994
0.37484459
0.56897173
0.3489604
0.19094621
0.52616041
0.43552987
0.55210557
0.54051795
0.49626698
0.32224045
0.56347384
0.53714303
0.52694493
0.5420662
0.54649686
0.5545804
0.56314918
0.55463767
0.56272249
0.28686358
0.4435336
0.45595512
0.48752424
0.37496696
0.57100009
0.2255311
0.14194283
0.30851768
0.56110599
0.48517647
0.55933013
0.40778332
0.39200206
0.13498685
0.56925623
0.56811853
0.43475623
0.50566996
0.5704667
0.24437616
0.13047593
0.56082818
0.56680958
0.35376172
0.22290963
0.37500593
0.2395368
0.51734879
0.27765668
0.56780257
0.56371034
0.31948056
0.28729379
0.062678218
0.22639039
0.52279722
0.45282471
0.41559071
0.5298652
0.30749202
0.037096593
0.24591755
0.28984747
0.41482255
0.31727769
0.56409328
0.56316052
0.56524343
0.56686719
0.5670301
0.56658287
0.56313832
0.48118581
0.56870079
0.42492221
0.41751314
0.21206106
0.56583771
0.55728287
0.53704698
0.5369389
0.48643604
0.17564574
0.13532135
0.50497995
0.28321016
0.45101761
0.46527544
0.56664798
0.52477903
0.3652815
0.03364777
0.37580714
0.26140781
0.18792169
0.070075226
0.038149285
0.15563978
0.50746168
0.44557963
0.46457958
0.52085655
0.56925584
0.48515403
0.54939264
0.55615814
0.54373654
0.47959149
0.506188
0.46316188
0.39347463
0.53641322
0.55715004
0.5402566
0.54336017
0.44584416
0.41500711
0.43149865
0.55563469
0.46301167
0.30103069
0.2909429
0.17368758
0.54915954
0.55337981
0.54288737
0.54946783
0.5291812
0.54766695
0.51876151
0.5229598
0.55900214
0.56362331
0.52852222
0.54880969
0.44671076
0.37943181
0.30673026
0.42086344
0.46318877
0.47769765
0.3475181
0.35064788
0.47778195
0.55803014
0.50683401
0.53742515
0.56139085
0.5198187
0.37735205
0.32622106
0.30864192
0.4779499
0.3598226
0.39670856
0.29118272
0.41257986
0.45276493
0.52491175
0.39080543
0.26681664
0.08685323
0.12527166
0.44999873
0.4752807
0.56167716
0.4389605
0.13823723
0.5325189
0.21915847
0.32159057
0.54693407
0.47745565
0.48535277
0.45429319
0.4971685
0.50156247
0.47113614
0.35095642
0.33673143
0.47283465
0.52449227
0.50822727
0.28814207
0.45359124
0.25408995
0.50341527
0.34883817
0.53681928
0.17929426
0.54266548
0.49095416
0.40235435
0.41161984
0.22473288
0.52918197
0.55584886
0.51824387
0.53529814
0.43972209
0.46858217
0.3622873
0.36260712
0.44766485
0.41240087
0.40093441
0.16020111
0.14934745
0.23860363
0.29573439
0.53220199
0.52276252
0.53404085
0.53496118
0.516291
0.50211356
0.45146442
0.45085481
0.40065941
0.36396133
0.40191279
0.54262033
0.52676999
0.38016131
0.43618227
0.42176529
0.42677448
0.42045775
0.25252716
0.37277492
0.43698249
0.42511595
0.45688728
0.54680694
0.46199189
0.48603115
0.43246207
0.48025274
0.38219321
0.27751809
0.32265653
0.46218969
0.5214924
0.549181
0.47947979
0.52083162
0.53442289
0.50783272
0.50380611
0.53978774
0.54576904
0.53974932
0.55063639
0.53049026
0.54389474
0.53705202
0.54893147
0.55870587
0.55643575
0.54748382
0.54718519
0.53920022
0.48589061
0.48598147
0.49505565
0.33114049
0.39321391
0.17249452
0.36525117
0.3189289
0.50624932
0.48411515
0.52303551
0.51634973
0.55953182
0.53724267
0.52709227
0.50169444
0.31792126
0.35007902
0.29714011
0.23021188
0.22306093
0.1478484
0.28526164
0.11509525
0.068700553
0.13879024
0.29587651
0.22165116
0.35351619
0.27384599
0.17745682
0.072363568
0.50259823
0.48604845
0.54683632
0.55028992
0.49299066
0.50902273
0.43420906
0.39186267
0.55943842
0.5529023
0.54900278
0.55342147
0.46130798
0.40694005
0.56542156
0.55965896
0.55042351
0.53987655
0.46372154
0.44417367
0.56151838
0.50199515
0.55873146
0.54668081
0.5075487
0.52752518
0.56648472
0.56629027
0.56483289
0.56055014
0.55018823
0.55582709
0.53584543
0.52692142
0.55723587
0.56259253
0.56549035
0.56474004
0.5631239
0.56508258
0.55445199
0.56086211
0.56488501
0.56455524
0.55600968
0.56285606
0.56577285
0.56452475
0.56608796
0.56365927
0.56105705
0.51748912
0.56608475
0.56644144
0.55630199
0.55179813
0.56172661
0.56014433
0.52110166
0.53669494
0.55545611
0.56094481
0.55886425
0.56083109
0.55170867
0.54038557
0.56079327
0.5530648
0.56253676
0.56151533
0.55316793
0.54763838
0.53358656
0.51768921
0.56094439
0.56174444
0.55914552
0.54143498
0.55284124
0.56049056
0.53534573
0.53471155
0.53463382
0.49424214
0.53305203
0.54046493
0.54116935
0.46735808
0.52159689
0.49512822
0.56212949
0.54024818
0.55881803
0.55949071
0.5600171
0.55973862
0.55926052
0.54860679
0.5548959
0.56255111
0.55902081
0.56039176
0.56229601
0.56352644
0.54921381
0.55405548
0.55620974
0.54274433
0.56384201
0.56391987
0.56361417
0.55470851
0.56062551
0.5501532
0.55546268
0.55663855
0.54958802
0.55867616
0.55587667
0.55883407
0.53670908
0.4635323
0.55891518
0.5572961
0.5268704
0.55440714
0.53991878
0.5582216
0.55793882
0.54860438
0.5588885
0.5480263
0.54275277
0.54098996
0.54860324
0.54312635
0.54957325
0.5534112
0.54670416
0.55285355
0.54824743
0.5296006
0.56273334
0.57298354
0.56518223
0.57203665
0.040500177
0.13369608
0.183544
0.24698628
0.22876333
0.17177683
0.15256657
0.15178609
0.4266025
0.40191005
0.41393555
0.34350606
0.27209159
0.29329094
0.4102062
0.40566622
0.42662174
0.4035258
0.41782141
0.40058701
0.41011036
0.4039229
0.33010475
0.35246857
0.4036798
0.41319444
0.39042107
0.40749269
0.40148483
0.41848966
0.40538538
0.40091667
0.40189132
0.40397199
0.40276192
0.57526899
0.57190162
0.51494527
0.53783435
0.51464245
0.53126215
0.48873679
0.50728355
0.54728877
0.55696645
0.52993053
0.5143838
0.54897525
0.55803034
0.57205792
0.57204495
0.56737718
0.56058248
0.57313443
0.5712349
0.54619551
0.55583757
0.57550043
0.57219889
0.55195148
0.55285844
0.57681067
0.57469574
0.55235485
0.55770277
0.5375059
0.5387134
0.53580489
0.53830797
0.50435992
0.5043457
0.48763375
0.48401215
0.15682265
0.10562223
0.40100195
0.35723371
0.54925844
0.55102075
0.031062897
0.12595778
0.034289802
0.24476809
0.080788473
0.14703533
0.16033097
0.065243845
0.44134883
0.044535983
0.44016256
0.041235925
0.49978997
0.51952285
0.48070116
0.51347431
0.5572537
0.56110704
0.5644764
0.56785393
0.56255207
0.55895619
0.56023135
0.55912499
0.56547365
0.56581029
0.57096335
0.57140547
0.57039463
0.57280568
0.57254619
0.57244618
0.56986262
0.56885589
0.56838651
0.57057547
0.1977774
0.12342832
0.073934804
0.069477377
0.56085667
0.56139201
0.56514259
0.56172985
0.55306736
0.548439
0.38289431
0.39876474
0.39794562
0.39786255
0.18347341
0.045228588
0.18490811
0.14933026
0.073431647
0.04985557
0.075188234
0.50769747
0.49529627
0.52662584
0.52531695
0.50006809
0.48597111
0.47453492
0.47605513
0.33272523
0.36638742
0.041953848
0.28885802
0.16193723
0.23605784
0.36763966
0.31654611
0.26984333
0.3142622
0.19923515
0.039408888
0.22896186
0.23048516
0.286758
0.038039824
0.55442818
0.55975999
0.55315335
0.55656864
0.55625366
0.56240113
0.54919305
0.5628892
0.56183271
0.56129678
0.53327534
0.52147022
0.52191333
0.51289161
0.48496089
0.50447966
0.48056134
0.46567241
0.49477906
0.4741613
0.48520012
0.50602348
0.54989292
0.54003704
0.55804514
0.56424095
0.56355477
0.56298862
0.56278315
0.55869382
0.55777247
0.55580153
0.55845152
0.55483414
0.52373309
0.52792289
0.55774621
0.55539433
0.56506652
0.56244913
0.56807758
0.57114766
0.56791784
0.56732256
0.28699122
0.23485543
0.34447439
0.35813955
0.14087863
0.045723512
0.22660254
0.063609818
0.062267103
0.06934536
0.16156307
0.23675637
0.22131476
0.29838226
0.28927402
0.40403998
0.40370006
0.50737035
0.5101167
0.57457883
0.57631986
0.51695852
0.5278431
0.21813552
0.17502669
0.074983798
0.040041315
0.32576185
0.32538665
0.54835594
0.55176769
0.5515361
0.55736025
0.5622305
0.56098731
0.50562326
0.52756704
0.52119588
0.52607621
0.50449321
0.54790073
0.54236756
0.55574586
0.55566257
0.54083105
0.50880668
0.54328165
0.52860279
0.52749359
0.40123801
0.50404486
0.53612509
0.52580198
0.52458549
0.54931331
0.5525325
0.54659774
0.54171724
0.2970106
0.55297002
0.55270257
0.34340253
0.21179041
0.13322906
0.5266306
0.52847579
0.52579277
0.44664147
0.49152951
0.44289982
0.55715606
0.5593635
0.52884729
0.50961316
0.49092093
0.45335602
0.5412311
0.54165696
0.53633109
0.53626297
0.49043086
0.4637585
0.48101622
0.48611725
0.51736193
0.53178206
0.54858196
0.54267287
0.54325975
0.52859209
0.49365591
0.52789441
0.50504122
0.4648681
0.51034414
0.50821799
0.47090801
0.30630103
0.49335326
0.49354008
0.50499938
0.44612669
0.45529575
0.49064107
0.45473479
0.42817786
0.53041457
0.5361124
0.48569588
0.4813134
0.48505435
0.50875118
0.51349231
0.52799273
0.50680057
0.52426567
0.53622479
0.51799974
0.52606501
0.50586441
0.50421779
0.45812986
0.46245958
0.4431741
0.46419386
0.41619184
0.47346639
0.43119668
0.4735513
0.45800467
0.34681341
0.40315471
0.43129741
0.41501309
0.49215758
0.48914361
0.42862515
0.41431385
0.46722041
0.48743261
0.39559993
0.42975937
0.37518624
0.41344564
0.35158954
0.27102704
0.37513837
0.14973117
0.34504659
0.29792549
0.4729847
0.47126488
0.4268308
0.41811746
0.46375451
0.39765831
0.46175679
0.39265721
0.42052678
0.44102623
0.29689933
0.37323513
0.34755378
0.25255707
0.40420004
0.36073405
0.39103443
0.34529279
0.40305962
0.43739453
0.38618724
0.35982457
0.38767181
0.37337622
0.30150582
0.33516839
0.3482672
0.1728876
0.12927928
0.24424284
0.40359338
0.34879348
0.42794965
0.43316247
0.24781601
0.31857472
0.24543171
0.21058131
0.29196349
0.22274847
0.22407325
0.33171426
0.22797518
0.32932882
0.060135365
0.30586913
0.2032267
0.36402928
0.26721173
0.20478746
0.1877192
0.13998213
0.16982488
0.14300346
0.20010623
0.14368351
0.036297749
0.18895746
0.14972653
0.14877619
0.15101525
0.019283229
0.096455111
0.27080595
0.11885746
0.13368167
0.04132422
0.012616414
0.21819477
0.062961376
0.20222221
0.088761915
0.071764177
0.066423634
0.025153798
0.075640141
0.013059144
0.034258174
0.085297367
0.041063629
0.03212687
0.032087908
0.50614775
0.02313419
0.52478689
0.50960368
0.49286064
0.40151674
0.3956063
0.43463211
0.43131853
0.48225273
0.48911189
0.36650523
0.31657987
0.28852409
0.36111098
0.25830965
0.30179079
0.10378443
0.072516548
0.26101924
0.20967611
0.25212811
0.25457046
0.21354178
0.14614057
0.10319496
0.2056093
0.25921038
0.11351636
0.041425967
0.20283437
0.17359301
0.17253957
0.094845171
0.046072866
0.046236311
0.12107633
0.02436509
0.11226829
0.031632632
0.092961644
0.26992363
0.057907672
0.18404688
0.15712074
0.10328181
0.057214909
0.10392158
0.20602876
0.059966225
0.14048555
0.02936908
0.29864868
0.22708376
0.23039977
0.24210968
0.20547514
0.31486054
0.17720122
0.23480561
0.13786577
0.097753839
0.060145272
0.13785103
0.16813363
0.020369144
0.097786346
0.32145294
0.2678252
0.2048456
0.1669988
0.24050138
0.1369647
0.45221
0.48593877
0.52672261
0.52872016
0.50224986
0.48840805
0.51113143
0.49386669
0.56154303
0.55750542
0.55259858
0.55437749
0.56090644
0.55845621
0.35405541
0.36490877
0.37552828
0.4153348
0.4922687
0.48323659
0.22653769
0.14412519
-0.014185463
-0.0065534752
-0.017128159
-0.012925025
0.52447194
-0.018553215
0.52738827
0.52582326
0.52672416
0.49103752
0.48160429
0.42296428
0.39724715
0.52836819
0.52412873
0.18928288
0.059820736
0.56604666
0.56251378
0.19420181
0.089734128
-0.014755284
0.27410101
0.16091155
0.33158811
0.28449531
0.028736427
0.002688195
0.0027301698
0.03545844
0.44817531
0.45703538
0.48661361
0.45822943
0.27499313
0.32742223
0.48272541
0.5055683
0.070276244
0.18043313
0.06904195
0.11179734
0.14244039
0.037098535
0.063339297
0.11668733
0.12361579
0.063789521
0.20180699
0.042627445
0.14961505
0.12816456
0.56717246
0.5641387
0.56757071
0.56690957
0.48151768
0.4799813
SCALARS T float 1
LOOKUP_TABLE default
0.1620772
0.8181524
0.87198529
0.90747945
0.89688881
0.9996653
0.85803101
0.89281033
0.85085723
0.64653972
0.0020674843
1.0861266e-14
0.99969382
0.090149975
0.50463915
0.94715688
0.92602508
0.89918788
0.6971737
0.44815985
0.99980914
0.99978571
0.69702429
0.82565095
0.87148294
0.98711363
0.98186503
0.87643002
0.93185371
0.99962655
0.91105946
0.73325177
0.0058655447
0.66422754
0.92388021
1.4904212e-05
0.0068795578
0.0030954029
0.35713154
2.1121156e-05
0.74000647
0.0083725038
0.90279053
6.7412908e-06
0.89898427
0.90401535
0.8737861
0.91264337
0.66085563
0.81831055
0.68656338
0.99983646
0.91815566
0.93538496
0.85972121
0.9507777
0.7819153
0.97376766
0.99925647
0.98333572
0.86505608
0.81499627
0.81860329
0.7936578
0.8921825
0.79563288
0.52213419
0.68183546
0.70405641
0.60092475
0.57787234
0.49389138
0.92756961
0.69857703
0.48089198
0.72805017
0.5320449
0.4864143
0.28159956
0.26769094
0.68502336
0.39210937
0.41272632
0.49860007
0.92704253
0.93762914
0.99915845
0.98465716
0.74877127
0.58626262
0.15889776
0.21915646
0.72194782
0.69597534
0.49523861
0.43044951
0.77249274
0.71034904
0.70647806
0.44109301
0.57388624
0.4947222
0.014725007
0.01162597
0.40741902
0.55544177
0.56031603
0.44400263
0.5697395
0.3664067
0.14593461
0.16347022
0.41548349
0.30944255
0.2367684
0.39541966
0.31939437
0.2604296
0.2411684
0.17753179
0.19427669
0.21971676
0.44680228
0.13980211
0.19789871
0.061264867
0.22761352
0.14570022
0.028258528
0.54378065
0.31696002
0.29389614
0.17237616
0.39211983
0.37854458
0.27422222
0.66868088
0.22604491
0.14103264
0.090748073
0.52449194
0.56277528
0.53322122
0.6532752
0.99867408
0.2977845
0.7446983
0.53112472
0.64164285
0.65012022
0.013265465
0.54564904
0.42741596
0.43873028
0.36131904
0.11013063
0.030088888
0.4039596
0.30155766
0.30448075
0.31757138
0.19510802
0.19211383
0.09761868
0.1683202
0.00094175639
0.029967976
0.10102648
0.02921328
0.10123989
0.051287396
0.0058755334
0.028197265
0.043381994
0.013903699
0.017534164
0.0082167947
0.001213411
0.038667634
0.0024793591
0.0084012498
0.0013628467
0.070277322
0.032865571
0.023266221
0.001579305
0.0065627951
0.0043221605
0.0030461752
0.040752508
0.31688283
0.015571104
0.0026344605
0.0079998149
0.0060122417
0.0089555097
0.0029645849
0.018020061
0.056329832
0.055427096
0.011740877
0.0018490848
0.069544679
0.00059852864
0.0114888
0.058304417
0.054383296
0.019407142
0.003969082
0.002740478
0.0028503783
0.09812491
0.088527741
0.11608602
0.082326116
0.0057778153
3.7540144e-05
0.00045356023
0.0020343533
0.00045019054
0.0067143391
0.047688549
0.023166802
0.027942427
0.0172478
6.0059527e-05
0.047478319
0.028703389
0.00081961126
0.0021231678
0.011092433
0.0028260662
0.079111053
0.02495941
0.016290897
0.036563099
0.00054307041
0.02944154
0.015507102
0.0071014806
0.0012728756
0.0083239011
0.043052961
0.036158875
0.00027646328
0.0057591897
0.022944465
0.00052471137
0.0001598165
0.0013196385
0.058656156
0.0089062837
0.00059700409
0.011425567
0.00028992684
0.00024505416
0.073869688
1.7887752e-05
0.00061346118
7.8171213e-05
0.037596314
0.010247925
0.00063769866
0.01617032
1.8706431e-06
0.0040568381
0.013720796
0.036081265
0.00021854238
0.005542838
5.6252256e-05
0.0016366356
0.0015572965
0.00042336349
0.0031877892
0.00051434299
0.0033231043
0.0042016729
0.0202615
3.7590985e-05
0.0003043355
0.011158853
0.00035886776
0.019679467
0.086062646
2.8770003e-05
5.9851109e-06
0.039207788
0.00053639957
0.0012774451
0.0030564395
0.0025022804
0.0030225476
0.0013532247
0.0062966181
0.00096534654
0.00090011225
6.5581863e-06
0.020662102
0.037461857
9.5745487e-05
0.0021454157
0.086619262
0.00099615802
1.6614761e-05
0.00067033107
0.00046329839
9.26286e-05
7.9464798e-05
0.049937468
0.0046651435
0.0077087268
0.0002270609
2.7154181e-05
0.00043262004
0.061087588
0.18269434
0.00092261293
0.00043059799
0.0077893202
2.6691253e-05
0.071757043
0.02459948
0.051813729
0.26380035
0.0014112932
1.6287558e-05
0.10789802
0.0002179541
1.3655578e-06
0.00015464012
0.052259291
8.0456399e-05
0.000504066
0.1273968
8.6261438e-07
2.9099743e-05
0.00029032999
7.0788684e-05
0.002487102
0.04819261
0.081570612
0.050137385
0.077246758
0.12398362
0.11426348
0.21826767
0.11814238
0.14768665
0.10481675
0.18039877
0.16079774
0.15508787
0.12517171
0.17970399
0.099284524
0.30936793
0.39560505
0.017372682
0.0059546911
0.068830954
0.026175742
0.00095737314
0.00026445093
0.00016362055
4.2346753e-06
1.5060042e-06
0.00075199321
4.7027007e-05
1.5618436e-05
0.00079700437
0.020062946
0.0916026
0.1212478
0.013992664
0.011711232
0.0030768129
0.0071931223
0.00014282455
7.5496169e-05
0.0001641042
5.6303513e-05
0.00025380667
0.0016534302
0.00046792289
3.1987562e-05
0.0017681757
0.0003580905
0.0018700749
0.0036930917
0.012946167
0.00019831949
0.0049172796
0.0031504718
0.0046644143
0.0014312644
0.0064472655
0.0025954013
0.0073981041
0.0047305422
0.0073261389
0.0024717066
0.012675201
0.024734542
0.0022594245
0.00089261621
0.00019123688
0.00014519991
0.00033683268
4.0123816e-05
0.052653012
0.13342007
0.19569195
1.7776236e-05
4.8957787e-05
0.00074913687
0.004940023
0.0051417248
0.013926791
0.001125231
0.0024670426
0.0027685172
0.050674681
0.033841045
0.0031756604
6.4713199e-05
0.00015047702
0.14704632
2.8918491e-08
0.078579102
7.2767438e-05
0.037082969
0.041050566
0.00022655059
0.09119338
0.00027849668
0.00034460662
0.0043111889
0.0097582219
0.0048228526
0.014800882
0.00010500117
0.0099543051
0.0080423579
0.032241167
0.030846544
0.017919217
4.3256331e-07
0.0078380156
0.0029166409
0.00044166058
4.1054077e-05
0.0031341051
0.002010063
0.00039414195
0.0020682537
0.0022262443
0.0014879602
0.096822866
0.051753577
0.00033464541
0.00017991711
0.00046545544
0.0008892299
0.00029723626
3.1483764e-05
7.0873387e-05
2.9027771e-05
0.00018275231
0.13352317
0.24749265
0.042642858
8.8219057e-06
0.005761591
4.4720965e-06
6.6757296e-05
2.9060585e-05
3.5297453e-05
5.3283442e-06
0.10415344
5.0380205e-05
9.7114787e-05
4.8113704e-08
0.00036147858
0.00073025564
0.0035556874
0.092663979
0.030235838
0.0012334193
0.00035776847
9.9919131e-05
0.00024834573
2.851057e-05
3.9675544e-06
2.1426609e-05
1.6030177e-05
0.36135815
4.6944538e-05
0.1773035
1.0057907e-06
0.16532762
0.40560668
0.05072803
0.10489991
8.2787859e-05
0.00042688756
0.00023641091
1.2890816e-06
0.00052027746
0.86533858
0.001041255
9.8447836e-05
0.00042892431
0.0018242047
0.0035046114
0.0075937723
0.023251649
0.02952995
0.00047809865
2.7658004e-05
6.5748858e-05
1.760045e-05
2.2777966e-05
0.00037962476
0.0097336383
0.00019045127
0.18233133
0.25980153
0.0003623882
4.8322594e-06
0.00021357174
0.00020501734
0.034356968
1.7819844e-06
0.16140034
0.28626444
8.0517832e-05
7.2219376e-05
0.00017324236
0.0063551952
0.0020399757
0.0038546183
0.022779271
0.043457457
0.028486326
5.9991652e-06
0.0011754135
0.00022874868
0.00011312591
9.8487137e-05
0.078016246
0.17972534
1.8446822e-05
1.440634e-05
1.6696401e-05
1.3069122e-06
2.7824637e-05
2.7634622e-07
0.026031121
0.29077636
2.6171175e-05
0.00011308703
0.0017988382
0.013057552
0.00026819185
0.0011547462
0.00017415336
0.0001800037
0.00018280917
0.57019632
0.014104528
0.030433565
0.054940474
0.12580321
0.02884009
0.01400877
0.00030241044
0.00045638484
0.0010915961
0.0010665234
0.00095347104
0.000151696
0.0020717284
0.00046132466
0.0067951398
0.015999174
0.00027376034
9.5605081e-05
9.8830994e-05
6.3080816e-05
4.7950301e-05
2.5485988e-05
0.52600196
0.0023814904
2.9845629e-05
5.3151809e-06
0.25301929
3.0293002e-07
0.10033418
6.6396659e-06
3.5849301e-05
0.028043019
0.00049792525
0.004789368
0.079135928
0.048528341
0.029459591
0.0055830616
7.3262218e-05
1.5090579e-06
1.534434e-05
8.0871571e-06
7.918954e-05
2.5407683e-09
0.16637822
5.4325912e-06
0.01390484
2.7573118e-06
0.033700317
6.6259943e-05
0.77882064
4.8977823e-11
0.00043376002
1.4655128e-05
6.3053047e-06
0.00022726819
1.2133618e-06
1.17902e-07
8.6018999e-07
0.055722557
1.1371709e-07
6.5844352e-06
2.7553001e-07
3.9811297e-06
2.6068279e-05
0.061451442
0.33448036
0.13846794
0.00016759114
8.1102683e-05
9.5853857e-05
0.0011982468
0.0093481151
0.47501061
0.025886589
0.042758889
0.012498728
0.0069323617
0.00015869759
4.9350082e-05
0.013767136
5.897265e-06
6.4257587e-05
2.5376578e-05
9.0442603e-06
1.3824558e-05
2.7672776e-05
6.0050936e-05
1.6357541e-06
2.1654032e-05
0.188989
1.7518949e-06
6.9469298e-07
0.11907095
6.4951285e-05
7.9092058e-05
1.1142448e-08
7.0092163e-05
5.1851146e-06
0.00028564875
8.7109067e-05
0.87133716
0.0028752418
0.018981435
0.078800436
0.10059743
0.077908936
0.090347112
3.2591702e-05
1.6251697e-05
1.5895233e-05
5.767716e-06
5.0047891e-06
8.8320085e-06
6.9715616e-05
1.4246669e-05
0.00010074494
0.00016619774
0.10873084
0.080868632
0.041645698
0.12222526
0.00020674009
3.657588e-06
8.1634969e-08
0.47121107
0.27859858
0.20931007
0.36802544
1.960253e-07
0.0011756179
6.0779356e-08
5.0499185e-06
1.769731e-06
2.5244497e-05
0.00014755313
1.5453747e-05
0.00010988224
4.0518331e-05
4.4065283e-06
1.2286647e-06
2.1928609e-08
3.5662503e-07
1.8008637e-08
7.3642867e-08
8.3043574e-07
5.2336099e-08
0.28778047
0.06258194
0.081513725
0.032891227
0.85967061
2.3312942e-08
8.8138387e-05
0.00093833751
0.27190988
0.3476937
0.66395423
0.17984878
0.29671673
0.65037804
0.53835625
0.34729589
0.89167731
0.60403363
0.0016353678
0.004703074
1.5124928e-06
1.9791116e-06
2.1592906e-08
2.186137e-05
4.4132562e-05
0.00010553801
8.205287e-06
5.5160074e-08
3.4434906e-07
3.4344268e-07
2.5543445e-09
1.243972e-09
9.0509109e-09
8.844843e-08
0.12293937
0.1187725
0.18322033
0.13468208
0.1987935
0.24591178
0.29087173
0.19139888
0.13363571
0.086622672
0.4064319
0.28703489
0.13407828
0.10770589
0.07584054
3.524731e-06
1.7021068e-06
1.6522403e-06
0.00014930711
1.2551793e-05
0.26650777
0.48585861
0.67430411
0.99873835
0.33360592
0.5825806
0.99755717
0.76542825
2.5153286e-07
1.6816309e-05
1.6593817e-05
1.1120283e-05
8.2472467e-07
9.0769782e-06
2.5075847e-07
6.3915205e-09
4.2327827e-07
7.1090479e-08
8.5265969e-07
1.2172631e-07
1.5141986e-08
2.5058908e-09
1.1954524e-06
1.2779675e-07
5.648437e-09
4.7752384e-10
3.7392073e-07
4.0370997e-08
4.7357042e-08
2.9365541e-08
3.0670192e-07
2.8913723e-09
6.1796939e-10
5.6335231e-09
6.6014067e-11
1.6626032e-06
0.2147227
0.24731354
0.22144639
0.34895344
0.77026631
0.19413024
8.5397346e-09
0.13309349
0.045935359
1.932394e-05
0.00075943785
0.00048686047
2.2803441e-08
0.036112444
3.6797408e-05
2.6794548e-07
1.5180087e-05
1.5489048e-06
1.2499974e-06
2.0674016e-06
3.4391503e-07
1.9016936e-06
1.1427634e-09
0.42148982
4.7368196e-09
2.4308587e-07
4.8154927e-08
1.0722278e-08
1.0240795e-08
0.17628385
0.16187091
0.21433409
0.21532089
0.29192417
0.46274222
0.41840333
0.47389388
0.39467031
0.3207937
1.6349059e-05
8.9976997e-06
0.47515006
0.00068443421
0.0021672545
0.020288612
0.020895252
0.00024256361
0.00011628823
0.59969224
0.00096594322
0.097450836
2.8924588e-08
0.00037735187
0.00044810004
0.010951454
0.00021048389
1.1403816e-07
1.0230049e-08
0.0011593745
2.0304228e-08
2.7374981e-07
4.3153296e-09
7.0628135e-07
3.9675503e-06
2.2595694e-06
2.4563721e-07
3.2548705e-07
1.0052925e-09
1.3125376e-07
0.35765088
0.53530627
0.36112557
0.46320208
0.44972986
0.50370184
0.27855811
0.22365583
0.31756398
0.25713805
0.40933733
0.28565134
0.54623002
0.44839895
0.41759168
0.36482698
0.2126894
0.22237649
1.2140533e-05
0.32088207
6.9731494e-05
8.3180768e-05
3.905323e-05
0.00026052084
3.7033571e-05
9.5822414e-05
0.063187196
0.89523122
3.1440474e-05
8.8966093e-05
0.001561283
0.00097377856
4.6179022e-09
1.9046395e-06
1.3885615e-06
2.8789809e-06
2.8282361e-06
1.3546127e-06
2.0625953e-10
7.0464723e-06
1.2358529e-08
0.3134005
0.4547868
0.85997339
0.11755605
0.15146288
0.71598988
0.4712933
0.32280407
0.17167114
0.030513183
4.6084896e-09
0.02362091
0.051753874
7.4081868e-08
1.957751e-07
3.5510437e-06
1.4506785e-06
4.6946926e-07
3.5881804e-07
2.7252052e-07
1.0019486e-08
5.348643e-08
0.052262555
0.09737068
0.12456674
0.1753754
0.16901477
0.71113152
0.41538352
4.5159083e-09
6.7729859e-08
4.0756772e-07
5.0621801e-06
2.8484685e-07
7.4120114e-07
1.1333316e-07
9.5467639e-10
1.9233261e-07
3.0072846e-07
4.7190842e-08
7.6804207e-08
5.3495452e-08
2.7480418e-08
1.6114266e-09
2.2029412e-10
3.6308216e-09
1.2815904e-10
8.9886959e-09
0.34358699
0.1926027
0.14646384
0.10286571
0.056009639
5.9125992e-08
0.012342218
3.2488685e-07
1.3094274e-07
1.2998298e-06
6.5105274e-08
2.5876587e-08
6.1316542e-08
6.8020455e-08
7.3205756e-09
2.4511761e-08
2.8111115e-08
1.3346846e-09
1.7710816e-08
3.9488928e-09
4.0981944e-08
1.8010714e-09
0.25344333
0.28128106
0.21532231
0.24319587
0.067629582
7.9717801e-05
3.7683384e-06
1.8663849e-06
0.49609967
1.2154217e-08
1.3979053e-07
3.1470877e-07
5.0925302e-07
2.096965e-07
6.5064952e-07
3.5946007e-07
1.6955545e-06
6.2189909e-07
9.0055131e-10
3.1407751e-10
0.37373356
0.37271463
0.47006623
0.063927859
0.063039825
0.10770068
0.13515841
0.094506076
0.41825771
0.14807246
2.805501e-07
1.1605424e-08
0.1275561
0.42243464
2.2276745e-09
1.6570507e-06
0.53527281
0.48141977
0.57462522
0.41645058
0.53811331
0.57963407
0.69041213
0.67162196
0.67321109
0.62119309
0.85653664
0.93561444
0.89886048
0.70395958
0.67545082
0.76863247
0.59646084
0.82622495
0.27785464
0.16937813
0.12342479
0.09632699
0.077460501
0.086959691
0.06900679
0.095115685
0.093329574
7.2310094e-10
0.1877417
0.13516261
0.71487645
0.81279198
0.013850618
0.38502937
0.99795078
0.20595161
0.49722319
1.5053522e-08
0.10524308
1.1238802e-08
1.7615622e-08
4.3127357e-08
0.4491702
0.49323942
0.65375284
0.26914404
0.78166446
0.81401251
0.8497774
0.33638709
0.47069145
0.29727809
0.087161989
0.031205684
0.030077387
0.063208757
0.76705303
9.4276327e-07
0.29353554
0.51764823
0.38585807
0.31383946
0.10861972
0.22935886
0.51169716
0.26589871
0.86405703
0.74273106
0.10564113
0.04350291
5.1812224e-07
8.8732029e-10
2.8035177e-08
1.6022579e-08
1.5788417e-08
8.2320369e-08
0.214284
0.084593854
0.27333421
0.32436427
1.0493358e-06
9.4685565e-07
5.3285816e-07
6.6098791e-10
0.12683824
0.10914127
0.21637046
0.15499501
3.1648999e-08
4.8518729e-07
5.2001202e-06
6.2480436e-05
0.12997424
0.089437125
0.16709456
0.20743945
0.083585737
0.055030686
0.15659871
0.060993334
0.23867817
0.14124648
9.2242369e-07
7.7309426e-07
1.3056447e-05
1.1640909e-05
1.9597163e-09
9.4432066e-08
0.1531477
0.17032611
0.21081902
0.14159327
0.00010738198
0.0028151169
3.7407357e-06
0.00052559655
5.8662555e-07
2.2544523e-09
1.5793363e-06
3.1628286e-10
0.32601912
0.29982948
0.10939312
0.039026696
0.00028615464
0.0017826379
2.5385235e-08
0.0078925538
3.7829484e-10
3.2491712e-07
2.1302899e-06
0.00096011502
0.00096358844
1.1998331e-09
1.2840957e-10
2.4408158e-09
5.0183876e-07
4.5561824e-10
1.8499947e-09
4.6025772e-09
0.46596795
0.32322588
0.16113189
0.096332459
2.5561358e-05
5.4320049e-07
0.0015753403
2.0379284e-06
0.33611495
0.15543127
0.18641082
0.11330896
0.066501142
0.00038088542
1.3241376e-06
2.1872323e-06
1.2725432e-06
4.3333032e-06
7.3714018e-06
9.7642941e-07
1.7876069e-05
4.9107029e-06
7.3549176e-06
6.4668971e-08
1.3794118e-07
1.5989588e-08
0.31864951
0.24948885
0.11552845
2.3176453e-09
0.087040089
0.11149724
0.059931741
0.0017278228
7.5138916e-06
6.7283581e-06
3.9382407e-05
9.3317075e-06
4.3386343e-06
1.0208663e-05
4.492824e-05
2.55132e-05
1.8527524e-05
0.0087583234
0.49142728
0.52892946
0.1876129
0.080279748
0.22974818
0.43569274
0.068801958
0.037951864
0.00095524579
3.0860377e-05
3.436577e-05
2.0832274e-06
0.57938471
0.41660898
0.11022149
0.011005435
0.12759902
0.14850469
0.3098101
0.16363911
0.077708682
0.03978637
0.0015040812
0.042706281
5.9807346e-06
6.2381274e-06
0.013651329
0.035773575
1.0223546e-05
0.0028928052
0.40407551
0.52551986
0.060008828
0.048887131
0.00050021195
0.047870126
0.43525591
0.32587554
0.035511008
0.039816009
0.022836529
0.022053044
0.038789485
0.060938237
0.024628018
0.015021399
0.022600388
0.044983858
0.0084134933
0.016828322
0.019586773
0.015017333
0.015186732
5.2731527e-05
0.019299355
0.010231967
0.01817184
0.00095500664
0.010740902
0.0038451279
1.9426942e-07
0.00028948394
0.0056908832
0.0048601911
0.00013591316
0.029814249
0.0044364324
1.0001248e-07
1.7655609e-05
4.7227145e-05
2.1838848e-05
0.00023345932
0.54217832
0.64920692
0.71692495
0.76145905
0.044826087
0.0086162783
0.039438279
0.065867089
0.027022044
0.037885266
0.032629169
0.026917457
0.1644065
0.10661376
0.062092381
0.058187266
0.026533214
0.0010092019
0.0088196194
0.011225655
2.3225187e-05
8.031245e-05
0.0011845721
2.1776624e-05
2.7930474e-07
0.00042112166
0.46574989
0.61299294
0.54221888
0.8686028
0.41294726
0.50291867
0.44282699
0.33980054
0.755209
0.44393462
0.8513392
0.79792957
0.7036256
0.88901868
0.14663574
0.54189472
0.59165435
0.99855596
0.30737408
0.19350606
0.077794379
0.033871184
0.0085585832
0.00052176798
0.25352176
0.2240344
0.15615389
0.10624602
2.0387519e-05
3.3767701e-05
0.00030371601
0.00027648737
4.8607935e-05
3.3993177e-05
0.0043844297
5.2232172e-10
0.35190864
0.19781048
0.024164317
0.013883002
0.020099339
0.0045920596
0.050499491
0.072746285
0.11901975
0.073595073
0.00014336061
0.00014023524
0.00013937888
0.0045723998
5.7113304e-07
0.0016717453
0.47142324
0.36451342
0.24904324
0.12134248
0.2303428
0.22501819
0.033277535
0.020184846
0.015897129
0.015446531
0.018413879
0.0084825508
0.028001502
0.024612426
0.08414053
0.0077867395
0.079767
0.051626428
0.001529195
0.00062239946
3.5461331e-05
1.1961938e-05
9.4067321e-06
5.2777434e-09
0.00011156738
0.0043074425
4.369252e-08
0.0024043968
0.0017002569
0.0037141919
0.19845071
0.18993328
0.24959943
0.11692773
0.038315898
0.0015654328
0.0001357946
0.00020419809
0.00053073235
0.0034267225
0.0012000413
0.00062521093
0.22254548
0.0078497083
0.52237065
0.00051274476
0.015943916
0.0030634094
0.00018589335
0.00036476051
0.00020393987
0.00021937073
0.0028296147
0.0060385139
0.32713044
0.18090637
0.021108748
0.0082097711
0.0023965216
3.6959946e-05
0.00017555377
0.00040650315
0.00068149729
0.0012111957
0.00054959863
0.00028197141
0.00021288621
0.00017776695
0.00032361308
9.7181413e-08
0.00045448804
0.0036508121
0.00080716537
0.0012177156
5.6054592e-05
0.00072053069
0.0024774733
0.00054492863
0.00030372229
0.00063513262
0.00092311679
0.0031573048
0.018034486
0.001201016
0.003408444
0.00066226227
0.00090295271
0.0068193179
0.0051342329
0.0017835142
0.0037011229
0.0016876516
0.0014459746
0.00012732542
3.7618108e-05
6.2411409e-06
3.4360818e-06
2.2877178e-06
1.7533112e-06
1.0430098e-07
1.4050612e-07
6.9930684e-07
2.6908117e-07
7.5931536e-06
1.7598193e-07
1.0071757e-07
1.3290838e-07
4.7581691e-07
1.7362266e-07
1.5579397e-06
1.1904747e-07
2.0617339e-07
6.0449549e-08
1.6933293e-08
0.0041420946
5.9332884e-08
3.702994e-08
2.4305938e-07
6.8934808e-08
2.5267521e-08
2.8644395e-08
0.00068155181
0.0015769276
0.00035988032
0.00046389141
0.00086136091
0.00099120923
0.00086202325
0.00093557414
0.00050316483
0.0030491262
0.0030032866
1.081108e-05
5.6065113e-06
5.0969431e-06
6.9651842e-07
4.0416614e-09
1.8938895e-10
3.1702135e-09
1.597396e-08
0.0056061098
0.0015099492
0.0017315418
0.00071531478
0.00071911631
0.00077187362
0.00015373373
0.0002401847
0.00045345297
0.00039634466
0.00041208332
0.00018297056
0.00072847496
0.00042203656
0.00016855199
8.0919805e-05
0.00075396712
0.001625456
0.0017123072
0.0025429638
0.0015595438
0.0016470609
0.0032159305
0.0062842799
1.0868699e-08
1.2720451e-09
4.8232428e-08
1.6491889e-08
1.0742726e-07
3.1563314e-08
5.5055059e-09
1.1517713e-09
2.3735578e-07
2.6100983e-07
0.0029443974
0.0035762772
0.00033452732
0.00038340043
0.0022051235
8.3569694e-07
0.00015175231
0.00030797114
0.00012466071
2.6112812e-05
0.00016279883
6.4627525e-05
2.8807205e-05
7.085737e-05
0.00012860948
6.8630778e-05
3.3287617e-05
2.6295539e-05
1.916671e-05
4.6468079e-06
3.1139654e-05
1.8624059e-05
4.2072139e-05
1.7505587e-05
6.7839295e-06
1.1130494e-05
0.002872943
0.002799246
0.0073680877
0.0046236778
3.2908875e-06
6.0559825e-10
2.7880699e-09
2.7443395e-09
1.0021902e-08
9.5358425e-10
0.0054841634
0.016894847
0.0032211249
0.00084643325
0.00076854416
0.00066813849
0.0010991781
0.0001914183
9.0318662e-05
3.4512994e-06
7.4360186e-06
9.5718887e-07
3.3425654e-05
3.4469564e-05
3.1040461e-10
6.2822903e-10
1.0089583e-08
2.7367077e-09
0.0054392547
0.0088409736
0.028791058
0.012776054
0.0034520098
0.0014240484
0.0014440514
0.0015569995
0.0002567697
1.2028894e-05
7.085762e-05
1.22859e-05
5.9007754e-06
1.7742877e-06
7.8549727e-06
2.7567511e-06
6.4170782e-06
3.1090663e-06
8.4192748e-07
1.8623751e-06
1.4384638e-05
2.7000161e-06
1.6279121e-10
6.8270818e-10
0.0098751735
0.0064119001
0.001430027
0.00087018996
0.00035061536
0.00011079392
0.0002263874
4.1427312e-05
1.7814815e-05
5.5042275e-06
1.0074983e-06
3.6066834e-07
0.20041357
0.21350671
0.0034278737
0.001016607
0.00088304364
0.00056360025
0.00012034013
7.0996958e-05
0.0003834459
3.5099403e-05
1.4726998e-05
9.3694065e-07
1.1628818e-06
1.0443625e-06
0.0073221202
0.011450483
0.047696416
0.00035390188
0.0016310107
0.00087360356
0.00032700344
0.00010299809
0.00046545201
0.00022082807
9.9773759e-05
4.2785226e-05
0.00038908326
1.1175964e-07
3.9490724e-06
2.4151697e-06
8.595973e-07
2.9814803e-06
0.0064030744
0.0049667681
0.0010373761
0.00031100631
2.9006864e-05
4.0348228e-06
2.2555346e-06
7.7953577e-07
6.5444006e-06
7.4362548e-06
5.1841838e-07
1.1171871e-07
2.4760256e-06
1.7679299e-06
0.0028365805
0.00056314554
0.00014770027
0.0003137128
6.7748786e-08
2.4077852e-08
3.7966973e-07
2.798876e-06
0.0015360457
0.0014187697
0.0032011413
0.0032939567
0.0031147594
0.037093471
0.00076834148
0.00022760743
5.5474696e-07
3.6955974e-07
5.8928478e-08
4.0386282e-07
2.2783745e-07
7.0088617e-07
1.6108009e-06
5.4587082e-07
0.044958624
0.00076555715
0.00055505304
9.7039139e-05
9.6777046e-05
5.1373169e-08
2.2888748e-07
5.695539e-07
3.8566263e-08
2.2515292e-07
0.00038687904
4.6499839e-08
2.9263323e-08
7.8934064e-08
7.5105439e-07
1.3956943e-08
2.1570646e-07
0.00021279461
2.4932194e-08
9.1565022e-08
0.0001228087
0.00019402819
0.00021075049
3.4435026e-07
0.00017097774
0.00015106633
7.6025661e-05
3.0418431e-05
9.7192688e-05
7.9196286e-08
4.0710275e-08
2.5309477e-08
6.8790865e-08
1.9330015e-08
6.2704966e-09
0.00014846227
7.0532226e-05
6.9263428e-05
0.00014642852
1.5966176e-06
4.228499e-05
3.2739064e-07
4.1288578e-05
2.7304908e-06
1.7595166e-05
3.9725381e-05
9.5007438e-05
1.9827895e-05
7.3999901e-07
2.0223671e-05
1.6105772e-05
3.7069903e-06
1.2132032e-06
1.8360506e-06
1.3041822e-06
7.1680925e-06
1.1514954e-05
0.84927091
0.71054072
0.13546348
0.61714641
0.44800841
0.99809254
0.33186311
0.42473818
0.54101172
0.47573403
0.88679316
0.88203717
0.99770302
0.88925178
0.29683743
0.19295385
0.34315627
0.22064741
0.22501833
0.13818902
0.57040024
0.24440551
0.055293034
0.03616523
0.017131552
0.0069264959
0.019218188
0.0088358879
0.0025310415
0.0014480344
0.19206751
0.16357409
0.025682246
0.013033023
0.00044857632
0.0014717988
0.034829862
0.043357283
0.1007039
0.10109987
0.13827051
0.1041565
0.16784739
0.16656684
0.28910377
0.20935501
0.16795422
0.24978037
0.003202004
0.0019694143
0.00079659533
0.030447212
0.018704368
0.020273763
9.2208347e-06
5.3536421e-06
4.6510133e-06
1.5336564e-06
5.3105529e-05
0.00017282985
4.0098103e-05
0.19754573
5.4632785e-05
6.8430961e-05
1.320451e-05
0.61777787
0.00075300378
0.00077641512
0.00023113051
0.0015901677
1.3018956e-05
9.3484535e-06
0.00026975058
0.00017608659
2.1873784e-07
1.5377561e-05
0.0048093992
0.0010616512
0.0002072953
0.00015469388
0.089391568
0.080783818
3.0166592e-05
7.0389142e-05
0.054169642
0.04880473
0.00055409032
0.00077497879
0.00044799557
0.0005475797
0.00094386137
0.0010320357
0.00010480191
0.00025720434
0.0021662754
0.002832347
0.0036643192
0.0017887106
7.4723018e-06
1.588289e-05
0.28168256
0.39174553
0.48564469
0.65190535
0.011118393
0.0018644708
1.5980812e-05
6.3527959e-06
1.8288485e-06
5.5081863e-06
0.91487948
0.99869817
0.66675048
0.59331931
0.85334376
0.6289542
0.60508524
0.41808944
0.80489002
0.47734902
0.39518093
0.42147151
0.6700416
0.82405842
0.64760627
0.89288187
0.41617187
0.5295442
0.00069854529
0.00030951165
4.401812e-06
1.3403753e-06
3.6105482e-07
1.4344629e-06
1.7866251e-08
6.8678418e-08
1.3058388e-09
1.1647707e-05
4.7273886e-08
2.2626291e-07
2.0299054e-08
2.8941956e-08
2.01411e-09
1.3899524e-08
1.3687849e-07
5.7857519e-06
3.2542609e-09
7.5664776e-09
2.6746355e-08
6.4106016e-07
4.1104271e-08
2.0502136e-07
9.987618e-09
3.4265199e-08
3.0551465e-10
1.5356148e-09
4.3499e-09
2.1650458e-09
1.8641815e-09
3.1787938e-12
5.3177509e-10
1.1111265e-08
4.2850132e-09
3.8925119e-10
2.4714866e-05
1.9327852e-09
5.278853e-12
3.7421919e-10
3.6496496e-10
1.1171291e-09
5.4816097e-14
2.9555506e-11
3.6597044e-10
1.663828e-07
2.2986591e-07
1.1545792e-07
1.9394871e-06
6.8070578e-06
2.0259489e-10
5.6011873e-11
3.9020811e-08
1.1656053e-08
2.3841582e-09
8.5692771e-09
2.5741776e-08
8.8728576e-09
1.7400297e-09
6.598664e-09
4.4502144e-10
6.8246059e-10
1.7865274e-10
9.6362956e-10
2.967686e-09
1.1885168e-10
1.1963813e-10
4.6464439e-11
1.3352592e-10
3.1153845e-10
4.8719753e-10
4.3378209e-10
2.4835216e-10
6.536e-10
4.2144703e-10
9.2554239e-10
5.5225832e-09
5.3783195e-09
1.9679306e-10
1.7544146e-10
7.6559006e-11
6.3115161e-11
5.5679109e-10
9.5913684e-11
2.0877296e-10
8.7659043e-11
1.1285079e-10
2.3290293e-10
8.0636299e-10
9.107512e-11
5.2805328e-11
5.1120886e-10
3.8515693e-11
6.8061188e-11
2.2704898e-09
8.2565177e-10
5.2407292e-10
1.754417e-10
4.5863385e-11
1.6790532e-10
5.4588564e-11
6.7838431e-11
3.4124225e-11
2.5866046e-11
3.5566944e-11
2.1600414e-11
3.953066e-11
1.7916801e-11
1.6068889e-11
1.4721797e-11
3.7743827e-11
9.4326454e-12
2.0386474e-10
7.2890155e-12
1.0225813e-11
4.9978248e-12
3.7879114e-11
6.5583151e-13
2.0530438e-10
6.6948813e-11
2.1978596e-10
1.708022e-10
3.9715108e-11
4.2837371e-11
8.8255152e-10
5.809398e-11
1.2734226e-10
9.4584419e-12
2.2610719e-10
1.2685434e-09
3.5898347e-10
5.4764909e-11
7.4683007e-11
1.7920752e-11
6.87111e-10
1.2906609e-11
4.0044121e-11
2.8468726e-10
3.8430163e-10
9.3368308e-12
4.5126991e-12
1.9324075e-12
3.4129607e-12
8.5309276e-12
9.3661968e-12
1.5992782e-11
1.7257936e-11
5.821827e-12
1.5306612e-11
5.8119064e-12
5.4689783e-12
2.1873138e-12
5.3823544e-12
4.2044302e-10
6.5041771e-12
1.9375339e-12
1.101532e-13
3.5863404e-12
5.2580197e-14
1.5593501e-13
5.1929821e-12
3.5276745e-13
2.0757458e-13
1.4756408e-11
5.7813959e-13
1.3436499e-12
5.7097244e-12
6.2071505e-15
1.2171061e-12
4.3846192e-13
9.7102722e-11
1.7992431e-12
5.0076824e-13
4.7227315e-12
1.9145363e-11
9.7079339e-14
2.1363753e-13
4.0841381e-14
1.244288e-10
4.1107297e-14
2.8346651e-10
2.6570758e-09
1.4448805e-14
8.4760583e-09
1.0388117e-13
3.0318424e-11
1.9326377e-10
7.3458989e-10
8.4240593e-10
4.0373786e-10
5.7802141e-14
8.3381266e-16
3.1073531e-15
2.6956512e-14
1.8969344e-13
2.2439671e-14
7.4417084e-14
1.0624725e-08
6.9726964e-09
0.99964989
0.85173564
0.96548626
0.86855531
0.99982118
0.78584398
0.55807222
0.67017329
0.82491102
0.79782484
0.88038139
0.83782398
0.61408601
0.60623439
0.81036209
0.96506464
0.99838313
0.72456715
0.96841094
0.9016121
0.9995761
0.90989855
0.56412778
0.66411691
1.139685e-05
4.1121886e-06
1.0796971e-05
2.2750531e-05
9.769808e-08
6.7543171e-08
0.53435845
0.60598253
0.050351035
0.764217
0.073146951
0.060980032
0.051254345
3.1973821e-09
2.2136602e-09
0.40094544
0.32794044
8.5871784e-05
4.0034232e-05
0.67584372
0.94790116
0.66371691
0.99930774
0.61859393
0.95085136
0.89454218
0.74475648
0.73442798
0.77571773
0.9987562
0.66583506
0.91192444
0.0319047
0.018623801
0.018765857
0.011614404
0.039360014
0.029376052
0.026244205
0.0061425862
0.021792028
0.018873466
3.3569287e-05
6.9646083e-05
7.1766451e-05
0.00018420086
0.33638747
0.24239323
0.41676076
0.40515762
0.32649254
0.23839053
0.1206862
0.017412205
0.31011666
0.18968897
0.016424367
0.014516764
0.00071817002
0.001036234
0.001792417
0.0015330283
0.0030408264
0.011019065
0.01086671
0.0057969384
0.0047874922
0.006117887
4.2780504e-07
2.6363137e-07
9.4272387e-09
2.4804028e-08
2.1259161e-09
8.4762833e-10
1.1408064e-08
2.4231869e-09
1.1127178e-08
0.00078130873
9.3682139e-10
1.8841408e-09
5.6912463e-09
3.9447707e-09
3.5820642e-08
0.0011379605
5.730449e-09
0.0036773606
0.0016575613
0.00088049831
0.0016369179
0.0039679946
0.0022550216
0.0033565858
0.0024321922
0.00051134832
0.00089385329
0.0025032958
0.0015678129
0.0037003933
0.0045191061
6.4933413e-07
1.0906063e-06
1.8579525e-06
1.0818208e-06
5.3494896e-07
2.0205559e-06
1.6584337e-06
0.00017221453
0.00021992675
0.00023420302
0.00035195834
0.034390579
0.012335332
0.0081335306
0.00998775
0.036427723
0.0062343213
2.9382513e-05
4.9122198e-05
0.00010860323
6.359413e-05
0.0070581257
0.0062613778
5.1188131e-05
3.5570657e-05
2.4089375e-06
1.1434526e-06
1.6205187e-05
5.0911608e-06
0.0048383413
0.0028934783
0.13827827
0.11182983
0.00022633453
0.00011445675
4.6083083e-06
5.2023545e-07
0.00011274978
4.0886301e-05
3.8357832e-05
1.3098477e-05
7.1279226e-08
4.7161819e-06
1.4029769e-05
3.2885837e-05
1.2512129e-05
4.2462059e-05
0.76524455
0.5784393
0.59849281
0.4213775
0.57084472
0.89127997
0.9990973
0.27244038
0.82939926
0.67360376
0.75755387
0.99794568
0.37532511
0.82225282
0.041907604
0.78775793
0.48398236
0.73059509
0.99873651
0.60726297
0.99891883
0.52794616
0.52012245
0.48398871
0.2584605
0.15196016
0.23852993
0.38350274
0.73541607
0.32889808
0.5419769
0.10925759
0.53646388
0.35418675
0.40271281
0.10795225
0.94020711
0.85537307
0.86862882
0.400436
0.49007261
0.052807476
0.27655137
0.39060235
0.34139616
0.40997779
0.58109039
0.53007784
0.22850124
0.8434672
0.1432997
0.40796035
0.32420985
0.28624584
0.088200726
0.081025363
0.24578161
0.32629842
0.8977924
0.75288075
0.32650013
0.47119229
0.26702293
0.25114391
0.067364825
0.11793786
0.007901415
0.020366596
0.014090109
0.014664783
0.0038440205
0.0074049987
0.0035614022
0.0041830502
0.0098786362
0.011704211
0.011851692
0.009507718
0.024929905
0.078460763
0.02963566
0.028904602
0.023999764
0.1578658
0.041217304
0.029954957
0.039954539
0.093327634
0.031108587
0.0088848783
0.011579948
0.072924524
0.054464125
0.079352849
0.079587214
0.24532469
0.071752005
0.1313622
0.15285755
0.11120926
0.18474762
0.24416226
0.044854712
0.042604382
0.0082365678
0.015249343
0.0064354104
0.056659423
0.19140258
0.33030174
0.22643352
0.11679599
0.019101283
0.015835401
0.055792269
0.084508446
0.07378866
0.090343562
0.031402087
0.041501262
0.025338676
0.024028633
0.049872867
0.089393755
0.01324685
0.040815213
0.010743138
0.011118584
0.02358994
0.0053259116
0.010676477
0.048347734
0.024364781
0.078712696
0.14654379
0.21074168
0.032317275
0.10339369
0.014052992
0.048025472
0.0025911662
0.039568213
0.031039297
0.047604116
0.006801136
0.034698256
0.0010480518
0.14097549
0.012851072
0.0064366904
0.0020976144
0.0780824
0.0078726828
0.046374287
0.070593808
0.13658813
0.040123319
0.082079856
0.045228029
0.073819787
0.14719072
0.21269701
0.0077096557
0.099855738
0.070662614
0.084526422
0.14065002
0.36820849
0.014551684
0.048297229
0.072387379
0.2305115
0.0043539933
0.019567399
0.096036261
0.13696249
0.27748208
0.34034708
0.027432104
0.0060931089
0.026186368
0.044613069
0.16249925
0.24336112
0.01687533
0.0021384021
0.0011625675
0.45618969
0.050744041
0.31224451
0.23423191
0.51600071
0.38790615
0.34246845
0.00039988005
0.0066166025
0.0074430754
0.029824284
0.030649595
0.012013078
0.49597494
0.22903723
0.2785783
0.22458344
0.0044033338
0.0011003328
0.0019260899
0.00075777272
0.011031605
0.041354752
0.2110152
0.31548292
0.60030607
0.80054221
0.01393186
0.0024573341
0.00094652087
0.0060937247
0.0030368319
0.0045125965
0.25094555
4.1909735e-06
0.41670832
0.24088049
0.33936921
0.5184162
0.015598926
0.0068513466
0.0022243527
7.92397e-05
0.0020079869
0.0015424445
0.00037708993
0.00076091792
0.00014975333
0.19605269
0.002782012
0.018465795
0.21641715
0.097843239
0.61755105
0.50661341
0.64439716
0.71446953
0.0076582136
0.00020588054
1.5211013e-05
1.2645663e-05
0.0015188144
0.00077656969
0.47228454
0.0047977255
0.049008047
0.71399995
0.13935209
0.69262307
1.2518496e-05
0.69295435
3.4664067e-05
0.63271106
0.3758954
0.41793516
0.82874236
0.53055493
0.62215334
0.80720599
0.00044435031
5.3523412e-05
0.00041896451
0.00013524011
6.1286751e-05
0.00075684498
0.0049692058
0.0027214796
0.0028589875
0.0017039913
0.00079403412
0.00037477152
0.00060099626
0.0016500185
0.00018226996
0.00012058067
0.013592014
0.055102421
0.031550076
0.047085058
0.098645767
0.089920347
0.0049550591
6.0165702e-05
0.015417368
2.8787137e-06
0.8952435
0.032996559
2.720166e-05
1.7345902e-05
0.26572242
0.42646513
0.89742618
0.89425656
0.91433498
0.70979402
0.71514444
0.85212584
0.00022822841
0.79238978
0.00092896437
0.00011234323
3.9327939e-06
0.00014215916
0.00075792179
9.8564251e-05
0.1021609
0.20079401
0.00014668417
0.41631885
0.0037516395
0.080595541
0.053787045
0.46961188
0.93719378
0.45280289
0.77955258
4.4545057e-06
4.8703688e-08
0.00013425541
1.2631669e-05
2.9761224e-06
3.4970207e-06
0.01387919
0.092669884
0.83312519
0.84693575
0.969688
0.88255621
0.92118202
0.91627877
6.8092783e-05
5.670514e-06
0.00019563448
3.0778432e-05
2.0304442e-05
3.4459697e-06
1.4305383e-05
0.25476674
1.6093743e-05
1.2447826e-06
1.9582702e-05
5.7479103e-06
9.1851218e-05
0.44020149
0.16680408
0.23462999
0.36771274
0.81155142
0.24352926
0.49636098
0.21592983
0.37029021
0.20709062
0.035735541
0.1672188
0.3645409
0.90335238
0.89861756
0.89901955
0.88223949
0.79485165
0.88758447
0.78521654
0.00020331422
8.3668609e-05
1.2551637e-07
2.3697446e-06
1.7849714e-05
9.7454011e-05
7.5760014e-06
1.4988945e-05
1.0348649e-07
2.859802e-08
0.028632563
0.016143544
5.7228854e-06
0.13521581
0.10408375
0.99815438
0.89296607
0.96579113
0.00042375386
4.4695641e-05
0.0018244546
5.3380527e-06
5.4965058e-07
2.3658478e-06
4.6887451e-07
2.2887409e-06
7.731454e-08
0.00014117903
0.0015385459
0.99980362
0.93004574
0.99991861
0.96896471
2.2610613e-06
1.1130068e-06
3.7800773e-07
2.2124793e-06
2.899999e-06
3.196453e-07
6.0508881e-07
1.0467733e-07
1.128578e-08
5.831498e-08
1.8884503e-08
4.0825752e-08
1.3961145e-07
6.7977777e-11
3.4081586e-08
2.9508552e-07
1.0906166e-09
1.1278297e-12
9.406016e-08
1.6505311e-07
3.271126e-05
0.00029051025
2.7121689e-05
0.00015387276
0.00038326065
0.0013780889
5.8106833e-07
8.3068301e-13
0.00016265826
0.0034192164
3.3401632e-07
0.99967054
5.8234097e-07
6.7317441e-08
9.2775454e-07
1.5455983e-10
3.5399342e-06
0.00036478564
0.0012451146
4.6534333e-11
3.700458e-08
2.3054231e-06
1.3896256e-06
1.7055582e-06
5.4735389e-07
5.623168e-11
3.0430483e-10
6.8202289e-07
4.242732e-06
3.978393e-05
9.4735655e-06
5.7894455e-05
8.5114902e-06
5.3812123e-05
2.3276682e-05
3.1490865e-07
6.5484547e-09
8.8879231e-07
9.7099289e-06
6.4103371e-06
1.964453e-06
5.1778845e-06
1.2184821e-06
2.3887147e-08
3.4839762e-06
0.00013684927
0.00059921083
0.00021386551
0.00065865338
0.0056356764
0.0028344937
0.0055528179
0.0066710513
0.0075380154
0.0060141755
0.001799947
0.0024102938
0.021515838
0.010057318
0.021039199
0.0060283953
0.0062599363
0.0078624907
0.0059444441
0.0029638203
0.023292745
0.014293278
0.017987563
0.0029297158
0.0069992899
0.0019006462
0.0016049625
0.0027966634
0.014217446
0.0071138333
0.7058161
0.69700375
0.79355437
0.99904362
0.81414787
0.88321772
0.82058476
6.9840953e-08
1.5616737e-08
1.0944594e-05
2.5068685e-06
1.3800994e-10
3.4170728e-10
4.9826475e-10
1.1859229e-10
2.4983412e-09
9.2858937e-09
2.4708425e-12
2.6717069e-12
1.965792e-12
1.1851684e-11
4.6881717e-12
2.1612421e-10
4.2403955e-11
3.460995e-11
1.6256876e-10
5.7289664e-13
1.1864727e-09
5.4629295e-13
2.8435309e-13
4.396576e-14
6.7383582e-14
5.6205354e-14
4.1266873e-15
4.1211021e-14
2.0065703e-14
7.5868815e-15
1.4936738e-13
3.7772913e-13
0.81950424
0.91363889
0.94500712
0.94637797
0.96752357
0.92163367
0.89728321
0.91770396
0.93402596
0.99977283
0.91200778
0.90582722
0.89102667
0.87583235
0.86767177
0.99812642
0.68767747
0.012319689
0.011551937
0.018335619
0.013312653
0.0054451501
0.011344382
0.0072404985
0.012545949
0.024806045
0.018376253
0.2485858
0.33329291
0.53967903
0.36789468
0.55155092
0.3951919
0.38467723
0.27561516
0.4032975
0.37815446
0.41173473
0.27407386
0.46781921
0.58982677
0.70618748
0.57418078
0.47365163
0.22040282
0.46316011
0.72517633
0.37115135
0.47876727
0.69478078
0.49636013
0.48577148
0.39909151
0.25327309
0.15468348
0.30330236
0.28894633
0.54672899
0.44372102
0.28974594
0.15374652
0.13990659
0.20247838
0.60203416
0.38961786
0.42374333
0.48941486
0.529924
0.41534748
0.41137271
0.027613111
0.28429931
0.18970218
0.11549752
0.17804246
0.58124027
0.53021478
0.59995252
0.62388225
0.57215988
0.72936897
0.79590798
0.81038946
0.67405633
0.78555796
0.69462091
0.66633217
0.28284572
0.212285
0.78460967
0.12829409
0.19239169
0.18749067
0.56567647
0.28489766
0.1468801
0.19606339
0.29851122
0.1949685
0.20408272
0.021302741
0.67932573
0.49442599
0.20538334
0.35200423
0.47643682
0.011950397
0.1499076
0.080965184
0.62394379
0.47425563
0.89353835
0.55876315
0.14215503
0.12860498
0.13837781
0.27981887
0.27412033
0.34701099
0.25240845
0.11635821
0.074125099
0.14506058
0.11507773
0.15890016
0.14360066
0.077046761
0.10289957
0.00036419172
0.011762137
0.10649938
0.074406327
0.19380481
0.11397115
0.071070524
0.045115368
0.27466358
0.20052693
0.078782064
0.045097535
0.028657934
0.040824999
0.055428597
0.044896266
0.11402037
0.050375296
0.048157462
0.077237735
0.08223743
0.080804453
0.20362531
4.4638606e-05
0.10614536
0.04987029
0.00025818861
0.00090538068
0.056080812
0.040170856
0.019969128
0.035773551
0.060538082
0.061643783
0.050659523
0.037632189
0.027468062
0.011408532
0.028978122
0.022987377
0.023150215
0.020035368
0.017134237
0.001521087
0.018065168
0.02538943
0.023526882
0.0060091145
0.020454057
0.030786076
0.011669223
0.0015782977
0.010388145
0.00481957
2.0536672e-06
0.00046289565
0.0057026161
0.0086804574
0.04647681
0.030032411
0.083307629
0.045793595
3.2603571e-08
1.4945357e-08
3.5084494e-08
1.2234821e-08
2.9574792e-09
3.2541473e-09
3.8660238e-10
5.877976e-10
9.5760622e-10
6.4738977e-10
1.0016883e-09
4.3530503e-10
6.8502726e-10
3.7714873e-10
1.2029219e-09
2.3067734e-10
9.7685362e-07
4.9811769e-07
0.011186342
0.016773053
0.012854946
0.030796203
0.017029427
0.027709236
0.057155955
0.042865428
0.042029598
0.034532914
0.049874389
0.084597655
0.033811077
0.017364773
0.049628631
0.058773319
0.082770898
0.059291142
0.084828401
0.11685177
0.060125715
0.022993436
0.027392562
0.021341893
0.099207599
0.085388945
0.15500116
0.057916021
0.023603187
0.016786819
0.017850963
0.011466412
0.012142072
0.011210723
0.017166325
0.014390887
0.010904236
0.0086129568
0.0058149876
0.0074007961
0.00723826
0.014384625
0.00021107844
0.0001630125
6.4580205e-05
3.5790996e-05
2.827832e-05
2.3883638e-06
4.4305073e-07
1.1907284e-06
2.451958e-06
8.6921181e-06
3.6336396e-06
3.7192605e-06
5.2660958e-07
6.1172261e-07
6.1959111e-08
3.3355959e-06
4.8827493e-06
1.6723803e-06
7.8235207e-07
5.2421587e-07
3.4301567e-07
2.6861142e-06
8.6251653e-06
1.903832e-06
8.8553656e-07
2.0176486e-06
1.2878746e-07
2.3199398e-07
4.1003284e-07
5.5103359e-08
3.3374167e-07
3.3044887e-07
1.1775015e-07
3.6403013e-06
2.1329842e-06
3.8457623e-06
8.1984275e-07
1.605931e-06
7.3242448e-08
8.5052773e-06
2.2042094e-06
2.9508944e-05
6.6923603e-06
7.0228543e-08
1.2161236e-07
3.9877405e-06
1.8137414e-06
1.9175061e-07
2.4329037e-07
1.5912738e-06
3.6765967e-07
1.240806e-06
2.2788202e-07
9.3373661e-07
3.1210502e-07
4.7133094e-08
1.6822156e-07
1.9097434e-07
7.8924342e-08
9.5121489e-08
1.0838221e-07
3.3704353e-07
5.7033465e-08
1.3510858e-07
2.6613041e-07
4.9316182e-07
2.2249042e-07
1.9923274e-07
1.648264e-07
1.0002774e-07
2.0537537e-07
8.3746437e-08
1.3840887e-07
1.0933802e-07
3.6652275e-07
1.5448498e-07
6.8028366e-06
2.4985408e-06
4.5980828e-06
4.015037e-06
0.0046861478
0.0029502052
0.0035067679
0.0025422652
0.011446754
0.00023846527
0.92018219
0.73330543
0.6175025
0.47525953
0.7307143
0.66305584
0.4924522
0.99896648
0.72222097
0.49659131
0.99709443
0.23728735
0.79353137
0.59396396
0.2573748
0.16113403
0.044485926
0.055015858
0.33156974
0.18033005
0.074503916
0.083839163
0.004229522
0.010619818
0.0011726995
0.0022118072
0.0029810754
0.0051479841
0.0018616226
0.010546799
0.0067467677
0.0028807142
0.013289676
0.0028176206
0.066702453
0.1321699
0.14609876
0.26164747
0.58583901
0.46340187
0.66330789
0.85752768
0.8158763
0.65753941
0.99793601
0.13578838
0.097251879
0.00016431295
2.7845457e-05
6.5960269e-07
6.5511683e-06
1.1717559e-05
4.228292e-06
0.24420381
0.42374883
0.90375374
0.99964827
0.90934749
0.97866827
0.94045224
0.94847944
0.92700112
0.66546319
0.63725834
0.62717129
0.70775968
2.310854e-05
1.9687878e-05
6.9428829e-07
5.5909121e-07
5.0773407e-07
2.9925101e-08
4.473702e-07
5.0728636e-08
3.8347928e-06
7.7818947e-08
7.0140071e-08
7.4806042e-09
2.4830667e-07
2.9038858e-08
8.8981099e-07
8.1419829e-08
2.7777319e-09
3.1317215e-08
1.73268e-07
1.7043574e-08
8.2786064e-07
2.9522925e-08
1.2163734e-08
6.5044152e-09
3.6600736e-06
2.6735559e-07
3.3409168e-08
1.0836621e-09
1.7429039e-08
6.5154408e-09
4.0198784e-08
8.7740456e-10
3.0423356e-09
2.8247916e-08
1.6858629e-07
6.6241977e-07
1.7581809e-09
8.5706438e-13
7.0100343e-09
9.5516814e-11
3.1705032e-09
4.1249135e-10
1.6568193e-07
6.8413222e-08
1.277171e-08
1.563212e-09
8.509547e-10
6.2918641e-10
2.6821141e-12
9.0978591e-11
7.5892152e-10
4.5686054e-11
1.5572332e-13
2.5371017e-12
4.7897521e-11
1.4448185e-11
9.8193146e-12
3.1333919e-12
8.2721966e-12
2.8657045e-11
2.9659554e-06
3.5779195e-06
2.738423e-07
1.9293276e-09
4.590702e-10
9.7039197e-11
4.0053618e-10
2.5990939e-10
5.9413006e-12
1.6680413e-12
3.167729e-09
5.730206e-13
2.9873134e-13
1.5056887e-13
7.0008938e-11
2.9620834e-17
1.1982342e-14
8.6698387e-14
1.3021111e-12
4.9084763e-14
1.0989894e-12
9.0768606e-13
7.2263304e-14
5.2535188e-13
1.4790691e-13
2.4195286e-09
2.2692583e-15
1.213008e-08
8.1890787e-12
2.327888e-11
7.5836391e-13
7.4409028e-15
4.6394744e-10
1.1864813e-10
6.5181755e-14
6.4522848e-15
2.0721186e-17
6.4956188e-15
8.665515e-06
4.0545597e-06
0.01119665
1.7536651e-09
0.00042804755
0.82243792
0.0010600427
0.00012707783
0.00041313899
0.0013028135
0.00062591829
0.87404389
0.99957633
1.9020431e-07
0.86790506
2.2730223e-08
1.0471808e-08
2.4572087e-07
1.9946283e-05
5.8651224e-06
5.8379819e-06
5.2872783e-07
1.594152e-07
1.2295619e-06
1.4910363e-06
1.0755383e-06
0.00068431635
0.0004129066
0.0023917458
0.0037038489
0.010055325
0.014055194
0.033692972
0.031611409
0.035886401
0.018343111
0.0034175057
0.007190669
0.99907429
0.91595821
3.2912992e-09
4.3649913e-09
1.6919648e-09
1.6653609e-09
4.4999179e-10
3.2011685e-10
1.3536769e-11
4.6096489e-10
4.7203524e-12
1.301892e-12
9.6964604e-13
4.7555717e-13
1.7136143e-12
2.1294882e-12
1.6930321e-12
2.2168694e-12
1.4362705e-11
3.7846732e-11
1.5207414e-12
5.6210397e-14
8.617767e-14
7.1342104e-15
4.3934913e-14
5.7550103e-15
1.2156832e-14
1.1235723e-14
1.4936047e-14
7.5575836e-14
7.4143235e-16
1.7943814e-13
2.1220973e-14
5.6629623e-14
1.0545597e-13
2.7566172e-13
1.4593453e-13
1.7852619e-13
5.3618602e-12
1.7668234e-13
6.4625032e-14
1.6501138e-13
3.7974335e-13
7.5214033e-11
1.5355708e-12
9.2084306e-13
0.9466126
0.97442185
0.0067315542
0.014016282
0.0036109712
0.0038129437
0.014865044
0.012028048
0.5617305
0.53439935
0.94847847
0.88952511
0.99917432
0.86890763
0.5396118
0.67399662
0.47122247
0.54477888
0.7685349
0.99884285
0.21948824
0.27270644
0.15370323
0.10379578
0.22434192
0.17763872
0.25177663
0.32062406
0.54490597
0.42784103
0.42012471
0.49954435
0.63521623
0.39097542
0.35726568
0.2786838
0.52988914
0.45191731
0.56904229
0.65791614
0.84989521
0.76693708
0.17991012
0.22013201
0.04612603
0.061438436
1.9040606e-09
2.7538385e-09
1.7381314e-09
3.2631154e-10
2.5613243e-10
0.016227108
0.021344642
0.041683879
0.058564362
0.047178955
0.067662979
5.5117032e-07
1.6947778e-06
1.1099149e-05
7.8743247e-06
5.0830949e-07
4.2983033e-07
1.3793807e-07
2.8634539e-08
3.207654e-05
3.0790798e-05
0.00038790225
4.3157978e-07
4.5862697e-07
2.5513671e-07
1.6890313e-07
2.2089984e-07
1.4865716e-07
6.6997561e-07
3.7953045e-07
7.7934442e-07
1.7942785e-07
0.00081070692
0.00056926415
0.0015609662
0.00065367379
0.00038211644
0.00036610718
0.0012044309
0.00055565641
0.00024488124
0.00064759975
0.0008480387
0.00076006233
0.0010124819
0.27317171
0.0013539979
0.0003855489
9.2838613e-05
3.9912235e-06
0.00046917281
0.00016669042
6.5496129e-05
0.0001652944
0.00019976778
0.00020759094
0.0023945022
0.0014782866
0.0046305579
0.0014046816
0.78194956
0.99851599
0.9973286
0.76477499
0.094063769
0.14750532
0.27887601
0.22677594
0.27545109
0.17694677
0.12631613
0.11454669
0.0016308271
0.0023142069
0.18440927
0.14821687
0.15622751
0.24295654
0.35938031
0.34054975
0.21702159
0.24803539
0.24309818
0.3796259
0.39816048
0.53741364
0.36618613
0.4626807
0.59309784
0.82498832
0.58224092
0.99757599
0.44482871
0.54937532
0.99801239
0.81673632
0.83988286
0.75381613
4.1589247e-06
1.8550693e-05
0.48777055
0.47601339
1.0960554e-07
3.0395894e-08
1.1749766e-08
2.0152536e-08
6.0129385e-06
5.0870467e-07
3.0036514e-06
8.6066073e-07
1.1624617e-11
1.1778567e-10
3.3362655e-08
2.1129271e-07
2.5462429e-07
8.5553524e-08
7.0322729e-08
7.5853155e-08
1.0296269e-08
1.7142612e-09
1.1877212e-10
2.8841368e-10
1.35439e-10
1.2863119e-10
1.4127368e-16
6.3792055e-11
7.5066215e-12
6.3710255e-09
4.2163731e-12
3.3119642e-12
2.6232271e-11
5.6068848e-10
7.623925e-13
2.5964783e-11
6.3836616e-12
4.4053239e-12
4.4889156e-11
1.2424731e-10
3.8364326e-11
1.7593199e-10
6.165423e-10
3.8075084e-10
3.7581316e-11
2.0664554e-10
2.7250274e-13
7.8870905e-09
1.30698e-10
2.9420068e-09
1.1908751e-13
5.5770357e-13
5.6814635e-13
1.1693548e-14
2.9706469e-14
3.7277101e-14
9.1846855e-15
1.6313672e-18
1.991139e-15
2.9188488e-12
2.9049862e-14
2.1102311e-16
3.933971e-21
1.5152697e-15
2.6433249e-15
1.2642762e-17
9.7770875e-18
1.212455e-14
1.4832757e-23
1.259216e-18
3.3788537e-18
1.2011131e-20
4.4037523e-15
3.1301877e-16
7.540084e-18
2.2287631e-12
3.7909169e-12
2.1716939e-11
9.4946778e-15
5.9885846e-12
2.065331e-11
8.8132921e-10
2.7710499e-13
2.662243e-13
4.3936327e-11
3.496053e-10
2.3573291e-11
3.3966557e-08
3.4222447e-14
4.7279247e-11
5.9605755e-09
3.0927265e-10
1.5742254e-11
4.9156143e-10
6.0243026e-08
1.2627033e-09
2.2220169e-10
1.6872942e-09
1.2512896e-09
1.3410888e-08
7.3329756e-13
1.2800086e-12
3.7067565e-10
3.1422111e-09
3.1633977e-09
5.5143392e-09
3.0080455e-09
9.7102613e-09
6.5145987e-10
1.2825993e-10
1.0214278e-10
2.1787961e-09
7.0245659e-12
1.8998247e-13
3.0839965e-12
9.8280635e-09
6.7705664e-12
2.1846584e-10
1.8303653e-18
3.0403064e-19
2.7061819e-11
2.1674816e-20
2.3511152e-12
1.1696482e-12
3.4365038e-16
5.4569753e-13
3.6227348e-17
2.3875502e-19
4.8338543e-18
2.5201064e-20
8.8928941e-15
5.25159e-16
9.0576491e-16
1.0877427e-13
9.6977104e-19
4.6644177e-16
7.9860949e-18
4.0475955e-30
2.9621147e-22
5.1137353e-23
1.1593643e-16
1.3091758e-19
1.6895244e-20
6.6721133e-20
1.3702667e-16
9.5737651e-16
1.1028437e-16
6.2976346e-20
6.9787301e-20
8.0525413e-21
4.1240578e-18
7.0592625e-20
8.9831604e-18
1.1372185e-15
8.9022021e-21
6.7027631e-21
5.3332111e-23
3.6244725e-19
2.8770151e-22
4.4819433e-20
4.2111808e-23
1.6918972e-21
1.6964751e-19
1.7248829e-18
6.6814336e-19
1.3978833e-19
8.7742254e-20
1.0159102e-18
1.7006772e-19
1.09018e-17
2.4857116e-26
3.452387e-20
4.8489465e-18
5.1195954e-15
4.213437e-19
1.2391897e-16
1.1181729e-19
5.7767099e-19
3.8800849e-23
2.8777689e-16
1.7486206e-18
1.5243719e-19
6.8691141e-17
1.4652087e-21
2.330542e-26
1.7022069e-13
8.9456828e-11
1.0065748e-19
8.9713364e-16
3.1849869e-13
5.1133416e-19
6.5779587e-17
1.5209049e-20
6.3741217e-17
1.2512294e-19
1.6220075e-23
2.6096137e-19
3.3556031e-19
3.6033865e-22
2.7403943e-17
1.1226118e-20
2.0161788e-16
4.728494e-21
1.3706445e-19
1.1289601e-18
3.9072126e-18
2.0046717e-14
4.2909136e-13
7.8585629e-14
7.4716228e-13
1.1188095e-19
2.8035294e-15
2.1678586e-16
4.3389268e-06
8.1615061e-17
1.8133633e-14
1.3174257e-13
1.5706997e-12
1.0374293e-14
2.9265629e-13
1.3957655e-17
8.5977489e-17
1.211284e-15
6.3735605e-13
5.1799155e-12
9.264326e-13
1.4765685e-10
1.7215471e-14
3.3349669e-14
2.8994183e-07
2.0135026e-15
1.2812369e-13
1.3305637e-13
8.2502181e-11
1.776723e-17
1.7643696e-18
8.7720601e-13
4.3828795e-12
2.614928e-10
9.643277e-09
7.3619528e-15
2.110782e-16
1.4689478e-11
2.2138444e-10
1.7744403e-15
1.5287089e-15
1.3013294e-16
8.8791243e-09
3.5099159e-10
1.0727806e-08
1.4113217e-10
2.795227e-11
1.6291002e-15
4.6172131e-14
2.9573221e-16
1.2603767e-16
5.1147451e-13
1.6637728e-21
2.0107013e-15
3.495415e-17
2.3165363e-17
2.4424299e-13
2.2551607e-17
8.601445e-18
0.0045853631
0.98104853
1.1104876e-16
2.0386468e-16
1.7244851e-15
3.0434421e-14
3.1799507e-11
4.9706912e-08
2.8347865e-11
4.6297956e-12
3.665637e-10
3.7197007e-11
1.6005875e-09
3.1526134e-10
2.9736337e-09
7.6359569e-07
2.013984e-10
1.0313367e-09
2.3308344e-09
1.5292141e-09
9.9667828e-12
5.8501995e-12
8.607351e-08
6.4793531e-06
2.8319205e-09
3.6761052e-09
3.431484e-15
1.172566e-15
2.7099661e-13
1.6934211e-09
3.2594608e-11
5.813555e-09
3.4037528e-08
7.4798828e-08
2.2151538e-14
1.4207283e-11
1.815198e-09
3.8027293e-10
5.2864273e-08
1.7700075e-08
9.3801773e-15
3.1387304e-13
6.0158536e-12
1.8631458e-10
3.4433481e-13
2.6507522e-12
1.9647401e-10
2.5700321e-10
8.4907822e-13
6.7048144e-12
1.0542359e-13
3.4118696e-09
1.925317e-11
1.6669346e-09
2.643858e-05
6.4511926e-06
7.060116e-08
2.6364319e-06
1.3838002e-05
9.6439103e-05
1.1820177e-15
1.5351774e-17
1.7894638e-12
1.4559272e-13
9.0786461e-12
1.3288508e-10
1.9470598e-08
3.2296243e-06
1.3897278e-07
1.1687262e-06
6.8578666e-10
0.0009944442
7.8359611e-16
1.0916718e-15
3.1460746e-12
7.8242543e-08
7.2654577e-08
5.4846039e-07
3.0354036e-08
1.6437406e-07
8.2771247e-09
3.2437289e-06
4.7427056e-10
1.6403627e-11
0.00034589702
5.2136392e-05
6.5899124e-05
1.0478278e-06
2.2499198e-14
9.5827767e-13
9.1969293e-16
2.4857811e-10
4.3815883e-16
2.2622565e-13
2.3763393e-12
3.8937059e-11
2.4958759e-06
4.7438568e-07
0.0051318316
0.00011407463
0.0090344051
1.7423768e-05
8.7317183e-12
1.2779802e-11
1.8660895e-14
5.1327414e-08
5.212123e-16
3.2696868e-11
3.5367353e-21
8.9426871e-11
8.0397622e-08
1.3711624e-09
1.7288561e-05
6.6414868e-05
3.5987757e-05
6.2615924e-05
1.9100109e-18
3.5026251e-07
3.1959838e-11
6.348997e-13
1.1333012e-08
9.3389722e-11
2.8808037e-05
1.0955533e-10
0.00043959744
0.00053423282
0.00052863113
1.4613566e-05
1.9016475e-08
1.5770704e-11
1.6829732e-07
6.8536383e-14
3.5709779e-05
0.00023383903
0.0018410392
0.050232068
0.0010753864
0.0071743443
0.00074374994
0.0010366299
2.1738312e-17
1.1550235e-17
1.7788361e-13
8.8867427e-15
2.5247676e-11
3.6388877e-10
7.492631e-11
9.0433693e-15
2.4270981e-12
1.4618653e-19
0.78349151
4.5203774e-07
6.74386e-08
1.7321739e-12
0.099574358
9.3810621e-13
5.8815305e-07
3.9175674e-14
2.5042984e-06
1.5718718e-07
4.8982291e-09
0.01397596
9.6646205e-11
2.356859e-11
1.3561743e-16
0.99092403
7.163301e-07
1.3538803e-08
1.5507675e-12
8.4988761e-07
1.3359563e-09
1.5963937e-06
8.1051405e-13
0.0029623685
5.5393452e-10
5.8043339e-12
0.34235484
0.31191174
4.8546382e-12
5.3680722e-14
3.3111696e-10
6.9032105e-14
5.0898176e-09
7.1798127e-08
8.8538128e-10
3.4875779e-10
4.6277613e-14
0.00013168513
0.30713673
4.1788937e-08
0.0017958217
0.0030522443
3.1786951e-12
6.1214348e-18
3.0690729e-08
0.10064334
0.99082752
0.13898124
9.3304214e-20
7.5927869e-10
1.7415094e-12
0.52263644
1.4478314e-15
3.7442661e-13
1.2867251e-12
1.496273e-13
3.0816324e-12
8.4372779e-12
1.9195964e-17
8.6323973e-06
4.5439624e-12
3.1720438e-13
5.0683422e-09
9.1162658e-08
9.1748299e-11
5.5145928e-11
1.9197404e-11
1.6684753e-10
2.230917e-11
3.5405975e-09
7.2373985e-15
0.99646459
0.26227298
2.2050566e-08
5.4874494e-08
0.016303294
2.6225377e-09
0.0040899641
3.9641811e-11
0.063998433
0.040789043
0.024977935
0.009364971
0.0023515613
0.024061577
0.71854224
1.6570405e-12
1.9794846e-09
0.030756457
5.9972319e-11
9.6436993e-15
6.5940744e-14
7.5904171e-15
2.2717864e-07
3.3300145e-12
5.1647172e-14
2.0698876e-10
8.6834036e-11
2.4641683e-05
1.4342687e-10
0.00017059749
1.1936448e-09
0.03601818
0.042574589
5.9287692e-10
0.086022508
0.10207794
0.8104198
0.032461246
6.1701888e-08
0.027683028
0.9969927
5.4671366e-09
0.056464477
0.05064651
0.025317899
0.79636446
0.030481696
0.0042137407
1.1545332e-11
0.63813154
5.1302758e-25
0.10706801
0.67660394
1.2627766e-11
0.00019781922
6.9714383e-11
3.9768442e-13
1.853502e-07
3.0328266e-12
0.44673494
6.9629439e-15
0.32989522
6.4407717e-09
0.00024055752
1.3938081e-11
3.2977557e-10
0.9995466
0.32750853
3.1568106e-11
0.39715259
1.5109875e-07
0.036947556
0.03612679
2.5884532e-20
4.6212674e-14
2.3545265e-09
1.6439415e-08
0.82030885
9.0251089e-12
1.8161239e-08
5.8381345e-07
0.0011262875
0.11152353
0.0016320046
0.44693488
0.051232778
0.84432142
0.27488558
7.4678879e-18
5.2707761e-12
6.0748384e-12
4.441821e-06
4.6521667e-07
1.5484149e-05
1.2566681e-12
1.7212602e-07
2.1200512e-08
7.7253625e-05
3.1715654e-07
0.99841499
6.2036309e-13
4.0206977e-09
3.5913911e-13
4.8378065e-16
2.8668045e-06
2.4437123e-26
0.82859416
1.21165e-12
0.0018404827
0.69594415
5.3553438e-13
1.9933308e-13
3.2566481e-11
5.3339131e-08
3.6632104e-09
5.3248375e-06
9.0316472e-07
9.1632847e-06
8.3489282e-22
1.3510464e-09
0.00016224854
4.6436436e-05
6.0832753e-05
1.7022817e-06
2.5273308e-06
1.2762905e-05
1.4692093e-05
3.9392378e-07
2.3312737e-07
4.2685383e-05
1.3980986e-06
2.086362e-07
2.103634e-07
2.0325721e-07
0.0002597358
0.0002530275
0.00012837649
8.0387385e-05
0.00010110216
3.772049e-05
0.00012364216
7.113903e-05
0.00016456616
5.8328349e-05
0.00012332888
7.0851866e-05
3.695347e-05
3.9044579e-05
2.7537047e-05
9.8933274e-06
9.8468447e-05
4.8361844e-05
4.7974412e-05
1.2150797e-05
3.2561656e-05
2.843475e-05
6.4316716e-05
0.00012551327
1.877058e-05
1.1961227e-05
9.6536092e-05
3.2289397e-05
0.00018837809
6.4466244e-05
0.0031095335
6.6711889e-06
0.00017956798
0.00010344221
0.00021335892
0.00037368679
8.7498528e-06
9.7235366e-06
5.1807922e-06
1.9364924e-05
0.00028205132
2.3236353e-06
2.1246735e-06
4.2939214e-06
4.1100042e-05
9.1051426e-06
6.8610311e-05
0.00010969067
1.7318041e-05
9.4399464e-06
2.7051836e-05
1.5110764e-05
1.4076162e-05
4.0379462e-06
1.5404018e-05
6.7999086e-06
1.0021125e-06
4.8321199e-06
4.2283492e-06
1.3489363e-06
1.8226014e-06
8.3431398e-07
9.3724809e-05
5.0745633e-06
2.8087157e-05
0.00015487735
2.2271308e-05
1.0476045e-05
0.00010179968
2.946065e-05
2.1590675e-05
4.0685248e-06
0.00010478052
9.8737002e-06
0.00025795574
6.897927e-05
2.3506502e-05
1.2085698e-06
4.8397752e-05
8.7700983e-06
0.00037210622
0.00020339465
0.00011447615
8.9613324e-05
5.3767358e-06
3.5470037e-05
0.00014313079
9.2683424e-05
0.00018414893
0.00018711911
0.00018878364
0.0001434366
0.00063674139
0.044450752
0.00014918685
6.8693407e-05
0.00029376984
0.00015746881
0.033500542
0.073532389
0.00024910473
0.00070243669
3.5548701e-05
0.00027850967
0.00045815982
0.00036026559
6.7153901e-06
4.7606812e-05
9.8660912e-05
3.5490887e-05
4.9859497e-05
5.8045511e-06
2.4185299e-05
8.1922092e-06
4.045947e-06
7.2627083e-07
1.6838107e-05
1.8913943e-06
8.5703339e-06
1.7201241e-05
5.227991e-06
1.1604114e-05
4.3339395e-05
4.747602e-05
8.4252385e-05
1.0147856e-05
7.8628621e-08
7.0429874e-05
8.0410044e-05
0.00014453564
8.7333715e-05
1.1803341e-06
1.4107225e-06
2.043557e-05
5.3318858e-06
0.00014645961
0.00010569636
0.00027974429
0.00018991484
0.00018958966
3.5832074e-05
0.0002791782
0.000112808
0.072580122
0.14460284
0.00020172466
0.00044980002
0.11724822
0.58296475
0.00034936914
0.00027579331
7.5617863e-05
4.1864141e-06
0.00033459117
0.00010063328
5.5831292e-06
2.6787955e-06
1.8945536e-05
4.0140178e-05
2.1056255e-06
1.313137e-06
1.6634501e-06
1.9993135e-06
4.0020271e-06
2.7789295e-06
4.9601242e-06
4.635915e-06
6.4014114e-06
4.0607005e-06
2.5939989e-06
2.258641e-06
1.0540938e-06
2.2375119e-06
2.7899509e-08
1.6195773e-06
2.1414529e-06
1.5447128e-06
1.2195596e-06
1.5811698e-06
3.102069e-06
1.2755163e-05
2.9049513e-06
1.7760637e-06
1.7315213e-06
1.3713368e-06
1.588087e-06
1.4812635e-06
4.5071807e-07
2.3047388e-06
2.0015249e-06
1.4089273e-06
0.18629416
0.20699239
8.243434e-09
6.9278112e-10
3.9200957e-11
7.6578521e-10
3.3563822e-12
1.8249419e-10
8.4149339e-10
4.3308768e-09
6.3361563e-11
4.8048035e-11
7.9709404e-11
5.4122668e-12
3.1460036e-11
2.2754934e-10
8.3039429e-13
7.8627233e-12
1.2141457e-11
4.2924174e-11
2.1033684e-12
2.4521241e-10
4.1802879e-11
1.6783969e-09
2.2332827e-11
9.6244155e-11
8.3326803e-10
1.9231863e-09
7.078714e-09
8.0116021e-09
1.7908779e-07
8.5513656e-08
1.8770993e-10
9.2592411e-11
2.2176274e-09
4.0360529e-10
1.5658959e-10
2.230826e-10
6.849567e-14
1.7099081e-13
7.0185317e-15
1.0510067e-13
4.183189e-18
4.3073255e-21
1.0086052e-13
1.6543877e-14
1.0592787e-14
2.189337e-20
1.0007212e-18
4.1252634e-16
2.608153e-15
7.3465384e-19
1.3163489e-13
2.0569037e-15
4.8496396e-07
5.9588783e-07
1.4977287e-08
1.3625584e-06
1.1662149e-07
1.9056834e-08
7.0670411e-08
4.6120754e-07
2.1809569e-07
2.6925938e-07
5.4860367e-08
4.5928497e-07
3.3740122e-08
9.0976897e-08
8.319892e-07
0.00026934788
2.9207876e-07
9.666467e-07
2.4133813e-07
4.0510364e-06
7.9613228e-17
1.0041805e-18
2.5038346e-17
5.6088853e-24
4.7325142e-18
2.0427205e-19
2.931586e-22
7.7650897e-21
6.9326645e-19
9.7388215e-22
2.3131434e-21
1.90704e-22
2.1432394e-19
5.1393183e-20
1.0546525e-22
2.2147575e-20
7.8206788e-18
1.2502664e-18
3.0849204e-18
1.2617089e-18
7.9125847e-20
2.4233047e-19
3.2709081e-22
5.813757e-23
4.4708342e-23
7.782171e-24
7.4743928e-20
4.0812754e-22
1.0808635e-20
2.7694764e-17
4.8291311e-27
2.1611436e-21
3.8319227e-18
3.1085366e-21
5.4038172e-28
1.2879512e-19
6.1091339e-22
5.6068861e-24
3.4812882e-19
1.2906233e-20
1.0655611e-23
3.3287741e-23
1.441852e-20
4.6585836e-19
5.6018043e-21
2.7797327e-22
4.6992775e-18
3.8883191e-24
2.0634496e-17
8.1667996e-17
4.7076682e-21
8.2005558e-25
9.0412762e-23
1.5963611e-22
2.1598171e-24
1.1155299e-26
1.1267139e-23
1.5981456e-25
2.4542437e-21
1.3202368e-20
4.3914405e-19
1.138674e-17
1.6691618e-25
4.6171942e-29
1.5006565e-22
5.1670717e-22
2.3633888e-24
6.6782752e-23
6.9889066e-22
7.7477695e-21
1.7101896e-21
4.2103723e-21
7.3056067e-24
8.9135178e-25
3.4729681e-29
6.2615911e-24
6.9418634e-23
2.8492656e-25
5.2005444e-23
1.9584085e-24
1.4622728e-21
6.9684149e-24
3.7813693e-19
1.4414048e-17
5.1894114e-20
5.0563062e-22
1.9908519e-29
1.204979e-24
8.3576722e-23
7.0091398e-24
6.3797382e-24
9.6450312e-25
6.3481543e-22
4.5653775e-23
5.0247547e-25
1.6747491e-22
1.8843855e-21
7.4594943e-20
3.8301643e-22
4.3410183e-23
1.8443411e-24
1.5451656e-23
2.3112679e-32
2.8002678e-25
1.6186797e-24
2.13941e-26
3.7644974e-27
4.1046544e-26
6.4971368e-22
9.5895497e-23
2.1187946e-23
7.0462247e-23
1.9686883e-21
1.3900165e-22
4.7292456e-24
1.1254304e-24
8.0766813e-24
1.9418506e-25
3.1774921e-23
2.1664408e-25
9.3399518e-25
4.5866117e-27
9.3374517e-28
6.4932051e-28
2.0790614e-24
1.599661e-24
1.1057151e-23
5.2465597e-24
1.4206347e-25
2.3300497e-25
2.671055e-24
1.7121287e-25
1.3331971e-28
2.3213726e-25
2.2104697e-23
2.329841e-26
1.9168728e-24
9.640469e-27
2.3167883e-25
9.1309568e-21
7.2326084e-22
1.8254115e-26
5.4913438e-29
1.2476452e-25
6.3118205e-26
2.7658339e-27
4.7648933e-27
1.0742351e-26
1.3786752e-26
1.5655395e-26
6.0393137e-29
4.792739e-27
1.9388518e-27
7.8199719e-28
5.4122647e-26
2.7817732e-26
1.9544793e-26
5.9889769e-30
4.1857496e-27
1.1372074e-27
1.531788e-27
2.4484176e-28
9.1457728e-28
5.9836446e-28
1.2568127e-26
1.5106724e-28
1.3851931e-28
6.9737688e-29
1.3197956e-25
2.3482737e-26
7.8874958e-26
1.2877776e-26
1.2101165e-23
1.8829966e-25
9.2988188e-30
6.3854319e-31
2.2015016e-30
6.3186569e-29
5.0012072e-27
4.9136718e-26
1.0731084e-26
2.541703e-25
1.0212236e-25
1.8594313e-29
9.6793624e-32
9.9699259e-29
6.7513239e-28
2.7967535e-27
3.2072759e-28
1.1937659e-28
3.8961168e-31
3.4234818e-30
3.8085034e-33
9.2786932e-28
4.840351e-30
1.0290463e-28
7.1382088e-30
8.068478e-32
1.0941828e-31
2.6155372e-33
5.5791058e-28
1.4501801e-32
1.1894192e-30
2.2795217e-29
1.9087457e-30
2.5861708e-31
1.9467037e-32
6.9028833e-32
1.4168945e-30
9.5727899e-31
2.2531688e-29
2.4306347e-29
2.199657e-40
9.3758741e-31
5.6966673e-32
2.1033349e-35
9.0937779e-33
2.8152506e-36
4.8732312e-33
3.6413767e-28
2.3910423e-33
1.0243213e-41
1.3890883e-32
1.3296982e-33
7.8155265e-32
8.1723021e-30
8.0354905e-27
6.1141072e-40
3.739589e-33
2.7453255e-31
4.2434487e-29
3.3056978e-31
7.9793666e-30
3.2823291e-31
3.1490557e-32
1.0857132e-32
4.9680037e-31
7.6475111e-30
2.8939936e-30
2.2773456e-14
1.0131524e-13
1.5583495e-14
1.8528223e-17
2.5426845e-12
3.1148698e-12
7.2429472e-14
2.9416667e-15
2.5634352e-16
7.4539905e-16
1.7651332e-16
3.0437528e-18
1.1886905e-11
1.4797579e-12
1.7263476e-14
1.9139377e-14
2.0830556e-09
5.0981237e-09
8.6568161e-16
9.2697542e-17
9.6498378e-14
1.540334e-14
0.00071042059
2.2711949e-06
0.00048781078
0.0040202653
0.54266596
0.85826461
0.99721798
0.27391559
0.1360319
0.023183718
0.28430673
0.01248198
0.99087813
0.027127797
0.00046283657
0.0098285898
0.03114707
6.2074476e-05
0.0067262585
0.063241112
0.069808843
0.21774886
8.9567634e-07
0.00052028462
0.0085796911
0.12794022
2.5307614e-07
0.0026681857
0.99550543
3.7359129e-06
8.7073035e-05
0.010642188
0.034150624
0.0027026607
0.00097537259
0.002667079
2.634754e-05
0.29830369
0.38882719
0.56687519
9.636351e-06
7.6398027e-05
0.99868358
0.56450484
2.7989506e-20
2.7235905e-18
2.0749058e-29
3.5734344e-17
3.2299816e-13
4.5093993e-15
5.1193478e-15
3.2560293e-15
3.9176702e-17
1.8341675e-19
7.314213e-17
1.7469268e-18
1.7622712e-19
1.0735091e-22
2.003229e-17
7.0910633e-19
7.1170632e-20
2.1817731e-20
2.9757005e-22
5.2744412e-21
7.8785696e-24
1.2639438e-19
2.013593e-20
9.153888e-21
5.2112923e-21
1.8686716e-21
5.7015304e-22
6.7971775e-19
5.5590792e-18
3.0862269e-19
1.0621324e-24
4.5524562e-23
2.227029e-22
2.2563646e-22
4.1872176e-21
4.248802e-17
2.984279e-21
5.0762117e-22
7.7847309e-19
3.7633643e-18
5.3544846e-22
1.1135751e-23
3.7876236e-22
8.563718e-20
1.8112182e-25
8.4735857e-24
1.0190606e-22
2.7238005e-21
2.794962e-23
6.2285646e-34
3.6917133e-21
9.6057111e-24
1.7629054e-26
1.502442e-23
2.439963e-23
4.010506e-22
1.6039898e-23
4.845686e-25
6.7330388e-23
4.0606994e-26
1.7029615e-25
1.4898724e-24
9.7732377e-27
9.3867887e-29
1.273161e-26
6.6251791e-29
9.7819154e-25
2.8760738e-24
6.9140994e-25
2.5960324e-27
1.4313778e-24
5.8967694e-25
1.5672341e-27
7.925727e-26
4.1674739e-27
1.9089457e-29
3.3669093e-27
4.3609727e-28
5.289835e-26
2.4596184e-28
4.0524731e-28
1.2415615e-30
5.0026796e-31
9.634387e-29
5.1616051e-25
5.2901845e-24
6.8312928e-28
1.5579088e-26
5.6098628e-29
4.4738873e-30
1.0077143e-27
5.6506764e-27
1.2635307e-27
4.6000581e-29
4.9519278e-25
1.3930472e-32
2.576572e-31
5.9781133e-29
1.4049761e-32
1.64872e-28
6.8878123e-30
9.1434783e-32
3.9052806e-29
2.3818633e-35
4.699667e-27
9.6199958e-30
7.1640556e-30
2.4062207e-30
5.5802564e-33
2.0660555e-31
1.1007984e-30
3.2893778e-34
2.1621819e-31
4.2233471e-33
2.124881e-33
2.0870335e-39
1.034021e-33
1.1016795e-32
2.9650285e-32
3.173712e-36
7.3507607e-33
1.6885159e-31
2.6989214e-34
7.3419381e-34
2.5612745e-31
1.151554e-29
1.8847359e-33
9.50249e-35
6.8726189e-38
1.6617851e-31
3.3408805e-36
4.1441783e-32
2.2253765e-29
2.3229807e-31
1.7448557e-27
1.0815258e-28
1.0604537e-29
5.6082209e-31
9.1831557e-32
7.0671878e-28
2.3999465e-30
3.9099174e-30
3.4559696e-34
2.6775719e-32
9.3437369e-31
9.8883306e-31
1.4601682e-32
2.7789394e-30
8.5155642e-28
3.1220467e-26
6.5527422e-26
9.8104328e-26
4.0864635e-27
4.0071423e-28
7.7476678e-26
8.0221075e-27
2.5819717e-23
2.362606e-24
2.968975e-25
1.0589039e-32
4.3332501e-23
1.5947968e-24
2.2041228e-24
5.2876347e-28
2.4154484e-29
4.8801269e-33
6.1369872e-33
7.6610487e-31
1.1197868e-38
2.0311398e-28
3.5265667e-32
6.9527553e-32
5.9064169e-32
7.10584e-34
1.561891e-34
1.6147701e-30
7.6324585e-35
4.7898074e-36
1.111042e-29
6.7595764e-34
5.0787867e-32
3.5875242e-33
4.0453846e-31
1.6018323e-40
3.5075233e-30
8.1383227e-31
3.9228514e-35
2.3603964e-35
2.7417826e-22
3.0699418e-22
3.4718565e-23
1.8094152e-24
5.634059e-28
8.0996592e-29
7.6359492e-32
1.8053038e-30
1.2226971e-28
4.5640038e-31
1.8980488e-31
3.4839177e-32
3.7932894e-32
6.6483542e-31
4.1802153e-36
2.6624936e-35
4.6960431e-30
2.1710174e-29
5.9959401e-30
6.2744668e-31
1.4551256e-22
8.7784192e-24
8.8918314e-22
1.2655552e-21
3.3049537e-24
2.8773515e-25
9.3939649e-26
2.2964251e-27
3.5548685e-30
7.1838507e-32
5.8545929e-33
1.8753425e-34
1.1963066e-31
1.7347853e-32
3.8780474e-36
1.72352e-33
1.5905461e-33
1.9398368e-34
4.097249e-37
2.9093723e-40
8.6237732e-37
5.9472838e-33
9.7946923e-34
5.4934006e-39
7.6876714e-37
2.5812092e-34
3.8353219e-35
4.2763152e-37
2.47954e-34
3.1593819e-33
4.185969e-32
1.4917713e-32
5.5801772e-33
5.1259923e-33
4.9488013e-19
1.2997467e-13
3.5043234e-33
2.2314048e-32
1.2917028e-31
2.4541032e-30
1.0781879e-26
5.4663265e-25
6.1829769e-38
7.7577524e-39
2.5742918e-33
1.6316438e-32
8.7466266e-34
2.1085366e-34
1.9420981e-34
2.9525758e-34
3.6824349e-35
2.7587164e-36
8.7964577e-34
7.624606e-35
8.6449981e-35
1.0907648e-34
1.2282817e-35
7.6379738e-15
1.9681162e-25
5.4232653e-26
2.8938191e-26
1.3819033e-27
6.2838285e-49
1.5194009e-37
1.9573651e-35
1.4181762e-33
4.4802143e-35
3.4574074e-35
3.9787106e-39
6.7576137e-37
5.2293235e-31
7.5989743e-26
4.7490759e-27
1.1027267e-27
5.4851805e-31
1.9211394e-40
3.9855945e-40
9.4379744e-39
4.9975301e-34
6.2940023e-45
7.0828602e-37
2.5480493e-32
6.0464553e-34
1.7016401e-35
1.4070218e-34
4.6540896e-35
3.6588845e-36
2.5973485e-31
6.0360499e-33
9.0832654e-36
1.1795019e-36
9.7577597e-38
1.6566685e-35
3.1043313e-41
6.3361492e-19
6.5230469e-45
4.2435211e-32
2.3088391e-44
6.4161906e-33
1.6994613e-27
6.6907864e-28
1.2277568e-39
5.466933e-37
2.557747e-35
7.664671e-37
8.3643644e-38
1.6325811e-40
1.4993931e-35
6.0243569e-37
2.3645522e-38
1.0579507e-37
2.7370199e-42
1.3948034e-38
4.1136496e-40
1.5287633e-39
6.0930564e-37
4.5856628e-41
3.1170443e-39
9.1395343e-39
1.5765592e-41
2.507798e-39
4.1950476e-43
1.4174354e-38
2.2824701e-42
3.8700265e-43
2.1329361e-41
7.1091055e-41
5.3961163e-37
1.2729534e-43
1.007659e-45
2.275616e-41
2.0183122e-42
1.2093748e-43
1.0188682e-40
2.2622084e-41
1.8653963e-40
2.3923902e-38
1.1729502e-39
8.6724262e-41
3.1008909e-40
8.1135504e-39
1.5245818e-39
1.688509e-41
6.7742631e-38
8.1326626e-37
2.3233376e-36
2.2020587e-38
3.9469754e-36
8.1193412e-38
1.8724909e-38
9.3964545e-40
9.9207922e-46
1.0985816e-46
3.056542e-40
1.2305808e-35
3.4404465e-37
3.4360833e-38
1.080278e-46
5.4167907e-41
5.8767885e-41
1.9222041e-42
3.6656139e-39
1.0586824e-37
1.4623935e-35
2.0552404e-37
6.8252783e-34
2.6224026e-41
9.3084965e-41
1.7756355e-42
2.8526135e-48
6.467678e-44
1.2076381e-44
1.9706115e-42
5.2224918e-43
2.3520559e-42
1.0053982e-41
1.0319492e-41
1.464921e-38
8.445243e-41
3.693804e-38
6.8248327e-42
1.8368564e-37
1.235949e-41
1.0189126e-39
1.4146491e-36
1.7140101e-38
2.0648443e-36
1.1701078e-37
7.2204133e-38
1.2516839e-39
4.7990259e-38
4.8107695e-39
1.8728519e-42
8.5074149e-41
2.7532824e-40
2.2101098e-37
1.6890456e-38
2.9557922e-37
1.7560851e-37
4.3465272e-36
6.8891986e-35
2.1758391e-36
1.4844573e-36
1.4579237e-35
6.0447422e-43
3.1441402e-46
1.1880337e-41
2.0088074e-42
2.5814895e-40
7.962883e-39
9.0653548e-35
4.4683864e-34
4.1512577e-47
9.159317e-42
1.9538444e-42
5.8088385e-41
2.6473575e-43
3.1123817e-44
7.094666e-40
4.2436935e-39
1.7547159e-45
5.1947671e-44
1.4492987e-43
2.7138645e-43
4.9288367e-44
1.4351455e-42
1.1382078e-42
4.0065503e-48
6.5911581e-45
2.4438481e-45
5.0334361e-45
5.9957208e-47
4.8899247e-42
4.371043e-40
9.7609616e-41
1.2780648e-41
4.5206114e-43
2.1504793e-43
7.8721387e-46
1.0673498e-48
1.1764126e-49
2.7460323e-46
2.0965218e-45
2.225068e-46
1.6984192e-48
3.2206869e-47
8.7472789e-48
5.7772395e-44
6.0201324e-45
1.5709629e-44
9.2239685e-48
2.4856236e-47
1.4856748e-44
2.4814219e-43
8.8189425e-45
1.6287283e-43
2.7825622e-45
5.7505615e-46
9.9655491e-46
9.5771668e-51
3.0539768e-47
9.9505165e-50
7.2415813e-15
2.8206314e-14
1.5819539e-21
1.2180026e-14
1.5503201e-16
1.0884858e-13
1.3059412e-15
8.1937863e-16
1.595128e-14
2.1600364e-14
9.1028411e-16
1.6524004e-05
2.0998315e-16
4.6205174e-20
1.9842884e-16
7.8434975e-15
1.1641776e-22
1.2854147e-13
7.7980619e-15
4.6841888e-13
9.4962007e-16
1.7228077e-17
1.5383647e-13
1.937977e-14
1.4599736e-06
2.0644609e-15
5.0527375e-15
1.3961056e-15
3.1481248e-17
3.3545085e-15
6.219099e-12
3.8580489e-15
4.1744475e-12
9.1443749e-17
1.2632761e-19
1.6554549e-16
5.461264e-16
6.321091e-24
9.0734767e-21
3.7874134e-20
4.8519878e-13
9.6056093e-08
1.4182868e-05
4.8068028e-17
4.5040836e-17
0.049671687
0.1032593
1.5077167e-10
3.3613715e-10
4.1425104e-12
4.3884861e-12
2.4123052e-12
9.3899891e-13
9.6172733e-12
2.7344196e-11
6.5861078e-13
4.7359419e-12
2.9376665e-13
3.5182963e-14
1.1210793e-11
2.1770517e-11
6.9583823e-13
2.3946657e-13
3.3436647e-13
2.9602801e-13
3.8336771e-14
5.059364e-14
1.4188664e-15
9.9043922e-14
4.5556774e-15
1.4803655e-14
5.5056602e-14
2.1372768e-12
7.6565801e-18
8.6178046e-15
2.7723366e-13
8.6693468e-13
3.064576e-12
1.1715043e-12
3.9459583e-15
2.2516329e-15
6.2287338e-14
7.9802446e-12
1.2889905e-11
1.0106223e-11
1.8077562e-15
2.062267e-15
1.2147451e-15
3.0555511e-16
2.3769935e-15
1.3110462e-16
2.2409854e-16
2.6769693e-16
5.4379137e-13
1.2433678e-12
1.2932869e-11
3.1982397e-15
1.2464802e-14
2.3960973e-14
2.0432143e-14
2.4606859e-13
1.3771353e-15
9.6715687e-15
9.3169507e-17
6.810754e-16
5.461455e-13
8.6232149e-13
3.0853465e-20
3.3500099e-16
2.5794449e-13
1.7125916e-12
5.2301811e-15
2.0923166e-14
1.9762281e-12
1.2060889e-11
1.5342496e-13
1.7419776e-13
6.5206023e-19
1.1348338e-19
8.3899964e-16
4.9179817e-16
1.7276151e-13
4.3733888e-14
3.0709701e-14
1.2197505e-12
2.6198335e-15
2.3945563e-13
0.94282032
0.76850342
0.69688906
0.7712772
0.7763183
0.66525731
0.93461485
0.6788653
0.85964055
0.79183633
0.6625367
0.56146031
0.77298105
0.86697858
0.48655164
0.82889874
0.59290303
0.99988952
0.82794503
0.89974292
0.95687947
0.82747945
0.86377526
0.99971029
0.85801777
0.9276816
0.92904212
0.93705379
0.98766495
0.99828197
0.99986929
0.89625842
0.98422957
0.97479548
0.9990147
0.99935386
0.8987891
0.72712948
0.90792661
0.47863017
0.3975419
0.6513436
0.46075615
0.30054774
0.35638453
0.48261363
0.49975037
0.38481419
0.154736
0.31817682
0.19411519
0.73622789
0.24537764
0.49433315
0.41760274
0.47388995
0.4163389
0.35245781
0.21205464
0.26764799
0.033320188
0.15595237
0.026242868
0.99896009
0.35276212
0.2824615
0.14776481
0.81694093
0.55624361
0.47206868
0.035145749
0.12664015
0.14879982
0.46654242
0.9985145
0.21519214
0.14273734
0.3815107
0.25421337
0.12755428
0.13976497
0.11972291
0.085270901
0.12353368
0.17986154
0.11635405
0.061491252
0.1292144
0.1088791
0.17823235
0.13916689
0.053251065
0.028059565
0.15436169
0.085135545
0.099881282
0.044577824
0.20570333
0.25379215
0.059292435
0.060479275
0.040698236
0.038317716
0.11672517
0.0075049085
0.50183222
0.61661824
0.85339819
0.57884373
0.37640926
0.32686354
0.42031605
0.16079128
0.49422636
0.62535823
0.68486541
0.67587911
0.63191298
0.52569471
0.53279145
0.67245653
0.39665761
0.33838963
0.68065714
0.57204571
0.67010627
0.56463346
0.60946456
0.42281647
0.47075662
0.37692231
0.32419404
0.4813361
0.38601087
0.84503296
0.87313097
0.73677346
0.6294584
0.99848919
0.8902391
0.87545936
0.80347349
0.88896091
0.50841345
0.90447206
0.73991569
0.74965051
0.62416076
0.51794168
0.48664445
0.55541511
0.2673897
0.61135861
0.42680438
0.76523973
0.67788286
0.73014174
0.66559257
0.60839668
0.54499488
0.9048395
0.077636327
0.24766705
0.37893277
0.41371288
0.37826294
0.43793205
0.79866512
0.77181445
0.29321315
0.67115805
0.40399666
0.39966687
0.4905037
0.46328788
0.41270129
0.87854987
0.034440347
0.19977433
3.2192738e-06
0.4332886
0.46595346
0.046651797
0.47917299
0.57626652
0.61943601
0.59978868
0.36058281
0.35771894
0.24433825
0.26678666
0.25670905
0.99844269
0.87464238
0.90092518
0.64242139
0.53533764
0.64155684
0.093539562
0.088404654
4.0923281e-08
1.5437956e-08
7.0276671e-06
2.8611262e-06
3.215166e-06
1.5120438e-05
1.274452e-05
2.7884173e-07
1.1356965e-06
1.7718285e-06
1.269804e-06
7.8852353e-05
6.4816082e-05
2.7456314e-05
3.1115557e-06
4.6900917e-05
6.2714266e-05
4.4841479e-05
9.4445627e-05
0.0001817156
0.00035102063
4.5409576e-05
1.9062668e-05
0.0070126458
0.023545648
3.9826428e-06
8.0998052e-07
0.00017157983
9.4743971e-05
4.2587027e-05
2.892767e-05
5.7435896e-05
2.8125723e-05
2.4666084e-05
9.6365529e-06
4.2300153e-05
4.9728954e-06
2.1000615e-05
1.1711536e-05
2.7416018e-05
1.2810973e-05
1.6271578e-05
1.0519187e-05
7.7479672e-06
1.1512096e-05
7.799032e-06
3.1198055e-06
4.7742653e-06
7.0277637e-06
1.9573226e-05
3.5409726e-06
5.2588887e-06
3.7840775e-06
1.8327831e-05
5.7206719e-06
5.4890537e-06
2.9042022e-06
1.9351993e-06
2.5485972e-06
3.724888e-05
1.0698527e-05
5.2860682e-06
3.7625495e-06
0.00015824871
2.9706831e-06
1.0406193e-05
4.2500172e-06
3.4974817e-05
2.091003e-05
5.3069895e-06
2.8828706e-06
8.6400131e-06
6.0306714e-06
2.2339795e-05
5.4410957e-06
4.0227972e-05
7.9150598e-05
8.3757347e-06
8.42933e-06
2.5203294e-06
2.6468962e-06
3.0209088e-06
0.00011835843
7.2403322e-05
4.8422264e-06
2.9171992e-06
6.0301869e-09
1.2248266e-06
8.3086933e-09
2.1623337e-09
4.5582575e-09
9.1964501e-08
4.996563e-07
4.9234315e-09
1.6938906e-08
1.6340131e-13
2.4175685e-14
1.2572922e-14
1.4606992e-16
1.1367913e-13
9.3605922e-15
8.6824987e-15
3.4813678e-15
1.232562e-17
1.5085677e-17
3.2450558e-17
3.8745296e-15
2.6414892e-17
5.2842431e-16
1.5682113e-17
2.6086229e-16
2.5280542e-18
3.5234008e-18
2.5450408e-17
4.1348178e-17
2.7505481e-20
9.2803151e-19
1.6004985e-16
4.8338681e-15
1.035332e-15
7.9145784e-15
1.3424637e-15
5.804186e-16
2.0407682e-16
1.0559441e-15
7.1400205e-18
6.3920639e-17
1.4139477e-22
2.3720333e-23
7.726757e-25
1.0224264e-25
3.6828065e-19
2.4868196e-22
8.8948783e-23
1.2141901e-21
7.0971063e-20
5.1301962e-20
6.8336505e-21
1.2167699e-20
1.2089371e-21
1.4703477e-23
4.0399769e-28
3.2195063e-28
1.1607445e-22
1.8189288e-28
1.3510638e-23
4.9160048e-23
9.9694546e-25
2.4535928e-24
5.7047028e-25
3.6005496e-21
8.43279e-23
3.6962965e-21
1.5831328e-21
7.8252071e-21
3.832166e-22
2.4318085e-20
1.1808505e-20
1.6328286e-19
2.0976155e-18
2.529861e-20
1.6163305e-22
5.1965905e-19
6.1925829e-20
1.641133e-20
6.1512029e-21
7.4021315e-18
3.6421881e-18
6.8913661e-19
3.0742425e-19
3.8376136e-17
2.3441073e-18
1.8002143e-16
1.089282e-16
5.2237984e-17
1.535304e-15
5.7186583e-16
3.2494833e-16
9.2011269e-15
7.1537869e-16
3.791973e-17
2.1288255e-18
2.7718345e-17
6.1450794e-20
1.9416873e-16
8.675817e-17
1.372791e-19
6.6852787e-20
4.0327475e-15
1.9778067e-15
3.786139e-17
7.3146302e-19
1.0211349e-17
5.1677592e-19
5.5392775e-19
4.5410616e-18
8.8079386e-18
1.0482754e-16
0.0030617768
0.00028900773
0.010856537
0.00064241322
0.0024371017
0.0067675146
9.2787459e-05
3.4786779e-06
0.36847634
0.10497185
0.25619307
0.61557158
0.22639276
0.99635432
0.29370095
0.028858677
0.088550285
0.10771481
0.29106655
0.042447462
0.1538878
9.5120213e-07
4.5088531e-06
1.3555605e-06
0.00010250952
5.330022e-06
0.00031223463
2.6065391e-07
5.3763194e-06
2.2856431e-09
1.0001836e-06
1.4065123e-11
6.220596e-08
2.1937619e-07
2.3786836e-07
1.168216e-08
2.9979912e-08
0.00791261
0.0002203167
6.2413689e-18
3.2653795e-18
3.9201978e-19
5.6219912e-20
1.0213598e-19
3.1123821e-18
7.1245765e-22
2.0595349e-21
5.5325515e-18
3.2879557e-19
6.9351465e-23
2.2905384e-23
6.7075399e-22
1.5919215e-22
8.5177416e-24
3.9903069e-23
5.6904113e-27
1.2458601e-25
6.1249657e-25
4.9228981e-26
2.8155559e-24
2.7782573e-23
1.214432e-21
1.5769753e-22
9.9206066e-34
5.5974501e-34
1.2347581e-34
1.5606097e-34
1.1685935e-34
8.6510179e-36
3.0611569e-34
1.1168506e-32
7.5046865e-32
8.546797e-31
2.934517e-33
9.2810159e-32
1.8338844e-34
5.3611264e-37
1.131347e-33
9.381032e-34
3.5099259e-25
5.5294545e-26
6.1240391e-27
8.3454502e-29
3.7883682e-36
6.5558446e-36
2.555388e-26
5.4942624e-27
2.1307744e-25
1.2338701e-23
3.0477531e-26
2.9917025e-27
6.8179148e-25
8.3413372e-26
8.2745934e-27
2.0859211e-25
5.1241389e-24
1.6819538e-24
5.1294732e-29
6.2219667e-19
1.4054501e-24
2.0342086e-22
2.638916e-24
6.3893332e-22
2.9797933e-24
5.355094e-22
5.7682078e-25
5.8510197e-23
4.578431e-27
6.252813e-22
5.3237596e-22
2.4255875e-17
5.3761436e-25
3.7198992e-25
2.0261968e-23
6.1266122e-22
4.3427856e-23
1.6050896e-21
2.1450872e-20
1.6545029e-20
3.0518525e-26
7.9851428e-26
2.4972914e-31
3.1393117e-31
1.2272696e-22
2.9916184e-21
1.7877995e-23
2.5896737e-19
1.8052238e-23
2.166194e-21
2.9128115e-21
6.810935e-16
2.6198558e-20
1.9247008e-21
1.1247951e-20
1.9832659e-18
6.4587814e-19
7.6352815e-18
2.7617045e-24
1.2843805e-22
5.7001939e-20
3.7664783e-18
6.5569731e-22
4.9835266e-20
2.4242585e-20
1.220993e-19
8.2635602e-17
2.7910832e-16
6.0073144e-23
8.1708413e-23
1.6805388e-24
1.1724343e-26
5.8874749e-25
7.3437918e-18
2.7728958e-24
2.786354e-26
1.2035485e-22
4.819665e-21
3.9194782e-25
9.7134691e-26
4.2927584e-26
8.7977976e-26
5.4059151e-17
5.6331641e-22
1.6012607e-24
3.0224972e-26
1.1435739e-20
1.7166001e-18
5.5991635e-27
3.0894722e-28
1.5770494e-23
2.3097804e-25
4.6700977e-22
3.9984724e-21
1.56913e-18
4.8607014e-21
5.9162644e-28
3.9148167e-27
9.1001103e-24
1.1237021e-22
1.8308365e-20
1.5285818e-19
1.3759723e-18
1.1471069e-16
4.389834e-18
8.7117625e-20
6.5533519e-20
2.2350846e-19
1.7482328e-30
3.251226e-29
3.2526884e-31
4.5526916e-25
2.7929025e-25
3.2195442e-26
2.3295725e-21
1.8460117e-29
7.626215e-22
2.2361597e-29
4.4727145e-16
3.0829445e-18
3.139189e-17
2.3253411e-17
7.1744026e-17
1.0429694e-19
1.1700745e-20
1.1407971e-20
8.6734828e-28
3.1068834e-27
1.1889414e-28
3.5724564e-31
3.007358e-29
1.6326392e-30
9.1009883e-35
9.7592656e-37
9.3238542e-30
4.0506299e-29
8.5357145e-32
1.4606399e-29
6.2480431e-28
2.2223752e-28
4.026437e-27
1.9009887e-23
4.7841917e-21
2.0526882e-19
1.1331381e-20
1.0511193e-16
3.1178674e-18
1.0082931e-31
5.6704089e-31
4.3839504e-30
3.8900003e-35
1.6995516e-30
1.3454263e-15
1.7553707e-20
7.7023926e-33
4.4404967e-33
1.1841118e-15
1.4216401e-28
1.1685028e-29
6.1942281e-30
1.1237561e-31
7.0578696e-31
2.7085653e-33
6.0098324e-34
1.14304e-32
1.3881757e-18
5.3525043e-29
1.2467543e-13
4.2036179e-19
2.46365e-16
5.2476182e-17
3.6959976e-28
6.8121328e-31
8.3743375e-28
3.6751664e-30
1.2840301e-31
2.0953534e-33
2.7320476e-28
1.0628558e-28
2.9077963e-30
7.7780181e-30
2.7281761e-26
8.0752326e-26
1.1603482e-28
1.2278922e-26
2.3695022e-28
6.3410504e-25
5.9991086e-26
2.3723062e-24
5.4506895e-21
1.3885977e-18
2.2223774e-31
2.0267653e-33
1.1663125e-32
1.3108875e-32
4.9757956e-32
1.0122131e-29
4.5374502e-32
1.4230298e-30
2.2066305e-26
4.259095e-27
4.1213022e-26
2.2116622e-28
1.0522133e-22
4.855529e-18
7.2089371e-15
2.4330457e-16
3.7720053e-33
1.4203873e-32
2.0665492e-19
1.4968632e-20
1.2621431e-22
3.7641812e-23
8.3568343e-35
2.1061165e-34
2.8160778e-36
6.2929803e-37
8.8684139e-46
7.8980405e-38
1.200802e-38
9.0299474e-38
4.0930436e-37
2.6590833e-37
7.0892608e-40
5.9030598e-42
4.1290079e-38
3.7297596e-39
7.1187221e-40
3.5842013e-39
3.1982328e-40
8.3712492e-41
2.4745644e-35
1.0536866e-36
4.2668564e-36
6.0065297e-36
1.1183936e-35
3.1671038e-35
2.3432739e-35
1.1087559e-34
5.7667693e-36
1.1720738e-39
3.9413461e-38
4.2958622e-37
1.0419894e-37
1.9905239e-36
1.4249114e-39
2.3691187e-43
8.4667358e-45
1.0754884e-44
4.6876403e-45
6.7362029e-42
8.4951981e-42
4.0572601e-44
1.7756359e-46
7.5250918e-43
1.6315391e-42
9.5382209e-44
2.1447518e-49
1.604887e-47
1.5030754e-43
1.0137024e-43
1.6104071e-45
6.059088e-48
1.9591592e-46
1.7987695e-46
1.6505559e-10
7.9192972e-52
8.1147642e-10
3.4471739e-11
7.264981e-13
4.1717247e-18
1.3596163e-17
1.4279824e-14
9.2084415e-14
1.6597975e-10
7.4209599e-11
3.8941909e-15
8.3048545e-14
6.9550488e-15
9.3068777e-08
5.9035368e-09
8.2255342e-10
3.548842e-09
1.6994365e-15
4.2583157e-16
5.2913792e-12
1.201313e-11
3.4457564e-14
7.5327944e-15
1.8983827e-15
1.5470088e-16
9.905985e-17
1.5764008e-16
2.5327144e-16
3.2270866e-15
1.617731e-16
3.5554375e-16
1.0682935e-16
1.047896e-14
1.6083656e-13
9.6148274e-15
0.94350495
0.7935954
0.92582691
0.99961034
0.19805126
0.97402461
0.98490497
0.91348886
0.97055397
0.21422174
0.20776797
0.27803337
0.12349384
0.075582863
0.14741453
0.14996996
0.15698935
0.12786049
0.19419886
0.19437562
0.15945905
0.07595879
0.25621705
0.14440572
0.27457742
0.20042722
0.26119247
0.37066639
0.2773729
0.3505074
0.075204235
0.099873064
0.048724779
0.023817858
0.76791729
0.99851812
0.52900973
0.92547234
0.31267065
0.51260078
0.99983719
6.4368432e-06
0.18054558
0.26116687
0.27013179
0.23820272
0.1888323
0.85263959
0.89011694
0.90893646
0.5146362
0.56282915
0.56695671
0.825211
5.6176759e-08
5.870321e-08
3.2270632e-08
4.4515443e-08
4.4112159e-08
4.5752947e-08
2.3749442e-08
1.2000729e-07
3.471797e-06
2.1045863e-06
2.8696966e-06
8.7719043e-07
9.4771091e-07
1.0876223e-06
3.8158679e-06
1.1940622e-06
1.6765935e-05
2.9132827e-06
1.2380084e-06
2.6898028e-07
4.7576074e-07
4.331298e-07
3.6592859e-07
2.2631715e-07
3.9043611e-05
1.4061476e-05
2.6882466e-05
1.6405812e-05
6.0110793e-06
7.3109469e-06
9.017886e-06
6.865698e-06
6.0027958e-06
7.3590136e-06
4.3512849e-06
6.8611493e-06
3.8467915e-06
6.044279e-07
0.0014053938
0.0017739139
7.2146953e-05
5.0492279e-05
5.8904079e-05
2.690719e-05
9.7255311e-05
2.3253799e-06
3.7531627e-06
8.1134444e-05
0.00020180632
2.2598958e-05
8.5945779e-06
1.6094776e-05
6.1267403e-07
9.3294901e-06
5.2197088e-06
5.0981748e-15
1.0074708e-13
6.2616768e-16
2.5365658e-17
2.5761971e-18
8.6056874e-20
1.1651539e-23
1.6695604e-21
5.9477548e-22
3.4154133e-23
1.2492426e-21
7.3475029e-22
1.4694814e-20
3.0663974e-20
1.4526755e-22
6.6861059e-21
8.8942025e-23
5.2083101e-22
1.8325539e-16
1.591141e-15
1.8667616e-14
3.0218158e-14
4.6750154e-16
1.0824825e-16
4.0183611e-16
1.3459154e-17
2.0845791e-17
5.3448479e-19
3.0980378e-19
1.0263258e-19
0.030285792
0.0032496074
0.033785891
0.0068374865
0.0019111102
0.00088803713
0.00066553109
0.0026880859
0.028217676
0.0049996258
0.0048413917
0.00065509969
0.026223811
0.0096984758
8.2765596e-06
1.3266391e-05
8.1036381e-06
6.2216737e-05
8.7450839e-05
4.1549961e-06
6.5731513e-05
7.5619703e-05
4.3662203e-07
3.0670691e-06
0.00063623702
0.0015256497
0.0014862666
2.6035804e-05
2.180282e-05
0.00014886424
0.7746727
0.39464149
0.38295932
0.7338145
4.9363511e-06
2.3624935e-05
1.9887773e-05
1.4337632e-15
0.00010230624
0.00030560028
5.1831994e-05
4.1054217e-08
1.510471e-16
1.1416406e-16
1.9303262e-18
2.7490993e-19
4.9529892e-19
3.6962884e-19
5.4554839e-21
2.2209568e-20
1.7569358e-20
5.288862e-23
1.0936495e-21
1.1336474e-24
1.185395e-23
3.3915005e-33
3.3444607e-34
3.7148475e-32
1.1908828e-30
9.2429412e-30
2.2453818e-29
4.5130507e-30
8.8520802e-28
7.4385517e-29
4.4632431e-30
6.9321446e-30
8.1791256e-32
3.1059285e-35
3.8986054e-36
4.1327524e-38
1.5668028e-36
8.9421734e-38
8.5516324e-35
3.6336297e-38
2.1684691e-37
6.2547477e-37
1.5744336e-35
1.2808969e-36
2.5424505e-37
5.3403547e-26
2.8046291e-26
2.3681395e-27
5.3559886e-28
3.9654259e-29
4.2666111e-28
1.1788977e-15
1.4632333e-17
2.969449e-20
3.8191399e-19
3.0191681e-34
1.0602396e-32
4.3258704e-35
6.3991619e-36
1.3242724e-33
8.9281225e-33
4.5052536e-32
1.5722409e-14
1.6604152e-16
2.1837045e-30
3.0052675e-29
2.5475827e-30
7.3048596e-29
5.8180019e-31
4.6107812e-30
2.8016998e-35
3.1308252e-36
2.1928719e-34
2.6448311e-33
2.3140563e-34
4.2487067e-35
1.3337615e-34
5.1756328e-37
4.5683769e-35
3.9610305e-36
2.2038224e-36
1.2742037e-28
1.4614218e-27
1.9442341e-25
8.6705122e-22
1.1029e-17
9.3853585e-19
4.5596741e-14
1.183553e-16
2.5398007e-14
1.478897e-17
1.0100614e-17
4.7867932e-17
1.9283317e-14
1.1401241e-15
2.9065457e-34
8.7652737e-34
1.0010336e-34
2.5138025e-39
7.3952093e-40
5.0332853e-39
1.9312198e-41
2.9924535e-38
6.9208972e-39
3.0065251e-42
9.4063152e-41
2.4751007e-43
1.8366524e-41
5.7055106e-44
1.3747332e-40
9.7735828e-40
1.0558186e-40
2.5940889e-41
2.4008605e-39
6.0701534e-39
9.6961706e-44
7.2596581e-43
1.0073651e-47
1.7076681e-48
9.0223637e-48
7.5346938e-47
4.9128181e-50
2.1895252e-49
5.7108783e-51
1.7645343e-50
6.1919288e-49
2.6116111e-12
3.2725608e-11
1.6858913e-10
1.1016024e-10
4.3618517e-11
4.9033699e-13
1.1308971e-16
9.9606222e-17
4.2617478e-17
3.1684769e-17
1.0369263e-17
4.2166904e-18
1.1910851e-17
2.9127607e-18
4.2119723e-16
4.3505099e-16
3.3606642e-15
1.1379575e-14
3.3816018e-16
7.9541458e-16
1.1687976e-13
2.911308e-13
1.9665088e-12
1.2312852e-11
5.888052e-13
2.5895832e-11
2.1946188e-13
1.0759623e-11
0.85303896
0.88004431
0.91888541
0.91608347
0.053817456
0.0011095165
0.34080635
0.33172823
0.20731388
0.17898937
0.15748527
0.21704299
0.17885062
0.11825438
0.1423072
0.062991095
0.27604822
0.20717819
0.036977544
0.0359333
0.037234172
0.017012644
0.0020100865
0.016310491
0.028625071
0.0060208227
0.05966164
0.029221201
0.10723053
0.077301903
0.045491121
0.01953009
0.025074403
0.014213707
0.0021092385
0.027081232
0.016179705
0.018421268
0.018232885
0.027817739
0.038452018
0.024277742
0.01107738
0.0111866
0.021705028
0.017954337
0.6865611
0.79388133
0.75757629
0.71737438
0.84541823
0.75258997
0.44539268
0.99909379
0.98496491
0.29430125
0.35253702
0.31519453
1.41627e-05
0.0044554396
0.33703735
0.26299671
0.21606998
0.2599703
0.15786452
0.15867162
0.00014248179
0.078913462
0.20545611
0.11376296
0.85147349
0.99908466
0.99899075
0.90480419
0.70479329
0.69165864
3.2355126e-08
1.8919946e-08
4.6886066e-08
1.9120785e-06
8.022615e-09
6.8759908e-09
2.0189216e-08
4.1478515e-08
2.4147076e-08
8.8286021e-07
3.158333e-07
2.9490751e-07
2.4185507e-07
6.606939e-07
2.7327483e-07
3.0380305e-07
5.0485358e-07
5.5180047e-07
3.4804816e-07
3.8322225e-06
6.0136535e-06
2.4680968e-06
4.5616931e-06
0.00071774616
0.00075670973
1.0908735e-05
5.8962879e-06
3.8019343e-05
6.6744172e-06
1.8294673e-05
9.1549174e-06
1.5362043e-05
3.9707706e-06
1.7569604e-05
1.0017226e-05
3.5208017e-06
4.934228e-06
1.0164167e-05
1.7667892e-05
6.0581117e-06
4.514081e-06
9.6080193e-06
6.4209618e-06
1.556523e-05
3.9434806e-05
2.4535787e-05
2.3139803e-05
0.00034521838
3.5312116e-05
1.6434651e-05
1.1005249e-05
2.4458363e-05
4.1975624e-05
1.6365487e-05
3.589172e-05
0.00013970029
6.4262722e-05
3.9737109e-05
7.9546138e-05
3.6209904e-05
8.4832925e-05
3.6833025e-05
3.2711049e-05
1.6573596e-05
5.065647e-06
2.0693062e-05
2.1732869e-05
9.9747524e-05
1.1320802e-05
1.20325e-05
6.8919112e-06
3.2050596e-05
3.6346948e-05
6.3560086e-05
4.7518762e-05
3.046711e-05
2.9672418e-05
0.00011124777
5.7266621e-05
3.5912843e-05
1.4452757e-05
6.5075919e-05
0.00013405256
4.8374614e-05
3.1349375e-05
1.5175176e-05
6.2204243e-06
0.00012680535
0.00024256235
0.00025068474
9.6029671e-06
6.9793766e-05
0.00025479198
1.7904591e-05
1.0851559e-05
7.7787329e-05
0.00020241319
0.00038246106
0.00055520047
0.00018832758
0.00045814068
0.00013149781
0.0001918637
0.00053959671
0.0023991649
0.00035277163
0.00036653214
0.0015153726
4.8036287e-05
8.6452373e-05
6.6368348e-05
4.9205271e-05
0.0083422077
0.00018718664
0.00014216108
0.0008127368
0.0024108434
0.00069715211
0.43058428
6.9316418e-06
3.4655244e-05
0.00010343804
7.2804907e-05
0.00027763324
0.00053346502
0.00025225458
0.0010455208
4.7952526e-05
9.4605368e-05
6.9916842e-05
8.9732963e-05
0.0010627105
9.3195147e-06
0.00013561307
0.00026120594
8.1989404e-05
0.00015433334
0.00070331265
0.0003719137
0.0013140323
0.00047350975
0.00014586374
0.00026475455
1.0662239e-05
0.011286544
0.0018927167
1.6151441e-05
0.00061194708
0.0012900221
0.0012229284
0.015653031
0.0024208939
0.0071653236
0.016190148
0.030150714
0.00083907764
0.00065605316
0.00104394
0.0023817746
0.0040308406
0.0061891635
0.00071073147
0.00044563736
0.002034146
0.0042648519
0.0031625025
0.0035088465
0.00054003698
0.0010903809
0.00038297155
0.00038520932
0.00017203084
0.0016199664
0.0031250501
0.01915103
0.0035254882
0.0028175627
0.003199798
0.010371765
0.0061752315
0.010682817
0.0072664297
0.0011317826
0.012232768
0.015641796
0.0042423059
0.0017404988
0.0059312341
0.0085320857
0.26146057
0.27481457
0.0067355935
0.011951499
0.0084721911
0.014324795
0.028724875
0.038363009
0.020499246
0.011380184
0.01044657
0.019770565
0.025280525
0.051293898
4.0583724e-06
4.0697476e-06
5.6632215e-06
6.2014234e-06
6.146337e-06
3.1437841e-06
3.3706892e-06
3.8822157e-06
1.1477637e-06
8.7216546e-07
8.7662242e-07
8.0538498e-07
4.8459847e-07
5.1926946e-07
5.4245096e-07
5.6051765e-24
4.9177589e-24
6.4826605e-14
9.1796591e-15
2.4852819e-13
2.3422166e-14
1.9379134e-17
3.5808616e-17
7.6300039e-17
5.2473202e-17
3.2922586e-17
0.0011575127
0.0022297573
0.0054275614
0.00159292
0.012290788
0.0091692459
0.0093425577
0.003115916
0.0012693078
0.00016768898
0.25474843
0.15626395
0.23956418
0.71778415
0.73423969
0.60645211
0.015722293
0.0010623149
0.0030227844
3.811173e-07
6.4896326e-07
1.2035137e-07
1.8516701e-08
2.8904265e-09
7.2415502e-10
4.7482859e-09
1.7925279e-08
7.0077852e-10
4.2101814e-11
1.5673253e-07
1.6686389e-08
9.1850606e-10
1.3310403e-10
1.0776373e-11
1.02905e-09
9.9680612e-28
5.2620612e-27
4.1048701e-18
4.7421019e-17
2.1921827e-34
7.0246006e-34
2.6941944e-24
2.1958705e-22
7.417244e-21
5.3456717e-22
5.7435569e-22
5.7341491e-24
3.1156088e-26
8.6841073e-26
4.4034235e-20
1.6964756e-21
2.708156e-19
9.0322483e-21
5.5652452e-20
1.087183e-42
2.2241904e-44
2.0318624e-12
2.9163475e-12
1.3841629e-17
9.4287944e-12
3.1491447e-17
5.3578281e-18
2.523488e-18
1.2053044e-17
3.2524413e-18
2.4570822e-19
1.5724152e-18
1.1432358e-18
7.6527506e-18
7.6581247e-19
3.8076656e-19
1.6379239e-18
1.1995676e-17
1.2452119e-13
3.4052875e-14
6.832459e-16
6.5681224e-16
3.1011172e-15
2.496858e-15
3.6726107e-12
5.0735636e-13
2.1680257e-11
3.6383917e-12
0.9614494
0.96214617
0.91056386
0.87220157
0.88270457
0.89603554
0.91123221
0.89625328
0.89961639
0.91484637
0.89715413
0.96096163
0.9074027
0.38457656
0.92449694
0.2980548
0.29856641
0.20906016
0.21375444
0.19793063
0.10946373
0.087833026
0.050549189
0.047502124
0.087458481
0.063094909
0.050469172
0.029314173
0.061076656
0.035689403
0.036506899
0.0059791382
0.07529735
0.026675594
0.019292276
0.0011760381
0.11435351
0.061838119
0.020358639
0.014347132
0.017650876
0.0093508257
0.036915979
0.017914424
0.037858444
0.026779794
0.0067996469
0.0030079467
0.014624075
0.0098753258
0.035271667
0.02969766
0.010362339
0.0099719763
0.0202598
0.014931535
0.030116778
0.025367841
0.017795408
0.0072739948
0.039138633
0.030038229
0.059808484
0.030798667
0.16720413
0.11187289
0.054424743
0.045672795
0.059154822
0.077447798
0.07596894
0.073679269
0.12043498
0.031145033
0.079049274
0.14212738
0.069556082
0.05236397
0.0092252461
0.0064460599
0.010056916
0.0061696074
0.02697764
0.021692589
0.93687855
0.75537054
0.59130456
0.27333859
0.88028811
0.87123017
0.40791019
0.32616185
0.55865794
0.41731059
0.21696129
0.16813527
0.32828735
0.29046319
6.0830283e-08
4.444189e-08
1.3033018e-08
1.8427722e-08
2.0997225e-06
5.2035766e-07
1.695765e-06
4.34343e-07
6.4307075e-07
1.0020875e-06
1.678307e-06
5.8208905e-07
7.9569532e-07
7.5029357e-05
4.0981546e-07
5.9701438e-06
0.0001151907
0.00023712396
0.00020312931
0.00026989513
0.0013610923
4.0073281e-05
5.4550539e-05
0.0019109243
7.2919663e-06
0.0019947761
0.0057896682
0.0044108111
0.0039290819
0.0061570545
0.00021374555
0.15635403
0.3555691
0.029454767
0.30329956
0.019100955
0.020684744
3.727232e-06
5.3234514e-06
5.4799932e-06
8.0443975e-07
5.5759688e-06
4.4836464e-06
5.191841e-06
6.771024e-06
5.438747e-06
7.3511593e-06
7.0748958e-06
4.3418058e-07
5.0675361e-07
8.7598283e-07
6.7492524e-07
8.4421641e-21
2.3427988e-21
1.6734601e-22
1.4786041e-23
1.4929592e-23
7.6082748e-25
4.7741358e-25
1.2049412e-26
1.8364137e-27
2.715126e-29
1.202198e-26
7.4746321e-25
0.9319994
0.94292454
0.1368862
0.12646144
0.1089209
0.12466321
0.0071778094
0.00081261562
0.018013864
0.020542106
0.017536155
0.010667855
0.012633205
0.0074249455
0.16687517
0.11586724
0.020078755
0.021785381
0.11335316
0.076878721
0.0089631175
0.0074881474
0.0090682265
0.0032695244
0.0061205327
0.0097324214
0.0017286083
0.0059983966
0.014289539
0.0089925476
0.0074290496
0.0016904189
0.0054573081
0.0074144661
0.0059746787
0.0020018222
0.0040774407
0.0030292102
0.0040759353
0.0017464755
0.0054735509
0.0025462361
0.0012620195
0.00064074035
0.0066272863
0.0017941198
0.0025802276
0.0011645549
0.001226998
0.00043879334
0.00028393627
0.0010304107
0.00043312536
0.0004360884
0.016504341
0.016619229
0.016831634
0.023998197
0.018469793
0.010190559
0.0063482966
0.0029009347
0.010066572
0.010149294
0.82986518
0.82652541
0.84631855
0.91005728
0.78078301
0.63963174
0.61432531
0.62781506
0.69392693
0.68948185
0.56650347
0.46738423
0.62624662
0.52609123
0.69074801
0.47778053
0.46055608
0.50898643
0.65639987
0.51750736
0.63315593
0.65178344
0.36187509
0.35096152
0.69309148
0.67507918
0.78465715
0.71059073
0.75686118
0.5706474
0.68248405
0.60218769
0.47545442
0.35661619
0.85456954
0.83661461
0.43935187
0.36932788
0.58646392
0.41322487
0.60369226
0.50347982
0.3617099
5.5731957e-05
0.71251853
8.5648563e-05
0.42374541
0.35208595
0.45933118
0.42089493
0.27648511
0.25996783
0.21594362
0.009579118
0.35342674
0.33695745
0.23318923
0.27324377
0.50930336
0.37134973
0.11928974
0.26937479
0.28758627
0.22965417
0.62983235
0.56598305
0.60883139
0.50726389
0.69575148
0.5824911
0.64518432
0.63951288
0.55618593
0.51405135
0.64201757
0.66375329
0.63829204
0.57525131
0.67335167
0.63607647
0.0074629029
0.4762653
0.66487121
0.56412439
0.43893056
0.07295572
0.00076300668
0.29004895
0.0013374639
0.000153153
0.087753529
0.41656444
0.61613527
0.38345023
0.057150084
8.0626224e-05
0.44139969
0.22220737
5.4430451e-05
0.21764778
0.55912316
0.040525025
0.44476884
0.046634714
0.022609588
0.0034686327
0.56053522
0.47685591
0.57933921
8.1638337e-05
0.51155623
0.51626181
0.61563117
0.63200453
0.61114162
0.4424651
0.58997351
0.61175429
0.5857896
0.00021773077
0.60368448
0.22168414
0.0021298439
0.079392735
0.16975395
0.23337892
0.035552976
0.15892605
0.056231423
0.071418039
0.00010903773
0.22864419
0.14575105
3.1450017e-05
0.0003582036
0.00012683753
0.1214905
0.00048845728
0.14606092
0.0011578257
0.021032912
0.0054017577
0.046072856
0.004015467
0.15001867
0.0005981514
0.070423513
0.0061306995
0.035979574
8.2528409e-05
0.049738757
0.0053714781
3.0206217e-05
0.016962164
0.00028095736
0.003331608
0.029073634
0.00043988947
0.010624225
0.002022795
3.8060163e-05
0.0033269772
0.027320124
4.2733672e-05
0.00034030308
0.097510635
0.14746147
0.0023486215
0.0011060578
0.049746411
0.00014906207
0.0020556307
0.018919457
0.030125932
0.0032107446
1.9644317e-05
0.059262669
0.083049146
0.00078911711
0.38725777
0.094357101
0.21200123
0.15035444
0.0153142
0.97319059
0.90295758
0.97195601
0.99970881
0.87086866
0.8466225
0.79231123
0.78407179
0.81175494
0.21902962
0.26248094
0.21603474
0.11278937
9.8255708e-09
1.1226158e-08
2.0455329e-08
4.9921426e-09
8.2601031e-09
3.8464643e-09
7.7858281e-09
2.1141449e-08
1.2482217e-08
9.5499729e-05
0.0015257381
5.6108062e-06
4.1302346e-05
0.00014842385
6.0512808e-06
4.1013449e-22
2.6485966e-23
6.1411142e-28
7.705952e-32
1.5433637e-27
5.6019718e-31
8.7077705e-29
4.8390227e-24
6.8517194e-29
4.3280764e-30
0.0040923143
0.0037570578
0.0070370865
0.0038785511
0.01277521
0.0060770098
0.005100624
0.0028311723
0.10365532
0.11614906
0.18214738
0.1472171
0.22870675
0.1688023
0.11255295
0.15508131
0.1138281
0.081124503
0.066505031
0.084745048
0.15373469
0.094011909
0.20528141
0.084568473
0.11137177
0.11393474
0.018348381
0.054081194
0.08644807
0.058740972
0.046646678
0.040983844
0.054479056
0.06704421
0.047204677
0.045562657
0.028560992
0.046359403
0.1022915
0.076650507
0.078037686
0.10229611
0.084034723
0.055231881
0.051191796
0.045431877
0.0055699476
0.0030189823
0.00077508131
0.001580187
0.00067855371
0.0014783839
0.0021618232
0.0028519949
0.0021401004
0.0045087115
0.0014354712
0.0026669919
0.0044856664
0.0034733038
0.0061121214
0.0029810887
0.0038233801
0.0019192579
0.0037732583
0.00086232529
0.0015286627
0.00086331953
0.00047136608
0.00077970142
0.002184143
0.0011919633
0.0062824159
0.0015914439
0.00088107955
0.00035656326
0.0019451403
0.0030442302
0.001355609
0.00090703535
0.0039374716
0.0090281443
0.0014213418
0.00083673812
0.00053748819
0.00054832817
0.0013312839
0.0010957331
0.035460481
0.026807459
0.0066895875
0.0074583858
0.71000416
0.63478035
0.34431639
0.34501903
0.45024194
0.36524223
0.79490391
0.85160418
0.88106082
0.6983581
0.25608004
0.21753941
0.20901424
0.15336606
0.25365658
0.34981764
0.015470589
0.0094560533
0.050900407
0.034190022
0.14452833
0.072130271
0.00011440345
0.5699476
0.40359106
0.00077530876
0.00010840597
0.068160017
0.087701706
0.11610248
0.072057424
0.10360708
0.056397938
0.086429112
0.045795508
0.065432649
0.040423637
0.031313508
0.050602054
0.024037831
0.024857501
0.0092115774
0.031482114
0.009455498
0.89920365
0.88738609
0.93345773
0.79545944
0.8228503
0.84316801
0.82637749
0.81657876
0.80523087
0.77003983
0.59050157
0.78137692
0.8030964
0.77616088
0.68258531
0.69796348
0.67286212
0.6395378
0.68870173
0.64432678
0.76542158
0.67191178
0.69957083
0.69998448
0.73247057
0.65640328
0.66573591
0.64054853
0.66079677
0.73131481
0.75302015
0.67139008
0.69087097
0.75439819
0.73981919
0.71816233
0.71687154
0.73845615
0.73933575
0.70815098
0.70364052
0.69769591
0.71327306
0.16633043
0.19533535
0.18585984
0.23070873
0.00016048026
0.0001471794
0.00019650651
0.20689623
0.00021012216
0.00027496445
0.00072523706
0.00057375404
8.0336776e-05
0.00046863101
0.087004239
0.0024272566
0.00044672273
0.2001675
0.0046319277
0.0045915801
0.0032275998
0.013445578
0.0016287825
7.9557624e-05
5.688637e-05
0.0013059064
0.00057709015
0.0036846369
7.423883e-05
0.088804966
0.003125137
3.3349042e-05
0.00028040933
0.00040392135
4.3067189e-05
0.00020004058
0.0005943898
0.010323754
0.025378987
0.44920645
0.00039603048
0.0011009816
0.03191154
0.14702664
0.00026751475
5.9919669e-05
0.00047233447
0.00015168933
0.0072804672
0.0040579847
0.00026823539
0.00037658819
0.00051074349
0.00048848193
3.4805151e-05
8.8437077e-06
5.2974135e-05
0.0060612309
5.4080165e-05
1.958413e-05
0.00080007934
0.00014386265
0.0019809767
0.0012894925
0.17086784
3.6443705e-05
0.039082804
0.10360308
0.00079743651
0.0013553332
0.0014899233
0.0026851042
0.0041714739
0.0027291371
0.0041167647
3.0047751e-05
0.27835805
0.25383217
0.00034460258
5.220654e-05
0.016549521
1.0972834e-05
9.8795132e-06
2.5240624e-05
0.0030649908
0.19847338
0.051680135
0.33547633
7.3278529e-05
1.2039715e-05
0.0073438113
0.0060484021
0.28875047
0.16567411
0.024692967
2.1298424e-05
1.4303277e-05
0.0027672016
0.0044013108
0.39984814
3.0064176e-05
8.5646684e-05
1.8818367e-05
0.0010447738
3.775922e-05
0.023724566
0.010656805
4.7726523e-05
3.1156883e-05
1.3022769e-05
1.4404716e-05
0.12097495
0.00022280393
0.0001463712
0.11449817
3.5268962e-05
1.4401624e-05
2.0378267e-05
2.334745e-05
0.00012918776
4.9001098e-05
0.030538883
0.039050619
0.032231363
0.029486191
0.022571907
0.0075225501
0.0070532877
0.20238926
0.025238211
0.00011425684
0.00014459571
1.8886326e-05
0.0060383232
0.039844645
0.099104956
0.099659033
0.00033441242
2.1136827e-05
1.5215457e-05
0.00076700747
4.1177771e-05
0.00021752809
0.00026420415
0.022802961
0.11939758
0.00010467205
1.6822992e-05
8.6505491e-05
3.0814924e-05
1.8007271e-05
1.5097399e-05
1.1825064e-05
1.4698488e-05
0.13972612
0.00026035806
0.00025322305
0.0012220325
0.014893539
0.2028374
0.070222135
0.056321881
0.085085157
0.20356233
0.14227294
0.00030393281
0.34412774
0.09112448
0.049099269
0.088359142
0.084292389
0.26421855
0.31620637
0.28519107
0.049323627
0.00029571828
0.45587633
0.47622439
2.224513e-05
0.068944226
0.056709692
0.079148852
0.06242486
0.10808919
0.070177136
0.12717911
0.11695793
0.012286222
0.010706439
0.10870932
0.063800907
0.26584471
0.37511094
0.4731503
0.30108528
0.22774386
0.19450965
6.6439348e-05
7.6826081e-05
0.00041983664
0.011871615
0.1481866
0.086943973
0.011964687
0.0012318036
0.38081254
0.45359288
0.46734045
0.1951319
0.39948099
0.33911102
4.2349618e-05
0.00013847841
0.00022874055
0.0012088715
0.34840998
0.49957293
0.64632841
0.61920428
0.24285161
0.00054222537
0.0088294022
0.00022077773
2.1240309e-05
0.0017341165
3.1622226e-05
6.2162965e-05
0.0027822775
0.000404566
0.0004568786
0.00026230527
0.00048022658
0.0006708464
0.00042633152
7.5760057e-05
6.421504e-05
0.00041949479
0.0012259264
0.00093746691
4.5063539e-05
0.00026369359
3.8847576e-05
0.00076374106
6.7877374e-05
0.0020085246
3.0671909e-05
0.0030019445
0.00061926715
0.00014315451
0.00017715676
3.7237506e-05
0.001125782
0.0082048872
0.0010550658
0.0021406764
0.0002187167
0.00035834676
0.00010502418
9.3328172e-05
0.00030141364
0.00018386968
0.00016748075
3.1640895e-05
2.6310049e-05
3.2706257e-05
5.6393024e-05
0.0017496141
0.0010216476
0.001627434
0.0021703088
0.0014579725
0.00085988842
0.00032566836
0.00031487462
0.00014559901
9.9870286e-05
0.00017635205
0.0030868865
0.0016737648
0.00014164078
0.00026900039
0.00021109195
0.0002808116
0.00024042846
4.0148809e-05
0.00010862084
0.00028506604
0.00027763982
0.00045088205
0.0053125693
0.00046557669
0.00068381274
0.00033139176
0.00071590589
0.00014064209
6.1796353e-05
6.5558399e-05
0.00045111613
0.0018992115
0.0050478325
0.00070306222
0.0010051962
0.0016160469
0.00071948334
0.00058869872
0.0018788723
0.0027340289
0.0018176745
0.0031483358
0.0011982198
0.0019613974
0.0019458181
0.0034082787
0.0050059894
0.0056632071
0.0034438508
0.0034719392
0.002762834
0.00063678749
0.00063270322
0.00082038656
8.611767e-05
0.00018242872
2.8942078e-05
0.00010110479
6.6498681e-05
0.00071694874
0.00039213944
0.00098625595
0.00079011969
0.0081491682
0.0028369263
0.001698164
0.00085963016
8.331735e-05
0.00011057953
5.7095803e-05
3.9527665e-05
3.8890353e-05
3.360516e-05
5.6478958e-05
2.7554283e-05
2.2660221e-05
2.2601335e-05
5.8550546e-05
4.048977e-05
0.00011138498
5.8974635e-05
3.4119183e-05
2.6014822e-05
0.00059043462
0.00042457988
0.003373755
0.0046567392
0.00062190216
0.0010106892
0.00033314211
0.00018460089
0.0066592289
0.0049632451
0.0045703171
0.0042504085
0.00050788903
0.00023912705
0.018111229
0.0078993149
0.0045278243
0.0034110419
0.00052488128
0.00041618651
0.0089396585
0.0012486301
0.0080805895
0.0053162314
0.0010640187
0.0017222516
0.021010828
0.02111436
0.02002088
0.017585079
0.0050966486
0.0069150852
0.0024929471
0.0017504857
0.0058220306
0.0085486479
0.011611127
0.025084625
0.0085475229
0.012218827
0.0040930441
0.0055858963
0.023382979
0.019550906
0.048681707
0.015824699
0.019579356
0.023377337
0.019316234
0.030346215
0.034461151
0.1240353
0.011964607
0.011538178
0.00800587
0.0064560747
0.018163413
0.029162047
0.0018838985
0.0028400404
0.0069275916
0.014822175
0.0079302744
0.011885259
0.0064603959
0.0036332037
0.017656265
0.046076633
0.011424783
0.026351937
0.0074331879
0.0059997649
0.0026436425
0.0014577999
0.014811981
0.026781679
0.014509717
0.004297661
0.0075412843
0.028993136
0.0029490717
0.0026837055
0.0030124241
0.00088836364
0.0025116901
0.0034826656
0.0041988605
0.00057217001
0.0020963202
0.00087199875
0.017896262
0.073735575
0.012391446
0.014732253
0.0201455
0.019850555
0.015988527
0.0068090347
0.044132502
0.015808796
0.021001829
0.02474343
0.011690882
0.018625179
0.059952323
0.0096066913
0.03867298
0.071745985
0.012823585
0.018324891
0.026123651
0.050207552
0.024984663
0.054655433
0.04369498
0.038471726
0.055136341
0.037298455
0.010804971
0.029031946
0.088759062
0.22011849
0.029510822
0.031367161
0.10312784
0.049734675
0.074220046
0.023443072
0.031009975
0.060710931
0.037831147
0.061114398
0.069808993
0.072320922
0.055509719
0.068426322
0.054405705
0.04518308
0.059356253
0.04676457
0.05685732
0.096644874
0.0021632882
0.018041703
0.0024654044
0.014214896
6.4092564e-06
7.109614e-06
7.7128611e-06
1.1658286e-05
1.1728004e-05
8.3645842e-06
1.1828581e-05
8.24387e-06
5.0717686e-24
5.8842892e-28
6.9782514e-26
1.3776271e-24
1.1112768e-23
6.7816835e-23
8.1073822e-25
4.2879125e-27
3.8341714e-24
1.7863228e-26
7.3811528e-26
1.1917885e-28
1.1262321e-26
1.0466764e-27
2.171377e-25
2.9635252e-27
1.8871777e-27
3.5035573e-26
2.0463563e-26
8.3297671e-27
1.8649857e-27
1.1930347e-25
1.925858e-27
1.4944796e-29
3.014052e-29
6.1193826e-28
8.0566771e-29
0.0074603152
0.0050477149
0.16010073
0.11209031
0.15695861
0.12171044
0.20949205
0.16443167
0.082771949
0.062407402
0.12065279
0.15187903
0.080207883
0.061307196
0.02713874
0.025866814
0.0015299673
0.00073073413
0.0046226465
0.0026424097
0.00044154711
0.00075074269
0.0064203146
0.0039657537
0.00088279773
0.00092259615
0.0093342469
0.005633784
0.0011002699
0.0014551683
0.00054333955
0.0004979864
0.00046055305
0.00054721014
0.00018686887
0.00015146136
0.21835865
0.2226044
0.67779111
0.69037087
6.5238245e-05
3.5278379e-05
0.0015603583
0.0020220386
9.4265435e-06
1.8033908e-05
1.34297e-05
1.8914258e-05
7.4433869e-06
1.0445602e-05
1.4081117e-05
1.1220315e-05
0.28418281
8.4956331e-06
0.28562682
1.0486372e-05
0.00046112088
0.00074789674
0.21213321
0.14876053
0.0040978951
0.0055291507
0.0065150252
0.013130501
0.007071173
0.0050120682
0.005866593
0.005723906
0.0083903896
0.0082938929
0.010436623
0.017448078
0.0084241308
0.011916669
0.018270323
0.011849189
0.016150389
0.010343168
0.0073564025
0.0099226876
2.1897011e-05
1.8597021e-05
1.8070823e-05
1.603051e-05
0.039200377
0.035668155
0.024663999
0.034958884
0.056767227
0.066046808
9.4119649e-05
0.00012667101
0.00014104431
0.0001415683
2.6716971e-05
2.0315151e-05
2.709881e-05
2.5813608e-05
1.8863086e-05
1.9216221e-05
2.1628742e-05
0.001032293
0.00082201004
0.0016902696
0.0017658372
0.00096740428
0.00068938505
0.00059684253
0.00054666452
8.5198086e-05
0.00014035126
2.4397388e-05
5.9522933e-05
3.1484771e-05
4.2255122e-05
0.00014389464
7.7530327e-05
5.5243746e-05
7.6869058e-05
4.1207572e-05
3.0417856e-05
4.6277185e-05
4.3981454e-05
6.3700342e-05
2.6758747e-05
0.0042636817
0.0066479727
0.0051208155
0.0058499197
0.04757605
0.032530828
0.062886729
0.027087138
0.011268423
0.01090005
0.0025412561
0.0018174035
0.0021395761
0.0017653752
0.00084402003
0.001244727
0.00071140118
0.00056760299
0.0011238631
0.00069258781
0.0008282802
0.0014314256
0.0064643542
0.0042072104
0.012285219
0.019832977
0.013069044
0.025190565
0.024071056
0.015417402
0.01581005
0.010246004
0.016474214
0.010676294
0.10798252
0.099752965
0.030418641
0.03538467
0.0024361638
0.0020875424
0.0028736368
0.0041271147
0.0034858187
0.0031008218
1.6042601e-05
1.3073479e-05
2.8066514e-05
3.3598408e-05
8.9211272e-06
7.702335e-06
1.2774615e-05
1.0064611e-05
9.0143961e-06
8.2209766e-06
9.9580453e-06
1.3875228e-05
1.3350042e-05
2.3089873e-05
2.1850342e-05
7.0501318e-28
3.6266559e-28
0.16698383
0.16232328
0.0056659075
0.0083960997
0.00020274314
0.00033997109
3.0521736e-05
2.8553084e-05
2.5395845e-05
2.3117731e-05
9.4146796e-05
8.6116222e-05
0.063696341
0.054821564
0.054533015
0.040194374
0.032293242
0.033075112
0.0014288454
0.0028657368
0.0020734008
0.0022939321
0.0012774341
0.005974211
0.0048520932
0.010282863
0.011225441
0.073788824
0.13665419
0.069193042
0.098531339
0.10452308
0.33022798
0.14540163
0.082331578
0.10381705
0.10504139
0.052134821
0.046523645
0.05936298
0.069139654
2.0803511e-05
0.04452245
0.044284703
2.8142058e-05
1.4628434e-05
1.0579326e-05
0.10179289
0.098995508
0.10762521
0.25269939
0.17071657
0.25661809
0.030966266
0.021173357
0.10025868
0.13752597
0.17167312
0.23611753
0.073580585
0.075321872
0.086737585
0.087158537
0.17197461
0.22304821
0.18688376
0.17770176
0.12422152
0.096437967
0.061256119
0.074324728
0.073862961
0.10404969
0.16874587
0.10349508
0.14613061
0.21974946
0.13622941
0.13989174
0.20955827
0.44486946
0.1673728
0.16710967
0.14784932
0.25344316
0.23343612
0.16853263
0.23450747
0.27692731
0.092988544
0.082070595
0.18014615
0.18751946
0.1797595
0.1368805
0.12619235
0.09905873
0.13949686
0.10549274
0.089489301
0.1276908
0.10642408
0.14707901
0.15297268
0.23623627
0.22455443
0.257663
0.22233669
0.30569537
0.20710786
0.2774775
0.20842678
0.23581566
0.40486322
0.31819293
0.27737124
0.30144146
0.17504075
0.17978698
0.28925342
0.30952924
0.21784008
0.18250767
0.33918521
0.28625759
0.36903005
0.30423483
0.40213242
0.50281709
0.36909171
0.56788358
0.39558229
0.47399131
0.20163909
0.20489699
0.27859579
0.29496281
0.21746535
0.32265044
0.22058655
0.3335827
0.29171582
0.25534033
0.47809816
0.36108462
0.39742257
0.5283548
0.31130267
0.37271651
0.3351091
0.3949905
0.31393775
0.26169293
0.34111743
0.37383105
0.34086174
0.36037225
0.44818266
0.4041899
0.39713815
0.55539106
0.6097161
0.50258696
0.31650872
0.40348643
0.27878265
0.27120375
0.53662386
0.43906093
0.53174602
0.543097
0.46605356
0.54235834
0.53205877
0.42901618
0.54010019
0.43179248
0.56292833
0.44964812
0.56726892
0.37874483
0.50511017
0.55367476
0.58659435
0.59083812
0.60404723
0.57646857
0.55113444
0.59477249
0.6348719
0.57012951
0.58903608
0.58397906
0.59288499
0.61075371
0.58560933
0.48938873
0.62812537
0.61738652
0.65622901
0.64957083
0.5479532
0.64109617
0.56452484
0.62349068
0.6219888
0.64412638
0.63190001
0.63069485
0.62226659
0.62622426
0.61355517
0.6141906
0.65237505
0.64336604
0.14922613
0.64014914
0.1140247
0.14336063
0.17318442
0.32656622
0.33177844
0.26826063
0.27394638
0.1839027
0.17189765
0.37644008
0.44181083
0.47669909
0.38442838
0.50777336
0.45675017
0.60118542
0.61154962
0.50122335
0.54770392
0.50629504
0.50504592
0.53878115
0.57681423
0.57715282
0.54066973
0.49965353
0.59351081
0.59624476
0.54374468
0.56600782
0.5686941
0.6001795
0.60456419
0.58593545
0.57635837
0.60002644
0.59091439
0.59225191
0.59115337
0.47832504
0.58849662
0.54582672
0.56857845
0.58624789
0.58287707
0.57150908
0.52671659
0.57405857
0.5584496
0.5782337
0.44843388
0.5200242
0.52054526
0.50290441
0.5273692
0.43409774
0.54653814
0.50041557
0.54958093
0.56223362
0.56964027
0.55609094
0.54216967
0.56656655
0.55959586
0.42795265
0.47979887
0.52935965
0.54411074
0.5678115
0.71296517
0.18225809
0.11691345
0.05174493
0.041725372
0.12959391
0.16077662
0.12839308
0.16190723
0.017722624
0.026819503
0.0099267383
0.0068226721
0.01115518
0.016538758
0.36449892
0.35532501
0.32487357
0.25554272
0.060754963
0.073268481
8.7020754e-14
1.0385269e-13
0.93877487
0.97376281
0.91323374
0.95340904
1.0775358e-05
0.91935591
4.9088086e-05
1.4769969e-06
9.6619037e-07
0.00029908387
0.002101995
5.5325554e-07
7.9121557e-07
0.00012358417
9.6690467e-05
0.13928459
0.37580236
0.040527621
0.050859238
2.4838101e-06
2.2286731e-06
0.90438302
3.365464e-45
3.9020267e-09
2.2677649e-06
1.4670234e-06
0.66553373
0.66509747
0.68882968
0.68352705
0.00010562746
0.00011181513
0.00019959667
0.00011773833
0.51277543
0.44967461
0.00042165773
0.0006898897
2.8398922e-05
3.2647904e-05
2.7655318e-05
2.8206303e-05
3.4760475e-05
2.8861568e-05
2.9954925e-05
3.0780911e-05
3.0380212e-05
3.1685885e-05
4.1999404e-05
3.1687109e-05
3.2839544e-05
3.3416698e-05
0.0093784674
0.0065538483
0.0090645284
0.007436632
9.6422738e-18
6.4874057e-18
SCALARS p float 1
LOOKUP_TABLE default
0.095460624
0.020619119
0.020308273
0.018752416
0.022696341
0.023673305
0.018997946
0.020578689
0.021675893
0.02662152
0.01905973
0.064591485
0.017433641
0.019223531
0.019126893
0.017864281
0.018081495
0.017924056
0.030439515
0.019304902
0.01760503
0.01568367
0.0098671829
0.023318594
0.017962048
0.017131603
0.017727034
0.019277832
0.017091399
-0.019303337
0.022207228
0.0041619144
0.015038034
0.011163484
0.017916791
0.014063322
-0.00023840142
0.017880861
-0.014418199
0.012919954
0.0046476335
0.021186523
0.018387277
0.036540524
0.019797911
0.021472693
0.026618313
0.02381533
0.018710755
0.015481474
0.02380315
0.023523865
0.023215632
0.023151096
0.021979936
0.023374869
0.022693604
0.024545251
0.028301049
0.023410045
0.02390166
0.020985527
0.018841183
0.01725706
0.015290915
0.019669954
0.018251876
0.017962811
0.017515038
0.022264928
0.020039719
0.016470785
0.014329632
0.017484801
0.019759385
0.01685398
0.018028138
0.020928597
0.018523275
0.019009327
0.017194395
0.020539288
0.016944354
0.015274749
0.017466481
0.017376897
0.012445972
0.014752351
0.024325814
0.020602975
0.020615117
0.018896192
0.02423338
0.02095482
0.021561483
0.019965192
0.021378953
0.022523852
0.023234534
0.018922898
0.024124078
0.021144525
0.019666791
0.018058735
0.022674247
0.020904455
0.024109845
0.020773822
0.020305225
0.019084461
0.020658526
0.020818214
0.023850009
0.021083078
0.020674013
0.019371036
0.019619371
0.018929791
0.02124427
0.019532315
0.019565773
0.019244963
0.019226743
0.020154151
0.020128733
0.020472117
0.018067766
0.020199338
0.020019384
0.021286328
0.02203595
0.019906845
0.017530958
0.018325405
0.019656822
0.018726261
0.01772662
0.018697467
0.020718655
0.018836319
0.019775504
0.020726151
0.013898492
0.019371617
0.014176072
0.01741368
0.022246719
0.01740353
0.014680076
0.018031964
0.017722644
0.018041188
0.016607957
0.019248588
0.0185071
0.018394828
0.019917212
0.02062774
0.019172669
0.01986418
0.018617858
0.016644777
0.018570678
0.020545427
0.01762432
0.022494467
0.019683393
0.021099844
0.019488491
0.019942152
0.019561975
0.020360245
0.018252461
0.020096281
0.020084365
0.020549466
0.019477536
0.020513375
0.020372965
0.018770754
0.019875546
0.020758647
0.019036002
0.019686186
0.020528887
0.021715782
0.017370219
0.01896095
0.020019348
0.021060614
0.01861703
0.019486636
0.019875947
0.019838486
0.020395249
0.018755517
0.021617423
0.019967638
0.019808079
0.019515011
0.019906487
0.022508908
0.018286051
0.019901494
0.020074518
0.019028972
0.01948016
0.019662063
0.0192749
0.020371854
0.021164793
0.019724913
0.019196286
0.019093759
0.018124776
0.018351408
0.020059848
0.020430204
0.016803257
0.020195441
0.021132434
0.01907106
0.018765548
0.019431921
0.019918952
0.019327028
0.020861896
0.018258638
0.017210058
0.019387771
0.019085711
0.020418645
0.017835815
0.017072794
0.018470845
0.017630017
0.019521742
0.018965603
0.019282641
0.02080623
0.021060039
0.019841158
0.019766741
0.019974668
0.020384999
0.018062697
0.018586071
0.021200229
0.02037344
0.020041366
0.020207292
0.018433803
0.022206841
0.017790614
0.013963713
0.018363812
0.019522641
0.019303058
0.020660287
0.018845351
0.020697252
0.014865479
0.021809849
0.018197935
0.021290317
0.019392556
0.020338193
0.017280155
0.020849839
0.020606102
0.018405588
0.021526483
0.023413921
0.01858774
0.017757511
0.021011796
0.021281959
0.018768692
0.018128799
0.019721521
0.019765258
0.018854375
0.020784253
0.017920953
0.016060702
0.02044215
0.019239357
0.017431686
0.022704309
0.019870522
0.020800733
0.022827787
0.02179516
0.02152268
0.01749786
0.022118838
0.018820882
0.021186975
0.02285389
0.011661664
0.019514933
0.018286633
0.01616468
0.018399193
0.019811625
0.023639986
0.021441442
0.020041497
0.020977486
0.012664237
0.023434786
0.017700639
0.019016237
0.021075153
0.018845162
0.023670447
0.01235477
0.018988132
0.017813514
0.016181676
0.026439159
0.018459636
0.025845669
0.018152522
0.01420875
0.017776397
0.020324402
0.017569438
0.019368874
0.019094378
0.020244428
0.018052268
0.018560847
0.018254973
0.012768516
0.022686233
0.020597967
0.020419075
0.022600359
0.02274781
0.018150517
0.017928202
0.019089487
0.018751752
0.017774688
0.018012818
0.019313151
0.017996951
0.013127176
0.017824289
0.016740334
0.015194741
0.017495187
0.011037833
0.016771416
0.016689034
0.018558511
0.015470155
0.014522694
0.015218548
0.017804384
0.017145457
0.018214881
0.01795963
0.019161935
0.020704203
0.021785807
0.023107835
0.020867481
0.018125622
0.023716054
0.021043061
0.01908648
0.018285795
0.016543717
0.017371177
0.01772346
0.0164647
0.017953819
0.017919822
0.018919005
0.018153862
0.018600387
0.026717151
0.021572267
0.014365498
0.024160904
0.025747585
0.022856803
0.021978641
0.016128788
0.01730234
0.017068602
0.017334832
0.016222376
0.017396187
0.017075576
0.016641952
0.016706232
0.016733752
0.015911781
0.015451729
0.016729635
0.016516522
0.01707125
0.016920578
0.017617596
0.018331367
0.016888558
0.018081087
0.013909828
0.012743865
0.010393967
0.01885418
0.02058658
0.024384815
0.015931495
0.016475331
0.015704493
0.015970383
0.015255552
0.016291369
0.014973629
0.014239811
0.014951139
0.017353119
0.017070237
0.01344271
0.021812602
0.011118153
0.023899275
0.011357657
0.011646718
0.020984239
0.014395857
0.024104529
0.024398412
0.023787186
0.015024274
0.015564087
0.013866698
0.014017833
0.015218131
0.014282789
0.015247749
0.015232268
0.014320046
0.021971956
0.014572969
0.014562119
0.014970196
0.017722218
0.014368652
0.015280201
0.015221888
0.016640273
0.01576098
0.016024843
0.015479414
0.014155077
0.017184255
0.016836387
0.017349547
0.0167085
0.016204267
0.016910641
0.0170405
0.017488152
0.016526658
0.012319468
0.011418217
0.013213092
0.01716075
0.013466706
0.020386512
0.024953737
0.022236421
0.019125515
0.021560121
0.011409208
0.012869329
0.020259961
0.020728683
0.026286237
0.024324591
0.023499023
0.012696945
0.013075071
0.014630365
0.024149405
0.016455148
0.015341342
0.017196534
0.0187948
0.020963268
0.018121922
0.014195277
0.013210548
0.014535874
0.020371711
0.011405736
0.014458857
0.014027046
0.011820312
0.025166525
0.022875444
0.021977966
0.014322418
0.022913432
0.0085468244
0.025383032
0.026328264
0.024852097
0.024515892
0.024258205
0.022030065
0.014599462
0.014224192
0.016339571
0.016196554
0.016786018
0.019958594
0.023339311
0.013346449
0.012872875
0.024736053
0.014682252
0.013188378
0.021059324
0.020351424
0.021512743
0.012638988
0.010938431
0.022332029
0.012114562
0.011863104
0.020808674
0.025798163
0.025782312
0.025380964
0.023643055
0.022825172
0.014890361
0.014940215
0.013402472
0.013717839
0.015333276
0.015747404
0.015825137
0.016197947
0.011112979
0.012759429
0.024871181
0.018492932
0.025825459
0.019842104
0.021565453
0.021313541
0.01155459
0.014590751
0.021420473
0.012571016
0.013086314
0.012771149
0.021435354
0.025036253
0.025472135
0.025125425
0.026671327
0.015070726
0.015553019
0.015215472
0.015358701
0.012159561
0.014137977
0.013281779
0.015810868
0.01559798
0.015635848
0.0149968
0.014233993
0.013525315
0.014774274
0.014561989
0.01421142
0.012908889
0.014283525
0.015462448
0.014452455
0.016071153
0.015636666
0.016554296
0.0077675163
0.014203298
0.013728909
0.021942171
0.01441592
0.024412099
0.010755239
0.021756262
0.018778084
0.026054895
0.025231354
0.024599451
0.014109849
0.01288332
0.012882116
0.013430901
0.014852311
0.015721958
0.01494795
0.016322822
0.021525927
0.023951212
0.013814404
0.019968627
0.012566172
0.018398315
0.011588474
0.021757796
0.011878782
0.023764398
0.022445799
0.01916337
0.018973995
0.022323873
0.019658698
0.022716655
0.017302838
0.015056749
0.021822599
0.022738603
0.019414659
0.02217292
0.021837875
0.011212403
0.013182383
0.015404474
0.023174203
0.024414468
0.026735121
0.02502251
0.02431263
0.015041071
0.011829255
0.013613789
0.013580051
0.013994893
0.014955955
0.015148838
0.013039793
0.013780062
0.015704732
0.016096432
0.016236644
0.016861306
0.015732078
0.019124481
0.016757952
0.024519121
0.013659396
0.02151707
0.017389152
0.011633993
0.024347505
0.022087382
0.022980611
0.021313425
0.019619534
0.023578018
0.027660639
0.018752155
0.024919116
0.023267311
0.011928543
0.01056085
0.014477234
0.012678642
0.014802501
0.014822458
0.014493843
0.014924943
0.013915006
0.016169202
0.013768316
0.01490963
0.015064834
0.014549235
0.013963248
0.011638829
0.011939119
0.010767831
0.011988569
0.011746687
0.024370111
0.012464045
0.011024672
0.014148692
0.014860814
0.015799128
0.012525594
0.015049339
0.015736568
0.023150722
0.023079545
0.023646679
0.0242397
0.022568684
0.023804069
0.01832069
0.019172362
0.018325438
0.01934279
0.02323677
0.025635027
0.021330097
0.022619294
0.010618451
0.011041686
0.0109617
0.011153807
0.011256318
0.020984729
0.01315554
0.012477883
0.01367816
0.012552342
0.014800705
0.01166465
0.017492061
0.017902576
0.013586549
0.01290239
0.0041667032
0.0085110782
0.011695848
0.012079169
0.013774261
0.015452867
0.024263532
0.025103699
0.023307776
0.022801752
0.023498055
0.022466257
0.022486669
0.023648397
0.021976564
0.023185638
0.023462771
0.023286557
0.011516271
0.010891465
0.011408713
0.010720009
0.010446488
0.010076564
0.011447305
0.010084272
0.010719441
0.010757854
0.0085670914
0.009547037
0.010583305
0.0099071964
0.0099503801
0.013655162
0.024003599
0.025292438
0.013177598
0.012400738
0.013723576
0.015850353
0.017534227
0.015147847
0.01651231
0.014970691
0.015073996
0.013571502
0.015406108
0.025432096
0.023924869
0.025449017
0.023132699
0.024998959
0.018044045
0.020082124
0.021780913
0.019566037
0.021454849
0.021442386
0.025272107
0.024296161
0.020645456
0.020358267
0.022939109
0.025022632
0.020614117
0.021502514
0.021298209
0.02366451
0.019829082
0.022858167
0.02470318
0.02309064
0.021810875
0.024884631
0.011610939
0.010900421
0.0112324
0.010821173
0.0077886509
0.010612597
0.024106242
0.010757873
0.0090642516
0.023156177
0.013330679
0.012536497
0.024495688
0.010393066
0.012288644
0.021191867
0.023648475
0.02349025
0.024664966
0.026236689
0.023715026
0.024192238
0.01464082
0.0085263831
0.023035623
0.024151878
0.020559493
0.021136469
0.025761254
0.010367737
0.011095642
0.010993063
0.011870772
0.011798139
0.012065612
0.0081359901
0.0090349516
0.009567486
0.0092769693
0.013953538
0.025443214
0.012142516
0.011631806
0.0033734501
0.011115979
0.011332311
0.012374364
0.012303779
0.006663919
0.012183927
0.0052475021
0.022294535
0.013004814
0.012319791
0.011711483
0.012913154
0.023820982
0.025612097
0.012713763
0.023034466
0.017533718
0.023388702
0.017673351
0.022423952
0.017206924
0.017802018
0.015797645
0.024154952
0.017468796
0.008923389
0.0077101453
0.011060315
0.011618492
0.01210028
0.012202026
0.010312127
0.0090862712
0.010991922
0.010074173
0.0080701761
0.009461716
0.0073924381
0.010971174
0.0083669369
0.01191397
0.010465171
0.0092053694
0.012977787
0.0083482942
0.013371826
0.01277935
0.013852259
0.013590444
0.014157886
0.014247071
0.0092585287
0.010959716
0.013318774
0.011882909
0.011928704
0.011404934
0.024559472
0.027291763
0.018584478
0.017089825
0.01715115
0.016674245
0.016355314
0.024260144
0.022787649
0.0085787244
0.012021074
0.013931925
0.011244324
0.010353056
0.0088801309
0.010406506
0.0081310589
0.0094437776
0.0082520171
0.014087229
0.010232823
0.0096983274
0.024275343
0.02527944
0.01651012
0.016565443
0.017050235
0.017194748
0.017420906
0.021821166
0.015510109
0.010337928
0.0095828118
0.010001341
0.010938687
0.009944888
0.01336323
0.009574621
0.024984386
0.02487314
0.025231987
0.025073441
0.017621208
0.016817955
0.01528332
0.022485494
0.025125966
0.014105105
0.018237656
0.016287773
0.018188188
0.018700977
0.019860304
0.023526901
0.019817724
0.025411463
0.027695458
0.010207584
0.0067126262
0.0095649784
0.0093550114
0.0066064694
0.01867744
0.010522984
0.012666403
0.014648402
0.014394802
0.018005285
0.019629229
0.018489679
0.017568299
0.020474012
0.020618265
0.01793988
0.017502635
0.018894575
0.021309739
0.015520247
0.017235358
0.0094991011
0.011605423
0.010731067
0.0028822517
0.0096394084
0.011184046
0.012669817
0.011298631
0.012991602
0.015414998
0.015113744
0.015375618
0.01449156
0.015166236
0.01427064
0.014512122
0.015775501
0.014883622
0.019777839
0.021977757
0.012587102
0.0098162018
0.010265746
0.0078478644
0.0091744861
0.010065313
0.0083816206
0.0098049683
0.0094075939
0.0091861552
0.013205744
0.018895532
0.0064548417
0.0053515123
0.014283019
0.01417814
0.010641956
0.0099986142
0.012031962
0.0087077725
0.010776528
0.012356313
0.0089290647
0.0092914364
0.014017537
0.013563941
0.0093611665
0.013096089
0.01010699
0.011325211
0.008012055
0.0088979936
0.0096096675
0.0063745991
0.01078601
0.0069473985
0.010033937
0.0092855019
0.009289169
0.010488054
0.0096477761
0.0091695749
0.0089182228
0.012965783
0.0088305261
0.0087268043
0.013605987
0.0095227529
0.0071991061
0.006350561
0.0091012377
0.0073523494
0.0092512709
0.014317204
0.008098841
0.014923466
0.011254302
0.015342184
0.01197178
0.012853792
0.0022934254
0.0078404825
0.01068906
0.0098013877
0.011766226
0.010753547
0.0089110132
0.0068918201
0.0071503589
0.010033885
0.0094294735
0.0084830504
0.013932199
0.011744346
0.0067530296
0.0080036574
0.0058144055
0.0024561359
0.004516338
0.00623105
0.0058083169
0.0071548499
0.0067237408
0.008794466
0.0079318922
0.0074333995
0.014293609
0.014918156
0.01529082
0.014704977
0.016255407
0.014086007
0.0044922961
0.0060782108
0.0081581077
0.0074382565
0.014426781
0.013227536
0.012923688
0.015115739
0.0075287083
0.0063018754
0.0070618294
0.0075725146
0.015685998
0.011511161
0.010052457
0.0087852198
0.0076222774
0.0067990296
0.00689749
0.0078428358
0.0066669559
0.0064190979
0.0062111976
0.0058983403
0.0021819266
0.0052122725
0.013366956
0.012043533
0.012430989
0.0089353183
0.013508201
0.013740644
0.0061420802
0.0085441552
0.0066471352
0.0043440745
0.0087298378
0.0052385208
0.011461699
0.0096539531
0.01028026
0.011572416
0.010283716
0.013831692
0.0059045245
0.0053872105
0.0046966335
0.0054783905
0.0089311213
0.0053924535
0.013495118
0.0048111196
0.01457478
0.012606995
0.01211348
0.005409205
0.0091098578
0.015045649
0.018821656
0.018066193
0.010781035
0.014863266
0.016656188
0.014703991
0.0019905924
0.0044539064
0.0037757351
0.0048563951
0.012093465
0.012944811
0.009515038
0.010938398
0.001006865
0.0021317041
0.0029028489
0.0029537028
0.0044123048
0.010440428
0.012305852
0.011702735
0.012572989
0.012383396
0.012333745
0.011312665
0.010501185
0.010607561
0.010791133
0.013135803
0.012897202
0.016396005
0.0032202871
0.002782476
0.0027143484
0.015181892
0.0068129701
0.0056985952
0.0054566127
0.0052662899
0.01239738
0.011066353
0.0120711
0.011825843
0.012293072
0.012438619
0.01075391
0.011775896
0.010030354
0.0064779293
0.0050273765
0.0013993047
0.002721219
0.0038492858
0.0022950241
0.0026409661
0.0046274991
0.0062296265
0.0094587278
0.0073525657
0.010147812
0.010488777
-0.00022578845
0.0033254415
0.0023256531
0.0062114168
0.0035217286
0.0020738754
0.0033887691
0.0027299764
0.0044043295
0.0051653779
0.0086603897
0.0079079319
0.010514863
0.010580289
0.0068681158
0.0066950129
0.0096361994
0.0049653078
0.0043193098
0.0015913471
0.0026239018
0.0039592486
0.0037113355
0.0032993744
0.0003676364
0.0013258911
0.0060886341
0.0067927802
0.0062064954
0.0065354423
0.0072059383
0.0067194811
0.0052136341
0.0063685783
0.0069438691
0.0090622567
0.0071795308
0.0074555057
0.0057635146
0.0066196275
0.0050558807
0.009632519
0.0059712121
0.0059369613
0.0052546496
0.0058077289
0.0057808852
0.0063986969
0.0081932752
0.010012367
0.006358081
0.0072618411
0.0094727858
0.0096851776
0.0042116269
0.010028863
0.010389752
0.010205112
0.010319191
0.0082069312
0.0062389097
0.0014931993
0.0004088852
0.0036368136
0.0033622777
0.005296998
0.0050950006
0.0044770358
0.0047934986
0.0052845387
0.0035589947
0.0044024473
0.0024293659
0.0014247663
0.0078698053
0.0073488513
0.0081113752
0.0087870559
0.0068614129
0.0073684603
0.011495258
0.010718084
0.0059961253
0.0099830373
0.0094623451
0.006805112
0.0029634039
0.0026524739
0.0048995023
-0.00082594409
0.0064574548
0.0014618495
0.00067363741
0.002172599
-0.0010701173
0.0029388098
-0.002040885
-0.00095530125
0.0017171468
0.0010991488
0.0016524722
0.00041070458
0.0013120561
0.0052264573
-0.00031988759
0.00027551802
0.0032298955
0.0035652325
0.0045487926
0.006337189
0.00086421432
0.0017191561
0.0020180977
0.0016272906
0.011676572
0.011420969
0.011543991
0.010247119
0.010168952
0.0091755572
0.0029776808
0.018957387
-0.0017750996
0.0020309786
0.0036612902
0.00446989
0.0044120109
0.0052043576
0.0034672648
0.002847045
0.00090766049
0.0028298391
0.010205846
0.010138035
0.009201132
0.0043771648
0.010977872
0.0044591952
-0.00062680102
-0.0015622865
0.00035352142
0.0017807629
0.0013793075
0.001189887
0.003657089
0.004121815
0.0040271742
0.0046995704
0.0035794171
0.0039364544
0.003381842
0.0037803396
0.0017348699
0.0042874576
0.0025668797
0.0033655877
0.010014269
0.0091234759
0.0094757216
0.009458551
0.0085409064
0.014723936
0.0091122525
0.0046810697
0.012155356
0.0048597199
0.0059244556
0.0061719348
0.0024064433
0.00098069944
0.0023348218
0.00057569924
0.0030059458
0.0040802532
0.010476632
0.0098229713
0.009357856
0.0053388641
0.0052869402
0.0088008674
0.00042528289
0.0031961025
-0.0012253257
0.0033463813
0.003773321
0.0042703451
0.010896318
0.010756976
0.0099629099
0.008856988
0.0039594665
0.0060374302
0.0020086223
0.0011163946
0.0024282815
0.0037639136
0.0045467993
0.0089242383
0.011197102
0.011177617
0.011183516
0.0097044248
0.0094250079
0.0093159869
0.0085215857
0.0077782203
0.0065649292
0.013391688
0.006006815
0.0065017152
0.0064483975
0.0047551643
0.0083235605
0.00705329
0.006200288
0.0060483916
0.0073212466
0.01026894
0.010485874
0.01202619
0.0091994194
0.0099524874
0.009831441
0.01006041
0.01076786
0.010031261
0.0087673624
0.0098429517
0.0077200642
0.0091323198
0.0067458726
0.0084804313
0.0091783348
0.01010917
0.0095480853
0.010446624
0.011171188
0.010562442
0.01079568
0.0092905426
0.010564437
0.0088988246
0.0094637248
0.010243491
0.010352264
0.0084985715
0.009508889
0.010111634
0.011201451
0.0096777661
0.011931541
0.0087846747
0.0033402487
0.012239102
0.0093314131
0.012330913
0.012541536
0.013137783
0.0097001603
0.0040356774
0.0036719689
0.0040038273
0.0086714262
0.0072829724
0.0091752362
0.0085610044
0.0081966101
0.0080214021
0.0089689853
0.0081926285
0.0098353439
0.010127627
0.0092825785
0.0080700496
0.014518375
0.016161676
0.012904737
0.010890583
0.0017872242
0.0018929153
0.0041841737
0.0046806886
0.0037507174
0.004294843
0.0075289133
0.0079668053
0.008199547
0.0078368862
0.0075854012
0.0074874062
0.0072902005
0.0067110786
0.0072997698
0.0075167724
0.0074848356
0.006953159
0.0082132577
0.0071370598
0.0090402353
0.0087450628
0.0087980155
0.0073680854
0.014486297
0.012160979
0.011827682
0.01196633
0.011370624
0.011432848
0.011566163
0.011253978
0.012790347
0.010648734
0.0035049586
0.0022312983
0.0043427376
0.0055754649
0.0031042516
0.0057107491
0.0068438593
0.0069272481
0.0063435708
0.0084473135
0.0068500096
0.0067737798
0.0067026858
0.0079684533
0.0080091907
0.0076858092
0.0077001337
0.0087421795
0.0074254006
0.0090817532
0.0065420528
0.0076360379
0.0074162569
0.0074878075
0.0074497353
0.0084364146
0.0084951835
0.0081108215
0.0090369759
0.0078441812
0.0094937135
0.015839502
0.013431825
0.012477409
0.010464199
0.015574635
0.0034717782
0.002967203
0.0022344539
0.0025334542
0.0048797152
0.0053303388
0.0034857592
0.003760548
0.0060577299
0.0080202288
0.0078779819
0.008443728
0.009042993
0.0090195349
0.015058492
0.015578483
0.01204652
0.015430867
0.0038385565
0.0032770377
0.0030668478
0.0025526775
0.0024854753
0.0031347172
0.0032405601
0.0024661726
0.0024463974
0.0068083272
0.0066338775
0.0071572715
0.0074330578
0.0071322553
0.0072802933
0.0099301319
0.00784119
0.0079199844
0.0084219388
0.0088957902
0.0076925355
0.0074258505
0.014595667
0.015124121
0.0020530915
0.0020145439
0.0021733791
0.002955965
0.0040234091
0.0044973482
0.0061810389
0.0073007955
0.0074040234
0.0074370932
0.0080662277
0.0075391397
-0.00033272127
-0.00078660079
0.0019584634
0.0019775439
0.0022733505
0.0020516248
0.0065513025
0.0069613136
0.0047691038
0.0057227558
0.0059251163
0.0058068351
0.0077655142
0.0076371375
0.0028763848
0.0014269269
0.00097114345
0.0015973509
0.0015730385
0.0022831234
0.0063821131
0.0062677188
0.0056107862
0.0059748456
0.006321243
0.0054807977
0.0025215234
0.0077049673
0.0078356381
0.0071070399
0.0090060341
0.0081610191
0.0017656478
0.0012113375
0.0016339616
0.0031926596
0.0059591627
0.0086561817
0.0075803114
0.0070251677
0.0072722489
0.0059175025
0.0069110608
0.0085064428
0.0073545651
0.0082668909
0.00099458304
0.0017083857
0.0026256188
0.0033007238
0.0094452224
0.0086147944
0.0099442827
0.0095487358
0.0019227455
0.0012730663
0.0017699512
0.0014815791
0.0011263866
-0.0017100367
0.0015697313
0.0019359112
0.0063365556
0.0075856759
0.0086062423
0.010273372
0.0080643257
0.010137233
0.0095429232
0.009780854
-0.0017978603
0.0014839098
0.0010132686
0.0037119905
0.0035479388
0.0083591536
0.0081521035
0.0093653262
0.0075950843
0.0091037205
0.002193328
0.0073707353
0.006054474
0.0097349015
0.0078741743
0.0084676135
0.0090802984
0.0032279901
0.010560391
0.0083246621
0.0017896758
0.003570242
0.0029338546
0.0097702094
0.0050976044
0.001965385
0.003675482
0.0041060886
0.0038711131
0.0075747144
0.0079856733
0.01097471
0.010004213
0.0091626668
0.0079805047
0.0036362668
0.0037838464
0.0031639196
0.0037207368
0.0078421525
0.0045110189
0.0062084145
0.0044644907
0.0051387028
0.004616727
0.0047734206
0.004358993
0.0031301369
0.004240882
0.003760059
0.0057093419
0.0050188378
0.0071575424
0.0039607784
0.0054005923
0.0034486112
0.0050900969
0.016493399
0.016956646
0.019413388
0.015549161
0.01798632
0.010987509
0.015049214
0.019764691
0.017829696
0.017310409
0.013807907
0.014956501
0.020601068
0.017144823
0.018800946
0.01903046
0.016513148
0.018991116
0.017867441
0.019396996
0.02087972
0.019113057
0.019703933
0.02001977
0.020586335
0.022466188
0.020697896
0.021206914
0.020679749
0.020602988
0.01860431
0.016262451
0.017234977
0.017007666
0.016683183
0.016289321
0.013833696
0.014539351
0.016855817
0.013526636
0.01554729
0.013866768
0.015747654
0.013767602
0.01535684
0.013574454
0.01550714
0.015971758
0.014221911
0.014589229
0.025940639
0.023995484
0.02296901
0.022994978
0.015108816
0.015384388
0.015115982
0.015747348
0.027595983
0.027196024
0.026940678
0.023830126
0.027217128
0.030375794
0.02838328
0.023126777
0.026151974
0.026073081
0.027181551
0.026700548
0.017069943
0.01814493
0.021571564
0.02199467
0.025874158
0.028065608
0.012532573
0.013393576
0.025136078
0.025661337
0.014577099
0.014260893
0.022017682
0.02229944
0.010432315
0.010369128
0.013513391
0.012975302
0.012881908
0.013858048
0.013920404
0.013708744
0.013887526
0.013917563
0.013739294
0.013236516
0.013082844
0.012299188
0.023755096
0.024099145
0.011465377
0.010624583
0.010632172
0.014133469
0.011204507
0.010570509
0.0225506
0.023498976
0.023074021
0.022983392
0.0049223228
0.012914019
0.010139192
0.012638536
0.012579322
0.011253959
0.011680643
0.011550629
0.010836288
0.012168311
0.0099560305
0.011639297
0.0097880738
0.010462642
0.009056854
0.010970073
0.010798305
0.0071867888
0.011896238
0.011663365
0.024667547
0.025244894
0.025390744
0.02587054
0.025735789
0.025963254
0.026511327
0.027813122
0.027037655
0.02611084
0.025562578
0.026308034
0.027701151
0.026020395
0.026830022
0.026994287
0.026819727
0.028584267
0.026643537
0.026107984
0.02784761
0.026826331
0.027294053
0.027712579
0.02888946
0.028301304
0.026032745
0.027822551
0.025205231
0.026254195
0.027643086
0.027913637
0.027429081
0.027816751
0.033110042
0.028784102
0.027964951
0.028728222
0.028999234
0.0292133
0.027619401
0.028860516
0.035759618
0.029358867
0.020128343
0.021103296
0.023679688
0.02402717
0.019672864
0.023240415
0.015946853
0.017598104
0.016305779
0.016161769
0.016369097
0.018357445
0.018353634
0.017499804
0.014816286
0.017431556
0.015304321
0.021075991
0.017466317
0.012397238
0.013703806
0.020402248
0.020742936
0.019840837
0.018396813
0.018731287
0.015668497
0.015730329
0.019292544
0.021314519
0.020534327
0.019162563
0.015779946
0.018799987
0.013910667
0.014555883
0.015500291
0.013489091
0.015647014
0.014449483
0.013876068
0.015852759
0.015323712
0.015128114
0.015049889
0.018773289
0.018267329
0.016218707
0.016418827
0.015907454
0.015868752
0.015782395
0.016862444
0.018794968
0.020755176
0.018265274
0.021482213
0.020152183
0.021250167
0.020466763
0.02119933
0.020368065
0.019665717
0.019754616
0.021860945
0.020607504
0.020591342
0.021218086
0.020736079
0.023909318
0.020080611
0.02255334
0.022645843
0.020425275
0.020056524
0.020097596
0.020172712
0.018802637
0.020833113
0.021032668
0.020520308
0.020857568
0.022471084
0.021294532
0.021434229
0.018704282
0.022562854
0.023915972
0.02013579
0.02055878
0.022133814
0.02247573
0.024222571
0.021443392
0.015692691
0.024852899
0.017235057
0.025992869
0.02482194
0.024292527
0.018775175
0.017802204
0.019751207
0.019461246
0.022456639
0.024703011
0.025780789
0.024773451
0.022276926
0.025388449
0.02395818
0.027108367
0.024431035
0.027249511
0.025129148
0.02308319
0.021129305
0.024377114
0.023284521
0.024271473
0.025695812
0.030576079
0.024450952
0.023984803
0.024087981
0.024204051
0.023369989
0.025706176
0.024948337
0.028982829
0.026788282
0.02820473
0.028982507
0.027188785
0.026279759
0.022190626
0.027017223
0.035142939
0.027273118
0.022309276
0.023446263
0.022344916
0.022604101
0.024497573
0.029201566
0.03004023
0.028898545
0.025790837
0.027048778
0.026828606
0.031314056
0.018335992
0.018670616
0.0036459871
0.010606179
0.0085904959
0.0099547428
0.014343508
0.015583831
0.010850182
0.012978352
0.013431212
0.011104527
0.014139101
0.017773477
0.0094936713
0.010275597
0.012727046
0.015256625
0.021087394
0.010059265
0.014746848
0.012825828
0.016317903
0.013189121
0.012633876
0.01124447
0.013345236
0.012965035
0.013097572
0.012439801
0.015397003
0.015970263
0.0071812593
0.0096518705
0.0093074708
0.0025910258
0.009158748
0.0089350711
0.0093007856
0.013806906
0.016959134
0.0063056108
0.0054499363
0.012113205
0.012298551
0.0060288323
0.0015478072
0.0094820372
0.0023506343
0.0024666727
0.0043129709
-0.0019497388
0.0028104809
0.0021447991
0.003074051
-0.0018206726
-0.00083389601
-0.0058689577
0.0092357376
0.0088127716
0.0083067918
0.0089254359
0.0081856235
0.0087016804
0.0074170927
0.0077060416
0.0072468048
0.0078389367
0.011238192
0.011504421
0.011982513
0.011455394
0.0023420375
0.0016448072
-0.00065090689
-0.0014961294
-0.00048720298
0.00082640127
0.0015160514
0.001850104
0.00061053533
-0.00097857948
0.0032677989
0.0038068113
0.011380707
0.011066062
0.010918062
0.010234807
0.011361565
0.011048653
0.0053852521
0.0057667917
0.0049390196
0.0054221297
0.010503665
0.010642954
0.010274948
0.013371447
0.011176367
0.012574338
0.0092125704
0.0091989153
0.010362704
0.0067548665
0.012157037
0.010810994
0.0094861306
0.01064222
0.009761022
0.0062424404
0.0073969072
0.0067661953
0.0066959551
0.0072691895
0.0075197459
0.0058787282
0.0065039009
0.0056108288
0.005977316
0.0079032607
0.0081102565
0.0072613901
0.0081315636
0.0074221308
0.008026967
0.0088858174
0.0096138672
0.0078072436
0.0081905681
0.0099457095
0.010812488
0.008533956
0.0045856202
0.00540704
0.0056327215
0.0050622831
0.0016385016
0.0015715165
0.002999032
0.0022755697
-0.0010149686
0.0011591897
0.0070260476
0.0060229021
0.0054262063
0.0042883782
0.0015812723
0.0013837572
0.0066261465
0.0051389926
0.0071064784
0.0063916719
0.0038853968
0.005109312
0.00095951091
0.001422318
0.00060747534
-0.0042182498
0.0042287194
0.004374471
0.0049727248
0.0027136953
0.0044429689
0.0042603627
0.0042912008
0.0041758693
0.0070289424
0.0066911249
0.0059853959
0.0049162294
0.0056538138
0.0058902698
0.01707278
0.01521582
0.017468566
0.016687525
0.017447608
0.015036904
0.016033654
0.017871779
0.022100412
0.019171543
0.016075358
0.022073084
0.020711899
0.019326529
0.02233102
0.01594454
0.01802089
0.018323724
0.019774497
0.017146182
0.015059906
0.019846918
0.020832858
0.017506312
0.018705227
0.019363381
0.018898627
0.018833643
0.017059714
0.018782177
0.020178094
0.020051144
0.019480388
0.022186173
0.019236667
0.019597533
0.021048512
0.022479645
0.019226989
0.017747687
0.021241203
0.022920427
0.024543377
0.016973835
0.022644447
0.023151419
0.020070838
0.018338186
0.021291072
0.021296572
0.025108264
0.024758132
0.02343765
0.025657444
0.024283384
0.02429227
0.016546407
0.017648018
0.013777048
0.013739569
0.014497524
0.013885164
0.014567791
0.018080894
0.020306426
0.020511352
0.021347893
0.020308394
0.022285535
0.021896622
0.021756571
0.02181151
0.024488166
0.024913114
0.024054702
0.022987949
0.023131876
0.023696301
0.023678045
0.020545168
0.021267676
0.021529448
0.023710648
0.023204099
0.022280124
0.022207875
0.023311233
0.023065466
0.021823178
0.022535267
0.024377427
0.022640541
0.022126246
0.022137393
0.022383665
0.019315456
0.022500018
0.020797157
0.022224066
0.022240578
0.023232544
0.020044077
0.021377603
0.020958734
0.023049183
0.022660156
0.025198335
0.023546966
0.021942769
0.019358094
0.018285976
0.020097139
0.021373436
0.021825199
0.021741951
0.020291577
0.020773956
0.020024129
0.023426009
0.024306847
0.025022107
0.025313234
0.024891926
0.023850722
0.024620639
0.024485272
0.024629752
0.025887013
0.024616259
0.025756797
0.02545539
0.026113519
0.025833177
0.024321047
0.023381481
0.024214539
0.025339663
0.02276069
0.026075679
0.024937184
0.027211414
0.025785467
0.025591968
0.026081312
0.026403856
0.02567916
0.028030752
0.026776681
0.02594557
0.027061627
0.028196348
0.0265775
0.026845453
0.025315665
0.025617751
0.024871493
0.025358106
0.025674394
0.024806803
0.023608094
0.027416404
0.025514788
0.027262577
0.02426486
0.025702773
0.027052463
0.022159702
0.023030548
0.026524548
0.02626006
0.024184269
0.025309641
0.027761161
0.027116646
0.024567318
0.022567407
0.023476473
0.028371384
0.026184904
0.027381495
0.026111451
0.025604509
0.024655599
0.024804876
0.026371439
0.028135925
0.029015271
0.019278781
0.025057692
0.021313797
0.020853232
0.022975165
0.027473146
0.025263443
0.030129176
0.027610896
0.026968659
0.02599643
0.025986566
0.027633917
0.026672077
0.021077678
0.023918246
0.024244922
0.027606898
0.028907979
0.028536902
0.029966442
0.02743214
0.025554384
0.023436733
0.023996891
0.02053946
0.020373813
0.026676884
0.027544734
0.028627417
0.027704967
0.028762268
0.028465342
0.021629141
0.03698716
0.024020388
0.025695767
0.024501068
0.027866208
0.02673185
0.026948052
0.027567665
0.030378833
0.028713896
0.029579372
0.029907563
0.029672928
0.031627633
0.021540649
0.029318154
0.026219193
0.025207942
0.023955456
0.018014344
0.024073844
0.025278502
0.030113184
0.02705806
0.027547433
0.030820535
0.032783881
0.029578678
0.03059916
0.018656893
0.028762142
0.023504366
0.020102627
0.024216485
0.017916946
0.032280272
0.016868368
0.029663875
0.022479346
0.022929074
0.025157499
0.022253546
0.026819106
0.021926698
0.024346904
0.029791526
0.031194357
0.027379069
0.02831654
0.031539598
0.030638665
0.028322183
0.029283122
0.028842617
0.02963166
0.031107865
0.031762529
0.031402673
0.029893464
0.031086929
0.033068401
0.026886956
0.024093574
0.025751365
0.024528375
0.024988545
0.024233261
0.028443503
0.029919347
0.026176876
0.033074497
0.017097532
0.025665645
0.032350889
0.033921599
0.019953758
0.020477623
0.021850074
0.02203058
0.026206003
0.022520093
0.02228963
0.022746895
0.029095207
0.021061941
0.028653057
0.029852938
0.032744106
0.032173422
0.031138989
0.033262865
0.024817193
0.022336754
0.031719597
0.020471565
0.029609264
0.024346673
0.024287247
0.01903575
0.026583277
0.022052453
0.022800588
0.028571907
0.034443961
0.03253968
0.034596287
0.031994469
0.035084707
0.026318542
0.021419863
0.021621402
0.023929867
0.01924612
0.022479502
0.025254617
0.027355938
0.029593545
0.0313721
0.031668289
0.032722068
0.032958992
0.034719689
0.035806748
0.015824438
0.031697256
0.035024211
0.030491817
0.031186914
0.035530909
0.017624527
0.021771135
0.020435347
0.017580611
0.019316582
0.020087678
0.018976598
0.019387538
0.018376356
0.01942572
0.025119352
0.020161928
0.017595905
0.024023189
0.023476028
0.020887624
0.021184017
0.032786803
0.024673931
0.026434369
0.028841844
0.02802069
0.036047074
0.035801473
0.033818722
0.033996402
0.030338237
0.031076613
0.032523182
0.033925894
0.025102169
0.026517802
0.047191825
0.021895138
0.021323184
0.01630512
0.019684166
0.027296741
0.028816101
0.02923066
0.027227875
0.033711869
0.036182439
0.033258561
0.034576597
0.03626212
0.037271974
0.035943152
0.030434456
0.021418516
0.021235643
0.028126598
0.030666879
0.033843299
0.034402557
0.034171019
0.033653709
0.032770629
0.035747842
0.034222451
0.03552626
0.036413665
0.040348494
0.035628767
0.036624669
0.034577558
0.036966158
0.03754287
0.035926776
0.036605481
0.041780235
0.038384499
0.038139993
0.03518069
0.032586853
0.03586849
0.03394409
0.03263521
0.030053934
0.038212543
0.047055311
0.034796122
0.029924382
0.035463167
0.028391195
0.03568917
0.037559916
0.036903383
0.038181576
0.037680531
0.031987747
0.030660984
0.038945838
0.041982558
0.037481912
0.040295844
0.03653934
0.03787489
0.043394128
0.044853034
0.040540969
0.038085977
0.027431302
0.027174817
0.026539384
0.027594837
0.026148701
0.026925046
0.027624134
0.029175352
0.028638755
0.028254924
0.026597469
0.027891395
0.0264611
0.026588812
0.0305473
0.03059765
0.027966991
0.026407489
0.028280307
0.027780179
0.013672297
0.013492965
0.013166117
0.012578366
0.012450736
0.011766347
0.012801516
0.012475026
0.011011439
0.011453514
0.010541631
0.010751476
0.011501421
0.011903947
0.011310953
0.011145258
0.010424712
0.0093624406
0.010044777
0.010515817
0.01099437
0.011179929
0.011448555
0.011705492
0.010552234
0.010854222
0.0087422457
0.0075527207
0.009786045
0.0068330746
0.005920317
0.011146152
0.010183867
0.025065134
0.025369727
0.025630956
0.025942036
0.025477741
0.026148191
0.028215111
0.028704105
0.015909661
0.017350195
0.026569487
0.027185026
0.025523905
0.01948631
0.02336666
0.025045112
0.024445066
0.02501618
0.02492244
0.026343476
0.025786621
0.022066479
0.025328414
0.027409703
0.023995498
0.038631733
0.028324765
0.029030597
0.027618322
0.030088975
0.028578184
0.026940577
0.0084758653
0.0061380147
0.0085713187
0.0041084437
0.0070058195
0.0084564117
0.0092444162
0.0095319255
0.00740222
0.0088336438
0.010144023
0.01133003
0.010706135
0.012181123
0.010242912
0.0063705235
0.0085762478
0.0086003302
0.0078624243
0.0085218024
0.008074837
0.0083699978
0.0079991681
0.0095570304
0.01045627
0.0077889603
0.0080500294
0.0004170498
-0.0018436374
-0.00081015906
-0.00073380063
-0.00021196257
-0.002365717
-0.0013701667
-0.00080465234
0.00040964963
0.0024002319
-0.0012406557
-0.00017507275
-0.00024971296
0.0015657439
-0.0013202208
0.0018812633
0.00052944541
-0.00083751592
-0.0015325617
-0.0028398665
0.0016283485
-0.00230525
-0.0045223674
-0.00047852291
-0.0019708109
-0.00022862075
-0.00057810343
-0.0017409779
-0.00091275934
-0.00089086039
-0.0025781355
0.0015568676
-0.0013375033
7.7893136e-05
-2.778311e-05
-0.00044883548
0.0013162906
-0.00031733518
-0.0014352073
-0.00043419104
0.00071770516
-0.0022442213
-0.0012545205
0.0011291521
-0.0011103979
-0.00045284024
0.00085728897
0.00081084238
-0.00036681975
0.00064390576
-0.0029382558
0.0027880157
-0.00084365146
0.0034832422
-7.9228232e-05
0.0038822244
0.0025933533
0.0057094307
-0.012607823
0.0031368924
-0.0015230934
-0.00073333836
0.0020184535
-0.0018403429
-0.0027614234
-0.0018197173
0.0011607499
-0.00016960085
-0.0047136997
-0.0038810197
-0.0016386546
-0.002277263
-0.0031173603
0.00080091673
0.0017563107
-0.0006306606
-0.002693366
-0.0001595356
-0.0012091063
0.0011142409
-0.0024357532
-0.0014641785
0.0032221254
-0.0017498131
-0.0096307964
0.00037843243
-0.0017490422
-0.0018511426
-0.00087471056
-0.0015272068
-0.0033367696
-0.0022637676
-0.0047100188
-0.0024425726
-0.0013824676
-0.0015489135
-0.0021522361
-0.0051843795
-0.0036054752
-0.0014933381
-0.0011298792
-0.0008686433
-0.00079148102
-0.0027951467
-0.0021502681
-0.0045117139
-0.003501289
-0.0026873274
-0.0014672804
-0.0040338069
-0.0027760804
-0.0042079658
-0.0029451249
-0.0011122909
-0.00048220051
-0.0037160362
-0.0025956229
-0.0039954116
-0.0025063604
-0.0020696681
-0.0023576388
-0.0037870996
-0.0038278773
-0.0038234328
0.00013054196
-0.0033549903
-0.0039795408
-0.00023712852
0.0009903272
-0.0037010059
-0.0031485185
-0.00092117993
-0.0023173874
-0.0012895854
-0.00068438614
-0.0020535228
-0.0019461591
-0.0026795065
0.00027024574
-0.0013846189
-0.0018905561
-0.0018075226
-0.00043434299
-0.0018139106
0.00097093044
2.3776876e-05
0.00063464519
-0.0016243695
-0.00079772614
-0.00059634514
-0.00033021071
-0.0019333885
0.00091247354
-0.0011174349
-4.007074e-05
0.0031218552
0.00033177358
0.00067084997
-0.00017096074
0.0018871316
0.0018730485
0.00091117405
0.0015108844
0.010319329
0.009324109
0.011236773
0.0067206217
0.0093647515
0.0082555414
0.014218817
0.013967187
0.016069576
0.012862711
0.011904734
0.014136732
0.013702317
0.013819235
0.010547188
0.016001655
0.0079341877
0.009413525
0.0019506495
0.0019458962
0.002366612
0.0017713136
0.0020931244
0.0026827576
0.00046494961
-0.00044182555
0.0017508936
0.00081003702
0.0017490814
0.00070419803
0.00067686152
0.0015452894
0.0016324441
0.00081339264
0.0014529357
0.0011836149
0.0016630202
0.0018004736
-0.00044846912
0.00045298043
0.0014094641
0.00103721
0.00031551159
0.0011334843
-0.00025712081
-9.1246155e-05
6.5411626e-05
0.00085105916
-0.00016006899
0.0010184468
-0.00015167523
7.4081876e-05
0.00061009996
0.00025555703
-0.00040669716
0.00011774172
0.00039107111
0.00072439483
0.0010288741
0.00043844644
0.0055551842
0.0046782329
0.0040296407
0.0049122105
0.0037247289
0.0086708976
0.0094089595
0.0064785995
0.0080487948
0.0047014344
0.0046460839
0.0025081148
0.0057429325
0.0084992076
0.0070668578
0.0028879199
0.0054388732
0.0067471926
0.0039453459
0.0076717311
0.0077056809
0.0056668678
0.0035485382
0.0042016347
0.0029994676
0.0036495705
0.0060171864
0.0035697728
0.002496817
0.0087160737
0.007097437
0.0090145543
0.0088690676
0.0043323494
0.0040857599
0.0041770067
0.0022123329
0.0029742976
0.0080071121
0.0041358477
0.0043535429
0.0046021107
0.0021366962
0.007166849
0.0062624751
0.0039839719
0.0016055382
0.0076547936
0.0065744884
0.0023920511
0.0047231303
0.0047591169
0.0083620769
0.0040667187
0.0058115175
0.01048087
0.003352332
0.0037897628
0.0074384271
0.0071667382
0.0060879972
0.0031251635
0.0083567461
0.0076209483
0.0053514139
0.0061786736
0.0081479986
0.0085704096
0.0079719893
0.0053504619
0.0064767755
0.0071006189
0.007234856
0.0054245979
0.0031357543
0.0044459209
0.0071726277
0.0069300886
0.0046164406
0.006505956
0.00024605503
0.00064906742
-0.00015226072
0.0007257809
-0.0015924933
0.0017053133
0.016492738
0.018678142
0.021478235
0.022030918
0.020980529
0.026731954
0.0253252
0.019034206
0.021500987
0.027395794
0.025541019
0.024356664
0.025550208
0.031372059
0.018589988
0.018013407
0.022461982
0.022872633
0.022123102
0.021037987
0.019731371
0.019648454
0.025139192
0.025083744
0.025764584
0.025839239
0.026389861
0.02568706
0.027044462
0.026071867
0.026511589
0.026516349
0.025904491
0.02710571
0.026406652
0.026996174
0.026301746
0.028014025
0.028419314
0.027513086
0.017468204
0.019026041
0.019295014
0.019496288
0.019218205
0.024124108
0.022764313
0.031081531
0.032503851
0.029734097
0.029926894
0.031292971
0.032604468
0.021407546
0.01958412
0.022589048
0.020846056
0.021932641
0.021501394
0.01948323
0.021200792
0.020971681
0.031540526
0.028271561
0.024894776
0.027624973
0.02845606
0.029276099
0.032414718
0.033281004
0.032098163
0.032362016
0.03324407
0.034000876
0.031167031
0.033110554
0.03267815
0.03535446
0.03096064
0.03207265
0.032067019
0.032174462
0.033250099
0.03327336
0.031860135
0.033089625
0.030824558
0.030918555
0.03226271
0.035988351
0.029133766
0.030563832
0.030091416
0.029503855
0.032764315
0.034211108
0.031508718
0.031514874
0.035310466
0.034032228
0.031267519
0.03010577
0.03129937
0.031906248
0.033840248
0.03740639
0.034809393
0.037296064
0.029738233
0.030585068
0.031772537
0.033038232
0.034215765
0.035723693
0.034927569
0.036213466
0.034851007
0.035861781
0.03849004
0.039819788
0.035467274
0.037665675
0.038245628
0.038860333
0.037567981
0.038022817
0.029679087
0.029182946
0.028836008
0.030073535
0.033320847
0.035161313
0.035172984
0.034043751
0.035907871
0.037907376
0.036961429
0.039017962
0.037927349
0.038996325
0.034343801
0.031888363
0.039940975
0.040384591
0.037745439
0.037696855
0.038625114
0.040009696
0.039653491
0.039744715
0.041413425
0.039462244
0.04873531
0.039225234
0.039749447
0.038731165
0.034070779
0.040848849
0.036352424
0.036925805
0.037227475
0.039111891
0.039547284
0.039487528
0.030823592
0.030720205
0.026730372
0.046340283
0.029007532
0.01609026
0.028009727
0.029722842
0.029298448
0.027166615
0.028171084
0.020152221
0.016812099
0.037272865
0.028480228
0.038406657
0.028907028
0.028131878
0.026336109
0.026175862
0.026121905
0.026640835
0.027443025
0.026739699
0.028339944
0.029322529
0.02685966
0.027866773
0.01230205
0.01268102
0.012830861
0.011792446
0.010451376
0.010231271
0.0092029469
0.0099552322
0.010811572
0.010186695
0.010918119
0.010234536
0.026416295
0.025997301
0.025420751
0.026433286
0.02509069
0.026664387
0.026423805
0.026753021
0.022279225
0.022596543
0.022802056
0.022432294
0.024772221
0.026643185
0.024989822
0.02629741
0.025966149
0.027000558
0.030224485
0.027910058
0.030479657
0.029966825
0.031620352
0.030127627
0.027413183
0.028071661
0.028698496
0.030922127
0.029439786
0.027162321
0.027042723
0.029405642
0.026258278
0.027724722
0.028469146
0.027344518
0.027810548
0.028784211
0.02913463
0.029949195
0.029509189
0.027628423
0.03014789
0.029578845
0.014250569
0.014226752
0.0093528869
0.0092817205
0.0094005744
0.010057381
0.0093839746
0.010206463
-0.0016001228
-0.00083580053
-0.00020292248
0.0055276329
-0.002248843
-1.7494856e-05
0.00051943273
-0.00024894531
0.0012027857
0.0008310841
-0.00015462821
-0.0023240586
-0.00061051097
-0.0012806958
-0.00099547733
-0.00082481961
0.00017858749
-0.00034417932
-0.00012182324
-0.0022267836
-0.0035600702
-0.0015448075
0.00017797121
-0.0015949267
-6.302611e-05
-0.0074373569
-0.0058670104
-0.0032290612
-0.00081541546
-0.0048209507
0.00071576347
-0.0029648086
-0.0034675072
-0.0030432204
-0.0020148806
-0.0036565474
0.0030175528
0.0023670086
0.010329471
0.008629303
0.011095688
0.01573173
0.013378099
0.0029538167
0.0022219684
-0.00029299265
0.00057548597
0.0009369607
0.00040628074
0.0077617657
0.008437812
0.0057398138
0.0048809908
0.0068198729
0.0083443137
0.0064604049
0.0062268112
0.0027842122
0.0022135803
0.0010914347
0.0010910006
0.0044845319
0.0076631838
0.0089574734
0.0030941169
0.0048937944
0.0021585376
0.0028395142
0.0024816077
0.0028079125
0.00058231215
0.00078893293
0.00065842128
0.00067600621
0.00034707911
0.001321542
-6.0784777e-05
0.001126949
-0.00060926378
0.00054634163
0.00022324365
0.00039200474
-0.00057816508
-0.010898809
0.00019589524
0.00059883901
0.00010638319
0.0004060179
0.00054486443
0.00041101393
0.0011364118
0.0015981561
9.8000554e-05
0.0017623728
0.00043807963
0.00096194904
3.5780382e-05
-0.00017593826
0.020314111
0.020421179
0.025850311
0.024632433
0.025579013
0.024545678
0.019975697
0.022221514
0.021664759
0.02128459
0.021557907
0.022204464
0.02615982
0.025663779
0.023226168
0.026857763
0.023823395
0.025040176
0.028156715
0.024267712
0.025414185
0.024208666
0.025795333
0.026845456
0.025347665
0.025981387
0.026093374
0.028271917
0.019972218
0.020954764
0.018476791
0.017566508
0.019411198
0.016904713
0.019349401
0.018384742
0.015174381
0.016392791
0.028889909
0.028919564
0.028627042
0.026252156
0.033501355
0.033671247
0.035889733
0.03490083
0.030108248
0.031778579
0.030078997
0.030967203
0.030702327
0.031805902
0.030544167
0.029967474
0.028095062
0.028243354
0.029253247
0.028875376
0.032917104
0.033931655
0.031427846
0.029696615
0.040607096
0.043641897
0.042493521
0.04252545
0.040429741
0.038018502
0.041639352
0.042276522
0.040255302
0.039729117
0.040766672
0.04115535
0.042710788
0.041593713
0.041395371
0.039700645
0.03976406
0.038787622
0.038309461
0.037490019
0.04236595
0.041463156
0.044663836
0.043972168
0.043111934
0.039628107
0.043317359
0.04339886
0.044667604
0.058432454
0.044313817
0.044678963
0.04335082
0.061220082
0.04454484
0.045676761
0.054182488
0.045925928
0.063334113
0.045960329
0.043898986
0.049785193
0.049493736
0.04852392
0.070192885
0.046004413
0.064771297
0.067966643
0.044922749
0.047866895
0.061573413
0.044612967
0.043546797
0.045261687
0.045353634
0.043808624
0.046852742
0.043097738
0.045047625
0.047312037
0.046231992
0.043727246
0.049425064
0.04108509
0.048043021
0.051047104
0.04194575
0.04170048
0.046403643
0.045489175
0.040199937
0.040925942
0.042050768
0.041970697
0.041792137
0.040687872
0.047891799
0.04846923
0.047415964
0.049759896
0.042857486
0.041472887
0.043785223
0.043349739
0.044736551
0.046401302
0.04781109
0.045184603
0.048243213
0.04901742
0.056943148
0.047344005
0.049595477
0.048990752
0.067831232
0.066647722
0.049406513
0.066505423
0.047693337
0.050356284
0.045394261
0.049466334
0.050592992
0.061518944
0.066519314
0.076614417
0.046375678
0.060321265
0.04997446
0.049212157
0.048121617
0.058225054
0.046279306
0.062916907
0.064542206
0.068526062
0.049298663
0.064821139
0.068768979
0.074470096
0.049911013
0.046885006
0.044059343
0.048878986
0.050690031
0.059705806
0.050784933
0.053646887
0.047133561
0.050257993
0.06599202
0.060406837
0.069153482
0.052664924
0.060129203
0.048064289
0.065032001
0.06587075
0.051376326
0.045689304
0.051577345
0.059818305
0.05865856
0.049896733
0.060012313
0.043957362
0.056129524
0.04977917
0.047989178
0.054572499
0.064332033
0.063869343
0.047297786
0.059766563
0.061993207
0.048477151
0.060001656
0.062520793
0.045357088
0.067966558
0.078422549
0.054179607
0.065077518
0.06869575
0.062131772
0.054972903
0.072680092
0.046826857
0.061282515
0.047873784
0.045852395
0.059878349
0.044546105
0.058839294
0.06270138
0.065768649
0.058350062
0.073088851
0.05952319
0.061077288
0.049212549
0.059231545
0.062975589
0.059038433
0.056595585
0.051443756
0.065877353
0.053308555
0.062720147
0.042905363
0.058213521
0.058409452
0.058172435
0.05559728
0.05913612
0.056657553
0.048490044
0.062374012
0.064243226
0.058282408
0.055687033
0.05282529
0.057890371
0.06082233
0.065393841
0.041316543
0.062889348
0.06196049
0.060052985
0.056314683
0.063876356
0.066226927
0.064434491
0.059073733
0.054398297
0.046114788
0.062528357
0.066960963
0.057072066
0.053961188
0.060541883
0.045708541
0.061064789
0.068303896
0.056260498
0.050053298
0.052600211
0.052109862
0.05885482
0.046483923
0.051217918
0.06446091
0.050194396
0.069970382
0.048266759
0.067190345
0.060967611
0.07368696
0.06306635
0.06808733
0.028868397
0.028442028
0.069834716
0.068432274
0.064647006
0.067584419
0.060787333
0.049817818
0.054334554
0.054264108
0.052504253
0.05380507
0.05114875
0.04972748
0.051336678
0.049843183
0.051688523
0.050031266
0.053274512
0.049236598
0.050414958
0.053502384
0.046760487
0.039366467
0.054229733
0.053144488
0.067458193
0.065627188
0.066927234
0.060319592
0.059843695
0.055479466
0.047228581
0.042458942
0.067073938
0.062571828
0.057529386
0.058597472
0.054023061
0.052015693
0.069213079
0.068089958
0.060262486
0.060322558
0.062667343
0.063064133
0.064008623
0.061516549
0.065377577
0.06527668
0.07108366
0.058383834
0.0637357
0.063449044
0.054735174
0.052074469
0.055423951
0.055720296
0.04745815
0.039863004
0.069558874
0.071851519
0.061918736
0.06439782
0.066333233
0.063321381
0.057669673
0.049523122
0.051405172
0.048559287
0.082702215
0.055598335
0.069665894
0.072117748
0.069609073
0.064964553
0.057997609
0.054124087
0.060836866
0.061575907
0.061781511
0.057194767
0.070182247
0.070591973
0.053673488
0.050726542
0.045807952
0.048110042
0.069988572
0.071111069
0.075557337
0.078401696
0.076558911
0.071596351
0.068437886
0.067379193
0.051049847
0.056092034
0.035418277
0.042574806
0.030500979
0.046394858
0.071229533
0.069653539
0.073116558
0.0076001303
0.070494366
0.080266837
0.06208514
0.027334169
0.084038313
0.078127874
0.057682808
0.045803317
0.049237143
0.042759669
0.069362349
0.078638319
0.083635425
0.088332772
0.028634047
0.027090076
0.064155986
0.075314367
0.049839272
0.043921102
0.037116923
0.040559023
0.082900484
0.086543678
0.027684505
0.040188258
0.055086668
0.063089219
0.040688026
0.022680949
0.050824345
0.033574983
0.03820267
0.038338797
0.077289821
0.080834446
0.084166995
0.075885332
0.085511593
0.027032517
0.027372362
0.079464138
0.028083185
0.068639644
0.096000269
0.083961956
0.028854838
0.073668935
0.021673953
0.084878324
0.080195321
0.082058028
0.061550124
0.066574734
0.072100229
0.053082155
0.080006863
0.027824474
0.074677346
-0.020489322
0.060496381
0.066836521
0.080555162
0.065529608
0.073107884
0.068432664
0.028907665
0.060664592
0.082780989
0.084890111
-0.00088838726
-0.0069169737
0.075936372
0.075289345
0.082154018
0.077318317
0.066302292
0.068799763
0.06725583
0.06908899
0.081016801
0.069914779
-0.0092194714
0.072629715
0.066335567
0.044419616
0.082217531
0.062626739
0.028278134
-0.00045343365
0.02817819
-0.00085158315
0.070495882
0.080499271
0.02687478
0.00036802801
0.078084879
0.075798607
0.075263316
0.072639246
0.078043065
0.072374359
0.075173476
0.068000664
0.079405674
0.076633643
0.0082915725
0.071258704
0.066045146
0.069168457
0.06991161
0.071296631
0.075199636
0.069758261
0.077264609
0.016421786
0.016457444
0.080282312
0.075031956
0.0027109168
0.079836083
0.069947873
0.026687372
-0.00035992894
0.0338372
0.048109589
0.029694408
0.037637372
0.039680617
0.003834334
0.027936262
0.01184637
-0.00019335802
0.076422868
0.074317782
0.074690142
0.072032807
0.0093925217
0.077007143
0.079129246
0.073089577
0.075309095
0.084189211
0.028329015
0.087598621
0.074968814
0.029665177
0.023487497
0.026238422
-7.4203176e-05
-7.6538062e-05
-0.0045980804
0.082698383
0.082335117
0.0022109544
0.034481382
0.084866461
0.00048941398
0.072324841
0.028428246
0.020121805
0.026094392
0.033745058
0.027078989
-0.0051986555
0.080821284
-0.00030949867
-0.00033091099
0.027120413
0.075114954
0.025282923
0.082811551
0.0071693271
0.086163725
-0.0061704693
0.028332407
-0.0038287368
0.010864063
0.067019024
0.027597807
0.082190862
0.029995788
0.0077766695
0.031405896
-0.0071506682
0.0072907496
0.00059384981
-0.00062277876
0.063315768
0.039433873
0.013225216
0.086006996
-0.0011827599
0.028902655
0.077209418
0.070956963
0.089097808
0.090975792
0.076281443
0.072771084
0.092118657
0.097162786
0.021981808
0.076094054
0.081498484
0.077328009
0.082539168
0.075214696
0.072081174
0.030559039
0.0063456781
0.0073752497
0.0034467406
0.0077814883
-0.0060389644
0.026708416
0.0099070282
0.029950847
0.084401138
0.0029298803
0.081446124
-0.0040884804
0.026003521
0.083144113
0.097908489
0.085852857
0.080321042
0.081056879
0.079593866
0.077158719
0.07525328
0.074297591
0.078595297
0.061745713
0.010292241
0.0014966387
0.0029898957
0.0012332002
0.0013809531
0.0014753505
0.003741947
0.0011879445
0.0033162907
0.0042705047
0.00082322529
0.0019855652
0.0028066912
0.0026239766
0.0036455259
0.0014303928
0.0013918205
0.0016647392
0.0021499016
0.00054626695
0.0022571707
0.0014531384
0.0016366325
0.00066191812
0.0017628787
0.0015023527
0.0021248554
0.0027689953
0.0021432208
0.0018691137
0.0021551214
0.00078309754
0.00099510162
0.0010166262
0.0020222372
0.0019679544
0.00085295337
0.00099476479
0.001157484
-0.0014005407
0.00099956838
0.001459261
0.0022608407
1.5130792e-05
0.00091135327
-0.0011564532
4.0451239e-05
0.00029149088
0.00054443567
0.00024337584
-0.00023656657
0.0012092075
0.00037919414
0.0021151327
0.0015389688
-0.00082747748
0.00256176
-7.149184e-05
-0.0009708243
2.5785677e-05
0.0018597175
0.0005585005
-0.00048738313
-0.0010109208
0.0012099068
0.00073582712
0.00054282631
0.00098920897
-0.00096189587
0.00082012114
0.00084130377
0.0011199357
0.0025328718
-0.00079345723
0.00096703094
2.1414384e-05
0.00025996289
-0.00023580014
0.0014296448
0.00078177568
0.00046826632
0.00080131859
0.0010697142
0.001023857
0.00016883079
0.00058658863
-0.00018997885
0.00028334016
0.00058350327
0.00012805296
0.000611468
-0.00070111985
0.001670966
0.00024468654
-0.0012284532
0.00017243193
-0.0011983181
-0.00042703425
-0.00017266359
0.00081304466
3.6637176e-05
-0.0013946339
-0.0010121374
-0.00074301597
-9.5850899e-05
6.9499826e-05
-0.0001149635
-0.00067221527
-0.0043394752
-0.0016455547
-0.00054053219
-0.00073025618
7.2885136e-05
-0.0036936905
-0.0052622006
-0.00058281232
-0.0015071584
0.00015680366
-0.0011610083
-0.00097211998
-0.00094035313
-0.00080583436
-0.00079978708
-0.00051286438
0.00018039255
7.1202186e-05
-0.00053559574
-0.00017400181
-0.00082038729
-0.00010013973
0.00038006024
1.096842e-05
-0.0012694102
0.0010999407
-0.00051118113
0.00073460564
0.00085759337
-0.00038926489
0.00034516841
-0.0006337824
0.0011600852
0.029452861
-0.0011485237
1.6616537e-05
-0.00025196953
-0.00015390828
0.0011693154
0.0015154705
0.00059921832
0.0020995074
-0.00012197912
2.687168e-05
-0.0012410738
-0.0013292864
-0.00081476057
-2.1715592e-05
-0.0010951875
-0.0010736209
-0.0042144699
-0.0089042836
-0.00080029174
-0.0014206746
-0.0061755907
-0.01767233
-0.001805222
-0.0016604804
-0.0011211644
-0.0026039125
-0.0011071118
-0.0011664604
-0.00065493089
-0.00014575597
0.0014117052
-0.0019770246
5.365492e-06
-0.00041272229
0.001772361
0.00023108609
0.00096492573
3.2264507e-06
0.00015800788
0.0006417054
0.00091895391
0.00064491276
0.00012311711
-0.001523012
0.0011271946
0.00092392124
0.029965724
0.0014199022
-0.0022900997
0.0004619082
0.0009960686
-0.0018144529
0.00069247707
-0.0017407919
0.00062686273
-0.00066082613
-0.0027875357
-0.00029534176
-0.0011761343
-0.0010686191
0.0015037104
-0.0015200469
0.0010983398
0.0019812699
0.023792871
0.023246412
0.030454396
0.031609011
0.030215631
0.030668983
0.030640605
0.030367311
0.031079
0.03019593
0.029703717
0.030710703
0.028855793
0.029626391
0.031550132
0.030799907
0.030686385
0.033165044
0.032204643
0.032212381
0.03211162
0.032390101
0.032695955
0.030925637
0.033453614
0.03340157
0.031812283
0.032157296
0.031767035
0.031342008
0.028493035
0.02842943
0.032952567
0.033910628
0.037668284
0.039260568
0.039800122
0.04050078
0.040843504
0.042171693
0.042260005
0.042824626
0.041725332
0.048840097
0.042102788
0.042785827
0.041822321
0.064861823
0.063265328
0.043702072
0.047041926
0.046549643
0.045752975
0.058308803
0.03943054
0.037634861
0.044612627
0.040388549
0.041644818
0.0436906
0.043670862
0.041694669
0.043844718
0.044213245
0.044416229
0.041785411
0.046585597
0.046324576
0.044764259
0.036716867
0.046262885
0.043674169
0.049186926
0.045179691
0.055480075
0.052834715
0.043175425
0.063440945
0.048329967
0.049307866
0.062603948
0.048454107
0.045002875
0.049029223
0.053040279
0.061424858
0.050882969
0.05432146
0.053612125
0.052550971
0.044746458
0.04441268
0.043070651
0.04407143
0.049979694
0.048608279
0.046692817
0.051469598
0.055301353
0.064946729
0.057992641
0.058973383
0.057933136
0.051836871
0.060131239
0.057154312
0.041449863
0.041599336
0.059213589
0.043898981
0.060385039
0.061731609
0.056813762
0.056127788
0.057900304
0.060381419
0.053637282
0.054480952
0.051110912
0.057130017
0.043546671
0.049799557
0.043507594
0.041785416
0.046939141
0.049049494
0.050982437
0.052896469
0.060065456
0.065391493
0.057505161
0.061545057
0.054497551
0.055379278
0.056441382
0.056624237
0.058241453
0.060954738
0.050288588
0.049930557
0.054049312
0.053537649
0.05144195
0.05030669
0.051601851
0.051004532
0.061160527
0.063459417
0.062552369
0.06846992
0.058840073
0.059548229
0.053338384
0.054734895
0.055312247
0.058473556
0.054170083
0.052553619
0.046639166
0.048990057
0.057297732
0.051569996
0.0511792
0.052067165
0.053825968
0.062672753
0.053647583
0.056339694
0.053654834
0.055302341
0.058053301
0.05659318
0.05664555
0.056818009
0.050433364
0.050881763
0.059828513
0.057158447
0.059447683
0.061386879
0.058199536
0.060171795
0.054599957
0.054283693
0.058998984
0.057635976
0.055693523
0.055623096
0.056463626
0.057470505
0.055666365
0.058335468
0.046413789
0.054384013
0.057748895
0.058879817
0.060175851
0.060996925
0.054162975
0.053634661
0.053373475
0.05114525
0.057817815
0.05578745
0.055599036
0.055549432
0.057223942
0.054820778
0.051238323
0.052948029
0.050783514
0.057789823
0.05313445
0.046466477
0.04710723
0.058475038
0.059675866
0.054438088
0.055325435
0.05729926
0.057602328
0.055846148
0.057917322
0.058154042
0.055394014
0.057078903
0.05687811
0.057337795
0.053808565
0.058325696
0.057062296
0.061155591
0.061467888
0.055098957
0.056040108
0.055634372
0.057216792
0.058322696
0.0584748
0.059504704
0.057625113
0.062087493
0.05585014
0.055775166
0.05338941
0.057173838
0.050552362
0.053174132
0.05954542
0.060825306
0.061824831
0.067733744
0.057847418
0.051418174
0.057091259
0.049113453
0.054046568
0.058964027
0.061044306
0.061750057
0.06264852
0.08918962
0.072506545
0.058658957
0.059327582
0.060185686
0.059562826
0.05793541
0.058022247
0.055231395
0.05745933
0.058962316
0.060795344
0.059044585
0.079230336
0.061065559
0.05840872
0.054782017
0.057859433
0.059902825
0.059937766
0.062018712
0.063444238
0.059889343
0.056498242
0.055777535
0.083786098
0.058323081
0.059657117
0.071109638
0.059012351
0.07888693
0.060874821
0.077830429
0.060727207
0.086144144
0.062066748
0.061032931
0.062243735
0.076528254
0.068334977
0.072058868
0.07223128
0.063153753
0.063533472
0.058357239
0.055828143
0.061478596
0.060389701
0.063244634
0.058762202
0.056832264
0.058025681
0.052364341
0.055008898
0.051924141
0.05516962
0.053633577
0.052724684
0.051552274
0.054337809
0.054799722
0.056040225
0.053879878
0.056844035
0.051330545
0.051870177
0.055733597
0.057204562
0.061865444
0.064248694
0.068474507
0.069177
0.069157495
0.070880035
0.033267895
0.042928933
0.043465118
0.035172426
0.015923586
-0.0039943035
0.012069479
0.010121517
0.021183115
0.068831774
0.041260391
0.089266908
0.093379842
0.091109763
0.084817451
0.084748626
0.092363248
0.078525355
0.092338402
0.091433279
0.094102539
0.093231082
0.085768893
0.088436873
0.089734233
0.092440907
0.086152567
0.090322428
0.098400419
0.080083845
0.083170983
0.090670555
0.090288466
0.089519843
0.089141792
0.091092165
0.086863088
0.095964168
0.09446863
0.095055855
0.085847389
0.088615119
0.097364532
0.096302717
0.069804736
0.072800982
0.082792187
0.0789599
0.079453327
0.080724441
0.076672625
0.075360541
0.073164329
0.073726463
0.071896114
0.074044707
0.073381576
0.076061956
0.070902606
0.071753876
0.071273227
0.073178527
0.071345051
0.073803362
0.076118432
0.078389682
0.071971803
0.075102228
0.070463465
0.072005549
0.076527074
0.07618435
0.074353873
0.077275256
0.071425479
0.073270551
0.077564902
0.080243139
0.077739746
0.080192314
0.076205259
0.078286966
0.076499751
0.077929522
0.072893401
0.074282326
0.079767783
0.080575217
0.077827726
0.078432004
0.079643744
0.079015664
0.077749974
0.084032402
0.07444891
0.077145811
0.077019488
0.079584366
0.07524681
0.075266023
0.076522888
0.07903873
0.071853757
0.075075012
0.076450676
0.078066009
0.079119322
0.081677774
0.076397058
0.078394598
0.078436026
0.079876697
0.075861626
0.078410953
0.074432264
0.073793641
0.076620651
0.079476712
0.072514781
0.074622293
0.077942117
0.079652644
0.075536158
0.07612749
0.077529119
0.079523578
0.080723341
0.080161061
0.075060669
0.072860958
0.073744479
0.073056815
0.076754384
0.080751476
0.07949313
0.080335841
0.076082742
0.077492812
0.071991851
0.076926586
0.077007123
0.079167916
0.075994192
0.075065375
0.07805377
0.080464837
0.071877866
0.081193747
0.073447303
0.075545753
0.07902244
0.079909686
0.078234012
0.079971534
0.077975792
0.081844653
0.07882947
0.081209803
0.077476991
0.076946326
0.080930304
0.080696013
0.079896969
0.080638803
0.080506357
0.081337536
0.082480716
0.078170762
0.081771757
0.081025358
0.079173647
0.082904103
0.075657471
0.082905457
0.079704175
0.079308515
0.075810737
0.076113593
0.072160604
0.073468792
0.07951544
0.080539798
0.083587523
0.082479331
0.081771079
0.08211329
0.088198927
0.082710035
0.072141935
0.075524776
0.077589108
0.078644893
0.073368941
0.071621314
0.070698425
0.066423362
0.07052761
0.07041976
0.071053404
0.071180564
0.070251725
0.070340428
0.069419986
0.065003913
0.066958957
0.069727875
0.067584446
0.069768059
0.069876342
0.070244507
0.082040287
0.082695807
0.084145571
0.082963984
0.077075515
0.077663992
0.076128076
0.080471412
0.078487222
0.076974079
0.076815466
0.081653382
0.070832067
0.077098169
0.078800674
0.079798948
0.075160702
0.084522299
0.074335955
0.070328265
0.072205121
0.075877995
0.069901367
0.069070578
0.064834338
0.066883876
0.066992409
0.071067383
0.073432446
0.071504637
0.069551099
0.071199205
0.069375108
0.07121953
0.072656722
0.073795884
0.083740313
0.08502486
0.082992085
0.081998756
0.07214774
0.074098364
0.067460532
0.067693684
0.066679753
0.065496337
0.066256905
0.069789023
0.064937359
0.06915193
0.067656239
0.071591945
0.062227447
0.070709095
0.069990907
0.066867905
0.072237286
0.071976931
0.068497317
0.071586815
0.065227384
0.076394715
0.074188225
0.073249393
0.069446264
0.068574407
0.065589417
0.081815407
0.068850106
0.072676369
0.073767824
0.075621519
0.082141259
0.083798282
0.081750611
0.083096638
0.090927885
0.085994554
0.083623691
0.088669441
0.072901391
0.072751239
0.069605693
0.06591699
0.074149284
0.0754081
0.076067363
0.074396209
0.083750315
0.084152677
0.083049116
0.079697086
0.084157315
0.084531514
0.082906447
0.082133922
0.079340691
0.081193788
0.082498742
0.08526294
0.067689505
0.06929561
0.063040268
0.063883643
0.10088248
0.074558952
0.07870289
0.082276421
0.080502979
0.081865571
0.075100706
0.081917947
0.0839173
0.06700926
0.066423292
0.064959656
0.067309399
0.084289206
0.079177399
0.077504656
0.075293337
0.086271973
0.083811803
0.081801104
0.082231023
0.08300378
0.083415656
0.082075876
0.083466153
0.078863503
0.078581418
0.080762406
0.081673138
0.08295795
0.08457762
0.084785364
0.084421521
0.084912471
0.08951139
0.086950156
0.084291528
0.086294389
0.081924447
0.071171409
0.084301564
0.08380642
0.083470541
0.08267845
0.08412386
0.080290597
0.081619774
0.082470223
0.082632333
0.085566704
0.083190692
0.084292715
0.08347128
0.082201868
0.081861704
0.083595072
0.083320552
0.085015066
0.079661038
0.086138477
0.083327309
0.084667498
0.084990301
0.084311394
0.084320711
0.083027589
0.088697221
0.088104857
0.085047676
0.086866542
0.086470891
0.084549695
0.074292109
0.077920735
0.083990785
0.083689834
0.08410621
0.077577826
0.078859988
0.075649164
0.076927162
0.08380563
0.084726019
0.082717059
0.08363307
0.082614754
0.083378016
0.083753206
0.08410974
0.09259016
0.08925872
0.08157801
0.076702159
0.071956295
0.073564027
0.093545229
0.077351187
0.081103182
0.078539064
0.079000531
0.076861277
0.069629247
0.066459712
0.060794588
0.078558813
0.075092594
0.084301252
0.10175499
0.084745453
0.090123669
0.078466676
0.083421763
0.08362533
0.082244824
0.083971123
0.068258118
0.083524597
0.070148078
0.076490738
0.069938666
0.083383109
0.082296747
0.07041118
0.069386836
0.066205471
0.068915611
0.068839035
0.072086472
0.065165261
0.073711711
0.086397067
0.084682253
0.083825711
0.07782106
0.072431258
0.068162849
0.065569411
0.06865629
0.064066332
0.064122922
0.06304735
0.064761248
0.082311016
0.089885089
0.085969796
0.086979505
0.082432742
0.080049918
0.065688827
0.061584612
0.091963095
0.086001089
0.08681639
0.085140717
0.088849872
0.089245925
0.083980443
0.083111143
0.09015569
0.087343343
0.088617624
0.087964278
0.088116181
0.086107709
0.082205367
0.095129111
0.089403213
0.089126706
0.090317835
0.090419246
0.085480893
0.084164162
0.084975957
0.086282486
0.076148579
0.088496262
0.091904316
0.09429418
0.10064226
0.091133331
0.09188906
0.094681298
0.096906199
0.093685185
0.091062078
0.089663374
0.091869766
0.086391011
0.10028891
0.099893643
0.085626734
0.086156377
0.089726214
0.079487312
0.087899805
0.090952609
0.089223414
0.1162929
0.098612666
0.11113895
0.08382828
0.0844782
0.080737034
0.086803206
0.085964401
0.08661844
0.082296252
0.085278906
0.085056574
0.086680235
0.08760656
0.090498848
0.080215185
0.081724648
0.08600544
0.085701824
0.082573197
0.08660748
0.082453105
0.0864494
0.083763167
0.090904785
0.087549634
0.08760049
0.087263995
0.087165206
0.087819205
0.086358505
0.08813037
0.088079212
0.088056718
0.089281021
0.086238119
0.089018483
0.090756515
0.088256849
0.089905768
0.083258233
0.090230378
0.095779768
0.08719616
0.086491309
0.086897009
0.039736256
0.040631321
0.023340078
0.021787826
0.02518848
0.026771296
0.02683466
0.026605845
0.028205269
0.028994229
0.027880133
0.027295517
0.031571038
0.029911818
0.030314484
0.03153403
0.030960949
0.028748496
0.031838529
0.031302851
0.029695087
0.03058397
0.030965866
0.031745233
0.029272261
0.031449459
0.032434641
0.030778249
0.030019231
0.032554235
0.040341308
0.030068374
0.029841952
0.032372457
0.031726594
0.031692705
0.027817814
0.031680996
0.03247639
0.032482443
0.031717661
0.030658573
0.030545712
0.031843419
0.030973174
0.031938377
0.033026934
0.033204538
0.032920516
0.033206669
0.033607853
0.033720431
0.033763032
0.037339774
0.029107959
0.033740611
0.033956249
0.030605696
0.032179438
0.032850946
0.033352948
0.03247328
0.033846554
0.035265551
0.037349305
0.033367284
0.032746369
0.033879749
0.033231216
0.030898048
0.033993691
0.03396624
0.033691035
0.033941948
0.038832988
0.040601952
0.031354611
0.029941486
0.031055929
0.033492148
0.033924951
0.03390797
0.033187066
0.036072301
-0.0022653577
0.00094706555
-0.0048627115
-0.0016353971
-0.0010745317
0.0004939814
0.0042286551
0.00068478482
-0.00084107627
0.003326374
0.00053647856
0.0018469311
0.0015532514
-0.0001558272
0.0015829388
0.0018753547
-0.0023069063
0.004834557
0.0067516029
-0.0031613998
-0.0011878654
0.00071021103
0.0044954162
-0.0028216988
-3.1372779e-05
-0.00096881049
0.0033695629
0.0037673027
0.0051627317
0.010942394
-0.0012635505
-0.0015665485
-0.0033556541
0.0069565822
8.2009923e-05
-0.0067049484
-0.0022368713
-0.0032809821
-0.0020944826
-0.0077137149
-0.0072002202
-0.011034088
-0.011365626
-0.0088573931
-0.0067881377
-0.0074239924
-0.0079658136
-0.0087281176
-0.0069832723
-0.0084114452
-0.0062579481
-0.01269269
-0.0080975383
-0.0080675859
-0.011135708
-0.009643923
-0.011434849
-0.010835045
-0.0065458912
-0.011560672
-0.0035171783
-0.0085603128
-0.0045036907
-0.013169606
-0.01091953
-0.0083396194
-0.0074284706
-0.014200059
-0.011463474
-0.012002312
-0.0047390634
-0.0062717291
-0.0049831957
-0.010159854
-0.012689488
-0.0064996501
-0.0085286428
-0.010759599
-0.0094129835
-0.0065387778
-0.0062486369
-0.0065132493
-0.0060771927
-0.0060483954
-0.0061167955
-0.0063076246
-0.0052729457
-0.0082162314
-0.0079157088
-0.0058646813
-0.0060392036
-0.0054654788
-0.0038031163
-0.0085487855
-0.0062328386
-0.0060435036
-0.0043390335
-0.010725643
-0.010841926
-0.0061967542
-0.0052809743
-0.005014783
-0.0047911744
-0.0087559371
-0.0023961805
-0.011653551
-0.0094449323
-0.011330051
-0.012861363
-0.011510422
-0.010985253
-0.012470752
-0.0094857322
-0.011901975
-0.011794894
-0.0093330405
-0.010846631
-0.0089707235
-0.013250771
-0.014165302
-0.013235055
-0.015164733
-0.012383723
-0.012337556
-0.01216063
-0.013171672
-0.012921921
-0.014516621
-0.013321168
-0.012486105
-0.013179844
-0.01160935
-0.015032853
-0.014025681
-0.012424565
-0.012849725
-0.012018608
-0.010943726
-0.011039798
-0.014293448
-0.013024155
-0.012912566
-0.021980878
-0.015613577
-0.014064511
-0.013590459
-0.014439593
-0.014662343
-0.015392584
-0.014448098
-0.017475985
-0.012556894
-0.016063742
-0.015114167
-0.018775766
-0.019275592
-0.020000626
-0.019290688
-0.015288418
-0.01700604
-0.020754129
-0.0073660496
-0.010816398
-0.015177012
-0.014541812
-0.01540988
-0.015599171
-0.020568823
-0.01366163
-0.011918807
-0.018433777
-0.014348654
-0.013136187
-0.014699044
-0.015037202
-0.012452638
-0.021601707
-0.0040844983
-0.0094837745
-0.00038539184
-0.014711716
-0.015894959
-0.0060346959
-0.013003859
-0.016590817
-0.016900982
-0.014843204
-0.0058706374
-0.013522667
-0.011005816
-0.0034998318
-0.0055816457
-0.0069158504
-0.0086912292
-0.014054503
-0.009392705
-0.0045916879
-0.0047404046
6.9450374e-05
-0.00013204039
0.0092877106
0.0081249136
0.0027344303
0.0030607424
0.001698037
0.0024488312
0.0012591439
0.0027649006
0.0030254164
0.0028699237
0.0014727381
0.0012935243
0.0013276063
0.0019727408
0.0017392676
0.0030876369
0.0019394816
0.0016531303
0.00055811598
0.00035358953
-0.00016419076
0.00066363425
0.00033038897
-0.00055616582
-0.0038519385
0.0018612465
7.0019645e-05
-0.00034491501
-0.00088978472
-0.0024900847
-0.00054001587
0.00034340024
-0.00064486711
-0.0009516832
-0.0015114672
-0.00056067392
0.0014649624
-0.00044445488
-0.0003739139
0.0011690163
-0.00071036871
-0.00063347184
0.00021759015
-0.00064805099
0.00062432643
0.00020122738
0.0025635565
0.0018865001
0.0001533545
0.00013238319
0.00027464687
0.0020596061
-0.00021339857
0.0020330216
0.00029480994
0.001689811
0.0021646116
-0.00030744728
0.0026889272
-0.0011795661
-0.00010256615
-0.00059712018
0.0017923154
-0.0026922641
0.0019652415
-0.00068623514
-0.0019481381
-0.001305483
-0.00051297504
-0.002594825
0.0014496407
-0.00028348847
0.00076479469
-0.0022312877
-0.001169318
0.00056013617
-0.0013116558
-0.000189397
-0.00051772432
0.00076663896
0.0004312946
0.0019296129
-0.00028958149
-0.0012825515
-0.0010122248
0.00025463612
0.031322542
0.00022467544
0.029628901
0.029754561
0.029910427
0.039296008
0.03851292
0.049513619
0.048586671
0.049716316
0.051206285
0.049971189
0.052556107
0.048234404
0.049814065
0.056959086
0.055207019
0.044422746
0.045671413
0.051669139
0.051183198
0.053345833
0.051453777
0.054497339
0.054957282
0.054852236
0.056222491
0.059124777
0.057524527
0.059725311
0.058853416
0.042589854
0.041270103
0.042767782
0.040790598
0.039944084
0.041895253
0.042159557
0.040854884
0.042410516
0.041839417
0.063535372
0.062767792
0.061145522
0.062532859
0.040975976
0.04248993
0.049907778
0.046787127
0.046535712
0.04468031
0.045042215
0.046955276
0.046293969
0.04780147
0.052064473
0.056231969
0.047064245
0.053350019
0.048039304
0.044937372
0.049547542
0.046711618
0.050512979
0.046080703
0.046351353
0.042965991
0.04324612
0.045598096
0.04649512
0.043478235
0.043438869
0.043037886
0.041235756
0.041900734
0.043555887
0.040276577
0.04106859
0.041500627
0.042372511
0.040626205
0.037665495
0.041511495
0.038002335
0.040116417
0.040395197
0.039057981
0.033163618
0.040311419
0.031474886
0.038956588
0.03875261
0.038137447
0.034240039
0.032123337
0.038811784
0.037811536
0.03946696
0.038926322
0.037544991
0.043516568
0.042095848
0.03633068
0.035243314
0.034180989
0.036762474
0.037559307
0.037580593
0.058313167
0.057598216
0.058037278
0.056471572
0.032853238
0.035822713
0.028951982
0.035625656
0.032492978
0.028679154
0.037258924
0.041193559
0.017342105
0.02104987
0.021043828
0.0087326004
0.0215865
9.4523869e-05
0.016971961
0.026566403
0.022301193
0.017976199
0.013758099
0.02274058
0.018836575
0.082895431
0.08637042
0.087119448
0.089184389
0.089524174
0.089007122
0.084391655
0.086681319
0.088613155
0.089375093
0.08508716
0.088482991
0.085323415
0.084193438
0.087642518
0.086818211
0.089840889
0.087754785
0.068733049
0.071003351
0.069774221
0.06912007
0.076133744
0.07503215
0.070561362
0.07163062
0.079662682
0.081741587
0.083977392
0.084719402
0.073839728
0.075051683
0.070842408
0.072957282
0.075062213
0.074191617
0.071040961
0.072283599
0.066083778
0.065615304
0.064029054
0.065374605
0.061358703
0.067122133
0.064009266
0.065517101
0.061406571
0.063659825
0.06827337
0.067790153
0.068137676
0.06571387
0.066553781
0.065819201
0.074349388
0.076809027
0.072918326
0.074324803
0.064415809
0.066587872
0.063258669
0.063976861
0.073069133
0.074194052
0.082092907
0.082652167
0.083710125
0.081482476
0.080002342
0.081312021
0.08180917
0.080954495
0.083692558
0.082299149
0.082086231
0.080396417
0.084447114
0.086159285
0.083957429
0.081731516
0.084475032
0.082873466
0.086716616
0.088389438
0.086447743
0.085413859
0.085418059
0.089390738
0.085165139
0.084458677
0.085118568
0.089107712
0.086251459
0.083909033
0.083401066
0.084336986
0.083212043
0.082370555
0.086100957
0.086684321
0.08454863
0.091266566
0.087024975
0.086823108
0.089503228
0.089943122
0.088107779
0.087725379
0.085747722
0.082678845
0.081020129
0.08225988
0.084129972
0.08046486
0.082692237
0.083221161
0.089747414
0.092953548
0.08827925
0.086337115
0.086650118
0.085982654
0.08542279
0.083287366
0.081886845
0.0810807
0.087809295
0.090966222
0.087258644
0.088781201
0.091059904
0.091985453
0.09449451
0.091260238
0.09003477
0.091459415
0.087718804
0.090752551
0.087888314
0.089491944
0.091992894
0.091808752
0.092206576
0.092408286
0.091559762
0.089125979
0.090883084
0.091804927
0.093225288
0.09386028
0.093410416
0.092540773
0.087899941
0.089755828
0.089196171
0.09312405
0.092363459
0.094608229
0.091889266
0.091826966
0.09293739
0.090412667
0.086885125
0.08679776
0.089556593
0.088323214
0.084826387
0.08917431
0.097595969
0.10090629
0.093032739
0.094491756
0.096645591
0.087120539
0.098300966
0.093859343
0.089194162
0.090277801
0.086528676
0.085706825
0.084095586
0.084212366
0.086297658
0.088666106
0.090967168
0.087116931
0.088004624
0.089796177
0.089557597
0.090234365
0.088603391
0.085712147
0.092242226
0.091490581
0.093848023
0.090012234
0.092746168
0.090192006
0.094147992
0.095183288
0.094546087
0.093269649
0.091122729
0.082476073
0.08383233
0.087612865
0.087181273
0.088597199
0.086159684
0.092178916
0.096794973
0.095002163
0.090774174
0.090239421
0.09271961
0.088718606
0.088046666
0.087596216
0.088273462
0.088726742
0.088233816
0.089939237
0.093192059
0.094082382
0.085659068
0.087194052
0.093998877
0.095453631
0.090085184
0.087530554
0.086836972
0.085080363
0.086557968
0.0864305
0.085490662
0.086445296
0.08715245
0.083698329
0.085856252
0.087370905
0.085512416
0.095153379
0.096055257
0.10667956
0.10844365
0.096803609
0.095126598
0.095599801
0.091791972
0.085738968
0.085009633
0.085712525
0.086196039
0.084808816
0.084404164
0.085474834
0.085590298
0.08507231
0.085844782
0.083857383
0.083774046
0.097693497
0.098220667
0.092241246
0.088003428
0.086532581
0.087398808
0.094832854
0.097253099
0.09901525
0.1062403
0.056272079
0.056382026
0.081860199
0.082636803
0.087415034
0.084350305
0.084265511
0.084581773
0.083963527
0.08372136
0.08383171
0.084996239
0.084061885
0.083945944
0.075074647
0.083995189
0.073206119
0.074508851
0.067768962
0.069400713
0.061457595
0.065205268
0.059903713
0.058242244
0.063583093
0.067081886
0.065711781
0.083927926
0.082615812
0.081839377
0.08159679
0.080356807
0.08247751
0.086614606
0.088054495
0.086811913
0.087859456
0.080950056
0.077949194
0.082797016
0.09163999
0.079527119
0.076161688
0.080962274
0.098514094
0.098450716
0.083232417
0.084253134
0.093085967
0.099921857
0.096365002
0.096005459
0.085380808
0.13278722
0.087033164
0.085937323
0.086903455
0.088557867
0.089401866
0.088412502
0.087742559
0.087653342
0.085467665
0.093429984
0.092260151
0.089563793
0.086190741
0.082174491
0.081883352
0.086477946
0.03911507
0.039992524
0.029804346
0.029224701
0.027786434
0.031519286
0.032627171
0.033724412
0.033376518
0.036132458
0.030461269
0.030559183
0.034713231
0.034938349
0.03867076
0.034175787
0.034378112
0.035015906
-0.0055806541
-0.0013495845
0.0038290728
0.0065665032
-0.0077300847
0.0047588046
-0.0017091948
0.0019756155
-0.0013419466
-0.010217368
-0.0089131795
-0.0079790936
-0.005634328
-0.0050792144
-0.0064760819
-0.0057551351
-0.0076506513
-0.0085850925
-0.0079516097
-0.0094990218
-0.0088161737
-0.0079043131
-0.010989046
-0.0091497184
-0.012449264
-0.01071824
-0.0097959868
-0.011050161
-0.01249626
-0.014512871
-0.0055297201
-0.0063519706
-0.0061700795
-0.0041200088
-0.013210034
-0.019486526
-0.011448798
-0.022957064
-0.012493326
-0.014625141
-0.022183838
-0.001848921
-0.011064319
-0.012126541
-0.013382471
-0.0071544739
-0.0050294717
-0.0096639658
-0.0072372861
-0.011080027
-0.0092263595
-0.0073983009
-0.0056068819
-0.0070712823
0.0068514452
0.010576505
0.0063540862
0.009672058
0.010288939
0.011160524
0.0071712664
0.0086883725
0.0017881634
0.0035265473
0.0015975801
0.0016334042
0.00065069834
0.0010267719
0.0022178107
0.0020973776
0.00041837575
0.0024650073
0.0018700453
0.0001414915
0.0029700765
0.00084279937
0.0012740684
0.0012376398
0.0027448176
0.0023027619
0.0024121623
0.001635926
0.0012750535
0.0019351952
5.6993108e-05
0.0011510299
0.0027295399
0.0032254153
9.5027348e-05
0.0022659919
-0.00019714118
0.0023040821
-0.00085601916
-0.0013662171
-0.0013262245
-0.0009305267
0.00022353875
0.0018026272
2.7074421e-05
0.0025505507
0.0010351145
-0.00068786739
-0.00094462284
-0.001518514
0.00046171053
-0.00031857725
0.0016451651
0.0018032017
0.0026542012
0.053403024
0.051600127
0.054031776
0.054529937
0.054172336
0.056061799
0.047332148
0.044436694
0.044119938
0.047596744
0.043231863
0.044524999
0.0387464
0.041159552
0.044084954
0.040652349
0.044280364
0.043869083
0.038770328
0.037754792
0.037300682
0.034651092
0.036911406
0.037969782
0.03322025
0.03193723
0.031452139
0.036738564
0.041212049
0.04265542
0.025552514
0.032713916
0.025676709
0.029977283
0.033758464
0.036012316
0.035119354
0.031798418
0.025700844
0.029166842
0.029894034
0.033739399
0.025052491
0.026907973
0.042088121
0.040023446
0.041317869
0.039896526
0.037113449
0.038939464
0.038958864
0.038067716
0.040652501
0.040620788
0.033631737
0.031943477
0.032655663
0.037885122
0.038212225
0.035455411
0.018508144
0.015701218
0.01228186
0.016989805
0.089125659
0.087500614
0.08828731
0.079073708
0.086822195
0.089958058
0.084875408
0.085003204
0.0781317
0.077190774
0.079348101
0.079385892
0.080949413
0.077761412
0.080632894
0.077108388
0.079270925
0.081389892
0.081219565
0.072946333
0.071911389
0.061024937
0.062654758
0.069306465
0.068575299
0.068600252
0.066990369
0.069603909
0.068061493
0.065830392
0.064966636
0.063768026
0.065300359
0.073431309
0.075705979
0.079345264
0.077830465
0.079521085
0.076381755
0.080963509
0.0809664
0.078813508
0.077666803
0.079752048
0.081006613
0.065673935
0.063947809
0.062130034
0.06382884
0.06510691
0.065950347
0.081202018
0.081778554
0.084733977
0.085743497
0.084779796
0.084686895
0.08478149
0.08611253
0.091391967
0.09204207
0.091323568
0.089635273
0.09381388
0.10067854
0.10458592
0.09872561
0.092934884
0.093496201
0.094179629
0.08754461
0.086506653
0.086963881
0.087565989
0.086592736
0.087022753
0.085831376
0.085084819
0.085422031
0.085419429
0.084889597
0.085051903
0.084135513
0.0989697
0.10127824
0.092964169
0.096249142
0.087824503
0.089419299
0.089382942
0.095295453
0.090150483
0.092436499
0.091380859
0.090220748
0.060152761
0.058488671
0.057176429
0.083680306
0.083987361
0.083583721
0.084658632
0.083334244
0.083247441
0.084820669
0.084120307
0.085939685
0.084259154
0.085158389
0.084118274
0.084048735
0.075396066
0.075171555
0.083082465
0.081716168
0.082553395
0.078553741
0.094360947
0.10710943
0.10008717
0.097412926
0.11906943
0.11520118
0.12711845
0.10279361
0.10397853
0.08714559
0.087140263
0.087435425
0.08628191
0.090017212
0.090090782
0.030261526
0.033232973
0.032627899
0.035381762
0.034369708
0.03615818
0.035732641
0.033222203
0.035151788
0.036129145
0.035017981
0.035673293
0.031455345
0.035411075
0.03442313
0.03580406
0.035761635
0.034304337
0.036322857
0.034866607
0.03705082
0.036865076
0.002645252
0.0019830914
-0.0017124112
0.00073033384
-0.0071566824
-0.0030160713
-0.012036002
-0.011108313
-0.010764747
-0.010412222
-0.010026484
-0.012100299
-0.0099983362
-0.0085588759
-0.010363905
-0.0071217898
-0.012361257
-0.010624616
-0.0050302346
-0.004608041
-0.0052706511
-0.0041611174
-0.0025222754
-0.0040883665
-0.0051816578
-0.0022074448
-0.0063175578
-0.0054500566
-0.0081887352
-0.0074287691
-0.006393641
-0.0049859664
-0.0046206473
-0.0036961272
-0.0016888589
-0.0030387672
-0.0039305188
-0.0034457638
-0.0030798723
-0.003694913
-0.0045756835
-0.0041033774
-0.0027470606
-0.0017294415
-0.0031360635
-0.0024706632
-0.018168576
-0.020105044
-0.018455005
-0.018494682
-0.017353604
-0.017858903
-0.011790925
-0.02618548
-0.022821242
-0.011209237
-0.014548187
-0.012636248
-0.00095832728
-0.003449999
-0.013007507
-0.013937009
-0.010968156
-0.013134306
-0.010338492
-0.010100833
-0.0023033922
-0.0082419504
-0.012172348
-0.0099623356
-0.01178523
-0.012797851
-0.0099976127
-0.010825896
-0.011108011
-0.0071622533
0.0066255191
0.0071589892
0.0071036456
0.0013219605
0.0093926597
0.010540791
0.0081050272
0.0071969864
0.0091430961
0.000714195
7.5480243e-05
0.00078555215
0.0011360463
0.0002686635
0.0012402956
-0.00075622328
0.0015478454
0.00022064392
0.0011632317
0.0019717493
0.0033188097
0.002101958
0.0021326915
-0.00071050477
-0.00086832328
-0.00038055122
-0.00096050655
-0.00073299718
-0.0023334187
-8.1963914e-05
-0.0034514759
-0.00091341396
-0.0019983762
-0.00048432853
-0.0035211852
-0.0010482625
-0.0010976453
-0.001418293
-0.0027228166
-0.0025277418
-0.0025962807
-0.0026848038
-0.0010086548
-0.00065537822
-0.0016717499
-0.0010662736
-0.0024413508
-0.0015983719
-0.0016009237
-0.0027095658
-0.0011944011
-0.0011547041
-0.00074237647
-0.00089958359
-0.0020947795
-0.00087283088
-0.00013766372
-0.0010711508
-0.00087411953
0.00012283719
-0.00061112633
-0.00187634
-0.0021286457
-0.002820362
0.0004816432
3.9438743e-05
-0.0015720151
-0.0024030746
-0.0017611936
0.00019049127
-0.0017117436
-0.0021536081
-0.00027110671
-0.00044287722
-0.0015857994
-0.0009365018
-0.00040367312
-0.00058607765
-0.0009253987
-0.0011060287
-0.0013832776
-0.0006072949
-0.0019234569
-0.0015062183
-0.0010401285
-0.0028922547
-0.0016161699
-0.0011598908
-0.001714446
-0.0022907282
-0.00032323154
-0.0020455134
-0.001230294
-0.0018847195
-0.00022459952
0.00010483135
-0.0017397393
-0.002071532
-0.0020142021
-0.0013616023
-0.0021561563
-0.0018137536
-0.0016969721
-0.0023150928
-0.0024972108
-0.0017254249
-0.001879301
-0.0020449664
-0.0013496845
-0.0017875145
-0.0038225478
-0.0025205882
-0.0035441175
-0.00066579885
-0.0014037234
-0.0019144828
-0.0027111798
-0.0035537232
-0.0042293509
-0.00012324383
-0.00012503671
-0.0020007897
-0.0012093482
-0.001562522
-0.0013977877
-0.0019314623
-0.0025816576
-0.0015299072
0.00030299546
-0.004476137
-0.0028388847
-0.0024404113
-0.00022582035
-0.0013831555
-0.0011836358
-0.0016515458
-0.0013988695
-0.0019428597
-0.0020459503
-0.0022349385
-0.0022456326
-0.0014502006
-0.0018031329
-0.0005891136
-0.0040825252
-0.0017037646
-0.0031125138
-0.0022118837
-0.0021680558
-0.0023227372
-0.0047953368
-0.002837557
-0.0036615979
-0.0044755962
-0.0057854793
-0.002181874
-0.0030922765
-0.0028896033
-0.0027345359
-0.0036589996
-0.0037505603
-0.0019007754
-0.0010459961
-0.0027106738
-0.0034825296
-0.0030509995
-0.0031701882
-0.0015065063
-0.0019170832
-0.0015342348
-0.0018229193
0.00085586027
-0.0021730535
-0.0031515368
-0.0051785032
-0.0032929797
-0.0029253363
-0.0034592947
-0.0043735389
-0.004282536
-0.0043970432
-0.0036469656
-0.0021508369
-0.0045507265
-0.0047994157
-0.0030364857
-0.0016333201
-0.0041917212
-0.00385695
-0.007621434
-0.0079478391
-0.0041124727
-0.0047013176
-0.0039546293
-0.0040265026
-0.0054658711
-0.0066445002
-0.0054855251
-0.0043500845
-0.0045376183
-0.005350066
-0.0057395012
-0.0068720587
0.00050655783
-0.0015588707
0.00021237364
7.7743493e-05
0.00086152227
0.00085939978
-0.0014584648
-0.0018502429
-0.001108841
0.00066085804
-0.00098516546
0.00092236428
-0.00023335267
-0.00013124132
0.0010375029
0.045446137
0.047102496
0.036947866
0.038081374
0.03638692
0.034957779
0.032100642
0.032369272
0.032961011
0.031912738
0.032237662
0.033252008
0.030449579
0.028953382
0.031941283
0.026937787
0.027455614
0.027229231
0.030101147
0.031497649
0.035293073
0.018124858
0.020758999
0.016360345
0.010342345
0.01459808
0.011728219
0.090005643
0.091707534
0.089576337
0.086775113
0.083642724
0.085622613
0.083708956
0.089533547
0.086886482
0.085920177
0.089180702
0.085513623
0.085651009
0.084833474
0.0868171
0.089191243
0.088592378
0.087027125
0.08675501
0.066264314
0.065641451
0.082878154
0.08311565
0.085598165
0.086447485
0.10051787
0.10307552
0.096283266
0.096251362
0.095331984
0.097455103
0.099552936
0.10258447
0.098585118
0.099262149
0.096269115
0.10111199
0.096258321
0.085318028
0.086460194
0.092636777
0.08695912
0.034692266
0.089457793
0.037289422
0.033960067
0.036893976
0.032670257
0.036305945
0.039451147
0.033993572
0.035736088
0.033794859
0.03599915
0.03742456
0.03810038
0.033445056
0.034808657
0.035020802
0.035337555
0.03516788
0.036852661
0.035499849
0.036954105
0.036679556
0.035458227
0.036653988
0.0044993337
0.0045792263
0.0055903442
0.0029895665
0.0011299408
0.0029429272
0.0010842675
0.0025121555
-0.0010729906
0.0025474904
0.00055821883
-0.0013279606
-0.00031743795
-0.014423565
-0.00053928294
-0.01369917
-0.014411324
-0.011067962
-0.012181015
-0.010406096
-0.0073164805
-0.0078831086
-0.0070454324
-0.0060805381
-0.0075861586
-0.0072137433
-0.0070688049
-0.0055125525
-0.0074507182
-0.0060710095
-0.0065195206
-0.0036224796
-0.0081710671
-0.0058302775
-0.0049092299
-0.0016791098
-0.0089415918
-0.0074218435
-0.0054725554
-0.0047787469
-0.0049839547
-0.0039145846
-0.0065319428
-0.0050428612
-0.0063737656
-0.0058970822
-0.0035564557
-0.0016383614
-0.0048813361
-0.0042955678
-0.006151099
-0.0059810781
-0.0039598694
-0.0039011146
-0.0051557785
-0.0046612455
-0.0060219704
-0.0057742683
-0.0052043266
-0.0038526457
-0.0064462425
-0.0059429087
-0.0076322653
-0.0061751555
-0.011256939
-0.0099813256
-0.0071904967
-0.0066530728
-0.0073140507
-0.0085283263
-0.0079195971
-0.0080568533
-0.0087678238
-0.0059133537
-0.0083532872
-0.010289787
-0.0076203153
-0.0073724301
-0.0029111221
-0.001678887
-0.0024148165
-0.0019475838
-0.0028837136
-0.0029861398
-0.019955478
-0.012826707
-0.0095717315
-0.009998223
-0.017997949
-0.017516343
-0.011321821
-0.010890837
-0.0089252552
-0.0076077194
-0.0077532225
-0.0090692572
-0.011608285
-0.01108669
0.010119445
0.0085837589
0.0077115615
0.0071297453
0.0017344677
0.0020763429
0.0028178944
0.0018235191
0.00060176102
0.00061344388
0.0016414714
0.0021536587
-0.00011610201
-0.0014350896
0.00032123335
-0.0025472564
-0.00086050934
-0.0020615065
-0.0020045738
-0.0026706027
-0.0018595471
-0.0016082578
-0.0032050051
-0.002432121
-0.00053350555
-0.0026544336
-0.0037694708
-0.0034827843
-0.0035156792
-0.0033408254
-0.0015173615
-0.0080621123
-0.0057255537
-0.0058507627
-0.00016369478
-0.0051934709
-0.0051005501
-0.001596372
-0.0010508648
-0.0016501229
0.0010088423
-0.00159246
-0.0020674161
0.00081541044
-0.0017848256
-0.0013605309
-0.0019194252
-0.00085875658
0.0005513193
0.00070311491
0.00065167868
0.00013301471
0.098250934
0.098681902
0.10200661
0.10088808
0.098373014
0.097508068
0.096248779
0.098739441
0.096213771
0.10231722
0.10128444
0.10597843
-0.00091958359
-0.001384166
-0.0080347071
-0.0094167079
-0.0077644339
-0.0087869667
-0.0041113872
-0.0011057777
-0.0052348677
-0.0054733713
-0.0049863692
-0.0044924447
-0.0046754416
-0.0042343139
-0.010392522
-0.0098454844
-0.005428295
-0.0055377377
-0.0089421306
-0.0075873135
-0.0027097222
-0.0022412589
-0.0033649248
-0.0015815007
-0.0017308431
-0.0021291386
-0.00091113265
-0.00058772686
-0.003424619
-0.0035162686
-0.0028726556
-0.00077917641
-0.002649138
-0.0027744454
-0.0022788158
-0.001948657
-0.0022623375
-0.0018947096
-0.0021611764
-0.001292717
-0.0025888228
-0.0020766559
-0.0010482562
-0.00064771692
-0.0033150517
-0.0020379533
-0.0020749975
-0.0018739301
-0.001088101
-0.00072276967
-0.00066793215
-0.00067613405
-0.00095548911
-0.00082679797
-0.0016943942
-0.0020685737
-0.0015110386
-0.0018251576
-0.0025088732
-0.0023437145
-0.0015259808
-0.00088946155
-0.00098849651
-0.0011307972
-0.018897649
-0.017460453
-0.020315247
-0.018290617
-0.01334077
-0.015312755
-0.012718162
-0.013188218
-0.015689787
-0.014770627
-0.010617394
-0.010966415
-0.012173528
-0.010257729
-0.01159672
-0.009284582
-0.0095256312
-0.013332197
-0.011631645
-0.0086188832
-0.0066731167
-0.010752646
-0.0077526849
-0.010970905
-0.012232183
-0.0076576152
-0.013618658
-0.012342294
-0.010713025
-0.0062466555
-0.0094219881
-0.0066793258
-0.0085444051
-0.0069778178
-0.017037892
-0.016844196
-0.0033673976
-0.004991009
-0.0085548526
-0.0059801077
-0.0057692983
-0.0057212089
-0.0069236474
-0.00048260091
-0.0062307027
-0.0019023358
-0.0047056128
-0.0077302075
-0.0062557967
-0.0046363696
-0.0073031188
-0.0074193353
-0.0037156901
-0.0031605378
-0.0055751934
-0.0050694938
-0.0071192113
-0.0059863437
-0.0062882531
-0.0045975842
-0.0066943726
-0.0085116322
-0.005232146
-0.0072826049
-0.0049392897
-0.0043110473
-0.00047261984
-0.0021252192
-0.0075402491
-0.0073323361
-0.00013355279
-0.0055963418
-0.0047489017
-0.0051161084
-0.0059219025
-0.004809786
-0.00026705254
-0.0017344934
-0.0050359384
-0.0045431858
-0.0031968186
-0.0028403549
-0.0050922247
-0.0015460719
-0.0047783752
-0.0045967842
-0.0020630126
-0.0032622193
-0.0023766733
-0.00012553805
-0.0049971566
-0.0018914906
-0.0026481959
0.00026917775
-0.0050229152
-0.0022286182
-0.001680581
-0.0039044068
-0.0020741097
-0.0034601763
-0.0037868012
-0.0048014528
-0.0050264361
-0.0035183422
-0.0035545314
-0.0029157679
-0.0023302173
-0.0027001167
-0.0016423626
3.2372453e-06
-0.0029432483
-0.0011153086
-0.0015138977
1.0401404e-05
-0.00018545115
8.6983631e-05
-0.0011311631
-0.0007293926
-0.0010070585
-0.00097570023
-0.00062878935
-0.0037245695
-0.0021792018
-0.0027200918
-0.0019186505
-0.00200265
-0.0029290621
-0.0041049313
-0.0040025426
-0.004113449
0.00025283644
-0.0026834114
-0.004523886
8.2611516e-05
-0.0009404477
-0.001334503
-0.0043598303
-0.0016683245
-0.004751141
-0.002062634
-0.0029399132
-0.0024157434
-0.003313133
-0.0024768612
-0.0023540922
-0.0016491379
-0.0031500854
-0.0028225257
-0.0031641848
-0.0018577955
-0.003200044
-0.0026444512
0.0010125693
-0.0036526348
-0.00089087011
-0.0028605105
-0.0034471797
-0.00078589257
-0.0033748368
-0.0022491108
0.0023777513
-0.0026137434
-0.0051465853
-0.0011184436
-0.0012514243
-0.0045770525
-0.0043202227
-0.0023833473
-0.0023430512
-0.0045527934
-0.001552118
-0.0019046045
-0.0047463169
-0.0056386919
-0.0012690364
0.0011604749
-0.0068773666
-0.0052044736
-0.002059412
7.4458591e-05
-0.0075640922
-0.0045539105
-0.0017883639
-0.0028545548
-0.019243616
-0.018561929
-0.019255902
-0.0199859
-0.017797553
-0.016601164
-0.013211963
-0.012866354
-0.01440358
-0.0077479756
-0.011198698
-0.007663685
-0.0052103007
0.0090984127
0.0086185778
0.010899357
0.0084893099
0.010186944
0.0069892809
0.0086613434
0.010849755
0.0093239646
-0.0022202156
-0.0019926627
-0.0032684
-0.0020789302
-2.3198695e-05
-0.0018163688
0.10226296
0.10418995
0.095137552
0.095236874
0.098656381
0.096056261
0.10020502
0.11017488
0.097205747
0.095833731
-0.0035884508
-0.002726679
-0.0032079179
-0.0029457416
-0.0046427251
-0.0037491682
-0.0037698171
-0.0030715332
-0.0088203006
-0.0094671785
-0.01110987
-0.01013072
-0.011318506
-0.0097527947
-0.0086574123
-0.0097357167
-0.0069793243
-0.0071876173
-0.007381026
-0.0082117789
-0.0080794767
-0.0081497205
-0.0092635731
-0.0074959655
-0.0073155407
-0.0070288668
-0.0049208443
-0.0065788927
-0.0076703089
-0.0066293089
-0.0060331814
-0.0058982407
-0.0069527681
-0.006929439
-0.005680539
-0.0054700598
-0.0056838178
-0.0065261595
-0.0084282296
-0.008186602
-0.0073897612
-0.0085525327
-0.00806738
-0.0066668735
-0.0071837658
-0.0064500436
-0.0019271068
-0.0010684539
-0.00090825034
-0.00049783153
-0.00019249998
-0.00032804631
-0.00060875511
-0.0010254677
-0.00037845508
-0.00083317964
-0.00019617407
0.00011383515
-0.00075082643
-0.00024543764
-0.0013678697
-0.0012496065
-0.0025803465
-0.0019573626
-0.0028006138
-0.0015001121
-0.0025936032
-0.0014717914
-0.0009113151
-0.0019220053
-0.0022739904
-0.0017856058
-0.0033815537
-0.0027842928
-0.0021933281
-0.0015801931
-0.0025665919
-0.0028468729
-0.0028438299
-0.0022692113
-0.0030904726
-0.0041023577
-0.0031127674
-0.0018805888
-0.0016456135
-0.0020735526
-0.0015699338
-0.0018479115
-0.0020995975
-0.0023411752
-0.0015385773
-0.0010188711
-0.012786148
-0.011858746
-0.010306192
-0.0078012669
-0.012609015
-0.010965075
-0.017596536
-0.017389885
-0.017476648
-0.006071208
-0.0074996914
-0.0068350605
-0.0074442347
-0.0086723278
-0.0028966515
-0.0047355584
-0.0035220768
-0.0030448675
-0.004000027
-0.0037470652
-0.0047859674
-0.0045142344
-0.00058806234
-0.0016645853
-0.0024327183
-0.0020316939
0.00085326426
-0.0045826685
-0.0045633882
-0.0078045938
-0.0051110306
-0.0053487093
-0.0052552262
-0.0069754906
-0.0051409596
-0.0069551793
-0.0049100554
-0.0041175462
-0.0048440026
-0.0044784935
-0.0042996171
-0.0038767816
-0.0043597762
-0.0037504072
-0.017682588
-0.017862071
-0.019174072
-0.014172895
-0.015724667
-0.016758871
-0.015835254
-0.014831583
-0.014717454
-0.011332568
-0.00024570955
-0.012445414
-0.014212091
-0.011779853
-0.0036559641
-0.0061384739
-0.0066500054
-0.00093227933
-0.0054326241
-0.0057957477
-0.011724079
-0.0032936476
-0.0046566269
-0.0045673655
-0.0097080352
0.00030123588
-0.0024479248
-0.0011967735
-0.003456136
-0.0082878083
-0.011360339
-0.0026007225
-0.0045736444
-0.010572978
-0.010639347
-0.0069404436
-0.0075420626
-0.008838598
-0.009971658
-0.0053962752
-0.0052323214
-0.0052916939
-0.0066146232
-0.0094619341
-0.0071989954
-0.01079518
-0.011283261
-0.0010469973
0.00067798495
-0.0012431627
-0.0049180436
-0.0017092471
-0.0008187461
-0.0024241668
-0.0017650555
-0.0024292163
-0.0011726345
-0.0030912481
-0.0024664898
-0.0019725763
-0.0047919654
-0.002865376
-0.0029599161
-0.0018370556
-0.0024698439
-0.0019968433
-0.00036300974
-0.00090318269
-0.0016215167
-0.0015381185
-0.0026957888
-0.00011474062
-0.0027131769
-0.0030995434
1.0637554e-05
-0.0026596585
-0.0022318084
-0.0010056478
-0.0016016912
-0.0014700775
-0.0037273271
-0.0037122688
3.7318417e-05
-0.0019803316
-0.0017681648
-0.0030837583
-0.0021510365
-0.0014793601
-0.0011835534
-0.001408099
-0.0020980628
-0.0029942357
-0.0016856384
-0.0007671589
-0.0013478104
-0.0015893871
-0.0017728742
-0.0027563963
-0.0038561158
0.00030205703
-0.0034560964
8.1098589e-05
-0.00057512072
-0.0016637058
-0.0023496125
-0.0034739871
-0.0022636975
-0.0024505852
-0.0025306786
-0.003778317
-0.0058002608
-0.0018273165
-0.0018712184
-0.0023024233
-0.0024909911
-0.0028077189
-0.002398126
-0.0024553924
-0.0012827185
-0.0039931378
-0.004350923
-0.00023479395
0.0001351601
-0.0038113194
-0.0039258994
-0.0027834208
0.0004311409
-0.0032858073
-0.0039069782
-0.0044691594
-0.0035660136
7.3548131e-06
-0.002172301
-0.0032621944
-0.0029900297
-0.0031940845
-0.0051631725
-0.0041264689
-5.5437133e-05
-0.00060963306
-0.0027521306
-0.0032778914
-0.00034778764
0.0019264042
0.0012277592
0.00038165781
-0.0010258384
0.003309862
-0.0034043541
-0.001553418
-0.0010874982
-0.0019174361
-0.00069980854
-0.0038500096
-0.0026614836
-0.0006943087
-0.00054742563
-0.0043792859
0.00087104283
-0.0037077681
-0.0010763168
-0.0028391032
-0.0010429099
-1.3381041e-05
-0.0028355697
-0.0034388172
-0.0033500668
-0.0037158391
-0.002874953
-0.0028597155
-0.0023108595
-0.0032369666
-0.0039640166
-0.00085647445
-0.00098675819
0.0010400457
-0.0028943296
-0.0011826084
-0.004314561
-0.0045247077
-0.00015346596
-0.00065397903
-0.0022391943
-0.00072047273
-0.0004660584
-0.00076109308
-0.0014748636
-0.0026391659
-0.0037471082
-0.0007992109
0.00069252679
-0.00033278841
-0.00031189619
-0.0017671037
-0.002853523
-0.0013733454
-0.00060228367
-0.00024370873
-0.0017765421
-0.0013168708
-0.0012306751
-0.0032151757
-0.005020067
-0.003970152
-0.0036518302
-0.0044645862
-0.0028345648
-0.00061481968
-0.00098014295
-0.00098221467
-0.0025702693
-0.0026399791
-0.003602379
-0.004344357
-0.0026757796
-0.003432556
-0.0017393075
-0.0019746266
-0.0012654183
0.0012633447
-0.00026839153
-0.00027541604
-0.003532375
-0.0026701582
-0.0025099459
-0.0019771508
-0.0027971277
-0.0029156642
-0.0025514039
-0.0022818644
-0.00074836831
-0.001386612
-0.0026397185
-0.0017512588
-0.0034517083
-0.0030863452
-0.0018725545
-0.0013224033
-0.0025367075
-0.00067875468
-0.0010000717
0.00083132278
-0.00060274478
-0.00046044608
-0.0017976366
-0.0017277547
-0.00098214519
-0.00097497053
-0.0036190773
-0.0028322175
-0.0013068572
-0.00053287764
-0.0024233663
-0.0015410772
9.9929642e-06
-0.00067121397
-0.0014613992
-0.0011673492
-0.00056357593
0.0010024048
0.00013308864
0.00029737566
0.00016473697
-7.7708816e-05
-0.0013845207
-0.0012789227
0.00087251951
-0.00092260468
-0.0011312709
-0.00013444279
-0.0016773478
-0.0010034214
-0.0007174981
-0.00046736796
-0.0013050727
-0.0011055823
-0.00061317662
0.00034752147
-0.00068527028
-0.00084322652
-0.0010018854
-0.00017121871
-0.00040624066
-0.00028002025
-0.0013212318
-0.00037667542
-0.0018928843
-0.0010797959
-0.00090548269
-0.0010257605
-0.00087782075
-0.00069358591
-0.00085758251
0.00039700289
-0.0012126772
-0.00058014129
-0.0011443075
-0.0010763411
-0.00039727163
-0.00065456672
0.00049904928
-0.00018859131
0.0014453871
-0.0012905304
-0.00014312483
0.0017901822
0.00011531861
-2.9792419e-05
-0.00030811748
-0.0011807765
-0.0020937809
-0.0014114723
-0.00060446094
-0.00088063159
0.00069526438
-0.00011601097
0.00080206643
0.00065867306
-0.00035966273
0.00019690743
-0.00085203346
-0.00051062
-7.5511244e-05
-0.001393589
0.00056518337
0.00053651999
-0.00028076565
-0.0006323693
0.00092506021
-0.0013937978
0.00048414216
0.00060281405
-0.00039661766
-0.0012421127
-0.0008025228
-0.00013654663
0.00044199091
0.00016443951
-0.0012797616
-0.0001754695
-0.0012084126
1.2826163e-05
-0.00057768637
0.0012484638
-0.0011982237
-0.0015066722
-0.0011440132
-0.0016910454
-0.0013783271
-0.001580781
-0.0016947383
-0.0017419789
-0.0015819457
-0.0021198843
-0.0016468362
-0.0011047237
-0.0018409609
-0.0011329974
-0.0010581025
-0.0010478383
-0.00044511345
-0.00011923681
-0.00026617678
-0.00049674233
0.0003584895
0.00015984108
0.00055386969
0.00033164859
0.0021855073
-0.0014312273
-0.0020594983
-0.0021814327
-0.0016847671
-0.0010726956
-0.0008642382
-0.00053325016
0.00046740547
-0.00099074819
-0.00032257571
0.0006899509
0.0012616519
0.0017708008
9.9757712e-05
0.0012168314
0.00017585448
0.0010873662
-0.00051736582
-0.0013193573
-0.00035799209
-0.00033320034
0.00015420278
0.00011663005
0.00014169945
-0.0017704006
-0.0017999182
-0.00075340782
-0.0013794017
-0.00074808594
0.00086659786
0.00010123402
0.00034801132
-0.0012431438
-0.0011167673
-0.00078903199
-0.0012260308
0.00035184443
-0.00014410809
-0.0019571741
-0.0012810842
-0.0012584003
-0.00062102921
0.00073576592
-0.00016627817
-0.0013480104
-0.0002866012
-0.00082427908
2.7217657e-05
-0.00069598221
-0.0010874632
-0.0024922143
-0.0022734021
-0.0018237109
-0.00061645118
-0.00068912419
-0.00099030459
-0.00112469
-0.0013062946
-0.0012147953
-0.0016643852
-0.0020117735
-0.0021922982
-0.0020841125
-0.0018098714
-0.0018919641
-0.0022134966
-0.0021332492
-0.001704537
-0.0021656103
-0.0012288251
-0.0020916934
-0.0019192487
-0.0022522604
-0.0024586353
-0.0020732535
-0.00083877891
-0.0021735966
-0.002366888
-0.00096266259
-4.6402077e-05
-0.0008321105
-0.00085624943
0.00068232658
-0.00029688778
-0.00093759745
-0.00049132498
-0.00098551591
-0.00085957071
-0.00022398525
-0.00071641799
-0.00073662541
-0.00052356892
-0.0013976316
-0.0010916683
-0.00056940467
-0.00030719141
-0.00071136632
-0.00053704719
-0.0006310778
-0.0012602721
-0.00049240094
-0.00055540453
-0.00056041148
-0.0010180362
-0.00056400151
-0.00051006722
-0.00032597844
-0.0008997989
2.7305299e-05
-0.00065040149
-0.00033786744
-6.3453309e-05
-9.9967741e-05
-0.001016816
-0.0010798267
-7.6458594e-05
-0.00061232348
-0.00064322437
-0.00060470021
-0.00043924004
-0.00048037123
-0.00038656002
-0.00092805655
-0.0010624206
-0.00026437573
-0.00072689269
-0.0012357359
-0.0013057432
-0.0014439045
-0.0002895029
-0.00058384774
-0.0010928786
-0.0016686448
-0.0014867959
-0.0019201111
-0.0020390946
-0.00090693464
-0.00082776636
-0.0012444931
-0.00085768343
-0.00054085591
-0.0013663804
-0.0005418688
-0.00064499618
-0.0016347881
-0.00045327893
-0.00069245716
-0.00025250118
-0.00080553648
-0.0017049673
-7.9494728e-05
-0.00024691906
-0.00058390779
-0.0011869177
-0.0016276148
-0.0012543777
-0.00015998432
-0.00039884875
-0.00034434038
-0.00025835973
-0.00053135462
-0.00060334855
-0.00023784199
-0.00034533785
-0.00046635336
-0.00054988362
-0.0029367017
-0.004474978
-0.0030018136
-0.0038447765
-0.0014115227
-0.00065103955
6.0151627e-05
-0.0010820157
-0.0045496838
-0.00090465928
-0.0018715704
-0.0033468759
0.10302756
0.11644841
0.10494465
0.11917151
0.11173648
0.10804664
0.11537358
0.12046114
0.10759642
0.13225192
0.11341734
0.10923128
0.10736026
0.11206918
0.12141488
0.15683215
0.10660383
0.11967922
0.14032404
0.11105946
0.1279728
0.1211881
0.10138023
0.098591009
0.096435999
0.097446278
0.10176744
-0.0040291412
-0.0036525463
-0.0091668145
-0.0078798519
-0.0079072925
-0.0071711541
-0.0076997405
-0.0061754639
-0.0057406807
-0.0055838063
-0.0063116317
-0.005565318
-0.0057617367
-0.0060141158
-0.0053882042
-0.0050812704
-0.00016830395
-0.00051442744
-0.00018621951
-2.7606752e-05
-0.0006059254
-0.0016457332
-0.0036274443
-0.0029367022
-0.0014207038
-0.0021247495
-0.0042518752
-0.0035013061
-0.0019356374
-0.0023583643
-0.0016571376
-0.001982571
-0.0022239743
-0.0018624158
-0.00080388871
-0.0024469467
-0.0088643894
-0.0087027274
-0.0072238296
-0.0068793752
0.00066665738
-0.0020247908
-0.003163872
-0.002603192
-0.002374508
-0.0001557054
-7.5812934e-05
-0.00054382312
-0.0023768409
-0.0025484782
-0.0015922353
-0.0016776807
-0.0046655849
-0.0023372663
-0.003427644
-0.0013655018
-0.00072680296
-0.0019028228
-0.0053241961
-0.004880761
-0.0024454897
-0.0023446128
-0.0025823801
-0.0027512288
-0.0020958053
-0.0019150512
-0.002011119
-0.0019405923
-0.0023475569
-0.0025230747
-0.0037821025
-0.0040035477
-0.0035539943
-0.0042712959
-0.0043060941
-0.0040473591
-0.0033976888
-0.0031357458
-0.0029002263
-0.0036908427
-0.00013464238
0.00081975705
0.0015232788
-0.0010739961
-0.0027416478
-0.0019721364
-0.0023963614
-0.0021986398
-0.0024316807
-0.0025217717
-0.00025350688
-0.0021918418
0.0014753053
0.00025348382
0.00087714066
-0.0020364864
0.0012841843
0.00063229476
0.002860541
0.0030615795
-0.0015790344
-0.00067341357
-0.00067942954
-0.00095095869
-0.00043117818
-0.00078218687
-0.00092582319
-0.0013426908
3.9967774e-05
-0.00034587033
0.0010108458
-0.0022517105
0.00077027652
0.0018761256
0.0012806282
0.00063798073
0.0010590669
-2.7566808e-05
0.0011952297
0.0012271859
0.00094370012
0.001454652
-0.00070597227
0.0013767704
0.0017667688
-0.0017774724
-0.00143851
-0.00090631132
-0.0010916641
-0.0021378905
-0.0022003052
-0.0020387731
-0.0016877214
-0.0010897086
-0.0010274199
-7.1180034e-05
-0.00054773148
-0.00041752336
-0.00033007328
-0.00022962906
-0.00087450563
-0.00011181909
6.8938507e-05
3.1879485e-05
-0.0001711733
-0.00036180998
-4.6503364e-05
-0.00034074195
-0.00026960712
-0.00033181273
-0.0015239707
-0.0015181491
-0.001569424
-0.0012952619
-0.00047875747
-0.00020253252
-0.00044063253
-0.00025588823
-0.00010723263
-0.0004340206
-0.00042904558
-0.00038731264
-0.00020544556
-0.0029524857
-0.0027644352
-0.0031131236
-0.0035877814
-0.0031911064
-0.0034730622
-0.0020641272
-0.00054530766
-0.0010874698
-0.002656406
-0.0019601247
-0.0021013587
0.00020583239
-0.0012329564
-0.002903346
-0.00188803
-0.0011711867
-0.0012937443
-0.0034730965
5.6051392e-05
-0.0027854115
0.1028984
0.099955571
-0.0062417196
-0.0072404887
-0.003644738
-0.0040107946
-0.00086758341
-0.001327475
-0.00076283846
0.00019734788
-0.0014174827
0.0023694994
-0.00051839344
0.0003622187
-0.0017410154
-0.001530075
-0.0011507296
-0.0012936258
-0.0020860989
-0.0016200208
4.9522077e-05
-0.00060918447
0.00019359002
8.8398866e-05
-0.0011472807
-0.00038302745
-0.00024181465
-0.00040908638
-0.0002554891
-0.00062564873
-0.00015460152
-0.00056575672
-0.00043163496
-0.001397091
-0.0013500031
-2.625718e-05
-0.00026581848
-8.0435033e-05
-0.00016543469
-0.00015223027
-0.00048113732
-0.00010430617
-0.00029361349
-0.0031697239
-0.00037976539
-0.00018278562
-0.001963337
-0.0026401237
-0.0011696885
-0.00016443199
-0.00021947065
-0.00053000881
0.00026498277
-0.00012614324
-0.00067961261
-0.00020211302
-0.00039865356
-0.00096735434
-0.00072697628
-0.00048399363
6.3689969e-05
-0.00083512458
-0.0014229417
-0.0014704242
-0.0014039273
0.000120947
-0.0010285393
0.00019750678
7.0047193e-05
-0.00091911522
-0.0010654374
-0.001005195
-0.0013051645
-0.0017903937
-0.0017847631
-0.0012112528
-0.0013048765
-0.00084893415
-0.0012143872
-0.0005770942
-0.0004832427
8.7078346e-05
-0.00064020795
-0.00095535612
-0.00025517717
-0.00082839579
-0.00036664952
7.8437339e-05
5.5914099e-05
0.00035897494
2.1510282e-05
-0.00015799952
-0.00024963998
-0.00071187167
0.00016336912
-0.00050682437
-0.0004962385
-7.5132491e-05
-0.00038726249
-0.00020673141
8.3968608e-05
-0.001430412
-0.0019395753
-0.00055850918
-0.0015058896
-0.0021103388
-0.0010417253
-0.00046422715
-0.0012015135
-0.00074649172
-0.00075940681
-0.0015544313
-0.00027767496
-0.0015609713
-0.0014288576
0.0005215414
0.0002632146
-0.00047398931
0.00034794409
-0.0011173431
-0.0013357847
-0.0015349269
-0.0011877947
-0.00014943304
-0.00076359015
-0.00075834857
-0.0015324687
-0.00041305312
0.00040514106
0.00029059497
-1.4407195e-05
-0.00076061438
-0.00058812793
-0.0001210795
0.00012947295
-6.7576584e-05
0.00039909335
0.00045404482
-0.0003516926
0.00025834406
0.00071248281
0.00053819711
0.00078085303
-4.3766059e-05
0.00025333874
-0.00045519868
0.00076132854
-6.2604523e-05
-0.0011984193
0.00075239836
0.0012243516
0.00098044708
0.00037922661
-2.6600722e-05
0.00029583167
-0.00041526265
0.00025973471
-0.00051872703
0.00035675121
0.00097667619
-0.00066817943
0.00035860979
-0.00089438074
-0.00058213587
0.00039921595
0.00094881976
-0.00028207787
0.00038159357
8.1242665e-05
-0.0016232257
0.00066702663
-0.00047805765
-0.00054021046
-0.0021153774
6.4924216e-05
0.0017537685
0.00031247839
0.00053304077
-3.7707433e-07
4.2062781e-06
0.00033557758
-0.00076531009
-0.00034617353
8.6441824e-05
-9.5645121e-05
-0.00079934745
0.0014962097
-0.0013904368
0.00028272094
0.00082750084
0.00081188242
0.00029216395
0.0011350059
0.00042096904
0.00046407542
0.00099189272
0.0008238411
0.0013676515
0.0013488933
-0.0016140525
1.461049e-05
-9.5561144e-06
0.00036602675
0.00027051629
-0.00018822941
-0.00036758279
-0.0003663187
-0.0003153488
-0.00037159921
0.00027930681
-8.5627774e-07
0.00027633227
-5.7448023e-05
0.00029137411
0.00093590905
8.3585442e-06
0.00039138842
-0.0015492564
0.00016360586
-0.0021033965
-0.0017255707
-0.0013207595
-0.0018168272
0.0005422776
0.00032123248
0.00034588968
0.00051310664
0.00021117701
0.00047021155
0.00037781886
0.00045165806
-0.00018628356
-0.00063762858
-5.0571216e-05
0.00095612527
0.00066624025
-0.0009812126
-0.0002136636
0.0016557631
-0.00060136655
-0.00089936515
0.00065246376
-0.00038361116
-0.00028408281
-0.0012523725
0.00017372412
0.00029346493
0.00039487862
0.00037024098
0.00037131681
0.00057612255
0.0010314264
0.00039948999
-5.3390064e-05
0.0009008022
0.00042284266
0.0004247832
0.00059536103
3.7091051e-05
0.0009570576
0.00012210493
-0.00036268686
0.0012746435
-0.00026413258
-0.0007545301
-0.0032779649
-0.00083646505
-0.00038369932
-0.00052925453
0.0021114258
-1.804781e-05
-0.00035310807
0.0001143221
0.00068564617
-0.0024591861
0.00017734163
-0.0017117071
0.00013894566
-0.0003502708
-0.00036124425
-0.00042126996
-0.00017168652
0.00018257083
-0.00019369211
-0.00026949427
0.00011336835
0.00072747746
-0.00063289917
0.019106738
0.020058666
0.01766045
0.018109312
0.015660532
0.017463435
0.0078639149
0.0062359298
0.0032234474
0.00325843
0.0056090234
0.0054360252
0.013055928
0.01286764
0.0076431403
0.0077081439
0.019551644
0.018183114
0.019674024
0.017988839
0.024106583
0.021979974
0.024210605
0.025404763
0.0089149706
0.0084019783
0.011862057
0.014058853
0.029928318
0.012391139
0.029042493
0.027717783
0.027201656
0.049144237
0.041511831
0.077653172
0.0792961
0.0010524777
0.00143138
0.085823245
0.09753113
-0.0036718043
-0.0047137594
0.0016154506
0.0021079432
-0.018528085
0.088298064
0.087481179
0.00050261323
0.0026596198
-0.0022628635
-0.0012858624
-0.0039150773
-0.0040446096
-0.0029859626
-0.0026201629
-0.003121395
-0.0022045585
-0.0015464422
-0.002237506
-0.00038326649
-0.0012206811
0.0015789277
0.0025245825
0.0012030665
0.00098663666
0.00018400445
0.0015796508
0.001328613
0.00036617486
0.0012636213
0.001319939
0.0013206227
0.0014950729
-0.00042953008
0.00097234456
-0.0026982549
-0.0023380155
-0.0029464873
-0.0030396169
0.051284573
0.052073697
VECTORS U float
0.062565478 0.027009258 0.0
0.030837064 -0.0012383554 0.0
-0.021211888 -0.0021507196 0.0
-0.019050944 0.0026201977 0.0
-0.016465624 -0.00718982 0.0
-0.0043833081 -0.0091897929 0.0
0.0030760678 0.0010925343 0.0
-0.021792571 -0.00075814369 0.0
-0.0082758226 -0.0051249825 0.0
0.13808747 -0.010756694 0.0
0.54586826 0.0022962036 0.0
0.45283445 0.036237196 0.0
-0.0045293514 0.0090781827 0.0
0.49783925 0.0025304913 0.0
0.28765907 -0.0073709181 0.0
-0.010772786 0.0054065115 0.0
-0.0065079778 0.00091991093 0.0
0.012341638 0.0086659765 0.0
0.09446404 -0.0019797733 0.0
0.3053694 -0.005773309 0.0
-0.0021088158 0.0013312522 0.0
-0.00092431877 0.013112669 0.0
0.1815593 -0.011275504 0.0
0.015987259 -0.0052934477 0.0
0.018154941 0.0040221774 0.0
-0.0064037631 0.014682717 0.0
-0.0067721075 0.005322815 0.0
-0.018103304 0.0014909369 0.0
-0.0076813164 0.015104677 0.0
-0.0031675233 0.0014773682 0.0
-0.017507447 -0.0047834946 0.0
0.13722123 0.0038287768 0.0
0.55159672 0.0019640912 0.0
0.19127663 0.007406946 0.0
-0.018517907 0.0099688922 0.0
0.54211561 -0.0048540163 0.0
0.57342372 -0.0071981372 0.0
0.54739262 0.0022755967 0.0
0.4292044 -0.023809587 0.0
0.54338166 -0.0049596038 0.0
0.13067806 -0.0043718892 0.0
0.54101448 0.0055400154 0.0
-0.021996284 0.00480806 0.0
0.51552293 0.035451092 0.0
-0.01530384 0.00026340539 0.0
-0.015610512 -0.0020467164 0.0
0.023766732 0.006657041 0.0
-0.0084885093 -0.012151711 0.0
0.20418381 -0.012788152 0.0
0.10117097 -0.011338738 0.0
0.1310849 -0.00021780609 0.0
-0.0018088079 -0.0013950356 0.0
-0.013783175 -0.009803151 0.0
-0.0078561001 -0.0023017144 0.0
-0.010290211 -0.006239403 0.0
-0.0094294278 -0.0056720117 0.0
0.047250699 -0.0046400059 0.0
-0.010054977 -0.015992983 0.0
-0.001777118 -0.0031484676 0.0
-0.0058365994 -0.0054346384 0.0
0.0026139947 -0.0081759531 0.0
0.026200026 -0.0021800417 0.0
0.063476165 -0.00088176636 0.0
0.10337263 -0.0073295417 0.0
0.058732352 -0.0030656185 0.0
0.067823868 -0.0015119486 0.0
0.27697003 -0.0088839943 0.0
0.17471674 -0.0120674 0.0
0.18451316 -0.012800945 0.0
0.19688117 -0.0013262233 0.0
0.22281796 -0.0070921415 0.0
0.29633292 -0.002341733 0.0
0.056665383 -0.005358279 0.0
0.17324539 -0.012482983 0.0
0.29472692 -0.007144583 0.0
0.1943971 0.0056469579 0.0
0.27465267 -0.0043166138 0.0
0.29150162 -0.0077805143 0.0
0.39842674 0.00091422379 0.0
0.40287738 -0.0022945689 0.0
0.20346843 -0.0078597692 0.0
0.34187334 -0.0034941537 0.0
0.33892451 -0.0033732367 0.0
0.29892959 -0.0013422377 0.0
0.10901009 0.0064352842 0.0
-0.012705198 0.014860114 0.0
0.015613229 0.0097962079 0.0
0.0017628496 0.021585489 0.0
0.094733609 0.010827891 0.0
0.22179399 -0.0083686229 0.0
0.45746416 -0.00093359679 0.0
0.42824813 1.1638457e-05 0.0
0.10175541 -0.00071596179 0.0
0.14092157 -0.0051930774 0.0
0.27226833 -0.0033698046 0.0
0.31268007 0.0002489844 0.0
0.058689304 -0.0057529404 0.0
0.11840212 -0.0055642878 0.0
0.13603977 0.010354751 0.0
0.30912246 -0.00043551386 0.0
0.22236632 0.0046750928 0.0
0.27328552 -0.0091049262 0.0
0.53975151 0.0040985097 0.0
0.54401742 0.0035941734 0.0
0.32284395 -0.0051908294 0.0
0.24375044 -0.0099551477 0.0
0.22382108 0.00017856218 0.0
0.30618736 0.0024493561 0.0
0.23516867 0.0078520252 0.0
0.35244009 -0.0045195103 0.0
0.46594515 0.00042044959 0.0
0.4553886 -0.00065054669 0.0
0.32128564 -0.0052314414 0.0
0.37907557 -0.0047362834 0.0
0.416748 -0.002570327 0.0
0.34147571 -0.0025976013 0.0
0.37980944 -0.0028826965 0.0
0.40800915 -0.00062937883 0.0
0.41556916 -0.0017070774 0.0
0.44826653 -0.00035827152 0.0
0.44139448 -0.0013022434 0.0
0.42948406 -0.0016893198 0.0
0.30919238 0.0069381372 0.0
0.46873135 0.0014214846 0.0
0.44045863 -0.00024726533 0.0
0.51254464 0.0036105241 0.0
0.42531104 -0.0011788913 0.0
0.46745118 0.0014033534 0.0
0.53180949 0.0038803271 0.0
0.26508062 0.0082586206 0.0
0.37583803 -0.0016233834 0.0
0.38943136 0.0018713355 0.0
0.45539021 0.00037797303 0.0
0.34345052 -0.0051223474 0.0
0.34771885 -0.0023842632 0.0
0.40271175 0.00065116034 0.0
0.21513808 0.0044906032 0.0
0.42583414 -0.0001894705 0.0
0.46788308 -0.00010715701 0.0
0.49740301 0.0031696742 0.0
0.26547159 0.0086544633 0.0
0.23489645 0.0074249955 0.0
0.28678901 0.0029367742 0.0
0.1950085 0.012558703 0.0
0.048222944 -0.0043994458 0.0
0.39149779 0.00049885239 0.0
0.13876158 0.012674389 0.0
0.26634381 0.009115392 0.0
0.23108414 0.0026319089 0.0
0.20421806 0.0096325123 0.0
0.54392823 0.0040505178 0.0
0.25857694 0.0094685692 0.0
0.32165191 0.0099478127 0.0
0.31602254 -0.0050979031 0.0
0.35779812 -0.0022839885 0.0
0.48572196 0.00044657888 0.0
0.53134725 0.003897088 0.0
0.33211075 -0.00019568898 0.0
0.38759134 0.0025902176 0.0
0.3846991 0.0018932721 0.0
0.37804412 0.0033302066 0.0
0.44712311 0.0049373836 0.0
0.44448569 0.0011931193 0.0
0.49046123 0.0011533742 0.0
0.45559388 0.00039199297 0.0
0.54029865 0.0051199206 0.0
0.53135778 0.0043982116 0.0
0.48938963 0.0012445304 0.0
0.5317428 0.0043251305 0.0
0.49055094 0.0028635978 0.0
0.51908447 0.0033879813 0.0
0.54342872 0.0041572685 0.0
0.53513342 0.003720803 0.0
0.52296298 0.0043934431 0.0
0.53968024 0.0046302547 0.0
0.53702518 0.0051742674 0.0
0.54355872 0.003816937 0.0
0.54364687 0.0029106796 0.0
0.52542855 0.0061278699 0.0
0.54652454 0.0024166191 0.0
0.54263881 0.004075812 0.0
0.54315216 0.0035329941 0.0
0.50809751 0.0023095108 0.0
0.52931581 0.0039452669 0.0
0.53456821 0.0043052448 0.0
0.54167196 0.0047224391 0.0
0.5473034 0.0029805248 0.0
0.54563933 0.0031910279 0.0
0.54443067 0.0037760981 0.0
0.52232662 0.0070624703 0.0
0.38081935 -0.0026623518 0.0
0.53966895 0.0040982299 0.0
0.5448351 0.0033635196 0.0
0.54284513 0.0039509172 0.0
0.54308581 0.0043817649 0.0
0.54434497 0.0035896461 0.0
0.54228143 0.0054984232 0.0
0.53751829 0.004210553 0.0
0.51599172 0.0043916586 0.0
0.51709313 0.0039662566 0.0
0.54091185 0.0042538173 0.0
0.54125582 0.0058329211 0.0
0.51142481 0.0033594553 0.0
0.54367392 0.0017484722 0.0
0.54092106 0.0042987255 0.0
0.51529993 0.00392252 0.0
0.5178007 0.0032686811 0.0
0.53680795 0.0040085869 0.0
0.54533473 0.0033075694 0.0
0.54410719 0.0038748711 0.0
0.54290434 0.0046990083 0.0
0.49206203 0.0023919492 0.0
0.49862984 0.0029538711 0.0
0.485074 0.0035286483 0.0
0.50474577 0.0031048611 0.0
0.54628653 0.002975069 0.0
0.54038638 -0.0018283913 0.0
0.54239243 0.0019593468 0.0
0.54901971 0.0012173094 0.0
0.5427444 0.0016397908 0.0
0.5419394 0.0052695961 0.0
0.52216456 0.003870651 0.0
0.53666584 0.0042390299 0.0
0.53319074 0.0041584891 0.0
0.5377894 0.0040420268 0.0
0.54194046 -0.0016703005 0.0
0.51847438 0.0072933846 0.0
0.53431015 0.0039259518 0.0
0.54787376 0.00023975451 0.0
0.54540557 0.0023898325 0.0
0.54272919 0.0039324577 0.0
0.54382161 0.0040945329 0.0
0.50661412 0.0031555343 0.0
0.53833985 0.0041516849 0.0
0.5409724 0.0039229933 0.0
0.531118 0.0040994734 0.0
0.54420969 0.0013062667 0.0
0.53288888 0.0043854486 0.0
0.54022051 0.0040885027 0.0
0.54222383 0.0050201999 0.0
0.54279502 0.0036561218 0.0
0.54299695 0.0039194751 0.0
0.52327085 0.0041945858 0.0
0.52715599 0.0049699866 0.0
0.54233729 0.0007733977 0.0
0.54670787 0.0029316269 0.0
0.53718218 0.0042260932 0.0
0.54136946 0.0027752197 0.0
0.54136466 0.00019252792 0.0
0.54423033 0.0027832935 0.0
0.51378048 0.0029983572 0.0
0.54487351 0.0034403272 0.0
0.54048639 0.0035820176 0.0
0.54444492 0.0036600023 0.0
0.55146433 -0.0023480294 0.0
0.54505105 -0.00060246094 0.0
0.50608669 0.0041179722 0.0
0.54026923 -0.0032424548 0.0
0.54240494 0.0024084569 0.0
0.54300944 -0.0016333638 0.0
0.52536745 0.0064079541 0.0
0.55002905 0.0027017838 0.0
0.54102298 0.0034493584 0.0
0.54138108 0.0040130235 0.0
0.53477166 -0.0042474098 0.0
0.5449968 0.0034737731 0.0
0.53941704 0.0049062159 0.0
0.53163835 0.0043155046 0.0
0.54116553 0.0011023062 0.0
0.54298954 0.0046961294 0.0
0.54318389 -0.0024682892 0.0
0.54204115 0.0043935408 0.0
0.53963614 0.0073041098 0.0
0.5450105 0.00022981336 0.0
0.54760003 0.0022102046 0.0
0.54170252 0.0025451576 0.0
0.54262067 0.0052264795 0.0
0.54621297 0.002890946 0.0
0.53953976 0.0041289963 0.0
0.54087555 -0.0020919372 0.0
0.54317209 0.00066020198 0.0
0.54314712 0.0038175725 0.0
0.54167546 0.0017034678 0.0
0.54055683 0.0040966731 0.0
0.50633817 0.0039710478 0.0
0.53956385 -0.0019372554 0.0
0.53867995 -0.0046441893 0.0
0.53173361 0.0042862746 0.0
0.53922797 0.0048522439 0.0
0.54469813 0.0023434627 0.0
0.54331248 0.0045243142 0.0
0.54051337 0.0072423824 0.0
0.54194654 0.0057172434 0.0
0.54222569 0.0039940596 0.0
0.54700784 0.0028176467 0.0
0.5408788 0.0047881637 0.0
0.54560373 0.0014713088 0.0
0.53673583 -0.0027127308 0.0
0.53161062 0.0092721239 0.0
0.54152106 0.0025443066 0.0
0.54238899 -0.00093898213 0.0
0.54704906 0.0021006462 0.0
0.50623718 0.0034787767 0.0
0.5461625 0.0014155802 0.0
0.53970311 -0.0031510301 0.0
0.53854208 0.0061403924 0.0
0.5408659 0.0028733138 0.0
0.54176334 -0.00075572932 0.0
0.53960361 1.6870673e-05 0.0
0.53397363 0.0024216738 0.0
0.53945369 0.0089775424 0.0
0.54629267 0.0031413931 0.0
0.54366364 6.0948458e-05 0.0
0.53853184 -0.0013659074 0.0
0.5445843 0.00042026853 0.0
0.4939235 0.032987588 0.0
0.46457536 0.0039571787 0.0
0.54519848 0.0015635328 0.0
0.54652803 8.4311205e-06 0.0
0.54877604 0.0030646706 0.0
0.53022462 0.0051138169 0.0
0.51084198 0.0032081354 0.0
0.52222348 0.013907677 0.0
0.52165174 0.0041104503 0.0
0.41600509 0.004195266 0.0
0.54757515 0.0010366582 0.0
0.5385562 -0.0028144523 0.0
0.49317518 0.0029171629 0.0
0.54320854 0.00025045334 0.0
0.53414315 -0.0054327136 0.0
0.54198493 -0.00010126388 0.0
0.52128698 0.0036295344 0.0
0.54345324 -0.0016672065 0.0
0.54593503 0.00035222597 0.0
0.49121871 0.0024524816 0.0
0.53254609 -0.003316573 0.0
0.53919768 -0.001858087 0.0
0.54199048 0.0010444599 0.0
0.5369815 0.0012880974 0.0
0.54100948 0.0067894513 0.0
0.52350836 0.0039850411 0.0
0.50497273 0.0030310635 0.0
0.52161575 0.0038391669 0.0
0.50661629 0.0030929544 0.0
0.48237039 0.0028445975 0.0
0.48744911 0.0027621893 0.0
0.43183228 0.0013739921 0.0
0.48594419 0.0020766511 0.0
0.47943618 0.0038672042 0.0
0.49364813 0.0021077812 0.0
0.45449978 0.0034123591 0.0
0.46734267 0.0040779049 0.0
0.46802259 0.0029505038 0.0
0.49538836 0.0020411006 0.0
0.45367933 0.0038900862 0.0
0.498805 0.003323782 0.0
0.38904612 0.0054701096 0.0
0.34914253 0.002992167 0.0
0.54693373 0.0024946171 0.0
0.55112028 0.0020904276 0.0
0.51445207 0.0035148441 0.0
0.53817526 0.0046822886 0.0
0.54671279 0.00098118221 0.0
0.54571532 -0.0006233151 0.0
0.54337657 -0.00073084628 0.0
0.5365628 -0.0036366885 0.0
0.53389809 -0.0037078937 0.0
0.53925753 0.0059039833 0.0
0.53938093 -0.0010291244 0.0
0.54166408 -0.0044452841 0.0
0.53839101 0.0070139811 0.0
0.53507609 0.0067142366 0.0
0.49749182 0.0031752128 0.0
0.48307377 0.0035105145 0.0
0.5456317 0.003779469 0.0
0.54526065 0.0037300281 0.0
0.54794346 0.0020685494 0.0
0.54849928 0.0030265417 0.0
0.54509779 -0.0015436909 0.0
0.54446179 -0.0022314496 0.0
0.54376144 -0.00080720911 0.0
0.54354915 -0.0025216588 0.0
0.54463446 -0.00051422669 0.0
0.5355725 0.013174743 0.0
0.54063416 0.003066993 0.0
0.54557453 -0.0045808418 0.0
0.53888586 0.0084466792 0.0
0.53478686 0.0087731688 0.0
0.54073503 0.0062317634 0.0
0.54144987 0.0065807233 0.0
0.54682306 0.0035950933 0.0
0.54634438 -0.0012728751 0.0
0.54851826 0.0024269837 0.0
0.5484407 0.0020025791 0.0
0.54997313 0.0021630004 0.0
0.54806782 0.0010343962 0.0
0.54782777 0.0029532469 0.0
0.54964357 0.0014606193 0.0
0.54795226 0.0030906371 0.0
0.54903747 0.0023683622 0.0
0.54973694 0.0027954587 0.0
0.55123962 0.0013001995 0.0
0.54565726 0.0036675507 0.0
0.54056751 0.0041011164 0.0
0.54869476 0.0015029485 0.0
0.54830675 0.00023748119 0.0
0.54592456 -0.0012616107 0.0
0.54448059 -0.0013046674 0.0
0.54752497 -0.00077140315 0.0
0.54308092 -0.003172715 0.0
0.52944783 0.0042062421 0.0
0.48833321 0.0032984585 0.0
0.46233932 0.0019805006 0.0
0.54093013 -0.0035821841 0.0
0.53979341 -0.0011741033 0.0
0.53720246 0.0076734347 0.0
0.55044129 0.0022292018 0.0
0.54934318 0.0024254716 0.0
0.54684541 0.0032159938 0.0
0.54999422 -8.1843888e-05 0.0
0.55160499 0.001181583 0.0
0.55023241 0.0015670669 0.0
0.52763649 0.0042008757 0.0
0.53885419 0.0029595822 0.0
0.55207826 0.0013854161 0.0
0.54493342 -0.0027669124 0.0
0.54634886 -0.0018172532 0.0
0.47969493 0.0026214267 0.0
0.51734032 -0.0059948101 0.0
0.52087732 0.0011885355 0.0
0.53523509 0.0033760963 0.0
0.54159958 0.0023471137 0.0
0.53923988 0.0018608465 0.0
0.54087799 0.0012250982 0.0
0.50886738 0.002162428 0.0
0.53677113 0.0050703848 0.0
0.53631737 0.0059343168 0.0
0.53901974 0.0097076606 0.0
0.5498473 0.0028681049 0.0
0.55103136 0.0021769836 0.0
0.54911658 0.002583188 0.0
0.54978974 -0.0034036658 0.0
0.54949837 0.0030198274 0.0
0.5517817 0.0020429611 0.0
0.53758051 0.0032828598 0.0
0.53867333 0.003052089 0.0
0.54715959 0.0027453756 0.0
0.53083409 -0.0045800138 0.0
0.5514532 0.0022325893 0.0
0.55264954 0.0010451324 0.0
0.55083687 -0.0015709303 0.0
0.54368969 -0.0033199013 0.0
0.55291647 0.00097246022 0.0
0.55190844 0.00054442381 0.0
0.55023622 -0.0015765951 0.0
0.54937167 0.0012937479 0.0
0.55074711 0.0011287197 0.0
0.55001335 0.00049316162 0.0
0.5040798 0.0048115647 0.0
0.52927222 0.0038870389 0.0
0.54709335 -0.00065047599 0.0
0.54695373 -0.0016846735 0.0
0.54713496 -9.9418945e-05 0.0
0.54876412 7.9796487e-05 0.0
0.54859338 -0.0013818454 0.0
0.54432569 -0.0037313904 0.0
0.54544286 -0.0027121403 0.0
0.54334433 -0.003825569 0.0
0.54746814 -0.0018135489 0.0
0.48934536 0.003426578 0.0
0.43457079 0.002057977 0.0
0.53619202 0.0030493026 0.0
0.54012766 -0.0046835038 0.0
0.55384651 0.0011933087 0.0
0.53690552 -0.0042671481 0.0
0.53378661 0.0046478255 0.0
0.5368226 -0.00041734484 0.0
0.54148538 -0.0027593115 0.0
0.53597775 -0.0026612108 0.0
0.50633785 0.0018449768 0.0
0.548355 -0.0042723636 0.0
0.5412479 -0.000731399 0.0
0.51245461 -0.0055973766 0.0
0.53411263 0.0091089261 0.0
0.5376555 0.007422859 0.0
0.54002813 0.0081871278 0.0
0.51033275 0.0020824057 0.0
0.54280087 0.002862202 0.0
0.55241333 -0.00026203784 0.0
0.53684362 0.0055402341 0.0
0.54673123 -0.0026773546 0.0
0.54959798 -0.002034309 0.0
0.54369101 -0.0037836388 0.0
0.53715911 -0.0049902117 0.0
0.538399 -0.0020093701 0.0
0.54148409 -0.0040625344 0.0
0.36844724 0.0042700766 0.0
0.54762593 -0.0044784055 0.0
0.46226538 0.0043676164 0.0
0.53275473 -0.0050337703 0.0
0.47513272 0.0030160525 0.0
0.34626948 0.0025769617 0.0
0.53003464 0.0040381786 0.0
0.5056244 0.002291613 0.0
0.53357105 0.0051064035 0.0
0.53898559 0.0039488416 0.0
0.53916712 0.0026963812 0.0
0.52246446 -0.0054183712 0.0
0.53899065 0.0050654574 0.0
0.047432265 -0.0044412593 0.0
0.53670988 0.010197516 0.0
0.53186382 0.007495525 0.0
0.53612515 0.0077707475 0.0
0.53838939 0.0089167159 0.0
0.53871537 0.010031682 0.0
0.54030114 0.0073656376 0.0
0.54374118 0.0026577496 0.0
0.5417446 0.002647618 0.0
0.54875195 -0.00070380625 0.0
0.54449034 -0.0041968358 0.0
0.54570389 -0.0030358549 0.0
0.53919344 -0.0029012281 0.0
0.53501082 0.00090070103 0.0
0.55277297 -0.0024771541 0.0
0.55287359 0.0015641126 0.0
0.5351784 0.0057056155 0.0
0.46171504 0.0046007876 0.0
0.42095965 0.0065379561 0.0
0.54122313 0.0019425962 0.0
0.53693857 -0.0036937501 0.0
0.5402481 0.001297883 0.0
0.55265327 -0.0031773057 0.0
0.54480763 0.0014656282 0.0
0.53386573 -0.0032264309 0.0
0.47618529 0.0034274528 0.0
0.41393978 0.0033329803 0.0
0.5399328 -0.00011652134 0.0
0.53271861 0.0052525405 0.0
0.53338694 0.0075838544 0.0
0.53570498 0.01239202 0.0
0.53960468 0.0080099932 0.0
0.5406171 0.0075484536 0.0
0.54344641 0.0028980188 0.0
0.53281807 0.0035234489 0.0
0.5431837 0.0028465748 0.0
0.5349927 -0.0054661727 0.0
0.5511263 -0.00021718026 0.0
0.54889312 -0.0020777022 0.0
0.54784988 -0.0026179269 0.0
0.54715611 -0.0026755177 0.0
0.52103007 0.0015883176 0.0
0.46511055 0.0047032489 0.0
0.53217054 0.0029516809 0.0
0.54099289 -0.0040268713 0.0
0.53076972 0.004248203 0.0
0.53370639 -0.0050693781 0.0
0.53777958 -0.00096167148 0.0
0.5266914 -0.0053179945 0.0
0.54743562 0.0013611883 0.0
0.40426024 0.0070748473 0.0
0.53811079 -0.0012639747 0.0
0.5511299 -0.0037986421 0.0
0.55488809 -0.00043529496 0.0
0.55190674 0.0017863498 0.0
0.54027858 0.0018164742 0.0
0.53747237 0.0090701142 0.0
0.53371754 0.0073432017 0.0
0.53458851 0.0062463932 0.0
0.53246028 0.0092900366 0.0
0.26375202 0.0031187654 0.0
0.5473405 0.0031129182 0.0
0.53856526 0.0030136776 0.0
0.52549499 0.0045520769 0.0
0.49213768 0.0025627133 0.0
0.54139856 0.0026879976 0.0
0.55047618 0.0021596171 0.0
0.54899683 -0.0014020838 0.0
0.54968767 -0.0011321506 0.0
0.55050773 -0.00021718691 0.0
0.55155681 -0.00039559902 0.0
0.5526628 -0.00069196546 0.0
0.55108659 -0.0032447059 0.0
0.5524334 0.00047332893 0.0
0.55140092 -0.0015434239 0.0
0.5523657 0.0017274089 0.0
0.55010792 0.0020937323 0.0
0.5510637 -0.0023136985 0.0
0.54803048 -0.0030277033 0.0
0.54914345 -0.0033745249 0.0
0.54618718 -0.0034176086 0.0
0.54640035 -0.0039014415 0.0
0.54406092 -0.004142843 0.0
0.30978585 -0.0033472904 0.0
0.55353004 0.00030626908 0.0
0.54552701 -0.0048410895 0.0
0.5354959 -0.0022623341 0.0
0.42648023 0.0031636737 0.0
0.52983684 -0.0019849346 0.0
0.50996509 0.0013484611 0.0
0.53594731 -0.0023364086 0.0
0.5420025 -0.0029945792 0.0
0.51855382 0.019697148 0.0
0.53597893 0.0084028122 0.0
0.53766209 0.011029117 0.0
0.51653535 0.0028271188 0.0
0.53371663 0.0024245306 0.0
0.5442427 0.0023602317 0.0
0.55410341 0.0011226556 0.0
0.54819928 -0.0037163082 0.0
0.52718391 -0.0052281107 0.0
0.54222992 -0.0047507714 0.0
0.53882652 -0.0050629174 0.0
0.53873689 0.00045724094 0.0
0.5040956 -0.0054847768 0.0
0.46912096 0.0028387082 0.0
0.53773662 -0.0043312995 0.0
0.55235988 0.0013930587 0.0
0.53650679 -0.0052450391 0.0
0.5439254 0.0019325875 0.0
0.53814951 0.00043423964 0.0
0.082015358 -0.0042255885 0.0
0.40708224 -0.0051995725 0.0
0.53962382 0.0036309126 0.0
0.54015948 -0.0036879545 0.0
0.53899605 -0.004703466 0.0
0.53867917 0.0028736284 0.0
0.53359659 -0.0052112635 0.0
0.52806747 -0.0047344786 0.0
0.52748528 -0.0051081705 0.0
0.52578691 0.0038764203 0.0
0.52507834 -0.0054295268 0.0
0.53498786 -0.001296763 0.0
0.52463597 -0.0061175946 0.0
0.53509068 -0.0021769888 0.0
0.53730159 -0.00084448395 0.0
0.52977567 0.00083448956 0.0
0.38557603 0.0041104127 0.0
0.48230838 0.0035505751 0.0
0.53733251 0.0032581411 0.0
0.53450074 0.0043563405 0.0
0.53109042 0.0080949356 0.0
0.53718 0.0099554364 0.0
0.53580001 0.010833193 0.0
0.30665934 0.0046056526 0.0
0.54712902 0.001139709 0.0
0.53537054 0.0033413706 0.0
0.5506668 0.0020628408 0.0
0.55278447 0.0016649783 0.0
0.54950233 -0.0025573722 0.0
0.54701379 -0.0039640815 0.0
0.55084541 0.0021090997 0.0
0.53521286 -0.005197033 0.0
0.5467369 -0.0035435498 0.0
0.54416789 -0.0044600605 0.0
0.53932577 -0.005116469 0.0
0.54168481 -0.0045434353 0.0
0.54487644 -0.0041106892 0.0
0.54231365 -0.0017944079 0.0
0.52974698 -0.005764872 0.0
0.5328592 0.0028472484 0.0
0.45675481 0.0031676157 0.0
0.53439201 -0.0037309312 0.0
0.52569055 -0.0057701218 0.0
0.49839248 0.0017549096 0.0
0.53447026 0.0037501821 0.0
0.53793234 0.0010339253 0.0
0.51281773 -0.0051443828 0.0
0.53902775 4.8261194e-05 0.0
0.53809179 -0.0045997573 0.0
0.53753172 0.0046920112 0.0
0.52977612 0.0094996781 0.0
0.11726459 0.0032656472 0.0
0.53773679 0.010508781 0.0
0.53142298 0.010284698 0.0
0.51959808 0.0012724989 0.0
0.50969677 0.001316286 0.0
0.51458045 0.0032673105 0.0
0.51224627 0.0016059736 0.0
0.54514601 -0.0042156069 0.0
0.54240346 -0.0048085779 0.0
0.54247284 -0.0052402428 0.0
0.53628366 -0.0057769706 0.0
0.53438826 -0.0054293925 0.0
0.5397946 -0.0050687956 0.0
0.54868869 -0.0039963187 0.0
0.54150738 -0.005270451 0.0
0.54857587 -0.0030500472 0.0
0.55004968 -0.0027159975 0.0
0.49874182 0.0033772989 0.0
0.51921406 0.001681794 0.0
0.53929243 0.0014766122 0.0
0.49839379 0.0020933066 0.0
0.55327573 -0.0034125095 0.0
0.52290847 -0.005044288 0.0
0.52702609 -0.0032888346 0.0
0.32034834 0.0029968267 0.0
0.41763859 0.0031161489 0.0
0.44488235 0.0029580654 0.0
0.36701237 0.0035557192 0.0
0.50023624 -0.006008754 0.0
0.5552852 -0.0012944363 0.0
0.47364405 -0.004484993 0.0
0.53509138 -0.0055741826 0.0
0.53293786 -0.0019136702 0.0
0.53551547 0.00057910899 0.0
0.53657479 0.0034010999 0.0
0.53317744 0.0017388666 0.0
0.53737409 0.0024202757 0.0
0.53473103 0.0024149503 0.0
0.5378067 -0.0051453865 0.0
0.53337155 -0.005798617 0.0
0.49051518 -0.006758483 0.0
0.52610835 -0.0056542331 0.0
0.51972523 -0.0046261801 0.0
0.52725209 -0.0018303536 0.0
0.5322937 -0.0047010249 0.0
0.52298234 -0.0050253993 0.0
0.41776829 -0.0014506966 0.0
0.5297901 0.0014180569 0.0
0.51983391 0.0010299761 0.0
0.54500102 0.0018877697 0.0
0.011617324 0.0022720524 0.0
0.51038171 -0.0058347058 0.0
0.55006166 -0.0038599852 0.0
0.55522938 -0.0017497446 0.0
0.4146488 0.0051170903 0.0
0.38207711 0.0029630147 0.0
0.22998272 0.0026836714 0.0
0.46860529 0.0024264604 0.0
0.39053258 0.001443485 0.0
0.21125538 0.0060826868 0.0
0.28593267 0.0044942778 0.0
0.38021396 0.0030911351 0.0
0.088547248 -0.0085791994 0.0
0.27178853 -0.0039734466 0.0
0.5569122 -0.001255183 0.0
0.55644535 0.00030232103 0.0
0.52321534 -0.0056418396 0.0
0.52884592 -0.0053391917 0.0
0.52285899 -0.0043835717 0.0
0.53191597 0.003739796 0.0
0.53550393 0.0021352571 0.0
0.53703664 0.002598066 0.0
0.53406321 -0.00043116131 0.0
0.5232131 -0.0052682312 0.0
0.53005116 -0.004505134 0.0
0.53039851 -0.0034695196 0.0
0.48392868 -0.0061073816 0.0
0.49220673 -0.0058704089 0.0
0.51592674 -0.0047843817 0.0
0.52745625 -0.0044204913 0.0
0.49740549 0.0020619347 0.0
0.49997756 0.001063667 0.0
0.4658012 0.0032273646 0.0
0.492251 0.0014363337 0.0
0.46033937 0.0013450244 0.0
0.43771584 -0.00016582878 0.0
0.41268571 0.0016396277 0.0
0.46434223 0.0016358041 0.0
0.49285099 0.0009398073 0.0
0.51762582 0.0013343789 0.0
0.36393132 4.4826299e-05 0.0
0.41770202 -0.00060250548 0.0
0.49424012 -0.00013250006 0.0
0.50862743 0.0015481552 0.0
0.52509205 0.0011580259 0.0
0.52882391 -0.0063200541 0.0
0.53205915 -0.0013024751 0.0
0.53010074 0.00012830955 0.0
0.55147143 -0.0032950924 0.0
0.53925885 -0.0053176362 0.0
0.41757345 0.0070922791 0.0
0.30117293 0.0050804669 0.0
0.20578497 0.0043425606 0.0
0.055944746 0.0026095464 0.0
0.37920177 0.0052466001 0.0
0.26114469 0.0025242167 0.0
0.089081399 -0.00079446642 0.0
0.18131085 0.001830135 0.0
0.51012316 -0.0052529312 0.0
0.53122991 0.0039213825 0.0
0.53343513 0.0015701308 0.0
0.53104791 0.0023704662 0.0
0.53197948 -0.0032579057 0.0
0.53194343 0.0012767732 0.0
0.51895245 -0.0064617653 0.0
0.4861477 -0.004932789 0.0
0.53058555 -0.0046959126 0.0
0.51499025 -0.005572104 0.0
0.53215264 -0.0047064136 0.0
0.5248881 -0.0054546259 0.0
0.52164365 -0.0039469912 0.0
0.50435201 -0.0049461826 0.0
0.53347101 -0.0047539811 0.0
0.52183188 -0.0065746217 0.0
0.50236326 -0.005651797 0.0
0.48609217 -0.0054673544 0.0
0.5280021 -0.0057283288 0.0
0.51858675 -0.0061670057 0.0
0.51850918 -0.006037878 0.0
0.52377339 -0.0046116725 0.0
0.52593979 -0.0062843419 0.0
0.49890309 -0.0057206199 0.0
0.49588554 -0.0049231316 0.0
0.5027573 -0.0058260696 0.0
0.39126104 -0.0032499057 0.0
0.53089018 -0.00047650853 0.0
0.44981202 0.0027155947 0.0
0.43638475 0.0013135334 0.0
0.44694371 0.0027944493 0.0
0.38414789 0.0015595663 0.0
0.14931718 -0.010294469 0.0
0.46392974 0.00013394543 0.0
0.51580761 -0.0047676917 0.0
0.49361423 0.00028005491 0.0
0.54199416 0.0012691545 0.0
0.53548448 2.9577739e-05 0.0
0.55379792 -0.001450108 0.0
0.55427493 -0.0024244736 0.0
0.52309428 -0.0044153551 0.0
0.5445283 0.0014378811 0.0
0.54672063 -0.0045730087 0.0
0.52665991 -0.005551218 0.0
0.53419462 0.00076926355 0.0
0.53246044 -0.0018086239 0.0
0.53104447 -0.0010582308 0.0
0.52853169 0.0013949571 0.0
0.53023052 -0.0027078037 0.0
0.53185504 -0.0010040142 0.0
0.35076886 -0.0055402928 0.0
0.35335015 0.0048217322 0.0
0.5077163 -0.0052779517 0.0
0.5295783 -0.002486697 0.0
0.51227113 -0.005920542 0.0
0.50554248 -0.0061281819 0.0
0.52128073 -0.003554112 0.0
0.47273523 0.00053415978 0.0
0.47696808 0.0032768299 0.0
0.4502289 0.0026924179 0.0
0.44929139 0.0023206818 0.0
0.41124122 0.002320435 0.0
0.32504349 0.0024974291 0.0
0.35765184 -0.0024260991 0.0
0.33380844 -0.0010883517 0.0
0.36836035 -0.0049225198 0.0
0.40081235 -0.0035646466 0.0
0.5427452 -0.004836244 0.0
0.53108162 0.0018059394 0.0
0.32011343 0.0035520654 0.0
0.55602077 -0.0024056495 0.0
0.5680333 -0.0050744323 0.0
0.55093117 0.00098915859 0.0
0.55030614 0.0011404292 0.0
0.55341426 -0.0031096104 0.0
0.55148799 -0.0037917883 0.0
0.24506817 0.012397965 0.0
0.55573284 -0.001806419 0.0
0.52257847 0.0016998657 0.0
0.51742465 -0.0057540763 0.0
0.55320997 -0.0025820532 0.0
0.55457205 -0.0026961593 0.0
0.55464951 0.00093825255 0.0
0.55233722 -0.0031166049 0.0
0.52804557 -0.0040125974 0.0
0.52096549 -0.0034985031 0.0
0.55499461 -0.0012068915 0.0
0.5198986 -0.0048720052 0.0
0.52119454 -0.0054933819 0.0
0.50786105 -0.0054411262 0.0
0.52653045 -0.0047558603 0.0
0.53466804 -0.001858824 0.0
0.5346753 -0.0051237582 0.0
0.52109452 -0.0053368668 0.0
0.51045366 -0.0056213675 0.0
0.49171676 -0.0065073724 0.0
0.50916264 -0.0055979142 0.0
0.3845698 0.0011234014 0.0
0.30575261 -0.0029056416 0.0
0.3803164 0.0024613631 0.0
0.3304909 0.00061038925 0.0
0.33646366 0.003475516 0.0
0.30725903 -0.0047034528 0.0
0.42092112 -0.00058157938 0.0
0.45059854 -0.00097240376 0.0
0.39967925 -0.00021436007 0.0
0.43156434 0.0013522107 0.0
0.35816726 -0.0056730659 0.0
0.41994842 -0.0013203064 0.0
0.29802418 -0.002883871 0.0
0.33114848 -0.0041076775 0.0
0.35746039 -0.0059288712 0.0
0.3745475 -0.0012956898 0.0
0.45420724 -0.0014485461 0.0
0.45043851 -0.00047506749 0.0
0.54015268 -0.0053057775 0.0
0.4051806 0.0043728587 0.0
0.54910644 -0.0040268231 0.0
0.55018436 -0.0039970401 0.0
0.54668631 -0.0045258932 0.0
0.55191711 -0.0027338756 0.0
0.54629779 -0.0045738894 0.0
0.54938909 -0.0033612122 0.0
0.53229191 0.00092089696 0.0
-0.019189767 -0.00085218505 0.0
0.54603945 -0.0047221995 0.0
0.55026512 -0.0041313016 0.0
0.55647323 -0.0012916797 0.0
0.556935 -0.0021260802 0.0
0.51265688 -0.0048611147 0.0
0.52658118 0.0031114519 0.0
0.53391569 -0.0052747262 0.0
0.53523485 -0.0051109832 0.0
0.535258 -0.0050676003 0.0
0.52881066 -0.0056437263 0.0
0.31247188 -0.0064120794 0.0
0.53275069 0.00015257341 0.0
0.51270985 -0.0057451675 0.0
0.40653797 -0.0020110657 0.0
0.33262429 0.002762917 0.0
0.14383344 0.0012371151 0.0
0.50086896 0.0009954003 0.0
0.48433748 0.00032651238 0.0
0.17781618 -0.0092587174 0.0
0.32377577 -0.0073419019 0.0
0.39927543 -0.0021367519 0.0
0.47552938 -0.0011482518 0.0
0.55091228 0.0013910179 0.0
0.40142458 -0.0055922684 0.0
0.55086945 0.0011047825 0.0
0.53780272 0.0012020744 0.0
0.52680546 -0.0039505677 0.0
0.52853986 -0.0018001382 0.0
0.53589351 -0.0055919485 0.0
0.52914766 -0.0062333493 0.0
0.52097518 -0.0066374791 0.0
0.519895 -0.0072945685 0.0
0.5184139 -0.0069165195 0.0
0.50621904 -0.0060912795 0.0
0.47385222 -0.0037911358 0.0
0.53673227 0.0010054898 0.0
0.51507149 0.0017481384 0.0
0.4995002 0.0011390046 0.0
0.47229116 -0.00013614552 0.0
0.4755718 -0.00015839016 0.0
0.14408095 -0.0073990092 0.0
0.35438741 0.0021865626 0.0
0.51264273 -0.0049129018 0.0
0.52628783 -0.0030614072 0.0
0.52959167 -0.0015364658 0.0
0.53138513 0.00059911794 0.0
0.51979945 -0.0066764453 0.0
0.52597791 -0.0061379191 0.0
0.50274975 -0.0058224897 0.0
0.46526435 -0.0052545407 0.0
0.5289657 -0.0018003833 0.0
0.49639275 -0.0057941072 0.0
0.50121207 -0.006358437 0.0
0.48961939 -0.0054794751 0.0
0.50974047 -0.005499569 0.0
0.50021536 -0.0058638202 0.0
0.4414391 -0.0048461631 0.0
0.45133279 -0.0045879879 0.0
0.48331726 -0.0052345254 0.0
0.47527801 -0.0039363558 0.0
0.52315519 -0.001526162 0.0
0.3912189 0.0016208471 0.0
0.47036072 0.0038810931 0.0
0.48936504 0.0015677876 0.0
0.51111229 0.0027334763 0.0
0.54095192 0.0014983698 0.0
0.50139406 -0.0062653102 0.0
0.55567221 0.00042712663 0.0
0.49556452 -0.0056316359 0.0
0.48631211 -0.0053685616 0.0
0.522533 -0.0048710934 0.0
0.51013068 -0.0057647266 0.0
0.49939785 -0.0053584936 0.0
0.50202463 -0.0066996758 0.0
0.50298296 -0.0054555369 0.0
0.4859396 -0.0056953892 0.0
0.50960999 -0.0054412447 0.0
0.48479348 -0.0055622405 0.0
0.42896192 -0.004388103 0.0
0.48949962 -0.0066032498 0.0
0.48885416 -0.0060065506 0.0
0.48380468 -0.0057722546 0.0
0.43129336 -0.0050456709 0.0
0.43468869 -0.0027982372 0.0
0.4203881 -0.0002401862 0.0
0.45373989 0.00060137878 0.0
0.45472011 0.0016373368 0.0
0.52934985 0.0012466949 0.0
0.55040091 -0.0046526383 0.0
0.52872955 -0.0056265683 0.0
0.51121403 -0.0054944672 0.0
0.30531363 0.0027906733 0.0
0.45213281 -0.0062709455 0.0
0.48589926 -0.0053621616 0.0
0.510575 -0.0051988112 0.0
0.50861101 -0.0065525638 0.0
0.50089037 -0.006395583 0.0
0.51572233 -0.0051473289 0.0
0.50596605 -0.0067968579 0.0
0.53000723 -0.006201423 0.0
0.51571567 -0.0050886098 0.0
0.4547756 -0.0058150928 0.0
0.43462074 -0.0040211489 0.0
0.37294326 -0.0028599651 0.0
0.37600618 -0.00086990745 0.0
0.32320016 0.0083937424 0.0
0.53518734 0.0017560596 0.0
0.53234696 0.00084333444 0.0
0.50824502 0.0010120268 0.0
0.49793055 0.001107259 0.0
0.51559477 0.0022567281 0.0
0.34830909 0.003244221 0.0
0.48955924 0.0017645294 0.0
0.49422329 -0.0058836172 0.0
0.47376312 -0.0056358612 0.0
0.50501581 0.0029137267 0.0
0.35481036 0.0057723267 0.0
0.39058138 -0.00623322 0.0
0.52283157 -0.0063835335 0.0
0.29002123 -0.0075078557 0.0
0.31573342 -0.005542096 0.0
0.26115666 -0.0093055835 0.0
0.35052548 0.002232478 0.0
0.29023832 -0.0085493823 0.0
0.25649482 -0.0052667448 0.0
0.21217512 -0.0073621551 0.0
0.21815862 -0.0098343412 0.0
0.18021848 -0.0070173777 0.0
0.22091244 -0.0015765691 0.0
0.044753957 -0.0015204658 0.0
-0.01327324 -0.0013732123 0.0
-0.019268817 0.0024020689 0.0
0.16583655 -0.010081304 0.0
0.22706325 -0.0049636658 0.0
0.13853048 -0.0061348471 0.0
0.27335085 -0.0028668838 0.0
0.12112999 -0.015586652 0.0
0.41962723 -0.0017307247 0.0
0.48193751 0.0017752799 0.0
0.50059187 0.0018038883 0.0
0.51507422 0.0018399956 0.0
0.52476262 0.001071003 0.0
0.51826031 0.0014740805 0.0
0.52910669 0.0015377548 0.0
0.51560276 0.0020014882 0.0
0.51871185 0.0017590156 0.0
0.17581117 -0.0031803629 0.0
0.47097738 0.0027219385 0.0
0.49685828 0.0014512567 0.0
0.14176682 0.00036767316 0.0
0.08628319 -0.0013653646 0.0
0.56050966 -0.00011080163 0.0
0.37537815 0.0049753728 0.0
0.086771035 0.0066126968 0.0
0.46481349 0.0016533179 0.0
0.30692274 0.0046293045 0.0
0.43748968 -0.0036434595 0.0
0.51358399 0.0013306854 0.0
0.44532394 -0.0057500199 0.0
0.39749345 -0.0053288983 0.0
0.49050065 -0.006123714 0.0
0.33108954 -0.0016610817 0.0
0.30355951 -3.2208388e-05 0.0
0.25167834 0.0035312381 0.0
0.42986788 0.0035704987 0.0
0.089997844 -0.0042657356 0.0
0.070267164 0.00030235872 0.0
0.014891957 -0.0030460238 0.0
0.39209213 -0.00050531241 0.0
0.32387781 0.0050566169 0.0
0.41890833 0.0040447206 0.0
0.52425673 0.0014333989 0.0
0.54830785 0.00086783561 0.0
0.54859348 0.00085231899 0.0
0.53433025 0.00193743 0.0
0.13155271 0.023561344 0.0
0.50634778 -0.0066310264 0.0
0.42186403 0.0037750503 0.0
0.29947484 0.0077808888 0.0
0.37552281 0.0044249225 0.0
0.41804604 0.0041969651 0.0
0.51908475 0.00077893519 0.0
0.45400737 0.0018836053 0.0
0.30615972 0.0090602633 0.0
0.43320476 0.0032269636 0.0
0.11154302 0.00087186661 0.0
0.17410347 0.0069964168 0.0
0.5139788 0.0015016917 0.0
0.54578714 0.0015410365 0.0
0.50753086 -0.0059936051 0.0
0.29318519 -0.0041768888 0.0
0.44636426 -0.0036808001 0.0
0.44813488 -0.0046289936 0.0
0.41357811 -0.0049273889 0.0
0.46598106 -0.005915244 0.0
0.46741202 0.0022628116 0.0
0.52793375 0.001610686 0.0
0.42842924 0.004148175 0.0
0.40535137 0.0040237862 0.0
0.51531717 -0.0060293734 0.0
0.5129286 -0.0059170216 0.0
0.49916299 -0.0054705527 0.0
0.28980258 -0.0011158923 0.0
0.50284539 0.0018252421 0.0
0.51506491 0.0018843505 0.0
0.46272484 0.0022431424 0.0
0.49007468 0.0020787849 0.0
0.44563691 -0.0055756783 0.0
0.47864123 -0.0043845653 0.0
0.51784848 -0.0052737894 0.0
0.54501344 -0.0053091941 0.0
0.50123709 0.001066822 0.0
0.52336173 0.0018626752 0.0
0.48162923 0.0016148803 0.0
0.4624838 0.0011448739 0.0
0.52652449 0.0019075444 0.0
0.54207732 0.0013921874 0.0
0.49118189 0.0035512649 0.0
0.54000556 0.0014368731 0.0
0.45703859 0.001523625 0.0
0.50070324 0.0028990946 0.0
0.51256594 -0.0054408454 0.0
0.50419766 -0.006772803 0.0
0.53920975 -0.0053937766 0.0
0.52277617 -0.0051945031 0.0
0.3383984 -0.0047526373 0.0
0.46593603 -0.0061346618 0.0
0.49234453 0.0026313233 0.0
0.47994521 0.0019067257 0.0
0.46299584 0.0027444966 0.0
0.50193105 0.0016782907 0.0
0.54922365 -0.0050901717 0.0
0.56618911 -0.0034186036 0.0
0.52279742 -0.0051432399 0.0
0.55751532 -0.0033723788 0.0
0.48189879 -0.0038449181 0.0
0.24063566 -0.00757859 0.0
0.50217075 -0.0047099474 0.0
0.23982211 0.00018785348 0.0
0.40654588 0.0035575741 0.0
0.42292813 0.0020674276 0.0
0.51771176 0.0013901113 0.0
0.55150351 0.00083548123 0.0
0.5561859 -0.0040699407 0.0
0.5652986 -0.0038762518 0.0
0.39244636 -0.0058586352 0.0
0.56651637 -0.0023207638 0.0
0.24187449 0.0018179788 0.0
0.4925281 -0.0057012496 0.0
0.51932771 -0.0058885819 0.0
0.56339386 -0.004726175 0.0
0.55980171 -0.002741524 0.0
0.3438484 -0.004981101 0.0
0.30499161 -0.0061688225 0.0
0.42896881 -0.0055509882 0.0
0.48036443 -0.0045974902 0.0
0.28449541 -0.0006828792 0.0
0.41376588 -0.0069173561 0.0
0.41161855 -0.0063862252 0.0
0.34289314 0.0024966166 0.0
0.41339171 0.003671889 0.0
0.49366104 0.0017447526 0.0
0.52374387 0.0017750854 0.0
0.54319036 -0.004962671 0.0
0.49865778 -0.006003362 0.0
0.56020298 -0.0018017739 0.0
0.51162183 -0.0058643808 0.0
0.41194561 0.00082854675 0.0
0.49996928 0.00072093879 0.0
0.48233284 0.00014352174 0.0
0.51914812 -0.00057842623 0.0
0.53958247 0.0006635131 0.0
0.55620355 -0.0032056264 0.0
0.51536957 -0.0063211329 0.0
0.51881813 -0.0057586104 0.0
0.51542897 -0.0063778352 0.0
0.52968368 -0.005568504 0.0
0.53235539 -0.0050327255 0.0
0.50528176 -0.0058420474 0.0
0.53782885 -0.0055040141 0.0
0.52153056 -0.0055831422 0.0
0.52996467 -0.0051539367 0.0
0.44823285 -0.0046267959 0.0
0.471902 -0.0057383022 0.0
0.41447476 -0.0044669325 0.0
0.41672401 0.0039393509 0.0
0.45202154 0.003471618 0.0
0.51886979 -0.00080997843 0.0
0.35715083 -0.0040688936 0.0
0.52550237 0.0017352448 0.0
0.51490595 0.0018599686 0.0
0.54158445 0.0010241745 0.0
0.56551811 -0.0042441667 0.0
0.53255456 -0.005268095 0.0
0.52945925 -0.0049724973 0.0
0.54688005 -0.0046274689 0.0
0.53421063 -0.0050188502 0.0
0.52874657 -0.0053483103 0.0
0.53820666 -0.0053427909 0.0
0.54693016 -0.0048061284 0.0
0.54347804 -0.0049287935 0.0
0.5391983 -0.0051633368 0.0
0.56370683 -0.0012790466 0.0
0.32900288 0.0037658519 0.0
0.31385973 0.0004341265 0.0
0.48227271 -0.00013403828 0.0
0.53471299 0.00019477562 0.0
0.46296757 0.0018499662 0.0
0.36393938 -0.00070749754 0.0
0.53792138 0.00094004595 0.0
0.55062744 0.00094726795 0.0
0.55919799 -0.0025650854 0.0
0.53256388 -0.0056474235 0.0
0.54383708 -0.0045162164 0.0
0.50387333 -0.0047398907 0.0
0.28788633 0.0016865805 0.0
0.3703654 -0.00011828456 0.0
0.52265252 -0.0008038188 0.0
0.56328658 -0.0010485576 0.0
0.5108741 0.00015265512 0.0
0.50339659 -0.00049786163 0.0
0.42387202 0.0032831111 0.0
0.49441685 -0.00033856057 0.0
0.53470944 0.00063312573 0.0
0.55166988 0.00017353528 0.0
0.56133596 -0.0022718119 0.0
0.54552781 0.00143859 0.0
0.52242279 -0.005502937 0.0
0.52321216 -0.0055874654 0.0
0.56113258 -0.0003707873 0.0
0.55109637 0.0007338502 0.0
0.52688034 -0.00579363 0.0
0.56660154 -0.0035936838 0.0
0.37236705 0.0053898701 0.0
0.31713191 9.0979607e-05 0.0
0.54637525 -0.0019545014 0.0
0.54933549 9.8046999e-05 0.0
0.5597506 -0.0065564497 0.0
0.55027692 4.5040048e-06 0.0
0.36128361 0.00064880557 0.0
0.41617813 0.00249444 0.0
0.55238336 0.00077989111 0.0
0.5486353 0.001065955 0.0
0.55808017 0.00027571914 0.0
0.55800274 0.00034548618 0.0
0.54867151 0.0012047512 0.0
0.53824846 0.00165845 0.0
0.55914172 -0.00050431381 0.0
0.56148083 -0.00056520854 0.0
0.55717914 0.00037964915 0.0
0.54203628 0.00097645112 0.0
0.56279189 -0.0012145305 0.0
0.55879596 0.00023229984 0.0
0.56036464 -0.00037250487 0.0
0.56102093 -0.00047194708 0.0
0.56359326 -0.0012665436 0.0
0.54577234 -0.0048259518 0.0
0.56008672 -0.0002442774 0.0
0.5639663 -0.0013311129 0.0
0.56185315 -0.00072715498 0.0
0.56290789 -0.0045015428 0.0
0.56419167 -0.001454772 0.0
0.56490639 -0.0021956578 0.0
0.41713009 -0.002674155 0.0
0.55541534 -0.0038090974 0.0
0.56479105 -0.0018844476 0.0
0.5637609 -0.0014941908 0.0
0.55092011 -0.004396977 0.0
0.54837394 0.0012010623 0.0
0.56805776 -0.0036671385 0.0
0.43425009 -0.0053984601 0.0
0.53904368 -0.0050062312 0.0
0.54507181 -0.0047805718 0.0
0.53920739 -0.0054124702 0.0
0.55534154 -0.0045347988 0.0
0.29351692 0.0094945298 0.0
0.25439284 0.0014173355 0.0
0.21148384 -0.0032377049 0.0
0.18916583 0.0092749261 0.0
0.5523858 -0.0011669361 0.0
0.56583697 -0.0019685924 0.0
0.5527905 -6.78802e-05 0.0
0.53954173 0.00044238364 0.0
0.55881791 -0.00030151333 0.0
0.55228485 0.00063776426 0.0
0.55754071 -0.0011363172 0.0
0.55956026 -0.00055745347 0.0
0.49484643 -0.00031960546 0.0
0.52443084 -0.0017816446 0.0
0.5354352 0.0020754597 0.0
0.53885105 0.0017683382 0.0
0.55316013 0.0012465266 0.0
0.56031498 -0.0027742498 0.0
0.56317866 -0.0012200585 0.0
0.56125372 -0.0004548758 0.0
0.5421703 -0.0050282995 0.0
0.55051202 -0.0047574385 0.0
0.56369853 -0.0041014032 0.0
0.53894724 -0.0052920308 0.0
0.45590768 -0.0039795291 0.0
0.5584623 -0.0046861479 0.0
0.34325924 0.0011027737 0.0
0.2693695 0.0049777276 0.0
0.29937521 0.0052534767 0.0
0.12102047 -0.0065037193 0.0
0.36338462 0.0053609394 0.0
0.32611454 0.0048374718 0.0
0.3602646 0.00028720564 0.0
0.41237423 0.002569414 0.0
0.19887898 0.0015252158 0.0
0.35574858 -0.00073014525 0.0
0.13892161 -0.0023020987 0.0
0.18019204 0.0082587138 0.0
0.21626722 0.0041581942 0.0
0.110606 -0.0011693405 0.0
0.50451264 0.00052714226 0.0
0.30622563 -0.0013488735 0.0
0.28329451 -0.00246614 0.0
0.06764514 0.0045057469 0.0
0.42757355 -0.0055050989 0.0
0.48318568 -0.0018713227 0.0
0.53677075 0.00027420957 0.0
0.55719188 -0.0012503576 0.0
0.56681954 -0.0024333605 0.0
0.56002209 -0.0047123481 0.0
0.45176117 0.00066025463 0.0
0.46647458 -0.0010524875 0.0
0.50046857 -0.00056517167 0.0
0.52435141 -0.0017899452 0.0
0.54074178 -0.0050988517 0.0
0.54495969 -0.0049053745 0.0
0.55443559 -0.0032655202 0.0
0.55501752 -0.0035797512 0.0
0.54497989 -0.0045699693 0.0
0.54194608 -0.0052451151 0.0
0.56983808 -0.0045077276 0.0
0.3815516 -0.0064411999 0.0
0.40500687 -0.0012943046 0.0
0.4785031 -0.0004707941 0.0
0.56186358 -0.001824521 0.0
0.56518678 -0.0019547275 0.0
0.56256655 -0.0012307722 0.0
0.5665403 -0.0027419762 0.0
0.54910198 -9.7826223e-05 0.0
0.53938725 -0.00099824173 0.0
0.51901408 -0.00041706576 0.0
0.53953318 -0.0016235053 0.0
0.5529204 -0.0042583249 0.0
0.55250088 -0.0043493918 0.0
0.55132206 -0.0045644578 0.0
0.56766116 -0.0032723868 0.0
0.48784249 -0.0043665743 0.0
0.56612369 -0.0048388728 0.0
0.34830901 0.00027008129 0.0
0.40272671 0.0016547263 0.0
0.45696732 -0.003399083 0.0
0.51712454 -0.0011395691 0.0
0.46339429 0.00063326015 0.0
0.46623869 -0.0011122702 0.0
0.55720536 -0.00093847279 0.0
0.56298266 -0.0014376516 0.0
0.56494487 -0.0019389173 0.0
0.56399688 -0.0013997962 0.0
0.56456242 -0.0019076269 0.0
0.56773175 -0.0028503032 0.0
0.56047913 -0.0017209725 0.0
0.56127335 -0.0017065084 0.0
0.53569125 -0.002602402 0.0
0.56741356 -0.0026840517 0.0
0.53626446 -0.0003427346 0.0
0.54883836 -0.00057982097 0.0
0.55934197 -0.0017355334 0.0
0.55866125 -0.0034415776 0.0
0.54247221 -0.0050709971 0.0
0.52833234 -0.0056008013 0.0
0.52298172 -0.0053307051 0.0
0.39453167 -0.0052263351 0.0
0.54911672 -0.0046056167 0.0
0.56727467 -0.0031817019 0.0
0.42260281 -0.0045621382 0.0
0.56656309 -0.0039689459 0.0
0.56479662 -0.0037991254 0.0
0.56521234 -0.0024286558 0.0
0.47839701 -0.00056887095 0.0
0.4847292 -0.0018955129 0.0
0.45379489 -0.0023889063 0.0
0.52202845 -0.0027663632 0.0
0.55708827 -0.0020856617 0.0
0.56644074 -0.005078524 0.0
0.55259716 -0.0042771021 0.0
0.55437857 -0.0041479829 0.0
0.55789036 -0.0035145612 0.0
0.5662512 -0.0030287385 0.0
0.56454175 -0.0047850263 0.0
0.55910096 -0.0034915667 0.0
0.47021825 -0.0036693512 0.0
0.56895714 -0.003669721 0.0
0.31954923 -0.0088911711 0.0
0.56002066 -0.0067451992 0.0
0.56521267 -0.0020747576 0.0
0.567748 -0.004080356 0.0
0.5534283 -0.0037577894 0.0
0.55574444 -0.0031445573 0.0
0.55399966 -0.004142833 0.0
0.5544283 -0.0043771961 0.0
0.56806759 -0.0044165416 0.0
0.56514909 -0.0018791036 0.0
0.41401173 -0.0016812549 0.0
0.48989028 -0.0027267713 0.0
0.56518357 -0.0029581315 0.0
0.56823638 -0.0030586268 0.0
0.56697399 -0.0040858292 0.0
0.54217168 -0.0052346663 0.0
0.5528218 -0.0037905419 0.0
0.55559591 -0.0030377878 0.0
0.55663648 -0.002717022 0.0
0.55949388 -0.0022525776 0.0
0.55781513 -0.0033561855 0.0
0.55579371 -0.0040743735 0.0
0.55461551 -0.0044955279 0.0
0.55350403 -0.0049900195 0.0
0.55633768 -0.0050485334 0.0
0.46827135 -0.0063201354 0.0
0.55929402 -0.0052803472 0.0
0.56468954 -0.0021824125 0.0
0.56214879 -0.0043317469 0.0
0.56495664 -0.0050883425 0.0
0.54410806 -0.0058112213 0.0
0.56133669 -0.0040925694 0.0
0.56464121 -0.0030477049 0.0
0.56043363 -0.004840916 0.0
0.55672571 -0.0046149839 0.0
0.55745561 -0.0028894369 0.0
0.55808796 -0.0024187784 0.0
0.55663011 -2.1650706e-05 0.0
0.55535898 0.00062896553 0.0
0.55906571 -0.0022356341 0.0
0.56028535 -0.00095854256 0.0
0.55790058 -0.0028622812 0.0
0.55767138 -0.0024014958 0.0
0.55922078 -0.00013279126 0.0
0.56152138 -0.00082206423 0.0
0.5598483 -0.0015061113 0.0
0.56311221 -0.0019523768 0.0
0.56071081 -0.0018650614 0.0
0.56330773 -0.0034282167 0.0
0.55074446 -0.0052459688 0.0
0.54197927 -0.0053245871 0.0
0.52278165 -0.0055914278 0.0
0.49982237 -0.0044337991 0.0
0.50437969 -0.0035784965 0.0
0.50635467 -0.0052562739 0.0
0.41666856 -0.0045094144 0.0
0.43957148 -0.0041439809 0.0
0.47557777 -0.0024292054 0.0
0.45551124 -0.0033434222 0.0
0.51280604 -0.0048381803 0.0
0.43262494 -0.005128235 0.0
0.41845032 -0.0022905278 0.0
0.44091392 -0.0048118683 0.0
0.47170908 -0.0034786836 0.0
0.42278686 -0.0054482206 0.0
0.4721094 -0.0046063442 0.0
0.46275866 -0.0056077328 0.0
0.43386195 -0.0054881663 0.0
0.38666841 -0.0034754825 0.0
0.31919245 -0.00074229374 0.0
0.56925158 -0.0044663355 0.0
0.38478732 -0.0023053921 0.0
0.38644008 -0.0031377805 0.0
0.47211327 -0.0049786984 0.0
0.44782668 -0.0056793747 0.0
0.42329388 -0.0045861838 0.0
0.38364179 -0.0037985508 0.0
0.56230926 -0.0056282975 0.0
0.56687543 -0.0051704958 0.0
0.55742062 -0.0061723984 0.0
0.5582372 -0.00376327 0.0
0.56157174 -0.0033427173 0.0
0.55959375 -0.0026243921 0.0
0.56026699 -0.0031612161 0.0
0.56096146 -0.0031467147 0.0
0.55912895 -0.0038171192 0.0
0.56126211 -0.0013397211 0.0
0.56230699 -0.001710147 0.0
0.52781548 -0.0054939865 0.0
0.51872411 -0.0051118708 0.0
0.51265042 -0.0041541747 0.0
0.4719548 -0.0038020271 0.0
0.33770709 -0.0082317183 0.0
0.11530135 -0.00096394549 0.0
0.30063279 -0.0030668342 0.0
0.39859446 -0.005549279 0.0
0.57094797 -0.0056461558 0.0
0.5677184 -0.0068054241 0.0
0.56657072 -0.0049087697 0.0
0.56258369 -0.0054232844 0.0
0.5627816 -0.0060351618 0.0
0.56324782 -0.0055363689 0.0
0.55195548 -0.0052055162 0.0
0.5556258 -0.0044612717 0.0
0.558581 -0.0038657434 0.0
0.55806702 -0.0042365031 0.0
0.55850987 -0.004278876 0.0
0.55379464 -0.0050675511 0.0
0.56094706 -0.0039473563 0.0
0.55871846 -0.0047911704 0.0
0.5528185 -0.0053023742 0.0
0.54685584 -0.0050621085 0.0
0.56111947 -0.0034959282 0.0
0.56299091 -0.0030767769 0.0
0.56204812 -0.0023559106 0.0
0.56381027 -0.0025311653 0.0
0.56079535 -0.002006376 0.0
0.56121017 -0.0020731988 0.0
0.56160828 -0.0012891797 0.0
0.56314433 -0.001377487 0.0
0.38783241 -0.0022228983 0.0
0.25873615 -0.0019448042 0.0
0.42162647 -0.0061194877 0.0
0.38353803 -0.0047753375 0.0
0.43893361 -0.0046973444 0.0
0.3960669 -0.0051631889 0.0
0.31765167 -0.0043855413 0.0
0.20803518 -0.0061758645 0.0
0.47230668 -0.0046747885 0.0
0.47436824 -0.0048061415 0.0
0.56864929 -0.0046844969 0.0
0.57021925 -0.0052902552 0.0
0.55679145 -0.0060861616 0.0
0.55796651 -0.0055471307 0.0
0.56843252 -0.005506349 0.0
0.36460183 -0.0053539421 0.0
0.55139084 -0.0049282248 0.0
0.55703566 -0.0049753093 0.0
0.54829869 -0.0053897615 0.0
0.53419762 -0.0046380736 0.0
0.55173866 -0.0050326462 0.0
0.54300261 -0.0045876155 0.0
0.53413726 -0.005139511 0.0
0.54591909 -0.0057857497 0.0
0.55104689 -0.0054157246 0.0
0.54555799 -0.0056659585 0.0
0.53701576 -0.0048647466 0.0
0.53378727 -0.0050208243 0.0
0.52555744 -0.0048040914 0.0
0.51235823 -0.0031972335 0.0
0.53417362 -0.0052454205 0.0
0.52515489 -0.0039175691 0.0
0.53540369 -0.0060411654 0.0
0.52055725 -0.0057944166 0.0
0.51035715 -0.0050256288 0.0
0.52372009 -0.0050512111 0.0
0.56194507 -0.0015930761 0.0
0.56260821 -0.0022475757 0.0
0.56033643 -0.00039609092 0.0
0.56275921 -0.0013474529 0.0
0.49984737 -0.0040963529 0.0
0.24811256 -0.00069977674 0.0
0.33972613 -0.0049031418 0.0
0.2997661 -0.0028841222 0.0
0.32395806 -0.0011382496 0.0
0.25176203 -0.0022298523 0.0
0.56899484 -0.003830343 0.0
0.56603875 -0.0024999857 0.0
0.56998278 -0.0057544376 0.0
0.56335861 -0.0068401255 0.0
0.56269655 -0.0052763312 0.0
0.56172487 -0.0053343771 0.0
0.56492159 -0.0058801954 0.0
0.54942601 -0.0065475103 0.0
0.54319036 -0.0056177658 0.0
0.49408008 -0.0052938959 0.0
0.50637987 -0.0052782105 0.0
0.47236107 -0.0045989655 0.0
0.53907887 -0.0047585603 0.0
0.53908177 -0.0053331344 0.0
0.11048421 -0.002398797 0.0
0.23914795 -0.0011627296 0.0
0.38173549 -0.0072173256 0.0
0.32917216 -0.0065955284 0.0
0.56856361 -0.0037243366 0.0
0.5685227 -0.0033919564 0.0
0.56081825 -0.0015908836 0.0
0.56829088 -0.0035383248 0.0
0.56993707 -0.0051325894 0.0
0.56666168 -0.0059904719 0.0
0.56624992 -0.0058919783 0.0
0.56754458 -0.0062313945 0.0
0.55083519 -0.008021439 0.0
0.50928164 -0.0065405604 0.0
0.54340457 -0.0047416631 0.0
0.50979818 -0.0055532648 0.0
0.4966708 -0.0052973496 0.0
0.4754747 -0.0053924412 0.0
0.51119258 -0.0049710817 0.0
0.49218724 -0.0041347162 0.0
0.50508773 -0.0054766302 0.0
0.49491698 -0.0052673208 0.0
0.44480675 -0.0020546479 0.0
0.49068884 -0.0041194924 0.0
0.51761193 -0.0055952347 0.0
0.48327751 -0.0048851368 0.0
0.12389793 0.0061977129 0.0
0.30081712 -0.0017839081 0.0
0.57000077 -0.0042705763 0.0
0.57047398 -0.0049161869 0.0
0.56722139 -0.0064327359 0.0
0.56318205 -0.0065997176 0.0
0.55698538 -0.006726987 0.0
0.5453169 -0.0065685751 0.0
0.55279265 -0.0052715022 0.0
0.53570414 -0.0062178644 0.0
0.52018786 -0.005871066 0.0
0.49697206 -0.0048482251 0.0
0.44759009 -0.002650509 0.0
0.39826165 -0.00042640077 0.0
0.48206606 -0.0034320701 0.0
0.47669352 -0.0042658246 0.0
0.57043591 -0.0059167304 0.0
0.56504266 -0.0073887916 0.0
0.56378346 -0.0070538309 0.0
0.55904274 -0.0073830717 0.0
0.54795536 -0.0054006552 0.0
0.54267028 -0.0056821288 0.0
0.55840555 -0.0059219381 0.0
0.53055025 -0.0062858429 0.0
0.51293117 -0.0069728133 0.0
0.43561766 -0.0022967004 0.0
0.45153074 -0.0023926616 0.0
0.45132641 -0.0037622169 0.0
0.56987773 -0.0043369416 0.0
0.57052837 -0.0046396332 0.0
0.55508927 -0.0035445488 0.0
0.55299321 -0.0077025096 0.0
0.56832534 -0.0069381456 0.0
0.56378733 -0.007170685 0.0
0.55662981 -0.0052353563 0.0
0.54392985 -0.005821059 0.0
0.55975369 -0.0054900172 0.0
0.55276476 -0.0056377179 0.0
0.54388251 -0.0068507468 0.0
0.52995186 -0.0060523966 0.0
0.55583749 -0.0073768989 0.0
0.36125753 0.00081115458 0.0
0.48163465 -0.0038548443 0.0
0.45665967 -0.0028752498 0.0
0.44646964 -0.0024289301 0.0
0.49263733 -0.0055775316 0.0
0.57072298 -0.0050270294 0.0
0.57153384 -0.0061053146 0.0
0.56542052 -0.0077187085 0.0
0.553802 -0.0072149383 0.0
0.52851531 -0.0064715417 0.0
0.48144049 -0.0039320891 0.0
0.47401139 -0.0044608291 0.0
0.40579478 -0.0061948881 0.0
0.49035142 -0.0057429489 0.0
0.49281895 -0.0059554215 0.0
0.41043856 -0.00062017052 0.0
0.37448028 -0.00020376088 0.0
0.48310398 -0.0048272497 0.0
0.47697701 -0.0056712297 0.0
0.57080457 -0.00685082 0.0
0.55915829 -0.0073915113 0.0
0.54165794 -0.007790322 0.0
0.55365483 -0.0068697102 0.0
0.37596818 -0.0030619918 0.0
0.2773935 0.00059650871 0.0
0.42791265 -0.0019037664 0.0
0.49188766 -0.0036148767 0.0
0.56762967 -0.0065958554 0.0
0.56777496 -0.0075586869 0.0
0.57047695 -0.0060836539 0.0
0.57080172 -0.0062715294 0.0
0.57095918 -0.0067645116 0.0
0.56442891 -0.005846583 0.0
0.56205835 -0.0075766943 0.0
0.54884513 -0.0077685937 0.0
0.41010454 -0.0035675838 0.0
0.39830759 -0.00086869981 0.0
0.24775443 0.00037417585 0.0
0.42711654 -0.0017603115 0.0
0.41951614 -0.0014353371 0.0
0.46915486 -0.0045551657 0.0
0.47327563 -0.0042026921 0.0
0.4475568 -0.0040929597 0.0
0.56072833 -0.0050901674 0.0
0.56235259 -0.007617393 0.0
0.55805677 -0.0079380058 0.0
0.53471246 -0.007611582 0.0
0.53475015 -0.0072249439 0.0
0.31534207 -0.00061716259 0.0
0.41362535 -0.00099508823 0.0
0.45617902 -0.00380801 0.0
0.31121152 -0.0021963346 0.0
0.42743726 -0.0033298114 0.0
0.55575353 -0.0076888675 0.0
0.33335615 -0.00067548741 0.0
0.19092392 0.0032695239 0.0
0.39214787 -0.004815623 0.0
0.40787584 -0.0049256741 0.0
0.10215008 0.00070812127 0.0
0.38349864 0.0019044666 0.0
0.54815805 -0.0075858596 0.0
0.30507374 0.0028013691 0.0
0.3835622 -0.0030167119 0.0
0.53767561 -0.0077618835 0.0
0.5494193 -0.0067894386 0.0
0.54829089 -0.0076354825 0.0
0.35364582 0.00050832767 0.0
0.54917307 -0.006292928 0.0
0.5422808 -0.0075394228 0.0
0.52796961 -0.0070742468 0.0
0.51080826 -0.0066958389 0.0
0.53781695 -0.0068125039 0.0
0.36554549 -0.00060691592 0.0
0.33143404 -0.00055035124 0.0
0.30349736 0.00068293005 0.0
0.37999515 -0.004676965 0.0
0.19928335 -0.0013050177 0.0
0.23338862 -0.001675081 0.0
0.54374361 -0.0073441512 0.0
0.53194358 -0.0071371773 0.0
0.53049424 -0.0073530692 0.0
0.5437679 -0.0070863564 0.0
0.42646708 -0.0049244453 0.0
0.52704642 -0.0076018618 0.0
0.29212454 -0.0070495737 0.0
0.52402917 -0.0070083055 0.0
0.44423877 -0.0050242137 0.0
0.50376412 -0.0067313771 0.0
0.52369072 -0.0070966287 0.0
0.53734822 -0.0066969165 0.0
0.50248745 -0.0061965666 0.0
0.33342908 -0.0050089301 0.0
0.50504713 -0.0065584982 0.0
0.51312526 -0.0067098888 0.0
0.45723786 -0.0059496602 0.0
0.43717388 -0.0031336172 0.0
0.41038705 -0.0052490619 0.0
0.39948459 -0.0034934943 0.0
0.47428928 -0.0056793442 0.0
0.49568711 -0.0069768507 0.0
0.12822656 -0.004909473 0.0
0.18144176 0.0062793848 0.0
0.47013067 0.00032972999 0.0
0.23904938 0.0048950141 0.0
0.30817461 0.0077574397 0.0
0.083587312 -0.0045461362 0.0
0.38169762 0.0046792246 0.0
0.32242535 0.0027041028 0.0
0.26273035 0.0085865064 0.0
0.30089471 0.0036294154 0.0
0.13157711 0.0010456413 0.0
0.12869142 0.003085998 0.0
0.055774883 0.0055537237 0.0
0.10969983 0.0049822131 0.0
0.39136639 0.00026583806 0.0
0.44457663 0.0017758404 0.0
0.36768408 0.0012081384 0.0
0.43276052 0.00337318 0.0
0.42724287 0.0010390369 0.0
0.47212584 0.00068911393 0.0
0.25570588 0.002458531 0.0
0.41475428 0.0038816585 0.0
0.5168406 0.003693825 0.0
0.5270894 0.0059685166 0.0
0.53698258 0.0051908643 0.0
0.5399958 0.0075133865 0.0
0.53603917 0.0063027609 0.0
0.54057235 0.0063985636 0.0
0.54353684 0.0041807568 0.0
0.5434313 0.003384035 0.0
0.44683411 0.0058335726 0.0
0.46549276 0.0045911929 0.0
0.53780412 0.0040012152 0.0
0.5450681 0.0037127991 0.0
0.54820125 -0.00063051513 0.0
0.54958112 0.00061995022 0.0
0.53846229 0.0029643646 0.0
0.53341595 0.0036179129 0.0
0.49960374 0.0037209374 0.0
0.50301385 0.0047186362 0.0
0.48085756 0.0029396489 0.0
0.50169407 0.0055760642 0.0
0.46364336 0.0044430475 0.0
0.46878706 0.0026668792 0.0
0.40314413 0.0063038914 0.0
0.44562159 0.0032983079 0.0
0.46470172 0.0033581447 0.0
0.42181515 0.0037449054 0.0
0.5533179 0.00075765499 0.0
0.55286584 0.00018220911 0.0
0.53547293 0.010931843 0.0
0.5229999 0.012114851 0.0
0.53183507 0.010148632 0.0
0.53112061 0.0096499524 0.0
0.54028214 -0.0055190666 0.0
0.53584385 -0.0057797693 0.0
0.53469317 -0.0060873578 0.0
0.52773431 -0.00577828 0.0
0.52899373 0.0083430898 0.0
0.53172717 0.0097150905 0.0
0.52991186 0.0064485103 0.0
0.42639093 0.0073169307 0.0
0.52952769 0.0079116491 0.0
0.52700055 0.016794116 0.0
0.52625274 0.0079791704 0.0
0.22118978 0.0097389689 0.0
0.53552436 0.0098270064 0.0
0.53534604 0.011124029 0.0
0.53208116 0.010395565 0.0
0.53590035 0.01289925 0.0
0.54114195 -0.004545425 0.0
0.54019835 -0.0048307477 0.0
0.53995849 0.0020734443 0.0
0.53901878 0.0018494582 0.0
0.5286112 -0.0007763125 0.0
0.52685992 0.0075603704 0.0
0.55582016 0.00046431039 0.0
0.55402518 -0.00084332504 0.0
0.5343813 0.0069905 0.0
0.533829 0.0061399621 0.0
0.50873817 0.0029245156 0.0
0.51307663 0.0028179007 0.0
0.5372116 -0.00050103954 0.0
0.53744577 0.0011219198 0.0
0.53462892 0.0014976071 0.0
0.53776848 0.0013781493 0.0
0.55295699 -0.0018259924 0.0
0.55428613 -0.0015168022 0.0
0.55378382 -0.0024800747 0.0
0.55249096 -0.001782069 0.0
0.55310773 -0.00078793138 0.0
0.55356655 -0.00074898907 0.0
0.55005036 -0.0034776563 0.0
0.5514602 -0.0025768377 0.0
0.55409235 8.7561641e-05 0.0
0.55486181 9.4569708e-05 0.0
0.55517319 0.00022871389 0.0
0.55604689 -0.00084989012 0.0
0.53362611 -0.0001967776 0.0
0.53360575 0.0012755638 0.0
0.41676836 0.0026868583 0.0
0.36378766 0.0022314826 0.0
0.32085503 -0.00052970895 0.0
0.23217979 0.0031460805 0.0
0.55531955 0.00063912724 0.0
0.55887694 -0.0013343364 0.0
0.53603172 -0.00066509693 0.0
0.53406256 -0.00077206579 0.0
0.53333212 -0.002198825 0.0
0.53441217 -0.0011711476 0.0
0.098172535 -0.0021116793 0.0
0.053168302 0.0018664427 0.0
0.23926873 0.0014462228 0.0
0.26780733 0.0042695267 0.0
0.14423053 -0.0050560069 0.0
0.25304138 0.0015687522 0.0
0.26537059 -0.00033378537 0.0
0.34884803 0.0026185121 0.0
0.16918711 0.0057803509 0.0
0.32817394 -0.0012370174 0.0
0.36211247 0.0034768778 0.0
0.34781488 0.0034539037 0.0
0.23504052 0.0017185258 0.0
0.1584365 0.0042541854 0.0
0.24785753 0.00027958162 0.0
0.11444102 0.0061102241 0.0
0.35072514 -0.003926668 0.0
0.30017428 -0.0044456736 0.0
0.55565258 -0.0022665049 0.0
0.55420945 -0.0032356766 0.0
0.5319038 0.00011051687 0.0
0.53024948 -0.00035030994 0.0
0.52927099 -0.00099451204 0.0
0.52949564 0.00020582552 0.0
0.52372925 -0.0026411322 0.0
0.5270185 -0.0016958819 0.0
0.51167203 -0.0035968636 0.0
0.5274165 0.0058759264 0.0
0.52603935 -0.0011083033 0.0
0.52813654 -0.0005425244 0.0
0.524004 -0.0028891408 0.0
0.52596133 -0.0017305782 0.0
0.51918855 -0.0027323203 0.0
0.52306469 -0.002561904 0.0
0.52726409 -0.00069866124 0.0
0.52797287 0.0037908875 0.0
0.5197589 -0.0027841093 0.0
0.52253421 -0.0012764976 0.0
0.52550246 -0.0016846702 0.0
0.52847016 -0.00022259332 0.0
0.52466056 -0.00036528797 0.0
0.52704486 0.00014424355 0.0
0.52368246 -0.0019659602 0.0
0.52509115 -0.00096856434 0.0
0.51303601 -0.0021207235 0.0
0.51910533 -0.0021046034 0.0
0.52068861 -0.0031600971 0.0
0.51986007 -0.0022269969 0.0
0.50973366 -0.0054604646 0.0
0.34092058 0.0033936994 0.0
0.51293682 -0.0033572372 0.0
0.52355715 -0.0014281877 0.0
0.52092083 -0.0024342186 0.0
0.51230234 -0.0032177805 0.0
0.52270228 0.024790704 0.0
0.5204316 -0.0016343463 0.0
0.47132226 -0.0049477974 0.0
0.51334311 -0.0026268709 0.0
0.5132838 -0.002871732 0.0
0.51942566 -0.0014401509 0.0
0.25002451 0.00040611726 0.0
0.50345515 -0.0039947618 0.0
0.510166 0.0049145826 0.0
0.52233471 0.0038164301 0.0
0.52480431 -0.0063085872 0.0
0.52159644 -0.0060592288 0.0
0.53255878 -0.0013417115 0.0
0.53316732 -0.00011336068 0.0
0.40436714 -0.0029661401 0.0
0.3777152 -0.0053351532 0.0
0.4897374 -0.0060797747 0.0
0.46329499 -0.0069155502 0.0
0.39929523 -0.0062594224 0.0
0.4474932 -0.0062760568 0.0
0.48197808 -0.0072918331 0.0
0.46038113 -0.0051783832 0.0
0.42546554 -0.0062950035 0.0
0.46992819 -0.0055048103 0.0
0.29128349 -0.0024730125 0.0
0.38338951 -0.0073231862 0.0
0.2107296 0.0025171512 0.0
0.43314216 -0.0037642968 0.0
0.41542664 -0.006534091 0.0
0.069257574 0.0042900747 0.0
0.17559908 0.0024156142 0.0
0.29430061 -0.0021504061 0.0
0.33257267 -0.002672301 0.0
0.40968089 -0.002524494 0.0
0.39226347 -0.0036637955 0.0
0.39133087 -0.0020811659 0.0
0.2651444 -0.0013942267 0.0
0.35989572 -0.0055809475 0.0
0.37777279 -0.0057181972 0.0
0.43368916 -0.0045876269 0.0
0.47648536 -0.0064143613 0.0
0.47521835 -0.0072477238 0.0
0.20477526 0.0016156014 0.0
0.3130268 -0.0062860418 0.0
0.066932582 -0.0027410667 0.0
0.10167609 -0.0060149824 0.0
0.33788266 -0.0049663956 0.0
0.10230597 0.00023073662 0.0
0.26596567 -0.0010128494 0.0
0.18913745 -0.004769561 0.0
0.20013883 -0.00083984469 0.0
0.28873106 -0.0043434651 0.0
0.33944607 -0.0033928677 0.0
0.21984994 -0.0055867117 0.0
0.080552022 -0.0057420009 0.0
0.37780142 -0.0070615308 0.0
0.089230697 -0.0040710822 0.0
0.20509791 -0.0072527037 0.0
0.39903863 -0.0048283107 0.0
0.34656819 -0.0035453499 0.0
0.35872622 -0.0062917983 0.0
0.28276871 -0.0043993626 0.0
0.11306834 -0.0081230694 0.0
0.30661195 -0.006145967 0.0
0.2733126 -0.0027342264 0.0
0.21849846 -0.0065314133 0.0
0.11526637 -0.00042561281 0.0
0.032593549 0.0022737208 0.0
0.19036602 -0.0013928358 0.0
0.091810019 0.0012328678 0.0
0.18736625 -0.0051201983 0.0
0.17527553 -0.00057347052 0.0
0.19720977 -0.0017441847 0.0
0.098601859 -0.00082546552 0.0
0.21243075 -0.0033266908 0.0
0.039210549 -0.0018486354 0.0
0.37266178 -0.00064719156 0.0
0.094574863 -0.0061905766 0.0
0.18541889 -0.0013664549 0.0
0.27285512 0.000607638 0.0
0.2953531 -0.0028497022 0.0
0.24329403 0.0020066813 0.0
0.41202125 -0.0042157023 0.0
0.34172425 -0.0011793471 0.0
0.37226217 -0.0024394323 0.0
0.33190562 -0.0042020062 0.0
0.26716293 -0.0010702617 0.0
0.34386942 -0.0017478478 0.0
0.45004327 -0.0054872254 0.0
0.26291568 -0.0069408742 0.0
0.32448721 -0.003301373 0.0
0.20361086 0.001453016 0.0
0.45917094 -0.0039184865 0.0
0.45000121 -0.0060773087 0.0
0.40662699 -0.0020871175 0.0
0.34568909 -0.0013310719 0.0
0.38184795 -0.0033492829 0.0
0.33638892 -0.0030557152 0.0
0.45386194 -0.0048464979 0.0
0.30977423 -0.0036303604 0.0
0.38868011 -0.0025003551 0.0
0.43409734 -0.0018511777 0.0
0.45609228 -0.0057780413 0.0
0.33734388 -0.002673059 0.0
0.11304864 -0.0051453988 0.0
0.28175394 0.0054268314 0.0
0.093315326 -0.0091384325 0.0
0.36437185 -0.0016946772 0.0
0.32589853 -0.0040146985 0.0
0.40111083 -0.0070357715 0.0
0.31312852 -0.0046822981 0.0
0.1804436 0.0047843947 0.0
0.26378804 -0.005351238 0.0
0.23383768 -0.0050953712 0.0
0.26482058 -0.0048961233 0.0
0.28036618 0.0031055536 0.0
0.37751052 -0.0010293982 0.0
0.48663235 -0.0045778473 0.0
0.33649671 -0.00028371598 0.0
0.23391642 0.0023733475 0.0
0.22666508 -0.005113296 0.0
0.33737467 0.0038113961 0.0
0.14076618 0.0023989022 0.0
0.13954051 -0.0060482434 0.0
0.39791133 -0.0014056888 0.0
0.17625406 -0.0080789484 0.0
0.24376227 -0.0031711207 0.0
0.40238444 -0.0036681219 0.0
0.26088806 0.003341765 0.0
0.31704985 0.0051836726 0.0
0.39621442 -0.0018327299 0.0
0.11907202 0.00088386795 0.0
0.33359781 0.00060605481 0.0
0.34615235 -0.0068921948 0.0
0.45496718 -0.0037785819 0.0
0.38509163 -0.001584717 0.0
0.3281139 -0.0024656203 0.0
0.38092244 0.00015442612 0.0
0.41325945 -0.0036274139 0.0
0.26268086 -0.0001516261 0.0
0.33750092 -0.0064599034 0.0
0.23681186 0.0058669559 0.0
0.50632692 -0.0034031299 0.0
0.14750636 0.0089374589 0.0
0.50108175 -0.0040033822 0.0
0.48541343 -0.0052053454 0.0
0.087719212 -0.00098142288 0.0
0.51123546 0.0084230564 0.0
0.32885956 -0.0015614579 0.0
0.40525555 -0.0068653263 0.0
0.45855538 -0.0031217476 0.0
0.47530033 -0.0044397131 0.0
0.47425809 -0.0057580674 0.0
0.45588207 -0.0048577448 0.0
0.23681568 0.0026822574 0.0
0.19807277 0.0021322273 0.0
0.11431128 0.001120181 0.0
0.091371403 0.0060547286 0.0
0.33961951 -0.0024530388 0.0
0.12192824 0.0051430157 0.0
0.31411251 0.00048613009 0.0
0.47403586 -0.0054507605 0.0
0.47777687 -0.0068957146 0.0
-0.0026322229 0.005748371 0.0
0.024989324 0.0047017048 0.0
-0.0021279962 0.00045135005 0.0
0.017749863 0.0010323513 0.0
-0.0013922778 -0.0035089275 0.0
0.074989176 0.0019012336 0.0
0.26896023 -0.0002088242 0.0
0.18533645 -0.0078625509 0.0
0.038888158 -0.0065430729 0.0
0.1350905 0.014323755 0.0
0.011457754 -0.0091877219 0.0
0.066388258 0.019893245 0.0
0.23680191 0.01073594 0.0
0.23540226 0.0053751257 0.0
0.048389056 -0.0044162131 0.0
-0.0049410927 -0.018261052 0.0
0.018766916 -0.0006871208 0.0
0.17956925 0.013552999 0.0
-0.0076014195 -0.014998405 0.0
-0.013813795 -0.0055741933 0.0
0.00011189406 -0.018026818 0.0
-0.01139373 -0.008671829 0.0
0.26009439 0.0013843832 0.0
0.19013461 0.0012189468 0.0
0.53964415 -0.0051266226 0.0
0.53016688 -0.0058414532 0.0
0.53891129 -0.0053498458 0.0
0.54394184 -0.0051562101 0.0
0.50260023 -0.0055438378 0.0
0.48983348 -0.0058374311 0.0
0.28367887 0.0048972389 0.0
0.24187601 0.013555913 0.0
0.53881734 0.00040856755 0.0
0.19731472 0.0010247845 0.0
0.52673399 0.0011497413 0.0
0.53441248 0.0014429718 0.0
0.53841931 0.00081725995 0.0
0.39840228 -0.0059978393 0.0
0.3946997 -0.0052494524 0.0
0.36610335 0.0059671855 0.0
0.40609204 0.004147746 0.0
0.54994119 -0.0038736919 0.0
0.54654498 -0.0048362904 0.0
0.22891435 0.010725348 0.0
0.096572961 0.0020148772 0.0
0.21574576 0.010025591 0.0
0.060597087 0.0036894481 0.0
0.26514454 0.0041665471 0.0
0.11472054 0.010870296 0.0
0.12221627 -0.0074564064 0.0
0.20608369 0.010298246 0.0
0.21015557 0.0094940021 0.0
0.18829041 0.0058705238 0.0
0.067419225 -0.0010103824 0.0
0.24631826 -0.00142611 0.0
0.096969946 -0.0045329276 0.0
0.548898 0.0011654444 0.0
0.55567681 0.00063596467 0.0
0.55648217 0.00061937215 0.0
0.5587706 -0.00015147574 0.0
0.54662739 0.0015107475 0.0
0.55081639 0.0013336302 0.0
0.55438328 0.00073393047 0.0
0.56261869 -0.0012747676 0.0
0.5569078 0.0003847273 0.0
0.55707614 0.00059224617 0.0
0.54510586 -0.005173606 0.0
0.54962534 -0.0046548947 0.0
0.54940201 -0.0045921637 0.0
0.55258326 -0.0037588965 0.0
0.41281378 -0.0027585342 0.0
0.45676497 -0.0034514208 0.0
0.37712653 -0.0045898455 0.0
0.38274789 -0.0037379099 0.0
0.42060481 -0.0031474852 0.0
0.46133623 -0.0010388337 0.0
0.5188034 -0.0020681032 0.0
0.56777771 -0.0037397367 0.0
0.42567608 -0.0032406935 0.0
0.48782814 -0.0042253257 0.0
0.56585857 -0.0023476131 0.0
0.56607711 -0.0026390046 0.0
0.55638622 -0.0023991554 0.0
0.55748922 -0.0020960591 0.0
0.55829415 -0.0013979061 0.0
0.55907388 -0.0016909495 0.0
0.55763456 -0.0003303328 0.0
0.55572781 0.00062448018 0.0
0.5647467 -0.0016256712 0.0
0.56568266 -0.0021076056 0.0
0.56691004 -0.0027842312 0.0
0.56608216 -0.0022478564 0.0
0.47997874 -0.0043971656 0.0
0.47166918 -0.0046296522 0.0
0.31592486 -0.0034290211 0.0
0.38987848 -0.0037792169 0.0
0.17859518 -0.002594057 0.0
0.1119952 -0.0048960906 0.0
0.32208843 -0.0042534649 0.0
0.10973291 -0.0043674159 0.0
0.31291112 -0.0061259184 0.0
0.56182928 -0.0042226323 0.0
0.086980474 -0.0030999341 0.0
0.23890239 -0.0043498737 0.0
0.3061164 -0.0052333967 0.0
0.25340692 -0.0073837099 0.0
0.37400068 -0.0024113371 0.0
0.56325488 -0.0040148337 0.0
0.18018781 0.00017289665 0.0
0.56436772 -0.0020588992 0.0
0.56338383 -0.0032854425 0.0
0.56169422 -0.0034767029 0.0
0.56295093 -0.002597236 0.0
0.56569257 -0.0025667837 0.0
0.56409576 -0.0031496261 0.0
0.56587896 -0.0029387682 0.0
0.56506744 -0.0032129428 0.0
0.55940316 -0.0039574588 0.0
0.56126885 -0.0030077449 0.0
0.56349223 -0.0024381729 0.0
0.56241543 -0.0025190178 0.0
0.5634763 -0.0019657548 0.0
0.56247972 -0.0012547175 0.0
0.47219511 -0.0032710257 0.0
0.47726938 -0.0047446034 0.0
0.49345926 -0.0026359871 0.0
0.47306245 -0.0038760342 0.0
0.45497293 -0.0030335312 0.0
0.50250431 -0.0039257501 0.0
0.49266486 -0.0027246933 0.0
0.54926472 -0.0063326263 0.0
0.55283101 -0.0061157107 0.0
0.55345637 -0.0058207564 0.0
0.55746568 -0.005939098 0.0
0.55972226 -0.0029002636 0.0
0.56996421 -0.004270973 0.0
0.56927539 -0.0038519638 0.0
0.56966921 -0.0041767726 0.0
0.56368707 -0.0053502125 0.0
0.57164109 -0.0056237524 0.0
0.52874438 -0.0061571606 0.0
0.53736954 -0.006360548 0.0
0.5454376 -0.0071258256 0.0
0.5353421 -0.0065944148 0.0
0.57097524 -0.0051176019 0.0
0.57135255 -0.0054643474 0.0
0.53337591 -0.006022988 0.0
0.52427614 -0.0067002205 0.0
0.47252749 -0.00331028 0.0
0.4392461 -0.0019958177 0.0
0.50079205 -0.007304136 0.0
0.47197717 -0.007331903 0.0
0.57191371 -0.0065270672 0.0
0.57043896 -0.0066053662 0.0
0.51157846 -0.0034309412 0.0
0.5320217 -0.0050424235 0.0
0.55230996 -0.006619647 0.0
0.54142548 -0.00646253 0.0
0.45087873 -0.0064807484 0.0
0.35179786 -0.0028414071 0.0
0.54123236 -0.0061751121 0.0
0.52490605 -0.0075910318 0.0
0.52484686 -0.0074489932 0.0
0.48206762 -0.0071593621 0.0
0.20461389 -0.006116614 0.0
0.47037671 -0.0070847102 0.0
0.50492512 -0.0069328542 0.0
0.52137797 -0.006909945 0.0
0.50431749 -0.006615627 0.0
0.52922701 -0.0056579294 0.0
0.17705898 0.0053984694 0.0
0.26414258 0.0034958356 0.0
0.2446467 -0.0035179747 0.0
0.3345214 -0.00055258467 0.0
0.26536896 0.0017081025 0.0
0.10236437 -0.0043845004 0.0
0.050164789 0.00070519113 0.0
0.40263674 0.0027021509 0.0
0.12021729 -0.0009698948 0.0
0.20673744 0.0048531172 0.0
0.17492008 -0.0032683016 0.0
0.072374719 0.0038047613 0.0
0.35119362 0.00053481156 0.0
0.11832776 -0.010531225 0.0
0.51878668 0.0090530221 0.0
0.15861983 -0.0043298357 0.0
0.30148301 -0.0046436091 0.0
0.17725725 -0.0083592442 0.0
0.050146247 0.0053990285 0.0
0.2433108 -0.0059263714 0.0
0.029013593 -0.0055309958 0.0
0.28182856 -0.003670654 0.0
0.28079034 4.7079414e-06 0.0
0.30375907 -0.0018807283 0.0
0.41086139 0.003863555 0.0
0.46363713 0.0023191835 0.0
0.41545157 0.0035535581 0.0
0.3468298 0.0021454576 0.0
0.17818986 -0.010087915 0.0
0.36729324 0.0035106439 0.0
0.27238203 -0.004020375 0.0
0.48346386 0.0089776269 0.0
0.27231545 0.0039860596 0.0
0.35735223 0.0034634992 0.0
0.33154266 0.0055876577 0.0
0.48391104 0.0083862619 0.0
0.11384224 0.0038926185 0.0
0.12123092 0.00048744709 0.0
0.11693419 0.0038594772 0.0
0.33805535 0.0035265865 0.0
0.28179561 0.0059131016 0.0
0.50988108 0.010819144 0.0
0.38189372 0.0098135668 0.0
0.34003356 0.0021712829 0.0
0.3540251 0.0060340827 0.0
0.31411705 0.0077954916 0.0
0.24837243 0.0078495636 0.0
0.27527305 0.0064600446 0.0
0.41663283 0.0065538089 0.0
0.12406179 -0.00052660284 0.0
0.45077289 0.0087611023 0.0
0.31008277 0.010632415 0.0
0.35935045 0.0073733689 0.0
0.37280843 0.010551407 0.0
0.4852223 0.010648455 0.0
0.48970971 0.012802576 0.0
0.41623185 0.0029259051 0.0
0.37812106 -0.0019802573 0.0
0.12098263 0.0010972597 0.0
0.18776002 0.0024480006 0.0
0.38325955 0.0052349025 0.0
0.30914392 0.0053460914 0.0
0.41469029 0.0034446256 0.0
0.4153182 0.002453771 0.0
0.50846007 0.0049454128 0.0
0.47921405 0.0056799974 0.0
0.54088108 0.0060140481 0.0
0.53551979 0.0057601448 0.0
0.53644107 0.008651229 0.0
0.53688359 0.0071900775 0.0
0.54169233 0.0062407171 0.0
0.54080541 0.0072086864 0.0
0.53816243 0.010617998 0.0
0.53751505 0.011423803 0.0
0.53617571 0.010504253 0.0
0.5365433 0.0095235904 0.0
0.53615927 0.0098429973 0.0
0.537026 0.01018579 0.0
0.52715362 0.010392208 0.0
0.50033585 0.0065739298 0.0
0.52845112 0.0076309552 0.0
0.52854262 0.0081016225 0.0
0.5271829 0.010506826 0.0
0.45056739 0.009270625 0.0
0.51893244 0.009192434 0.0
0.5266995 0.0087171204 0.0
0.51868061 0.0095722428 0.0
0.48674407 0.011109037 0.0
0.52682983 0.0083681369 0.0
0.53872831 0.0082536235 0.0
0.53423619 0.011235317 0.0
0.49884433 0.010796457 0.0
0.5122948 0.0086677078 0.0
0.49781662 0.0085643185 0.0
0.49616118 0.0097467777 0.0
0.41248312 0.0035759914 0.0
0.49996206 0.010475195 0.0
0.46997844 0.010420472 0.0
0.45525604 0.009237828 0.0
0.47878556 0.0083996051 0.0
0.44074786 0.0065220805 0.0
0.4130852 0.0038087409 0.0
0.51962192 0.0078574144 0.0
0.52187175 0.0064558201 0.0
0.53844925 0.0087078935 0.0
0.53507701 0.0094746554 0.0
0.53609568 0.012040912 0.0
0.50687593 0.011150115 0.0
0.43428478 0.0056299277 0.0
0.36872199 0.00039866996 0.0
0.42461304 0.0029381735 0.0
0.47875109 0.0074049306 0.0
0.53497349 0.0068811123 0.0
0.535803 0.0079372834 0.0
0.51265707 0.0079051109 0.0
0.49865834 0.0060689302 0.0
0.50341096 0.0062574684 0.0
0.49540721 0.0048333468 0.0
0.52285368 0.011388418 0.0
0.515681 0.011476798 0.0
0.52426613 0.012807696 0.0
0.52433448 0.013129387 0.0
0.50915432 0.011271156 0.0
0.48554177 0.0093435424 0.0
0.53247754 0.012479801 0.0
0.51527908 0.011742744 0.0
0.53418442 0.011908112 0.0
0.53231361 0.013817841 0.0
0.52631329 0.012547867 0.0
0.53550407 0.013033146 0.0
0.53302106 0.013712347 0.0
0.50627565 0.014443689 0.0
0.52249862 0.013911807 0.0
0.49187623 0.011518531 0.0
0.45433765 0.010411025 0.0
0.41776423 0.012093284 0.0
0.51843643 0.013298779 0.0
0.47838117 0.010262552 0.0
0.52949117 0.014086165 0.0
0.5096137 0.011631774 0.0
0.53511619 0.016074253 0.0
0.51137425 0.013668378 0.0
0.51862202 0.013929195 0.0
0.5062733 0.013572855 0.0
0.53350544 0.014242497 0.0
0.51581254 0.014456302 0.0
0.53422766 0.015101703 0.0
0.44924501 0.0093167591 0.0
0.53026135 0.014460357 0.0
0.53317675 0.01727209 0.0
0.53425196 0.01821211 0.0
0.48740394 0.013104692 0.0
0.5324545 0.016402683 0.0
0.50759491 0.01416683 0.0
0.49267026 0.014092813 0.0
0.45656603 0.0075954207 0.0
0.51144019 0.013548045 0.0
0.48510602 0.010653 0.0
0.50889678 0.014102427 0.0
0.4936526 0.011778066 0.0
0.44749328 0.0083189162 0.0
0.41196601 0.0080455931 0.0
0.53200111 0.020684053 0.0
0.47604547 0.015457217 0.0
0.49241438 0.013307274 0.0
0.48341228 0.010910044 0.0
0.45604253 0.008198082 0.0
0.32982801 -0.00031809982 0.0
0.52807958 0.018463506 0.0
0.5076035 0.015338827 0.0
0.49204966 0.011915184 0.0
0.40513947 0.0060673244 0.0
0.53385254 0.020002238 0.0
0.52135533 0.024860558 0.0
0.47992736 0.012305959 0.0
0.45613293 0.0089055557 0.0
0.37971546 0.0022714198 0.0
0.33535455 0.006091844 0.0
0.51984741 0.017607051 0.0
0.53286275 0.023009914 0.0
0.51953497 0.020197138 0.0
0.50600872 0.020992734 0.0
0.43864953 0.0091744355 0.0
0.39410599 0.0025372294 0.0
0.52687229 0.016200923 0.0
0.53401643 0.018794988 0.0
0.53311427 0.02069748 0.0
0.30246966 -0.0028368895 0.0
0.50483104 0.015988335 0.0
0.36651359 -0.002867091 0.0
0.40936732 0.0066218881 0.0
0.25082141 -0.0088167493 0.0
0.30768607 0.0035750909 0.0
0.34006441 0.010885965 0.0
0.53049251 0.020179308 0.0
0.53194193 0.02463241 0.0
0.53217417 0.021816488 0.0
0.51651508 0.021547176 0.0
0.51639255 0.020761957 0.0
0.52781533 0.024655133 0.0
0.25055759 -0.0021878918 0.0
0.40714531 0.0071181982 0.0
0.37655937 0.0040070691 0.0
0.40446699 0.0079980764 0.0
0.53410915 0.019118066 0.0
0.5334477 0.019535599 0.0
0.53418925 0.022806269 0.0
0.53127834 0.022868524 0.0
0.52773407 0.025872746 0.0
0.50736624 0.022741018 0.0
0.41340541 0.0086698086 0.0
0.36301408 3.9777206e-05 0.0
0.21793408 -0.0049816095 0.0
0.087722283 0.0018381426 0.0
0.52858033 0.01787305 0.0
0.53463285 0.017430843 0.0
0.53285062 0.017228547 0.0
0.53061322 0.030453284 0.0
0.53336119 0.025901265 0.0
0.53160607 0.029483495 0.0
0.39818543 0.0096549832 0.0
0.51539727 0.03094296 0.0
0.30811104 -0.0055622237 0.0
0.39787685 0.0062964655 0.0
0.34991792 -0.0022191727 0.0
0.23668354 -0.006686616 0.0
0.52806302 0.014922261 0.0
0.53295822 0.018036574 0.0
0.53488255 0.016413028 0.0
0.5272676 0.017938704 0.0
0.53441022 0.021127378 0.0
0.53299134 0.025099081 0.0
0.53090395 0.018493065 0.0
0.53173028 0.021880287 0.0
0.52771043 0.022050944 0.0
0.42448496 0.014057935 0.0
0.53222801 0.03049676 0.0
0.52214061 0.026517026 0.0
0.41227634 0.0063757957 0.0
0.47291476 0.022029673 0.0
0.22128893 -0.0024849934 0.0
0.24900773 -0.0062953128 0.0
0.14231443 -0.014745626 0.0
0.14325688 0.0045343273 0.0
0.53320798 0.015880009 0.0
0.53140891 0.011024427 0.0
0.52354674 0.015247451 0.0
0.5211777 0.018605426 0.0
0.5334689 0.024351557 0.0
0.53164112 0.0278306 0.0
0.29200922 0.013028715 0.0
0.53098124 0.03300535 0.0
0.50378782 0.025917298 0.0
0.18574593 0.0058564503 0.0
0.45283405 0.015733401 0.0
0.20138091 -0.0014016283 0.0
0.52199517 0.017863502 0.0
0.19308224 0.0022031274 0.0
0.52614549 0.011929892 0.0
0.19424835 -0.0051486171 0.0
0.32893907 -0.0028229563 0.0
0.3077249 -0.0061751954 0.0
0.012145445 0.0085402834 0.0
0.2148188 0.00018978451 0.0
0.19430236 -0.0062704203 0.0
0.0059891579 -0.0071556122 0.0
0.53106663 0.019197196 0.0
0.5261883 0.018617951 0.0
0.53309724 0.012188501 0.0
0.52966251 0.011488109 0.0
0.52571593 0.019662458 0.0
0.5320417 0.026152795 0.0
0.53174828 0.02825945 0.0
0.53202152 0.031846773 0.0
0.53302128 0.027401632 0.0
0.5329979 0.028200497 0.0
0.53148004 0.030669521 0.0
0.52992637 0.034116783 0.0
0.53075196 0.0289797 0.0
0.53240468 0.029485793 0.0
0.52846902 0.023415221 0.0
0.52597079 0.032121788 0.0
0.52546046 0.029200292 0.0
0.49898354 0.023686932 0.0
0.51379429 0.029978266 0.0
0.50433885 0.024059463 0.0
0.47349917 0.021806034 0.0
0.48110266 0.017218495 0.0
0.53056341 0.034452846 0.0
0.52675976 0.014131722 0.0
0.52380106 0.031330014 0.0
0.518737 0.018116502 0.0
0.10800351 0.0061522591 0.0
0.51086376 0.032507827 0.0
0.52330155 0.021081706 0.0
0.52135736 0.025530752 0.0
0.39009576 0.0075991315 0.0
0.316601 0.0067505636 0.0
-0.019336044 0.013791686 0.0
-0.022567292 0.010111195 0.0
-0.028712818 -0.013834007 0.0
0.10571183 -0.0078259207 0.0
0.12060684 -0.002780934 0.0
-0.011143931 0.0067893957 0.0
0.52941698 0.013890667 0.0
0.071934106 0.004050904 0.0
0.53304646 0.016737517 0.0
0.52809588 0.016386616 0.0
0.51949525 0.016150328 0.0
0.52687204 0.028779137 0.0
0.53101777 0.03181199 0.0
0.52563703 0.030140403 0.0
0.4726574 0.021566591 0.0
0.42128001 0.012441752 0.0
0.52754443 0.024754865 0.0
0.31453297 0.010216924 0.0
0.52950837 0.03995719 0.0
0.48202356 0.02635863 0.0
0.49421732 0.039586405 0.0
0.29868169 0.0015804317 0.0
-0.023161278 -0.0067136226 0.0
0.30025256 0.0072256675 0.0
0.041810749 0.00089906932 0.0
0.52555658 0.0057322014 0.0
0.51251793 0.011144063 0.0
0.52693627 0.027574928 0.0
0.51969782 0.028508886 0.0
0.52071487 0.01317185 0.0
0.51740781 0.022680496 0.0
0.52254831 0.038259929 0.0
0.47675271 0.027642076 0.0
0.026825076 0.011238443 0.0
-0.0147725 -0.001804757 0.0
-0.013111274 0.018790861 0.0
-0.024829878 0.0083609903 0.0
-0.014561446 -0.00069886839 0.0
-0.018033467 -0.023636563 0.0
0.52725373 0.013835518 0.0
0.52200679 0.013046452 0.0
0.52822281 0.026004354 0.0
0.52337424 0.023961223 0.0
0.52257529 0.021711753 0.0
0.51824064 0.022110503 0.0
0.51836351 0.030592013 0.0
0.39917397 0.0379606 0.0
0.52315057 0.017242002 0.0
0.51554212 0.02056229 0.0
0.52465765 0.01398846 0.0
0.52233355 0.01284201 0.0
0.52383217 0.043640778 0.0
0.30705043 0.01398411 0.0
0.43878108 0.021389003 0.0
0.4043123 0.013711068 0.0
0.34305713 0.016532173 0.0
0.13781546 -0.0011020649 0.0
0.40164185 0.015767344 0.0
0.28019017 0.01282804 0.0
0.41513378 0.022582695 0.0
0.33986357 0.014474015 0.0
0.4191177 0.02660509 0.0
0.4972284 0.058967158 0.0
0.43855715 0.022396882 0.0
0.34177908 0.017275544 0.0
-0.029488754 0.0019026933 0.0
-0.029833032 0.0045131941 0.0
0.0035927343 0.014976354 0.0
-0.0026137313 0.015058195 0.0
0.076320718 0.0035868057 0.0
-0.029509007 -0.0034103536 0.0
0.023220679 -0.018694196 0.0
0.52978326 0.013328196 0.0
0.52917635 0.0098790573 0.0
0.51094537 0.015077772 0.0
0.51497922 0.025752614 0.0
0.5207612 0.027673391 0.0
0.52469902 0.033651415 0.0
0.52376025 0.012078761 0.0
0.52372126 0.014807748 0.0
0.51562397 0.009498717 0.0
0.51384893 0.0081000016 0.0
0.51350384 0.034349214 0.0
0.51844801 0.04318749 0.0
0.50213679 0.061966021 0.0
0.45231907 0.036340169 0.0
0.45958483 0.064554691 0.0
0.045200629 -0.00012981244 0.0
0.061754661 0.0091550172 0.0
-0.012875628 -0.0048970667 0.0
0.53106276 0.014839504 0.0
0.52684686 0.011642912 0.0
0.53519125 0.01492423 0.0
0.51967851 0.02102305 0.0
0.51291077 0.021258655 0.0
0.51836513 0.01643287 0.0
0.51457778 0.015852389 0.0
0.51557636 0.0237343 0.0
0.50868701 0.017999913 0.0
0.5254296 0.037721911 0.0
0.53150496 0.036868678 0.0
-0.0015952983 0.002230722 0.0
-0.0089070975 0.0041360825 0.0
-0.0025224976 -0.0024607091 0.0
0.0062231505 -0.030662319 0.0
0.51748852 0.01944552 0.0
0.51580237 0.01928077 0.0
0.51549131 0.013677993 0.0
0.51814225 0.01848451 0.0
0.51964512 0.014042867 0.0
0.51309384 0.016509775 0.0
0.51554724 0.01509467 0.0
0.51174635 0.014177581 0.0
0.50829571 0.012075538 0.0
0.50427009 0.023204973 0.0
0.50989143 0.011685705 0.0
0.50874516 0.015197455 0.0
0.51333537 0.013306417 0.0
0.50832778 0.004240522 0.0
0.50756582 0.015573381 0.0
0.51170995 0.018579058 0.0
0.50792676 0.0084421639 0.0
0.49971751 0.0046201017 0.0
0.50703367 0.021442216 0.0
0.50871101 0.021332841 0.0
0.51959435 0.033271213 0.0
0.52897064 0.03526292 0.0
0.51813562 0.035230851 0.0
0.52714776 0.035922801 0.0
0.52815755 0.036971573 0.0
0.53219131 0.033223938 0.0
0.50949158 0.028454341 0.0
0.48705355 0.014481636 0.0
0.52465147 0.041918579 0.0
0.52844381 0.042383198 0.0
0.51249281 0.017771541 0.0
-0.0075798773 -0.012723638 0.0
0.51361036 0.020735401 0.0
0.5074678 0.018891681 0.0
0.51338684 0.022419028 0.0
0.50485903 0.0092811198 0.0
0.51404512 0.032247017 0.0
0.52984823 0.032378696 0.0
0.53172468 0.035000579 0.0
0.50336419 0.0082354461 0.0
0.50037816 0.027883944 0.0
0.51332111 0.028962215 0.0
0.51052657 0.032472913 0.0
0.51389274 0.027110995 0.0
0.51123704 0.023322179 0.0
0.49467716 0.013886183 0.0
0.49197828 0.021003541 0.0
0.50764934 0.031006277 0.0
0.51377222 0.037520299 0.0
0.5292749 0.0067805564 0.0
0.52806241 0.00503073 0.0
0.53101309 0.0063352808 0.0
0.52743733 0.0051938928 0.0
0.53160549 0.0055016711 0.0
0.52930039 0.0054763997 0.0
0.52566764 0.0016131582 0.0
0.52193026 -0.00029061613 0.0
0.5241081 0.0042867187 0.0
0.52668855 0.0060612838 0.0
0.5284799 0.003639307 0.0
0.52564725 0.0041938054 0.0
0.52860868 0.0029165627 0.0
0.52776248 0.0014210633 0.0
0.52002288 0.0029404398 0.0
0.52227835 0.010190881 0.0
0.53018025 0.011147936 0.0
0.53459745 0.011008122 0.0
0.5305107 0.012841241 0.0
0.53340055 0.013532534 0.0
0.55353578 0.0012990327 0.0
0.55444238 0.00013640756 0.0
0.55452514 0.00094567767 0.0
0.55494567 0.00086299488 0.0
0.55501493 0.0010459364 0.0
0.55644958 0.00033712226 0.0
0.55527275 -0.00045759945 0.0
0.55576397 -0.0001878612 0.0
0.55081788 0.0011850384 0.0
0.55538729 0.00072816048 0.0
0.55154511 0.0010776659 0.0
0.55826314 -0.00010889688 0.0
0.5567371 0.00035620788 0.0
0.55547992 0.00078037574 0.0
0.55722777 0.00021929457 0.0
0.55804508 -0.0005116013 0.0
0.55072404 0.0010533359 0.0
0.55686229 0.00036230464 0.0
0.55381971 0.0006812434 0.0
0.55911923 -0.00083696006 0.0
0.55724841 0.000269068 0.0
0.55786704 -0.0011974498 0.0
0.55728138 -0.0013234905 0.0
0.55719552 -0.00028715821 0.0
0.55475483 0.00065690363 0.0
0.5575075 0.00020678261 0.0
0.21262702 -0.0089038348 0.0
0.22069454 -0.0068896847 0.0
0.17051403 0.0055855531 0.0
0.045673599 -0.0010949806 0.0
0.16478513 -0.001980552 0.0
0.12345626 0.0069966428 0.0
0.16515098 0.0039137552 0.0
0.52595907 -0.0026360448 0.0
0.52171712 -0.0038125043 0.0
0.5306226 0.0027472451 0.0
0.52922884 0.0010993381 0.0
0.48292164 -0.004002385 0.0
0.50120208 -0.0046023869 0.0
0.51441724 -0.0031238721 0.0
0.50572189 -0.00272186 0.0
0.41601764 -0.0062737369 0.0
0.45193314 -0.0048848288 0.0
0.13594624 -0.005404666 0.0
0.10181878 -0.0073203371 0.0
0.12984193 0.0066194835 0.0
0.27063395 -0.0056312246 0.0
0.26219417 -0.0023548523 0.0
0.46483179 -0.0034656184 0.0
0.44254111 -0.0050808576 0.0
0.44642154 -0.004192659 0.0
0.47555866 -0.0036723846 0.0
0.41057642 -0.0035717815 0.0
0.50891497 -0.004317305 0.0
0.1580645 -0.0042908042 0.0
0.050764364 -0.0053574253 0.0
0.12822726 0.0041804361 0.0
0.090602063 0.0020534713 0.0
0.50179636 -0.0019825421 0.0
0.05596453 0.0027419608 0.0
0.25037345 0.0045338414 0.0
0.24153675 0.00038576113 0.0
0.093901757 -0.0020460621 0.0
0.35659908 0.0009319274 0.0
0.40536076 -0.0032700145 0.0
0.11468466 -0.012184528 0.0
0.012133775 0.0068432242 0.0
-0.012753919 0.01028644 0.0
0.021017756 0.0032249921 0.0
-0.011696651 0.018908581 0.0
-0.014782646 0.010960428 0.0
-0.011366213 0.0041211717 0.0
-0.016309894 0.002470731 0.0
-0.0081041349 0.016319467 0.0
-0.00082429864 0.0040220139 0.0
-0.0056777783 -0.0001855115 0.0
-0.019677223 -0.0010202982 0.0
-0.016866372 5.6801608e-05 0.0
-0.0043239755 -0.0027987352 0.0
0.11964921 0.0069459405 0.0
0.046524203 -0.001361357 0.0
0.21092244 0.012602881 0.0
0.55907221 -0.00024518 0.0
0.56040094 -0.00037177657 0.0
0.55625327 0.00060941414 0.0
0.55917025 -6.4723162e-05 0.0
0.56196433 -0.00095509527 0.0
0.56013578 -0.00044591844 0.0
0.5595207 -0.00023289487 0.0
0.55598918 0.0003992068 0.0
0.55451955 0.0010024133 0.0
0.55698239 0.00059870547 0.0
0.45696751 -0.0023917337 0.0
0.4170347 -0.0047666838 0.0
0.31247453 -0.0012822473 0.0
0.40127066 -0.0030035169 0.0
0.30668872 -0.0013109038 0.0
0.38623792 -0.0058037611 0.0
0.38913438 -0.005454068 0.0
0.44510109 -0.0031551631 0.0
0.38187115 -0.0047958151 0.0
0.39215013 -0.0037617302 0.0
0.37633226 -0.0049601852 0.0
0.44530394 -0.0035116569 0.0
0.34912514 0.00094522734 0.0
0.28162372 -0.0025429581 0.0
0.22253412 -0.0043731635 0.0
0.27527559 -0.0023934808 0.0
0.34178036 -0.0049303108 0.0
0.47262555 -0.0034490908 0.0
0.35028687 0.0028964368 0.0
0.21781201 -0.0062820281 0.0
0.39305023 -0.0039920914 0.0
0.34013933 -0.0086909396 0.0
0.22872517 -0.0051663529 0.0
0.32833893 -0.0059601017 0.0
0.34074542 -0.011040802 0.0
0.38064425 -0.0033601513 0.0
0.45621989 -0.0054626916 0.0
0.50719913 -0.0042552252 0.0
0.43181906 -0.0034931187 0.0
0.43864353 -0.004608769 0.0
0.31141018 -0.0072642578 0.0
0.36226437 -0.010285288 0.0
0.43777518 -0.0033012771 0.0
0.50484462 -0.0041519708 0.0
0.51070437 -0.0036298845 0.0
0.48103543 -0.0027769606 0.0
0.2647669 -0.010192177 0.0
0.38673235 -0.0033072954 0.0
0.36856998 -0.0025124738 0.0
0.3312507 -0.0028936735 0.0
0.30507339 0.0014444081 0.0
0.37433598 0.0012674129 0.0
0.37335612 -9.8071121e-05 0.0
0.56417347 -0.0036095286 0.0
0.440963 -0.0046448117 0.0
0.4877737 -0.0040968198 0.0
0.52210394 -0.0022748197 0.0
0.49023029 -0.0026550111 0.0
0.27898054 -0.0074334951 0.0
0.30442651 -0.00033601604 0.0
0.27835659 -0.012323284 0.0
0.23564275 -2.2843517e-05 0.0
0.28092576 -0.0063848755 0.0
0.14346611 -0.0036643372 0.0
0.1178339 -0.009724324 0.0
0.055904412 -0.0053764462 0.0
0.19806428 -0.0013792602 0.0
0.086943171 0.0056242738 0.0
0.24322899 0.0016181573 0.0
0.20185879 0.0066615624 0.0
0.44230084 -0.004514661 0.0
0.4768008 -0.0047576852 0.0
0.13900999 0.020121403 0.0
0.52040821 -0.004703905 0.0
0.4898381 -0.0027242941 0.0
0.49127242 -0.003839034 0.0
0.28021272 0.0061976282 0.0
0.44210802 -0.0031074226 0.0
0.51606073 -0.0056833138 0.0
0.49072141 -0.0043581227 0.0
0.43460426 -0.0048193496 0.0
0.48831214 -0.002483889 0.0
0.4843071 -0.0033043036 0.0
0.56746181 -0.004259023 0.0
0.20239375 0.012378499 0.0
0.32828667 0.0013628586 0.0
0.48332691 -0.0020148427 0.0
0.40820572 0.00082613602 0.0
0.33874739 0.0051253354 0.0
0.57077569 -0.0049775459 0.0
0.51006907 -0.0048045783 0.0
0.54287991 -0.0047105797 0.0
0.23576201 0.0047533086 0.0
0.33980954 0.0041821106 0.0
0.12475893 0.005570581 0.0
0.28608009 0.0091031683 0.0
0.51351977 -0.0042672554 0.0
0.52070544 -0.0048687398 0.0
0.51381403 -0.0045109311 0.0
0.44288959 -0.0028545767 0.0
0.45033531 -0.0012160745 0.0
0.40931081 -0.0022567638 0.0
0.46554496 -0.001882657 0.0
0.5275163 -0.0046149638 0.0
0.54629813 -0.0045894121 0.0
0.51380327 -0.0041858497 0.0
0.52779874 -0.0052633364 0.0
0.51012492 -0.0042102718 0.0
0.51719008 -0.0042599522 0.0
0.54568854 -0.0048295643 0.0
0.53231029 -0.0044943955 0.0
0.54110306 -0.012217689 0.0
0.573326 -0.0067910487 0.0
0.5335936 -0.005128585 0.0
0.54757843 -0.0047063513 0.0
0.49141728 -0.0022071869 0.0
0.530909 -0.0058842492 0.0
0.55093902 -0.0060353618 0.0
0.56037743 -0.0049545444 0.0
0.45243324 -0.00085236128 0.0
0.4882597 -0.0017639657 0.0
0.54817266 -0.0066316894 0.0
0.56311616 -0.0064500957 0.0
0.56731833 -0.0058941813 0.0
0.56037595 -0.0042341035 0.0
0.55882556 -0.0072475332 0.0
0.56248322 -0.0061513796 0.0
0.53137325 -0.0048067391 0.0
0.55958662 -0.0057832674 0.0
0.55989431 -0.0054815901 0.0
0.54683364 -0.0050743949 0.0
0.54672431 -0.0057285421 0.0
0.54729949 -0.0065440962 0.0
0.48886521 -0.0017085927 0.0
0.49199175 -0.0068577107 0.0
0.53641492 -0.0063404228 0.0
0.56256225 -0.0073850385 0.0
0.53936706 -0.0093325724 0.0
0.56401126 -0.0077992655 0.0
0.55903778 -0.0073804687 0.0
0.56575622 -0.0071281856 0.0
0.57112192 -0.0063472116 0.0
0.56593878 -0.0064758397 0.0
0.55270368 -0.0040264479 0.0
0.55154541 -0.0041710404 0.0
0.55840382 -0.0052256095 0.0
0.56452472 -0.0059078561 0.0
0.57041359 -0.0077355006 0.0
0.57193543 -0.0058869417 0.0
0.56767887 -0.0060184316 0.0
0.57106413 -0.0073380546 0.0
0.57054332 -0.0066246418 0.0
0.56994924 -0.0058050508 0.0
0.57292336 -0.0075911385 0.0
0.56823317 -0.0076207054 0.0
0.56998104 -0.0054151053 0.0
0.56597886 -0.0041218432 0.0
0.57034047 -0.0063375311 0.0
0.57402693 -0.0080432126 0.0
0.57027641 -0.0060024133 0.0
0.56509516 -0.0054165832 0.0
0.57473804 -0.0082805825 0.0
0.56837885 -0.007782588 0.0
0.5740112 -0.0074624375 0.0
0.57289183 -0.007409039 0.0
0.39311146 -0.0050719698 0.0
0.55396262 -0.0087788609 0.0
0.57243637 -0.0064672992 0.0
0.57315559 -0.0067948665 0.0
0.55427699 -0.0021160491 0.0
0.56170026 -0.0032676108 0.0
0.53703618 -0.0021713019 0.0
0.55480085 -0.0021223663 0.0
0.34107975 0.0013712117 0.0
0.32290274 -0.0052783741 0.0
0.33807352 0.00023037206 0.0
0.2714214 0.001895755 0.0
0.20624202 -0.0033741646 0.0
0.19153253 -0.0035904017 0.0
0.11347733 -0.00228702 0.0
0.10592811 -0.0026645724 0.0
0.24983243 -0.00068639388 0.0
0.076781551 -0.0010445058 0.0
0.21497778 -0.0039101486 0.0
0.065452405 -0.0013818036 0.0
0.1840809 0.00072224453 0.0
0.22137599 0.0026170444 0.0
0.10205527 -6.5332729e-05 0.0
0.037042595 -0.001405319 0.0
0.4649937 -0.0049285597 0.0
0.44741494 -0.0023232832 0.0
0.56990955 -0.0042607132 0.0
0.56766401 -0.0035084343 0.0
0.56855824 -0.0036513554 0.0
0.56177869 -0.0031477904 0.0
0.56731628 -0.0034163791 0.0
0.56191338 -0.0016631213 0.0
0.5509921 -0.0034798354 0.0
0.55955174 -0.0041209539 0.0
0.55712767 -0.003165682 0.0
0.56145453 -0.0036959768 0.0
0.55292215 -0.0026266474 0.0
0.53750908 -0.0023371755 0.0
0.5621022 -0.0037984344 0.0
0.56833326 -0.0040492229 0.0
0.55275117 -0.0022501095 0.0
0.54973976 -0.0032740924 0.0
0.53650117 -0.0025425115 0.0
0.54900905 -0.0029517659 0.0
0.53597166 -0.0021211609 0.0
0.51976829 -0.0014070355 0.0
0.55148511 -0.0037563725 0.0
0.56741523 -0.0045767174 0.0
0.56383172 -0.0034306477 0.0
0.56718167 -0.0041032383 0.0
0.53109233 -0.0027899676 0.0
0.53625627 -0.0022060578 0.0
0.50514106 -0.0043149192 0.0
0.55192144 -0.0038346625 0.0
0.56765533 -0.0050314295 0.0
0.56932204 -0.0049425935 0.0
0.57046845 -0.0056854017 0.0
0.57130574 -0.0053336148 0.0
0.5723305 -0.0060282497 0.0
0.57222843 -0.0060313216 0.0
0.5695199 -0.0050260987 0.0
0.57109593 -0.0054705007 0.0
0.57310858 -0.0065752357 0.0
0.57277264 -0.0065546866 0.0
0.57279652 -0.0066297266 0.0
0.57228413 -0.0058859777 0.0
0.57190727 -0.0056272779 0.0
0.57082308 -0.0053048761 0.0
0.55213834 -0.0060292908 0.0
0.54921763 -0.0060491112 0.0
0.53449841 -0.0068614091 0.0
0.52454687 -0.0069396443 0.0
0.51049045 -0.0056616327 0.0
0.45238882 -0.0036847768 0.0
0.38664005 -0.0032793318 0.0
0.4166078 -0.0037640333 0.0
0.45274117 -0.0070041896 0.0
0.48456811 -0.0074700754 0.0
0.46778752 -0.0073894722 0.0
0.45133256 -0.0064914696 0.0
0.33948702 -0.0059559496 0.0
0.37414501 -0.001561222 0.0
0.090253912 -0.0011059831 0.0
0.45045513 -0.0066055375 0.0
0.47231561 -0.0071670548 0.0
0.42892539 -0.0047797477 0.0
0.35778881 -0.0074128463 0.0
0.36926328 -0.003155933 0.0
0.38478989 -0.0011242962 0.0
0.44402713 -0.0054792335 0.0
0.47671163 -0.0065793 0.0
0.41976536 -0.0050333902 0.0
0.36242132 -0.0071114279 0.0
0.42193523 -0.0059737736 0.0
0.27241671 -0.00055409895 0.0
0.18234445 -0.0072935485 0.0
0.27194613 -0.0078290312 0.0
0.20984314 -0.0017145419 0.0
0.37823819 4.865341e-06 0.0
0.35479136 0.0019353902 0.0
0.3195938 -0.0020439563 0.0
0.44622978 -0.0064049716 0.0
0.41579318 -0.0050732736 0.0
0.4402466 -0.0053869653 0.0
0.3286035 -0.0053550333 0.0
0.39285682 -0.0056761621 0.0
0.19270167 -0.0076069027 0.0
0.47350353 -0.0078823699 0.0
0.4155616 -0.0042935118 0.0
0.51049297 -0.0072965275 0.0
0.45345632 -0.0050755102 0.0
0.24988708 -0.0043502572 0.0
0.28056985 -0.00071379016 0.0
0.44090802 -0.0053710727 0.0
0.37404677 -0.0028948772 0.0
0.26060181 -0.0010501925 0.0
0.30901729 0.0012482633 0.0
0.38091856 -0.0051533457 0.0
0.29340578 -0.0082479652 0.0
0.39954926 -0.0011699691 0.0
0.30857576 0.0025532798 0.0
0.36098091 -0.0079780705 0.0
0.28332871 -0.0081260315 0.0
0.084461398 -0.00085327958 0.0
0.10307026 -0.0060599112 0.0
0.19401365 -0.0052562553 0.0
0.12045214 -0.0040298455 0.0
0.2095419 -0.005385102 0.0
0.20471982 -0.0041700789 0.0
0.27421 -0.006406012 0.0
0.11807547 -0.0033418498 0.0
0.119593 0.0038088192 0.0
0.27981545 -0.0068766242 0.0
0.34072215 -0.0053019777 0.0
0.30499562 0.00186866 0.0
0.26043263 -0.0044250018 0.0
0.20438494 0.0022938281 0.0
0.11252376 0.0030578568 0.0
0.22494261 -0.005159551 0.0
0.10165796 -0.0022577476 0.0
0.10495249 -0.00020511597 0.0
0.075975249 0.0031456577 0.0
0.26551691 -0.0069274058 0.0
0.08936287 -0.0048170243 0.0
0.49173781 -0.0060872832 0.0
0.4561349 -0.004142718 0.0
0.47344272 -0.0064810293 0.0
0.4707467 -0.0041659044 0.0
0.5726123 -0.0071616353 0.0
0.57124835 -0.0073153043 0.0
0.57220425 -0.0079695489 0.0
0.57064669 -0.0075443605 0.0
0.57435668 -0.0079486385 0.0
0.54913561 -0.0077665367 0.0
0.09242523 0.0031891157 0.0
0.18502498 -0.0022708525 0.0
0.22668198 0.0086815471 0.0
0.29272718 0.0029483018 0.0
0.18662282 0.0063861587 0.0
0.18214457 0.0043248253 0.0
0.26469556 0.0099682281 0.0
0.051667519 -0.0033368633 0.0
0.18858656 0.0068173712 0.0
0.25176678 0.010253303 0.0
0.093340643 0.0063625119 0.0
0.39861704 0.010289411 0.0
0.14457008 0.0081633459 0.0
0.16797542 0.012185496 0.0
0.40940358 0.0025210546 0.0
0.45891294 0.00046554645 0.0
0.51680672 0.0095684757 0.0
0.50871898 0.010218222 0.0
0.36476987 0.0042650635 0.0
0.44164134 0.0078050261 0.0
0.50503957 0.0048705109 0.0
0.49897658 0.0058015341 0.0
0.53718435 0.011564577 0.0
0.53358901 0.013027655 0.0
0.53624343 0.010989306 0.0
0.53677707 0.012080434 0.0
0.53600024 0.013522703 0.0
0.53587343 0.012657083 0.0
0.53556482 0.014562778 0.0
0.53192484 0.013905177 0.0
0.53371906 0.014021996 0.0
0.53562402 0.014186481 0.0
0.53026536 0.014891911 0.0
0.53530398 0.015495963 0.0
0.49667306 0.01355303 0.0
0.4554172 0.0075529163 0.0
0.44942866 0.0067096647 0.0
0.3821289 0.010197582 0.0
0.1677974 0.0053446468 0.0
0.26103973 0.011175206 0.0
0.2141333 -0.0020730047 0.0
0.10433053 0.012601688 0.0
0.14064161 0.001315623 0.0
0.21402577 -0.0014815206 0.0
0.0692656 0.0031749862 0.0
0.4544694 0.016815237 0.0
0.4750563 0.022432127 0.0
0.52860878 0.020672497 0.0
0.52357565 0.020299232 0.0
0.52209182 0.0052585765 0.0
0.5239561 0.0099298725 0.0
0.52294267 0.015851967 0.0
0.52020344 0.015213106 0.0
0.39949766 0.012780752 0.0
0.31320274 0.010635464 0.0
-0.012520473 0.0019400696 0.0
-0.0036567703 0.0088287571 0.0
-0.016985672 0.0051922057 0.0
-0.0045881922 0.0072641483 0.0
-0.014982357 0.017636782 0.0
-0.0081538769 0.0086408725 0.0
-0.017617709 0.01517267 0.0
0.14520136 0.0095805094 0.0
0.13235068 0.001295642 0.0
0.14771281 -0.0073753005 0.0
0.082356503 -0.016492311 0.0
0.52702262 0.0091936222 0.0
0.52572552 0.0098620143 0.0
0.51808011 0.011455958 0.0
0.51657415 0.013213898 0.0
0.51787756 0.01002167 0.0
0.51640505 0.0062091877 0.0
0.51679474 0.011875072 0.0
0.51307695 0.010919049 0.0
0.52165455 0.01143421 0.0
0.51487134 0.0098550858 0.0
0.51580391 0.0080612041 0.0
0.51024412 0.0091121914 0.0
0.51952358 0.0065482102 0.0
0.5172963 0.0056406684 0.0
0.51887029 0.010764505 0.0
0.51671934 0.0074017539 0.0
0.51515465 0.0036636694 0.0
0.51480398 0.0076777117 0.0
0.51782066 0.0074706112 0.0
0.51511367 0.0064931077 0.0
0.52062572 0.0079607939 0.0
0.51916357 0.0042809812 0.0
0.51708847 0.0041105134 0.0
0.50930855 0.0094068347 0.0
0.52426515 0.0075821046 0.0
0.52035408 0.0059952045 0.0
0.52068752 0.0028002621 0.0
0.51907798 -0.001395009 0.0
0.51563542 0.006219671 0.0
0.51292777 0.0063054688 0.0
0.51826773 0.005425486 0.0
0.51764987 0.00094125478 0.0
0.51079423 0.0068350604 0.0
0.51292133 0.009184183 0.0
0.51869079 0.006719802 0.0
0.52145172 0.0057828806 0.0
0.51842718 0.001230635 0.0
0.49104074 -0.0019124964 0.0
0.51391146 0.0059004181 0.0
0.5066649 0.0063113938 0.0
0.51183822 0.0064727478 0.0
0.50670331 0.0088779208 0.0
0.5217387 0.004086132 0.0
0.52011767 0.0043770888 0.0
0.51814175 0.0035899782 0.0
0.5161705 0.0025967076 0.0
0.51311644 0.0040514779 0.0
0.50954284 0.0064588974 0.0
0.50893786 -0.0012581448 0.0
0.50945134 0.0041084196 0.0
0.51207525 0.0044039869 0.0
0.51011144 0.0028993141 0.0
0.50365144 -0.00046293336 0.0
0.50360999 0.0038850651 0.0
0.51070267 0.0027570231 0.0
0.50715949 0.0035331885 0.0
0.50599236 0.0039259552 0.0
0.50492457 0.0037255526 0.0
0.50750437 0.0026409963 0.0
0.50553631 0.0061699973 0.0
0.52346839 0.0078103294 0.0
0.52466142 0.006170324 0.0
0.52327964 0.0036112771 0.0
0.52006087 -0.00064427317 0.0
0.51506774 0.0018765631 0.0
0.51153077 0.0029853854 0.0
0.51120392 0.0044701748 0.0
0.51402998 0.0019989588 0.0
0.50961277 0.00047709016 0.0
0.50606763 0.0016092695 0.0
0.50684819 0.011572613 0.0
0.50392412 0.0013905602 0.0
0.50488098 -0.00038076436 0.0
0.50273369 -0.00011582387 0.0
0.51286018 0.001450556 0.0
0.30632321 -0.0030422765 0.0
0.49608316 -0.0027105334 0.0
0.50116937 0.00053263248 0.0
0.50639175 0.00064791102 0.0
0.50140789 -0.0022057757 0.0
0.50509231 0.0017181681 0.0
0.50251152 0.003304459 0.0
0.50144294 -0.00036885417 0.0
0.50280722 0.0017822561 0.0
0.50037524 0.0019633845 0.0
0.50308056 0.015793592 0.0
0.48448242 0.0074251282 0.0
0.50399135 0.018972425 0.0
0.50267493 0.0060147788 0.0
0.50426464 0.0066539649 0.0
0.5029151 -0.0016838293 0.0
0.49481557 -0.0027085592 0.0
0.50868025 0.0067266387 0.0
0.50753444 0.005968683 0.0
0.50213665 -0.0022199413 0.0
0.49231163 -0.0029037039 0.0
0.40722874 -0.0031608748 0.0
0.4920962 -0.0030264264 0.0
0.52338282 0.012794105 0.0
0.52229889 0.011154637 0.0
0.51891894 0.052609715 0.0
0.49030282 0.029243566 0.0
0.53067706 0.015673057 0.0
0.13339943 0.00062283577 0.0
0.53383313 0.015931668 0.0
0.52856121 0.015818114 0.0
0.53166758 0.0177143 0.0
0.53501179 0.013514222 0.0
0.53273814 0.014341659 0.0
0.053073805 0.010411696 0.0
-0.0037100433 0.0060729823 0.0
0.50995303 0.020573394 0.0
-0.0017879805 -0.023940447 0.0
0.50545668 0.018675931 0.0
0.52256732 -0.0002563078 0.0
0.52482485 0.00213232 0.0
0.53026082 0.0047728869 0.0
0.52908135 0.002741474 0.0
0.52944733 0.0022774214 0.0
0.52776617 0.00012028403 0.0
0.52616041 0.00057702312 0.0
0.52734267 0.0017203437 0.0
0.52497215 0.0043654766 0.0
0.52319276 0.0051079068 0.0
0.53436988 0.011926949 0.0
0.53239397 0.012803434 0.0
0.55607062 -0.00029324282 0.0
0.55564682 0.00019149404 0.0
0.55299337 0.0017599312 0.0
0.55317272 0.0012295003 0.0
0.54557493 0.0014147828 0.0
0.54758437 0.0012946989 0.0
0.5461539 0.001378491 0.0
0.55414138 0.00069510137 0.0
0.55852287 -0.00052259459 0.0
0.55860814 -2.1185156e-05 0.0
0.03107011 0.0014072701 0.0
0.099079753 -0.0011363534 0.0
0.52014667 -0.0030288897 0.0
0.51943304 -0.0037441995 0.0
0.5099872 -0.0043872021 0.0
0.51278394 -0.0038453751 0.0
0.49518125 -0.00445385 0.0
0.49874149 -0.0038897326 0.0
0.46741042 -0.0040532415 0.0
0.50794821 -0.0033511375 0.0
0.23196163 -0.0093828934 0.0
0.03197458 0.0045584451 0.0
0.095812683 0.0013631627 0.0
0.099416427 -0.01004275 0.0
0.23735047 0.0024251809 0.0
0.18146379 0.0018345726 0.0
0.18378095 0.0049769754 0.0
0.40864075 -0.0027449183 0.0
0.4391406 -0.0034832695 0.0
0.47489832 -0.0037686065 0.0
0.46929653 -0.0037185216 0.0
0.33679805 0.001514389 0.0
0.41801342 -0.0015207252 0.0
0.18998661 -0.0022406814 0.0
0.37913589 -0.0027934419 0.0
0.19394849 0.004685859 0.0
0.23363719 -0.0038639171 0.0
0.1196742 -0.0047957108 0.0
0.27514833 -0.0027422471 0.0
0.31716932 -9.5836583e-05 0.0
0.060699243 0.0012972012 0.0
0.36182865 -0.0036379595 0.0
0.21639357 0.00027558897 0.0
0.31112892 0.0029579486 0.0
0.3179012 -0.0015601225 0.0
0.36432214 -0.0039486615 0.0
0.35405513 -0.0023807038 0.0
0.35593979 -0.0030474633 0.0
0.46896601 -0.0052561225 0.0
0.39768335 -0.0017296026 0.0
0.33592033 0.0012356028 0.0
0.40107401 -0.0034488748 0.0
0.40881305 -0.0024404913 0.0
0.49232718 -0.0032743641 0.0
0.46967048 -0.0031265607 0.0
0.44353442 -0.0053474219 0.0
-0.013973736 -0.0098405771 0.0
-0.0032509161 -0.0013793422 0.0
0.56005412 -0.0003624928 0.0
0.55677924 0.00029044697 0.0
0.56080229 -0.0010025456 0.0
0.55967915 -0.00075435411 0.0
0.55633812 0.00047233154 0.0
0.55699851 0.00025362905 0.0
0.30293055 -0.00046778536 0.0
0.31824805 -0.0018396745 0.0
0.10280043 0.0055873671 0.0
0.10712198 0.0035643595 0.0
0.05003135 -0.0028448601 0.0
0.12052566 -0.0013554406 0.0
0.31342811 2.5764421e-05 0.0
0.24052828 -0.0018729131 0.0
0.34595953 0.0031939932 0.0
0.30469507 0.00062848577 0.0
0.186369 0.0011696683 0.0
0.054086496 0.0015467193 0.0
0.47299402 -0.0041141083 0.0
0.44680831 -0.0038163503 0.0
0.50695441 -0.004168629 0.0
0.53104904 -0.0045051739 0.0
0.47030404 -0.0036439759 0.0
0.49273738 -0.0027813402 0.0
0.45790528 -0.004340641 0.0
0.42247454 -0.0035866523 0.0
0.30747408 0.0076533322 0.0
0.37055043 0.00039730359 0.0
0.36999934 0.00047678734 0.0
0.32571747 0.0043576465 0.0
0.24157122 0.01209332 0.0
0.4003903 -0.00076705989 0.0
0.41533504 -0.0019773135 0.0
0.44778564 0.0005514726 0.0
0.31082593 0.0085970102 0.0
0.3631974 0.0013008004 0.0
0.28182796 0.010278231 0.0
0.23804138 0.013723215 0.0
0.13960364 0.0021288215 0.0
0.17486909 0.0088137615 0.0
0.497439 -0.0054610798 0.0
0.47727401 -0.0028753487 0.0
0.55238097 -0.0017089365 0.0
0.54639933 -0.0022184409 0.0
0.079400293 -0.00032720676 0.0
0.08336568 -0.0032464154 0.0
0.10349449 0.00085398569 0.0
0.14651111 -0.0035356913 0.0
0.14616952 -0.0040106632 0.0
0.56651955 -0.0028432032 0.0
0.5654295 -0.0031331572 0.0
0.55992183 -0.0040225272 0.0
0.55093886 -0.0039551209 0.0
0.55563652 -0.0036068859 0.0
0.54577396 -0.0030098977 0.0
0.37868754 -0.0056893156 0.0
0.42992247 -0.004806248 0.0
0.49500176 -0.0067524449 0.0
0.48246918 -0.0073315822 0.0
0.4087246 -0.001823437 0.0
0.38892797 -0.0025267737 0.0
0.31603828 -0.0025124041 0.0
0.08602786 0.0061299441 0.0
0.51220658 -0.0071887174 0.0
0.50752936 -0.0063715807 0.0
0.55192308 -0.0089521462 0.0
0.2137569 -0.0018719991 0.0
0.35050851 -0.0010973443 0.0
0.30909774 -0.00045961999 0.0
0.20045524 -7.530374e-05 0.0
0.20736529 -0.0058637026 0.0
0.12068225 -0.0051507901 0.0
0.31953746 -0.0054128944 0.0
0.27866647 -0.0053196812 0.0
0.32097067 -0.0067019623 0.0
0.065052547 -0.0016195822 0.0
0.56284892 -0.0080215279 0.0
0.55828332 -0.0082797026 0.0
0.56857014 -0.0079849833 0.0
0.55980116 -0.0092398752 0.0
0.55162939 -0.0087145444 0.0
0.55326893 -0.0080542576 0.0
0.56644382 -0.008385629 0.0
0.55771756 -0.0087489965 0.0
0.53557933 -0.011750778 0.0
0.55966545 -0.0091240397 0.0
0.56333085 -0.0087834673 0.0
0.56117468 -0.0092906356 0.0
0.56109632 -0.010422284 0.0
0.46468034 -0.0061595943 0.0
0.56642271 -0.0092664174 0.0
0.54951598 -0.0088336508 0.0
0.51773365 -0.0081903986 0.0
0.40425717 -0.0044768515 0.0
0.55379546 -0.0094948676 0.0
0.53641819 -0.008447123 0.0
0.51845807 -0.0080371307 0.0
0.54092131 -0.0077364526 0.0
0.53879675 -0.0084819979 0.0
0.5416427 -0.0079559408 0.0
0.57072693 -0.0078659684 0.0
0.56791724 -0.00796816 0.0
0.57289762 -0.0075530954 0.0
0.56721423 -0.0083011626 0.0
0.16049638 0.0044788949 0.0
0.050080132 0.00021523271 0.0
0.049322264 -0.0014040016 0.0
0.1465429 0.0026955318 0.0
0.48331884 0.010798587 0.0
0.45380976 0.0089374277 0.0
0.39163435 0.0012431504 0.0
0.41546283 0.0081421081 0.0
0.3934503 -0.0004589553 0.0
0.44278063 0.0075785182 0.0
0.47148755 0.0075669992 0.0
0.47600379 0.0096779492 0.0
0.53652003 0.012471186 0.0
0.53708277 0.011609793 0.0
0.43202381 0.01102027 0.0
0.44939434 0.00889393 0.0
0.44291781 0.0068795358 0.0
0.39497318 0.011989743 0.0
0.32565594 0.0062746411 0.0
0.34029158 0.012976232 0.0
0.4110409 0.0092867673 0.0
0.39165308 0.0097171072 0.0
0.39306688 0.0045037567 0.0
0.31482657 0.0052927399 0.0
0.30698879 0.0031121108 0.0
0.21607676 -0.0053418229 0.0
0.32499841 0.011164409 0.0
0.25466265 0.002104841 0.0
0.23477812 0.0060369935 0.0
0.13226396 -0.00066804755 0.0
0.24018797 0.0053031541 0.0
0.066288144 -0.00085026766 0.0
0.30503093 0.014047326 0.0
0.25260344 0.016135413 0.0
0.056516181 -0.00053830166 0.0
0.1407662 0.0025695249 0.0
0.12994426 0.0036760387 0.0
0.17803714 0.0077458412 0.0
0.52462407 0.0072338843 0.0
0.52631269 0.009531264 0.0
0.23999114 0.0086670207 0.0
0.24833133 4.6181371e-06 0.0
0.51436041 0.010812664 0.0
0.51341984 0.0087351962 0.0
0.50895922 0.011745189 0.0
0.51102573 0.010683444 0.0
0.52349239 0.010330951 0.0
0.5186628 0.0097509473 0.0
0.52262753 0.0083702309 0.0
0.51992717 0.0092511826 0.0
0.50399129 -0.0031602349 0.0
0.51538418 -0.001033881 0.0
0.51958205 0.0041536201 0.0
0.52124505 0.004482565 0.0
0.52444946 0.0025156586 0.0
0.52462876 0.00077331455 0.0
0.52271755 0.0021306672 0.0
0.52319513 0.0019663674 0.0
0.51606457 0.004246334 0.0
0.51394923 0.0039565374 0.0
0.51574211 -0.0013494639 0.0
0.51710428 -0.0019791522 0.0
0.5001091 0.012130945 0.0
0.49344313 0.017871816 0.0
0.48410629 -0.0047515871 0.0
0.49619663 0.013425211 0.0
0.50092285 0.0065793452 0.0
0.50504954 0.015165666 0.0
0.49924699 0.006522439 0.0
0.49704618 0.0077527776 0.0
0.5008267 0.0086511391 0.0
0.5011874 0.014336595 0.0
0.50144314 0.0034541923 0.0
0.49933069 0.0093357781 0.0
0.49535632 0.010037047 0.0
0.49798903 0.0075229425 0.0
0.49852355 0.011109414 0.0
0.50249497 0.010434188 0.0
0.50206901 0.0086092438 0.0
0.50388901 0.010187182 0.0
0.50414567 0.011791839 0.0
0.50595359 0.0091176582 0.0
0.49698171 0.011642909 0.0
0.49831309 0.014940461 0.0
0.49371675 0.0070563183 0.0
0.4957419 0.028923695 0.0
0.4948358 0.017223468 0.0
0.50180073 0.017270633 0.0
0.49603139 0.0048444501 0.0
0.49564859 0.0065324876 0.0
0.49219249 0.0087350393 0.0
0.4634608 0.027588079 0.0
0.49440733 0.0042139072 0.0
0.49270821 0.0057770918 0.0
0.49708592 0.0010730426 0.0
0.45603267 0.016043513 0.0
0.49471201 0.0017007845 0.0
0.48945861 0.014334036 0.0
0.47180596 0.022046964 0.0
0.49236654 0.00093187893 0.0
0.45088489 0.010256279 0.0
0.49121829 0.0037258362 0.0
0.4960738 0.0014436843 0.0
0.48507287 0.0019449258 0.0
0.48644459 0.001122482 0.0
0.4840787 0.0089879081 0.0
0.43536817 0.0085286708 0.0
0.48355042 -0.0037426537 0.0
0.44842047 0.02190318 0.0
0.44143461 0.016524584 0.0
0.49368648 0.0029572138 0.0
0.48841127 0.0031238516 0.0
0.45493677 0.019511692 0.0
0.49159581 0.012573584 0.0
0.49385779 0.010135931 0.0
0.490689 0.017056077 0.0
0.49152445 0.0057060217 0.0
0.49284928 0.012340349 0.0
0.48684737 0.02157394 0.0
0.49537384 0.020228269 0.0
0.49078075 0.0097074039 0.0
0.48690643 0.01269042 0.0
0.48881915 0.020153521 0.0
0.49372637 0.020406154 0.0
0.48183377 0.027261399 0.0
0.50177463 0.026374164 0.0
0.48590865 0.0094035253 0.0
0.4797182 0.031804906 0.0
0.49832597 0.023023825 0.0
0.49705266 0.016420355 0.0
0.48817422 0.018078066 0.0
0.49087346 0.024610678 0.0
0.50308527 0.025702791 0.0
0.49944793 0.018201619 0.0
0.49599752 0.016994654 0.0
0.49750654 0.019629258 0.0
0.49805464 0.019139943 0.0
0.50185984 0.020667385 0.0
0.48476102 0.015220883 0.0
0.48297271 0.018865034 0.0
0.48719406 0.029185119 0.0
0.48726297 0.042063491 0.0
0.49668365 0.02367886 0.0
0.49937207 0.020823285 0.0
0.49510566 0.024365186 0.0
0.49732374 0.027910616 0.0
0.49228666 0.02396167 0.0
0.48876 0.024486576 0.0
0.48651021 0.025550696 0.0
0.49229495 0.028441303 0.0
0.48466628 0.021994799 0.0
0.48237357 0.014846419 0.0
0.46936049 0.037766347 0.0
0.49156351 0.034814901 0.0
0.48227335 0.022769892 0.0
0.48458593 0.030411679 0.0
0.4414945 0.022814847 0.0
0.44393829 0.01977576 0.0
0.48354664 0.025357059 0.0
0.44364608 0.016783174 0.0
0.48499562 0.01775557 0.0
0.47939837 0.022049012 0.0
0.49345955 0.00073580668 0.0
0.48109681 0.018791456 0.0
0.48150909 0.0041312646 0.0
0.45453997 0.01441541 0.0
0.44449564 0.023337843 0.0
0.42622121 0.027505595 0.0
0.48960839 0.0070148913 0.0
0.4592472 0.024072527 0.0
0.48250597 0.0071523308 0.0
0.48269042 0.012916198 0.0
0.4836038 -0.0033662274 0.0
0.46413899 0.021275932 0.0
0.4896205 -0.0011035245 0.0
0.46046962 -0.012833906 0.0
0.4486313 0.0078801767 0.0
0.43927542 0.0095167004 0.0
0.48482213 0.0035120097 0.0
0.44741167 0.017354095 0.0
0.43909913 0.016828635 0.0
0.4296205 0.027256971 0.0
0.48293829 0.0044283019 0.0
0.48985528 0.0037802771 0.0
0.49299162 -0.0020457227 0.0
0.477132 -0.0046299005 0.0
0.47886062 -0.0033860448 0.0
0.4593399 0.0072743498 0.0
0.48352673 0.0018989371 0.0
0.4787641 0.00013215633 0.0
0.48966968 -0.00084713481 0.0
0.48049362 0.0081170504 0.0
0.44533859 0.014001334 0.0
0.45837837 0.0070783847 0.0
0.43748309 0.0095010042 0.0
0.48042763 0.0010140318 0.0
0.46386374 0.0015011978 0.0
0.4725652 -0.0044031649 0.0
0.44632841 0.0066440893 0.0
0.44415031 0.012208728 0.0
0.4827357 -0.0012966495 0.0
0.48402551 -0.0034676133 0.0
0.48226189 0.00089784088 0.0
0.45945939 0.010939826 0.0
0.4622753 0.008942954 0.0
0.48530581 -0.0011071639 0.0
0.45772128 0.012199493 0.0
0.4862425 -0.0027973765 0.0
0.39018205 -0.0057237304 0.0
0.47560922 -0.0050467157 0.0
0.48820373 -0.00092565581 0.0
0.46972531 0.020868602 0.0
0.44901966 0.018063722 0.0
0.45054118 0.026390887 0.0
0.47393608 -0.0044141808 0.0
0.45907309 0.013901515 0.0
0.4572979 0.001747282 0.0
0.48627614 0.0037433586 0.0
0.4587817 0.015851771 0.0
0.45305634 0.014093357 0.0
0.49237276 -0.0014021898 0.0
0.44017964 0.012808384 0.0
0.41636148 0.012952539 0.0
0.4727465 0.024651093 0.0
0.46245785 0.05899685 0.0
0.44139386 0.019171041 0.0
0.45539105 0.028456944 0.0
0.47066438 0.02774806 0.0
0.43340557 0.028247055 0.0
0.49101852 0.00089860678 0.0
0.45519474 0.0093136092 0.0
0.48939483 0.0014482109 0.0
0.46593127 -0.0056970861 0.0
0.46631259 -0.0023034391 0.0
0.44816344 -0.0050839667 0.0
0.46157559 0.01182937 0.0
0.45290301 0.0065357601 0.0
0.44660296 0.025516253 0.0
0.46394552 0.0047298669 0.0
0.43726228 0.037616448 0.0
0.46188269 0.0044823525 0.0
0.45640031 0.01216643 0.0
0.48557807 -0.0014101308 0.0
0.46040774 0.015692608 0.0
0.45563204 0.036488147 0.0
0.46404935 0.037373925 0.0
0.46783784 0.028248491 0.0
0.47761398 0.022389343 0.0
0.44530696 0.018138049 0.0
0.47345815 0.014545656 0.0
0.45276841 0.026465411 0.0
0.50921027 0.056608179 0.0
0.46188203 0.019941582 0.0
0.46243753 0.030778645 0.0
0.46455181 0.032262633 0.0
0.47075564 0.032220681 0.0
0.46138474 0.030880802 0.0
0.46790197 0.031515523 0.0
0.48777406 0.00089522264 0.0
0.45376953 0.024263012 0.0
0.45145306 0.030424654 0.0
0.4660654 0.036769903 0.0
0.47162062 0.037600331 0.0
0.47538247 0.02521355 0.0
0.47266889 0.050094765 0.0
0.45970437 0.032716132 0.0
0.45286518 0.040429755 0.0
0.50504968 0.038809159 0.0
0.45403829 0.030725881 0.0
0.45914772 0.038890134 0.0
0.46220005 0.037040252 0.0
0.47385229 0.042297254 0.0
0.45029103 0.022466291 0.0
0.44597228 0.021736157 0.0
0.45706852 0.045488369 0.0
0.46692623 0.042448043 0.0
0.4769005 0.042297357 0.0
0.49409932 0.033909048 0.0
0.45665614 0.032085868 0.0
0.44609039 0.030183645 0.0
0.47028065 0.041638103 0.0
0.4777917 0.041484949 0.0
0.45821857 0.028226316 0.0
0.49235772 0.0031800561 0.0
0.45697625 0.023519743 0.0
0.46128926 0.07174288 0.0
0.47609619 0.049689317 0.0
0.48913403 0.046983854 0.0
0.47871178 0.037627226 0.0
0.47775684 0.032344573 0.0
0.46149441 0.024341627 0.0
0.48836418 0.0087925069 0.0
0.47879796 0.008050792 0.0
0.44898568 0.026206387 0.0
0.4796007 0.019227036 0.0
0.43629065 0.015602406 0.0
0.48636891 0.0071604454 0.0
0.44411434 0.027753827 0.0
0.45748535 0.020456618 0.0
0.44274428 0.049156155 0.0
0.45189944 0.022665049 0.0
0.44191237 0.027071057 0.0
0.5255237 0.050435896 0.0
-0.010840989 -0.021160253 0.0
0.44026808 0.032046947 0.0
0.44325806 0.032491969 0.0
0.45036829 0.032905601 0.0
0.44825145 0.040864204 0.0
0.46606478 0.050231208 0.0
0.49024747 0.050760963 0.0
0.47381129 0.037597373 0.0
0.47318753 0.032581317 0.0
0.48044463 0.040516645 0.0
0.47540646 0.036654469 0.0
0.48480607 0.042495968 0.0
0.48312605 0.031672686 0.0
0.48584317 0.046686249 0.0
0.49540483 0.061165125 0.0
0.48080953 0.036785193 0.0
0.484472 0.036708818 0.0
0.48301933 0.047408487 0.0
0.48681565 0.034524801 0.0
0.48029673 0.02749818 0.0
0.47512769 0.032166528 0.0
0.49501475 0.045982993 0.0
0.51322915 0.041220179 0.0
0.4811733 0.053070998 0.0
0.4831352 0.052362968 0.0
0.44712495 0.035933603 0.0
0.4489723 0.03250866 0.0
0.45236552 0.045095769 0.0
0.47350188 0.062952895 0.0
0.46835326 0.047813621 0.0
0.48107332 0.056972277 0.0
0.49332682 0.041600073 0.0
0.50103401 0.031303048 0.0
0.45004493 0.040044532 0.0
0.4631149 0.049737066 0.0
0.47742961 0.05719862 0.0
0.47326494 0.054347183 0.0
0.48662451 0.061743208 0.0
0.48614936 0.052367347 0.0
0.44518766 0.03991236 0.0
0.45050869 0.046889419 0.0
0.46496835 0.044556093 0.0
0.46999021 0.054556662 0.0
0.45852555 0.041589777 0.0
0.45980235 0.046054425 0.0
0.46426313 0.059488824 0.0
0.46863745 0.056590066 0.0
0.45493638 0.045991698 0.0
0.45802675 0.050557909 0.0
0.44612282 0.046559357 0.0
0.47652915 0.063038444 0.0
0.46104596 0.051505816 0.0
0.46769867 0.063351955 0.0
0.48309346 0.086442859 0.0
0.49308698 0.076086297 0.0
0.48396928 0.064875547 0.0
0.4877973 0.077378383 0.0
0.50073096 0.0704019 0.0
0.51542009 0.064420736 0.0
0.44243916 0.036862685 0.0
0.43646592 0.032000152 0.0
0.46138708 0.043835562 0.0
0.45554282 0.041043604 0.0
0.45653576 0.05240294 0.0
0.46527448 0.056191073 0.0
0.47990217 0.064611667 0.0
0.49698412 0.071362221 0.0
0.49090659 0.060010251 0.0
0.49956562 0.054773952 0.0
0.43134013 0.059551564 0.0
0.44595303 0.11532372 0.0
0.44277036 0.035613664 0.0
0.43933114 0.038663736 0.0
0.45120947 0.051936885 0.0
0.46834675 0.076956445 0.0
0.48057674 0.071619683 0.0
0.48868506 0.069792995 0.0
0.47646622 0.071589591 0.0
0.47417383 0.077709089 0.0
0.47268144 0.069158946 0.0
0.48302959 0.079112509 0.0
0.45737684 0.065284181 0.0
0.45284963 0.058384331 0.0
0.47509098 0.097743567 0.0
0.48944065 0.086170777 0.0
0.50355734 0.077737663 0.0
0.49727258 0.060559633 0.0
0.44531859 0.042617351 0.0
0.44784749 0.049314046 0.0
0.43531278 0.040421042 0.0
0.44587061 0.063447898 0.0
0.43372296 0.039284136 0.0
0.44587629 0.04859378 0.0
0.45322424 0.051725018 0.0
0.45842784 0.057735702 0.0
0.4937583 0.072307567 0.0
0.48480489 0.072445628 0.0
0.49010245 0.096971013 0.0
0.50839593 0.074574315 0.0
0.50676114 0.073070888 0.0
0.50531341 0.065632841 0.0
0.45168088 0.057324778 0.0
0.45472902 0.054329164 0.0
0.4413934 0.043953659 0.0
0.24711293 0.0049311425 0.0
0.44074639 0.036649824 0.0
0.44344421 0.059393456 0.0
0.45339629 0.0087830184 0.0
0.49733964 -0.0031516098 0.0
0.36850064 0.047707839 0.0
0.44385511 0.064958597 0.0
0.47180376 0.093144548 0.0
0.50048753 0.079801619 0.0
0.49605522 0.08116467 0.0
0.51117949 0.067005495 0.0
0.43899114 0.026556045 0.0
0.42169124 0.067843947 0.0
0.43823712 0.055582331 0.0
0.41130871 0.041778936 0.0
0.52302022 -0.00039838284 0.0
0.49263924 -0.003890928 0.0
0.45613712 0.09569682 0.0
0.44913199 0.062590665 0.0
0.48345407 0.095951607 0.0
0.49865038 0.086666345 0.0
0.51829969 0.066465946 0.0
0.5144018 0.050612961 0.0
0.37718516 0.048838154 0.0
0.39699134 0.039234319 0.0
0.52562779 0.00089786573 0.0
0.50064681 -0.00026704424 0.0
0.47556297 0.093168048 0.0
0.44115992 0.1038809 0.0
0.49651123 0.087149942 0.0
0.49484148 0.05027247 0.0
0.45720181 0.11394055 0.0
0.49483079 0.090134502 0.0
0.51248864 0.076829004 0.0
0.50830932 0.081505054 0.0
0.43075532 0.037257856 0.0
0.42891728 0.039847278 0.0
0.44025166 0.052654613 0.0
0.43736875 0.045150745 0.0
0.41927725 0.04986519 0.0
0.50732244 -0.0032494443 0.0
0.49730031 -0.0027805677 0.0
0.43692832 0.046902848 0.0
0.46899846 -0.0044596557 0.0
0.43936433 0.021338562 0.0
-0.0030535583 0.00010620651 0.0
0.37458708 0.053262771 0.0
0.52352265 0.0013444843 0.0
0.44647292 0.0530651 0.0
0.46436462 0.060207062 0.0
0.43744612 0.052642547 0.0
0.39737484 0.063149207 0.0
0.4387942 0.050661156 0.0
0.47117649 0.085435464 0.0
0.46388807 0.080006388 0.0
0.4553891 0.070458023 0.0
0.40721823 0.13311401 0.0
0.44408897 0.060590485 0.0
0.49168005 -0.0032063952 0.0
0.43460159 0.037915578 0.0
0.17607528 0.022908009 0.0
0.47762718 0.079130612 0.0
0.46486428 0.07241773 0.0
0.44155528 0.054431424 0.0
0.46425093 0.084932275 0.0
0.4533004 0.067936603 0.0
0.45217176 0.085681336 0.0
0.44694676 -0.0028914842 0.0
0.41786744 0.12079336 0.0
0.41647245 0.053585442 0.0
0.43637964 0.053864081 0.0
0.41050057 0.00073223468 0.0
0.44070966 -0.0031945084 0.0
0.44570144 0.055912033 0.0
0.43905677 0.046981315 0.0
0.43232016 0.056141058 0.0
0.43953561 0.048647285 0.0
0.46625255 0.069325009 0.0
0.4600928 0.078422006 0.0
0.46185939 0.064962214 0.0
0.45897089 0.064098845 0.0
0.43937172 0.050615023 0.0
0.4143531 0.10023823 0.0
0.44458615 -0.0045304235 0.0
0.45263608 0.074994841 0.0
0.40385758 0.11618888 0.0
0.46622849 0.1113913 0.0
0.44166537 0.0557316 0.0
0.45276548 0.019545643 0.0
0.52394161 -0.00022013995 0.0
0.53107143 -0.0025702844 0.0
-0.0094972348 -0.0088446413 0.0
0.51330433 -0.0043871737 0.0
0.43588243 0.024900262 0.0
0.43613222 0.061998984 0.0
0.44381651 -0.0039009457 0.0
0.31956264 -0.011975508 0.0
0.4343091 0.044136919 0.0
0.44174721 0.050171711 0.0
0.44440588 0.05279789 0.0
0.4438281 0.047942723 0.0
0.44443343 0.056560347 0.0
0.44998556 0.05725879 0.0
0.43239076 0.035552133 0.0
0.4490221 0.091356863 0.0
0.44334497 0.057642222 0.0
0.44083301 0.049649122 0.0
0.23098376 -0.00060879304 0.0
0.45511136 0.077675148 0.0
0.46094503 0.059972986 0.0
0.4561795 0.059950482 0.0
0.45412163 0.058548269 0.0
0.45526611 0.064104913 0.0
0.44872468 0.059595481 0.0
0.45896764 0.069749924 0.0
0.43591322 0.045555937 0.0
0.086251812 1.4834281e-05 0.0
0.39597438 0.065692673 0.0
0.43170827 0.066264056 0.0
0.4473736 0.073472604 0.0
0.56682969 -0.0029701758 0.0
0.43680514 0.063877429 0.0
0.35931161 0.11974024 0.0
0.47410441 -0.0058175989 0.0
0.54924749 -0.0035494906 0.0
0.45571331 0.11191097 0.0
0.42325036 0.12581028 0.0
0.50543419 0.075617929 0.0
0.48703503 0.10119803 0.0
0.44454775 0.12188437 0.0
0.20967746 0.00011537248 0.0
0.44913601 -0.005563097 0.0
0.18814164 -0.00050118047 0.0
0.56477487 -0.0052735007 0.0
0.44756713 0.061597595 0.0
0.43953063 0.042712968 0.0
0.44044945 0.047603239 0.0
0.44186066 0.041189795 0.0
0.3833031 0.00089280571 0.0
0.44413472 0.054833274 0.0
0.4387294 0.048779532 0.0
0.45384609 0.064291704 0.0
0.45115775 0.062073202 0.0
0.35415159 0.071258998 0.0
0.5065363 -0.0027190062 0.0
0.2904321 0.055538926 0.0
0.45012612 0.067495757 0.0
0.47068681 0.10596562 0.0
0.47615454 0.095536825 0.0
0.50095203 -0.0048431574 0.0
0.53806719 -0.0033659277 0.0
0.53033314 -0.0022390624 0.0
0.15808574 -0.01170279 0.0
0.26889669 0.12086404 0.0
0.41665555 0.061962491 0.0
0.56242985 -0.0022816952 0.0
0.030434891 -0.011967312 0.0
0.41180982 0.055946035 0.0
0.55132587 -0.0035655756 0.0
0.31481936 0.13843094 0.0
0.4887383 0.085985118 0.0
0.15565144 0.0071158374 0.0
0.4897799 0.081089042 0.0
0.50476181 0.082002659 0.0
0.43931455 -0.0029991129 0.0
0.25908796 0.010485516 0.0
0.41493831 0.019339222 0.0
0.52807318 -0.0036604215 0.0
0.24148771 -0.006679212 0.0
0.47184257 -0.0044747225 0.0
0.38945593 0.097916979 0.0
0.47747442 -0.0053928957 0.0
0.44081784 0.05369824 0.0
0.31815029 0.0030060894 0.0
0.42407668 0.047272355 0.0
0.36883107 0.00077879267 0.0
0.2688879 0.0016757426 0.0
0.42594489 -0.00037212303 0.0
0.26458607 -0.0011718587 0.0
0.41935839 0.10436347 0.0
0.44700805 -0.0038574788 0.0
0.4319583 0.05456122 0.0
-0.00031458414 -0.020989758 0.0
0.34686755 0.15182816 0.0
0.5118856 -0.0018599069 0.0
0.39847294 -0.0010182373 0.0
0.33078476 -0.0018184476 0.0
0.5613663 -0.0040955943 0.0
0.56321264 -0.0050690747 0.0
0.45114234 0.012984671 0.0
0.50009568 -0.0020867963 0.0
0.23376595 -0.0071265765 0.0
0.41132527 0.05777807 0.0
0.13414647 0.0093324048 0.0
0.4918089 -0.0044811564 0.0
0.44487184 0.070782304 0.0
0.44783159 0.081812585 0.0
0.18636696 0.034443888 0.0
0.14886579 0.094620141 0.0
0.34606303 0.11067327 0.0
0.157201 0.1920996 0.0
0.15746714 0.070513936 0.0
0.0073850797 0.0062546635 0.0
0.33119706 0.19359089 0.0
0.43069367 0.035320908 0.0
0.44259674 0.056938938 0.0
0.44575278 0.057368008 0.0
0.38977498 0.072834214 0.0
0.4316876 0.075641556 0.0
0.43003209 0.091361014 0.0
0.47946481 -0.0029384857 0.0
0.32513944 -0.0011322772 0.0
0.050398718 -0.00050396816 0.0
0.52766818 -0.0070287865 0.0
0.38141449 -0.00074088436 0.0
0.036944231 -0.0032578436 0.0
0.40287168 -0.0061912815 0.0
0.24185263 -0.0030090888 0.0
0.40602298 -0.0016704798 0.0
0.43485521 0.04589992 0.0
0.41746641 -0.0041822121 0.0
0.41270742 0.016892456 0.0
0.14062997 0.0022010366 0.0
0.40801424 -0.0054598625 0.0
0.31560715 0.098142542 0.0
0.040858609 0.064860783 0.0
0.43590371 0.050106825 0.0
0.44021957 0.051730131 0.0
0.44253837 0.058228272 0.0
0.43316502 0.068447309 0.0
0.44542629 0.068206888 0.0
0.42454076 0.087354825 0.0
0.43335067 0.080272529 0.0
0.40468355 0.083898975 0.0
0.45715202 0.0051989977 0.0
0.062394452 0.00088570714 0.0
0.54115624 -0.0076866297 0.0
0.51436058 -0.0057895885 0.0
0.52114781 -0.0074261722 0.0
0.39377633 -0.0052424966 0.0
0.37605051 -0.0038958573 0.0
0.48160628 -0.006570683 0.0
0.47806377 -0.0063433673 0.0
0.25621969 -0.0063383602 0.0
0.17253164 -0.0065664995 0.0
0.50027214 -0.0073603388 0.0
0.2820512 0.0017106929 0.0
0.17426652 -0.0063491485 0.0
0.082241856 -0.0028525469 0.0
0.10335358 -0.00079266903 0.0
0.54620006 -0.0087993725 0.0
0.5463173 -0.0080999552 0.0
0.53333121 -0.0069714044 0.0
0.52981366 -0.0076639391 0.0
0.52669696 -0.0077676563 0.0
0.50473723 -0.0054230649 0.0
0.53284591 -0.0074609308 0.0
0.52297253 -0.0074979474 0.0
0.53622859 -0.0077164631 0.0
0.51585178 -0.0082323589 0.0
0.53719786 -0.0078119211 0.0
0.52282996 -0.0076941288 0.0
0.50213027 -0.0055597054 0.0
0.5052316 -0.0062104219 0.0
0.48496004 -0.0068029404 0.0
0.44558159 -0.0062021203 0.0
0.52690637 -0.0072342227 0.0
0.50255466 -0.0071423868 0.0
0.50139555 -0.0081138545 0.0
0.44280542 -0.004307063 0.0
0.48840221 -0.0080347507 0.0
0.48933085 -0.0075043352 0.0
0.50894067 -0.0077395667 0.0
0.52854938 -0.0089511946 0.0
0.45606311 -0.0056396856 0.0
0.44410484 -0.0040493679 0.0
0.52342953 -0.0078861102 0.0
0.48646941 -0.0076711377 0.0
0.53610398 -0.0096071611 0.0
0.5083897 -0.0085662328 0.0
0.57151883 -0.009961275 0.0
0.38830175 -0.0020945517 0.0
0.53553511 -0.0092619382 0.0
0.51902581 -0.0085407842 0.0
0.53922173 -0.0083273897 0.0
0.54801033 -0.0095319641 0.0
0.41757327 -0.0069408769 0.0
0.4263423 -0.0067318199 0.0
0.39022035 -0.0023435556 0.0
0.46088285 -0.0048809426 0.0
0.53792588 -0.011576552 0.0
0.29743564 -0.00064087133 0.0
0.3245483 -0.0020154569 0.0
0.39299581 -0.0061210039 0.0
0.4908281 -0.0067347436 0.0
0.423436 -0.0047225356 0.0
0.50198005 -0.0077295169 0.0
0.52109076 -0.0099382059 0.0
0.45561266 -0.0060826638 0.0
0.41824042 -0.0056278906 0.0
0.46364188 -0.0067566281 0.0
0.43384441 -0.0061628644 0.0
0.43506605 -0.0067532402 0.0
0.36532932 -0.00046016423 0.0
0.4379883 -0.0067305806 0.0
0.38660488 -0.0033467024 0.0
0.092040284 0.0019873431 0.0
0.38651049 -0.0026701492 0.0
0.36399033 -0.0014219459 0.0
0.26012583 0.0014409831 0.0
0.28693087 -0.0022129418 0.0
0.31102214 -0.0047975458 0.0
0.51006513 -0.0094164303 0.0
0.36452059 -0.005041197 0.0
0.46577002 -0.0063919379 0.0
0.5212363 -0.0098827592 0.0
0.4475412 -0.0067582182 0.0
0.39233602 -0.0075242486 0.0
0.51890707 -0.0090670609 0.0
0.46533644 -0.0073412154 0.0
0.44751346 -0.0069129239 0.0
0.32351303 -0.0013997948 0.0
0.49829606 -0.0096380108 0.0
0.4051084 -0.0039288716 0.0
0.53938247 -0.0097697006 0.0
0.50166463 -0.0082996197 0.0
0.43778216 -0.0068446305 0.0
0.18609438 2.6415695e-06 0.0
0.48296887 -0.007524202 0.0
0.39133765 -0.0051619195 0.0
0.54811138 -0.0097106178 0.0
0.51903832 -0.013218789 0.0
0.52035972 -0.0098560425 0.0
0.51027681 -0.0098626166 0.0
0.33807383 -0.0019050505 0.0
0.45367756 -0.0078367143 0.0
0.51672156 -0.0098055678 0.0
0.50220421 -0.0088639798 0.0
0.53435822 -0.010118476 0.0
0.52979062 -0.0095281395 0.0
0.52969437 -0.0099348819 0.0
0.52011398 -0.0094831866 0.0
0.5535004 -0.010398356 0.0
0.56505496 -0.0089725277 0.0
0.51628046 -0.010692423 0.0
0.49572772 -0.0093445302 0.0
0.54131904 -0.011026135 0.0
0.52166864 -0.01038431 0.0
0.5693019 -0.0086294426 0.0
0.55313781 -0.0081416414 0.0
0.5365246 -0.011258724 0.0
0.55347646 -0.012717709 0.0
0.46501533 -0.0080683162 0.0
0.53697831 -0.01193922 0.0
0.54717855 -0.011485522 0.0
0.54106237 -0.012093468 0.0
0.31901322 -0.0061449805 0.0
0.46419569 -0.0079577755 0.0
0.48836442 -0.0096481211 0.0
0.46409974 -0.0080038966 0.0
0.48351716 -0.0084500939 0.0
0.33414068 -0.0019860202 0.0
0.43711258 -0.0073449192 0.0
0.39158969 -0.0049897649 0.0
0.32884696 -0.0012326149 0.0
0.046511634 -0.0011726031 0.0
0.42516942 -0.0049387817 0.0
0.14597519 -0.00035341388 0.0
0.38408084 -0.0057696591 0.0
0.42441887 -0.0071173316 0.0
0.36397857 -0.0048189817 0.0
0.39374358 -0.0061713446 0.0
0.47048133 -0.0092123002 0.0
0.47113661 -0.0091675308 0.0
0.49100193 -0.0089566531 0.0
0.3878353 -0.006718646 0.0
0.52215816 0.0025607247 0.0
0.49533427 -0.0097366546 0.0
0.49209577 -0.010103496 0.0
0.51358504 -0.011626707 0.0
0.49465974 -0.010264618 0.0
0.095025335 0.0015856797 0.0
0.19053353 -0.00088826512 0.0
0.42441824 -0.0081994929 0.0
0.33611585 -0.001598709 0.0
0.51320221 -0.012033127 0.0
0.49807898 -0.0095958632 0.0
0.53126591 -0.011226561 0.0
0.51832539 -0.012478593 0.0
0.51555784 -0.013494804 0.0
0.45403011 -0.0079143367 0.0
0.53065934 -0.012345448 0.0
0.50031569 -0.01104592 0.0
0.55230664 -0.006774507 0.0
0.52519982 -0.011285122 0.0
0.52107794 -0.012718738 0.0
0.53643271 -0.013643294 0.0
0.53328027 -0.0074637003 0.0
0.31381269 -0.023716108 0.0
0.53359757 -0.013723005 0.0
0.51920366 -0.01303243 0.0
0.46513602 -0.012391278 0.0
0.17174623 -0.0047053056 0.0
0.52765194 -0.013911056 0.0
0.48954567 -0.011882282 0.0
0.33432186 -0.0012683351 0.0
0.2728818 -0.0026772293 0.0
0.39192182 -0.0064412855 0.0
0.45551144 -0.0093334871 0.0
0.23715383 -0.0026061405 0.0
0.08513752 0.00082144916 0.0
0.20727095 -0.0021842977 0.0
0.27216726 -0.0024103969 0.0
0.30424789 -0.00024274766 0.0
0.24240108 0.0051616967 0.0
0.29889772 -0.0035725984 0.0
0.27297175 -0.0041891517 0.0
0.34918382 -0.0018945252 0.0
0.30302566 -0.00022994289 0.0
0.27892694 -0.0047250668 0.0
0.27718867 -0.0029596258 0.0
0.062779184 0.0012932489 0.0
0.26842464 -0.0048052768 0.0
0.52121334 0.0020028918 0.0
0.20841873 -0.002573273 0.0
0.21928978 0.0034342745 0.0
0.16541397 0.0012969622 0.0
0.069515614 0.00028820652 0.0
0.15249072 -0.0032591107 0.0
0.20972748 -0.0026703381 0.0
0.3814951 -0.0066903339 0.0
0.24171172 0.0032914033 0.0
0.072312605 -0.0008675253 0.0
0.16513408 -0.0030049768 0.0
0.045602436 -0.0012440974 0.0
0.036619416 -0.00084030995 0.0
0.074831397 -0.003894852 0.0
0.21210689 -0.0024967573 0.0
0.3253995 -0.0025872083 0.0
0.27369132 0.0015618857 0.0
0.20468526 -0.0021505722 0.0
0.43007091 0.011342841 0.0
0.42275515 0.010279685 0.0
0.52056328 0.0015747553 0.0
0.51751411 -0.0001031989 0.0
0.51103752 -0.0027025301 0.0
0.51881732 -0.000783528 0.0
0.50110385 -0.0035089065 0.0
0.51656359 -0.0017676353 0.0
0.51845582 -0.00021614144 0.0
0.52052857 0.00087744714 0.0
0.51232719 -0.0026242542 0.0
0.51302044 -0.0021371303 0.0
0.51105984 -0.0025056488 0.0
0.49017432 -0.003459905 0.0
0.51152605 -0.0020025963 0.0
0.51700255 -0.0014080921 0.0
0.47948998 -0.0014761435 0.0
0.50911283 -0.0015449864 0.0
0.51078098 -0.0019348288 0.0
0.51441104 -0.0008669321 0.0
0.50188675 -0.0030370357 0.0
0.51614358 0.00055275112 0.0
0.51418259 -0.00076704414 0.0
0.51929007 0.00052401926 0.0
0.51305424 -0.00079494197 0.0
0.51427055 0.0010072864 0.0
0.51733012 0.0010970167 0.0
0.51719915 0.0025066765 0.0
0.51824594 0.0028768364 0.0
0.51909476 0.0024018345 0.0
0.52385626 0.002776776 0.0
0.52416046 0.001066448 0.0
0.51525154 0.0011887414 0.0
0.51352604 0.0015287472 0.0
0.50559749 0.012343113 0.0
0.50245806 0.012933607 0.0
0.50133321 0.011718657 0.0
0.49957229 0.014568217 0.0
0.50033337 0.00069752408 0.0
0.49827908 0.0039046741 0.0
0.49726806 -0.00030677265 0.0
0.49739786 0.004129635 0.0
0.42471536 -0.0025210193 0.0
0.46223232 -0.0052138095 0.0
0.49913233 0.0020670511 0.0
0.49805657 0.00096422939 0.0
0.49825981 -0.00027987906 0.0
0.44744726 0.014747448 0.0
0.45099202 0.018346415 0.0
0.49452308 -0.0015216243 0.0
0.4880845 0.0067914289 0.0
0.48225365 -0.0040436219 0.0
0.48971917 0.0099006214 0.0
0.46390266 0.023416012 0.0
0.50824091 0.029204738 0.0
0.51098673 0.025684593 0.0
0.49683167 0.032932233 0.0
0.50886766 0.034194954 0.0
0.50245021 0.030412281 0.0
0.4984443 0.031984516 0.0
0.50098158 0.037067614 0.0
0.50610445 0.035224627 0.0
0.50199069 0.04206104 0.0
0.50024702 0.043760819 0.0
0.49871974 0.0389562 0.0
0.50476369 0.041257342 0.0
0.4957285 0.039802074 0.0
0.49615358 0.044897467 0.0
0.5016547 0.048292366 0.0
0.52076705 0.056266696 0.0
0.49820709 0.0492494 0.0
0.50379695 0.045754492 0.0
0.49530989 0.050436769 0.0
0.50552745 0.058881613 0.0
0.46730253 0.015925323 0.0
0.47862582 0.0034003218 0.0
0.48179968 -0.0042324428 0.0
0.45436121 0.0014112581 0.0
0.48726973 -0.00068173674 0.0
0.48136328 -0.0033684125 0.0
0.45496082 0.0051624937 0.0
0.46345703 -0.0047434339 0.0
0.4729529 -0.0050173291 0.0
0.45266774 -0.0064890416 0.0
0.47874573 -0.0037237092 0.0
0.45876953 0.0026839602 0.0
0.48378259 -0.0012235537 0.0
0.47657648 0.00079075946 0.0
0.45471125 -0.0058682138 0.0
0.4808423 -0.0021957273 0.0
0.48786194 -0.0024138908 0.0
0.47397628 -0.0048732392 0.0
0.46135596 -0.0045740714 0.0
0.46933225 -0.0047458462 0.0
0.47976904 -0.0035082918 0.0
0.48113694 -0.0039056044 0.0
0.4039782 -0.0066745758 0.0
0.43427559 -0.005251052 0.0
0.47309127 -0.0057171215 0.0
0.4497168 0.0031571149 0.0
0.46471881 0.0075891169 0.0
0.46634775 0.0012667467 0.0
0.46717388 0.0033973367 0.0
0.47938586 0.0052630597 0.0
0.46671993 -0.0071616685 0.0
0.47101376 0.00063145346 0.0
0.40614892 -0.0020030065 0.0
0.12631979 -0.0013109464 0.0
0.4578849 -0.0082237906 0.0
0.44986294 -0.0057426384 0.0
0.46121047 0.0027379941 0.0
0.46001518 -0.00077429916 0.0
0.46671791 0.0075816579 0.0
0.47284766 0.0011647676 0.0
0.47115276 -0.003697291 0.0
0.46327904 -0.00050911888 0.0
0.47926467 -0.0015049714 0.0
0.47428741 0.0042535715 0.0
0.47514126 -0.0044512707 0.0
0.47193621 -0.0015323375 0.0
0.47073904 -0.0046620549 0.0
0.26200184 -0.0063078791 0.0
0.48714206 -0.0030425578 0.0
0.46769918 -0.0037794428 0.0
0.45162158 -0.0062139953 0.0
0.28800043 -0.0067491317 0.0
0.43510345 -0.0062093588 0.0
0.46568358 -0.0055120673 0.0
0.46643175 -0.0042685194 0.0
0.45445671 -0.0061230446 0.0
0.47156209 -0.0040947968 0.0
0.46361257 -0.0050328345 0.0
0.47733171 -0.0021484486 0.0
0.47498579 0.00050800895 0.0
0.46914888 0.0066355595 0.0
0.46539167 0.013801005 0.0
0.46291318 -0.0073704171 0.0
0.45851978 -0.0099039523 0.0
0.42757611 -0.0080398619 0.0
0.45165137 -0.0061497648 0.0
0.45706087 -0.0050162025 0.0
0.45374701 -0.0064171285 0.0
0.4590448 -0.0061933303 0.0
0.47182625 -0.0052391355 0.0
0.47445843 -0.0043241161 0.0
0.47054861 -0.0056025425 0.0
0.46185581 -0.00077998163 0.0
0.45468175 -0.00072045848 0.0
0.46421169 -0.011605772 0.0
0.43917643 0.0060584242 0.0
0.46864246 -0.00126278 0.0
0.46932468 -0.0056518866 0.0
0.46512796 -0.0045239165 0.0
0.45881693 -0.0052409446 0.0
0.47584597 -0.0017678418 0.0
0.47020774 -0.004037394 0.0
0.47655861 0.0037381096 0.0
0.47654716 0.0065884296 0.0
0.45530219 -0.0057016056 0.0
0.43838068 -0.0095621594 0.0
0.32783996 -0.0026500046 0.0
0.33916464 -0.0052508869 0.0
0.42688505 -0.0062499875 0.0
0.41172222 -0.0065999803 0.0
0.45781794 -0.0051792807 0.0
0.45843047 -0.0018628347 0.0
0.477283 -0.0041946078 0.0
0.47364143 -0.0041168854 0.0
0.43113051 -0.0066651138 0.0
0.475358 -0.004372864 0.0
0.46801389 0.0015599279 0.0
0.46953108 0.0041202009 0.0
0.47310791 -0.0015341928 0.0
0.47278268 -0.0037614103 0.0
0.25076163 -0.0061908028 0.0
0.38295468 -0.0057770491 0.0
0.36097399 -0.0069796406 0.0
0.45941147 -0.0061501072 0.0
0.46930618 -0.0049303051 0.0
0.46677552 -0.0068985636 0.0
0.44507865 -0.0068992501 0.0
0.46815748 -0.0064876 0.0
0.47702762 -0.0038470415 0.0
0.47368048 -0.0049279887 0.0
0.46761341 -0.0020617616 0.0
0.47085619 -0.0020514058 0.0
0.47476624 -0.0012272967 0.0
0.4746711 -0.0040659163 0.0
0.470971 -0.0066646337 0.0
0.46935357 -0.0069585307 0.0
0.47110692 -0.0061923492 0.0
0.46778025 -0.005911488 0.0
0.33575025 -0.0070699495 0.0
0.42897605 -0.0064746366 0.0
0.46885694 -0.0059273609 0.0
0.46429781 -0.0073317916 0.0
0.46583795 -0.0078892899 0.0
0.466644 -0.0090482606 0.0
0.43078796 -0.0070617733 0.0
0.41063664 -0.0072623728 0.0
0.44796107 -0.0064251433 0.0
0.37809294 -0.0056800075 0.0
0.45889422 -0.0068671314 0.0
0.4427639 -0.0051737646 0.0
0.46427194 -0.0057083098 0.0
0.43072938 -0.0048280228 0.0
0.40138647 -0.0046969608 0.0
0.38886151 -0.0069988293 0.0
0.37595809 -0.0061236188 0.0
0.12559802 -0.00033099669 0.0
0.2872962 -0.0061461872 0.0
0.43059515 -0.0048566093 0.0
0.33145847 -0.0059489162 0.0
0.45217177 -0.0063271596 0.0
0.40073517 -0.0066859575 0.0
0.4648999 -0.0072859054 0.0
0.45681637 -0.0095994895 0.0
0.34066452 -0.0051478827 0.0
0.39464992 -0.0068535571 0.0
0.13800576 0.0052583431 0.0
0.33094697 -0.0014935628 0.0
0.4007647 -0.0033394522 0.0
0.29702661 -0.0008947115 0.0
0.23521439 -0.0013012074 0.0
0.097951227 -0.00034902133 0.0
0.30046838 0.0015683232 0.0
0.37813709 -0.0024411744 0.0
0.37905474 -0.0025755704 0.0
0.25523156 -0.0056090986 0.0
0.46229588 -0.0070886539 0.0
0.4310034 -0.0045392834 0.0
0.45129947 -0.010732591 0.0
0.46598761 -0.0079493561 0.0
0.15276862 0.010721429 0.0
0.33114261 0.00040602931 0.0
0.28061006 0.0020796877 0.0
0.23990638 0.0082841247 0.0
0.44390586 -0.0068976514 0.0
0.44396032 -0.0065287626 0.0
0.45785154 -0.0089227422 0.0
0.33132461 -0.00030928974 0.0
0.4650173 -0.010853452 0.0
0.44291385 -0.0048798496 0.0
0.40173276 -0.0040022809 0.0
0.24960599 -0.0055685225 0.0
0.15137106 0.0013045659 0.0
0.3335633 -0.0042037527 0.0
0.13211493 -0.006812965 0.0
0.43717451 -0.0092390501 0.0
0.41951587 -0.008655306 0.0
0.45102999 -0.011593148 0.0
0.45009665 -0.011158485 0.0
0.057068158 0.00024475723 0.0
0.15353759 -0.002210772 0.0
0.23791524 0.0012605823 0.0
0.25247006 -0.012486709 0.0
0.15468833 -0.0091707511 0.0
0.43270342 -0.0076431607 0.0
0.1105297 0.00092845752 0.0
0.46554201 -0.010130259 0.0
0.46473845 -0.009535755 0.0
0.40572699 0.017300903 0.0
0.43055676 -0.00060260456 0.0
0.43280443 -0.0065596137 0.0
0.3853833 -0.0061846307 0.0
0.43454724 -0.0096457327 0.0
0.37102549 -0.0084301689 0.0
0.40065914 -0.0041114772 0.0
0.39225486 -0.0064886335 0.0
0.28322511 0.0019072369 0.0
0.34195929 -0.0064023717 0.0
0.35955542 -0.0069786044 0.0
0.41903018 -0.0095197652 0.0
0.12785814 0.0060268603 0.0
0.41424012 0.0094231069 0.0
0.28261806 -0.001150679 0.0
0.3344584 -0.0053968724 0.0
0.24053156 -0.00048371731 0.0
0.23897291 -0.0014649252 0.0
0.29959547 -0.0041903837 0.0
0.37520643 -0.0072461993 0.0
0.43008903 -0.012275014 0.0
0.46055477 -0.014094993 0.0
0.38360753 -0.0063469969 0.0
0.38740512 -0.0062806259 0.0
0.13204562 -0.0022069203 0.0
0.41341506 -0.016781279 0.0
0.082367821 0.00030988231 0.0
0.30156562 -0.0041876788 0.0
0.45469004 -0.027072389 0.0
0.090340239 0.0046641474 0.0
0.42222207 -0.014897386 0.0
0.30005235 -0.00087987134 0.0
0.41606908 0.0069099405 0.0
0.38563354 -0.010415422 0.0
0.40492376 -0.011338366 0.0
0.42724457 -0.012227816 0.0
0.29571432 0.001361385 0.0
0.44695094 -0.014357361 0.0
0.42028583 0.00025555454 0.0
0.44349593 -0.00320223 0.0
0.36263829 -0.020609695 0.0
0.44389413 -0.017669828 0.0
0.46000065 -0.01526084 0.0
0.46407103 -0.011519569 0.0
0.12853985 0.00059911778 0.0
0.25840147 -0.00019856828 0.0
0.44283237 -0.01319307 0.0
0.1416358 0.0036482147 0.0
0.44357311 -0.015316577 0.0
0.25190023 -0.00042258756 0.0
0.088483994 0.00072438971 0.0
0.12313612 0.00080696121 0.0
0.47442897 0.019747122 0.0
0.47037493 0.025484092 0.0
0.4759442 0.014967246 0.0
0.46942463 0.011075985 0.0
0.4743387 0.029026925 0.0
0.47612298 0.028737489 0.0
0.47543294 0.019637546 0.0
0.47025489 0.018184748 0.0
0.46838099 0.015721064 0.0
0.46688918 0.019977106 0.0
0.47259806 0.012598485 0.0
0.46544893 0.012485367 0.0
0.4787902 0.029098267 0.0
0.47732103 0.02485079 0.0
0.46833513 0.024768939 0.0
0.46552892 0.027273009 0.0
0.47075617 0.064866836 0.0
0.46923052 0.070158324 0.0
0.44457465 0.034981378 0.0
0.44139136 0.031392498 0.0
0.44818791 0.045412223 0.0
0.44345598 0.041994271 0.0
0.52606377 0.051466904 0.0
0.50713462 0.045174862 0.0
0.50379102 0.084997435 0.0
0.50032542 0.085562179 0.0
0.25585967 0.015439166 0.0
0.18942207 -0.0026258246 0.0
0.056422366 -0.00017390856 0.0
0.38962148 0.082389515 0.0
0.45002149 0.039821372 0.0
0.35381565 0.14069222 0.0
0.27564763 0.20490294 0.0
0.20815943 0.072231325 0.0
0.037882506 0.10963334 0.0
0.091846967 0.021580994 0.0
0.31525234 0.080551453 0.0
0.26558779 0.097132497 0.0
0.11469085 0.031567422 0.0
0.38437377 0.088611197 0.0
0.2034292 0.054603268 0.0
0.031704844 0.010079094 0.0
0.10194693 0.042049163 0.0
0.016037974 0.0054695652 0.0
0.33993664 0.049292585 0.0
0.28269522 0.065554405 0.0
0.088812872 0.017710064 0.0
0.011136685 0.0052011549 0.0
0.33412364 0.041766924 0.0
0.072961003 0.013116958 0.0
0.016561956 0.024185376 0.0
0.40190866 0.078233071 0.0
0.35374494 0.080986667 0.0
0.11107404 0.023985381 0.0
0.018690172 0.0044511819 0.0
0.17637803 0.035464394 0.0
0.16392173 0.026577977 0.0
0.2111921 0.05114458 0.0
0.33461276 0.061281478 0.0
0.048120652 0.02847649 0.0
0.00074051158 0.0026692889 0.0
0.00027585256 0.0010705528 0.0
0.33770454 0.056608891 0.0
0.26192129 0.04443802 0.0
-0.00074783889 0.000227449 0.0
0.014642418 0.0081817879 0.0
0.43670206 0.020608263 0.0
0.43435353 0.030902621 0.0
0.40766938 0.011170757 0.0
0.43095391 0.039748345 0.0
0.44073306 0.051213688 0.0
0.43645447 0.04650319 0.0
0.43620767 0.044525527 0.0
0.43720011 0.041436681 0.0
0.43599397 0.034517379 0.0
0.43060474 0.027833645 0.0
0.43810769 0.034191164 0.0
0.43235903 0.031102124 0.0
0.43167567 0.027164998 0.0
0.42383957 0.020739361 0.0
0.43828482 0.031310325 0.0
0.43515127 0.028308325 0.0
0.4345519 0.024503658 0.0
0.43086535 0.024115686 0.0
0.43305718 0.015184758 0.0
0.42912033 0.023053382 0.0
0.42290129 0.016758838 0.0
0.42604661 0.032482267 0.0
0.43276932 0.023270071 0.0
0.42736257 0.024659113 0.0
0.43500636 0.018973381 0.0
0.43153722 0.019920456 0.0
0.42401318 0.023313314 0.0
0.42976148 0.031527128 0.0
0.43366052 0.033257187 0.0
0.42778239 0.03270812 0.0
0.43140219 0.0086332466 0.0
0.42790019 0.015532295 0.0
0.42225311 0.02321096 0.0
0.41947677 0.026280244 0.0
0.42412422 0.027142814 0.0
0.43029821 0.041064748 0.0
0.42547544 0.024083837 0.0
0.42185423 0.024711266 0.0
0.42896851 0.033126899 0.0
0.42933058 0.036215212 0.0
0.42999065 0.019169937 0.0
0.42607756 0.015061911 0.0
0.42082078 0.026588745 0.0
0.4246826 0.032721004 0.0
0.41829751 0.014308191 0.0
0.41910994 0.020446714 0.0
0.41983828 0.023808115 0.0
0.42272316 0.027949853 0.0
0.42048357 0.021136104 0.0
0.40241332 0.0045781958 0.0
0.42771448 0.022996074 0.0
0.42133715 0.018958537 0.0
0.41912369 0.010955386 0.0
0.41807495 0.022320414 0.0
0.42459051 0.017615992 0.0
0.42562019 0.02112887 0.0
0.4225691 0.019415665 0.0
0.41723923 0.01740772 0.0
0.43149768 0.014484338 0.0
0.42405904 0.0083888897 0.0
0.42052613 0.013314754 0.0
0.41931853 0.017179918 0.0
0.41470195 0.013062806 0.0
0.41020988 0.011916222 0.0
0.42061179 0.0092890092 0.0
0.41454422 0.0060244443 0.0
0.41809584 0.017840668 0.0
0.41712343 0.021308235 0.0
0.42164191 0.014006642 0.0
0.41593379 0.010465573 0.0
0.42457957 0.012722161 0.0
0.42698119 0.010145791 0.0
0.41923088 0.0071740858 0.0
0.41575409 0.016221236 0.0
0.43016686 0.0023226259 0.0
0.42682399 -0.0011837448 0.0
0.41742666 0.01060237 0.0
0.41276854 0.011803708 0.0
0.42220564 0.0095958235 0.0
0.42114627 0.0040259485 0.0
0.41762247 0.0067352995 0.0
0.4121101 0.0043006547 0.0
0.40929704 0.0062585888 0.0
0.41202514 0.010976379 0.0
0.42328128 0.012263992 0.0
0.42947247 0.01135105 0.0
0.42623285 0.0029151125 0.0
0.42805056 0.005822416 0.0
0.41934857 0.0030662957 0.0
0.41058699 0.0081661897 0.0
0.4134446 0.011948726 0.0
0.41338734 0.014612755 0.0
0.42192063 0.0054322035 0.0
0.41749569 0.0031100805 0.0
0.43014216 0.0083692805 0.0
0.4215289 -0.0073756045 0.0
0.41929783 -0.0021317981 0.0
0.41333533 0.0073930697 0.0
0.42773442 -0.0097810425 0.0
0.42397139 0.0024388697 0.0
0.41598196 0.0024556263 0.0
0.40974428 0.0037872876 0.0
0.43374619 -0.0040147541 0.0
0.40895009 -0.0039347102 0.0
0.42674804 0.0048155138 0.0
0.42371932 -0.00081251766 0.0
0.41343288 0.0044780428 0.0
0.41150157 0.0057737181 0.0
0.41691513 -0.0051335366 0.0
0.41106888 0.0036736851 0.0
0.4171366 -0.00015692156 0.0
0.40628229 0.00093898732 0.0
0.41358013 0.00092882289 0.0
0.40802974 0.0029936318 0.0
0.42033939 -0.0080744462 0.0
0.44636893 -0.032174349 0.0
0.40893777 0.00011201479 0.0
0.40888185 0.0031590783 0.0
0.41129125 0.0020759458 0.0
0.41343645 -0.0088241976 0.0
0.40988311 0.0013130407 0.0
0.40839035 0.0058403422 0.0
0.40499013 0.0032718258 0.0
0.41839816 -0.0079962358 0.0
0.40736198 0.0070433814 0.0
0.41023014 0.0092387206 0.0
0.41400289 -0.0042058888 0.0
0.40419986 0.0030538365 0.0
0.4449434 -0.027833951 0.0
0.40588475 0.0081379616 0.0
0.41709678 -0.010288189 0.0
0.41289072 0.00093283691 0.0
0.42235103 0.00043830838 0.0
0.42117587 -0.0034899169 0.0
0.43182055 0.00036293941 0.0
0.42859692 -0.0010301673 0.0
0.41249866 0.0069393041 0.0
0.41020461 0.0057067364 0.0
0.40485013 0.0079243464 0.0
0.40961761 0.014573611 0.0
0.40846178 0.0088913689 0.0
0.40779572 0.0095614014 0.0
0.40030188 0.0026345092 0.0
0.40565573 0.006955841 0.0
0.43576273 -0.0091596423 0.0
0.42255917 -0.0031461551 0.0
0.41823066 -0.0047626095 0.0
0.41447558 0.0024951832 0.0
0.42827835 0.0021625654 0.0
0.43120306 0.0040993879 0.0
0.43409303 0.0028446715 0.0
0.4466731 -0.0013887032 0.0
0.43658581 -0.0011050355 0.0
0.43666614 -0.0037009265 0.0
0.43223992 0.004446012 0.0
0.4337834 0.00079322116 0.0
0.43392826 0.011373407 0.0
0.43444026 0.0069429409 0.0
0.44006047 0.0026117712 0.0
0.45905384 -0.019232012 0.0
0.44294675 0.007844135 0.0
0.43729136 0.0053883797 0.0
0.44245293 0.0041406559 0.0
0.43958658 -0.0046311177 0.0
0.44199694 -0.0085028068 0.0
0.45222901 -0.019322697 0.0
0.40596011 0.0046383016 0.0
0.4065166 0.0086842098 0.0
0.4002007 0.00052411361 0.0
0.40877923 0.013804825 0.0
0.41992882 -0.0049652202 0.0
0.41788943 -0.0025288185 0.0
0.42457019 -0.0080282396 0.0
0.41050367 -0.0016305759 0.0
0.41742982 -0.0084050879 0.0
0.41910385 -0.00050562581 0.0
0.42448841 -0.013009867 0.0
0.4074192 -0.0043728438 0.0
0.43905421 -0.0083021736 0.0
0.4247809 -0.011569382 0.0
0.41591167 -0.0024244147 0.0
0.41191972 -0.001471897 0.0
0.42611996 -0.0066280319 0.0
0.40464383 -0.0077816455 0.0
0.42836834 -0.0039325607 0.0
0.44268712 -0.011548375 0.0
0.44839421 -0.024493366 0.0
0.43526757 -0.019297202 0.0
0.43548093 0.012630863 0.0
0.43799848 0.011911303 0.0
0.44941443 0.0046797911 0.0
0.44408108 0.0034057917 0.0
0.44970346 -0.0080228668 0.0
0.43564458 -0.0040087923 0.0
0.43287413 -0.010158224 0.0
0.43771408 -0.0089837593 0.0
0.44321591 -0.007934231 0.0
0.44041909 -0.011708221 0.0
0.44929456 -0.014891365 0.0
0.44418372 -0.016147091 0.0
0.4374222 -0.013432259 0.0
0.42999771 -0.0070234079 0.0
0.40166343 0.0022479925 0.0
0.40070293 0.0030841768 0.0
0.40691291 0.010574712 0.0
0.4087417 0.010684637 0.0
0.43261249 -0.0051214376 0.0
0.42722986 -0.006189284 0.0
0.44140931 0.009771259 0.0
0.44095189 0.006203656 0.0
0.44263405 0.0115523 0.0
0.44634903 0.011461769 0.0
0.44531048 0.0034527837 0.0
0.43633879 0.0035780307 0.0
0.45323111 -0.0028440428 0.0
0.44113207 -0.0034774905 0.0
0.45412446 -0.014428524 0.0
0.43929924 -0.013191596 0.0
0.44391734 -0.015564417 0.0
0.4537844 -0.024877933 0.0
0.44626265 -0.014730679 0.0
0.46052527 -0.019562977 0.0
0.45281129 -0.028046268 0.0
0.44941274 -0.019868449 0.0
0.45749801 -0.022066382 0.0
0.44971513 -0.023479167 0.0
0.27238204 -0.015661948 0.0
0.43602837 -0.033764999 0.0
0.44817594 -0.027220934 0.0
0.43586958 -0.014591938 0.0
0.45587411 -0.022750857 0.0
0.36215017 -0.021932146 0.0
0.14465514 -0.0073086559 0.0
0.40744115 -7.247984e-05 0.0
0.45402063 -0.025912225 0.0
0.45206789 -0.030029297 0.0
0.43968849 -0.018449972 0.0
0.43029629 -0.012989647 0.0
0.40648275 0.006488085 0.0
0.40381426 0.0070128324 0.0
0.40702978 0.0037096422 0.0
0.40469829 0.0061979833 0.0
0.43496971 0.044615705 0.0
0.43682076 0.049176801 0.0
0.40374402 0.0059869328 0.0
0.40057787 0.0056006476 0.0
0.43456584 -0.0099767 0.0
0.43128297 -0.0050918375 0.0
0.43875833 -0.001033771 0.0
0.44846583 0.00019285427 0.0
0.45046678 -0.031595397 0.0
0.44821787 -0.032489971 0.0
0.42647835 -0.011339367 0.0
0.43114247 -0.011236399 0.0
0.40294779 0.0049903739 0.0
0.40210566 0.0041628114 0.0
0.40382821 0.0041221516 0.0
0.41284774 -0.005383932 0.0
0.40176478 0.0033603138 0.0
0.40047776 0.0019449988 0.0
0.40453884 0.0048043432 0.0
0.40525209 0.0011719222 0.0
0.41508275 -0.0077471471 0.0
0.40909696 -0.0024152523 0.0
0.40455064 0.00088931495 0.0
0.43872121 0.04797968 0.0
0.44280027 0.00044001347 0.0
0.44034553 -0.00016668738 0.0
0.45931877 -0.0050395116 0.0
0.45992366 -0.0081174323 0.0
0.40794 -0.019527358 0.0
0.44702281 -0.027548997 0.0
0.41887062 -0.010064115 0.0
0.40551377 0.0043514046 0.0
0.41110156 -0.0050822406 0.0
0.40712221 -0.0016632181 0.0
0.43643029 -0.032134876 0.0
0.40796292 -0.0061392634 0.0
0.40488726 0.0091535089 0.0
0.44515932 -0.0011992658 0.0
0.45100828 -0.0071117146 0.0
0.45759579 -0.0085227024 0.0
0.45892093 -0.016653747 0.0
0.40225257 -0.0036959935 0.0
0.4416163 -0.032686909 0.0
0.44472513 -0.030023593 0.0
0.43115251 -0.014446458 0.0
0.39993668 -0.0010575612 0.0
0.40128931 0.0017384586 0.0
0.40703132 0.004363879 0.0
0.40566393 0.0027710436 0.0
0.40343058 0.0022711313 0.0
0.40317187 0.0038410442 0.0
0.40622502 -0.0010554164 0.0
0.40256462 0.0019546981 0.0
0.41530624 -0.00054324533 0.0
0.41479892 -0.0039149121 0.0
0.4108995 -0.0068772643 0.0
0.40933811 -0.006806323 0.0
0.40358489 -0.0017158734 0.0
0.40114301 0.002842973 0.0
0.40124212 -0.0029287823 0.0
0.42552261 0.037963418 0.0
0.37186897 -0.033951679 0.0
0.40067459 0.0052020154 0.0
0.40058327 -0.0039967571 0.0
0.40290621 0.0066673088 0.0
0.40658729 0.01587954 0.0
0.41096731 0.013893111 0.0
0.35736619 -0.021996413 0.0
0.40063867 0.0017544233 0.0
0.40225434 0.0030480715 0.0
0.40217183 0.0011222769 0.0
0.40527639 -0.0043602772 0.0
0.40132138 -0.0021879768 0.0
0.41355032 -0.0083866831 0.0
0.41131045 -0.0085272651 0.0
0.41153753 -0.012748752 0.0
0.40664325 -0.0061707767 0.0
0.40241944 -0.0062395638 0.0
0.40418508 -0.0038877803 0.0
0.40342993 -0.0055658231 0.0
0.40290773 -0.0030827164 0.0
0.40593564 -0.0037277678 0.0
0.43102677 -0.029723085 0.0
0.40446909 -0.0059937996 0.0
0.40733767 -0.0084024641 0.0
0.4017487 -0.0050847137 0.0
0.43311037 -0.026223932 0.0
0.4017051 -0.0053502778 0.0
0.4057774 -0.0068539888 0.0
0.40000454 -0.00072420042 0.0
0.40023313 -0.0015049806 0.0
0.40028954 -0.00091691121 0.0
0.41771513 -0.022516711 0.0
0.40302655 0.00046859751 0.0
0.43086601 -0.035548488 0.0
0.40033525 -0.002952931 0.0
0.40440331 -0.0084176428 0.0
0.40689641 -0.013792445 0.0
0.40146356 -0.0054247034 0.0
0.40286008 -0.0059572074 0.0
0.28245846 -0.014157203 0.0
0.44329985 -0.034219591 0.0
0.40058431 0.00047899952 0.0
0.40207653 -0.0021925716 0.0
0.40004115 -8.6240875e-05 0.0
0.4441978 -0.033607223 0.0
0.43684422 -0.027096873 0.0
0.43836077 -0.033324318 0.0
0.36047714 -0.026175339 0.0
0.40107106 0.00049274831 0.0
0.40014444 0.001186717 0.0
0.40386638 0.00036120972 0.0
0.40157813 0.00010321088 0.0
0.40477636 -0.0012129434 0.0
0.40232092 -9.0633139e-05 0.0
0.40115406 0.00020622024 0.0
0.40005954 0.00010797117 0.0
0.42169743 -0.039702887 0.0
0.40015074 -0.0017994334 0.0
0.43018325 -0.027523284 0.0
0.43077694 -0.018435191 0.0
0.44819829 -0.029796942 0.0
0.43865545 -0.029934922 0.0
0.40751053 -0.020379513 0.0
0.42446031 -0.033504874 0.0
0.43881704 -0.033426737 0.0
0.36267041 -0.027945342 0.0
0.44162205 -0.030147999 0.0
0.43987014 -0.026239827 0.0
0.45341581 -0.026780923 0.0
0.10822497 -0.0070603561 0.0
0.31747045 -0.0017025205 0.0
0.44191879 -0.036168272 0.0
0.3880987 -0.028506101 0.0
0.43637621 -0.035596952 0.0
0.42528589 -0.038069533 0.0
0.43293545 -0.040201032 0.0
0.43313325 -0.039310166 0.0
0.42285296 -0.035479146 0.0
0.43638245 -0.039032605 0.0
0.43829266 -0.035722588 0.0
0.44059182 -0.035715492 0.0
0.425177 -0.028658666 0.0
0.25328333 -0.018999391 0.0
0.42045569 -0.023724164 0.0
0.41276462 -0.023140224 0.0
0.21752799 -0.005783114 0.0
0.41193379 -0.022649096 0.0
0.42833959 -0.029844952 0.0
0.42364793 -0.02248187 0.0
0.4481392 -0.028107998 0.0
0.34915333 -0.020650847 0.0
0.39431205 -0.018551973 0.0
0.37898853 -0.020099106 0.0
0.15514425 -0.015701447 0.0
0.20217735 -0.013917883 0.0
0.24182517 -0.02033271 0.0
0.19959605 -0.016957216 0.0
0.42163553 -0.028716908 0.0
0.41209891 -0.016326965 0.0
0.41477279 -0.017915586 0.0
0.43131436 -0.022427932 0.0
0.13461862 -0.01078969 0.0
0.37543672 -0.017629104 0.0
0.28640525 -0.015506754 0.0
0.4308869 -0.023833876 0.0
0.39699956 -0.013532399 0.0
0.10447415 -0.004377797 0.0
0.28678895 -0.013766689 0.0
0.37831341 -0.011129658 0.0
0.43211803 -0.038190252 0.0
0.40071059 -0.0043573544 0.0
0.41572578 -0.02270602 0.0
0.41017027 -0.017763392 0.0
0.42289767 -0.023853976 0.0
0.4278454 -0.02339801 0.0
0.42993561 -0.019299627 0.0
0.40412828 -0.016773518 0.0
0.30099528 -0.014669185 0.0
0.41216696 -0.018932978 0.0
0.41594188 -0.023849296 0.0
0.40565145 -0.010603149 0.0
0.41252426 -0.022001055 0.0
0.40872898 -0.018124875 0.0
0.40818087 -0.011691999 0.0
0.41049565 -0.012960794 0.0
0.40304275 -0.011457263 0.0
0.4023343 -0.0083905018 0.0
0.41009389 -0.019473544 0.0
0.40509052 -0.012142076 0.0
0.40338812 -0.010119616 0.0
0.40371757 -0.0091455242 0.0
0.43789094 -0.039190997 0.0
0.40131575 -0.0084931526 0.0
0.40219971 -0.0087187913 0.0
0.40119042 -0.0063865572 0.0
0.40684206 -0.016848368 0.0
0.40074876 -0.005185814 0.0
0.40360588 -0.0077330063 0.0
0.40698728 -0.010618279 0.0
0.40941098 -0.014159452 0.0
0.40744289 -0.013409023 0.0
0.10539318 0.0011212788 0.0
0.4210408 -0.031074352 0.0
0.40978997 -0.022205865 0.0
0.39965186 -0.0039406175 0.0
0.40839457 -0.016782284 0.0
0.40187814 -0.0095689144 0.0
0.43025461 -0.038384387 0.0
0.41828999 -0.039390405 0.0
0.40230293 -0.0094003736 0.0
0.40337652 -0.011838943 0.0
0.4005517 -0.0035514315 0.0
0.41663719 -0.028187095 0.0
0.413569 -0.026850857 0.0
0.22757528 -0.014911872 0.0
0.40831195 -0.023874061 0.0
0.41553959 -0.027141382 0.0
0.4303214 -0.041998612 0.0
0.4345152 -0.034973439 0.0
0.43324418 -0.041425973 0.0
0.29193135 -0.017455799 0.0
0.4009346 -0.035892814 0.0
0.26294066 -0.015981159 0.0
0.39708411 -0.034552059 0.0
0.4244199 -0.022187003 0.0
0.37936734 -0.030137077 0.0
0.42547907 -0.036862432 0.0
0.43753943 0.049160725 0.0
0.43952191 0.050246193 0.0
0.42091891 0.028590112 0.0
0.43761014 0.047043406 0.0
0.43552545 0.045059035 0.0
0.43575927 0.047983461 0.0
0.43580947 0.046615053 0.0
0.4364399 0.046288203 0.0
0.43894937 0.048990092 0.0
0.43781125 0.047755569 0.0
0.43894465 0.046557565 0.0
0.074553251 0.0064659073 0.0
0.43208206 0.042887362 0.0
0.42264446 0.032961503 0.0
0.43544808 0.045176043 0.0
0.43843498 0.047898903 0.0
0.41701891 0.025656701 0.0
0.41088773 0.040753133 0.0
0.43765324 0.048858452 0.0
0.37505507 0.03621461 0.0
0.43587611 0.046596126 0.0
0.43537951 0.046255147 0.0
0.41403505 0.041203581 0.0
0.43465037 0.046195426 0.0
0.10989847 0.0028783296 0.0
0.43922709 0.04722609 0.0
0.43590611 0.046298782 0.0
0.43726375 0.046833944 0.0
0.43601115 0.045245022 0.0
0.43532409 0.046037183 0.0
0.3685833 0.032490033 0.0
0.41764941 0.042052632 0.0
0.35154315 0.031684228 0.0
0.43771537 0.046204166 0.0
0.43125631 0.041998894 0.0
0.43833967 0.046323576 0.0
0.42040677 0.041477659 0.0
0.41402073 0.022176096 0.0
0.42352438 0.036906726 0.0
0.4329931 0.04491786 0.0
0.17655263 0.0032571926 0.0
0.33820098 0.037159915 0.0
0.30343935 0.048330989 0.0
0.43427506 -0.0035899792 0.0
0.44833593 -0.002633269 0.0
0.49530226 0.047506811 0.0
0.46610464 0.044716668 0.0
0.4826871 -0.0040646803 0.0
0.49826948 -0.0035936506 0.0
0.4477334 -0.0042233468 0.0
0.43840055 -0.0031950882 0.0
0.47278281 -0.0037367839 0.0
0.44777594 -0.0042276586 0.0
0.48927108 -0.0041128744 0.0
0.49071877 -0.0036249202 0.0
0.46387057 -0.0025864236 0.0
0.48882643 -0.0027824128 0.0
0.45691002 -0.0019805538 0.0
0.44592677 0.00031494866 0.0
0.50408738 -0.0027790596 0.0
0.50524215 -0.0039401536 0.0
0.46340372 -0.0023499317 0.0
0.46048998 -0.0023526599 0.0
0.43142878 -0.0029388255 0.0
0.43217601 -0.0020550941 0.0
0.34905444 0.0029131386 0.0
0.37808331 -0.0024569063 0.0
0.19848021 -0.0019384592 0.0
0.4150182 -0.0027507252 0.0
0.30351511 0.00046898467 0.0
0.36252706 -0.0033133019 0.0
0.41443419 -0.00098800791 0.0
0.50201916 -0.0028100805 0.0
0.39305057 -0.0032975529 0.0
0.36945802 -0.00091440618 0.0
0.46169308 -0.0021675229 0.0
0.49239167 -0.0028563608 0.0
0.50333526 -0.0029276897 0.0
0.4923404 -0.0024717787 0.0
0.26882986 0.001017282 0.0
0.31892826 -0.0027541179 0.0
0.42482254 -0.0029476051 0.0
0.50960169 -0.001961576 0.0
0.51026919 -0.0020277766 0.0
0.50376505 -0.0027247488 0.0
0.087923164 -0.002102706 0.0
0.28945038 -1.3990234e-05 0.0
0.11215134 -0.0013681991 0.0
0.08055772 -0.00014844473 0.0
0.3567738 -0.00023411385 0.0
0.067111051 0.001926755 0.0
0.11033447 0.0023272075 0.0
0.22675467 0.00011868548 0.0
0.48851024 -0.0017876392 0.0
0.49945545 -0.0026106888 0.0
0.51197175 -0.00059077227 0.0
0.47850076 -0.0039637622 0.0
0.37150893 -0.0013568088 0.0
0.41440388 -0.0020096769 0.0
0.41541993 -0.0020878287 0.0
0.46164515 -0.00063777471 0.0
0.31680131 -0.0015490879 0.0
0.37827222 0.00058122963 0.0
0.10074286 0.0035046573 0.0
0.35103948 -0.00075736644 0.0
0.48934011 -0.0022854795 0.0
0.50535899 -0.0015793658 0.0
0.071913859 0.0057270356 0.0
0.21254502 -6.4061283e-05 0.0
0.4655371 0.0015080174 0.0
0.50370812 -0.0016938574 0.0
0.39899828 -0.0022892336 0.0
0.44734376 0.00051001602 0.0
0.50378059 -0.002122035 0.0
0.51134069 -0.00047710972 0.0
0.4836928 -0.0022241457 0.0
0.49176717 -0.002488489 0.0
0.2322947 -0.0022357369 0.0
0.31761896 -0.0060971222 0.0
0.23249389 0.0016621183 0.0
0.10568711 -0.00071931264 0.0
0.45821842 -0.0008400983 0.0
0.44291219 -0.0025576992 0.0
0.4676486 -0.0019088062 0.0
0.4990076 -0.0022297846 0.0
0.40086172 -0.0039408322 0.0
0.50260719 -0.0013799087 0.0
-0.0068100219 0.013796998 0.0
0.13225758 -0.010045243 0.0
0.23494957 -0.0076996137 0.0
0.17298009 -0.0065052258 0.0
0.15024601 -0.010565806 0.0
0.22161876 -0.013304176 0.0
-0.011703354 -0.012728581 0.0
0.20870124 -0.011201593 0.0
0.050713496 -0.0032589256 0.0
0.071999054 -0.0087763573 0.0
0.21683075 -0.0061451735 0.0
0.29050292 -0.0092665365 0.0
0.11463203 -0.010617778 0.0
0.026058159 -0.00037418734 0.0
0.3326594 -0.0064249023 0.0
0.034479242 -0.0041629012 0.0
0.2763269 -0.010387127 0.0
-0.00067572149 -0.0025067041 0.0
0.081689369 0.021625716 0.0
0.050285001 -0.0028824769 0.0
-0.0093565531 0.0045143647 0.0
0.046315534 -0.0059167458 0.0
0.016945327 -0.005907617 0.0
-0.0017830732 0.015177694 0.0
0.023849589 -0.00053773787 0.0
-0.016813204 0.0066542503 0.0
-0.016086298 -0.0029320546 0.0
-0.016563828 -0.0047834788 0.0
-0.0043753003 -0.014633324 0.0
0.023170817 0.0014112373 0.0
-0.00033451136 0.0022071411 0.0
0.030246129 0.0023155816 0.0
-0.0030114982 0.022850174 0.0
0.0035878508 -0.019313159 0.0
0.030783294 0.00084758354 0.0
0.010257349 0.011253027 0.0
0.10728408 0.001644096 0.0
0.218921 -0.0065416254 0.0
0.10482372 0.0012980275 0.0
0.35551114 -9.3972529e-05 0.0
0.39673615 -0.0018502666 0.0
0.26271843 0.0046735751 0.0
0.37218174 -0.0049939338 0.0
0.44838832 -0.0041275028 0.0
0.41699848 -0.0020869333 0.0
0.35203848 0.001276885 0.0
0.34949696 -0.0022618765 0.0
0.40889449 -0.0031185967 0.0
0.51674762 -0.0056535628 0.0
0.43933538 -0.002046333 0.0
0.49685557 -0.0041176452 0.0
0.21026821 -0.010528484 0.0
0.47351377 -0.0070627887 0.0
0.34637201 -0.0022006446 0.0
0.39420583 -0.0049160031 0.0
0.36278867 -0.0036212585 0.0
0.39384181 -0.0043277763 0.0
0.42632917 -0.007903209 0.0
0.48872949 -0.0073107184 0.0
0.46967947 -0.010926754 0.0
0.56903663 -0.0083093724 0.0
0.51875159 -0.0082133315 0.0
0.57340006 -0.011364641 0.0
0.035070995 -0.00052251841 0.0
0.42623774 -0.0078974819 0.0
0.46028016 -0.0064783317 0.0
0.52118301 -0.0072288293 0.0
0.16044714 -0.011260454 0.0
0.32063961 -0.0072182917 0.0
0.36710458 -0.0065214881 0.0
0.57013837 -0.010776796 0.0
0.52917583 -0.0070891322 0.0
0.51703059 -0.0051823354 0.0
0.36462703 -0.0021178296 0.0
0.05013577 -0.0028430879 0.0
0.48932049 -0.0067642087 0.0
0.52455749 -0.0083501917 0.0
0.41206031 -0.0075280569 0.0
0.47319584 -0.0086848726 0.0
0.52938245 -0.0077589677 0.0
0.52279052 -0.0061438237 0.0
0.5342189 -0.0087873895 0.0
0.54861987 -0.010344673 0.0
0.53018613 -0.0066283511 0.0
0.50401498 -0.004826194 0.0
0.53369749 -0.007705289 0.0
0.55886533 -0.010069076 0.0
0.53126815 -0.0091472846 0.0
0.54033368 -0.011463443 0.0
0.50395942 -0.0048440854 0.0
0.5224204 -0.0055961992 0.0
0.56336858 -0.011057475 0.0
0.57180109 -0.0093786773 0.0
0.51883642 -0.008373357 0.0
0.54964261 -0.011153873 0.0
0.54151787 -0.008810797 0.0
0.56550134 -0.0093461884 0.0
0.49893585 -0.011252567 0.0
0.47688652 -0.013202406 0.0
0.5613544 -0.011480003 0.0
0.55897203 -0.0096202328 0.0
0.56809135 -0.010478255 0.0
0.56864268 -0.0097264497 0.0
0.53766758 -0.014455229 0.0
0.57557523 -0.01024383 0.0
0.34776325 -0.00078760774 0.0
0.27966147 -0.002346816 0.0
0.14101298 -0.00062758566 0.0
0.3084677 -0.0060086125 0.0
0.41700265 -0.0091107975 0.0
0.43942596 -0.0096358984 0.0
0.39608241 -0.0099549904 0.0
0.51778918 -0.01392008 0.0
0.35454078 -0.0015928278 0.0
0.27817148 -0.0037828918 0.0
0.2464798 0.0028199132 0.0
0.24780036 -0.00956491 0.0
0.2741564 -0.0070277749 0.0
0.33979637 -0.0073367 0.0
0.33746324 -0.0079374644 0.0
0.2544213 -0.0073448918 0.0
0.41157442 -0.012905452 0.0
0.43757024 -0.01082277 0.0
0.24476284 -0.010685285 0.0
0.31158159 -0.0068617685 0.0
0.25351149 -0.0081993423 0.0
0.31548071 -0.0068298388 0.0
0.29354489 -0.006629183 0.0
0.39608474 -0.011146531 0.0
0.36889432 -0.0077541246 0.0
0.42062023 -0.01222361 0.0
0.44231421 -0.0096618023 0.0
0.36732072 -0.010524945 0.0
0.41690721 -0.014790448 0.0
0.14292036 -0.0057981707 0.0
0.12117181 -0.00754068 0.0
0.21053227 -0.0091783646 0.0
0.27868957 -0.0073374355 0.0
0.061443767 0.002605438 0.0
0.1182409 -0.0015492083 0.0
0.11799834 -0.0078854972 0.0
0.16604229 -0.011820348 0.0
0.1556151 -0.0068934318 0.0
0.35541097 -0.01483715 0.0
0.13870751 -0.0023488165 0.0
0.21591801 -0.00014692902 0.0
0.20873562 -0.0020269148 0.0
0.2872746 -0.0045078072 0.0
0.34886577 -0.011582108 0.0
0.36341063 -0.010017689 0.0
0.3312204 -0.018026342 0.0
0.46910236 -0.023859199 0.0
0.29983519 -0.0088334894 0.0
0.39639699 -0.016455664 0.0
0.22390134 -0.0040460217 0.0
0.26962682 -0.0093143645 0.0
0.22772892 -0.023371709 0.0
0.27352092 -0.012327838 0.0
0.28353667 -0.029064864 0.0
0.33577077 -0.021268247 0.0
0.076345573 -0.013946817 0.0
0.55398324 -0.013240904 0.0
0.47821986 -0.025344679 0.0
0.41935562 -0.016692147 0.0
0.40284314 -0.017296704 0.0
0.420977 -0.016050476 0.0
0.39021932 -0.020906812 0.0
0.19468989 -0.020278351 0.0
0.12088618 -0.017370587 0.0
0.45688647 -0.02890964 0.0
0.26783196 -0.021604267 0.0
0.4011928 -0.027948416 0.0
0.40072822 -0.028560643 0.0
0.35412879 -0.027712073 0.0
0.37309407 -0.025936279 0.0
0.39202979 -0.029281058 0.0
0.15196911 -0.01337507 0.0
0.56607002 -0.027736852 0.0
0.49614013 -0.029209645 0.0
0.081997935 -0.0023665278 0.0
0.39221023 -0.023008552 0.0
0.37396261 -0.02518349 0.0
0.56693945 -0.012956253 0.0
0.35836193 -0.031622361 0.0
0.31513909 -0.025375293 0.0
0.28377638 -0.02890175 0.0
0.28825761 -0.030387178 0.0
0.40602357 -0.034788998 0.0
0.4255583 -0.027420903 0.0
0.4792835 -0.024060576 0.0
0.45486694 -0.00082997285 0.0
0.46595782 -0.0025648579 0.0
0.058868459 0.00080223924 0.0
0.12985729 0.0094058339 0.0
0.11608825 0.00034402965 0.0
0.26547576 0.0033382732 0.0
0.31597717 0.0071417889 0.0
0.25089189 0.01296592 0.0
0.53506548 -0.0040609646 0.0
0.53677797 -0.0038759093 0.0
0.11454756 0.011011532 0.0
0.066762929 -0.00049506933 0.0
0.4563387 -0.0053266815 0.0
0.41730994 -0.005583941 0.0
0.42133517 -0.0060683986 0.0
0.48637971 -0.0066680099 0.0
0.47710365 -0.0066152122 0.0
0.19737323 -0.0036371878 0.0
0.31562951 -0.00048793882 0.0
0.37567557 -0.0035675061 0.0
0.25659616 0.0021120091 0.0
0.52458649 -0.0079274146 0.0
0.51890522 -0.0082585741 0.0
0.48857586 -0.0054747698 0.0
0.41335723 -0.0067504703 0.0
0.5150227 -0.0061618524 0.0
0.52291253 -0.0072439063 0.0
0.49605584 -0.0086118939 0.0
0.51895688 -0.0084738859 0.0
0.53510399 -0.010103189 0.0
0.54758127 -0.0091154497 0.0
0.48994127 -0.007140526 0.0
0.45371728 -0.0061502115 0.0
0.57378142 -0.0074178318 0.0
0.57355613 -0.01015836 0.0
0.34982423 -0.0047996475 0.0
0.16039266 0.0012143494 0.0
0.52407058 -0.010470503 0.0
0.5021484 -0.009370995 0.0
0.45545714 -0.0090267319 0.0
0.43924034 -0.0090357197 0.0
0.45903215 -0.012006845 0.0
0.43863656 -0.0080248465 0.0
0.42132857 -0.0076370564 0.0
0.37214104 -0.0038000711 0.0
0.45145889 -0.0109677 0.0
0.29097592 -0.0053174311 0.0
0.42397589 -0.008353935 0.0
0.37924592 -0.0045162894 0.0
0.4230384 -0.010101933 0.0
0.3745804 -0.0060470643 0.0
0.37086815 -0.0070476866 0.0
0.33980196 -0.0058330515 0.0
0.3266717 -0.0066217198 0.0
0.3770191 -0.0057672504 0.0
0.32186851 -0.0084343455 0.0
0.19868458 -0.0020567421 0.0
0.28908762 -0.0033828787 0.0
0.324455 -0.0038125042 0.0
0.39322928 -0.007393743 0.0
0.19951088 -0.0040603788 0.0
0.27572155 -0.0074680319 0.0
0.20432433 -0.006215507 0.0
0.38935602 -0.0056287953 0.0
0.28130829 -0.0065600576 0.0
0.2830901 -0.0078591677 0.0
0.098576044 0.00053398179 0.0
0.040849168 0.0027102076 0.0
0.19074617 0.00074948168 0.0
0.42895174 -0.010864898 0.0
0.33907709 -0.0067561837 0.0
0.26031863 -0.0061561562 0.0
0.22192795 -0.0022938885 0.0
0.50410318 -0.012615451 0.0
0.079037805 -0.00063756899 0.0
0.32558943 -0.0089486192 0.0
0.076510241 -0.00014510239 0.0
0.42834645 -0.0098381569 0.0
0.38307 -0.0075795329 0.0
0.22204331 -0.0018604546 0.0
0.15118251 0.0022707776 0.0
0.31252266 -0.0090500629 0.0
0.26906635 -0.0073444545 0.0
0.38814389 -0.0099211592 0.0
0.18040685 -0.0010481643 0.0
0.43870865 -0.010495191 0.0
0.47205166 -0.01218576 0.0
0.28702673 -0.0070246044 0.0
0.29141496 -0.0062632101 0.0
0.088780308 0.00074226165 0.0
0.042146094 0.0019162761 0.0
0.14818247 -0.0026627947 0.0
0.49990231 -0.011357294 0.0
0.47455369 -0.0081573257 0.0
0.30194205 -0.0015541989 0.0
0.20844836 -0.0009135999 0.0
0.51965333 0.0019414738 0.0
0.2097436 0.00068121836 0.0
0.52162136 0.00040543214 0.0
0.52061441 -0.00076207277 0.0
0.52100166 0.00060281482 0.0
0.50595899 0.022337124 0.0
0.50968132 0.026514801 0.0
0.48918555 0.041010154 0.0
0.49160774 0.045730575 0.0
0.48072551 0.015493656 0.0
0.47838064 0.014710957 0.0
0.48042299 0.011198152 0.0
0.47547881 0.010983435 0.0
0.48470276 0.012451588 0.0
0.48161106 0.010103602 0.0
0.46641392 0.024638957 0.0
0.46869517 0.020854642 0.0
0.4885241 -0.0023260263 0.0
0.49076825 -0.0012853099 0.0
0.47788434 0.006370845 0.0
0.47870513 0.011351216 0.0
0.4743671 0.0086288532 0.0
0.47717116 0.010784787 0.0
0.4723815 0.0085958256 0.0
0.46924242 0.015103036 0.0
0.47140048 0.0066032924 0.0
0.46771096 0.010836368 0.0
0.46020046 0.019673742 0.0
0.46373756 0.017241868 0.0
0.46016969 0.0081391665 0.0
0.46159398 0.013215908 0.0
0.48917342 -0.002975584 0.0
0.49419306 -0.0022460927 0.0
0.49524991 -0.0013416831 0.0
0.49503364 -0.0024767983 0.0
0.48670096 -0.0043547366 0.0
0.48997136 -0.0035965724 0.0
0.48432564 -0.0048718359 0.0
0.48715566 -0.0046886823 0.0
0.46090905 -0.0036168717 0.0
0.46786636 -0.003827543 0.0
0.45116211 0.0064217943 0.0
0.45559322 0.0016590916 0.0
0.46487871 -0.0048204749 0.0
0.460296 -0.0045696488 0.0
0.41533888 -0.0029334954 0.0
0.062705677 -0.00020532535 0.0
0.40445622 -0.0068925327 0.0
0.43914288 -0.0093609416 0.0
0.46519976 -0.0046234688 0.0
0.44874308 -0.0055758348 0.0
0.39056217 -0.0057408729 0.0
0.44862812 -0.0058425121 0.0
0.35251284 -0.0043541585 0.0
0.13559331 -0.0010880389 0.0
0.082930501 0.0084275302 0.0
0.24714042 0.0064472873 0.0
0.39831729 -0.0058918326 0.0
0.12386235 0.0079931547 0.0
0.32605287 -0.0070481309 0.0
0.26642245 -0.0049097601 0.0
0.11518398 -0.0031591463 0.0
0.12826248 -0.00081592545 0.0
0.15055132 -0.0056604516 0.0
0.4121066 -0.0062989575 0.0
0.32967047 -0.0048341055 0.0
0.26859483 -0.0047273782 0.0
0.26388928 -0.0034685764 0.0
0.41235062 -0.0061419021 0.0
0.35203966 -0.0046536642 0.0
0.38817246 -0.005215422 0.0
0.33837506 -0.0033540549 0.0
0.42134133 -0.0034862901 0.0
0.42479882 -0.0021887808 0.0
0.2516283 -0.0037667063 0.0
0.18662749 -0.0061055312 0.0
0.32479095 -0.004982531 0.0
0.33341969 -0.0046703153 0.0
0.32389266 -0.0045643265 0.0
0.24278464 -0.0027313028 0.0
0.40867741 -0.0026405279 0.0
0.31437565 -0.0010733769 0.0
0.31706586 -0.004749976 0.0
0.23423531 -0.0033023457 0.0
0.4358446 -0.0033683614 0.0
0.33565931 -0.003228386 0.0
0.44443168 -0.0051733094 0.0
0.17907483 0.0024142934 0.0
0.44846698 -0.0033978596 0.0
0.41646882 0.0012090631 0.0
0.47238498 -0.0037221648 0.0
0.45488025 -0.0056136118 0.0
0.49363863 -0.00307821 0.0
0.37395034 -0.00046986684 0.0
0.30898641 -0.0046032233 0.0
0.31692674 1.7574727e-05 0.0
0.40239847 -0.0022564673 0.0
0.1386075 0.0081043956 0.0
0.44490534 -0.0046014188 0.0
0.41708131 -0.0024860903 0.0
0.1032762 -0.0046540396 0.0
0.21789257 0.0035490844 0.0
0.4788767 -0.0042582871 0.0
0.43696677 -0.00030765792 0.0
0.33793418 0.00089611053 0.0
0.11828521 -0.0051375873 0.0
0.34015568 -0.00072923349 0.0
0.18671805 -0.0039856271 0.0
0.46327494 0.011899832 0.0
0.46359675 0.014078519 0.0
0.4622716 0.015707805 0.0
0.46570416 0.017628835 0.0
0.51525132 0.071060594 0.0
0.52326067 0.053857548 0.0
0.50880842 0.068707463 0.0
0.52163079 0.059085082 0.0
0.52369746 0.055492346 0.0
0.51937937 0.059148012 0.0
0.52082441 0.051602011 0.0
0.50999444 0.044278626 0.0
0.34033289 0.018978981 0.0
0.46513863 0.04611941 0.0
0.39032518 0.02665409 0.0
0.23730722 0.0077413434 0.0
0.39815371 0.11007218 0.0
0.1143689 -0.0054937931 0.0
0.3804785 0.066836265 0.0
0.49391953 0.075045299 0.0
0.46334294 0.071523429 0.0
0.45412079 0.075942583 0.0
0.38401806 0.052882674 0.0
0.48979817 0.066759861 0.0
0.44128418 0.047501996 0.0
0.37569553 0.059303583 0.0
0.30705211 0.044813894 0.0
0.28151689 0.035884727 0.0
0.22200067 0.032789393 0.0
0.10980545 0.0079672587 0.0
0.17691524 0.02514411 0.0
0.34233222 0.04683093 0.0
0.27657306 0.037189981 0.0
0.36594213 0.038175172 0.0
0.25596647 0.028415307 0.0
0.41591085 0.04707846 0.0
0.10321176 0.0067914984 0.0
0.26649985 0.024926683 0.0
0.10337169 0.0018874913 0.0
0.36933322 0.043752639 0.0
0.28997557 0.02417999 0.0
0.027315002 0.0046209411 0.0
0.25904512 0.047404084 0.0
0.44027326 0.027141036 0.0
0.43696161 0.029049207 0.0
0.4373751 0.024675303 0.0
0.43788444 0.021597331 0.0
0.42796037 0.02885792 0.0
0.43185588 0.032745852 0.0
0.43448508 0.015901555 0.0
0.4330064 0.020156142 0.0
0.4287343 0.037698833 0.0
0.42468619 0.035800573 0.0
0.41462358 0.025448468 0.0
0.41340295 0.024659944 0.0
0.42840461 0.02028304 0.0
0.42619082 0.01898103 0.0
0.43288571 0.011332979 0.0
0.42950168 0.01522516 0.0
0.42386984 0.0060122452 0.0
0.42585749 0.0087971361 0.0
0.43276474 0.0063595034 0.0
0.42927585 0.0061716214 0.0
0.44761582 0.0024310321 0.0
0.44566683 0.0063028695 0.0
0.4492354 0.0096376622 0.0
0.44687968 0.0072989615 0.0
0.43239563 -0.018441275 0.0
0.45604145 -0.024048042 0.0
0.3985794 -0.014513106 0.0
0.43111274 -0.018780923 0.0
0.35634303 -0.0061812701 0.0
0.14314102 -0.013439349 0.0
0.45604472 -0.024785599 0.0
0.4590494 -0.020299386 0.0
0.45715418 -0.018044573 0.0
0.46160047 -0.016581538 0.0
0.45813892 -0.023001432 0.0
0.46191709 -0.018651254 0.0
0.43720163 -0.018373955 0.0
0.43570247 -0.023326983 0.0
0.44105399 -0.017547804 0.0
0.43347531 -0.01432238 0.0
0.45311317 -0.0012451413 0.0
0.44968103 -0.0033580801 0.0
0.46112768 -0.0072562829 0.0
0.46298802 -0.011285295 0.0
0.45011811 -0.02691426 0.0
0.44248629 -0.023362522 0.0
0.41154654 0.017191043 0.0
0.41035454 0.016308416 0.0
0.41134447 0.01921508 0.0
0.41615845 0.023296592 0.0
0.41458254 0.016024755 0.0
0.41223301 0.014525969 0.0
0.4137968 0.020108616 0.0
0.41380754 0.01763711 0.0
0.40926057 0.016845894 0.0
0.41260298 0.019246422 0.0
0.41506741 0.022458553 0.0
0.41617492 0.020681999 0.0
0.40620815 0.012315366 0.0
0.42463205 0.038397936 0.0
0.41239524 0.020887248 0.0
0.41838622 0.026503592 0.0
0.41184305 0.022365229 0.0
0.41820233 0.028554021 0.0
0.41151942 0.023852647 0.0
0.41673535 0.031635126 0.0
0.41002292 0.022119304 0.0
0.41445421 0.026737148 0.0
0.40754198 0.016373781 0.0
0.41721828 0.032214835 0.0
0.41577551 0.02848359 0.0
0.43023132 0.041950683 0.0
0.41087292 0.021347097 0.0
0.40925511 0.022788015 0.0
0.41329661 0.025664837 0.0
0.41673305 0.028444522 0.0
0.41544695 0.024388814 0.0
0.41722837 0.029738998 0.0
0.42140875 0.032804633 0.0
0.4216137 0.032166012 0.0
0.40806889 0.018599161 0.0
0.40862218 0.020228893 0.0
0.40390738 0.0084478506 0.0
0.40056181 0.0067272554 0.0
0.41509121 0.028619422 0.0
0.4200347 0.033617746 0.0
0.41249742 0.026500999 0.0
0.43193976 0.042447237 0.0
0.41307832 0.02670901 0.0
0.41893817 0.033585717 0.0
0.41765611 0.03094644 0.0
0.43496655 0.045821526 0.0
0.42288478 0.031770995 0.0
0.41948878 0.029239465 0.0
0.41988345 0.031722077 0.0
0.42715499 0.037151791 0.0
0.4247288 0.036705006 0.0
0.42773065 0.039838165 0.0
0.4103801 0.024713603 0.0
0.41649993 0.031801702 0.0
0.42430088 0.037706294 0.0
0.42742415 0.040063507 0.0
0.4166641 0.029820784 0.0
0.4214458 0.034923418 0.0
0.42059679 0.033731557 0.0
0.42335347 0.03513814 0.0
0.43122527 0.042348453 0.0
0.43264562 0.043795765 0.0
0.41400215 0.027785239 0.0
0.41461688 0.029305849 0.0
0.41088127 0.023469624 0.0
0.4066728 0.018590783 0.0
0.4090076 0.023903719 0.0
0.43407681 0.044975438 0.0
0.41266824 0.02842695 0.0
0.40654035 0.019804417 0.0
0.41594585 0.030575995 0.0
0.42192304 0.035927469 0.0
0.4100769 0.022229108 0.0
0.40753286 0.021308343 0.0
0.40794599 0.019847195 0.0
0.40783586 0.021347059 0.0
0.40733696 0.036111941 0.0
0.41799599 0.033116898 0.0
0.40956999 0.024550682 0.0
0.40563129 0.018636011 0.0
0.42837966 0.040770906 0.0
0.43355909 0.043210241 0.0
0.40501506 0.017853233 0.0
0.40330523 0.014261949 0.0
0.41408067 0.029790396 0.0
0.40823873 0.0221896 0.0
0.42113656 0.035117423 0.0
0.42744699 0.040394002 0.0
0.430355 0.041538423 0.0
0.42096142 0.035414272 0.0
0.40468752 0.015732882 0.0
0.4039479 0.016469883 0.0
0.41146837 0.026450546 0.0
0.41973236 0.034195921 0.0
0.42858836 0.040494162 0.0
0.43358305 0.044608779 0.0
0.43490262 0.044985184 0.0
0.43489677 0.046158814 0.0
0.43153181 0.042261851 0.0
0.42327277 0.037103799 0.0
0.4261434 0.038800066 0.0
0.42697598 0.039348068 0.0
0.4043676 0.010132441 0.0
0.40337537 0.012481279 0.0
0.39976093 0.0030806347 0.0
0.4164114 0.03264866 0.0
0.40846308 0.022500385 0.0
0.40685614 0.020346987 0.0
0.25502662 0.0081165417 0.0
0.40328372 0.011525217 0.0
0.43246041 0.044072978 0.0
0.40198045 0.01112201 0.0
0.43746632 0.046787003 0.0
0.43615145 0.045311635 0.0
0.43492494 0.044427532 0.0
0.42974862 0.041369909 0.0
0.43125305 0.043159539 0.0
0.42304703 0.035507746 0.0
0.42059279 0.034179388 0.0
0.42225992 0.036213917 0.0
0.40416118 0.01567402 0.0
0.40600917 0.016593691 0.0
0.4044292 0.014592894 0.0
0.40102905 0.0075245029 0.0
0.40315578 0.011944712 0.0
0.4015075 0.0086854218 0.0
0.40013573 0.0017591442 0.0
0.40002284 0.00077428258 0.0
0.40133218 0.0093819909 0.0
0.40238485 0.011310491 0.0
0.40018865 0.0049478053 0.0
0.40283911 0.010845115 0.0
0.40264692 0.014199838 0.0
0.4036579 0.014152382 0.0
0.40461366 0.016812227 0.0
0.41837179 0.032409203 0.0
0.42756143 0.041426707 0.0
0.43595361 0.04526083 0.0
0.18021079 -0.00060901713 0.0
0.43165146 0.043111056 0.0
0.42677583 0.038967817 0.0
0.40142257 0.0073061809 0.0
0.40190191 0.0082974807 0.0
0.40225704 0.0098455254 0.0
0.40022677 0.00227973 0.0
0.4008403 0.0084102275 0.0
0.19501523 0.013603868 0.0
0.43390751 0.044414058 0.0
0.3999921 0.0038845385 0.0
0.40008117 0.0035174453 0.0
0.36364374 0.028706515 0.0
0.40417974 0.01509329 0.0
0.40299748 0.010999168 0.0
0.40265634 0.01044525 0.0
0.40109436 0.0073542058 0.0
0.40153663 0.0086196352 0.0
0.40027674 0.0038113218 0.0
0.39967222 0.0018802622 0.0
0.39984566 0.0027254809 0.0
0.43081633 0.043897522 0.0
0.40526129 0.01249605 0.0
0.17509201 0.0046130108 0.0
0.3770211 0.0282463 0.0
0.23813751 0.014565977 0.0
0.40240543 0.034665255 0.0
0.40521896 0.015345125 0.0
0.40231034 0.0089471407 0.0
0.40681825 0.014893812 0.0
0.40324072 0.010477992 0.0
0.40178096 0.0073994786 0.0
0.40116635 0.0051065137 0.0
0.40546748 0.014124487 0.0
0.40442096 0.013074354 0.0
0.40594909 0.010495424 0.0
0.40413335 0.011167339 0.0
0.40764961 0.019346247 0.0
0.40921013 0.019227993 0.0
0.4025495 0.012882056 0.0
0.40627703 0.020432624 0.0
0.40205416 0.013138771 0.0
0.42450153 0.043494279 0.0
0.40851697 0.023672589 0.0
0.41376728 0.029161662 0.0
0.43239837 0.043853182 0.0
0.25322432 0.01015536 0.0
0.40262216 0.0082441239 0.0
0.40168498 0.0054616866 0.0
0.40172048 0.0060475932 0.0
0.40140777 0.0057344617 0.0
0.40313301 0.0076429253 0.0
0.40522898 0.011212569 0.0
0.40242966 0.0072089864 0.0
0.40347063 0.0097411278 0.0
0.40905769 0.017571776 0.0
0.40710735 0.016590165 0.0
0.41029986 0.017947284 0.0
0.4077699 0.013820192 0.0
0.42648935 0.039477379 0.0
0.37243634 0.027070391 0.0
0.20277572 0.013768645 0.0
0.34181951 0.026374943 0.0
0.40103995 0.005164969 0.0
0.40073459 0.0054557483 0.0
0.43075909 0.044448094 0.0
0.42819155 0.045884026 0.0
0.43056434 0.04343266 0.0
0.39673805 0.042725888 0.0
0.097525197 -0.0033709399 0.0
0.13327187 -0.00099628413 0.0
0.40648952 -0.003675951 0.0
0.40428967 -0.0016484454 0.0
0.40000307 -0.0010401941 0.0
0.40015474 0.00080681858 0.0
0.40005571 0.00042561157 0.0
0.40000474 0.00042860536 0.0
0.40102895 0.0016466404 0.0
0.40148753 0.0007291458 0.0
0.40103572 -0.0010162726 0.0
0.40113744 -0.0039596823 0.0
0.40044356 0.00065694322 0.0
0.40062741 -0.00011407446 0.0
0.3917258 -0.024692961 0.0
0.40033751 0.00011095325 0.0
0.17991395 -0.0085578383 0.0
0.27961101 -0.016226129 0.0
0.44126919 -0.024491654 0.0
0.4305629 -0.024736059 0.0
0.266607 -0.016860998 0.0
0.37781966 -0.014528372 0.0
0.31346442 -0.010774495 0.0
0.31375536 -0.0057026346 0.0
0.11089705 -0.0077857892 0.0
0.44271215 -0.022022369 0.0
0.39476559 -0.017871584 0.0
0.4060018 -0.0087758708 0.0
0.40871342 -0.0087085955 0.0
0.41007396 -0.008457204 0.0
0.41303586 -0.012475344 0.0
0.41540859 -0.010178217 0.0
0.4183029 -0.019490714 0.0
0.40301607 -0.0084244344 0.0
0.40093819 -0.0060491464 0.0
0.40024869 -0.0024564483 0.0
0.40046986 -0.0044526849 0.0
0.44188222 -0.03726291 0.0
0.42523945 -0.035367961 0.0
0.38294673 -0.034332633 0.0
0.30410229 -0.018150097 0.0
0.29851726 -0.015335872 0.0
0.21792834 -0.0040353806 0.0
0.23390119 -0.012276202 0.0
0.40151804 -0.0041980766 0.0
0.4045367 -0.022081951 0.0
0.42558018 -0.038362816 0.0
0.43386756 -0.039924027 0.0
0.42296518 -0.033897013 0.0
0.37683217 -0.031224161 0.0
0.42975944 -0.039260606 0.0
0.42063772 -0.030911815 0.0
0.2704118 0.024488698 0.0
0.4113666 -0.0059869418 0.0
0.3682021 0.038172728 0.0
0.35431046 0.030932917 0.0
0.41613708 0.044393263 0.0
0.43421349 0.043938236 0.0
0.43679805 0.04543776 0.0
0.4206582 0.043096666 0.0
0.37154337 0.035882487 0.0
0.18344694 0.014396022 0.0
0.26563995 0.02330233 0.0
0.3635697 0.029637129 0.0
0.33154477 0.025269053 0.0
0.26256897 0.020329512 0.0
0.3874912 0.051006817 0.0
0.40541637 0.052593257 0.0
0.41828392 0.054289302 0.0
0.36864847 0.042664698 0.0
0.4768345 -0.0036603695 0.0
0.47416373 -0.0045451916 0.0
0.48845819 -0.0045387314 0.0
0.50405276 -0.0036902223 0.0
0.32886957 0.00068602857 0.0
0.25611616 -0.00058436245 0.0
0.36161881 -0.00072182358 0.0
0.29813982 -0.0027892153 0.0
0.29778552 -0.0004688301 0.0
0.41723806 -0.0016812931 0.0
0.38178364 0.0028865283 0.0
0.4173283 -0.0010695892 0.0
0.28135861 -0.00053196488 0.0
0.36981104 0.0001024996 0.0
0.41326878 -0.0021493479 0.0
0.46400754 -0.0040277161 0.0
0.4949699 -0.0019061054 0.0
0.46776252 -0.0038759103 0.0
0.043039235 -0.00035305081 0.0
0.14647007 -0.0089165765 0.0
-0.015225766 -0.0080595831 0.0
0.00089152258 -0.015018677 0.0
0.49925599 -0.0095996985 0.0
-0.0035875355 -0.00094679826 0.0
-0.0047167553 0.01306873 0.0
-0.018510489 -0.0017065885 0.0
-0.0027659944 0.0011079512 0.0
0.49172333 -0.0084878454 0.0
0.49586658 -0.006513746 0.0
0.4590056 -0.0066381769 0.0
0.52969173 -0.0067529196 0.0
0.55191396 -0.0076756362 0.0
0.51774287 -0.0052662195 0.0
0.51642678 -0.0050372359 0.0
0.51745646 -0.0080401953 0.0
0.53186811 -0.0095614988 0.0
0.49945681 -0.0092060098 0.0
0.50326469 -0.010237405 0.0
0.51882569 -0.014266089 0.0
0.55609876 -0.014763545 0.0
0.47523687 -0.010216182 0.0
0.52548769 -0.011925439 0.0
0.4692076 -0.013447336 0.0
0.50089984 -0.012928867 0.0
0.4714928 -0.0098095966 0.0
0.41838106 -0.0080165499 0.0
0.46686115 -0.015126222 0.0
0.43162995 -0.01932502 0.0
0.55257212 -0.0088222815 0.0
0.54185337 -0.0093385014 0.0
0.56611252 -0.012506876 0.0
0.57391783 -0.010999522 0.0
0.21089754 -9.2391793e-05 0.0
0.090014118 -0.0035128749 0.0
0.31815337 -0.032830373 0.0
0.080627929 -0.017788306 0.0
0.44606803 -0.029203908 0.0
0.3377891 -0.033268456 0.0
-6.9926737e-06 0.017187047 0.0
0.21166484 -0.0063103837 0.0
0.51028645 -0.023760895 0.0
0.46976324 -0.029751553 0.0
0.47072227 -0.014146808 0.0
0.47679973 -0.0037959915 0.0
0.49827177 -0.0022517476 0.0
0.14920455 0.0034751562 0.0
0.12164595 0.0061262157 0.0
0.11165806 -9.9828949e-05 0.0
0.33574818 -0.00096004593 0.0
0.30926866 0.0045207729 0.0
0.30194474 0.0082381777 0.0
0.16348225 0.0049718752 0.0
0.1922689 -0.0045981778 0.0
0.24387992 -0.00010359981 0.0
0.03283692 0.0062033615 0.0
0.18708537 0.010338407 0.0
0.11698262 0.0022212794 0.0
0.18394738 0.0076609175 0.0
0.18260485 0.00090658638 0.0
0.32282794 0.00033836159 0.0
0.42219235 -0.0053698694 0.0
0.39244167 -0.0059769363 0.0
0.39644143 -0.0040280256 0.0
0.32674252 -0.0053805386 0.0
0.27619796 0.00048342929 0.0
0.32468768 -0.0028378618 0.0
0.41992012 -0.0053851497 0.0
0.32544985 -0.003005353 0.0
0.47618826 -0.005862862 0.0
0.3943129 -0.0040740038 0.0
0.31849438 -0.00050540554 0.0
0.17225192 -0.0036101094 0.0
0.26998317 -0.0043716368 0.0
0.24501726 0.00046493971 0.0
0.059472402 -0.00040183936 0.0
0.098344007 -0.00663202 0.0
0.50360303 -0.0066344662 0.0
0.47448621 -0.0079434816 0.0
0.4877489 -0.0064193998 0.0
0.47847206 -0.0065539602 0.0
0.43744249 -0.0058636427 0.0
0.4549119 -0.0066071579 0.0
0.43868731 -0.004731582 0.0
0.43936162 -0.0070237629 0.0
0.44242128 -0.0058251885 0.0
0.44780686 -0.0062186375 0.0
0.40642904 -0.0046838635 0.0
0.4364917 -0.0071394944 0.0
0.39359509 -0.0071167872 0.0
0.1382638 0.00012254734 0.0
0.56632884 -0.0096455611 0.0
0.56785208 -0.010670397 0.0
0.47564032 -0.0077424794 0.0
0.45686412 -0.010925905 0.0
0.46113635 -0.011261255 0.0
0.41977338 -0.010290889 0.0
0.48793153 -0.010511286 0.0
0.066498333 0.00037619963 0.0
0.19011142 -0.0063532296 0.0
0.47573956 -0.012435739 0.0
0.49510403 -0.015522405 0.0
0.35765575 -0.0089521537 0.0
0.31480264 -0.0073920196 0.0
0.37241135 -0.0069720213 0.0
0.069311357 -7.5291039e-05 0.0
0.42404048 -0.0033004961 0.0
0.39453816 -0.0062627983 0.0
0.47229236 0.017564781 0.0
0.47685575 0.017846694 0.0
0.4715666 0.014312026 0.0
0.47061844 0.010987499 0.0
0.47469549 0.0050084216 0.0
0.47178531 0.004127794 0.0
0.22971249 -0.0051691719 0.0
0.30041532 -0.0020654762 0.0
0.12388169 -0.0013975199 0.0
0.11008432 -0.0049524482 0.0
0.097276528 -0.0018923921 0.0
0.29937828 -0.0019035853 0.0
0.11210025 0.0031094093 0.0
0.22127006 0.00171937 0.0
0.26184423 -0.0035027412 0.0
0.090418974 -0.0010663295 0.0
0.1306761 -0.0074978808 0.0
0.18936421 -0.0058316309 0.0
0.45476663 -0.0043869655 0.0
0.47355393 -0.0049533933 0.0
0.49481295 -0.0027269698 0.0
0.48897187 -0.0030999743 0.0
0.44983194 -0.0045500521 0.0
0.41747137 -0.0040593995 0.0
0.28073121 -0.0020181175 0.0
0.17123956 -0.0062404604 0.0
0.19046494 -0.0041682223 0.0
0.2410136 -0.0023318982 0.0
0.25763926 0.00098120711 0.0
0.13545932 -0.002300179 0.0
0.49788701 0.063263781 0.0
0.51684122 0.068117497 0.0
0.5019625 0.055060538 0.0
0.51514931 0.065992826 0.0
0.52030819 0.063770869 0.0
0.51568388 0.074502967 0.0
0.52038633 0.064284914 0.0
0.52213168 0.057632775 0.0
0.5092019 0.043467231 0.0
0.52527952 0.048523654 0.0
0.52548296 0.046902636 0.0
0.52733284 0.047747243 0.0
0.50992089 0.047705189 0.0
0.51904997 0.05588933 0.0
0.51167723 0.052552091 0.0
0.51575309 0.047657173 0.0
0.51097028 0.054978496 0.0
0.51618412 0.0593711 0.0
0.52215425 0.048937976 0.0
0.51214192 0.039444788 0.0
0.5185583 0.053636779 0.0
0.51791278 0.057808091 0.0
0.50599779 0.037472801 0.0
0.5104185 0.042856194 0.0
0.52501134 0.053205601 0.0
0.52796872 0.045948117 0.0
0.52872929 0.042454932 0.0
0.52003114 0.043103567 0.0
0.51845468 0.045946919 0.0
0.52444141 0.046344528 0.0
0.16136157 0.0086671583 0.0
0.32527296 0.02131434 0.0
0.33701223 0.023203382 0.0
0.16852047 0.0034503199 0.0
0.20404851 0.020900364 0.0
0.23149503 0.030455244 0.0
0.19850008 0.019470621 0.0
0.43405529 0.044859695 0.0
0.1081667 0.0017513954 0.0
0.098487886 0.0071021919 0.0
0.067592939 0.001400909 0.0
0.21575748 0.020679738 0.0
0.4322481 0.040633174 0.0
0.43261875 0.038788575 0.0
0.42816371 0.036322086 0.0
0.42623513 0.034048358 0.0
0.42599117 0.036078907 0.0
0.42725619 0.033601773 0.0
0.42193068 0.030083286 0.0
0.42528216 0.027830826 0.0
0.42378891 0.03042858 0.0
0.41757806 0.02456839 0.0
0.42013867 0.028180312 0.0
0.42841318 0.010707488 0.0
0.43124917 0.01251479 0.0
0.40528732 -0.012940236 0.0
0.35548993 -0.0056574992 0.0
0.4538278 -0.01827294 0.0
0.45047179 -0.014344948 0.0
0.44824625 -0.011466681 0.0
0.45472416 -0.013212637 0.0
0.44422364 -0.010483259 0.0
0.44586883 -0.006434983 0.0
0.45696154 -0.01166852 0.0
0.46264015 -0.015503792 0.0
0.46284059 -0.013573039 0.0
0.46249736 -0.017847449 0.0
0.44411864 -0.022695061 0.0
0.43785508 -0.022498278 0.0
0.42892382 -0.023125172 0.0
0.42862212 -0.018785876 0.0
0.42305347 -0.018489471 0.0
0.42889237 -0.015717508 0.0
0.42039174 -0.018139326 0.0
0.41435589 -0.012759617 0.0
0.4249541 -0.017743018 0.0
0.42324348 -0.013361561 0.0
0.41915493 -0.013992879 0.0
0.41758576 -0.014999332 0.0
0.45166438 -0.0032370601 0.0
0.45638544 -0.0044426258 0.0
0.46504225 -0.0084184591 0.0
0.4631557 -0.0098581212 0.0
0.46132095 -0.012390929 0.0
0.45596054 -0.010264656 0.0
0.43507934 0.045696138 0.0
0.42871696 0.040103036 0.0
0.4216903 0.034371113 0.0
0.42454913 0.037911042 0.0
0.401375 0.0043283751 0.0
0.40248249 0.0067445947 0.0
0.40100945 0.0035246744 0.0
0.40004672 0.001412373 0.0
0.39994956 0.0012590227 0.0
0.40027594 0.0038669258 0.0
0.40041179 0.0046550077 0.0
0.38825609 0.037239557 0.0
0.40648288 0.036818477 0.0
0.40036704 0.0032831302 0.0
0.40140199 0.0071803854 0.0
0.4003964 0.0059973641 0.0
0.40225913 0.011878861 0.0
0.40072185 0.0064569386 0.0
0.40134411 0.0089190206 0.0
0.40025342 0.0011250749 0.0
0.40001064 0.00061521296 0.0
0.400393 0.0027107121 0.0
0.40047465 0.0042431636 0.0
0.40061951 0.0033629842 0.0
0.40034919 0.0017670697 0.0
0.40050231 0.0037013426 0.0
0.40006475 0.00056343242 0.0
0.40042609 0.0029890733 0.0
0.40013804 0.0013529444 0.0
0.40022966 0.0012826297 0.0
0.40605361 0.013319067 0.0
0.40813439 0.015578729 0.0
0.41235296 0.028529322 0.0
0.42676182 0.044677212 0.0
0.41284851 0.039336766 0.0
0.37725372 0.029812731 0.0
0.08643682 0.001086732 0.0
0.33899 0.026100631 0.0
0.25891269 0.014423284 0.0
0.38110076 0.029578043 0.0
0.21097546 0.0058852855 0.0
0.24232029 0.0057289839 0.0
0.33299406 0.022417633 0.0
0.33054389 0.024788115 0.0
0.31729174 7.5085831e-05 0.0
0.09037542 0.00014603181 0.0
0.27503223 0.00055260594 0.0
0.40135816 -0.0010138611 0.0
0.40051916 -0.00042460411 0.0
0.40178283 -0.0012875542 0.0
0.40064599 -0.0022646122 0.0
0.40258135 -0.001004824 0.0
0.40339658 -0.0032649969 0.0
0.40022546 -0.001373468 0.0
0.40072416 -0.001263141 0.0
0.40084394 -0.003587665 0.0
0.40003041 -0.00040309595 0.0
0.40019029 -0.001012194 0.0
0.40020226 -0.00040386363 0.0
0.40018277 5.5151155e-05 0.0
0.20552646 -0.0094973509 0.0
0.14447585 -0.0032125463 0.0
0.41371477 -0.015191481 0.0
0.41832206 -0.018350754 0.0
0.37863365 -0.030391878 0.0
0.38575301 -0.030798217 0.0
0.15249115 0.0021359875 0.0
0.35066219 -0.01835225 0.0
0.42530869 -0.038079259 0.0
0.42669082 -0.038059997 0.0
0.37671609 -0.021286727 0.0
0.34353276 -0.01779957 0.0
0.3576842 -0.0063087366 0.0
0.4076972 -0.014850578 0.0
0.42173393 -0.03698663 0.0
0.41497245 0.04421873 0.0
0.3960239 0.041828992 0.0
0.37073231 0.037592293 0.0
0.41827682 0.0507746 0.0
0.17148549 0.0074437301 0.0
0.28392635 0.016068594 0.0
0.3712241 -0.00063365863 0.0
0.38112402 0.0012033677 0.0
0.28600747 -0.0024717458 0.0
0.33211986 0.0039321065 0.0
0.1857541 -0.0039580709 0.0
0.22090338 -0.0076020308 0.0
0.25239758 -0.0037399148 0.0
0.23920888 -0.0053597723 0.0
0.43191172 -0.004192316 0.0
0.44652975 -0.0053012522 0.0
0.46283679 -0.0041722183 0.0
0.48724878 -0.0036262917 0.0
0.37948156 0.0010275746 0.0
0.43198957 -0.0006233764 0.0
0.49169337 -0.0028591712 0.0
0.50296843 -0.0011439896 0.0
0.50805812 -0.00092478192 0.0
0.51101742 -0.00046367579 0.0
0.50598287 -0.0013729674 0.0
0.51185129 0.00046613147 0.0
0.50442383 -0.0010968674 0.0
0.50871509 0.0022248667 0.0
0.013498695 -0.0032726151 0.0
-0.0095496185 -0.0018974658 0.0
0.0028645194 0.0074723748 0.0
-0.017787237 0.00011779475 0.0
0.56473887 -0.019630895 0.0
0.55031768 -0.017867575 0.0
0.43503635 -0.0094707549 0.0
0.43765939 -0.0092789661 0.0
0.49747659 -0.013798175 0.0
0.51178785 -0.016539438 0.0
0.52112535 -0.017252411 0.0
0.49418202 -0.022887699 0.0
0.510948 -0.015017006 0.0
0.53751683 -0.015252137 0.0
0.52870613 -0.019627637 0.0
0.56070964 -0.014313713 0.0
0.46817317 -0.018157888 0.0
0.49824273 -0.019949572 0.0
0.56984617 -0.010864284 0.0
0.56955727 -0.010323909 0.0
0.57025534 -0.0114225 0.0
0.57588872 -0.012448149 0.0
0.55819624 -0.018935263 0.0
0.57624336 -0.012779422 0.0
0.57358744 -0.012549545 0.0
0.57501938 -0.010656001 0.0
0.56170546 -0.012302268 0.0
0.57361647 -0.012935003 0.0
0.54043234 -0.011591411 0.0
0.55417944 -0.013548486 0.0
0.56853802 -0.014653855 0.0
0.57615905 -0.01425266 0.0
0.5742638 -0.012397077 0.0
0.57604207 -0.011446217 0.0
0.56910645 -0.01144508 0.0
0.57106613 -0.0082704317 0.0
0.57586053 -0.011750176 0.0
0.5747823 -0.010215345 0.0
0.57445294 -0.0097811651 0.0
0.57155203 -0.0090920251 0.0
0.56842242 -0.0094833709 0.0
0.57355041 -0.010558298 0.0
0.57560408 -0.0098672979 0.0
0.57458916 -0.0081263744 0.0
0.57335468 -0.0090067228 0.0
0.57373946 -0.0086399113 0.0
0.26047972 -0.016656323 0.0
0.18933299 -0.020748782 0.0
0.18846673 -0.023109514 0.0
0.22613321 -0.026175613 0.0
0.098094678 -0.010927831 0.0
0.1765327 -0.025239123 0.0
0.36851175 -0.03342058 0.0
0.023313418 0.0046089552 0.0
0.00025131297 0.022823709 0.0
0.45003862 -0.031038544 0.0
0.42965166 -0.025639431 0.0
0.44602636 -0.029203548 0.0
0.27765657 -0.0094355956 0.0
0.56774206 -0.021456038 0.0
0.43753614 -0.022064497 0.0
0.47439409 -0.023013064 0.0
0.49363548 -0.023153269 0.0
0.47421605 -0.023535168 0.0
0.51993752 -0.024523601 0.0
0.52075453 -0.017542037 0.0
0.47800563 -0.014938939 0.0
0.55497889 -0.018562403 0.0
0.50119218 -0.021447957 0.0
0.54145987 -0.020459138 0.0
0.15059995 0.0013315789 0.0
0.038106397 -0.00039183853 0.0
0.038712232 -0.00021193947 0.0
0.113503 0.0010780294 0.0
0.23521755 0.011145566 0.0
0.23867916 0.0088103637 0.0
0.15161708 0.010705262 0.0
0.09464912 -0.0014959725 0.0
0.28385526 -0.001647848 0.0
0.3479849 -0.0029121722 0.0
0.064500952 0.00041430969 0.0
0.092976203 0.0029304679 0.0
0.22982524 -0.0016407746 0.0
0.28678715 -0.00032315624 0.0
0.20984367 -0.00058853565 0.0
0.22699467 0.0019255887 0.0
0.1638306 -0.0046622581 0.0
0.060614639 -0.0022064282 0.0
0.061794322 -0.0040519795 0.0
0.23644715 -0.0022692662 0.0
0.08910317 -0.0062447899 0.0
0.18326195 -0.0019133418 0.0
0.25146934 -0.0018907142 0.0
0.17727798 -0.0012593917 0.0
0.089774162 0.00057927314 0.0
0.41881319 -0.0051430556 0.0
0.44119964 -0.0052164645 0.0
0.37696295 -0.0032628217 0.0
0.41341603 -0.0045396614 0.0
0.56023261 -0.010102783 0.0
0.559408 -0.01006573 0.0
0.32496226 -0.0086833867 0.0
0.25943123 -0.0044443999 0.0
0.41825409 -0.010198592 0.0
0.24403445 -0.0057687343 0.0
0.35953239 -0.0080849008 0.0
0.28778195 -0.0054380894 0.0
0.34603172 -0.0068681176 0.0
0.042277172 -0.0011474263 0.0
0.3396997 -0.0084717457 0.0
0.29122493 -0.0057552708 0.0
0.058309185 -0.003807994 0.0
0.092346579 0.0019867638 0.0
0.30475339 -0.0051915994 0.0
0.34602684 -0.0062818389 0.0
0.208999 -0.0049460332 0.0
0.053568287 0.0025491901 0.0
0.27373758 -0.0071439218 0.0
0.20118956 -0.005938652 0.0
0.35318703 -0.0085144579 0.0
0.42269684 -0.010113461 0.0
0.38550724 -0.010920013 0.0
0.35432632 -0.0071444102 0.0
0.51466445 -0.015787734 0.0
0.4086748 -0.0093182973 0.0
0.3451643 -0.0060035989 0.0
0.27492262 -0.0045072741 0.0
0.38785356 -0.0099100251 0.0
0.42196996 -0.0093220396 0.0
0.35645015 -0.0094088055 0.0
0.42073586 -0.0098278497 0.0
0.47868803 -0.015273419 0.0
0.43670652 -0.0094581376 0.0
0.43029073 -0.010889971 0.0
0.46610331 -0.012323761 0.0
0.4256677 -0.011145284 0.0
0.47709574 -0.012670929 0.0
0.40842891 -0.0072645105 0.0
0.39069202 -0.0067950562 0.0
0.30871139 -0.0076660677 0.0
0.088466079 -0.0019198361 0.0
0.38317001 -0.0084985993 0.0
0.38259084 -0.010535651 0.0
0.44734777 -0.012319674 0.0
0.27480462 -0.0065326294 0.0
0.29008419 -0.0064268028 0.0
0.20676548 -0.0054643816 0.0
0.39251331 -0.0062045256 0.0
0.38155192 -0.0082089963 0.0
0.43611535 -0.009023142 0.0
0.41260906 -0.0073769359 0.0
0.35791372 -0.0068346468 0.0
0.27096815 -0.0039623824 0.0
0.4700098 -0.015320704 0.0
0.39004831 -0.0078613121 0.0
0.3819175 -0.0078164621 0.0
0.28173814 -0.0095012041 0.0
0.44606377 -0.011552548 0.0
0.47681905 -0.015001629 0.0
0.41327368 -0.0096714194 0.0
0.3593838 -0.007958286 0.0
0.27399075 -0.0046187976 0.0
0.074865064 0.0015906617 0.0
0.48400142 -0.013291971 0.0
0.5092242 -0.014215047 0.0
0.50016641 -0.015973212 0.0
0.21729129 -0.0040913917 0.0
0.42813604 -0.012904175 0.0
0.50260093 -0.016345005 0.0
0.30735853 -0.0078964625 0.0
0.25547886 -0.0063689417 0.0
0.45146405 -0.012251442 0.0
0.49642341 -0.015108551 0.0
0.51975352 -0.015598069 0.0
0.53005847 -0.017031315 0.0
0.49512299 -0.014738767 0.0
0.52304529 -0.017403631 0.0
0.4846835 -0.01323492 0.0
0.496663 -0.014024088 0.0
0.52997448 -0.016989496 0.0
0.55969223 -0.020351644 0.0
0.51487893 -0.016800263 0.0
0.5115057 -0.016687938 0.0
0.54846757 -0.019143884 0.0
0.39846661 -0.011384304 0.0
0.45121869 -0.011706678 0.0
0.43341064 -0.011530819 0.0
0.39060788 -0.011663323 0.0
0.57045423 -0.023414074 0.0
0.50396551 -0.013415564 0.0
0.48937238 -0.012875967 0.0
0.54896931 -0.015373761 0.0
0.56246154 -0.018891481 0.0
0.53170315 -0.018016588 0.0
0.35155909 -0.030790281 0.0
0.077837625 -4.2497477e-05 0.0
0.34629014 -0.010011773 0.0
0.47115657 -0.013268099 0.0
0.45905802 -0.011396994 0.0
0.51848189 -0.013834291 0.0
0.53238268 -0.01620011 0.0
0.50958154 -0.014602112 0.0
0.54728382 -0.01837306 0.0
0.39860188 -0.011975367 0.0
0.42546034 -0.01264261 0.0
0.43319631 -0.01112297 0.0
0.43279162 -0.011495389 0.0
0.53784235 -0.01866537 0.0
0.21921445 -0.0041491705 0.0
0.488542 -0.012237054 0.0
0.51235906 -0.014363607 0.0
0.47224566 -0.012327731 0.0
0.50029164 -0.013335139 0.0
0.54183584 -0.015934847 0.0
0.51955761 -0.014922862 0.0
0.54998352 -0.01858436 0.0
0.52361313 -0.018339194 0.0
0.47748216 -0.014311196 0.0
0.49386604 -0.014450162 0.0
0.25719623 -0.0055837837 0.0
0.57286803 -0.023139526 0.0
0.5648707 -0.013289407 0.0
0.27409228 -0.0074795836 0.0
0.53506229 -0.017543601 0.0
0.54876826 -0.018511114 0.0
0.55394015 -0.017504657 0.0
0.57452998 -0.022106586 0.0
0.56017554 -0.01998015 0.0
0.57092315 -0.021894644 0.0
0.57673679 -0.0135642 0.0
0.57347629 -0.014456573 0.0
0.53779364 -0.017346332 0.0
0.53166896 -0.018440454 0.0
0.55006953 -0.017746335 0.0
0.56258963 -0.018450557 0.0
0.56864393 -0.0193881 0.0
0.57164714 -0.020544853 0.0
0.54158616 -0.016920196 0.0
0.53623166 -0.014165092 0.0
0.55871624 -0.018418628 0.0
0.56781668 -0.020953876 0.0
0.56634674 -0.018492605 0.0
0.56653618 -0.019870663 0.0
0.53261946 -0.016212512 0.0
0.55206662 -0.016673564 0.0
0.52485318 -0.015006981 0.0
0.52605824 -0.014589662 0.0
0.45475223 -0.014148001 0.0
0.55148756 -0.019233432 0.0
0.56678061 -0.01743649 0.0
0.57506213 -0.021170314 0.0
0.5663722 -0.020533452 0.0
0.5613683 -0.021240987 0.0
0.56688252 -0.017690342 0.0
0.57433122 -0.02068548 0.0
0.57223164 -0.020029192 0.0
0.57412973 -0.021368746 0.0
0.57082132 -0.02232781 0.0
0.5385688 -0.019406199 0.0
0.57541481 -0.020667093 0.0
0.57413692 -0.022987216 0.0
0.5667444 -0.021935329 0.0
0.55192863 -0.019959578 0.0
0.57241541 -0.019759733 0.0
0.57264474 -0.021692047 0.0
0.4611985 -0.032293361 0.0
0.45461304 -0.0325441 0.0
0.57377725 -0.019317416 0.0
0.57573923 -0.020141217 0.0
0.57270859 -0.021289908 0.0
0.57221987 -0.024571085 0.0
0.57386917 -0.013502742 0.0
0.57084511 -0.017685119 0.0
0.57455009 -0.022540874 0.0
0.57305541 -0.022901907 0.0
0.57587174 -0.019667922 0.0
0.57537508 -0.020264511 0.0
0.5743121 -0.018956079 0.0
0.56491495 -0.022432767 0.0
0.19927869 -0.0042606102 0.0
0.13304335 -0.0055988243 0.0
0.25765134 -0.0062175864 0.0
0.23545195 -0.0028272252 0.0
0.23360657 -0.0022680463 0.0
0.1002341 -0.0016334808 0.0
0.091938964 -0.0041731691 0.0
0.1663593 -0.0028223128 0.0
0.21250007 0.0014373746 0.0
0.056112301 -0.00074384995 0.0
0.15830093 -0.002440368 0.0
0.080261377 -0.0041756164 0.0
0.068195379 0.002710796 0.0
0.031429639 0.0031444454 0.0
0.13817293 0.0014284193 0.0
0.074762127 0.0021181021 0.0
0.23168994 -0.0026848717 0.0
0.50043725 -0.002799646 0.0
0.49274333 -0.0027956199 0.0
0.50301227 -0.0022331102 0.0
0.48890916 -0.0030618143 0.0
0.042721251 -0.0010113682 0.0
0.16790988 -0.00079654056 0.0
0.19618921 0.0031517666 0.0
0.045051366 0.0022945469 0.0
0.085913161 0.00067377905 0.0
0.52374988 0.054895241 0.0
0.52686583 0.052338652 0.0
0.52655344 0.043668922 0.0
0.52841498 0.044390687 0.0
0.52243445 0.041343635 0.0
0.5265202 0.036852148 0.0
0.52720274 0.034496247 0.0
0.53123683 0.03707873 0.0
0.53057042 0.038744154 0.0
0.52530998 0.039649288 0.0
0.3905266 0.029408457 0.0
0.4396492 0.043117494 0.0
0.40510978 0.04872318 0.0
0.19580021 0.0018695427 0.0
0.16746613 0.0025038778 0.0
0.23397689 0.0077669483 0.0
0.044832657 0.0098449605 0.0
0.064733167 0.0090459871 0.0
0.1078838 0.021050715 0.0
0.17026363 0.013808148 0.0
0.03082673 -0.0041056087 0.0
0.26754985 0.023157107 0.0
0.27193061 0.024355322 0.0
0.28247087 0.025719167 0.0
0.25416548 0.023584531 0.0
0.29515942 0.027908159 0.0
0.15441563 0.016384031 0.0
0.36396815 0.036105104 0.0
0.35448068 0.032080123 0.0
0.17209698 0.012652502 0.0
0.21131679 0.019570622 0.0
0.28474196 0.02634927 0.0
0.34794589 0.033608753 0.0
0.30019848 0.025377175 0.0
0.1415803 0.010634158 0.0
0.45060677 -0.0076992361 0.0
0.45315466 -0.0065721183 0.0
0.42697346 0.038706477 0.0
0.430608 0.042246526 0.0
0.4006737 0.0040440196 0.0
0.40055741 0.0040872093 0.0
0.4195328 0.034654689 0.0
0.40167058 0.040609659 0.0
0.43447905 0.044826451 0.0
0.42801114 0.040555416 0.0
0.42247829 0.037356954 0.0
0.41771739 0.033238862 0.0
0.40870434 0.025029176 0.0
0.41384122 0.031226525 0.0
0.41069194 0.03931588 0.0
0.35877094 0.023332813 0.0
0.23849701 0.0091660085 0.0
0.35692925 0.023131093 0.0
0.26472183 0.0067606952 0.0
0.4007049 -0.0034176074 0.0
0.40013165 -0.0019486773 0.0
0.28042404 0.017098494 0.0
0.10722649 -0.00017415687 0.0
0.25178529 -0.0051365288 0.0
0.19970371 0.0037592169 0.0
0.33055984 0.0024229292 0.0
0.10952954 -0.0039047351 0.0
0.12047368 -0.0039371333 0.0
0.089053981 -0.0055580255 0.0
0.094530637 -0.0036714177 0.0
0.1195712 -0.0055728541 0.0
0.23504523 -0.0037672308 0.0
0.079842399 -0.0016537943 0.0
0.053875024 -0.0031306611 0.0
0.18083303 -0.0076010706 0.0
0.061283269 -0.0014473301 0.0
0.26084822 -0.00051367015 0.0
0.31663389 0.00029936684 0.0
0.49434211 -0.0016928629 0.0
0.48512852 -0.0038911427 0.0
0.43408245 -0.0039851392 0.0
0.44796979 -0.0049143297 0.0
0.47738644 -0.0041279564 0.0
0.46439736 -0.0038888297 0.0
0.50786506 0.0010281739 0.0
0.50537666 -0.00098007572 0.0
0.51078299 0.00072869235 0.0
0.50847979 0.0010101646 0.0
-0.010651536 -0.0041511439 0.0
-0.010766326 -0.011589856 0.0
0.0014379379 -0.011904472 0.0
0.0022588013 -0.0056486904 0.0
-0.010539817 0.00088464826 0.0
-0.010437582 -0.0050618319 0.0
-0.021394578 0.00063423878 0.0
-0.015380498 -0.0025412613 0.0
-0.001478857 0.0059822115 0.0
-0.020737912 -0.0026642252 0.0
-0.017932962 0.0025452371 0.0
-0.0098237713 0.01081338 0.0
-0.014923241 0.0061851373 0.0
0.41625424 -0.014741571 0.0
-0.016019303 0.0021455594 0.0
0.45913593 -0.02019284 0.0
0.45875767 -0.020941058 0.0
0.49924771 -0.021088509 0.0
0.49519683 -0.018217334 0.0
0.50164221 -0.018828203 0.0
0.5394922 -0.011660049 0.0
0.55048172 -0.014065675 0.0
0.56670442 -0.015188545 0.0
0.5671129 -0.013542438 0.0
0.55011858 -0.01346077 0.0
0.56104338 -0.014778146 0.0
0.56669071 -0.015890941 0.0
0.57412011 -0.015453305 0.0
0.56220062 -0.016417102 0.0
0.57137779 -0.019952314 0.0
0.57176931 -0.016783739 0.0
0.5730522 -0.018407799 0.0
0.55643217 -0.015348876 0.0
0.57424051 -0.017807377 0.0
0.5761972 -0.014582388 0.0
0.55861306 -0.013083455 0.0
0.53989814 -0.015903881 0.0
0.56183448 -0.017001483 0.0
0.57566429 -0.018346633 0.0
0.57682474 -0.017042379 0.0
0.57649023 -0.015635071 0.0
0.57680619 -0.014216023 0.0
0.5718275 -0.016301352 0.0
0.57662564 -0.016460978 0.0
0.57081062 -0.018080447 0.0
0.57432377 -0.017502774 0.0
0.57579245 -0.014009244 0.0
0.57164256 -0.01079375 0.0
0.57689446 -0.0177534 0.0
0.57701528 -0.015045609 0.0
0.57136679 -0.019208374 0.0
0.57322979 -0.020149282 0.0
0.57679963 -0.013673674 0.0
0.5767942 -0.013145995 0.0
0.57606044 -0.015266679 0.0
0.57673646 -0.015510108 0.0
0.57313032 -0.018230458 0.0
0.57426762 -0.019675978 0.0
0.57587508 -0.019059968 0.0
0.57529071 -0.017442221 0.0
0.57029055 -0.019054474 0.0
0.57305321 -0.018593698 0.0
0.56267239 -0.018669516 0.0
0.57265833 -0.021149913 0.0
0.51709078 -0.02217681 0.0
0.54180106 -0.021458602 0.0
0.56438375 -0.02017896 0.0
0.56803251 -0.020928746 0.0
0.563027 -0.017876604 0.0
0.55564617 -0.021859934 0.0
0.5558871 -0.01714604 0.0
0.55676995 -0.019202984 0.0
0.53422563 -0.027036688 0.0
0.57205492 -0.022713324 0.0
0.55461896 -0.016319281 0.0
0.52844037 -0.018308357 0.0
0.55872469 -0.020233872 0.0
0.56537286 -0.021778854 0.0
0.57610454 -0.010819343 0.0
0.57473259 -0.0090409806 0.0
0.57544396 -0.009257569 0.0
0.57494041 -0.0096733348 0.0
0.57081368 -0.0079710789 0.0
0.57302548 -0.0086477518 0.0
-0.0093227543 0.0068121264 0.0
0.089446003 -0.016826929 0.0
0.25957391 -0.034222981 0.0
0.4583789 -0.033457283 0.0
-0.010922868 0.00097926311 0.0
0.036099684 -0.0065340288 0.0
0.39368981 -0.031638602 0.0
0.4365311 -0.030207661 0.0
0.28783102 -0.035395313 0.0
0.37075707 -0.036837808 0.0
0.48638515 -0.031264673 0.0
0.51218264 -0.02695628 0.0
0.43629563 -0.029986552 0.0
0.45343526 -0.03036136 0.0
0.27433655 -0.0019123369 0.0
0.26730183 -0.0039816818 0.0
0.19586648 0.00055772973 0.0
0.23276665 0.000854166 0.0
0.34893124 -0.0054046084 0.0
0.19823408 -0.002912863 0.0
0.31634688 -0.0018343351 0.0
0.18026945 -0.00089997952 0.0
0.24146083 0.0006723781 0.0
0.27367934 0.0018758016 0.0
0.31716798 -0.0019866419 0.0
0.087503682 0.0037405074 0.0
0.22634199 0.00096021931 0.0
0.45913999 -0.012406414 0.0
0.077988515 -0.00054094547 0.0
0.081369578 0.0013219621 0.0
0.47291634 -0.014322124 0.0
0.4992665 -0.015921488 0.0
0.49040652 -0.015832868 0.0
0.48652414 -0.015176356 0.0
0.53962576 -0.021103903 0.0
0.38031393 -0.010836357 0.0
0.40393889 -0.012886797 0.0
0.56463743 -0.01409223 0.0
0.13048554 0.00011007495 0.0
0.56085362 -0.017889597 0.0
0.57489014 -0.015969223 0.0
0.56957738 -0.018170658 0.0
0.56854444 -0.018612511 0.0
0.56876722 -0.022839391 0.0
0.47744415 -0.013795792 0.0
0.51722209 -0.027397111 0.0
0.40056439 -0.03240735 0.0
0.5727892 -0.021602376 0.0
0.41964746 -0.032668971 0.0
0.57499505 -0.021625815 0.0
0.57400709 -0.02336383 0.0
0.076824297 -0.0044707386 0.0
0.18482162 0.0029134027 0.0
0.12026392 -0.0040535938 0.0
0.19968025 -0.00069579887 0.0
0.10821744 -0.0041563062 0.0
0.13728709 -0.00058575578 0.0
0.041071467 -0.0030899911 0.0
0.18083415 -0.003876968 0.0
0.071966253 -0.0029089086 0.0
0.1873742 -0.0020747246 0.0
0.063057067 -0.0018007216 0.0
0.044135084 -0.00053693438 0.0
0.1762021 -0.00037049595 0.0
0.20028736 0.0022250133 0.0
0.089411401 -0.0020819677 0.0
0.4075555 0.039802072 0.0
0.43093232 0.046249821 0.0
0.42459147 0.043891063 0.0
0.4277481 0.043253173 0.0
0.42181576 0.036074821 0.0
0.41419763 0.030310625 0.0
0.41176356 0.02710634 0.0
0.4069142 0.021804262 0.0
0.40483615 0.017589986 0.0
0.40244484 0.0096945449 0.0
0.40685671 0.02286416 0.0
0.42159749 0.040495002 0.0
-0.016332986 0.0044324854 0.0
-0.012695485 0.012168585 0.0
0.52760708 -0.010225358 0.0
0.53390062 -0.013291368 0.0
0.54066338 -0.012618128 0.0
0.53465746 -0.013141188 0.0
0.57576515 -0.016684015 0.0
0.5569911 -0.01086732 0.0
0.57576649 -0.019376334 0.0
0.57553558 -0.018629901 0.0
0.57570768 -0.019981121 0.0
0.57605999 -0.01893201 0.0
0.57649461 -0.018077319 0.0
0.57563549 -0.017236305 0.0
0.51700974 -0.022740952 0.0
0.53889341 -0.023026995 0.0
0.57517561 -0.020680351 0.0
0.57491056 -0.020040865 0.0
0.5391189 -0.025652396 0.0
0.55522508 -0.023447369 0.0
0.57587795 -0.010357037 0.0
0.57531082 -0.0097960339 0.0
0.57640266 -0.01205819 0.0
0.57215862 -0.010626143 0.0
0.57471211 -0.0094739902 0.0
0.57509987 -0.0087848302 0.0
0.56727908 -0.0099822566 0.0
0.57381076 -0.0078505032 0.0
0.57572502 -0.010884472 0.0
0.57660201 -0.012679413 0.0
0.57608423 -0.011651487 0.0
0.56726404 -0.010277848 0.0
0.57465573 -0.012495167 0.0
0.57586214 -0.01121081 0.0
0.57519391 -0.010997445 0.0
0.56855575 -0.011971997 0.0
0.57322181 -0.011871037 0.0
0.57180231 -0.011213438 0.0
0.57318622 -0.011423546 0.0
0.56761878 -0.011125998 0.0
0.57453874 -0.012170006 0.0
0.56981774 -0.012170828 0.0
0.56352244 -0.011140372 0.0
0.55358076 -0.010097013 0.0
0.57559311 -0.013436668 0.0
0.56489134 -0.01248145 0.0
0.56991223 -0.012361383 0.0
0.56099559 -0.012248068 0.0
0.56323972 -0.011354259 0.0
0.54667878 -0.010798163 0.0
0.54140373 -0.010860728 0.0
0.56149318 -0.010134814 0.0
0.54954258 -0.010203121 0.0
0.5506194 -0.01014165 0.0
0.57280269 -0.0075872669 0.0
0.57356635 -0.0079147628 0.0
0.5724759 -0.0074632413 0.0
0.5703035 -0.0068274118 0.0
0.5733373 -0.0083655021 0.0
0.57526016 -0.0089386761 0.0
0.57447753 -0.0087958133 0.0
0.57111628 -0.0088331322 0.0
0.57384078 -0.0072093149 0.0
0.57432057 -0.0078077298 0.0
0.13032066 -0.016129886 0.0
0.10015091 -0.010229985 0.0
0.12904442 -0.017939948 0.0
0.01748596 -0.006604861 0.0
0.074936096 -0.014323126 0.0
0.25220006 -0.030441836 0.0
0.27919574 -0.029981736 0.0
0.252965 -0.030393176 0.0
0.21631486 -0.033121208 0.0
0.21514682 -0.031167402 0.0
0.2862882 -0.034973869 0.0
0.35262162 -0.032083504 0.0
0.24721163 -0.031658359 0.0
0.31783212 -0.03292263 0.0
0.19165824 -0.029863213 0.0
0.34020411 -0.033468432 0.0
0.35293858 -0.033804637 0.0
0.3357229 -0.032648253 0.0
0.21818633 -0.029754042 0.0
0.30409569 -0.032857063 0.0
0.19465786 -0.026149465 0.0
0.21470916 -0.029603024 0.0
0.40639585 -0.035329596 0.0
0.42283234 -0.031325686 0.0
0.1957612 -0.029148849 0.0
0.16988537 -0.027425311 0.0
0.090231299 -0.016425389 0.0
0.15130485 -0.029203044 0.0
-0.013068122 -0.00054249771 0.0
0.25921813 -0.033220207 0.0
0.17188619 -0.028030264 0.0
0.23813778 -0.028502749 0.0
0.33842123 -0.03467282 0.0
0.40732742 -0.034217187 0.0
-0.011843636 -9.7416492e-06 0.0
0.043259292 -0.0074833932 0.0
0.34149994 -0.034747521 0.0
0.39390686 -0.032458311 0.0
0.25742192 -0.030763659 0.0
0.37000026 -0.034270256 0.0
0.23373546 -0.028731105 0.0
0.30799336 -0.033434532 0.0
0.4024785 -0.032860121 0.0
0.34901705 -0.0079492809 0.0
0.023606339 -0.013449749 0.0
0.36823698 -0.010876433 0.0
0.36145332 -0.034038597 0.0
0.41092174 -0.033905392 0.0
0.33385088 -0.036031095 0.0
0.36344653 -0.034645995 0.0
0.45091822 -0.033301227 0.0
0.46146198 -0.032422528 0.0
0.47561527 -0.031565496 0.0
0.56925648 -0.025312678 0.0
0.40434463 -0.032984182 0.0
0.40900364 -0.033829087 0.0
0.47264508 -0.032107801 0.0
0.45057359 -0.03216585 0.0
0.30227071 -0.032029041 0.0
0.39140669 -0.031811539 0.0
0.5314415 -0.03068408 0.0
0.45839395 -0.032844164 0.0
0.44029149 -0.032793007 0.0
0.4767967 -0.031904951 0.0
0.18169268 -0.025514517 0.0
0.24624156 -0.029880738 0.0
0.14209287 -0.0087024065 0.0
0.28273406 -0.025270853 0.0
0.11749972 -0.025406755 0.0
0.2435826 -0.032198304 0.0
0.093815496 -0.015174229 0.0
0.17761857 -0.024052331 0.0
0.25936944 -0.030640732 0.0
0.30071801 -0.034131685 0.0
0.19170348 -0.02895378 0.0
0.11008999 -0.016625615 0.0
0.11652713 -0.015094874 0.0
0.21299866 -0.021124417 0.0
0.10514306 -0.017731287 0.0
0.15685906 -0.025188891 0.0
0.56909625 -0.024103218 0.0
0.31333669 -0.033632733 0.0
0.13610328 -0.02426812 0.0
0.23829959 -0.027422728 0.0
0.34113651 -0.029505119 0.0
0.55058789 -0.029172462 0.0
0.52076221 -0.018245436 0.0
0.43417411 -0.034250804 0.0
0.54039967 -0.020994503 0.0
0.43238556 -0.013423065 0.0
0.54341326 -0.03024011 0.0
0.34473395 -0.028148581 0.0
0.17275811 -0.027681046 0.0
0.3582374 -0.025966874 0.0
0.55844913 -0.027719109 0.0
0.39789231 -0.010636559 0.0
0.34116108 -0.033728345 0.0
0.47459743 -0.031606326 0.0
0.35554217 -0.0043309921 0.0
0.4740982 -0.031853117 0.0
0.24616575 -0.028387253 0.0
0.56508256 -0.027351042 0.0
0.34079711 -0.029097989 0.0
0.55988788 -0.029220422 0.0
0.56854027 -0.027010237 0.0
0.55711306 -0.02312891 0.0
0.23952541 -0.025163618 0.0
0.31375045 -0.030682371 0.0
0.20557716 -0.019303591 0.0
0.37657935 -0.0082882777 0.0
0.28209601 -0.027599393 0.0
0.27279126 -0.024313774 0.0
0.16725279 -0.02473742 0.0
0.084655907 -0.0051374666 0.0
0.16229811 -0.018244623 0.0
0.30476122 -0.023009441 0.0
0.19771304 -0.022707166 0.0
0.16006017 -0.017309081 0.0
0.18392402 -0.013196106 0.0
0.4462678 -0.015589063 0.0
0.16387551 -0.012715276 0.0
0.47439657 -0.032571144 0.0
0.5470438 -0.02288353 0.0
0.54306577 -0.030394635 0.0
0.49572403 -0.032443113 0.0
0.46189639 -0.031209005 0.0
0.56299053 -0.028835945 0.0
0.50492487 -0.032039848 0.0
0.5565202 -0.029125024 0.0
0.55020144 -0.02984941 0.0
0.40476053 -0.010735052 0.0
0.46493731 -0.032143439 0.0
0.51368037 -0.032370677 0.0
0.27485817 -0.0048831058 0.0
0.46788917 -0.016239956 0.0
0.41149964 -0.013075275 0.0
0.52506669 -0.032057343 0.0
0.49912096 -0.018695729 0.0
0.51489958 -0.03254165 0.0
0.53080987 -0.020953047 0.0
0.56769035 -0.027257915 0.0
0.56270072 -0.023833539 0.0
0.5597306 -0.029316571 0.0
0.55755629 -0.023414655 0.0
0.50791448 -0.032303117 0.0
0.50838143 -0.019269533 0.0
0.54795342 -0.03015143 0.0
0.56572141 -0.024125523 0.0
0.56330226 -0.028792857 0.0
0.36825356 -0.0094768416 0.0
0.5575346 -0.029751373 0.0
0.56294028 -0.023719464 0.0
0.22533526 -0.00041213357 0.0
0.57071685 -0.025875062 0.0
0.4723363 -0.015296582 0.0
0.55695136 -0.023209499 0.0
0.56662665 -0.027645962 0.0
0.48571674 -0.018534164 0.0
0.56990096 -0.025217879 0.0
0.54659152 -0.022441602 0.0
0.27816641 -0.0063530418 0.0
0.55523395 -0.023405053 0.0
0.57100866 -0.025463049 0.0
0.31324239 -0.0063590684 0.0
0.48700302 -0.016935322 0.0
0.53821216 -0.03057278 0.0
0.51318593 -0.032594045 0.0
0.55074212 -0.02187885 0.0
0.53103101 -0.020404453 0.0
0.56061044 -0.028027614 0.0
0.43883324 -0.013634421 0.0
0.54389906 -0.022480616 0.0
0.57335303 -0.024129311 0.0
0.57159397 -0.024110172 0.0
0.54708777 -0.023534413 0.0
0.18375879 0.0022890591 0.0
0.56123385 -0.024908304 0.0
0.54686087 -0.029544009 0.0
0.51592523 -0.019953684 0.0
0.35640002 -0.024957507 0.0
0.54570933 -0.025986843 0.0
0.48009533 -0.032848407 0.0
0.50731569 -0.032488537 0.0
0.56869209 -0.026745609 0.0
-0.010673188 0.010190417 0.0
-0.01617593 0.0019446025 0.0
-0.0097823682 0.004956949 0.0
-0.0046978282 0.013261585 0.0
0.067293279 -0.009366034 0.0
-0.019184606 0.0015097082 0.0
0.028659777 -0.0086150603 0.0
-0.0080411726 -0.0030870825 0.0
0.015224355 -0.0073593994 0.0
0.48686232 -0.03205234 0.0
0.46668387 -0.030837529 0.0
0.4855393 -0.030900653 0.0
0.53109471 -0.031333207 0.0
0.097402155 -0.0029229656 0.0
0.070357947 -0.0012319418 0.0
0.26848959 0.0038432764 0.0
0.0307907 0.00050309272 0.0
0.16796478 -0.00018149273 0.0
0.09738467 -0.0039745817 0.0
0.18417 0.0022722266 0.0
0.27427487 0.003775201 0.0
0.20421693 0.0032569839 0.0
0.43169513 -0.011556729 0.0
0.54789012 -0.01879395 0.0
0.041762891 0.0016285082 0.0
0.38107648 -0.011093471 0.0
0.44711662 -0.013479496 0.0
0.12873067 -0.0022951173 0.0
0.2278871 0.015729216 0.0
0.43021022 0.045689215 0.0
0.40343145 0.014652235 0.0
0.39981463 0.0029648501 0.0
0.40507536 0.017733189 0.0
0.39999044 0.0054755878 0.0
0.40232456 0.012534027 0.0
0.41743753 0.046837659 0.0
0.40215287 0.011913313 0.0
0.40074273 0.0078757123 0.0
0.57091125 -0.016415651 0.0
0.57226891 -0.013182312 0.0
0.57577246 -0.013099873 0.0
0.57247354 -0.013548656 0.0
0.57646253 -0.018664887 0.0
0.57321203 -0.017896788 0.0
0.57225234 -0.016932335 0.0
0.56800822 -0.015052443 0.0
0.54530897 -0.019751019 0.0
0.53949517 -0.017659613 0.0
0.51008672 -0.023092031 0.0
0.52538959 -0.023617581 0.0
0.48728892 -0.025804343 0.0
0.51368887 -0.025967444 0.0
0.53901178 -0.026151023 0.0
0.52045366 -0.025398557 0.0
0.53653382 -0.027142636 0.0
0.55185143 -0.026225544 0.0
0.55841438 -0.025219 0.0
0.55193274 -0.024327461 0.0
0.5181935 -0.027840548 0.0
0.54665401 -0.025844022 0.0
0.49286793 -0.029760772 0.0
0.54954573 -0.027211494 0.0
0.53708388 -0.026774869 0.0
0.53554623 -0.028818842 0.0
0.57384781 -0.023571532 0.0
0.56361225 -0.023992921 0.0
0.54956282 -0.026701459 0.0
0.56108339 -0.025638887 0.0
0.56514149 -0.025553678 0.0
0.56763899 -0.024729548 0.0
0.56342313 -0.023042228 0.0
0.55789333 -0.025523795 0.0
0.56439497 -0.026058405 0.0
0.56447434 -0.026413272 0.0
0.57246245 -0.023180344 0.0
0.56617506 -0.023827434 0.0
0.54419463 -0.024539465 0.0
0.55492197 -0.022013605 0.0
0.55436111 -0.022517906 0.0
0.54406599 -0.024069924 0.0
0.55172282 -0.025114243 0.0
0.56315211 -0.023599244 0.0
0.56532199 -0.02222578 0.0
0.56685241 -0.023290219 0.0
0.57456604 -0.010378812 0.0
0.57146208 -0.010222612 0.0
0.56077532 -0.010125295 0.0
0.56771667 -0.0096769871 0.0
0.55974121 -0.0098107774 0.0
0.56714438 -0.0094505522 0.0
0.56957923 -0.0088368581 0.0
0.57126997 -0.0093408745 0.0
0.56928142 -0.0083800065 0.0
0.57357009 -0.0084491658 0.0
0.56718868 -0.0085578784 0.0
0.57129651 -0.0079696871 0.0
0.57334397 -0.0082827779 0.0
0.57238522 -0.0080966258 0.0
0.5744796 -0.0084177835 0.0
0.57148289 -0.0095633047 0.0
0.57226212 -0.012638531 0.0
0.56505228 -0.013038056 0.0
0.57213842 -0.014283667 0.0
0.55593099 -0.012776894 0.0
0.56023419 -0.014288976 0.0
0.55561206 -0.012790026 0.0
0.54702188 -0.012497254 0.0
0.55617986 -0.011701676 0.0
0.56639007 -0.014002018 0.0
0.55889495 -0.013316303 0.0
0.57528897 -0.014487994 0.0
0.56073298 -0.01459654 0.0
0.55320338 -0.013187875 0.0
0.53546455 -0.013494732 0.0
0.56476976 -0.014239785 0.0
0.56901803 -0.014951644 0.0
0.5583362 -0.015702949 0.0
0.55296852 -0.013801125 0.0
0.57242239 -0.014677784 0.0
0.57671807 -0.015588629 0.0
0.55837378 -0.015752918 0.0
0.54867355 -0.01556121 0.0
0.54680622 -0.012665541 0.0
0.54658801 -0.013174754 0.0
0.56430848 -0.011931243 0.0
0.56087664 -0.011689415 0.0
0.56574208 -0.006229726 0.0
0.57011024 -0.0074442854 0.0
0.57461519 -0.0085340663 0.0
0.57443529 -0.0081382404 0.0
0.18526053 -0.027890157 0.0
0.24521057 -0.029430932 0.0
0.42536972 -0.031348516 0.0
0.41717006 -0.033825737 0.0
0.36862583 -0.033564155 0.0
0.41082717 -0.033417365 0.0
0.1244978 -0.013358062 0.0
0.029521255 -0.0055518973 0.0
-0.0091639188 -0.0011593027 0.0
0.074636992 -0.013392701 0.0
0.4643484 -0.03247941 0.0
0.48464752 -0.030894595 0.0
0.48794708 -0.031662107 0.0
0.51919541 -0.028677587 0.0
0.45535441 -0.033646543 0.0
0.40465732 -0.033461024 0.0
0.57035954 -0.025919213 0.0
0.56899353 -0.025370537 0.0
0.5591543 -0.028626499 0.0
0.56571757 -0.027928422 0.0
0.51501701 -0.032570044 0.0
0.55015694 -0.029464306 0.0
0.42384252 -0.012111576 0.0
0.21277681 -0.018060338 0.0
0.35897526 -0.029562089 0.0
0.51999232 -0.019545188 0.0
0.40443101 -0.011103132 0.0
0.55244334 -0.029072746 0.0
0.54299027 -0.030214839 0.0
0.53522594 -0.028352219 0.0
0.55130061 -0.028845856 0.0
0.53638527 -0.030515207 0.0
0.55915214 -0.027496792 0.0
0.54742791 -0.027613814 0.0
0.56395047 -0.026702227 0.0
0.55735682 -0.02727143 0.0
0.56548479 -0.027072505 0.0
0.56757445 -0.027180833 0.0
0.56075811 -0.027702325 0.0
0.57106502 -0.025586123 0.0
0.57059212 -0.026045298 0.0
0.57166264 -0.023018158 0.0
0.56786282 -0.027080087 0.0
0.57143746 -0.023423606 0.0
0.051878049 -0.0084423841 0.0
0.014294464 -0.0044681008 0.0
-0.014082228 0.0086646818 0.0
-0.012489716 0.001530889 0.0
0.038906871 -0.0090779592 0.0
-0.0040114823 -0.0020140906 0.0
-0.016555348 0.00066927393 0.0
-0.0056872805 -0.0045835421 0.0
-0.018720513 -0.0010241396 0.0
-0.013872242 0.00043256669 0.0
0.19605043 -0.020895286 0.0
0.0075045657 -0.0059274957 0.0
-0.015217985 -0.0036760718 0.0
-0.0093526627 0.00041604764 0.0
0.010804548 -0.001478161 0.0
0.10630213 -0.024977224 0.0
0.1313094 -0.026357926 0.0
0.12167498 -0.016384881 0.0
0.070263268 -0.0093402411 0.0
0.18610752 -0.028726639 0.0
0.014192194 -0.0054728456 0.0
0.053430852 -0.0079745963 0.0
0.025575976 -0.0044908558 0.0
0.0086552056 -0.0033939601 0.0
0.030817495 -0.015079863 0.0
0.031279501 -0.0069695711 0.0
0.048078976 -0.0098792244 0.0
0.094237933 -0.0079691707 0.0
0.09726159 -0.013403193 0.0
-0.0093127237 -0.0030742832 0.0
0.060178539 -0.012440119 0.0
0.010322877 -0.0014304667 0.0
0.044319582 -0.0032708705 0.0
0.00023170387 -0.0026736549 0.0
0.058234395 -0.016693041 0.0
-0.0028757718 -0.0074210716 0.0
0.047733641 -0.021213509 0.0
-0.0082072225 -0.00097420016 0.0
0.0081197466 -0.0057885691 0.0
-0.0025017647 -0.0012579567 0.0
0.033926119 -0.0089908792 0.0
0.06546705 -0.010703133 0.0
0.042397556 -0.017118634 0.0
0.51392848 -0.026409534 0.0
0.49679258 -0.028811444 0.0
0.50687134 -0.025298273 0.0
0.48519635 -0.028745571 0.0
0.45431818 -0.012268662 0.0
0.44603152 -0.013315852 0.0
0.45829503 -0.014286511 0.0
0.48276777 -0.031027454 0.0
0.477337 -0.01254273 0.0
0.48127524 -0.017170438 0.0
0.5301417 -0.018658517 0.0
0.51456872 -0.017310273 0.0
0.39128378 -0.010309832 0.0
0.50103274 -0.017287861 0.0
0.54015327 -0.030934432 0.0
0.55109143 -0.022519737 0.0
0.50089883 -0.016029091 0.0
0.4852577 -0.03172691 0.0
0.56328252 -0.023276693 0.0
0.56375837 -0.02296618 0.0
0.55067072 -0.023493814 0.0
0.5673792 -0.026722035 0.0
0.54703505 -0.021491175 0.0
0.37227679 -0.0075687569 0.0
0.35582701 -0.0083831266 0.0
0.53892448 -0.020832371 0.0
0.51433844 -0.017287485 0.0
0.55909788 -0.023032901 0.0
0.39193656 -0.010070457 0.0
0.53887327 -0.03083864 0.0
0.56230459 -0.022048153 0.0
0.3033274 -0.002615578 0.0
0.48572718 -0.015527477 0.0
0.50667108 -0.016413802 0.0
0.31686173 -0.004778847 0.0
0.45808688 -0.014242793 0.0
0.50852619 -0.019346048 0.0
0.57039263 -0.024738764 0.0
0.56832227 -0.026996786 0.0
0.30891835 -0.02248916 0.0
0.50693015 -0.016881066 0.0
0.53712484 -0.019601901 0.0
0.56502658 -0.028274926 0.0
0.50866407 -0.0315416 0.0
0.47140284 -0.015111169 0.0
0.38974767 -0.0088983127 0.0
0.49668343 -0.018852098 0.0
0.43543089 -0.012603979 0.0
0.56852117 -0.024140859 0.0
0.55621309 -0.023800648 0.0
0.49372024 -0.014638023 0.0
0.51141401 -0.016736079 0.0
0.51751855 -0.01826241 0.0
0.51719995 -0.018352637 0.0
0.3230204 -0.0027164679 0.0
0.16234994 -0.0071950664 0.0
0.37484459 -0.0082994891 0.0
0.56897173 -0.022613187 0.0
0.3489604 -0.0093863791 0.0
0.19094621 0.0012882196 0.0
0.52616041 -0.019319902 0.0
0.43552987 -0.013094301 0.0
0.55210557 -0.020868334 0.0
0.54051795 -0.020656116 0.0
0.49626698 -0.032892834 0.0
0.32224045 -0.0032785666 0.0
0.56347384 -0.02841201 0.0
0.53714303 -0.030405807 0.0
0.52694493 -0.019146256 0.0
0.5420662 -0.020566334 0.0
0.54649686 -0.020746567 0.0
0.5545804 -0.0218674 0.0
0.56314918 -0.021961784 0.0
0.55463767 -0.022084223 0.0
0.56272249 -0.022365292 0.0
0.28686358 -0.003955384 0.0
0.4435336 -0.03331475 0.0
0.45595512 -0.033869806 0.0
0.48752424 -0.017833102 0.0
0.37496696 -0.0098795691 0.0
0.57100009 -0.02551425 0.0
0.2255311 -0.0054145648 0.0
0.14194283 0.0011530564 0.0
0.30851768 -0.0057544469 0.0
0.56110599 -0.021305477 0.0
0.48517647 -0.031517049 0.0
0.55933013 -0.028290716 0.0
0.40778332 -0.034183416 0.0
0.39200206 -0.0091775819 0.0
0.13498685 -0.0049155827 0.0
0.56925623 -0.023668524 0.0
0.56811853 -0.023153678 0.0
0.43475623 -0.034031451 0.0
0.50566996 -0.032601004 0.0
0.5704667 -0.026272501 0.0
0.24437616 -0.0052197573 0.0
0.13047593 0.00043156441 0.0
0.56082818 -0.021944258 0.0
0.56680958 -0.022368972 0.0
0.35376172 -0.028675586 0.0
0.22290963 -0.0011653534 0.0
0.37500593 -0.0092449406 0.0
0.2395368 -0.0022270903 0.0
0.51734879 -0.020543751 0.0
0.27765668 -0.0061907354 0.0
0.56780257 -0.027224495 0.0
0.56371034 -0.026581445 0.0
0.31948056 -0.0059539119 0.0
0.28729379 -0.0042018747 0.0
0.062678218 -0.001483737 0.0
0.22639039 -0.0035079799 0.0
0.52279722 -0.031169713 0.0
0.45282471 -0.015820766 0.0
0.41559071 -0.012891724 0.0
0.5298652 -0.03146671 0.0
0.30749202 -0.002675055 0.0
0.037096593 0.0030789302 0.0
0.24591755 -0.0025911113 0.0
0.28984747 -0.0030325249 0.0
0.41482255 -0.012729451 0.0
0.31727769 -0.0092234085 0.0
0.56409328 -0.028647011 0.0
0.56316052 -0.02858043 0.0
0.56524343 -0.028041599 0.0
0.56686719 -0.027585014 0.0
0.5670301 -0.027507859 0.0
0.56658287 -0.025050982 0.0
0.56313832 -0.025328716 0.0
0.48118581 -0.033107342 0.0
0.56870079 -0.026883027 0.0
0.42492221 -0.010978084 0.0
0.41751314 -0.013455339 0.0
0.21206106 -0.0013331218 0.0
0.56583771 -0.023838483 0.0
0.55728287 -0.029271328 0.0
0.53704698 -0.030882887 0.0
0.5369389 -0.030886374 0.0
0.48643604 -0.016853635 0.0
0.17564574 -0.00054350256 0.0
0.13532135 0.0032445342 0.0
0.50497995 -0.019939496 0.0
0.28321016 -0.0093641763 0.0
0.45101761 -0.015888914 0.0
0.46527544 -0.015734078 0.0
0.56664798 -0.027730287 0.0
0.52477903 -0.032036709 0.0
0.3652815 -0.012639193 0.0
0.03364777 0.0021429673 0.0
0.37580714 -0.0095890721 0.0
0.26140781 -0.0026261975 0.0
0.18792169 0.0021289579 0.0
0.070075226 0.0089864261 0.0
0.038149285 -0.0018702519 0.0
0.15563978 0.0005714865 0.0
0.50746168 -0.029544327 0.0
0.44557963 -0.015595049 0.0
0.46457958 -0.014068978 0.0
0.52085655 -0.021063297 0.0
0.56925584 -0.02653542 0.0
0.48515403 -0.03256675 0.0
0.54939264 -0.030481837 0.0
0.55615814 -0.029571318 0.0
0.54373654 -0.030479237 0.0
0.47959149 -0.032960553 0.0
0.506188 -0.029581369 0.0
0.46316188 -0.016076 0.0
0.39347463 -0.033400792 0.0
0.53641322 -0.030787654 0.0
0.55715004 -0.029722111 0.0
0.5402566 -0.030912135 0.0
0.54336017 -0.030574721 0.0
0.44584416 -0.03230353 0.0
0.41500711 -0.034058391 0.0
0.43149865 -0.030953309 0.0
0.55563469 -0.029674553 0.0
0.46301167 -0.015345325 0.0
0.30103069 -0.020684614 0.0
0.2909429 -0.023167891 0.0
0.17368758 -0.001635627 0.0
0.54915954 -0.030392484 0.0
0.55337981 -0.030006736 0.0
0.54288737 -0.03046448 0.0
0.54946783 -0.030300263 0.0
0.5291812 -0.030994477 0.0
0.54766695 -0.030170496 0.0
0.51876151 -0.031273941 0.0
0.5229598 -0.031338773 0.0
0.55900214 -0.027046522 0.0
0.56362331 -0.026734391 0.0
0.52852222 -0.030963584 0.0
0.54880969 -0.030086839 0.0
0.44671076 -0.033217866 0.0
0.37943181 -0.032344363 0.0
0.30673026 -0.024922053 0.0
0.42086344 -0.033161104 0.0
0.46318877 -0.031664741 0.0
0.47769765 -0.029826895 0.0
0.3475181 -0.0090072689 0.0
0.35064788 -0.011413438 0.0
0.47778195 -0.017335874 0.0
0.55803014 -0.026935564 0.0
0.50683401 -0.031776818 0.0
0.53742515 -0.030603806 0.0
0.56139085 -0.027395648 0.0
0.5198187 -0.021431162 0.0
0.37735205 -0.033320635 0.0
0.32622106 -0.026872504 0.0
0.30864192 -0.02402095 0.0
0.4779499 -0.02986552 0.0
0.3598226 -0.030496474 0.0
0.39670856 -0.03055731 0.0
0.29118272 -0.010040147 0.0
0.41257986 -0.013507306 0.0
0.45276493 -0.016287802 0.0
0.52491175 -0.021058059 0.0
0.39080543 -0.031556654 0.0
0.26681664 -0.021197629 0.0
0.08685323 -0.012367986 0.0
0.12527166 -0.0092044543 0.0
0.44999873 -0.027280999 0.0
0.4752807 -0.017554726 0.0
0.56167716 -0.026352185 0.0
0.4389605 -0.015725626 0.0
0.13823723 -0.0067279763 0.0
0.5325189 -0.021979313 0.0
0.21915847 -0.0068206136 0.0
0.32159057 -0.0079953259 0.0
0.54693407 -0.023504306 0.0
0.47745565 -0.01730516 0.0
0.48535277 -0.0183141 0.0
0.45429319 -0.015994468 0.0
0.4971685 -0.018864645 0.0
0.50156247 -0.019689729 0.0
0.47113614 -0.01775983 0.0
0.35095642 -0.011378358 0.0
0.33673143 -0.011083236 0.0
0.47283465 -0.016586741 0.0
0.52449227 -0.020852643 0.0
0.50822727 -0.020219432 0.0
0.28814207 -0.007237394 0.0
0.45359124 -0.01609062 0.0
0.25408995 -0.0062235123 0.0
0.50341527 -0.019178814 0.0
0.34883817 -0.010026238 0.0
0.53681928 -0.022463829 0.0
0.17929426 -0.0046187255 0.0
0.54266548 -0.023686746 0.0
0.49095416 -0.017215493 0.0
0.40235435 -0.012483674 0.0
0.41161984 -0.013757346 0.0
0.22473288 -0.0043604209 0.0
0.52918197 -0.020933387 0.0
0.55584886 -0.026295344 0.0
0.51824387 -0.020125452 0.0
0.53529814 -0.021901031 0.0
0.43972209 -0.014849961 0.0
0.46858217 -0.016939085 0.0
0.3622873 -0.012073913 0.0
0.36260712 -0.010798719 0.0
0.44766485 -0.016816964 0.0
0.41240087 -0.014603069 0.0
0.40093441 -0.014240078 0.0
0.16020111 -0.0031067314 0.0
0.14934745 0.00061575375 0.0
0.23860363 -0.0053528488 0.0
0.29573439 -0.0070115438 0.0
0.53220199 -0.02182388 0.0
0.52276252 -0.020224009 0.0
0.53404085 -0.02166463 0.0
0.53496118 -0.022293839 0.0
0.516291 -0.021167431 0.0
0.50211356 -0.019195154 0.0
0.45146442 -0.016246189 0.0
0.45085481 -0.017685228 0.0
0.40065941 -0.013357018 0.0
0.36396133 -0.012638938 0.0
0.40191279 -0.014921716 0.0
0.54262033 -0.024268391 0.0
0.52676999 -0.022798096 0.0
0.38016131 -0.012811603 0.0
0.43618227 -0.014882395 0.0
0.42176529 -0.01269412 0.0
0.42677448 -0.016033205 0.0
0.42045775 -0.016266937 0.0
0.25252716 -0.0058986562 0.0
0.37277492 -0.011783559 0.0
0.43698249 -0.015617426 0.0
0.42511595 -0.015791463 0.0
0.45688728 -0.017764833 0.0
0.54680694 -0.024598328 0.0
0.46199189 -0.017407243 0.0
0.48603115 -0.018926568 0.0
0.43246207 -0.016098225 0.0
0.48025274 -0.019429576 0.0
0.38219321 -0.013579555 0.0
0.27751809 -0.012596532 0.0
0.32265653 -0.0084492584 0.0
0.46218969 -0.01658276 0.0
0.5214924 -0.021971167 0.0
0.549181 -0.024991359 0.0
0.47947979 -0.019619084 0.0
0.52083162 -0.020547064 0.0
0.53442289 -0.021237876 0.0
0.50783272 -0.019286145 0.0
0.50380611 -0.019907002 0.0
0.53978774 -0.022272109 0.0
0.54576904 -0.023167819 0.0
0.53974932 -0.022200292 0.0
0.55063639 -0.023034711 0.0
0.53049026 -0.020948266 0.0
0.54389474 -0.022532686 0.0
0.53705202 -0.022229649 0.0
0.54893147 -0.023664548 0.0
0.55870587 -0.024716675 0.0
0.55643575 -0.025377859 0.0
0.54748382 -0.023883872 0.0
0.54718519 -0.02394709 0.0
0.53920022 -0.023739395 0.0
0.48589061 -0.018179737 0.0
0.48598147 -0.017809087 0.0
0.49505565 -0.01957875 0.0
0.33114049 -0.011135288 0.0
0.39321391 -0.013257048 0.0
0.17249452 -0.0050670144 0.0
0.36525117 -0.010594928 0.0
0.3189289 -0.0094447794 0.0
0.50624932 -0.019621491 0.0
0.48411515 -0.017550323 0.0
0.52303551 -0.020204977 0.0
0.51634973 -0.0194442 0.0
0.55953182 -0.026524656 0.0
0.53724267 -0.02355348 0.0
0.52709227 -0.021876309 0.0
0.50169444 -0.01861945 0.0
0.31792126 -0.011537907 0.0
0.35007902 -0.012857351 0.0
0.29714011 -0.0055013842 0.0
0.23021188 -0.0062758324 0.0
0.22306093 -0.0079552545 0.0
0.1478484 -0.0076810432 0.0
0.28526164 -0.010056078 0.0
0.11509525 0.00081938274 0.0
0.068700553 -0.0034367001 0.0
0.13879024 0.0015680809 0.0
0.29587651 -0.0084277431 0.0
0.22165116 -0.0085408919 0.0
0.35351619 -0.012325622 0.0
0.27384599 -0.011642392 0.0
0.17745682 -0.007267096 0.0
0.072363568 0.0050825454 0.0
0.50259823 -0.019304859 0.0
0.48604845 -0.017835521 0.0
0.54683632 -0.023759485 0.0
0.55028992 -0.024929881 0.0
0.49299066 -0.018044843 0.0
0.50902273 -0.020687821 0.0
0.43420906 -0.016134892 0.0
0.39186267 -0.014361852 0.0
0.55943842 -0.02575514 0.0
0.5529023 -0.024917619 0.0
0.54900278 -0.02488773 0.0
0.55342147 -0.02464105 0.0
0.46130798 -0.017505697 0.0
0.40694005 -0.015534058 0.0
0.56542156 -0.027646915 0.0
0.55965896 -0.026405102 0.0
0.55042351 -0.024973448 0.0
0.53987655 -0.024493813 0.0
0.46372154 -0.017663575 0.0
0.44417367 -0.016778255 0.0
0.56151838 -0.026490012 0.0
0.50199515 -0.020274921 0.0
0.55873146 -0.026513483 0.0
0.54668081 -0.024660709 0.0
0.5075487 -0.020747169 0.0
0.52752518 -0.022675649 0.0
0.56648472 -0.027607905 0.0
0.56629027 -0.027687507 0.0
0.56483289 -0.027983712 0.0
0.56055014 -0.02794684 0.0
0.55018823 -0.025232153 0.0
0.55582709 -0.025623196 0.0
0.53584543 -0.02338412 0.0
0.52692142 -0.023148382 0.0
0.55723587 -0.02541505 0.0
0.56259253 -0.025948356 0.0
0.56549035 -0.026643195 0.0
0.56474004 -0.028246577 0.0
0.5631239 -0.025817212 0.0
0.56508258 -0.026948138 0.0
0.55445199 -0.024050251 0.0
0.56086211 -0.024610174 0.0
0.56488501 -0.02814113 0.0
0.56455524 -0.027994165 0.0
0.55600968 -0.029741816 0.0
0.56285606 -0.027672109 0.0
0.56577285 -0.02761806 0.0
0.56452475 -0.028257073 0.0
0.56608796 -0.027512386 0.0
0.56365927 -0.028562415 0.0
0.56105705 -0.029052172 0.0
0.51748912 -0.031079836 0.0
0.56608475 -0.026726244 0.0
0.56644144 -0.026484464 0.0
0.55630199 -0.026020684 0.0
0.55179813 -0.025656593 0.0
0.56172661 -0.028042859 0.0
0.56014433 -0.028873202 0.0
0.52110166 -0.021522234 0.0
0.53669494 -0.023942542 0.0
0.55545611 -0.025846747 0.0
0.56094481 -0.027554953 0.0
0.55886425 -0.026498104 0.0
0.56083109 -0.027165887 0.0
0.55170867 -0.025605643 0.0
0.54038557 -0.024415435 0.0
0.56079327 -0.027978265 0.0
0.5530648 -0.029080665 0.0
0.56253676 -0.02706971 0.0
0.56151533 -0.028667614 0.0
0.55316793 -0.026048039 0.0
0.54763838 -0.025504405 0.0
0.53358656 -0.02422174 0.0
0.51768921 -0.021656229 0.0
0.56094439 -0.027569947 0.0
0.56174444 -0.028700143 0.0
0.55914552 -0.027711476 0.0
0.54143498 -0.024670281 0.0
0.55284124 -0.026187716 0.0
0.56049056 -0.028893845 0.0
0.53534573 -0.024310198 0.0
0.53471155 -0.024037959 0.0
0.53463382 -0.024562049 0.0
0.49424214 -0.020369333 0.0
0.53305203 -0.023479517 0.0
0.54046493 -0.024406598 0.0
0.54116935 -0.024608413 0.0
0.46735808 -0.018675867 0.0
0.52159689 -0.021803868 0.0
0.49512822 -0.0195194 0.0
0.56212949 -0.027910478 0.0
0.54024818 -0.029598598 0.0
0.55881803 -0.027116959 0.0
0.55949071 -0.027557748 0.0
0.5600171 -0.0281399 0.0
0.55973862 -0.028056072 0.0
0.55926052 -0.027743315 0.0
0.54860679 -0.025638613 0.0
0.5548959 -0.029445007 0.0
0.56255111 -0.027738137 0.0
0.55902081 -0.028012566 0.0
0.56039176 -0.028565666 0.0
0.56229601 -0.027186661 0.0
0.56352644 -0.027939339 0.0
0.54921381 -0.029796368 0.0
0.55405548 -0.026346671 0.0
0.55620974 -0.028971819 0.0
0.54274433 -0.029971244 0.0
0.56384201 -0.027209832 0.0
0.56391987 -0.027880571 0.0
0.56361417 -0.028447632 0.0
0.55470851 -0.029507302 0.0
0.56062551 -0.028608053 0.0
0.5501532 -0.029725869 0.0
0.55546268 -0.029525664 0.0
0.55663855 -0.029209914 0.0
0.54958802 -0.029499857 0.0
0.55867616 -0.029161416 0.0
0.55587667 -0.026805992 0.0
0.55883407 -0.028599655 0.0
0.53670908 -0.030956804 0.0
0.4635323 -0.029041307 0.0
0.55891518 -0.028620367 0.0
0.5572961 -0.028644225 0.0
0.5268704 -0.029779778 0.0
0.55440714 -0.029416827 0.0
0.53991878 -0.029614303 0.0
0.5582216 -0.028081594 0.0
0.55793882 -0.028668138 0.0
0.54860438 -0.029802255 0.0
0.5588885 -0.029187221 0.0
0.5480263 -0.029816948 0.0
0.54275277 -0.029796695 0.0
0.54098996 -0.029534821 0.0
0.54860324 -0.029169209 0.0
0.54312635 -0.029784172 0.0
0.54957325 -0.029459543 0.0
0.5534112 -0.028939256 0.0
0.54670416 -0.029120721 0.0
0.55285355 -0.029119631 0.0
0.54824743 -0.029421573 0.0
0.5296006 -0.029602363 0.0
0.56273334 -0.017081911 0.0
0.57298354 -0.024375762 0.0
0.56518223 -0.015957505 0.0
0.57203665 -0.024714172 0.0
0.040500177 0.00075857453 0.0
0.13369608 0.0017017268 0.0
0.183544 -0.0011611887 0.0
0.24698628 -0.0060272481 0.0
0.22876333 -0.0038035207 0.0
0.17177683 -0.0012281151 0.0
0.15256657 -0.0058256653 0.0
0.15178609 -0.0047084387 0.0
0.4266025 0.044155279 0.0
0.40191005 0.012522692 0.0
0.41393555 0.03147796 0.0
0.34350606 0.032517158 0.0
0.27209159 0.022849139 0.0
0.29329094 0.024999637 0.0
0.4102062 0.045192877 0.0
0.40566622 0.024055295 0.0
0.42662174 0.046379721 0.0
0.4035258 0.043430242 0.0
0.41782141 0.041433455 0.0
0.40058701 0.0073262203 0.0
0.41011036 0.027751276 0.0
0.4039229 0.018026564 0.0
0.33010475 0.029217373 0.0
0.35246857 0.01559133 0.0
0.4036798 0.019451855 0.0
0.41319444 0.038929669 0.0
0.39042107 0.041265348 0.0
0.40749269 0.02615258 0.0
0.40148483 0.011968539 0.0
0.41848966 0.046443804 0.0
0.40538538 0.01932446 0.0
0.40091667 0.0089419231 0.0
0.40189132 0.011253094 0.0
0.40397199 0.01600132 0.0
0.40276192 0.011449849 0.0
0.57526899 -0.018071399 0.0
0.57190162 -0.017306386 0.0
0.51494527 -0.029769926 0.0
0.53783435 -0.027076181 0.0
0.51464245 -0.030464602 0.0
0.53126215 -0.03006601 0.0
0.48873679 -0.030843935 0.0
0.50728355 -0.032639073 0.0
0.54728877 -0.029106893 0.0
0.55696645 -0.027655982 0.0
0.52993053 -0.030330291 0.0
0.5143838 -0.031420861 0.0
0.54897525 -0.028222305 0.0
0.55803034 -0.027461155 0.0
0.57205792 -0.024375447 0.0
0.57204495 -0.024758584 0.0
0.56737718 -0.0095375035 0.0
0.56058248 -0.0097997396 0.0
0.57313443 -0.0078593793 0.0
0.5712349 -0.0079317868 0.0
0.54619551 -0.011664325 0.0
0.55583757 -0.01142727 0.0
0.57550043 -0.015092863 0.0
0.57219889 -0.015249548 0.0
0.55195148 -0.014344274 0.0
0.55285844 -0.015470167 0.0
0.57681067 -0.016398191 0.0
0.57469574 -0.015663748 0.0
0.55235485 -0.016352428 0.0
0.55770277 -0.016457534 0.0
0.5375059 -0.015323814 0.0
0.5387134 -0.014804618 0.0
0.53580489 -0.015209609 0.0
0.53830797 -0.015248362 0.0
0.50435992 -0.013716164 0.0
0.5043457 -0.012702236 0.0
0.48763375 -0.031571533 0.0
0.48401215 -0.03195885 0.0
0.15682265 -0.027705374 0.0
0.10562223 -0.021171653 0.0
0.40100195 -0.0097780737 0.0
0.35723371 -0.0086837473 0.0
0.54925844 -0.02039559 0.0
0.55102075 -0.021823094 0.0
0.031062897 0.00031450585 0.0
0.12595778 0.0080424428 0.0
0.034289802 -0.001838992 0.0
0.24476809 -0.003059372 0.0
0.080788473 -0.0062676823 0.0
0.14703533 -0.0031862312 0.0
0.16033097 -0.0010860131 0.0
0.065243845 -0.0045250887 0.0
0.44134883 -0.033948576 0.0
0.044535983 -0.0014270204 0.0
0.44016256 -0.033786251 0.0
0.041235925 -0.001255834 0.0
0.49978997 -0.018480663 0.0
0.51952285 -0.018796053 0.0
0.48070116 -0.033408265 0.0
0.51347431 -0.032700543 0.0
0.5572537 -0.023526752 0.0
0.56110704 -0.024275473 0.0
0.5644764 -0.024735873 0.0
0.56785393 -0.026573186 0.0
0.56255207 -0.025493741 0.0
0.55895619 -0.024647211 0.0
0.56023135 -0.025325538 0.0
0.55912499 -0.025259682 0.0
0.56547365 -0.02578103 0.0
0.56581029 -0.025726446 0.0
0.57096335 -0.024240826 0.0
0.57140547 -0.025444785 0.0
0.57039463 -0.023666671 0.0
0.57280568 -0.023581439 0.0
0.57254619 -0.02484693 0.0
0.57244618 -0.023935096 0.0
0.56986262 -0.026415612 0.0
0.56885589 -0.025872551 0.0
0.56838651 -0.024326128 0.0
0.57057547 -0.024564586 0.0
0.1977774 0.00073021126 0.0
0.12342832 0.00218453 0.0
0.073934804 -0.00088034056 0.0
0.069477377 0.0089730111 0.0
0.56085667 -0.029199779 0.0
0.56139201 -0.028940757 0.0
0.56514259 -0.028154042 0.0
0.56172985 -0.028940379 0.0
0.55306736 -0.030076034 0.0
0.548439 -0.030402407 0.0
0.38289431 -0.01037421 0.0
0.39876474 -0.011647585 0.0
0.39794562 -0.012357094 0.0
0.39786255 -0.014128453 0.0
0.18347341 0.003371809 0.0
0.045228588 0.0005863397 0.0
0.18490811 -2.3975467e-05 0.0
0.14933026 -0.00084694271 0.0
0.073431647 -0.0065572278 0.0
0.04985557 -0.0030973479 0.0
0.075188234 0.0024709347 0.0
0.50769747 -0.020945712 0.0
0.49529627 -0.019675023 0.0
0.52662584 -0.022929579 0.0
0.52531695 -0.022879819 0.0
0.50006809 -0.0199454 0.0
0.48597111 -0.018686907 0.0
0.47453492 -0.01752361 0.0
0.47605513 -0.017739386 0.0
0.33272523 -0.0092406876 0.0
0.36638742 -0.012261983 0.0
0.041953848 0.0015702274 0.0
0.28885802 -0.0088476752 0.0
0.16193723 -0.0017046651 0.0
0.23605784 -0.008376485 0.0
0.36763966 -0.013465762 0.0
0.31654611 -0.010929356 0.0
0.26984333 -0.0053308417 0.0
0.3142622 -0.011665658 0.0
0.19923515 -0.0064489002 0.0
0.039408888 -0.0029553722 0.0
0.22896186 -0.010260221 0.0
0.23048516 -0.0072769274 0.0
0.286758 -0.0072600584 0.0
0.038039824 -0.00022166264 0.0
0.55442818 -0.024439644 0.0
0.55975999 -0.025570804 0.0
0.55315335 -0.024933303 0.0
0.55656864 -0.025575557 0.0
0.55625366 -0.029526767 0.0
0.56240113 -0.028622279 0.0
0.54919305 -0.0298744 0.0
0.5628892 -0.02851037 0.0
0.56183271 -0.027208254 0.0
0.56129678 -0.027255238 0.0
0.53327534 -0.023558349 0.0
0.52147022 -0.021126817 0.0
0.52191333 -0.022400716 0.0
0.51289161 -0.021742725 0.0
0.48496089 -0.0201783 0.0
0.50447966 -0.020055298 0.0
0.48056134 -0.02024038 0.0
0.46567241 -0.018569048 0.0
0.49477906 -0.020232593 0.0
0.4741613 -0.019492122 0.0
0.48520012 -0.020404969 0.0
0.50602348 -0.020435111 0.0
0.54989292 -0.025843424 0.0
0.54003704 -0.024267362 0.0
0.55804514 -0.027116864 0.0
0.56424095 -0.028060652 0.0
0.56355477 -0.027289048 0.0
0.56298862 -0.028544499 0.0
0.56278315 -0.028458455 0.0
0.55869382 -0.027525641 0.0
0.55777247 -0.027478372 0.0
0.55580153 -0.026592267 0.0
0.55845152 -0.027580662 0.0
0.55483414 -0.026670811 0.0
0.52373309 -0.030406331 0.0
0.52792289 -0.029624053 0.0
0.55774621 -0.028596682 0.0
0.55539433 -0.02865554 0.0
0.56506652 -0.015512987 0.0
0.56244913 -0.016593538 0.0
0.56807758 -0.015372228 0.0
0.57114766 -0.016176226 0.0
0.56791784 -0.017133638 0.0
0.56732256 -0.016586508 0.0
0.28699122 -0.0072459854 0.0
0.23485543 -0.0074303247 0.0
0.34447439 -0.006690336 0.0
0.35813955 -0.0083808761 0.0
0.14087863 -0.0057748898 0.0
0.045723512 -0.0031252247 0.0
0.22660254 -0.005756603 0.0
0.063609818 0.00010571759 0.0
0.062267103 -0.0013130218 0.0
0.06934536 -0.0026647473 0.0
0.16156307 0.00053126351 0.0
0.23675637 -0.0037337246 0.0
0.22131476 -0.0037778068 0.0
0.29838226 -0.0028148323 0.0
0.28927402 -0.0015313273 0.0
0.40403998 0.017549275 0.0
0.40370006 0.014974838 0.0
0.50737035 -0.032431579 0.0
0.5101167 -0.031350634 0.0
0.57457883 -0.016339124 0.0
0.57631986 -0.01661639 0.0
0.51695852 -0.013118948 0.0
0.5278431 -0.014418054 0.0
0.21813552 -0.0052186775 0.0
0.17502669 -0.004079862 0.0
0.074983798 0.0073454815 0.0
0.040041315 -0.004132186 0.0
0.32576185 -0.0099850779 0.0
0.32538665 -0.013150583 0.0
0.54835594 -0.030020095 0.0
0.55176769 -0.029623942 0.0
0.5515361 -0.029519194 0.0
0.55736025 -0.029061157 0.0
0.5622305 -0.02873032 0.0
0.56098731 -0.029013768 0.0
0.50562326 -0.020705522 0.0
0.52756704 -0.022906193 0.0
0.52119588 -0.021902734 0.0
0.52607621 -0.02293024 0.0
0.50449321 -0.020021048 0.0
0.54790073 -0.025437241 0.0
0.54236756 -0.024734057 0.0
0.55574586 -0.026740597 0.0
0.55566257 -0.026854318 0.0
0.54083105 -0.029721623 0.0
0.50880668 -0.029330204 0.0
0.54328165 -0.029726244 0.0
0.52860279 -0.030005619 0.0
0.52749359 -0.029731994 0.0
0.40123801 -0.028557958 0.0
0.50404486 -0.029177373 0.0
0.53612509 -0.029786509 0.0
0.52580198 -0.029591903 0.0
0.52458549 -0.029711404 0.0
0.54931331 -0.029019699 0.0
0.5525325 -0.028856145 0.0
0.54659774 -0.029242727 0.0
0.54171724 -0.02950119 0.0
0.2970106 -0.0051065693 0.0
0.55297002 -0.028978806 0.0
0.55270257 -0.028914572 0.0
0.34340253 -0.0063880093 0.0
0.21179041 -0.0039617173 0.0
0.13322906 -0.0044459198 0.0
0.5266306 -0.029836761 0.0
0.52847579 -0.030001636 0.0
0.52579277 -0.030677098 0.0
0.44664147 -0.03109778 0.0
0.49152951 -0.03030768 0.0
0.44289982 -0.028494703 0.0
0.55715606 -0.028555744 0.0
0.5593635 -0.028077957 0.0
0.52884729 -0.029930395 0.0
0.50961316 -0.030403526 0.0
0.49092093 -0.030731755 0.0
0.45335602 -0.02760839 0.0
0.5412311 -0.030041058 0.0
0.54165696 -0.030288832 0.0
0.53633109 -0.029828726 0.0
0.53626297 -0.030436971 0.0
0.49043086 -0.030073264 0.0
0.4637585 -0.03048957 0.0
0.48101622 -0.029443649 0.0
0.48611725 -0.029874277 0.0
0.51736193 -0.03035335 0.0
0.53178206 -0.02955988 0.0
0.54858196 -0.029872979 0.0
0.54267287 -0.030318029 0.0
0.54325975 -0.030244345 0.0
0.52859209 -0.031345325 0.0
0.49365591 -0.031512716 0.0
0.52789441 -0.030639714 0.0
0.50504122 -0.029505902 0.0
0.4648681 -0.030553921 0.0
0.51034414 -0.02982753 0.0
0.50821799 -0.030036567 0.0
0.47090801 -0.031051318 0.0
0.30630103 -0.024566787 0.0
0.49335326 -0.03089175 0.0
0.49354008 -0.029948884 0.0
0.50499938 -0.031179283 0.0
0.44612669 -0.031438762 0.0
0.45529575 -0.027339698 0.0
0.49064107 -0.028419266 0.0
0.45473479 -0.027795442 0.0
0.42817786 -0.027426932 0.0
0.53041457 -0.029421595 0.0
0.5361124 -0.029654394 0.0
0.48569588 -0.028798462 0.0
0.4813134 -0.028877956 0.0
0.48505435 -0.028454882 0.0
0.50875118 -0.029599974 0.0
0.51349231 -0.029566405 0.0
0.52799273 -0.029590817 0.0
0.50680057 -0.029232078 0.0
0.52426567 -0.029630359 0.0
0.53622479 -0.031125456 0.0
0.51799974 -0.031150644 0.0
0.52606501 -0.030826885 0.0
0.50586441 -0.031070835 0.0
0.50421779 -0.030315209 0.0
0.45812986 -0.032340327 0.0
0.46245958 -0.030097002 0.0
0.4431741 -0.029959289 0.0
0.46419386 -0.028987655 0.0
0.41619184 -0.03068099 0.0
0.47346639 -0.030639901 0.0
0.43119668 -0.030212286 0.0
0.4735513 -0.031470109 0.0
0.45800467 -0.031767388 0.0
0.34681341 -0.024694725 0.0
0.40315471 -0.027955001 0.0
0.43129741 -0.031409508 0.0
0.41501309 -0.027723516 0.0
0.49215758 -0.030648229 0.0
0.48914361 -0.032662611 0.0
0.42862515 -0.03086146 0.0
0.41431385 -0.029850599 0.0
0.46722041 -0.031417559 0.0
0.48743261 -0.031595672 0.0
0.39559993 -0.029312386 0.0
0.42975937 -0.031003016 0.0
0.37518624 -0.02749051 0.0
0.41344564 -0.028191779 0.0
0.35158954 -0.02733269 0.0
0.27102704 -0.023742272 0.0
0.37513837 -0.026091782 0.0
0.14973117 -0.0039688715 0.0
0.34504659 -0.025785248 0.0
0.29792549 -0.024933617 0.0
0.4729847 -0.028785069 0.0
0.47126488 -0.028021548 0.0
0.4268308 -0.027595493 0.0
0.41811746 -0.027116923 0.0
0.46375451 -0.028172961 0.0
0.39765831 -0.0261712 0.0
0.46175679 -0.028298576 0.0
0.39265721 -0.02690932 0.0
0.42052678 -0.02668392 0.0
0.44102623 -0.027974741 0.0
0.29689933 -0.024087786 0.0
0.37323513 -0.026392975 0.0
0.34755378 -0.026495935 0.0
0.25255707 -0.022677586 0.0
0.40420004 -0.026603174 0.0
0.36073405 -0.026371671 0.0
0.39103443 -0.027369905 0.0
0.34529279 -0.025535359 0.0
0.40305962 -0.027064942 0.0
0.43739453 -0.027449371 0.0
0.38618724 -0.025712203 0.0
0.35982457 -0.025768078 0.0
0.38767181 -0.025805847 0.0
0.37337622 -0.02721921 0.0
0.30150582 -0.021795293 0.0
0.33516839 -0.025870249 0.0
0.3482672 -0.025693129 0.0
0.1728876 -0.0085802203 0.0
0.12927928 -0.0084467796 0.0
0.24424284 -0.01899477 0.0
0.40359338 -0.027092043 0.0
0.34879348 -0.024824992 0.0
0.42794965 -0.026526948 0.0
0.43316247 -0.026917484 0.0
0.24781601 -0.021799235 0.0
0.31857472 -0.023441531 0.0
0.24543171 -0.022028014 0.0
0.21058131 -0.015310958 0.0
0.29196349 -0.021934651 0.0
0.22274847 -0.017987192 0.0
0.22407325 -0.017810974 0.0
0.33171426 -0.026698784 0.0
0.22797518 -0.018529838 0.0
0.32932882 -0.026217141 0.0
0.060135365 -0.0013582144 0.0
0.30586913 -0.022647222 0.0
0.2032267 -0.016848382 0.0
0.36402928 -0.026071884 0.0
0.26721173 -0.022019662 0.0
0.20478746 -0.015019261 0.0
0.1877192 -0.013925048 0.0
0.13998213 -0.0079055726 0.0
0.16982488 -0.015662681 0.0
0.14300346 -0.0049776771 0.0
0.20010623 -0.014325047 0.0
0.14368351 -0.011673491 0.0
0.036297749 -8.8524947e-05 0.0
0.18895746 -0.012279473 0.0
0.14972653 -0.0093742661 0.0
0.14877619 -0.0083626179 0.0
0.15101525 -0.011803267 0.0
0.019283229 -0.0013830294 0.0
0.096455111 -0.0022703645 0.0
0.27080595 -0.02037382 0.0
0.11885746 -0.0127982 0.0
0.13368167 -0.011213484 0.0
0.04132422 -0.0075158969 0.0
0.012616414 -0.0002433038 0.0
0.21819477 -0.016286424 0.0
0.062961376 -0.0016332694 0.0
0.20222221 -0.015959489 0.0
0.088761915 -0.0032345868 0.0
0.071764177 -0.0025679929 0.0
0.066423634 -0.0026054296 0.0
0.025153798 0.00016136162 0.0
0.075640141 -0.0026867128 0.0
0.013059144 -0.00026447335 0.0
0.034258174 0.0006499765 0.0
0.085297367 -0.0058828403 0.0
0.041063629 -0.0026262368 0.0
0.03212687 -0.0031162163 0.0
0.032087908 0.00037170719 0.0
0.50614775 -0.031311635 0.0
0.02313419 -0.00015018429 0.0
0.52478689 -0.031711013 0.0
0.50960368 -0.030552616 0.0
0.49286064 -0.030961468 0.0
0.40151674 -0.028735463 0.0
0.3956063 -0.027403737 0.0
0.43463211 -0.026992325 0.0
0.43131853 -0.026978716 0.0
0.48225273 -0.02758946 0.0
0.48911189 -0.02797324 0.0
0.36650523 -0.02635085 0.0
0.31657987 -0.023295454 0.0
0.28852409 -0.021818109 0.0
0.36111098 -0.025787569 0.0
0.25830965 -0.019334019 0.0
0.30179079 -0.023950199 0.0
0.10378443 -0.0078341 0.0
0.072516548 -0.0042166043 0.0
0.26101924 -0.01921487 0.0
0.20967611 -0.014061503 0.0
0.25212811 -0.017325958 0.0
0.25457046 -0.019915499 0.0
0.21354178 -0.014668548 0.0
0.14614057 -0.0073802022 0.0
0.10319496 -0.0020018102 0.0
0.2056093 -0.01300192 0.0
0.25921038 -0.016571631 0.0
0.11351636 -0.0059640563 0.0
0.041425967 -0.0010158166 0.0
0.20283437 -0.013055705 0.0
0.17359301 -0.009902969 0.0
0.17253957 -0.011712765 0.0
0.094845171 -0.0049933092 0.0
0.046072866 -0.0012177201 0.0
0.046236311 -0.0014326207 0.0
0.12107633 -0.0011679847 0.0
0.02436509 0.00068310608 0.0
0.11226829 -0.005694996 0.0
0.031632632 -0.0025956592 0.0
0.092961644 -0.0041872537 0.0
0.26992363 -0.018420328 0.0
0.057907672 -0.0046559348 0.0
0.18404688 -0.010562251 0.0
0.15712074 -0.0070691187 0.0
0.10328181 -0.0022724492 0.0
0.057214909 -0.00038923691 0.0
0.10392158 -0.0050989381 0.0
0.20602876 -0.010707191 0.0
0.059966225 -0.0016426648 0.0
0.14048555 -0.010438228 0.0
0.02936908 -1.9058455e-05 0.0
0.29864868 -0.022703105 0.0
0.22708376 -0.014283522 0.0
0.23039977 -0.013410056 0.0
0.24210968 -0.017670261 0.0
0.20547514 -0.014060972 0.0
0.31486054 -0.021305464 0.0
0.17720122 -0.012022743 0.0
0.23480561 -0.017639139 0.0
0.13786577 -0.0058129184 0.0
0.097753839 -0.0050366816 0.0
0.060145272 -0.0014803113 0.0
0.13785103 -0.0093150759 0.0
0.16813363 -0.0067615895 0.0
0.020369144 0.00028929735 0.0
0.097786346 -0.0046038813 0.0
0.32145294 -0.022506501 0.0
0.2678252 -0.019950269 0.0
0.2048456 -0.014743832 0.0
0.1669988 -0.012005237 0.0
0.24050138 -0.013108947 0.0
0.1369647 -0.0071312174 0.0
0.45221 0.0022679241 0.0
0.48593877 0.0033850354 0.0
0.52672261 0.004006933 0.0
0.52872016 0.0046860893 0.0
0.50224986 0.0023320141 0.0
0.48840805 0.0025968648 0.0
0.51113143 -3.5919286e-05 0.0
0.49386669 0.00098173459 0.0
0.56154303 -0.00071598721 0.0
0.55750542 -0.00025085585 0.0
0.55259858 0.0015492297 0.0
0.55437749 0.0009752981 0.0
0.56090644 -0.00039435329 0.0
0.55845621 0.00024098414 0.0
0.35405541 0.0015116408 0.0
0.36490877 0.0021904843 0.0
0.37552828 0.0047850778 0.0
0.4153348 0.0037179776 0.0
0.4922687 0.035959308 0.0
0.48323659 0.041934529 0.0
0.22653769 0.0011637486 0.0
0.14412519 -0.0026361011 0.0
-0.014185463 0.0046378863 0.0
-0.0065534752 0.01390432 0.0
-0.017128159 -0.00080630545 0.0
-0.012925025 -0.0047239763 0.0
0.52447194 0.011493402 0.0
-0.018553215 -0.0019540564 0.0
0.52738827 0.010898778 0.0
0.52582326 0.0034245009 0.0
0.52672416 0.0018469996 0.0
0.49103752 0.091201641 0.0
0.48160429 0.10438612 0.0
0.42296428 0.072669992 0.0
0.39724715 0.064839651 0.0
0.52836819 -0.0087306711 0.0
0.52412873 -0.0078756502 0.0
0.18928288 0.12637474 0.0
0.059820736 0.062127027 0.0
0.56604666 -0.007596225 0.0
0.56251378 -0.0081705517 0.0
0.19420181 0.0033938861 0.0
0.089734128 0.0049689964 0.0
-0.014755284 0.003284194 0.0
0.27410101 -0.020424734 0.0
0.16091155 0.014928223 0.0
0.33158811 0.0005338453 0.0
0.28449531 -0.00036052328 0.0
0.028736427 -0.0062486772 0.0
0.002688195 -0.00075220588 0.0
0.0027301698 -0.00091181973 0.0
0.03545844 -0.003578303 0.0
0.44817531 -0.011637568 0.0
0.45703538 -0.010851286 0.0
0.48661361 -0.015171721 0.0
0.45822943 -0.011824643 0.0
0.27499313 -0.023760078 0.0
0.32742223 -0.026717388 0.0
0.48272541 -0.017719664 0.0
0.5055683 -0.019556351 0.0
0.070276244 -0.0024192996 0.0
0.18043313 -0.0050810451 0.0
0.06904195 -0.0017663334 0.0
0.11179734 0.00047031046 0.0
0.14244039 -0.0090236928 0.0
0.037098535 -0.0019895315 0.0
0.063339297 -0.0057343556 0.0
0.11668733 -0.006835123 0.0
0.12361579 -0.0028478213 0.0
0.063789521 -0.0064686248 0.0
0.20180699 -0.0075746875 0.0
0.042627445 -0.0040090948 0.0
0.14961505 -0.0076008638 0.0
0.12816456 -0.010345202 0.0
0.56717246 -0.025857352 0.0
0.5641387 -0.024863007 0.0
0.56757071 -0.025633769 0.0
0.56690957 -0.024777361 0.0
0.48151768 0.0034034775 0.0
0.4799813 0.0033385129 0.0
