# vtk DataFile Version 2.0
jnl FVM output
ASCII
DATASET UNSTRUCTURED_GRID
POINTS 2249 float
0 0 0.0
3 0 0.0
3 1 0.0
0 1 0.0
1 0 0.0
1.5 1 0.0
0.5563709 0.26944511 0.0
0 0.5 0.0
0.81476845 0.26856579 0.0
0.26035312 0.51810673 0.0
0.1308171 0.36349292 0.0
0.68947315 0.36538203 0.0
0.1875 0.4375 0.0
0.34871104 0.47016626 0.0
0.346278 0.4369751 0.0
0.15015485 0.57975229 0.0
0.234375 0.453125 0.0
0.64806275 0.47032414 0.0
0.67414604 0.40379933 0.0
0.1953125 0.4921875 0.0
0.43136987 0.48492464 0.0
0.375 1 0.0
0.25113502 0.57596925 0.0
0.21783306 0.52776111 0.0
0.22488721 0.59764081 0.0
0.20507812 0.46289062 0.0
0.17089844 0.46777344 0.0
0.13659373 0.52649221 0.0
0 0.4375 0.0
0.16145147 0.50163447 0.0
0.24414653 0.54519038 0.0
0.11274823 0.47778897 0.0
0.16378222 0.61696706 0.0
0.68823468 0.47501158 0.0
0 0.25 0.0
0.50529884 0.39423441 0.0
0.069319571 0.63478337 0.0
0 0.75 0.0
0.26224919 0.47454564 0.0
0.44595617 0.52530734 0.0
0.17798831 0.65199113 0.0
0.11146268 0.50860748 0.0
0.30823563 0.69294813 0.0
0.20363877 0.6242323 0.0
0.29694 0.59233785 0.0
0.2333937 0.65172726 0.0
0.31680038 0.45261815 0.0
0.61776752 0.27715027 0.0
0.64992831 0.37187121 0.0
0.31548795 0.5656314 0.0
0.73148076 0.25865553 0.0
0.12000855 0.55402594 0.0
0.29705003 0.47951719 0.0
0.78191449 0.18973883 0.0
0.26467204 0.61909578 0.0
0.17900834 0.54404908 0.0
0.44434736 0.45052468 0.0
0.70571116 0.61392518 0.0
0.69843238 0.28551074 0.0
0.36782833 0.49740781 0.0
0.52137657 0.43597516 0.0
0 0.625 0.0
0.58362375 0.38579472 0.0
0.53912362 0.34047801 0.0
0.5086714 0.23070584 0.0
0.29738651 0.51658049 0.0
0.28603131 0.55186306 0.0
0.31704952 0.64942364 0.0
0.1932543 0.58507249 0.0
0.48111189 0.45090229 0.0
0.34982408 0.59854134 0.0
0.22949219 0.48730469 0.0
0.33009148 0.4977504 0.0
0.12779683 0.66205112 0.0
0.65733807 0.29328892 0.0
0.75 1 0.0
0.51330315 0.47815197 0.0
0.34465615 0.5512621 0.0
0.66394517 0.33355241 0.0
0.74575326 0.52668624 0.0
0.42856846 0.37984787 0.0
0.39997806 0.55269597 0.0
0.4044009 0.51833418 0.0
0.40760607 0.44916427 0.0
0.37265367 0.53139639 0.0
0.41473788 0.58403989 0.0
0.3800345 0.58123453 0.0
0.32193153 0.73519134 0.0
0.52307971 0.56053785 0.0
0.47381259 0.49296134 0.0
0.48914107 0.53280204 0.0
0.6205172 0.39729193 0.0
0.53071061 0.51656815 0.0
0.47232052 0.58801656 0.0
0.46315575 0.40922586 0.0
0.46304225 0.55502066 0.0
0.71746295 0.40915217 0.0
0.54912146 0.40319889 0.0
0.62444505 0.3193604 0.0
0.39770412 0.48152045 0.0
0.77182412 0.27454011 0.0
0.61184555 0.35939695 0.0
0.63347575 0.50869133 0.0
0.58194749 0.30445015 0.0
0.63068706 0.23964458 0.0
0.28405912 0.44616489 0.0
0.59122225 0.24365948 0.0
0.57571442 0.34905404 0.0
0.67179024 0.25719834 0.0
0.73734844 0.30083334 0.0
0.54531346 0.30437062 0.0
0.64192854 0.42973852 0.0
0.58437587 0.5424109 0.0
0.75877738 0.36075206 0.0
0.77020701 0.30816862 0.0
0.60315229 0.43203885 0.0
0.57556604 0.50944878 0.0
0.67966013 0.44479206 0.0
0.70494038 0.32682524 0.0
0.7128266 0.49455588 0.0
0.60408258 0.47555966 0.0
0.56712976 0.44657386 0.0
0.28912101 0.41073161 0.0
0.58694406 0.20145126 0.0
0.5 0 0.0
0.67333697 0.50266661 0.0
0.72370207 0.35673235 0.0
0.71686541 0.46110309 0.0
0.76151133 0.48346346 0.0
0.70853371 0.57384376 0.0
0.54701836 0.18231973 0.0
0.55134365 0.37068739 0.0
0.66059744 0.55325712 0.0
0.70027558 0.53363648 0.0
0.51019317 0.31693424 0.0
0.47342959 0.31063191 0.0
0.51247333 0.27476026 0.0
0.75 0 0.0
0.80044863 0.32296513 0.0
0.55164667 0.2263499 0.0
0.52777411 0.14244824 0.0
0.78799738 0.23346358 0.0
0.50302787 0.35528559 0.0
0.74674873 0.2169165 0.0
0.86825688 0.20001257 0.0
0.83251675 0.22727015 0.0
0.13365063 0.62982001 0.0
0.29645841 0.62459237 0.0
0.72293539 0.65022687 0.0
0.2755603 0.66287508 0.0
0.56838243 0.60102896 0.0
0.63654366 0.57536438 0.0
0.62278565 0.54573277 0.0
0.78348239 0.59926177 0.0
0.24458946 0.69470075 0.0
0.67287995 0.59076056 0.0
0.39285891 0.63864131 0.0
0.76437694 0.65443213 0.0
0.60061767 0.57833321 0.0
0.74652098 0.61679902 0.0
0.23323905 0.73763365 0.0
0.79841228 0.67844635 0.0
0.74967742 0.57573308 0.0
0.63016757 0.60740592 0.0
0.66403246 0.65593775 0.0
0.79443853 0.54747141 0.0
0.80237852 0.63669876 0.0
0.6739482 0.62409467 0.0
0.55115149 0.54276266 0.0
0.73564463 0.73128067 0.0
0.85404212 0.58713447 0.0
0.73992632 0.68908599 0.0
0.82061955 0.60400434 0.0
0.87919305 0.66505874 0.0
0.77465568 0.71392472 0.0
0.6877435 0.70510534 0.0
0.82357109 0.56830862 0.0
0.84870222 0.50238895 0.0
0.85948598 0.54425045 0.0
0.83702945 0.66105298 0.0
0.78821534 0.79692346 0.0
0.70849068 0.67968689 0.0
0.93846329 0.57606368 0.0
0.82620187 0.5305049 0.0
0.79349256 0.50748479 0.0
0.85254227 0.6257063 0.0
0.85075611 0.74047418 0.0
0.77054398 0.75720346 0.0
0.89479994 0.57052089 0.0
0.81554861 0.44482 0.0
0.81652069 0.71626486 0.0
0.85470638 0.69889462 0.0
0.81338164 0.76193604 0.0
0.70370825 0.81072954 0.0
0.91395684 0.50789871 0.0
0.91049057 0.62166836 0.0
0.7946295 0.47267104 0.0
0.76314995 0.43228157 0.0
0.86358267 0.79518195 0.0
0.87721138 0.89956826 0.0
0.73010214 0.77519596 0.0
0.9203384 0.54409216 0.0
0.88987742 0.53080366 0.0
0.99031046 0.5255478 0.0
0.95775791 0.54400208 0.0
0.88038664 0.60747394 0.0
0.94870782 0.67268421 0.0
0.9977277 0.69796482 0.0
0.95551285 0.50210413 0.0
1.0091918 0.59679147 0.0
0.91192647 0.68971714 0.0
0.92725649 0.76560646 0.0
0.96392089 0.71391207 0.0
0.92369546 0.4258322 0.0
0.97654757 0.57714621 0.0
0.91191417 0.65567786 0.0
0.96667686 0.636351 0.0
1.125 1 0.0
0.80724476 0.82443724 0.0
0.92904219 0.7273542 0.0
0.89095715 0.77780408 0.0
0.92959535 0.46814341 0.0
1.0175747 0.44753232 0.0
0.9567192 0.60426562 0.0
0.98272166 0.66689616 0.0
0.9375 1 0.0
0.88402903 0.47317253 0.0
0.99370497 0.4829623 0.0
1.0369781 0.65921614 0.0
0.96963869 0.44099281 0.0
1.0731382 0.51072201 0.0
1.0051675 0.63509184 0.0
0.84346014 0.77104228 0.0
1.0297788 0.50726581 0.0
1.0801465 0.62360852 0.0
0.81257356 0.8743972 0.0
1.0544786 0.47110594 0.0
1.0475144 0.55847411 0.0
1.0411501 0.61951104 0.0
2 0 0.0
1.0205704 0.53913052 0.0
1.0638563 0.59102836 0.0
1.0967444 0.55414002 0.0
1.1348544 0.68556704 0.0
0.035342176 0.55033816 0.0
1.0569352 0.42658728 0.0
0.88792311 0.72302781 0.0
1.092822 0.68252664 0.0
1.0989458 0.47436385 0.0
1.0982197 0.76535613 0.0
0.96276695 0.75127359 0.0
1.1591344 0.64963916 0.0
0.87459082 0.83025187 0.0
1.1615653 0.6063446 0.0
0.8378408 0.83096955 0.0
0.91937204 0.80225393 0.0
1.0528421 0.69585266 0.0
1.1186384 0.60451855 0.0
0.83183051 0.80175095 0.0
1.1418436 0.56448712 0.0
1.1158389 0.64722516 0.0
1.1995706 0.62955222 0.0
0.77660206 0.82726467 0.0
0.91037684 0.8386447 0.0
0.22934647 0.39008558 0.0
0.4266906 0.41710785 0.0
0.38296157 0.41278324 0.0
0.33668065 0.38251338 0.0
0.35326861 0.40766671 0.0
0.32149954 0.41557706 0.0
0.37402417 0.37593264 0.0
0.3428153 0.30807909 0.0
0.34951564 0.34610126 0.0
0.28067147 0.34230241 0.0
0.40798876 0.31619556 0.0
0.31574194 0.33245146 0.0
0.27943946 0.27056345 0.0
0.30727714 0.29582555 0.0
0.37415409 0.32215797 0.0
0.38137667 0.26416227 0.0
0.33784655 0.26482835 0.0
0.38616533 0.18610169 0.0
0.35902083 0.22588636 0.0
0.49685406 0.18195194 0.0
0.5942718 0.13493261 0.0
0.46022705 0.25707789 0.0
0.46662953 0.37008697 0.0
0.43897281 0.34133098 0.0
0.70245456 0.22437586 0.0
0.82656882 0.18241121 0.0
0.9023158 0.28173063 0.0
0.071172927 0.53970156 0.0
0.36018557 0.68081353 0.0
0.16563643 0.720603 0.0
0.2773073 0.72631738 0.0
0.20583385 0.6818525 0.0
0.17124309 0.68619458 0.0
0.76464118 0.54985545 0.0
0.74665715 0.45737072 0.0
0.75228948 0.39704707 0.0
0.80851114 0.38836959 0.0
0.74795486 0.81602604 0.0
0.67412073 0.76118299 0.0
1.1788606 0.68913815 0.0
0.87879986 0.5028155 0.0
0.84737722 0.46482105 0.0
0.85917747 0.41071707 0.0
1.0707087 0.54016924 0.0
1.0032954 0.37324207 0.0
1.086464 0.39119678 0.0
1.2154414 0.71385934 0.0
0.85689967 0.86562843 0.0
0.96715308 0.81329646 0.0
0.95674271 0.88905432 0.0
0.89159768 0.86791079 0.0
1.0846515 0.72464971 0.0
0.91757203 0.89881204 0.0
1.0943629 0.58512173 0.0
1.1294325 0.51512357 0.0
0.058286821 0.4866268 0.0
0.21848423 0.42267231 0.0
0.039311281 0.51317331 0.0
0.25373803 0.41631984 0.0
0.13409341 0.42790128 0.0
0 0.375 0.0
0.18552251 0.39358133 0.0
0.25 0 0.0
0.52179265 0.20171627 0.0
0.85970822 0.32291674 0.0
0.57895003 0.16690769 0.0
0.63222247 0.17277622 0.0
0.49021841 0.25448961 0.0
0.47226485 0.22150969 0.0
0.41740051 0.2227624 0.0
0.79028165 0.10100313 0.0
0.86026968 0.26365979 0.0
0.080675858 0.51036536 0.0
0.083670177 0.58750413 0.0
0 0.5625 0.0
0.33876782 0.70639094 0.0
0.39820475 0.73440563 0.0
0.36010302 0.73818452 0.0
0.37649862 0.70952256 0.0
0.39945072 0.67749149 0.0
0.38635311 0.80888349 0.0
0.45475705 0.64812321 0.0
0.38250556 0.77008933 0.0
0.42223648 0.65364106 0.0
0.42166166 0.61849847 0.0
0.44681997 0.69993667 0.0
0.4583369 0.78215634 0.0
0.32775226 0.79510757 0.0
0.41883773 0.78607382 0.0
0.33889252 0.76378446 0.0
0.29992954 0.76756964 0.0
0.35941001 0.79196779 0.0
0.34816826 0.83978868 0.0
0.5625 1 0.0
0.1875 1 0.0
0.4228264 0.82629082 0.0
0.2894162 0.8060159 0.0
0.46333979 0.82253473 0.0
0.39258084 0.87221941 0.0
0.30405311 0.84854286 0.0
0.24231901 0.78744066 0.0
0.53776405 0.79281442 0.0
0.39383474 0.84012197 0.0
0.54989059 0.75737416 0.0
0.49665187 0.79790823 0.0
0.56928362 0.7253277 0.0
0.50038633 0.73434981 0.0
0.51369656 0.76702079 0.0
0.52691228 0.87368501 0.0
0.44783657 0.87568405 0.0
0.61159046 0.77282096 0.0
0.50183825 0.83976755 0.0
0.58312025 0.7555921 0.0
0.62531346 0.71800653 0.0
0.57820649 0.79584949 0.0
0.54401275 0.83481629 0.0
0.48742412 0.87665035 0.0
0.63611958 0.84409255 0.0
0.45884578 0.95044373 0.0
0.58632247 0.87662671 0.0
0.61390089 0.81188261 0.0
0.50961794 0.90778973 0.0
0.55717941 0.8638051 0.0
0.58269221 0.83473269 0.0
0.55497378 0.90834977 0.0
0.6471944 0.79031419 0.0
0.46875 1 0.0
0.60689596 0.85373965 0.0
0.63964971 0.90387286 0.0
0.6784572 0.792201 0.0
0.67077074 0.82914685 0.0
0.46703456 0.90057528 0.0
0.43276563 0.90715697 0.0
0.48412372 0.92898801 0.0
0.71837977 0.87562943 0.0
0.66877379 0.87215865 0.0
0.70144806 0.84534878 0.0
0.65625 1 0.0
0.7657899 0.85607554 0.0
0.75758921 0.9034442 0.0
0.73439444 0.84606078 0.0
0.70668139 0.74993266 0.0
0.95492263 0.78299485 0.0
1.0078477 0.77925209 0.0
1.2187104 0.66959657 0.0
1.1625692 0.75267059 0.0
0.93038965 0.86676533 0.0
0.96573731 0.85169612 0.0
0.9498799 0.94500561 0.0
1.03954 0.7425132 0.0
1.1254007 0.73368174 0.0
1.1820691 0.72381589 0.0
1.2126832 0.76552112 0.0
1.0194376 0.83445008 0.0
0.890625 1 0.0
1.0047174 0.88084313 0.0
1.040401 0.38957217 0.0
1.0089702 0.41066875 0.0
1.100418 0.52401642 0.0
0.96768197 0.39778552 0.0
1.0601729 0.35333894 0.0
0.94865488 0.33206654 0.0
1.0212173 0.33323621 0.0
0 0.65625 0.0
0.96911604 0.36175645 0.0
0.9241374 0.37800924 0.0
1.0000786 0.24952114 0.0
0 0.53125 0.0
1.0216335 0.28860475 0.0
0.055200954 0.57451935 0.0
0.03485458 0.62851147 0.0
0 0.6875 0.0
0.030517293 0.59375 0.0
0.20433394 0.35296389 0.0
0.10041281 0.61840353 0.0
0.16369622 0.41656794 0.0
0.11755401 0.58913004 0.0
0.20077467 0.30834351 0.0
0.38873889 0.23419556 0.0
0.41418107 0.25633392 0.0
0.45427506 0.61536298 0.0
0.50765633 0.63096126 0.0
0.53265753 0.72969537 0.0
0.41480334 0.7062983 0.0
0.89708325 0.23595481 0.0
0.044391118 0.67393787 0.0
0.71089996 0.13928472 0.0
0.79774244 0.14646896 0.0
0.43792276 0.73890606 0.0
0.46833179 0.72534847 0.0
0.49491151 0.68103688 0.0
0.28125 1 0.0
0.26198779 0.75812383 0.0
0.1722537 0.80577195 0.0
0.18876787 0.77147203 0.0
0.59802167 0.91953874 0.0
0.69237988 0.89100063 0.0
0.72001686 0.90807311 0.0
0.677764 0.94556652 0.0
0.78210949 0.88329507 0.0
0.80823588 0.94008375 0.0
0.79474342 0.85103482 0.0
1.3014018 0.69795577 0.0
1.0554958 0.78831617 0.0
1.0004631 0.74084291 0.0
1.025917 0.71340316 0.0
1.1511236 0.71374976 0.0
1.1631444 0.85456906 0.0
0.92352929 0.9290404 0.0
0.84375 1 0.0
0.91862662 0.96686075 0.0
0.86741487 0.95198831 0.0
1.03125 1 0.0
0.99558745 0.85241444 0.0
0.89532971 0.40165655 0.0
0.88937931 0.43736713 0.0
0.8673987 0.366865 0.0
0.9852918 0.31058354 0.0
0.99142783 0.34066618 0.0
0.9469351 0.287152 0.0
1.2201167 0.55318246 0.0
1.2658858 0.35605981 0.0
1.1918413 0.43666282 0.0
1.0991675 0.43181041 0.0
1.1475918 0.39437028 0.0
1.144505 0.45332388 0.0
1.1164397 0.40411431 0.0
1.1188739 0.35722703 0.0
0.058876199 0.60579597 0.0
0.16794001 0.36077337 0.0
0.14557942 0.31027343 0.0
0.2397173 0.32768928 0.0
0.23731913 0.28364851 0.0
0.27032649 0.30660001 0.0
0.25071001 0.36157638 0.0
0.28175115 0.37690536 0.0
0.17199994 0.22637438 0.0
0.23925751 0.21555363 0.0
0.19714372 0.26358297 0.0
0.24993766 0.24993268 0.0
0.29483724 0.21713576 0.0
0.086874761 0.67347305 0.0
0.11892598 0.70928698 0.0
0.066185819 0.72423723 0.0
0.4437881 0.17638722 0.0
0.71825842 0.18297974 0.0
0.43668369 0.28891278 0.0
0.86302434 0.15423675 0.0
0.75538023 0.1300754 0.0
0.84042918 0.29310293 0.0
0.90317179 0.33730761 0.0
0.46527007 0.67624831 0.0
0.48521926 0.65191043 0.0
0.55244252 0.66901952 0.0
0.33091623 0.86838246 0.0
0.24492499 0.8465451 0.0
0.20971519 0.79900148 0.0
0.21960043 0.76585117 0.0
0.1986531 0.73832171 0.0
0.7443745 0.95098169 0.0
0.56620032 0.953562 0.0
1.2651766 0.74241919 0.0
1.2563346 0.69462737 0.0
1.0670611 0.75860668 0.0
1.0278512 0.80386771 0.0
1.0603272 0.82925086 0.0
1.1762284 0.80354435 0.0
0.8671875 0.98171427 0.0
0.83655613 0.96661613 0.0
0.796875 1 0.0
0.98692669 0.92115312 0.0
1.0626248 0.93048137 0.0
0.984375 1 0.0
1.0261829 0.91439784 0.0
1.0509506 0.87491028 0.0
1.0300528 0.95495592 0.0
1.078125 1 0.0
1.0642826 0.96659906 0.0
1.1150657 0.94617125 0.0
0.8404734 0.38451382 0.0
0.82054096 0.35368748 0.0
0.97955054 0.27687168 0.0
0.94862543 0.23563657 0.0
1.1986401 0.58835318 0.0
1.1801235 0.5529036 0.0
1.2693138 0.60736687 0.0
1.2005162 0.4962483 0.0
1.2311876 0.60822805 0.0
1.2002936 0.52816592 0.0
1.1651472 0.52010079 0.0
1.2457314 0.51252316 0.0
1.1514507 0.48775576 0.0
1.2510735 0.64422385 0.0
1.3023313 0.64664906 0.0
1.0455211 0.24994488 0.0
1.1610059 0.42463026 0.0
1.191029 0.39321797 0.0
1.4188815 0.48668339 0.0
1.1331253 0.23276398 0.0
1.1684531 0.36147735 0.0
0.172436 0.28811479 0.0
0.12467333 0.25758038 0.0
0.20704868 0.2297899 0.0
0.19603128 0.16131005 0.0
0.21052626 0.19410422 0.0
0.26575562 0.15009244 0.0
0.2439164 0.17934581 0.0
0.28020103 0.18365548 0.0
0.33420718 0.14052128 0.0
0.32478735 0.18410347 0.0
0.30129302 0.15468742 0.0
0.375 0 0.0
0.30579916 0.11983707 0.0
0.41673777 0.19169041 0.0
0.4437194 0.09087364 0.0
0.39434158 0.12632068 0.0
0.32538643 0.23282566 0.0
0.14123801 0.68902626 0.0
0.12949307 0.76773205 0.0
0.08891002 0.7039005 0.0
0.098396065 0.73736451 0.0
0.036494571 0.74585765 0.0
0.070647724 0.75936968 0.0
0.096452753 0.78900795 0.0
0 0.875 0.0
0 0.8125 0.0
0 0.71875 0.0
0.022029435 0.78125 0.0
0.13472277 0.81214635 0.0
0.054799229 0.82774054 0.0
0.061604946 0.79329583 0.0
0.46897131 0.19204118 0.0
0.47251392 0.15825838 0.0
0.43693494 0.13370516 0.0
0.41134545 0.1597051 0.0
0.67383429 0.18973466 0.0
0.48594845 0.10073644 0.0
0.35285427 0.085060975 0.0
0.46792299 0.12685633 0.0
0.4375 0 0.0
0.875 0 0.0
0.67679012 0.064190449 0.0
0.88818415 0.30974337 0.0
0.92163568 0.30904785 0.0
0.52073627 0.66094992 0.0
0.54483352 0.63259277 0.0
0.52834527 0.69737668 0.0
0.52770738 0.59845199 0.0
0.59046337 0.64206946 0.0
0.16563224 0.8804601 0.0
0.19852328 0.84409961 0.0
0.15914199 0.84224713 0.0
0.10187703 0.87163088 0.0
0.12456076 0.8453457 0.0
0.08934191 0.8378828 0.0
0.06195706 0.86725642 0.0
0.05213727 0.95253102 0.0
0.028697169 0.85287484 0.0
0.078037127 0.90485058 0.0
0.09375 1 0.0
0 0.9375 0.0
0.034729307 0.90113852 0.0
0 0.90625 0.0
0.63268522 0.94850738 0.0
0.703125 1 0.0
0.71164489 0.94119334 0.0
0.77428435 0.93369069 0.0
0.77548619 0.97028405 0.0
0.52271004 0.94946454 0.0
1.2330926 0.74070624 0.0
1.2474398 0.77330678 0.0
1.2209786 0.80996147 0.0
1.3151528 0.79165377 0.0
1.2837039 0.77359462 0.0
1.306398 0.73901468 0.0
1.3125 1 0.0
1.3821221 0.70896675 0.0
1.340317 0.7140538 0.0
1.3551111 0.6613109 0.0
1.3678327 0.76585676 0.0
1.3304428 0.6828379 0.0
1.3390909 0.74791416 0.0
1.1837384 0.7742574 0.0
0.98611702 0.96059165 0.0
0.95812573 0.97575247 0.0
1.1066517 0.86255653 0.0
1.1015625 0.9764944 0.0
0.92750655 0.26072906 0.0
0.92254689 0.1860017 0.0
1.2707199 0.55666357 0.0
1.1799974 0.46881134 0.0
1.2806683 0.67191839 0.0
1.0236071 0.16315944 0.0
1.1698709 0.32255271 0.0
1.1683562 0.28979662 0.0
1.2529671 0.46094746 0.0
0.35603158 0.16804749 0.0
0.13713881 0.73617185 0.0
0.034192685 0.70822835 0.0
0.24178186 0.076735855 0.0
0.66203551 0.22313998 0.0
0.66734504 0.14612592 0.0
0.63158406 0.13546561 0.0
0.625 0 0.0
0.68343069 0.10646806 0.0
0.61379913 0.074212089 0.0
0.73293668 0.077031801 0.0
0.64864679 0.090271266 0.0
0.61332277 0.10755909 0.0
0.55905517 0.090106975 0.0
0.7168795 0.10637459 0.0
0.5985482 0.61125926 0.0
0.5934963 0.68664302 0.0
0.25812744 0.81635332 0.0
0.21906701 0.89573966 0.0
0.13278006 0.88308282 0.0
0.15419978 0.94432159 0.0
0.65663687 0.96868462 0.0
0.609375 1 0.0
0.60050151 0.96496058 0.0
0.7265625 0.97785781 0.0
0.421875 1 0.0
0.515625 1 0.0
1.194493 0.83541776 0.0
1.246123 0.86262894 0.0
1.2022325 0.88331941 0.0
1.2521395 0.80457807 0.0
1.0760368 0.85626948 0.0
1.0983684 0.82520867 0.0
1.08432 0.89361734 0.0
1.1319008 0.83736413 0.0
1.128213 0.79520806 0.0
1.1294343 0.90249465 0.0
1.0932284 0.9236762 0.0
1.13327 0.76414948 0.0
0.92274179 0.21756766 0.0
0.95313967 0.20159639 0.0
0.96526289 0.14000883 0.0
0.89056768 0.1742753 0.0
0.91014822 0.11841282 0.0
1.2438972 0.5770358 0.0
1.3371376 0.58387664 0.0
1.0979417 0.28938067 0.0
1.3843321 0.45981811 0.0
1.3439301 0.50416304 0.0
1.05853 0.29447765 0.0
1.0774074 0.32340431 0.0
1.2264816 0.34410289 0.0
1.2360466 0.41464653 0.0
1.200417 0.36264163 0.0
1.0438092 0.19936392 0.0
1.2689631 0.27501152 0.0
1.086863 0.24954893 0.0
1.2567889 0.31513185 0.0
1.4527884 0.40742983 0.0
1.2327329 0.38048409 0.0
1.3442045 0.37714244 0.0
1.3113634 0.47105693 0.0
1.2905735 0.3290976 0.0
1.1369757 0.29931103 0.0
1.4254349 0.44260717 0.0
1.3236413 0.31351047 0.0
1.1245052 0.26664766 0.0
1.2304322 0.48408137 0.0
1.2233123 0.44651956 0.0
0.26638042 0.10929251 0.0
0.22661181 0.12908824 0.0
0.3125 0 0.0
0.29250364 0.090587896 0.0
0.75797684 0.097706829 0.0
0.8125 0 0.0
0.83433786 0.11711872 0.0
0.62477448 0.66212479 0.0
0.64925768 0.68983212 0.0
0.19610458 0.87496826 0.0
0.18645521 0.90871346 0.0
0.35009803 0.92111548 0.0
0.029998093 0.93138561 0.0
0.046875 1 0.0
0.020846256 0.96313009 0.0
0.40836955 0.95135553 0.0
0.4453125 0.97891632 0.0
0.49108172 0.96976897 0.0
0.5390625 0.97752153 0.0
1.0867862 0.79531099 0.0
1.1367753 0.8718398 0.0
1.1673646 0.88977816 0.0
1.21875 1 0.0
1.1954027 0.94379567 0.0
1.1591856 0.92830894 0.0
1.265625 1 0.0
1.3077212 0.6086017 0.0
1.3028385 0.57293107 0.0
1.3084032 0.52210297 0.0
1.3448329 0.62289353 0.0
1.4153172 0.58872462 0.0
1.3921931 0.63080644 0.0
0.99954128 0.20285229 0.0
1.2686432 0.8908726 0.0
1.1084188 0.32771469 0.0
1.4682534 0.4750149 0.0
1.2124421 0.30087002 0.0
1.187278 0.26301562 0.0
0.81841871 0.09236049 0.0
1.277883 0.4907384 0.0
1.2325209 0.89067227 0.0
1.3022786 0.37687852 0.0
1.5 0 0.0
0.24060486 0.037801808 0.0
0.82853045 0.06471737 0.0
0.87224819 0.11746404 0.0
0.89266919 0.059178184 0.0
0.8918572 0.091613968 0.0
0.85704836 0.08557153 0.0
0.94255167 0.076654986 0.0
0.18949731 0.94388241 0.0
0.0703125 0.97857204 0.0
0.092614281 0.94364342 0.0
0.11327323 0.91374518 0.0
0.43334409 0.93630844 0.0
0.3984375 0.98031006 0.0
0.35852048 0.95043691 0.0
0.3919873 0.91348092 0.0
0.36037402 0.89239114 0.0
0.32185979 0.90957054 0.0
0.32407426 0.94446107 0.0
0.328125 1 0.0
0.26670517 0.93058669 0.0
1.2163908 0.85645578 0.0
1.2458111 0.91886475 0.0
1.131641 0.9709433 0.0
1.171875 1 0.0
1.2321295 0.96149071 0.0
1.2759606 0.52455339 0.0
1.3757274 0.59436421 0.0
1.3717997 0.53257576 0.0
1.3913637 0.56235121 0.0
1.4091462 0.52935224 0.0
1.482946 0.53155172 0.0
1.4463347 0.52076758 0.0
1.383091 0.49706251 0.0
1.4532105 0.56496306 0.0
1.2656266 0.39723741 0.0
1.077758 0.19564538 0.0
1.5086753 0.50567128 0.0
1.545116 0.56762886 0.0
1.5187652 0.54143201 0.0
1.4985297 0.58813763 0.0
1.3939762 0.67076517 0.0
1.4607279 0.64776744 0.0
1.4438611 0.70718456 0.0
1.4239557 0.64940828 0.0
1.4408895 0.61604101 0.0
1.4126867 0.69751104 0.0
1.4142793 0.74744752 0.0
1.4763972 0.61590386 0.0
1.5403615 0.64418594 0.0
1.5006176 0.6475991 0.0
1.5180272 0.61722039 0.0
1.5579884 0.60685447 0.0
1.526992 0.72160929 0.0
1.4808327 0.68557715 0.0
1.6262817 0.56271818 0.0
1.5235168 0.68114321 0.0
1.4825534 0.73095535 0.0
1.5863433 0.57582451 0.0
1.6128207 0.65253261 0.0
1.5737946 0.53115699 0.0
1.6450068 0.65762048 0.0
1.582286 0.64115438 0.0
1.6199078 0.61069994 0.0
1.5552787 0.67330241 0.0
1.597296 0.68118248 0.0
1.0223445 0.22592728 0.0
1.2981905 0.84421283 0.0
1.3229558 0.4224113 0.0
1.5716183 0.70213819 0.0
0.97870985 0.22642963 0.0
0.18274248 0.11807581 0.0
1.5808714 0.73396372 0.0
0.97709559 0.17432502 0.0
0.3046875 0.97379223 0.0
0.3515625 0.98027164 0.0
2.25 1 0.0
1.6300282 0.70868061 0.0
1.0659585 0.22535922 0.0
1.3234196 0.34872068 0.0
1.376859 0.33145127 0.0
1.3015526 0.94102319 0.0
1.166686 0.96480123 0.0
1.483376 0.56187212 0.0
1.3843646 0.73976958 0.0
1.4491002 0.74203234 0.0
1.4869298 0.80022623 0.0
1.4756515 0.76616508 0.0
1.5233495 0.76926917 0.0
1.4319326 0.79953906 0.0
1.7016544 0.59714491 0.0
1.5394084 0.42317108 0.0
1.1020507 0.21926278 0.0
1.1679156 0.21191481 0.0
1.25 0 0.0
1.1302477 0.19687554 0.0
1.1348983 0.16117354 0.0
1.2005896 0.18788453 0.0
1.1669784 0.17641186 0.0
1.125 0 0.0
1.1644539 0.14033934 0.0
1.1311973 0.12454213 0.0
1.2110284 0.14244613 0.0
1.1099845 0.094449383 0.0
1.0876477 0.1474448 0.0
1.1779212 0.069082781 0.0
1.1618369 0.10294382 0.0
1.1629182 0.24302703 0.0
1.2031848 0.10183383 0.0
1.2320682 0.053434229 0.0
1.2080809 0.071937555 0.0
1.1875 0 0.0
1.2435293 0.093092008 0.0
1.1991626 0.035576218 0.0
1.375 0 0.0
1.1555459 0.0314118 0.0
1.21875 0 0.0
1.3125 0 0.0
1.1384556 0.06704343 0.0
1.2726935 0.06317847 0.0
1.0625 0 0.0
1.258548 0.032594553 0.0
1.2960935 0.033792386 0.0
1.1210366 0.034412061 0.0
1.3151003 0.13369657 0.0
1.34375 0.036051136 0.0
1.2846432 0.10400237 0.0
1.3150905 0.072929226 0.0
1.2644986 0.15513145 0.0
1.2576262 0.1228908 0.0
1.3481555 0.46743544 0.0
1.46008 0.44132326 0.0
1.4959957 0.41586555 0.0
1.4904631 0.32933256 0.0
1.5110564 0.45900984 0.0
1.5259497 0.37050704 0.0
1.521017 0.39981938 0.0
1.4903908 0.37959438 0.0
1.5565759 0.39073205 0.0
1.6097924 0.43965768 0.0
1.5797939 0.32227301 0.0
1.5767639 0.42217822 0.0
1.5592013 0.35345574 0.0
1.6236118 0.37360051 0.0
1.5691547 0.47650073 0.0
1.5342418 0.31458201 0.0
1.6071859 0.40463827 0.0
1.6692615 0.41762474 0.0
1.5880629 0.37421913 0.0
1.3982328 0.39323154 0.0
1.2290738 0.26252268 0.0
1.2077646 0.22790061 0.0
1.2472344 0.20017226 0.0
1.258847 0.23737465 0.0
1.3134686 0.19991115 0.0
1.2803917 0.21023596 0.0
1.3106314 0.24896724 0.0
1.2867553 0.43948869 0.0
0.062871432 0.074817346 0.0
0.125 0 0.0
1.2890625 0.97384608 0.0
1.5494584 0.74729548 0.0
1.5377319 0.83979575 0.0
1.5576057 0.783474 0.0
1.5655582 0.82424788 0.0
1.5265564 0.80994364 0.0
1.4969794 0.84490029 0.0
1.4007358 0.78107429 0.0
1.3811566 0.8497403 0.0
1.3679226 0.80884241 0.0
1.4022715 0.82031772 0.0
1.4451283 0.84993515 0.0
1.3401095 0.84043241 0.0
1.345724 0.78739592 0.0
1.3479281 0.90111422 0.0
1.321972 0.87361395 0.0
1.355133 0.86934131 0.0
1.3948995 0.89506217 0.0
1.3133113 0.90778779 0.0
1.6587114 0.59144036 0.0
1.6895228 0.52398282 0.0
1.6755154 0.62942915 0.0
1.6844174 0.56241626 0.0
1.6924408 0.69033711 0.0
1.6552271 0.5389828 0.0
1.7498965 0.55155867 0.0
1.7219814 0.70839651 0.0
1.7172193 0.636471 0.0
1.6159064 0.52054828 0.0
1.7188148 0.56698561 0.0
1.7558594 0.6025972 0.0
1.6755761 0.66009861 0.0
1.875 1 0.0
1.4270652 0.94716642 0.0
1.6005867 0.76416106 0.0
1.588929 0.50234712 0.0
1.6241413 0.4792495 0.0
1.4591882 0.81932808 0.0
1.4783777 0.92284183 0.0
1.6695114 0.47020605 0.0
1.6238531 0.79171554 0.0
1.6469207 0.44859771 0.0
1.658345 0.49940486 0.0
1.40625 1 0.0
1.4733689 0.87125965 0.0
1.4816677 0.26538521 0.0
1.6368333 0.41777794 0.0
1.700011 0.46334804 0.0
1.4130968 0.86479963 0.0
1.657839 0.6891119 0.0
1.4169366 0.32230887 0.0
1.6381499 0.75604364 0.0
1.4476544 0.92431526 0.0
1.6761335 0.75020177 0.0
1.5893803 0.79843913 0.0
1.3710967 0.086878716 0.0
1.473137 0.3544386 0.0
1.445929 0.89360509 0.0
1.4060447 0.35736408 0.0
1.6875 1 0.0
1.4579266 0.32541004 0.0
1.453125 1 0.0
1.8514238 0.57425429 0.0
1.3740768 0.36397723 0.0
1.8930272 0.61158445 0.0
1.8414902 0.61131564 0.0
1.7996684 0.59719708 0.0
1.780536 0.62238644 0.0
1.7746377 0.57453569 0.0
1.8060411 0.51591208 0.0
1.8129683 0.55735209 0.0
1.7826465 0.54110297 0.0
1.7494388 0.49360639 0.0
1.1044774 0.17601275 0.0
1.058389 0.16655644 0.0
1.0458306 0.11537796 0.0
1.34375 0 0.0
1.4280568 0.077560598 0.0
1.4426327 0.35439474 0.0
1.5353234 0.48363965 0.0
1.5187207 0.34085795 0.0
1.5716701 0.23164521 0.0
1.4224561 0.41206732 0.0
1.3917098 0.42661405 0.0
1.2300485 0.17073398 0.0
1.4055078 0.22984444 0.0
1.3035417 0.28397912 0.0
1.3486429 0.27488812 0.0
0.13872254 0.13160611 0.0
0.21621755 0.097702224 0.0
0.18124419 0.07792644 0.0
0.2112389 0.06339254 0.0
0.1875 0 0.0
0.13909001 0.049091018 0.0
0.18074195 0.038671797 0.0
0.21875 0 0.0
0.31397177 0.047825823 0.0
0.1535361 0.018377175 0.0
0.21055308 0.029957519 0.0
0.26703249 0.057109116 0.0
1.2647652 0.94845707 0.0
1.5423397 0.87133633 0.0
1.4404627 0.2837952 0.0
1.6168851 0.84772523 0.0
1.4647844 0.96045077 0.0
1.3885529 0.29029858 0.0
1.3792227 0.25507721 0.0
1.3611073 0.20989931 0.0
1.4126053 0.263545 0.0
1.4478276 0.23852929 0.0
1.442406 0.15749668 0.0
1.5076795 0.19786047 0.0
1.4339378 0.19876093 0.0
1.4841136 0.22755494 0.0
1.3920685 0.16866748 0.0
1.4706436 0.18479263 0.0
1.527509 0.23779571 0.0
1.5140574 0.12076862 0.0
1.500752 0.15847761 0.0
1.4720972 0.12716514 0.0
1.75 0 0.0
1.4324285 0.11803179 0.0
1.4850505 0.071312321 0.0
1.5349913 0.1727556 0.0
1.5618108 0.1969187 0.0
1.5256581 0.080729958 0.0
1.5971751 0.20564111 0.0
1.6334513 0.26673086 0.0
1.6072129 0.24099607 0.0
1.5931958 0.28153076 0.0
1.4026131 0.10078072 0.0
1.4024158 0.13551239 0.0
1.358645 0.14004412 0.0
1.4897011 0.10181933 0.0
1.4583682 0.090987824 0.0
1.668853 0.20439317 0.0
1.6286291 0.31576169 0.0
1.3576339 0.17505076 0.0
1.3410967 0.10789335 0.0
1.5944347 0.13374288 0.0
1.6428864 0.23086787 0.0
1.587203 0.17001986 0.0
1.7057856 0.26658847 0.0
1.6388671 0.16145952 0.0
1.6695995 0.25706839 0.0
1.625 0 0.0
1.556797 0.11145203 0.0
1.6762422 0.30535148 0.0
1.5406898 0.14025264 0.0
1.5136868 0.040092356 0.0
1.6087504 0.066650456 0.0
1.5625 0 0.0
1.5903086 0.097788988 0.0
1.565205 0.061891051 0.0
1.6429931 0.10796096 0.0
1.53125 0 0.0
1.546875 0.030737912 0.0
1.5836297 0.030081159 0.0
1.3568124 0.43302611 0.0
1.3555492 0.30676222 0.0
0.15205994 0.1760096 0.0
0.14179859 0.090361446 0.0
0.086815533 0.12188635 0.0
0 0.125 0.0
0.10440246 0.072091661 0.0
0.0625 0 0.0
0.11248745 0.10295029 0.0
0.081265202 0.037316435 0.0
0 0.0625 0.0
0.09375 0 0.0
0.28502651 0.024781014 0.0
0.34375 0.022973884 0.0
0.38652173 0.048413018 0.0
0.32182871 0.078540223 0.0
1.8667466 0.70963438 0.0
1.5078292 0.89394776 0.0
1.5711994 0.90124459 0.0
1.3770774 0.94204494 0.0
1.4296875 0.97871669 0.0
1.3461794 0.067514464 0.0
1.3805218 0.049037283 0.0
1.5032672 0.29499293 0.0
1.5371912 0.27563508 0.0
1.5635338 0.29434899 0.0
1.3443361 0.24037241 0.0
1.3918875 0.2007719 0.0
1.5349508 0.20920986 0.0
1.607417 0.34305866 0.0
1.3240476 0.16704445 0.0
1.6319363 0.19668141 0.0
1.648591 0.2929724 0.0
1.7648621 0.34225368 0.0
1.6605497 0.34766769 0.0
1.6254375 0.13351541 0.0
1.7147447 0.14040305 0.0
1.6177683 0.033542981 0.0
1.6875 0 0.0
1.6565389 0.061885389 0.0
1.654547 0.023921192 0.0
1.6920933 0.040985568 0.0
1.71875 0.017247981 0.0
1.7672345 0.06815902 0.0
1.7292092 0.055829633 0.0
1.875 0 0.0
1.735746 0.10047125 0.0
1.7571529 0.034449774 0.0
1.8125 0 0.0
1.7991577 0.040249428 0.0
1.6941744 0.085218146 0.0
1.84375 0.032695252 0.0
1.8343744 0.11274229 0.0
1.8068827 0.08129713 0.0
1.8473181 0.073685752 0.0
1.7820574 0.1307414 0.0
1.893549 0.049010991 0.0
1.779226 0.098365417 0.0
1.8974541 0.11197439 0.0
1.8657818 0.10147789 0.0
1.8664045 0.15263143 0.0
0.17829209 0.19475362 0.0
0.10545547 0.16580329 0.0
0.11285537 0.030053283 0.0
0.036467368 0.036467368 0.0
0.3548045 0.053063941 0.0
0.47599894 0.048000368 0.0
0.39197549 0.087211888 0.0
1.8670203 0.65716073 0.0
1.5100881 0.95556424 0.0
1.4040389 0.92540069 0.0
1.339362 0.93805954 0.0
1.359375 1 0.0
1.3226574 0.96761011 0.0
1.4375 0 0.0
1.7253947 0.31217341 0.0
1.6581273 0.38349032 0.0
1.7139678 0.36927307 0.0
1.6805179 0.16430782 0.0
1.6615106 0.13629748 0.0
1.7315309 0.20089272 0.0
1.6995748 0.19159339 0.0
1.7060759 0.22880972 0.0
1.7552438 0.248078 0.0
1.747942 0.13237401 0.0
1.7669907 0.17316109 0.0
1.9375 0 0.0
1.9593859 0.19145613 0.0
1.8202952 0.1568519 0.0
0.12005461 0.2106469 0.0
0 0.1875 0.0
0 0.03125 0.0
0.03125 0 0.0
0.40625 0.018140393 0.0
0.4388674 0.038342585 0.0
1.8671774 0.62704213 0.0
1.9668521 0.68391897 0.0
1.8063644 0.68308191 0.0
1.5799561 0.86061576 0.0
1.6752328 0.94035481 0.0
1.6083438 0.88259865 0.0
1.6714716 0.87957746 0.0
1.59375 1 0.0
1.6403552 0.89043902 0.0
1.6121215 0.93644474 0.0
1.3828125 0.97547786 0.0
1.40625 0.021310631 0.0
1.4418039 0.039879185 0.0
1.46875 0.016799209 0.0
1.6960393 0.33676085 0.0
1.7328269 0.34335399 0.0
1.7499727 0.37565017 0.0
1.8210417 0.38731813 0.0
1.7237631 0.41879906 0.0
1.7870383 0.37215809 0.0
1.8329217 0.31495752 0.0
1.7813357 0.43066315 0.0
1.8174862 0.34957887 0.0
1.8911618 0.36167477 0.0
1.8527367 0.36529492 0.0
1.8788461 0.43668931 0.0
1.8564227 0.40441832 0.0
1.8292537 0.44722255 0.0
1.7703556 0.29411361 0.0
1.7966419 0.31953412 0.0
1.810009 0.27941073 0.0
1.8891863 0.25353265 0.0
1.8529935 0.27686175 0.0
1.828007 0.2192102 0.0
1.8983282 0.30745475 0.0
1.8299865 0.25259268 0.0
1.7928887 0.24580736 0.0
1.8652156 0.30763683 0.0
1.771978 0.2123225 0.0
1.8696208 0.33876967 0.0
1.8009046 0.1887403 0.0
1.7340773 0.16761212 0.0
1.90625 0 0.0
1.921875 0.030200368 0.0
1.96875 0.035310254 0.0
1.933307 0.078147936 0.0
1.9179899 0.15984227 0.0
0.1498055 0.20603179 0.0
0.063178904 0.23993804 0.0
0.075234535 0.15271595 0.0
0.075082405 0.19450358 0.0
0.045071242 0.12379527 0.0
0.41943372 0.066627166 0.0
1.9134248 0.68364031 0.0
1.8276817 0.64903638 0.0
1.7948147 0.65215354 0.0
1.7602552 0.68267997 0.0
1.8423111 0.68326939 0.0
1.8241215 0.72463383 0.0
1.546875 1 0.0
1.6961999 0.43270969 0.0
1.6969398 0.39837254 0.0
1.7388289 0.45543804 0.0
1.7558426 0.40875027 0.0
1.8121694 0.41904947 0.0
1.8659287 0.49788326 0.0
1.8462984 0.5337179 0.0
1.9113882 0.54608014 0.0
1.8768397 0.55044847 0.0
1.8978236 0.57760342 0.0
1.9646615 0.587684 0.0
1.9287312 0.59929499 0.0
1.9604089 0.63592321 0.0
1.7933967 0.47337215 0.0
1.7384049 0.2795668 0.0
1.8461479 0.18531072 0.0
1.8876948 0.18844628 0.0
1.96875 0 0.0
2.0570546 0.095670477 0.0
1.9012964 0.080133283 0.0
1.9433882 0.050407678 0.0
1.9772312 0.078408708 0.0
2.5 0 0.0
1.9549947 0.12449729 0.0
1.8942297 0.14169669 0.0
0.097423691 0.23656802 0.0
0.084551044 0.28143713 0.0
0.021716427 0.09375 0.0
1.8827589 0.68348036 0.0
1.903226 0.64761238 0.0
1.9351427 0.65803488 0.0
1.7253388 0.67205382 0.0
1.7696384 0.73798464 0.0
1.8740098 0.79833999 0.0
1.5703125 0.95879219 0.0
1.8588218 0.46442272 0.0
1.90011 0.47313825 0.0
1.8302864 0.48796855 0.0
1.9009969 0.51034397 0.0
1.9589177 0.41440343 0.0
1.9742743 0.50841547 0.0
1.9218064 0.43605379 0.0
1.9378887 0.51899556 0.0
1.899812 0.4016132 0.0
1.9619156 0.46217398 0.0
1.9659437 0.54762236 0.0
1.9370165 0.37264914 0.0
2.0448029 0.54388966 0.0
1.9381025 0.56678263 0.0
2.0064721 0.56897082 0.0
1.9238876 0.12897312 0.0
1.9519204 0.15832231 0.0
2.018777 0.16066657 0.0
1.9850411 0.16826772 0.0
1.9941084 0.12984552 0.0
2.0163902 0.22873824 0.0
1.9927804 0.20261678 0.0
1.9563279 0.25929485 0.0
1.9664821 0.22576429 0.0
1.9248975 0.2314738 0.0
0.085307037 0.31271589 0.0
1.8936787 0.22086943 0.0
1.8605167 0.23294902 0.0
1.9230124 0.19550676 0.0
2.0297755 0.12658087 0.0
2.25 0 0.0
2.0630446 0.15613308 0.0
0.11737334 0.29097047 0.0
0.11169244 0.32953084 0.0
0.066138837 0.37754866 0.0
0.096312704 0.36055721 0.0
0.11060544 0.39680855 0.0
0 0.3125 0.0
0.14218011 0.39317527 0.0
0.088518259 0.43791155 0.0
0.083276267 0.46839656 0.0
1.7524798 0.71244752 0.0
1.7854508 0.70882708 0.0
1.7327379 0.74424536 0.0
1.7631156 0.81141491 0.0
1.7567411 0.77384382 0.0
1.8067483 0.77158073 0.0
1.7047128 0.80199752 0.0
1.7241408 0.77574936 0.0
1.8587378 0.75494031 0.0
1.6021011 0.9679811 0.0
1.6392796 0.9624341 0.0
1.640625 1 0.0
1.734375 1 0.0
1.6702012 0.97247374 0.0
1.5395888 0.96858678 0.0
1.5400144 0.92769646 0.0
1.5819013 0.93019015 0.0
1.9305182 0.4026787 0.0
1.9210583 0.33804266 0.0
1.9408174 0.29962021 0.0
1.91467 0.27694816 0.0
2.0179691 0.3061497 0.0
1.9674749 0.33762103 0.0
1.9803418 0.291677 0.0
1.993046 0.25716059 0.0
2.0341204 0.26709843 0.0
2.0779067 0.22358268 0.0
2.0480875 0.23736522 0.0
2.0424391 0.19557394 0.0
2.0819144 0.27140242 0.0
2.0397171 0.46615266 0.0
2.007925 0.52936072 0.0
2.0089181 0.49026088 0.0
2.0015834 0.44916317 0.0
2.0451584 0.50483154 0.0
2.0530173 0.38500867 0.0
2.1193911 0.52503794 0.0
2.0357191 0.42383534 0.0
2.0796232 0.52467594 0.0
1.9985166 0.40936274 0.0
2.1183377 0.43737724 0.0
2.082483 0.47985856 0.0
2.0988175 0.60061966 0.0
2.0788054 0.41976464 0.0
2.0792546 0.56516658 0.0
2.1321257 0.35325717 0.0
2.0893456 0.4492791 0.0
2.1152654 0.47115568 0.0
2.1811535 0.46011959 0.0
2.1467612 0.45699145 0.0
2.1639608 0.40166524 0.0
2.1600194 0.50185198 0.0
2.1200154 0.56579883 0.0
2.0449617 0.6072132 0.0
2.114193 0.39350788 0.0
2.1757543 0.62359376 0.0
2.0490515 0.57554098 0.0
2.0879878 0.35771274 0.0
2.1403007 0.60201065 0.0
2.1775933 0.55733222 0.0
2.1169091 0.68034566 0.0
2.1717108 0.59032525 0.0
2.2375077 0.58503559 0.0
2.2058454 0.60305645 0.0
2.2560085 0.65436661 0.0
2.2131577 0.64608357 0.0
2.1463699 0.54500998 0.0
2.1183253 0.63810858 0.0
2.2401421 0.62146657 0.0
2.3082303 0.59823235 0.0
2.2787206 0.62313755 0.0
2.2188029 0.7318611 0.0
2.16963 0.67612739 0.0
2.0669598 0.6575285 0.0
2.3268597 0.68202137 0.0
2.2272364 0.68823154 0.0
2.1418135 0.66003846 0.0
2.0862718 0.63096799 0.0
2.2950631 0.65889652 0.0
2.3360063 0.63602224 0.0
2.2788832 0.71456628 0.0
2.2725314 0.68253405 0.0
0.04269024 0.2980974 0.0
0.048295333 0.44668828 0.0
0.024670346 0.47381764 0.0
0.062095878 0.41337759 0.0
0.032467601 0.39189175 0.0
0.034117688 0.34907128 0.0
1.7995564 0.74223124 0.0
1.9150917 0.74154124 0.0
1.8399964 0.78592216 0.0
1.8333457 0.85693072 0.0
1.807304 0.81600318 0.0
1.8459892 0.82229919 0.0
1.9056447 0.86370235 0.0
1.8703838 0.85082908 0.0
1.8634891 0.92444199 0.0
1.8572766 0.88673078 0.0
1.78125 1 0.0
1.8272126 0.91105083 0.0
1.8322958 0.94716013 0.0
1.9765593 0.37627685 0.0
2.0091387 0.34822511 0.0
2.0507267 0.33498891 0.0
2.0889167 0.31427853 0.0
2.0553184 0.29788953 0.0
2.1581586 0.28096042 0.0
2.1186281 0.28741636 0.0
2.1154936 0.2445104 0.0
2.143684 0.31658374 0.0
2.1284114 0.17709211 0.0
2.218788 0.32634793 0.0
2.1108294 0.20866999 0.0
2.081381 0.18745495 0.0
2.1674695 0.2195226 0.0
2.17785 0.34750989 0.0
2.1303761 0.49709774 0.0
2.0005063 0.61515101 0.0
2.2289484 0.51054152 0.0
2.193766 0.70439162 0.0
2.1539518 0.76582457 0.0
2.1484571 0.71864536 0.0
2.1819205 0.74033273 0.0
2.2165011 0.80636239 0.0
2.190546 0.77788542 0.0
2.1187632 0.87033408 0.0
2.1615516 0.80431221 0.0
2.084428 0.79954691 0.0
2.1236151 0.79180901 0.0
2.0931595 0.74066885 0.0
2.1213817 0.75850034 0.0
2.200185 0.67384223 0.0
2.3941126 0.56421067 0.0
2.2463509 0.71455624 0.0
2.2625998 0.77059512 0.0
2.2262835 0.77137961 0.0
2.0164865 0.08833327 0.0
2.0625 0 0.0
2.0959973 0.082140038 0.0
2.0884042 0.1230927 0.0
2.125 0 0.0
2.0677133 0.063541167 0.0
2.1042076 0.038848714 0.0
2.1564175 0.11452288 0.0
2.0724121 0.031171195 0.0
2.0253253 0.040862112 0.0
2.1210446 0.10796434 0.0
2.1369465 0.067481923 0.0
2.1330959 0.14163647 0.0
2.1869692 0.1643886 0.0
1.9956326 0.052403822 0.0
0 0.28125 0.0
0.030835768 0.265625 0.0
0.027794501 0.4229257 0.0
0.056707409 0.32666253 0.0
1.8915599 0.76777735 0.0
1.9533087 0.79949024 0.0
1.9136323 0.80077229 0.0
1.9325488 0.77160486 0.0
1.9638825 0.73331003 0.0
1.9346104 0.83540699 0.0
1.8977048 0.83072258 0.0
2.1108847 0.83043485 0.0
2.0625 1 0.0
2.0188762 0.78137226 0.0
1.9577769 0.88809603 0.0
2.0081603 0.81654544 0.0
2.046509 0.80900983 0.0
1.9730872 0.83261254 0.0
2.0416909 0.88583643 0.0
2.1496884 0.84350012 0.0
2.0340183 0.84679088 0.0
1.9362941 0.8661042 0.0
1.9177735 0.90568489 0.0
2.1879682 0.83369878 0.0
2.0724353 0.83853647 0.0
1.9993814 0.87387375 0.0
1.8890847 0.89122985 0.0
1.96875 1 0.0
2.2543138 0.87438934 0.0
1.998941 0.94054954 0.0
2.15625 1 0.0
2.2264806 0.84533784 0.0
1.9538848 0.93352947 0.0
1.9875183 0.90713476 0.0
2.1579694 0.88428073 0.0
2.2607476 0.81579864 0.0
2.2139093 0.88524067 0.0
2.1155234 0.94152246 0.0
2.2494973 0.93710333 0.0
2.1995083 0.93326415 0.0
2.2408478 0.9048971 0.0
2.4375 1 0.0
2.1280092 0.90642279 0.0
2.1628597 0.92223822 0.0
2.081616 0.90969012 0.0
2.1708561 0.96207971 0.0
2.203125 1 0.0
2.109375 1 0.0
2.136236 0.97051794 0.0
1.8840157 0.73604789 0.0
1.7801955 0.86200076 0.0
1.7206419 0.90703962 0.0
1.7109375 0.96607196 0.0
1.7062167 0.93498207 0.0
1.7565064 0.94324927 0.0
2.1841226 0.30946587 0.0
2.2122832 0.25773859 0.0
2.213979 0.29219084 0.0
2.2787668 0.27173394 0.0
2.2533518 0.30406465 0.0
2.2442569 0.27076049 0.0
2.2530783 0.20333585 0.0
2.2624258 0.23884821 0.0
2.3254074 0.20328406 0.0
2.3038983 0.23874313 0.0
2.3276532 0.33631803 0.0
2.2892445 0.20560119 0.0
2.2754772 0.1355676 0.0
2.3048729 0.16615892 0.0
2.2698929 0.36766937 0.0
2.294735 0.31044111 0.0
2.3822067 0.26199095 0.0
2.2691535 0.17106326 0.0
2.2278265 0.1706179 0.0
2.444104 0.20418918 0.0
2.2511463 0.33859142 0.0
2.218983 0.37990905 0.0
2.294659 0.34441408 0.0
2.32658 0.40322414 0.0
2.3029021 0.37800796 0.0
2.2667012 0.43572534 0.0
2.2772277 0.40211618 0.0
2.241145 0.40926804 0.0
2.2247207 0.45070452 0.0
2.2015006 0.41615008 0.0
2.3392716 0.28766186 0.0
2.3461032 0.24009101 0.0
2.2100824 0.21041655 0.0
2.2157936 0.11243647 0.0
2.3173079 0.12479075 0.0
2.3114282 0.27054687 0.0
2.405877 0.1822595 0.0
2.1844008 0.19449554 0.0
2.211018 0.14375916 0.0
2.3402641 0.068674455 0.0
2.383579 0.21901909 0.0
2.3574277 0.16133163 0.0
2.2888089 0.10074293 0.0
2.4647595 0.24311955 0.0
2.3744947 0.18836599 0.0
2.3507254 0.12839533 0.0
2.375 0 0.0
2.3888062 0.13779627 0.0
2.2523254 0.10674033 0.0
2.2263505 0.060147202 0.0
2.440221 0.32577527 0.0
2.4210067 0.24172224 0.0
2.2648889 0.069199518 0.0
2.3797805 0.092529045 0.0
2.2524303 0.035678602 0.0
2.1875 0 0.0
2.3125 0 0.0
2.21875 0.020050682 0.0
2.2949947 0.038934502 0.0
2.1795704 0.046736414 0.0
2.4572231 0.13703754 0.0
2.419584 0.28627017 0.0
2.28125 0 0.0
2.3318783 0.032115176 0.0
2.4392418 0.16838195 0.0
2.494303 0.17913898 0.0
2.3727468 0.041982343 0.0
2.4787331 0.21076072 0.0
2.5467613 0.2246124 0.0
2.5077015 0.24246684 0.0
2.4375 0 0.0
2.5154419 0.20774787 0.0
2.595601 0.13528724 0.0
2.5460595 0.18840142 0.0
2.75 0 0.0
2.5785277 0.20588448 0.0
2.7175056 0.11079009 0.0
2.6205142 0.1700239 0.0
2.4870194 0.29469829 0.0
2.40625 0.022728853 0.0
2.5431388 0.26833988 0.0
2.4865575 0.26430489 0.0
2.4546132 0.27999065 0.0
2.4619206 0.066423356 0.0
2.4402853 0.036676807 0.0
2.46875 0 0.0
2.4193216 0.074665413 0.0
2.484375 0.035169254 0.0
2.4464866 0.10085997 0.0
2.5778002 0.16834542 0.0
2.5006624 0.10446395 0.0
2.4229051 0.12754027 0.0
2.7117446 0.14750753 0.0
2.625 0 0.0
2.5450441 0.12938564 0.0
2.6458166 0.1526797 0.0
2.5829087 0.24962073 0.0
2.5625 0 0.0
2.8079232 0.27264288 0.0
2.7440898 0.20518845 0.0
2.6695887 0.22978867 0.0
2.53125 0.034939319 0.0
2.7012475 0.25556541 0.0
2.6760511 0.15786763 0.0
2.598686 0.33474682 0.0
2.1576013 0.37117545 0.0
2.0286495 0.64431151 0.0
2.0273302 0.7102665 0.0
2.038634 0.67750191 0.0
2.075975 0.70038586 0.0
2.0029959 0.68353902 0.0
1.993674 0.71646774 0.0
2.0163332 0.74501447 0.0
2.0544708 0.73797008 0.0
2.0718428 0.76759411 0.0
2.1960373 0.49387462 0.0
2.1988705 0.52910728 0.0
2.2313067 0.54800931 0.0
2.3013207 0.52479425 0.0
2.274097 0.55987537 0.0
2.1146965 0.71431133 0.0
2.355636 0.59249144 0.0
2.4190669 0.67644727 0.0
2.0992932 0.15684522 0.0
2.03125 0 0.0
2.0381674 0.067811662 0.0
1.9351957 0.71198802 0.0
1.9721593 0.9643401 0.0
2.015625 1 0.0
1.921875 1 0.0
1.9351651 0.96545739 0.0
2.625 1 0.0
2.0712757 0.95467947 0.0
2.0756796 0.87428696 0.0
2.2442874 0.96859531 0.0
2.34375 1 0.0
2.2908368 0.90873628 0.0
2.296875 1 0.0
2.2855432 0.95924356 0.0
1.8054778 0.8459139 0.0
1.8086098 0.87874664 0.0
1.7743624 0.90437774 0.0
1.7969281 0.93828042 0.0
1.7461742 0.87890781 0.0
1.828125 1 0.0
1.7578125 0.97644934 0.0
2.2067159 0.35317279 0.0
2.2582662 0.47840226 0.0
2.3163156 0.46770355 0.0
2.2657286 0.51465126 0.0
2.2905345 0.49065198 0.0
2.2316405 0.23312616 0.0
2.1456226 0.031147545 0.0
2.1950492 0.08103799 0.0
2.3838468 0.33008176 0.0
2.5083639 0.14272812 0.0
2.5350764 0.15907377 0.0
2.7479643 0.13917111 0.0
2.7626002 0.092929073 0.0
2.53125 0 0.0
2.59375 0.059395026 0.0
2.542751 0.081490065 0.0
1.992957 0.64966515 0.0
2.3115958 0.5608716 0.0
2.354202 0.52923512 0.0
2.2692618 0.59202881 0.0
2.3722318 0.6671344 0.0
2.4058495 0.62049356 0.0
2.3477919 0.79672553 0.0
2.0997402 0.969425 0.0
2.3107769 0.85094091 0.0
2.3426047 0.93969305 0.0
2.2098745 0.96616829 0.0
2.1637388 0.083942294 0.0
2.4111104 0.31583951 0.0
2.4140824 0.35474505 0.0
2.3834088 0.29602715 0.0
2.3698467 0.37811009 0.0
2.4823427 0.39005734 0.0
2.4528464 0.36344373 0.0
2.4980179 0.3430319 0.0
2.421441 0.42790317 0.0
2.4264276 0.39045245 0.0
2.3935878 0.40513711 0.0
2.3730147 0.45872889 0.0
2.3539388 0.31687941 0.0
2.6546685 0.19178723 0.0
2.5670572 0.035520733 0.0
2.59375 0 0.0
2.609375 0.029697513 0.0
2.6875 0 0.0
2.6356968 0.062505619 0.0
2.6770353 0.10102441 0.0
2.6120562 0.096917227 0.0
2.6640896 0.073476112 0.0
2.7049098 0.071109399 0.0
2.6445129 0.099491753 0.0
3 0.5 0.0
2.5742406 0.1034132 0.0
2.6634842 0.032815757 0.0
2.6293518 0.22288098 0.0
2.6277435 0.12789266 0.0
2.7002886 0.034554873 0.0
2.7460413 0.047340269 0.0
2.6680514 0.26400665 0.0
2.6992713 0.19620491 0.0
2.5796267 0.29425416 0.0
2.6974188 0.31000277 0.0
2.7363619 0.17161255 0.0
2.5071832 0.066369765 0.0
2.6464248 0.29056833 0.0
2.3619042 0.56070493 0.0
2.3871343 0.5950311 0.0
2.4243803 0.58726405 0.0
2.3706019 0.62679175 0.0
2.4531659 0.51807377 0.0
2.4704935 0.6347613 0.0
2.4296936 0.54889151 0.0
2.4403118 0.61793014 0.0
2.4834527 0.57604639 0.0
2.3966306 0.52107855 0.0
2.4519944 0.57153354 0.0
2.3697376 0.49561743 0.0
2.3337622 0.49939083 0.0
2.4094931 0.48055942 0.0
2.4022698 0.45123679 0.0
2.4351304 0.45869299 0.0
2.4634909 0.42764556 0.0
2.424259 0.50754783 0.0
2.5445269 0.44476629 0.0
2.4851689 0.47592428 0.0
2.5062556 0.42557196 0.0
2.5339322 0.38112866 0.0
2.5137825 0.45831563 0.0
2.5549678 0.51011275 0.0
2.5180054 0.49723024 0.0
2.5362907 0.41343674 0.0
2.5915404 0.39316328 0.0
2.5704822 0.42119559 0.0
2.6344163 0.44729784 0.0
2.5888665 0.4675158 0.0
2.6058745 0.42585695 0.0
2.6609929 0.38220192 0.0
2.6391624 0.41126236 0.0
2.7054413 0.43832194 0.0
2.6687509 0.43348962 0.0
2.6778899 0.50580535 0.0
2.6638308 0.47084676 0.0
2.5453864 0.47813631 0.0
2.5217802 0.54586707 0.0
2.6246726 0.50690119 0.0
2.3996866 0.65148733 0.0
2.3017668 0.79483968 0.0
2.3689143 0.73360891 0.0
2.2878159 0.87535658 0.0
2.3264522 0.88868652 0.0
2.3671245 0.84966814 0.0
2.3095373 0.9362273 0.0
2.3226883 0.97023562 0.0
2.3363872 0.3696956 0.0
2.4723914 0.32344511 0.0
2.7284504 0.022033624 0.0
2.5287479 0.31062106 0.0
2.7356906 0.07690156 0.0
2.875 0 0.0
2.7167417 0.22533643 0.0
2.7975605 0.1752042 0.0
2.7362537 0.25442285 0.0
2.7381331 0.29709335 0.0
2.7114627 0.28363719 0.0
2.8329831 0.36386729 0.0
2.7394129 0.37178769 0.0
2.7460299 0.40432857 0.0
2.7276317 0.33463142 0.0
2.8092484 0.38622297 0.0
3 0.25 0.0
2.6985182 0.36430844 0.0
2.7693405 0.27434222 0.0
2.8048326 0.418528 0.0
2.7130711 0.40027773 0.0
2.6628806 0.33786591 0.0
2.7767371 0.3886994 0.0
2.7764985 0.33958294 0.0
2.7566069 0.43580588 0.0
2.8527421 0.40862242 0.0
2.7866647 0.22882963 0.0
2.7900233 0.305086 0.0
2.8416762 0.31242498 0.0
2.6136095 0.30299073 0.0
2.6179736 0.26496507 0.0
2.5057382 0.37173064 0.0
2.4848641 0.53841135 0.0
2.55037 0.62160345 0.0
2.6196655 0.47548455 0.0
2.3014955 0.75151862 0.0
2.3158086 0.71736527 0.0
2.3237839 0.82007781 0.0
2.2914514 0.8252705 0.0
2.3577997 0.69973418 0.0
2.3953115 0.70618702 0.0
2.463847 0.73657406 0.0
2.4158411 0.75236583 0.0
2.4335668 0.71238695 0.0
2.4639381 0.67923877 0.0
2.5621559 0.32720921 0.0
2.5741457 0.36139027 0.0
2.8125 0 0.0
2.6821768 0.40522815 0.0
2.6296971 0.35866125 0.0
2.6332593 0.32747211 0.0
2.8136362 0.51904283 0.0
2.7335868 0.48917876 0.0
2.699557 0.47678524 0.0
2.7937941 0.12823937 0.0
2.7568018 0.23245247 0.0
2.7755687 0.19865548 0.0
2.8665375 0.2171388 0.0
2.8123907 0.33393175 0.0
2.8864726 0.38848724 0.0
2.5241091 0.58825231 0.0
2.5772506 0.56407574 0.0
2.5101189 0.62628287 0.0
2.5567697 0.58954975 0.0
2.6155412 0.61583145 0.0
2.5388483 0.6979508 0.0
2.4853263 0.60724749 0.0
2.5342282 0.65821051 0.0
2.5865609 0.6594241 0.0
2.503047 0.6819742 0.0
2.5053213 0.7249788 0.0
2.4781966 0.70792914 0.0
2.5735764 0.77533765 0.0
2.5035907 0.79875949 0.0
2.5460572 0.74120143 0.0
2.4932032 0.76160519 0.0
2.5894022 0.71175063 0.0
2.53551 0.77786467 0.0
2.4501405 0.79367374 0.0
2.5788865 0.74289635 0.0
2.6380361 0.7692334 0.0
2.6164084 0.73821676 0.0
2.5593575 0.84912226 0.0
2.6445226 0.68251717 0.0
2.5380829 0.81662286 0.0
2.6646545 0.7276238 0.0
2.6216101 0.70589722 0.0
2.4868049 0.87340313 0.0
2.5049929 0.83828402 0.0
2.4601872 0.83734863 0.0
2.3805439 0.77259356 0.0
2.3851199 0.81309581 0.0
2.4134485 0.78938557 0.0
2.4217352 0.82806471 0.0
2.4272434 0.88952255 0.0
2.4348877 0.85786166 0.0
2.3995176 0.8660751 0.0
2.3838228 0.91274987 0.0
2.5328202 0.34620012 0.0
2.8004368 0.053384274 0.0
2.6209885 0.38738046 0.0
2.7960443 0.46994067 0.0
2.7319967 0.45684213 0.0
2.7755615 0.15333496 0.0
2.8284504 0.23561892 0.0
2.8118152 0.20602014 0.0
2.8474562 0.17082857 0.0
2.8678697 0.26837277 0.0
3 0.3125 0.0
2.553702 0.54221755 0.0
2.5892433 0.52754153 0.0
2.6331569 0.562192 0.0
2.5836031 0.6260284 0.0
2.5691038 0.68661243 0.0
2.4457505 0.76242499 0.0
2.62301 0.65222604 0.0
2.6886117 0.61979994 0.0
2.6615558 0.64763562 0.0
2.7279643 0.68511705 0.0
2.686321 0.68132834 0.0
2.7100375 0.65140446 0.0
2.759535 0.59478351 0.0
2.7273561 0.61659865 0.0
2.7032513 0.5609215 0.0
3 0.75 0.0
2.7058883 0.59283639 0.0
2.6658605 0.58620571 0.0
2.7419894 0.65603649 0.0
2.7640267 0.68458708 0.0
2.778143 0.76806301 0.0
2.7472933 0.75207873 0.0
2.7948279 0.63803239 0.0
2.7464158 0.71606144 0.0
2.8126669 0.73246682 0.0
2.7772968 0.73332847 0.0
2.7074003 0.73503124 0.0
2.7965563 0.79752744 0.0
2.733511 0.81644088 0.0
2.749208 0.78614547 0.0
2.7029008 0.78136645 0.0
2.6358568 0.59279098 0.0
2.6034755 0.58471592 0.0
2.4754743 0.8108391 0.0
2.4290355 0.94507101 0.0
2.3517782 0.90872719 0.0
2.7717453 0.063805667 0.0
2.7755491 0.029571656 0.0
2.796633 0.087618285 0.0
2.8637548 0.07774801 0.0
2.8288987 0.073875066 0.0
2.8363923 0.033454022 0.0
2.8413677 0.12044278 0.0
2.785947 0.44175721 0.0
2.8363972 0.45038099 0.0
2.7729357 0.50592221 0.0
2.7803896 0.55248738 0.0
2.7380312 0.53334285 0.0
2.8414499 0.2003895 0.0
2.8204666 0.14973382 0.0
3 0.125 0.0
2.8386296 0.28080001 0.0
2.931418 0.24108607 0.0
2.8911503 0.31202888 0.0
2.8594018 0.34187606 0.0
2.8977494 0.35085733 0.0
2.6558788 0.85329774 0.0
2.6729139 0.76222642 0.0
2.6648921 0.80785481 0.0
2.4144149 0.91773954 0.0
2.4493803 0.91661153 0.0
2.3940701 0.94619902 0.0
2.53125 1 0.0
2.484375 1 0.0
2.8756763 0.039785044 0.0
2.9375 0 0.0
2.9390979 0.080554523 0.0
2.90625 0.019367094 0.0
2.9408046 0.040227559 0.0
2.9018103 0.068845166 0.0
3 0.0625 0.0
2.9027341 0.13112806 0.0
2.96875 0.017682425 0.0
2.9665817 0.06151803 0.0
2.9823582 0.09375 0.0
2.9515974 0.13172038 0.0
2.8890723 0.1001824 0.0
2.8287154 0.485938 0.0
2.8905771 0.48069445 0.0
2.8628817 0.52148735 0.0
2.8071356 0.59196413 0.0
2.7046032 0.5269064 0.0
2.6705268 0.54258646 0.0
2.6414702 0.53261998 0.0
2.7498155 0.56370184 0.0
2.8942011 0.24205379 0.0
2.9115967 0.19492394 0.0
2.9137558 0.27796039 0.0
2.9171134 0.43331828 0.0
2.9247264 0.37955287 0.0
2.8662934 0.29724891 0.0
2.9374554 0.31821975 0.0
2.6960115 0.83764239 0.0
3 0.375 0.0
2.7036595 0.90240309 0.0
2.7335659 0.86030174 0.0
2.7551527 0.89848273 0.0
2.8125 1 0.0
2.6523207 0.89681415 0.0
2.6067541 0.87118473 0.0
2.7744344 0.83832014 0.0
2.6804287 0.87720872 0.0
2.390625 1 0.0
2.8691143 0.14265068 0.0
2.8954403 0.16465485 0.0
2.9328657 0.16412511 0.0
3 0.1875 0.0
2.9563123 0.20306027 0.0
2.9704618 0.16424131 0.0
2.9274192 0.11051726 0.0
2.8602017 0.48986983 0.0
2.9130627 0.57118795 0.0
2.8175074 0.55613833 0.0
3 0.625 0.0
2.8440971 0.58325049 0.0
2.8712415 0.55776804 0.0
2.8483998 0.63666676 0.0
2.899386 0.53217947 0.0
2.9268987 0.50097604 0.0
3 0.46875 0.0
2.9219615 0.46715361 0.0
3 0.4375 0.0
2.9631546 0.47841195 0.0
2.8912968 0.60632997 0.0
2.9363236 0.53701715 0.0
3 0.5625 0.0
2.9662926 0.51529318 0.0
2.9574891 0.57642754 0.0
2.8766284 0.44204999 0.0
2.9659338 0.24381357 0.0
2.9767302 0.28125 0.0
2.9457134 0.27060044 0.0
2.6021616 0.81910862 0.0
2.5991889 0.93795614 0.0
2.768789 0.80886389 0.0
2.8632104 0.86006885 0.0
2.71875 1 0.0
2.6697429 0.96126077 0.0
2.3649892 0.96943231 0.0
2.4140625 0.97549502 0.0
2.8739271 0.18700789 0.0
2.8211817 0.6203949 0.0
2.8608553 0.60878204 0.0
2.9223757 0.6957735 0.0
2.9714631 0.5472388 0.0
3 0.59375 0.0
2.9688483 0.609375 0.0
3 0.6875 0.0
2.9317463 0.60373473 0.0
2.9143076 0.64845567 0.0
2.5894241 0.84647246 0.0
2.5704826 0.80857757 0.0
2.6069855 0.78473883 0.0
2.6357158 0.82568325 0.0
2.6170687 0.90616763 0.0
2.6430763 0.93307986 0.0
2.5704872 0.90089 0.0
2.6760172 0.9229736 0.0
2.7139587 0.94510088 0.0
2.671875 1 0.0
2.7307773 0.91845302 0.0
2.778729 0.95212085 0.0
2.6242867 0.96390592 0.0
2.578125 1 0.0
2.8216763 0.83754484 0.0
2.9648313 0.65625 0.0
2.8747376 0.67954946 0.0
2.8820381 0.63873503 0.0
2.5468369 0.94884886 0.0
2.6994686 0.97402413 0.0
2.8678625 0.78065958 0.0
2.8158093 0.8979197 0.0
3 0.65625 0.0
2.9615807 0.69532261 0.0
3 0.71875 0.0
2.9641197 0.734375 0.0
3 0.875 0.0
3 0.8125 0.0
2.9650491 0.78125 0.0
2.9370119 0.66893114 0.0
2.9424517 0.63366978 0.0
2.82304 0.6817718 0.0
2.5703567 0.93063653 0.0
2.5772686 0.96385588 0.0
2.539925 0.9156295 0.0
2.5117705 0.93881625 0.0
2.5062664 0.9034462 0.0
2.5345261 0.87795944 0.0
2.858104 0.81992879 0.0
2.8331025 0.79286872 0.0
2.8399866 0.75688176 0.0
2.8520897 0.71584632 0.0
2.9162579 0.81353309 0.0
2.8860024 0.8060145 0.0
2.9113302 0.7687276 0.0
2.8933808 0.8409579 0.0
2.9456329 0.86129114 0.0
2.9039713 0.89104754 0.0
2.7985121 0.86576632 0.0
2.8315074 0.86897268 0.0
2.8578874 0.90200871 0.0
2.832098 0.94884755 0.0
3 0.78125 0.0
2.8482704 0.66627569 0.0
2.7944469 0.70232994 0.0
2.9349698 0.78880146 0.0
2.9593531 0.82224382 0.0
3 0.84375 0.0
2.880938 0.74315168 0.0
2.9161578 0.73214529 0.0
2.8899603 0.71016878 0.0
2.9150656 0.86253745 0.0
2.90625 1 0.0
3 0.9375 0.0
2.8926451 0.94578448 0.0
2.9385414 0.89540565 0.0
2.9233523 0.92766371 0.0
2.953125 1 0.0
2.8855053 0.91576684 0.0
2.9142899 0.96916769 0.0
2.9624722 0.9263788 0.0
2.972228 0.89410978 0.0
2.9714612 0.96492406 0.0
2.9418662 0.95344759 0.0
0.55099862 0.4807417 0.0
0.35398501 0.63721811 0.0
0.40308775 0.35293314 0.0
0.79406726 0.41883413 0.0
0.82715507 0.41470919 0.0
0.62153299 0.20598258 0.0
0.42119995 0.85814291 0.0
0.65993565 0.72804356 0.0
0.64077978 0.7558487 0.0
1.0709354 0.6564127 0.0
0.13958049 0.45975928 0.0
0.89086352 0.92924507 0.0
0.84300237 0.92030055 0.0
0.81264303 0.90738828 0.0
0.83871184 0.89010756 0.0
0.17382938 0.32796522 0.0
0.31082827 0.36391647 0.0
0.67012657 0.91428034 0.0
0.15846749 0.2573417 0.0
0.36077159 0.11858792 0.0
0.6875 0 0.0
0.70688394 0.061776655 0.0
0.73839549 0.037835234 0.0
0.68945737 0.033315249 0.0
0.64807269 0.034372366 0.0
0.71875 0 0.0
0.55958186 0.12593973 0.0
0.52383262 0.10457467 0.0
0.52432064 0.05565316 0.0
0.4970708 0.071331426 0.0
0.50335106 0.031676261 0.0
0.5625 0 0.0
0.53698525 0.023418835 0.0
0.57891321 0.043490676 0.0
0.61273262 0.033164605 0.0
0.58379963 0.073110046 0.0
0.55403622 0.06043115 0.0
0.92965092 0.14976686 0.0
0.79565117 0.068361236 0.0
0.80862902 0.035302892 0.0
0.84375 0.021290254 0.0
0.77365945 0.040651299 0.0
0.87423418 0.032455547 0.0
0.9375 0 0.0
0.91121933 0.026660937 0.0
0.78125 0 0.0
0.94457596 0.11167702 0.0
0.99602177 0.091133915 0.0
0.140625 1 0.0
0.1171875 0.97133795 0.0
0.1640625 0.9762202 0.0
0.12409458 0.94193911 0.0
0.26206336 0.88694659 0.0
0.27413613 0.8579895 0.0
0.29856428 0.88325606 0.0
0.21612716 0.96858963 0.0
0.22756326 0.93411049 0.0
1.336954 0.5463922 0.0
1.2657568 0.83532661 0.0
1.7265636 0.52276497 0.0
1.7071368 0.49580508 0.0
1.0806386 0.11328557 0.0
1.0598793 0.058514523 0.0
1.5426802 0.51701569 0.0
1.3663583 0.40150841 0.0
0.46875 0 0.0
1.6896722 0.11832259 0.0
0.035013147 0.16447551 0.0
0 0.15625 0.0
0.035907448 0.20851657 0.0
0 0.21875 0.0
1.644528 0.92466626 0.0
1.9338783 0.48380914 0.0
1.660737 0.82474237 0.0
1.6622274 0.78618983 0.0
1.630839 0.8210229 0.0
1.6994149 0.84563898 0.0
1.7305964 0.82728201 0.0
1.7044589 0.87826475 0.0
1.648921 0.85552376 0.0
1.8652207 0.96283401 0.0
1.8999088 0.97172066 0.0
1.9123986 0.93966519 0.0
1.8046875 0.97310256 0.0
2.0187033 0.38137845 0.0
2.1492555 0.24818671 0.0
2.1862465 0.86686437 0.0
2.3061583 0.071265507 0.0
2.2075314 0.57042433 0.0
2.032039 0.96332733 0.0
2.0022372 0.97199825 0.0
2.0345178 0.92428953 0.0
2.3037939 0.43265353 0.0
2.3412553 0.4381227 0.0
2.3603428 0.4103993 0.0
2.6090478 0.19910844 0.0
2.4539137 0.48541732 0.0
2.7621521 0.62867257 0.0
2.4712979 0.95378146 0.0
2.480849 0.92310258 0.0
2.4458019 0.970604 0.0
2.5078125 0.97376917 0.0
2.9597411 0.41193254 0.0
2.9621758 0.37417782 0.0
2.9396915 0.35067126 0.0
2.9702733 0.3322612 0.0
3 0.40625 0.0
2.9670625 0.44488395 0.0
2.765625 1 0.0
2.7441988 0.96840307 0.0
2.7890625 0.98068181 0.0
2.7856562 0.91707556 0.0
2.859375 1 0.0
2.8359375 0.97964909 0.0
2.8630451 0.96063002 0.0
1.0091791 0.12739001 0.0
0.97987957 0.044775479 0.0
0.94586356 0.034527646 0.0
0.97210932 0.073470722 0.0
1.0223991 0.036973726 0.0
1.03125 0 0.0
1.0520006 0.028845709 0.0
1.0870318 0.025262932 0.0
1.026833 0.072636427 0.0
0.234375 1 0.0
0.26937401 0.96625797 0.0
1.0961332 0.060863609 0.0
0.75211447 0.16725983 0.0
1.7526926 0.64657846 0.0
1.9804154 0.76988633 0.0
2.3395366 0.75887016 0.0
CELLS 4320 17280
3 333 332 285
3 817 640 812
3 320 322 16
3 62 115 97
3 121 60 97
3 318 422 248
3 321 431 7
3 119 33 127
3 139 106 6
3 43 24 45
3 55 23 68
3 445 444 93
3 244 321 291
3 294 42 87
3 62 107 101
3 12 320 25
3 16 71 25
3 266 14 268
3 26 439 12
3 120 102 116
3 18 91 48
3 15 68 32
3 140 130 283
3 94 69 56
3 320 12 325
3 11 118 126
3 48 11 18
3 109 50 100
3 115 111 17
3 294 149 42
3 12 25 26
3 65 66 9
3 9 71 38
3 144 145 289
3 72 59 84
3 109 126 118
3 92 76 2118
3 11 48 78
3 16 322 105
3 46 14 13
3 15 27 55
3 74 118 78
3 26 25 19
3 29 26 19
3 269 105 122
3 30 22 24
3 148 164 167
3 2128 29 31
3 1319 336 319
3 19 25 71
3 27 41 29
3 65 72 77
3 47 74 98
3 15 32 146
3 1313 1406 1407
3 89 39 20
3 115 91 111
3 105 52 38
3 41 27 51
3 41 51 291
3 49 70 44
3 76 69 60
3 436 61 338
3 294 154 149
3 336 291 321
3 51 440 337
3 41 336 31
3 22 30 66
3 66 30 9
3 83 20 99
3 665 668 450
3 24 22 54
3 49 65 77
3 29 41 31
3 57 167 155
3 45 40 43
3 54 149 45
3 150 168 112
3 86 84 81
3 35 142 131
3 65 52 72
3 38 52 9
3 95 81 39
3 40 73 146
3 95 85 81
3 49 77 70
3 17 120 115
3 77 84 86
3 56 20 83
3 1407 1406 324
3 134 110 63
3 70 67 147
3 146 73 438
3 29 19 55
3 55 27 29
3 371 367 365
3 331 135 285
3 98 74 78
3 156 70 86
3 96 11 126
3 43 32 68
3 23 30 68
3 450 509 599
3 74 58 118
3 23 55 19
3 440 146 438
3 91 18 111
3 288 143 50
3 71 9 23
3 61 434 427
3 142 286 135
3 107 62 131
3 55 68 15
3 154 295 45
3 101 78 48
3 51 27 15
3 35 69 94
3 327 139 64
3 266 270 80
3 44 22 66
3 9 52 65
3 120 121 115
3 52 105 46
3 85 348 86
3 24 43 68
3 2119 70 156
3 71 23 19
3 56 83 265
3 183 178 176
3 70 147 44
3 65 49 66
3 99 13 83
3 38 71 16
3 20 39 82
3 22 44 54
3 30 24 68
3 80 286 94
3 2123 106 123
3 9 30 23
3 438 73 505
3 16 105 38
3 83 266 265
3 49 44 66
3 670 2159 733
3 149 54 147
3 54 45 24
3 57 159 148
3 58 109 118
3 39 81 82
3 17 117 33
3 20 56 89
3 265 94 56
3 343 347 349
3 43 40 32
3 46 13 72
3 81 84 82
3 13 99 59
3 67 42 149
3 81 85 86
3 72 84 77
3 120 2118 121
3 59 82 84
3 90 95 39
3 77 86 70
3 612 736 676
3 17 111 117
3 153 159 162
3 48 91 101
3 39 89 90
3 96 197 298
3 88 93 95
3 62 91 115
3 107 63 110
3 25 320 16
3 88 90 92
3 158 112 152
3 85 444 348
3 60 69 35
3 97 60 35
3 88 95 90
3 85 95 93
3 17 33 125
3 123 106 139
3 155 167 163
3 60 121 2118
3 6 136 64
3 103 110 6
3 120 116 2118
3 89 69 76
3 113 114 138
3 97 115 121
3 103 47 98
3 35 131 97
3 99 82 59
3 88 92 168
3 126 113 299
3 47 104 108
3 103 107 110
3 134 136 110
3 89 56 69
3 102 112 116
3 114 113 109
3 130 329 123
3 109 113 126
3 2121 299 300
3 114 109 100
3 98 101 107
3 74 108 58
3 11 78 118
3 142 134 63
3 50 141 100
3 18 117 111
3 83 13 14
3 52 46 72
3 611 150 609
3 329 330 123
3 58 50 109
3 8 138 114
3 47 108 74
3 103 98 107
3 127 298 119
3 59 72 13
3 116 112 168
3 125 33 119
3 125 132 102
3 8 114 100
3 131 62 97
3 82 99 20
3 133 79 129
3 127 33 117
3 18 96 117
3 96 18 11
3 101 98 78
3 76 90 89
3 17 125 102
3 64 139 6
3 101 91 62
3 63 107 131
3 297 153 162
3 79 133 119
3 133 132 125
3 106 47 103
3 50 58 108
3 46 105 269
3 102 120 17
3 76 92 90
3 159 157 148
3 57 155 129
3 125 119 133
3 143 141 50
3 139 130 123
3 47 106 104
3 117 96 127
3 2125 2126 377
3 112 102 152
3 79 119 128
3 132 133 129
3 53 141 143
3 157 166 161
3 63 131 142
3 140 2144 329
3 136 134 135
3 6 110 136
3 141 8 100
3 141 145 8
3 184 196 177
3 6 106 103
3 327 283 130
3 274 279 443
3 268 270 266
3 35 94 286
3 53 289 145
3 135 134 142
3 108 288 50
3 108 104 664
3 170 178 188
3 194 221 208
3 53 145 141
3 144 448 335
3 449 434 36
3 40 146 32
3 40 295 296
3 45 295 40
3 67 2119 292
3 148 181 164
3 87 341 353
3 102 132 152
3 116 168 92
3 155 151 132
3 155 132 129
3 42 67 292
3 129 162 159
3 153 157 159
3 174 169 171
3 151 158 152
3 354 351 360
3 129 159 57
3 176 172 153
3 150 88 168
3 155 163 151
3 148 157 171
3 522 160 521
3 158 151 163
3 152 132 151
3 148 167 57
3 185 205 173
3 112 158 150
3 147 54 44
3 183 176 165
3 172 166 153
3 161 174 171
3 153 166 157
3 148 171 181
3 522 295 160
3 79 128 184
3 163 167 164
3 172 170 185
3 129 79 162
3 190 179 191
3 147 67 149
3 297 162 79
3 45 149 154
3 675 158 163
3 169 405 175
3 298 196 128
3 169 200 405
3 166 179 161
3 161 171 157
3 171 169 175
3 176 153 165
3 185 179 166
3 170 176 178
3 406 211 250
3 200 301 193
3 169 174 187
3 187 200 169
3 339 342 341
3 184 177 183
3 170 172 176
3 305 189 2122
3 204 208 203
3 201 182 188
3 170 205 185
3 185 166 172
3 179 173 191
3 174 161 190
3 190 192 187
3 171 175 181
3 164 181 175
3 201 188 202
3 182 201 204
3 184 183 165
3 177 178 183
3 184 165 297
3 184 128 196
3 188 195 205
3 173 179 185
3 224 206 216
3 232 220 198
3 187 174 190
3 180 301 200
3 304 202 178
3 182 195 188
3 196 2121 189
3 335 513 8
3 179 190 161
3 190 186 192
3 206 210 215
3 190 191 186
3 316 199 314
3 180 187 192
3 344 366 356
3 87 339 341
3 479 305 306
3 429 428 423
3 204 214 182
3 191 210 246
3 119 298 128
3 196 189 305
3 299 197 96
3 196 197 2121
3 182 214 223
3 186 246 220
3 414 243 470
3 414 247 243
3 180 200 187
3 193 393 200
3 202 188 178
3 208 204 201
3 304 178 177
3 194 201 202
3 203 208 227
3 206 215 216
3 208 201 194
3 240 214 203
3 188 205 170
3 173 205 195
3 210 191 173
3 256 228 2127
3 210 219 246
3 407 312 406
3 221 194 226
3 221 213 229
3 203 227 233
3 228 469 207
3 195 215 173
3 210 173 215
3 212 210 206
3 2129 316 472
3 254 198 252
3 2135 399 460
3 335 8 145
3 491 488 490
3 203 214 204
3 209 216 223
3 182 223 195
3 216 215 195
3 207 224 228
3 207 212 224
3 247 2127 260
3 231 238 228
3 256 247 315
3 311 254 252
3 219 250 211
3 228 224 231
3 247 260 243
3 193 400 394
3 202 304 194
3 229 227 208
3 315 414 249
3 203 233 240
3 209 223 214
3 195 223 216
3 209 214 240
3 316 314 410
3 314 252 263
3 235 463 465
3 305 226 177
3 221 226 479
3 229 208 221
3 222 236 233
3 231 216 209
3 243 251 303
3 425 429 514
3 222 227 229
3 236 230 233
3 245 420 309
3 238 231 209
3 256 469 228
3 258 192 232
3 220 211 255
3 222 233 227
3 230 307 233
3 317 241 242
3 251 257 253
3 235 465 254
3 263 252 255
3 420 245 421
3 236 222 245
3 234 238 241
3 241 238 209
3 241 209 237
3 206 224 212
3 248 422 230
3 255 252 220
3 307 240 233
3 240 237 209
3 242 241 307
3 237 307 241
3 230 236 248
3 253 257 259
3 232 192 186
3 253 261 251
3 1270 1304 1402
3 555 248 489
3 420 421 308
3 261 547 551
3 198 254 258
3 2127 228 238
3 532 2130 475
3 2127 238 234
3 487 236 245
3 318 259 242
3 180 262 301
3 412 534 647
3 260 251 243
3 211 220 246
3 216 231 224
3 220 252 198
3 199 311 314
3 406 255 211
3 465 262 218
3 698 414 409
3 250 219 212
3 220 232 186
3 533 631 532
3 410 263 411
3 257 251 260
3 186 191 246
3 317 234 241
3 257 317 259
3 211 246 219
3 310 303 408
3 307 422 242
3 236 487 248
3 257 260 234
3 315 413 256
3 547 548 484
3 547 253 548
3 314 311 252
3 412 648 474
3 254 218 258
3 419 411 477
3 271 275 277
3 80 270 2120
3 266 83 14
3 80 94 265
3 269 267 268
3 80 265 266
3 499 322 264
3 331 64 136
3 269 268 14
3 270 268 267
3 46 269 14
3 269 122 2134
3 270 267 272
3 278 270 272
3 272 2134 275
3 275 271 272
3 499 2134 122
3 272 271 278
3 12 439 325
3 437 264 325
3 278 279 274
3 287 286 80
3 2134 272 267
3 497 277 275
3 325 264 320
3 146 440 15
3 497 275 273
3 277 276 280
3 279 278 271
3 278 274 2120
3 280 271 277
3 280 279 271
3 333 281 577
3 279 280 282
3 504 580 276
3 283 596 140
3 497 496 276
3 283 64 332
3 332 64 331
3 333 442 281
3 672 673 2153
3 668 674 450
3 443 510 274
3 282 442 279
3 2120 287 80
3 35 286 142
3 510 287 274
3 135 286 287
3 2123 104 106
3 143 288 509
3 509 2245 143
3 511 144 289
3 430 558 432
3 309 420 424
3 51 337 291
3 338 244 436
3 447 340 342
3 87 42 339
3 160 294 456
3 505 36 438
3 87 353 354
3 154 294 160
3 160 295 154
3 296 295 293
3 293 661 581
3 73 40 296
3 184 297 79
3 153 297 165
3 96 298 127
3 196 298 197
3 126 299 96
3 299 113 300
3 138 544 113
3 8 513 138
3 258 180 192
3 207 468 212
3 352 359 344
3 342 343 447
3 312 263 255
3 258 232 198
3 177 226 304
3 194 304 226
3 196 305 177
3 2122 306 305
3 480 543 544
3 478 213 479
3 307 237 240
3 422 307 230
3 308 421 423
3 448 290 335
3 863 1004 866
3 318 242 422
3 408 303 251
3 463 403 402
3 467 413 527
3 472 313 412
3 235 254 311
3 2132 199 2130
3 303 310 415
3 212 219 210
3 410 314 263
3 407 406 250
3 474 475 2129
3 410 411 313
3 255 406 312
3 408 251 261
3 259 317 242
3 234 317 257
3 487 245 309
3 1404 321 7
3 493 2133 437
3 495 437 441
3 26 2128 439
3 322 320 264
3 325 1317 493
3 244 433 436
3 499 264 498
3 322 122 105
3 439 2128 323
3 323 1315 1317
3 433 291 337
3 1029 1023 1026
3 1315 1405 1313
3 1318 1315 323
3 495 498 437
3 607 606 290
3 139 327 130
3 64 283 327
3 503 504 276
3 332 595 283
3 140 329 130
3 330 329 284
3 512 450 674
3 599 664 2123
3 135 331 136
3 332 331 285
3 279 442 443
3 595 333 577
3 276 496 503
3 158 675 150
3 778 703 776
3 289 53 451
3 144 335 145
3 513 335 606
3 319 336 321
3 41 291 336
3 51 15 440
3 384 387 378
3 42 292 339
3 342 292 343
3 492 434 436
3 431 321 244
3 342 339 292
3 340 346 341
3 353 346 355
3 343 292 156
3 340 341 342
3 156 348 347
3 343 156 347
3 447 452 340
3 294 87 354
3 93 88 611
3 369 376 367
3 340 452 352
3 346 344 355
3 156 86 348
3 347 345 515
3 444 85 93
3 345 347 348
3 516 444 445
3 352 344 346
3 368 371 365
3 350 371 368
3 356 351 355
3 360 364 456
3 340 352 346
3 350 361 359
3 346 353 341
3 354 353 351
3 363 360 351
3 364 521 456
3 356 355 344
3 353 355 351
3 344 359 366
3 788 2172 518
3 375 361 368
3 367 371 446
3 457 520 614
3 584 586 507
3 350 359 352
3 366 359 2124
3 363 351 356
3 2171 677 360
3 370 371 350
3 367 378 365
3 361 375 380
3 356 518 363
3 783 786 396
3 677 364 360
3 677 520 364
3 456 521 160
3 383 386 387
3 361 350 368
3 373 2124 361
3 356 366 362
3 453 349 515
3 366 2124 362
3 452 453 350
3 737 377 676
3 379 375 365
3 377 374 376
3 515 516 454
3 612 517 609
3 383 459 388
3 446 371 370
3 361 380 373
3 747 686 746
3 373 395 396
3 389 381 384
3 376 378 367
3 365 375 368
3 375 372 380
3 377 376 369
3 376 374 378
3 676 369 517
3 2125 175 405
3 384 374 389
3 375 379 372
3 365 378 379
3 378 374 384
3 388 385 372
3 380 372 385
3 180 218 262
3 372 379 386
3 745 744 783
3 395 373 380
3 383 391 392
3 524 632 388
3 374 2126 389
3 384 391 387
3 372 386 388
3 397 746 382
3 387 386 379
3 388 386 383
3 378 387 379
3 384 381 391
3 459 383 392
3 385 397 395
3 302 393 389
3 393 394 389
3 357 747 524
3 783 395 382
3 392 391 381
3 383 387 391
3 389 394 381
3 627 392 2135
3 393 302 405
3 393 193 394
3 404 400 193
3 381 394 399
3 385 395 380
3 397 385 632
3 744 786 783
3 2124 396 362
3 382 395 397
3 614 520 519
3 401 681 628
3 381 399 392
3 400 399 394
3 399 400 460
3 404 193 301
3 400 398 460
3 398 402 403
3 392 627 459
3 180 258 218
3 404 398 400
3 262 402 301
3 523 631 684
3 301 402 404
3 398 404 402
3 393 405 200
3 405 302 2125
3 312 417 477
3 413 407 468
3 253 547 261
3 310 408 526
3 415 416 646
3 646 530 698
3 411 263 312
3 313 316 410
3 528 312 407
3 407 413 467
3 313 411 419
3 534 412 313
3 527 315 249
3 407 250 468
3 247 414 315
3 470 303 415
3 416 415 310
3 470 409 414
3 526 525 633
3 471 530 687
3 528 529 417
3 536 647 476
3 461 403 523
3 311 2132 235
3 541 476 539
3 419 534 313
3 421 245 222
3 426 424 420
3 222 229 421
3 423 421 229
3 432 709 426
3 53 2245 451
3 229 213 423
3 429 425 428
3 426 420 308
3 244 338 431
3 545 432 481
3 308 423 428
3 482 308 428
3 425 483 481
3 492 438 36
3 429 478 480
3 429 423 213
3 425 481 482
3 213 478 429
3 544 543 300
3 493 437 325
3 443 442 333
3 28 1403 1404
3 61 436 434
3 481 432 426
3 449 435 427
3 291 433 244
3 583 505 506
3 546 699 700
3 289 451 735
3 590 662 585
3 545 483 546
3 449 427 434
3 492 433 337
3 761 841 700
3 440 438 337
3 343 349 447
3 345 348 444
3 564 2133 494
3 497 495 496
3 36 505 449
3 599 665 450
3 841 545 546
3 515 454 453
3 333 285 443
3 610 454 608
3 143 2245 53
3 633 416 310
3 1358 1291 1354
3 281 442 282
3 453 452 349
3 579 598 660
3 452 447 349
3 511 702 144
3 516 608 454
3 367 446 369
3 443 285 510
3 492 337 438
3 502 496 441
3 370 453 454
3 350 453 370
3 352 452 350
3 615 738 613
3 787 362 786
3 294 354 456
3 360 456 354
3 2243 455 2242
3 593 589 591
3 364 520 521
3 507 583 584
3 392 399 2135
3 627 683 459
3 461 460 398
3 2135 461 629
3 398 403 461
3 463 2131 630
3 683 682 357
3 629 462 2135
3 465 463 402
3 412 474 472
3 418 531 474
3 631 630 464
3 262 465 402
3 254 465 218
3 556 408 261
3 641 638 466
3 749 694 471
3 312 528 417
3 212 468 250
3 469 468 207
3 256 413 469
3 468 469 413
3 303 470 243
3 409 470 415
3 415 646 409
3 633 634 416
3 313 472 316
3 225 418 474
3 475 2130 2129
3 2131 463 235
3 418 473 531
3 475 531 532
3 312 477 411
3 417 419 477
3 417 529 538
3 213 221 479
3 305 479 226
3 480 478 306
3 306 478 479
3 543 480 306
3 480 328 514
3 482 481 426
3 607 425 514
3 308 482 426
3 425 482 428
3 448 699 651
3 432 545 430
3 559 489 490
3 655 556 557
3 722 770 485
3 552 548 553
3 486 559 560
3 653 484 554
3 490 487 309
3 487 490 489
3 491 309 424
3 491 763 657
3 486 728 654
3 248 487 489
3 491 490 309
3 490 488 559
3 558 709 432
3 713 657 711
3 434 492 36
3 433 492 436
3 1317 325 439
3 10 494 2133
3 1232 1269 1270
3 504 571 573
3 495 441 496
3 498 495 273
3 2136 502 564
3 503 502 566
3 277 497 276
3 273 495 497
3 499 498 273
3 437 498 264
3 273 275 2134
3 322 499 122
3 1231 2136 565
3 326 772 1026
3 501 566 568
3 280 580 282
3 564 502 441
3 566 502 500
3 502 503 496
3 504 503 501
3 568 570 501
3 574 573 571
3 506 73 581
3 505 73 506
3 458 582 661
3 583 449 505
3 661 506 581
3 449 507 662
3 576 601 2137
3 595 596 283
3 599 509 288
3 512 2245 450
3 285 135 510
3 287 510 135
3 334 735 451
3 703 511 774
3 671 666 672
3 334 451 512
3 606 335 290
3 138 513 328
3 480 514 429
3 606 514 328
3 347 515 349
3 516 515 345
3 444 516 345
3 608 516 445
3 609 517 608
3 150 675 612
3 787 356 362
3 2172 791 2170
3 2170 791 2174
3 622 625 619
3 615 592 457
3 362 396 786
3 520 457 458
3 522 521 458
3 458 293 522
3 295 522 293
3 385 388 632
3 630 523 403
3 388 459 524
3 696 750 753
3 646 635 530
3 261 551 556
3 525 526 466
3 315 527 413
3 748 527 249
3 407 467 528
3 529 528 467
3 467 527 748
3 540 650 217
3 635 416 634
3 649 692 694
3 532 531 473
3 474 531 475
3 684 631 75
3 2130 532 464
3 537 534 419
3 532 473 533
3 537 539 534
3 538 537 419
3 697 542 541
3 648 225 474
3 648 536 225
3 419 417 538
3 537 535 539
3 691 538 529
3 535 537 538
3 541 539 535
3 534 539 647
3 535 697 541
3 541 542 650
3 476 541 540
3 693 538 691
3 635 688 792
3 2122 543 306
3 300 113 544
3 138 328 544
3 480 544 328
3 481 483 545
3 483 290 651
3 702 699 144
3 546 651 699
3 548 253 259
3 704 551 547
3 318 553 259
3 550 553 555
3 552 554 484
3 526 655 466
3 486 560 712
3 484 548 552
3 704 547 484
3 551 549 556
3 548 259 553
3 554 552 550
3 555 553 318
3 550 552 553
3 802 764 808
3 727 768 554
3 248 555 318
3 559 654 489
3 556 549 557
3 526 408 556
3 704 549 551
3 638 645 636
3 844 761 700
3 803 801 561
3 560 559 488
3 654 559 486
3 657 563 491
3 654 728 727
3 724 1013 718
3 723 763 706
3 765 657 658
3 798 760 758
3 706 709 716
3 706 716 726
3 2133 564 441
3 1311 2136 494
3 1311 494 1312
3 1019 1092 842
3 1150 568 566
3 503 566 501
3 1233 1235 1093
3 571 501 570
3 1150 566 500
3 567 730 570
3 601 1154 1156
3 282 573 660
3 567 570 568
3 571 570 569
3 571 569 574
3 501 571 504
3 576 572 574
3 732 1030 1027
3 660 573 572
3 580 573 282
3 729 576 569
3 573 574 572
3 732 1104 576
3 673 2146 2154
3 569 576 574
3 598 577 281
3 288 108 664
3 597 602 596
3 2148 2183 124
3 729 732 576
3 1156 2137 601
3 598 597 508
3 276 580 280
3 573 580 504
3 73 296 581
3 293 581 296
3 458 521 520
3 586 587 594
3 584 583 506
3 449 583 507
3 661 584 506
3 586 584 587
3 585 586 591
3 591 37 585
3 587 584 582
3 593 621 589
3 582 592 587
3 592 618 587
3 662 435 449
3 586 585 507
3 589 37 591
3 585 37 590
3 587 618 594
3 457 582 458
3 617 592 615
3 618 592 617
3 582 457 592
3 593 591 594
3 591 586 594
3 333 595 332
3 596 595 508
3 577 598 508
3 596 508 597
3 595 577 508
3 578 602 597
3 660 598 281
3 579 597 598
3 370 610 446
3 140 596 602
3 600 602 578
3 2147 2145 600
3 1154 1103 1156
3 1103 575 1182
3 579 578 597
3 140 602 600
3 603 1183 1182
3 599 330 665
3 672 666 284
3 369 446 610
3 671 665 666
3 513 606 328
3 607 290 483
3 425 607 483
3 514 606 607
3 609 608 445
3 610 608 517
3 611 609 445
3 612 609 150
3 369 610 517
3 370 454 610
3 93 611 445
3 150 611 88
3 164 736 163
3 737 676 736
3 738 519 678
3 621 625 588
3 614 738 615
3 614 615 457
3 617 615 679
3 620 781 780
3 593 618 619
3 679 615 613
3 617 616 618
3 619 618 616
3 618 593 594
3 619 616 622
3 621 619 625
3 782 616 679
3 743 741 620
3 589 621 588
3 593 619 621
3 680 679 613
3 622 782 781
3 779 680 739
3 628 681 462
3 2167 2166 623
3 624 626 741
3 626 588 625
3 462 681 627
3 620 741 622
3 357 524 683
3 461 523 629
3 462 629 684
3 629 523 684
3 463 630 403
3 464 532 631
3 75 631 533
3 523 630 631
3 526 633 310
3 686 390 746
3 634 633 525
3 637 634 525
3 530 635 687
3 636 690 637
3 690 635 634
3 638 637 525
3 641 645 638
3 638 525 466
3 949 1160 852
3 641 466 644
3 636 637 638
3 2176 636 838
3 752 753 750
3 641 644 640
3 758 760 642
3 644 557 642
3 645 641 855
3 756 755 549
3 758 557 755
3 814 817 815
3 860 818 856
3 644 466 655
3 640 644 642
3 855 641 640
3 645 643 944
3 635 646 416
3 698 530 695
3 476 647 539
3 412 647 648
3 536 648 647
3 649 691 692
3 696 542 697
3 541 650 540
3 794 650 542
3 448 651 290
3 546 483 651
3 656 761 844
3 657 713 563
3 723 706 726
3 755 557 549
3 550 555 654
3 489 654 555
3 556 655 526
3 644 655 557
3 703 2164 2155
3 860 941 938
3 922 864 868
3 763 424 710
3 711 485 719
3 726 562 878
3 2175 708 799
3 550 727 554
3 660 572 2137
3 282 660 281
3 458 661 293
3 584 661 582
3 585 662 507
3 435 662 590
3 730 729 569
3 1022 1025 1029
3 664 104 2123
3 288 664 599
3 284 666 330
3 665 330 666
3 2140 2143 137
3 733 334 512
3 668 671 605
3 2150 2151 2154
3 673 284 2144
3 674 668 2139
3 2142 667 2138
3 605 2141 2139
3 670 2140 2159
3 671 668 665
3 2142 671 669
3 673 672 284
3 671 672 669
3 140 600 2145
3 578 1155 2147
3 2139 668 605
3 674 670 733
3 369 676 377
3 163 612 675
3 517 612 676
3 2171 360 363
3 520 677 519
3 2173 779 2174
3 623 780 2167
3 617 679 616
3 738 739 613
3 742 3 743
3 741 626 625
3 459 683 524
3 682 681 401
3 681 682 627
3 627 682 683
3 75 628 684
3 684 628 462
3 746 397 632
3 746 745 382
3 762 793 769
3 752 793 796
3 635 690 2176
3 687 689 471
3 695 748 249
3 750 749 471
3 637 690 634
3 752 853 753
3 692 691 529
3 693 691 649
3 748 529 467
3 692 695 694
3 693 649 696
3 535 538 693
3 692 748 695
3 530 471 694
3 249 414 698
3 530 694 695
3 649 749 696
3 689 687 792
3 535 693 697
3 696 697 693
3 646 698 409
3 249 698 695
3 144 699 448
3 700 699 652
3 652 2155 844
3 719 713 711
3 702 703 2155
3 1006 656 2233
3 702 511 703
3 699 702 652
3 511 289 735
3 703 774 776
3 484 653 704
3 549 704 653
3 560 713 719
3 903 905 902
3 837 558 430
3 761 714 837
3 757 721 708
3 714 849 837
3 719 485 806
3 765 921 717
3 849 863 716
3 709 710 426
3 724 561 707
3 426 710 424
3 491 563 488
3 658 766 765
3 871 869 867
3 712 719 806
3 711 657 765
3 724 764 561
3 850 725 1090
3 757 756 653
3 717 921 715
3 1005 875 1004
3 863 849 807
3 902 724 718
3 720 994 2182
3 850 722 725
3 770 722 850
3 1089 901 839
3 485 711 717
3 707 561 804
3 567 1091 1019
3 994 850 851
3 488 563 560
3 757 797 768
3 705 798 758
3 485 717 722
3 806 485 770
3 768 659 928
3 763 723 657
3 803 805 801
3 890 883 880
3 768 928 721
3 839 770 720
3 562 726 716
3 727 550 654
3 768 727 659
3 719 712 560
3 727 728 659
3 569 570 730
3 732 729 1030
3 842 730 567
3 729 730 1020
3 663 1022 772
3 1102 1027 731
3 1030 729 663
3 1027 1030 1101
3 674 733 512
3 2140 670 2139
3 2158 2157 734
3 334 767 735
3 767 334 2156
3 511 735 774
3 163 736 612
3 736 164 737
3 164 175 737
3 2125 737 175
3 519 738 614
3 739 738 678
3 789 791 788
3 680 613 739
3 845 790 455
3 789 740 785
3 622 741 625
3 620 780 742
3 742 743 620
3 741 743 624
3 685 21 784
3 3 624 743
3 787 740 788
3 390 685 745
3 745 685 784
3 746 632 747
3 745 746 390
3 524 747 632
3 357 686 747
3 694 749 649
3 529 748 692
3 750 471 689
3 689 752 750
3 696 749 750
3 689 792 769
3 769 752 689
3 853 795 794
3 751 795 853
3 542 696 753
3 1031 852 931
3 795 217 794
3 756 549 653
3 758 755 705
3 653 554 797
3 705 755 756
3 713 560 563
3 756 757 2175
3 801 800 799
3 557 758 642
3 806 770 839
3 805 759 800
3 805 819 816
3 642 760 812
3 761 656 714
3 761 837 841
3 1010 808 905
3 726 658 723
3 424 763 491
3 710 709 706
3 658 726 878
3 921 765 766
3 21 790 846
3 845 455 2243
3 712 728 486
3 849 716 558
3 762 769 688
3 1017 717 715
3 728 712 659
3 757 768 721
3 688 2176 762
3 1093 929 1095
3 722 717 1017
3 901 708 721
3 706 763 710
3 798 800 759
3 1153 1181 1096
3 1020 1021 1022
3 2158 734 604
3 777 775 776
3 777 735 767
3 2158 2160 773
3 2235 4 2234
3 2164 701 2155
3 777 776 774
3 778 776 775
3 735 777 774
3 777 773 2160
3 775 2160 2162
3 2239 2237 2238
3 2174 739 678
3 2174 779 739
3 620 622 781
3 623 742 780
3 622 616 782
3 680 2169 782
3 679 680 782
3 2168 2166 2167
3 395 783 396
3 745 783 382
3 786 740 787
3 745 784 744
3 785 784 846
3 788 518 787
3 785 744 784
3 787 518 356
3 744 785 786
3 789 788 740
3 740 786 785
3 21 846 784
3 845 791 789
3 678 519 2170
3 846 789 785
3 358 2173 2242
3 635 792 687
3 769 792 688
3 838 762 2176
3 768 797 554
3 650 794 217
3 753 794 542
3 751 752 796
3 757 653 797
3 1031 796 793
3 754 751 796
3 2175 800 705
3 759 760 798
3 2175 799 800
3 799 708 804
3 705 800 798
3 708 901 804
3 801 804 561
3 800 801 805
3 764 802 803
3 815 816 813
3 803 561 764
3 803 802 805
3 770 850 720
3 862 903 907
3 808 810 802
3 805 802 854
3 721 928 839
3 658 657 723
3 835 827 820
3 810 811 854
3 716 709 558
3 808 1010 2181
3 862 909 912
3 813 825 814
3 799 804 801
3 810 809 811
3 813 819 821
3 642 812 640
3 816 815 760
3 812 760 815
3 821 819 822
3 817 818 640
3 822 819 811
3 818 938 855
3 816 760 759
3 814 815 813
3 759 805 816
3 819 805 811
3 815 817 812
3 817 814 818
3 828 814 825
3 856 818 814
3 809 823 822
3 813 816 819
3 820 822 823
3 823 833 820
3 827 821 820
3 813 821 825
3 809 822 811
3 820 821 822
3 809 831 829
3 809 829 823
3 829 834 823
3 857 858 859
3 827 825 821
3 828 825 824
3 2156 773 767
3 830 836 833
3 962 832 952
3 825 827 824
3 857 859 936
3 814 828 856
3 810 2181 809
3 836 832 848
3 1005 714 656
3 934 936 859
3 902 905 764
3 826 829 831
3 834 830 833
3 840 843 932
3 826 834 829
3 830 834 832
3 848 840 836
3 950 952 834
3 833 835 820
3 833 823 834
3 652 844 700
3 834 952 832
3 841 837 430
3 832 836 830
3 762 852 1031
3 700 841 546
3 712 806 928
3 848 843 840
3 837 849 558
3 844 701 2233
3 834 826 950
3 987 904 1011
3 846 790 845
3 835 836 840
3 846 845 789
3 827 840 824
3 807 849 714
3 1417 1411 1415
3 855 938 643
3 777 767 773
3 752 769 793
3 1014 1089 2182
3 827 835 840
3 954 957 984
3 754 931 639
3 835 833 836
3 545 841 430
3 943 946 838
3 765 717 711
3 883 890 897
3 753 853 794
3 903 718 908
3 944 943 636
3 751 853 752
3 810 854 802
3 811 805 854
3 645 855 643
3 640 818 855
3 828 858 856
3 858 860 856
3 859 858 828
3 942 979 941
3 859 828 824
3 857 968 858
3 824 932 859
3 932 934 859
3 937 857 936
3 643 938 940
3 915 912 910
3 998 2246 961
3 908 906 907
3 862 907 909
3 866 1004 867
3 562 716 863
3 900 883 897
3 869 866 867
3 2241 2234 2237
3 871 873 869
3 900 873 883
3 866 864 562
3 869 864 866
3 866 562 863
3 878 864 922
3 1004 863 807
3 889 874 2244
3 868 864 869
3 873 868 869
3 894 870 886
3 872 871 867
3 2179 872 875
3 872 877 871
3 877 879 871
3 883 873 879
3 867 875 872
3 874 889 877
3 884 887 880
3 875 1005 1006
3 879 873 871
3 874 877 872
3 877 876 879
3 878 766 658
3 562 864 878
3 881 884 880
3 881 879 876
3 1018 725 1017
3 881 883 879
3 876 886 884
3 883 881 880
3 893 890 892
3 882 884 886
3 924 926 927
3 876 884 881
3 887 865 892
3 889 886 876
3 865 888 893
3 882 886 870
3 1110 898 896
3 884 882 887
3 924 922 923
3 877 889 876
3 2180 2244 2179
3 892 890 880
3 893 892 865
3 872 2179 874
3 870 894 2240
3 887 892 880
3 885 896 1007
3 889 894 886
3 893 888 896
3 889 2244 894
3 893 896 898
3 1110 1111 986
3 1197 1080 1053
3 897 890 898
3 890 893 898
3 895 899 900
3 885 1111 896
3 897 898 1069
3 924 715 921
3 1015 923 868
3 895 900 897
3 873 900 899
3 839 901 721
3 804 901 707
3 903 902 718
3 764 724 902
3 1009 718 1013
3 903 862 905
3 850 1090 851
3 909 906 913
3 912 915 862
3 808 764 905
3 916 911 913
3 955 826 959
3 908 907 903
3 909 907 906
3 987 718 1009
3 908 987 1011
3 906 1011 913
3 972 967 910
3 919 917 912
3 972 910 977
3 1112 1113 916
3 912 917 910
3 909 913 919
3 967 959 966
3 906 908 1011
3 919 913 1118
3 1012 1057 1059
3 955 951 953
3 809 2181 831
3 915 1010 862
3 1040 1044 976
3 991 976 1112
3 919 912 909
3 914 1165 977
3 1058 1060 1059
3 950 953 861
3 1118 913 911
3 917 919 914
3 1013 724 1014
3 720 850 994
3 766 922 921
3 868 923 922
3 922 766 878
3 873 1015 868
3 899 895 1119
3 924 921 922
3 926 899 925
3 924 923 926
3 1008 1196 1065
3 927 715 924
3 899 926 923
3 926 925 927
3 1037 1018 1115
3 1017 927 1018
3 712 928 659
3 806 839 928
3 1097 1019 1093
3 1024 1092 1095
3 1022 1021 1025
3 1020 842 1021
3 1031 754 796
3 1162 931 852
3 840 932 824
3 982 971 965
3 2189 1330 1193
3 937 968 857
3 965 932 843
3 984 980 954
3 934 932 965
3 942 968 937
3 1106 1158 969
3 935 936 934
3 935 933 936
3 949 762 946
3 818 860 938
3 940 938 941
3 860 942 941
3 946 943 947
3 943 940 939
3 944 940 943
3 860 968 942
3 939 940 941
3 988 942 975
3 948 945 947
3 943 939 947
3 636 943 838
3 645 944 636
3 643 940 944
3 948 939 979
3 1108 948 1159
3 949 946 945
3 762 838 946
3 948 947 939
3 946 947 945
3 979 988 948
3 1162 639 931
3 1160 949 945
3 762 949 852
3 955 953 950
3 950 861 952
3 1003 2177 2178
3 861 961 958
3 960 861 953
3 1184 996 993
3 955 950 826
3 951 2177 960
3 1187 1032 933
3 952 861 958
3 959 826 831
3 959 967 973
3 970 2178 973
3 969 1035 983
3 971 985 965
3 832 980 848
3 861 960 961
3 998 997 1238
3 831 966 959
3 915 967 966
3 951 960 953
3 960 956 961
3 1187 933 935
3 1001 997 999
3 958 962 952
3 1240 2246 1239
3 935 985 1034
3 980 832 962
3 988 969 983
3 1189 1192 1193
3 964 983 1035
3 962 954 980
3 2181 966 831
3 967 915 910
3 917 977 910
3 973 955 959
3 858 968 860
3 988 979 942
3 975 937 1106
3 1158 1035 969
3 1043 1045 1041
3 920 994 989
3 937 933 1032
3 848 984 982
3 970 973 967
3 955 973 951
3 972 970 967
3 1244 970 972
3 941 979 939
3 1244 972 918
3 1109 1035 992
3 1158 5 1035
3 1033 976 991
3 1018 1037 1036
3 914 977 917
3 918 972 977
3 1078 1121 1075
3 993 997 1001
3 1275 962 958
3 983 964 1159
3 1184 1238 996
3 718 987 908
3 851 1090 1036
3 1113 1112 976
3 1326 2191 2192
3 965 848 982
3 974 1109 992
3 981 1033 991
3 984 2192 982
3 985 935 934
3 975 942 937
3 1187 1107 1032
3 920 989 1009
3 920 2182 994
3 851 981 989
3 969 988 975
3 1187 935 1034
3 1108 945 948
3 1033 1040 976
3 1039 1037 1016
3 1665 1666 1521
3 1275 954 962
3 1106 937 1032
3 1018 927 1115
3 848 965 843
3 981 1036 1033
3 956 1003 1002
3 965 985 934
3 1068 1119 1063
3 933 937 936
3 1211 1257 1205
3 1376 1293 1291
3 1240 1321 1320
3 1184 993 995
3 999 997 961
3 993 996 997
3 961 997 998
3 997 996 1238
3 961 956 999
3 999 956 1002
3 1078 1067 1121
3 1203 1206 1201
3 1002 1001 999
3 1000 1281 1250
3 956 2177 1003
3 1001 1002 1000
3 1123 1166 1165
3 1000 1002 1003
3 1005 1004 807
3 867 1004 875
3 714 1005 807
3 1006 1005 656
3 2165 1006 2233
3 701 2164 2165
3 1046 1049 1042
3 896 888 1007
3 904 987 991
3 981 1009 989
3 1009 981 991
3 862 1010 905
3 915 966 2181
3 904 916 1011
3 913 1011 916
3 1042 1117 1047
3 911 1060 1067
3 1014 724 707
3 1009 1013 920
3 707 901 1089
3 920 1013 1014
3 873 899 1015
3 899 923 1015
3 1037 1038 1016
3 904 1112 916
3 722 1017 725
3 715 927 1017
3 925 1038 1115
3 1036 981 851
3 567 1019 842
3 1028 1152 930
3 729 1020 663
3 842 1020 730
3 1021 1024 1025
3 1025 1024 1028
3 1020 1022 663
3 1031 793 762
3 1101 772 326
3 1021 1092 1024
3 1151 1093 1019
3 1024 1152 1028
3 1102 1154 1027
3 1029 1026 772
3 1104 1027 1154
3 930 1023 1028
3 1023 1025 1028
3 1022 1029 772
3 1023 1029 1025
3 1101 731 1027
3 772 1030 663
3 754 1031 931
3 1069 986 1063
3 980 984 848
3 1036 1037 1039
3 2193 985 971
3 983 1159 988
3 970 978 2178
3 5 992 1035
3 991 987 1009
3 1040 1033 1039
3 851 989 994
3 1039 1016 1040
3 1061 1063 986
3 1036 1039 1033
3 1043 1016 1116
3 1040 1016 1043
3 1064 1048 1050
3 1042 1047 1044
3 1044 1043 1046
3 1050 1048 1049
3 1116 1016 1038
3 1046 1043 1041
3 1043 1044 1040
3 1055 1117 1054
3 1068 1063 1045
3 986 1111 1061
3 1050 1049 1046
3 1044 1046 1042
3 1060 1114 1012
3 976 1044 1047
3 1132 1138 1142
3 1049 1054 1042
3 1050 1046 1041
3 1197 1053 1196
3 1052 1050 1041
3 1065 1053 1064
3 1053 1056 1064
3 1012 1055 1057
3 1045 1062 1041
3 1063 1061 1062
3 1196 1008 1195
3 1120 1059 1057
3 1079 1049 1048
3 1077 1048 1056
3 1072 1074 1120
3 1117 1012 1047
3 1048 1064 1056
3 1202 1244 1245
3 1072 1054 1079
3 1120 1071 1059
3 1057 1055 1072
3 1078 1123 1067
3 1054 1049 1079
3 1058 1067 1060
3 1114 916 1113
3 1012 1059 1060
3 1008 1052 1061
3 1062 1061 1052
3 1041 1062 1052
3 1062 1045 1063
3 1045 1116 1068
3 1063 895 1069
3 1050 1052 1065
3 1048 1077 1079
3 1050 1065 1064
3 1052 1008 1065
3 1087 1080 1086
3 1066 1071 1120
3 1071 1075 1058
3 1118 1067 1123
3 1038 925 1068
3 1119 1068 925
3 897 1069 895
3 1110 1069 898
3 1071 1058 1059
3 1246 1244 1202
3 1066 1171 1075
3 1054 1072 1055
3 1066 1074 1167
3 1070 1124 1072
3 1202 1200 1247
3 1085 1124 1083
3 1167 1168 2184
3 1066 1075 1071
3 1075 1073 1078
3 1124 1074 1072
3 1083 1070 1077
3 1053 1080 1056
3 1070 1072 1079
3 1078 1073 1164
3 1123 914 1118
3 1079 1077 1070
3 1081 1084 1088
3 1081 1083 1084
3 1077 1084 1083
3 1081 1128 1085
3 1084 1077 1056
3 1086 1082 1087
3 1083 1081 1085
3 1087 1056 1080
3 1084 1087 1088
3 1126 1081 1088
3 1128 1130 1139
3 1088 1087 1082
3 1080 771 1086
3 1056 1087 1084
3 1082 1076 1088
3 1126 1088 1076
3 2182 839 720
3 707 1089 1014
3 725 1018 1090
3 1036 1090 1018
3 1150 567 568
3 1231 565 1178
3 842 1092 1021
3 1151 1019 1091
3 1019 1097 1092
3 1152 1095 1098
3 1093 1151 1233
3 1095 929 1098
3 929 1093 1235
3 1092 1097 1095
3 1093 1095 1097
3 1271 1153 929
3 1271 929 1235
3 1152 1100 930
3 929 1153 1098
3 1153 1096 1098
3 772 1101 1030
3 1098 1096 1100
3 326 731 1101
3 731 575 1102
3 1102 575 1103
3 1182 1183 1236
3 1156 579 2137
3 576 1104 601
3 732 1027 1104
3 1272 1105 1241
3 1327 984 1322
3 1107 1335 1032
3 969 975 1106
3 1158 1334 5
3 1329 1278 1336
3 1194 964 1109
3 1161 639 1162
3 1109 974 1194
3 1035 1109 964
3 1111 1110 896
3 1069 1110 986
3 1195 1111 885
3 1061 1111 1008
3 991 1112 904
3 1113 976 1047
3 1012 1113 1047
3 911 1114 1060
3 916 1114 911
3 1012 1114 1113
3 925 1115 927
3 1037 1115 1038
3 1068 1116 1038
3 1043 1116 1045
3 1054 1117 1042
3 1012 1117 1055
3 919 1118 914
3 911 1067 1118
3 899 1119 925
3 1063 1119 895
3 1072 1120 1057
3 1066 1120 1074
3 1067 1058 1121
3 1075 1121 1058
3 1173 1125 1135
3 1208 1210 1201
3 1198 1166 1123
3 977 1165 918
3 1083 1124 1070
3 1168 1124 1085
3 1131 1133 1130
3 1167 1170 1066
3 1128 1129 1130
3 1081 1126 1128
3 1129 1126 1076
3 1129 1128 1126
3 1127 1131 1130
3 1076 1127 1129
3 1130 1129 1127
3 1132 1142 1146
3 1133 1135 1139
3 1127 1051 1131
3 1131 1051 1136
3 1138 1136 1137
3 1143 1142 1138
3 1132 1135 1133
3 1130 1133 1139
3 1164 1073 1258
3 1131 1136 1133
3 1136 1138 1132
3 1139 1135 2184
3 1132 1133 1136
3 1134 1140 1137
3 1136 1051 1137
3 1138 1137 1140
3 2184 1135 1125
3 1085 1128 1139
3 1263 1148 1143
3 1132 1146 1135
3 1141 1142 1143
3 1141 1143 1148
3 1143 1138 1140
3 1141 1144 1146
3 1134 1145 1140
3 1143 1140 1145
3 1141 1149 1177
3 1171 1066 1170
3 1227 1145 1226
3 1145 1227 1264
3 1141 1146 1142
3 1146 1144 1173
3 1248 1211 1205
3 1141 1148 1149
3 1263 1143 1145
3 1148 1147 1268
3 1268 1149 1148
3 1164 1258 1212
3 1231 1150 500
3 567 1150 1091
3 1091 1178 1151
3 1232 2187 1234
3 1095 1152 1024
3 1100 1152 1098
3 1154 601 1104
3 1181 1180 0
3 1102 1103 1154
3 1103 1182 1236
3 2145 2146 673
3 578 579 1156
3 1274 1255 1256
3 1272 1241 1157
3 1189 1193 1336
3 1159 948 988
3 945 1108 1160
3 964 1108 1159
3 1162 1160 1194
3 852 1160 1162
3 1194 1161 1162
3 1160 1108 1194
3 1073 1171 1172
3 1195 1008 1111
3 1164 1122 1199
3 914 1123 1165
3 1198 1123 1078
3 1199 1200 1166
3 1165 1166 1245
3 1168 1167 1074
3 1125 1225 1170
3 1124 1168 1074
3 1085 1139 2184
3 1225 1173 1174
3 1224 1222 1174
3 1125 1170 1167
3 1171 1170 1169
3 1172 1171 1169
3 1171 1073 1075
3 1169 1225 1174
3 1216 1219 1306
3 1146 1173 1135
3 1173 1144 1174
3 1177 1144 1141
3 1169 1174 1222
3 1228 1264 1227
3 1226 1175 1227
3 1265 1229 1264
3 1260 1259 1149
3 1174 1144 1177
3 1231 1178 1091
3 1269 1178 565
3 1178 1269 1234
3 1235 2185 1094
3 575 603 1182
3 1153 1099 1180
3 1180 1181 1153
3 603 2183 1183
3 1155 578 1183
3 1236 578 1156
3 1273 1184 995
3 1238 1184 1157
3 993 1252 1253
3 1289 1292 1286
3 1186 1241 1242
3 2246 1240 1275
3 1189 1187 1034
3 1189 1107 1187
3 1190 1188 2189
3 2189 1193 1192
3 1034 2197 1192
3 1329 1330 1331
3 2197 2193 2191
3 1320 957 1240
3 1335 1107 1336
3 1412 1665 1323
3 1034 1192 1189
3 1329 1193 1330
3 1194 1108 964
3 1191 1243 1278
3 974 1161 1194
3 885 1163 1195
3 1195 1163 1196
3 1197 1196 1163
3 1065 1196 1053
3 1163 771 1197
3 1080 1197 771
3 1078 1164 1198
3 1199 1198 1164
3 1200 1199 1122
3 1198 1199 1166
3 1200 1122 1203
3 978 1244 1246
3 1122 1164 1212
3 1208 1201 1206
3 1166 1200 1202
3 1205 1247 1203
3 1212 1213 1122
3 1201 1248 1203
3 1214 1204 1213
3 1221 1204 1216
3 1211 1248 1210
3 1246 1003 2178
3 1122 1206 1203
3 1223 1204 1221
3 1273 1255 1274
3 1281 1279 1249
3 1223 1206 1204
3 1207 1287 1210
3 2190 1286 1282
3 1252 993 1250
3 1207 1210 1208
3 1210 1209 1211
3 1279 1211 1209
3 1281 1211 1279
3 1212 1172 1220
3 1206 1213 1204
3 1122 1213 1206
3 1214 1213 1212
3 1222 1217 1220
3 1306 1260 1305
3 1208 1223 1207
3 1204 1214 1216
3 1219 1216 1214
3 1216 1215 1218
3 1214 1220 1219
3 1259 1177 1149
3 1302 1176 1300
3 1290 1283 1337
3 1214 1212 1220
3 1219 1217 1306
3 1222 1220 1172
3 1217 1219 1220
3 1216 1218 1221
3 1338 1223 1218
3 1169 1222 1172
3 1174 1177 1224
3 1223 1208 1206
3 1218 1223 1221
3 1259 1224 1177
3 1217 1222 1224
3 1170 1225 1169
3 1173 1225 1125
3 239 1228 1261
3 1145 1134 1226
3 1175 1228 1227
3 1297 1176 1295
3 1263 1229 1147
3 1311 1304 1270
3 1265 1267 1229
3 1294 1229 1267
3 1302 1303 1176
3 1150 1231 1091
3 1231 500 2136
3 565 1311 1270
3 1234 2185 1233
3 1234 1233 1151
3 2185 1234 2187
3 1178 1234 1151
3 2187 2188 1179
3 1233 2185 1235
3 1235 1094 1271
3 1103 1236 1156
3 1183 578 1236
3 1237 1272 1273
3 1328 1475 1277
3 1241 1238 1157
3 1239 1238 1186
3 1239 1186 1240
3 998 1238 1239
3 1242 1408 1321
3 1275 1240 957
3 1242 1241 1105
3 1238 1241 1186
3 1242 1105 1328
3 1322 957 1320
3 970 1244 978
3 1278 1334 1335
3 1245 1244 918
3 1165 1245 918
3 1166 1202 1245
3 1247 1246 1202
3 1257 1246 1205
3 1203 1247 1200
3 1246 1247 1205
3 1203 1248 1205
3 1210 1248 1201
3 995 1253 1255
3 1001 1250 993
3 1000 1250 1001
3 1249 1282 1252
3 1280 1249 1279
3 1286 1251 1282
3 1249 1252 1250
3 1253 1252 1251
3 1255 1253 1292
3 993 1253 995
3 1282 1251 1252
3 1338 1342 1290
3 1292 1253 1251
3 1256 1255 1254
3 1293 1254 1289
3 1274 1185 1237
3 1000 1003 1257
3 1246 1257 1003
3 1073 1172 1258
3 1172 1212 1258
3 1268 1260 1149
3 1224 1259 1217
3 1307 1303 1305
3 1259 1260 1306
3 1453 1391 1395
3 1228 1175 1261
3 1291 1358 1364
3 1148 1263 1147
3 1145 1229 1263
3 1265 1264 1228
3 1145 1264 1229
3 1314 1304 1312
3 1295 1294 1267
3 1438 1675 1643
3 1268 1294 1230
3 1466 1467 1699
3 1307 1295 1176
3 1294 1268 1147
3 1260 1268 1230
3 1270 1269 565
3 1234 1269 1232
3 1313 1407 1474
3 1270 1402 1472
3 1094 1099 1271
3 1271 1099 1153
3 1273 1272 1157
3 1520 1272 1237
3 1255 1273 995
3 1184 1273 1157
3 1185 1274 1256
3 1237 1273 1274
3 954 1275 957
3 2246 1275 958
3 1325 1323 1324
3 984 957 1322
3 1105 1520 1328
3 1441 1392 1439
3 1334 1278 1243
3 1189 1336 1107
3 1280 1279 1209
3 1250 1281 1249
3 1287 1337 1285
3 1280 1209 1285
3 1000 1257 1281
3 1211 1281 1257
3 1249 1280 1282
3 2190 1285 1288
3 1223 1338 1207
3 1298 1296 1297
3 1207 1338 1290
3 1289 1284 1351
3 1287 1285 1209
3 1288 1285 1283
3 2190 1282 1280
3 1289 1286 1284
3 1210 1287 1209
3 1287 1207 1290
3 1353 1350 1352
3 1284 1286 2190
3 1289 1351 1293
3 1292 1289 1254
3 1301 1303 1302
3 1176 1297 1300
3 1352 1288 1353
3 1372 1362 1364
3 1255 1292 1254
3 1286 1292 1251
3 1364 1376 1291
3 1293 1373 1437
3 1294 1295 1230
3 1229 1294 1147
3 1298 1297 1295
3 1308 1296 1298
3 1349 1345 1347
3 1298 1295 1267
3 1296 1348 1300
3 1267 1265 1298
3 1433 1649 1430
3 1456 1308 1298
3 1421 1290 1342
3 1296 1300 1297
3 1344 1302 1299
3 1339 1301 1343
3 1301 1339 1340
3 1299 1302 1300
3 1301 1340 1303
3 1215 1305 1303
3 1260 1230 1307
3 336 1319 31
3 1310 1348 1296
3 1306 1305 1215
3 1307 1305 1260
3 1306 1215 1216
3 1259 1306 1217
3 1295 1307 1230
3 1176 1303 1307
3 1575 1580 1578
3 1432 1434 2203
3 1456 1298 1265
3 1462 1464 1460
3 1456 1262 1308
3 1425 1349 1424
3 1311 565 2136
3 1312 494 10
3 1312 10 1314
3 1311 1312 1304
3 1315 1314 10
3 1405 1315 1318
3 10 1317 1315
3 1407 1316 1402
3 2128 1318 323
3 1313 1314 1315
3 1313 1474 1314
3 1402 1471 1472
3 493 1317 10
3 323 1317 439
3 31 1319 1318
3 1319 1403 1318
3 1472 1471 34
3 1403 1319 319
3 1321 1240 1186
3 1322 1320 1276
3 1242 1321 1186
3 1276 1320 1321
3 1324 1322 1276
3 1324 1327 1322
3 1276 1325 1324
3 1325 1412 1323
3 1325 1276 1408
3 2195 1327 1323
3 1328 1325 1242
3 1410 1325 1328
3 2195 1521 1669
3 2197 2191 2194
3 1323 1327 1324
3 984 1327 1326
3 1520 1237 1409
3 1328 1277 1410
3 1331 1330 1333
3 1191 1278 1329
3 1333 1330 1188
3 1191 1329 1331
3 990 1523 1332
3 1671 1418 1332
3 1523 1525 1671
3 1333 1188 1523
3 1331 1333 990
3 5 1334 1243
3 1334 1158 1335
3 1158 1106 1335
3 1032 1335 1106
3 1329 1336 1193
3 1335 1336 1278
3 1285 1337 1283
3 1287 1290 1337
3 1339 1218 1340
3 1339 1338 1218
3 1344 1341 1343
3 1338 1339 1342
3 1218 1215 1340
3 1340 1215 1303
3 1341 1344 1345
3 1357 1353 1359
3 1343 1342 1339
3 1421 1342 1422
3 1344 1343 1301
3 1342 1343 1341
3 1302 1344 1301
3 1344 1299 1345
3 1299 1348 1347
3 1299 1347 1345
3 1428 2203 1427
3 1351 1352 1354
3 1299 1300 1348
3 1349 1347 1346
3 1296 1308 1310
3 1346 1347 1348
3 1348 1310 1433
3 1354 1291 1351
3 1357 1350 1353
3 1365 1374 1377
3 1352 1351 1284
3 1291 1293 1351
3 1288 1352 1284
3 1352 1350 1354
3 1288 1283 1353
3 1421 1422 2202
3 1366 1350 1363
3 1354 1361 1358
3 1425 1424 1423
3 1361 1356 1358
3 1436 1369 1371
3 1437 1373 1632
3 1359 1353 1283
3 1363 1357 1355
3 1361 1354 1350
3 1356 1372 1364
3 1283 1290 1421
3 1357 1359 2202
3 1360 1363 1374
3 1369 1360 1370
3 1363 1350 1357
3 1361 1366 1367
3 1436 1371 1356
3 1378 1387 1362
3 1355 1377 1374
3 1366 1363 1360
3 1356 1364 1358
3 1362 1373 1376
3 1428 1427 1349
3 1369 1370 1368
3 1367 1366 1360
3 1350 1366 1361
3 1369 1367 1360
3 1361 1367 1436
3 1399 1389 1647
3 1388 1383 1382
3 1360 1374 1370
3 1369 1368 1371
3 1429 1424 1427
3 1365 1429 1435
3 1375 1381 1383
3 1372 1378 1362
3 1386 1371 1642
3 1397 1373 1362
3 1387 1397 1362
3 1254 1437 1256
3 1355 1374 1363
3 1374 1365 1631
3 1386 1381 1372
3 1375 1378 1381
3 1362 1376 1364
3 1293 1376 1373
3 2202 1423 1355
3 1424 1377 1423
3 1372 1356 1386
3 1392 1396 1375
3 1368 1641 1371
3 1380 1387 1396
3 1385 1375 1383
3 1639 1484 1638
3 1372 1381 1378
3 2206 1383 1381
3 1371 1641 1642
3 1435 1431 1672
3 2206 1381 1379
3 1388 1385 1383
3 1384 1388 1390
3 1395 1384 1401
3 1395 1385 1384
3 1385 1451 1375
3 1371 1386 1356
3 1381 1386 1379
3 1375 1387 1378
3 1380 1393 1397
3 1691 1390 1388
3 1384 1385 1388
3 2206 1642 1643
3 1394 1399 1692
3 1691 1388 1382
3 1399 1398 1390
3 1384 1390 1398
3 1448 1440 1446
3 1392 1375 1451
3 1392 1451 1439
3 1441 1440 1450
3 1688 1632 1636
3 1399 1394 1398
3 1499 1662 1511
3 1384 1398 1401
3 1395 1391 1439
3 1375 1396 1387
3 1392 1380 1396
3 1380 1397 1387
3 1373 1397 1393
3 1399 1390 1389
3 1821 1401 1394
3 1554 1673 1438
3 1740 1692 1399
3 1664 847 1660
3 1444 1455 1443
3 1394 1401 1398
3 1401 1400 1453
3 1404 1403 319
3 1406 1473 324
3 321 1404 319
3 28 1404 7
3 1318 1403 1405
3 1403 28 1473
3 1313 1405 1406
3 1405 1403 1473
3 1316 1407 324
3 1304 1474 1402
3 1321 1408 1276
3 1242 1325 1408
3 1479 1652 1185
3 1441 1646 1380
3 1413 1410 1277
3 1325 1410 1412
3 1411 1413 1415
3 1416 1419 1417
3 1413 1412 1410
3 1412 1413 1665
3 1477 1481 1277
3 1413 1411 1665
3 1478 1475 1409
3 1482 1490 1445
3 1481 1413 1277
3 1497 1417 1415
3 1492 1488 1485
3 1670 1420 2198
3 1497 1415 1414
3 1190 1522 1524
3 1523 990 1333
3 1419 1666 1417
3 1188 1524 1523
3 1416 2198 1420
3 1342 1341 1422
3 1418 2201 1670
3 1283 1421 1359
3 1423 1422 1341
3 1422 1423 2202
3 1341 1345 1425
3 1355 1423 1377
3 1427 1424 1349
3 1365 1377 1424
3 1341 1425 1423
3 1349 1425 1345
3 1558 1563 1544
3 1429 1426 1526
3 1428 1349 1346
3 1429 1427 1426
3 1432 1433 1430
3 1428 1346 1432
3 1526 1435 1429
3 1424 1429 1365
3 1461 1458 1262
3 1527 1528 1426
3 2203 1426 1427
3 1531 1528 1527
3 1433 1432 1346
3 1434 1432 1430
3 1348 1433 1346
3 1650 1457 1464
3 1430 1468 1469
3 1431 1526 1528
3 1546 1547 1672
3 1435 1672 1631
3 1361 1436 1356
3 1369 1436 1367
3 1293 1437 1254
3 1632 1373 1393
3 1530 1546 1431
3 1431 1528 1530
3 1442 1439 1391
3 1442 1441 1439
3 1444 1440 1442
3 1440 1444 1446
3 1440 1448 1450
3 1380 1392 1441
3 1506 1455 1454
3 1441 1442 1440
3 1391 1453 1454
3 1486 1491 1496
3 1391 1444 1442
3 1507 1505 2204
3 1497 1416 1417
3 1475 1477 1277
3 1443 1446 1444
3 1446 1490 1482
3 1486 1488 1476
3 1479 2247 1478
3 1507 1510 1514
3 1640 1450 1447
3 1487 1486 1484
3 1646 1635 1380
3 1447 1450 1448
3 1450 1449 1646
3 1385 1395 1451
3 1439 1451 1395
3 1542 1566 1577
3 2213 1615 1603
3 1401 1453 1395
3 1453 1400 1454
3 1821 1820 1400
3 1505 1445 1490
3 1444 1391 1455
3 1391 1454 1455
3 1470 1265 1228
3 1465 1470 239
3 1461 1464 1462
3 1459 1308 1262
3 1466 1459 1458
3 1262 1458 1459
3 1651 1262 1456
3 1459 1466 1468
3 1308 1459 1310
3 1649 1310 1459
3 1458 1467 1466
3 1464 1465 1650
3 1458 1461 1462
3 1563 1430 1469
3 1464 1461 1465
3 1460 1464 1457
3 1461 1651 1465
3 1456 1265 1470
3 1467 1458 1462
3 1468 1466 1463
3 1460 1678 1462
3 1309 1580 1583
3 1468 1463 1469
3 1468 1430 1649
3 1544 1564 1538
3 1532 1537 1533
3 239 1470 1228
3 1470 1465 1651
3 2187 1472 34
3 1402 1316 1471
3 1270 1472 1232
3 324 1473 28
3 1405 1473 1406
3 1314 1474 1304
3 1407 1402 1474
3 1520 1475 1328
3 1478 1477 1475
3 1409 1479 1478
3 1481 1480 1414
3 1480 1477 1476
3 1415 1481 1414
3 1409 1652 1479
3 1476 1477 1478
3 1634 1636 1632
3 1484 1640 1487
3 1482 1495 1447
3 1446 1482 1448
3 1481 1415 1413
3 1480 1481 1477
3 1443 1494 1446
3 1488 1480 1476
3 2247 1486 1476
3 1656 1503 1653
3 1478 2247 1476
3 1636 1637 1185
3 1514 1513 1505
3 1480 1492 1414
3 1515 1659 1445
3 1639 1640 1484
3 1482 1447 1448
3 1486 1496 1488
3 1491 1486 1487
3 1491 1495 1659
3 1653 2208 1498
3 1492 1493 1414
3 1495 1491 1487
3 1490 1446 1494
3 1491 1489 1496
3 1488 1492 1480
3 1493 1492 1485
3 1504 1485 1496
3 1493 1503 2200
3 1502 1494 1443
3 2204 1502 1507
3 1447 1495 1487
3 1445 1495 1482
3 1503 1493 1485
3 1488 1496 1485
3 1414 1493 1497
3 1497 1493 2200
3 1502 1443 1506
3 1485 1504 1503
3 1499 1502 1506
3 2209 1504 1489
3 1515 1658 2209
3 1509 1510 1511
3 1513 1445 1505
3 1443 1455 1506
3 1507 1502 1499
3 1500 1653 1503
3 1656 1653 1498
3 1489 1504 1496
3 1503 1504 1500
3 2204 1490 1494
3 1501 1519 1516
3 1693 1739 1744
3 1824 1394 1692
3 1511 1507 1499
3 1510 1507 1511
3 1505 1507 1514
3 1515 1445 1513
3 1454 1778 1506
3 1517 1660 847
3 1518 1695 1519
3 1658 1515 1508
3 1823 1780 1499
3 1516 1510 1698
3 1855 1860 1826
3 1664 1663 847
3 1516 1514 1510
3 1515 1513 1508
3 1508 1513 1514
3 1508 1695 1658
3 1515 1489 1659
3 1509 1698 1510
3 1518 1519 1501
3 1698 1509 1660
3 1501 1516 1517
3 1695 1483 1658
3 1519 1514 1516
3 1514 1519 1508
3 1520 1105 1272
3 1475 1520 1409
3 1525 1667 1668
3 1667 1669 1521
3 2197 2194 1190
3 1666 1419 1667
3 1524 1525 1523
3 1190 1524 1188
3 1525 1524 1522
3 1669 1667 1522
3 1670 2201 1420
3 1426 2203 1527
3 1431 1435 1526
3 1531 1533 1529
3 1530 1528 1531
3 1426 1528 1526
3 1533 1531 1677
3 1529 1533 1535
3 1540 1553 1547
3 1530 1529 1541
3 1546 1541 1548
3 1434 1558 1527
3 1529 1530 1531
3 1564 1544 1469
3 1539 1534 1537
3 1677 1531 1527
3 1533 1537 1535
3 1537 1532 1543
3 1536 1541 1556
3 1567 1534 1539
3 1540 1550 1552
3 1557 1556 1561
3 1557 1535 1534
3 1544 1538 1543
3 1534 1535 1537
3 1709 1701 1708
3 1543 1539 1537
3 1538 1560 1539
3 1566 1570 1562
3 1548 1550 1540
3 1555 1547 1553
3 1561 1529 1535
3 1548 1541 1536
3 1545 1562 1590
3 1542 1702 1556
3 1544 1543 1532
3 1538 1539 1543
3 1558 1544 1532
3 1463 1559 1564
3 1617 1590 1562
3 1542 1557 1566
3 1541 1546 1530
3 1546 1540 1547
3 1553 1540 1552
3 1631 1547 1370
3 1536 1785 1550
3 1546 1548 1540
3 1542 1577 1587
3 1645 1382 1643
3 1536 1550 1548
3 1549 2210 1552
3 1675 1676 1644
3 1370 1555 1368
3 1549 1552 1550
3 1552 1551 1553
3 1554 1553 1551
3 1555 1370 1547
3 1673 1554 1551
3 1641 1554 1438
3 1553 1554 1555
3 1368 1555 1554
3 1541 1529 1561
3 1700 1702 1587
3 1567 1570 1534
3 1556 1557 1542
3 1532 1533 1677
3 1563 1558 1434
3 1585 1679 1699
3 1574 1578 1568
3 1568 1560 1538
3 2205 1560 1568
3 1557 1561 1535
3 1541 1561 1556
3 1567 1571 1573
3 1593 1569 1545
3 1430 1563 1434
3 1544 1563 1469
3 1463 1564 1469
3 1564 1559 1574
3 1575 1578 1574
3 1580 1309 1588
3 1534 1566 1557
3 1562 1545 1577
3 1539 1560 1567
3 1578 1584 2205
3 1574 1568 1538
3 1597 1593 1591
3 1576 1587 1608
3 1680 1785 1711
3 1534 1570 1566
3 1573 1570 1567
3 1589 1565 2205
3 1567 1560 1571
3 1571 1579 1573
3 1545 1569 1577
3 1579 1571 1565
3 1570 1573 1562
3 1564 1574 1538
3 1574 1559 1575
3 1575 1679 1585
3 1678 1581 1585
3 1589 1592 1565
3 1612 1605 1610
3 1562 1577 1566
3 1608 1569 1607
3 1590 1591 1545
3 1565 1571 1560
3 1309 1583 1581
3 1572 1605 1592
3 1588 1582 1584
3 1580 1575 1583
3 1583 1585 1581
3 1584 1578 1580
3 1585 1467 1678
3 1589 1584 1582
3 1584 1589 2205
3 1583 1575 1585
3 1575 1559 1679
3 1617 1579 1612
3 1597 1599 1594
3 1608 1577 1569
3 1587 1576 1700
3 1582 1572 1589
3 1580 1588 1584
3 1592 1589 1572
3 1617 1562 1573
3 1591 1590 1586
3 1847 1854 1742
3 1595 1593 1597
3 1617 1612 1614
3 1579 1565 1592
3 1545 1591 1593
3 1616 1586 1614
3 1599 1601 1594
3 1569 1593 1595
3 1622 1594 1601
3 1569 1595 1607
3 1681 1586 1616
3 1572 1596 1605
3 1594 1595 1597
3 1743 1747 1739
3 1725 1717 1715
3 1591 1599 1597
3 1727 1598 1719
3 1802 1806 1733
3 1726 1622 2213
3 1714 1715 1713
3 1683 1602 1684
3 1598 1603 1615
3 1731 1618 1734
3 1615 1601 1599
3 1604 1607 1606
3 1595 1594 1606
3 1712 1603 1621
3 1605 1596 1610
3 1592 1605 1612
3 1815 1814 1732
3 1621 1629 1712
3 1606 1607 1595
3 1608 1607 1604
3 1608 1604 1786
3 1608 1587 1577
3 1610 1611 1613
3 1610 1613 1609
3 1611 1266 1613
3 1612 1610 1609
3 1614 1612 1609
3 1610 1596 1611
3 1612 1579 1592
3 1682 1681 1620
3 1591 1681 1682
3 1616 1614 1609
3 1617 1614 1586
3 1735 1609 1613
3 1789 1721 1729
3 1620 1598 1615
3 1590 1617 1586
3 1617 1573 1579
3 1830 1788 1732
3 1731 1734 1625
3 1682 1615 1599
3 1687 1616 1735
3 1791 1731 1625
3 1622 1606 1594
3 1731 1712 1629
3 1727 1603 1598
3 1717 1686 1715
3 1616 1687 1620
3 1627 1613 1266
3 1683 1734 1618
3 1705 1701 1576
3 1713 1627 1623
3 1685 1623 1627
3 1731 1791 1626
3 1839 1943 1888
3 1627 1687 1735
3 1618 1731 1629
3 1618 1602 1683
3 1604 1788 1706
3 1706 1704 1705
3 1626 1628 1730
3 1762 1755 1757
3 1374 1631 1370
3 1365 1435 1631
3 1634 1632 1393
3 1688 1256 1437
3 1634 1635 1633
3 1637 1638 1479
3 1635 1634 1393
3 1636 1634 1633
3 1380 1635 1393
3 1635 1449 1639
3 1637 1636 1633
3 1185 1256 1688
3 1638 1637 1633
3 1185 1637 1479
3 1639 1638 1633
3 1638 1484 2247
3 1635 1639 1633
3 1639 1449 1640
3 1450 1640 1449
3 1487 1640 1447
3 1554 1641 1368
3 1642 1641 1438
3 1643 1642 1438
3 1642 1379 1386
3 1645 1643 1675
3 1382 1383 2206
3 1674 1551 2210
3 1737 1689 1690
3 1689 1645 1644
3 1691 1389 1390
3 1450 1646 1441
3 1635 1646 1449
3 1689 1389 1645
3 1647 1737 1738
3 1693 1738 1739
3 2207 1483 1654
3 1310 1649 1433
3 1468 1649 1459
3 1262 1651 1461
3 1465 239 1650
3 1470 1651 1456
3 1409 1237 1652
3 1185 1652 1237
3 2207 1654 2208
3 1655 2199 1656
3 963 2198 2199
3 2208 1500 2207
3 1498 1655 1656
3 1503 1656 2200
3 1454 1820 1778
3 1955 1697 1882
3 1491 1659 1489
3 2207 2209 1658
3 1445 1659 1495
3 1663 1664 1784
3 1666 1665 1411
3 1697 1784 1783
3 1509 1511 1662
3 1509 1662 1664
3 1660 1509 1664
3 1664 1662 1783
3 1323 1665 1521
3 1417 1666 1411
3 1419 1668 1667
3 1522 1667 1525
3 1521 1666 1667
3 1420 1419 1416
3 2198 963 1670
3 2196 1522 1190
3 2194 2195 1669
3 1668 1419 1420
3 1671 1668 2201
3 1523 1671 1332
3 1671 1525 1668
3 1546 1672 1431
3 1631 1672 1547
3 1676 1551 1674
3 1675 1673 1676
3 1549 1550 1785
3 1452 1738 1737
3 1645 1675 1644
3 1438 1673 1675
3 1551 1676 1673
3 1676 1674 1749
3 1527 1558 1677
3 1532 1677 1558
3 1462 1678 1467
3 1581 1678 1460
3 1559 1463 1679
3 1699 1463 1466
3 1700 1701 1680
3 1556 1711 1536
3 1586 1681 1591
3 1616 1620 1681
3 1615 1682 1620
3 1591 1682 1599
3 2213 1622 1601
3 1726 2213 1712
3 1891 2034 1942
3 1807 1798 1797
3 1725 1715 1619
3 1627 1266 1685
3 1724 1620 1687
3 1713 1687 1627
3 1686 1719 1724
3 1632 1688 1437
3 1185 1688 1636
3 1689 1644 1690
3 1647 1389 1689
3 1710 1749 1674
3 1701 1709 1703
3 1382 1645 1691
3 1389 1691 1645
3 1647 1738 1740
3 1820 2248 1778
3 1452 1746 1743
3 1692 1777 1648
3 1648 1828 1825
3 1499 1780 1662
3 1519 1695 1508
3 1483 1695 1518
3 1822 1823 1778
3 1881 1882 1929
3 1781 1662 1780
3 1781 1929 1783
3 1660 1517 1698
3 1516 1698 1517
3 1585 1699 1467
3 1679 1463 1699
3 1701 1700 1576
3 1702 1700 1680
3 1786 1705 1576
3 2211 2212 1710
3 1702 1680 1711
3 1587 1702 1542
3 1680 1701 1703
3 1708 1701 1705
3 1626 1726 1712
3 1743 1746 1754
3 1576 1608 1786
3 1753 1708 1704
3 1788 1604 1606
3 1732 1606 1622
3 2214 1754 1750
3 2210 2211 1674
3 1704 1708 1705
3 1708 1707 1709
3 1707 1751 1709
3 1703 1709 2212
3 1746 1748 1750
3 1710 1748 1749
3 1702 1711 1556
3 1785 1680 1703
3 1629 1621 1718
3 1732 1814 1630
3 1713 1715 1686
3 1687 1713 1686
3 1728 1721 1720
3 1713 1623 1714
3 1714 1619 1715
3 1720 1721 1718
3 1722 1719 1717
3 1716 1725 1619
3 1724 1719 1598
3 1728 1720 1725
3 1626 1712 1731
3 1686 1717 1719
3 1717 1720 1722
3 1725 1720 1717
3 1720 1718 1722
3 1814 1815 1736
3 1734 1683 1888
3 1602 1718 1721
3 1719 1722 1727
3 1789 1602 1721
3 1621 1727 1722
3 1620 1724 1598
3 1686 1724 1687
3 1729 1721 1728
3 1725 1716 1728
3 1730 1726 1626
3 1621 1722 1718
3 1603 1727 1621
3 1600 1787 1716
3 1729 1728 1787
3 1934 1932 1884
3 1791 1793 1628
3 1627 1735 1613
3 1979 1980 1946
3 1602 1618 1718
3 1609 1735 1616
3 1843 1813 1948
3 1736 1730 1733
3 1777 1744 1648
3 1730 1736 1815
3 1794 1793 1803
3 1730 1628 1795
3 1689 1737 1647
3 1848 1846 1926
3 1794 1795 1793
3 1718 1618 1629
3 1739 1738 1452
3 1746 1737 1690
3 1740 1738 1693
3 1739 1452 1743
3 1745 1817 1775
3 1740 1693 1777
3 1647 1740 1399
3 1753 1704 1757
3 1761 1775 1817
3 1747 1851 1744
3 1845 1894 1848
3 1452 1737 1746
3 1817 1747 1741
3 1744 1739 1747
3 1648 1744 1742
3 2214 1756 1741
3 1764 1766 1755
3 1690 1748 1746
3 1710 1751 1750
3 1741 1747 1743
3 1747 1745 1851
3 1748 1690 1749
3 1750 1748 1710
3 1690 1644 1749
3 1676 1749 1644
3 1750 1751 1752
3 1743 1754 1741
3 1709 1751 1710
3 1752 1751 1707
3 1753 1707 1708
3 1753 1752 1707
3 1816 1757 1704
3 1752 1753 1756
3 1746 1750 1754
3 2214 1750 1752
3 1758 1764 1762
3 1761 1756 1759
3 1757 1756 1753
3 1759 1755 1774
3 1816 1704 1706
3 1759 1757 1755
3 1788 1830 1883
3 1764 1758 1763
3 1774 1761 1759
3 1756 1757 1759
3 1755 1762 1764
3 1765 1819 1766
3 1761 1760 1775
3 1756 1761 1817
3 1757 1758 1762
3 1830 1630 1831
3 1834 1630 1835
3 1769 1765 1767
3 1767 1764 1763
3 1767 1766 1764
3 1765 1769 1771
3 1771 1773 1765
3 1773 1776 1819
3 1774 1766 1760
3 1885 1769 1767
3 1766 1767 1765
3 1630 1814 1835
3 1794 1733 1795
3 1885 1767 1763
3 1833 1771 1769
3 1733 1799 1802
3 1772 1773 1838
3 1833 1769 1768
3 1975 1838 1837
3 1798 1770 1805
3 1847 1851 1845
3 1770 1773 1771
3 1773 1772 1776
3 1766 1774 1755
3 1760 1761 1774
3 1848 1818 1845
3 1745 1775 1845
3 1846 1895 1896
3 1766 1776 1895
3 1740 1777 1692
3 1744 1777 1693
3 1820 1454 1400
3 1822 1778 1694
3 1824 1692 1825
3 1779 1824 1825
3 1823 1499 1506
3 1781 1780 1696
3 1782 1696 1822
3 1781 1696 1782
3 1825 1827 1779
3 1881 1878 1880
3 1781 1783 1662
3 2032 1697 1955
3 1663 1784 1661
3 1664 1783 1784
3 1711 1785 1536
3 1785 1703 2212
3 1604 1706 1786
3 1705 1786 1706
3 1716 1787 1728
3 1931 1787 1600
3 1606 1732 1788
3 1732 1630 1830
3 1930 1789 1729
3 1602 1789 1684
3 1839 1683 1684
3 1931 1884 1930
3 1626 1791 1628
3 2042 2021 2040
3 1833 1802 1805
3 1840 1791 1625
3 1888 1841 1734
3 1808 1800 1807
3 1733 1794 1799
3 1730 1795 1733
3 1793 1795 1628
3 1797 1798 1805
3 1770 1798 1809
3 1840 1803 1793
3 1808 1797 1799
3 1793 1791 1840
3 1889 1624 1811
3 1624 1803 1811
3 1802 1799 1797
3 1800 1810 1804
3 1800 1804 1807
3 1812 1794 1803
3 1799 1794 1808
3 1805 1802 1797
3 1802 1768 1806
3 1796 1948 1844
3 1810 1800 1796
3 1807 1797 1808
3 1809 1807 1937
3 1807 1809 1798
3 1770 1771 1833
3 1806 1768 1834
3 1736 1733 1806
3 1812 1813 1843
3 1937 1807 1804
3 1812 1803 1624
3 1808 1843 1800
3 1886 1937 1938
3 1770 1809 1887
3 1841 1811 1840
3 1836 1886 1971
3 1942 1889 1890
3 1812 1624 1813
3 1794 1812 1808
3 1889 1892 1945
3 1945 1892 1984
3 1815 1732 1622
3 1835 1736 1806
3 1622 1726 1815
3 1730 1815 1726
3 1883 1816 1706
3 1757 1816 1758
3 1747 1817 1745
3 1817 1741 1756
3 1900 1902 1868
3 1876 1782 1694
3 1773 1819 1765
3 1776 1766 1819
3 1400 1401 1821
3 2248 1779 1875
3 1824 1821 1394
3 2248 1821 1779
3 1782 1822 1694
3 1823 1822 1696
3 1780 1823 1696
3 1506 1778 1823
3 1825 1692 1648
3 1821 1824 1779
3 1829 1828 1648
3 1828 1827 1825
3 1853 1852 1818
3 1859 1862 1860
3 1863 1899 1860
3 2248 1875 1694
3 1829 1648 1742
3 1828 1826 1899
3 1847 1852 1854
3 1828 1829 1856
3 1630 1834 1831
3 1883 1758 1816
3 1763 1758 1831
3 1883 1831 1758
3 1802 1833 1768
3 1832 1884 1931
3 1770 1833 1805
3 1885 1768 1769
3 1834 1885 1831
3 1736 1835 1814
3 1806 1834 1835
3 1974 1906 1940
3 1952 1865 1951
3 1837 1887 1886
3 1939 1837 1886
3 1773 1770 1838
3 1887 1838 1770
3 1684 1789 1930
3 1936 1933 1970
3 1841 1840 1625
3 1803 1840 1811
3 1734 1841 1625
3 1890 1841 1792
3 1792 1888 1943
3 1947 1984 1981
3 1800 1843 1796
3 1812 1843 1808
3 1844 1810 1796
3 1949 1844 1948
3 1894 1775 1760
3 1847 1845 1818
3 1895 1846 1894
3 1925 1926 1896
3 1847 1818 1852
3 1851 1847 1742
3 1894 1845 1775
3 1926 1897 1848
3 1866 2046 1864
3 1854 1855 1856
3 1898 1852 1853
3 1856 1855 1826
3 1744 1851 1742
3 1845 1851 1745
3 1853 1818 1897
3 1854 1852 1850
3 1913 1903 1912
3 1927 1873 1874
3 1854 1850 1855
3 1742 1854 1829
3 1859 1855 1850
3 1863 1927 1874
3 1828 1856 1826
3 1854 1856 1829
3 1859 1850 1861
3 1864 1857 1859
3 1862 1869 1858
3 1827 1828 1899
3 1861 1850 1898
3 1862 1859 1857
3 1859 1860 1855
3 1858 1927 1860
3 1853 1897 1900
3 1870 1866 1871
3 2045 1869 1862
3 1860 1862 1858
3 1869 1873 1858
3 1876 1694 1875
3 1859 1861 1864
3 1864 1861 1866
3 1865 2046 1866
3 1920 1924 1951
3 1853 1900 1871
3 1861 1871 1866
3 1950 2047 1952
3 1928 1954 2216
3 1925 1849 1926
3 1865 1866 1870
3 2045 1862 1857
3 2081 1873 1867
3 1868 1902 1904
3 1870 1868 1904
3 1853 1871 1861
3 1870 1871 1868
3 1993 2048 2050
3 1955 1882 1953
3 1867 1873 1869
3 1873 1872 1874
3 1874 1880 1878
3 1877 1878 1876
3 1779 1827 1875
3 1827 1899 1877
3 1875 1877 1876
3 1863 1878 1877
3 1827 1877 1875
3 1878 1863 1874
3 1880 1872 1879
3 1876 1878 1881
3 2217 2216 1954
3 1881 1929 1782
3 1872 1880 1874
3 1881 1880 1879
3 1881 1879 1882
3 1881 1782 1876
3 1953 1882 1879
3 1929 1882 1697
3 1788 1883 1706
3 1831 1883 1830
3 1884 1935 1934
3 1684 1930 1932
3 1831 1885 1763
3 1768 1885 1834
3 1938 1804 1810
3 1886 1836 1939
3 1886 1887 1809
3 1838 1887 1837
3 1888 1792 1841
3 1683 1839 1888
3 1890 1889 1811
3 1889 1842 1892
3 1841 1890 1811
3 1792 1891 1942
3 1934 1936 1932
3 1936 1839 1932
3 1979 1892 1842
3 1844 1983 1982
3 2025 1981 1946
3 1985 2222 1949
3 1895 1894 1760
3 1848 1894 1846
3 1766 1895 1760
3 1895 1776 1977
3 1976 1977 1772
3 1941 1908 1975
3 1848 1897 1818
3 1900 1897 1849
3 1852 1898 1850
3 1853 1861 1898
3 1860 1899 1826
3 1877 1899 1863
3 1925 1902 1849
3 1871 1900 1868
3 1772 1975 1976
3 1905 1903 1904
3 1849 1902 1900
3 1904 1902 1905
3 1912 1903 1905
3 1917 1920 1903
3 1905 1902 1901
3 1904 1903 1920
3 1910 1907 1901
3 1907 1905 1901
3 1950 1992 1993
3 1907 1906 2215
3 1908 1910 1911
3 2215 1913 1912
3 1975 1837 1941
3 1907 1910 1906
3 2098 1916 2075
3 1836 1971 1973
3 1911 1910 1901
3 1910 1908 1978
3 1911 1901 1902
3 1911 1896 1976
3 1907 1912 1905
3 1917 1919 1915
3 2008 1974 2006
3 2035 1916 1974
3 1915 1919 1914
3 1920 1915 1924
3 1913 1917 1903
3 1914 1923 1915
3 2082 2029 2058
3 2084 1914 1918
3 2089 2105 2029
3 1920 1917 1915
3 2098 1917 1913
3 1950 1986 1995
3 1989 1986 1922
3 2098 1919 1917
3 1923 1924 1915
3 1920 1870 1904
3 1913 2215 1916
3 1918 1914 1919
3 2028 1914 1921
3 2044 2026 2047
3 1923 1922 1924
3 1986 1952 1924
3 1870 1951 1865
3 1896 1911 1925
3 1902 1925 1911
3 1897 1926 1849
3 1896 1926 1846
3 1860 1927 1863
3 1873 1927 1858
3 1928 1953 1954
3 2032 1996 1661
3 1783 1929 1697
3 1782 1929 1781
3 1931 1930 1729
3 1932 1930 1884
3 1787 1931 1729
3 1832 1931 1600
3 1933 1934 1935
3 1839 1684 1932
3 1958 1933 1935
3 2001 1980 1999
3 1884 1832 1935
3 1934 1933 1936
3 1832 1790 1935
3 1935 1790 1958
3 1963 1970 1933
3 1936 1997 1943
3 1938 1937 1804
3 1886 1809 1937
3 1949 1948 1947
3 1886 1938 1971
3 1836 1940 1939
3 1978 1941 1940
3 2006 1974 1940
3 1978 1908 1941
3 1837 1939 1941
3 1940 1941 1939
3 1889 1942 1842
3 1792 1942 1890
3 1936 1943 1839
3 1891 1792 1943
3 1813 1624 1945
3 1963 1933 1958
3 1889 1945 1624
3 2034 1997 1998
3 1801 1893 2024
3 1984 1947 1948
3 1892 1979 1981
3 1843 1948 1796
3 1948 1813 1984
3 1985 1949 1947
3 1971 2004 1973
3 1986 1950 1952
3 1869 2045 1867
3 1920 1951 1870
3 1952 1951 1924
3 1986 1924 1922
3 2047 1993 2044
3 1954 1953 1879
3 1955 1953 1928
3 1879 1872 1954
3 2078 2050 2076
3 1928 2218 2033
3 2032 1784 1697
3 2081 1872 1873
3 2044 2050 1867
3 1512 2033 2218
3 1964 1967 1966
3 1997 1891 1943
3 1963 1961 1962
3 1958 1790 1961
3 1962 1960 1963
3 1790 1959 1961
3 1961 1959 1962
3 1 1966 1959
3 1960 1962 1967
3 1963 1958 1961
3 1970 1963 2003
3 1969 1960 1968
3 1964 1968 1967
3 2003 1969 1965
3 1964 1966 1
3 1962 1959 1966
3 1966 1967 1962
3 1968 1964 1944
3 1968 1944 1969
3 1960 1967 1968
3 2223 2024 1893
3 1999 1980 1998
3 2003 1963 1960
3 1970 1965 1997
3 1985 1947 1981
3 2022 2004 1938
3 1844 1982 2022
3 2012 2011 1972
3 2059 2074 2040
3 1916 2215 1974
3 2006 1940 1836
3 2006 2009 2008
3 1976 1975 1908
3 1975 1772 1838
3 1911 1976 1908
3 1977 1976 1896
3 1895 1977 1896
3 1772 1977 1776
3 1940 1906 1978
3 1978 1906 1910
3 1980 1979 1842
3 1979 1946 1981
3 1842 1942 2034
3 1965 1999 1998
3 2094 2091 2112
3 1801 2024 2023
3 2004 2022 1972
3 2220 2224 2015
3 2221 2223 1987
3 2024 2025 2023
3 1945 1984 1813
3 1981 1984 1892
3 2016 2012 2014
3 1844 1949 1983
3 1921 2058 1994
3 2031 2049 2051
3 2221 1987 2224
3 2022 1938 1810
3 1990 1989 1994
3 1992 1950 1995
3 1995 1988 2051
3 2028 1923 1914
3 1923 2028 1922
3 2058 2092 1994
3 2048 1992 2049
3 1988 1995 1989
3 2048 1993 1992
3 1989 1922 1994
3 2052 2054 2227
3 2052 2051 1988
3 1989 1990 1988
3 2033 1955 1928
3 1989 1995 1986
3 1970 1997 1936
3 1999 1965 1969
3 1998 1997 1965
3 1980 1842 2034
3 2002 1944 2000
3 2001 1946 1980
3 2002 2001 1999
3 1969 2002 1999
3 2023 2000 1801
3 1944 2002 1969
3 2001 2002 2000
3 1970 2003 1965
3 1960 1969 2003
3 1938 2004 1971
3 1972 1973 2004
3 2059 2040 2007
3 2036 2035 2008
3 1836 1973 2006
3 2005 2018 2021
3 2012 2018 2011
3 2010 2036 2061
3 2009 2006 1973
3 2036 2009 2017
3 2011 2009 1973
3 2005 2017 2009
3 2017 2061 2036
3 2010 2061 2097
3 1972 2011 1973
3 2038 2018 2020
3 2014 2012 1972
3 2011 2018 2005
3 2005 2009 2011
3 2225 2013 2016
3 2022 2014 1972
3 2225 1982 2220
3 2225 2014 1982
3 1983 2220 1982
3 2013 1723 2016
3 2038 2020 1723
3 1723 2020 2016
3 2038 1723 2019
3 2020 2012 2016
3 2007 2040 2039
3 2012 2020 2018
3 2021 2039 2040
3 1844 2022 1810
3 2014 2022 1982
3 1946 2001 2023
3 2000 2023 2001
3 2025 1985 1981
3 2023 2025 1946
3 1985 2025 2024
3 2046 2026 2045
3 1865 2047 2046
3 2062 2077 1956
3 2076 2050 2027
3 1921 1994 2028
3 1922 2028 1994
3 2082 2058 2083
3 2231 2230 1991
3 2052 2031 2051
3 1988 1990 2054
3 2056 2031 1657
3 2032 1955 2033
3 1784 2032 1661
3 1512 1996 2033
3 2033 1996 2032
3 1997 2034 1891
3 1980 2034 1998
3 2008 2035 1974
3 2010 1916 2035
3 2035 2036 2010
3 2009 2036 2008
3 2074 2073 2043
3 2060 2097 2061
3 2019 2021 2038
3 2018 2038 2021
3 2059 2041 2067
3 2021 2019 2039
3 2021 2042 2005
3 2037 2073 2067
3 2073 2037 2043
3 2041 2059 2066
3 2017 2005 2042
3 2043 2037 2060
3 2017 2042 2043
3 2050 2044 1993
3 2045 2044 1867
3 2046 2045 1857
3 2045 2026 2044
3 2046 1857 1864
3 2047 1865 1952
3 1993 2047 1950
3 2046 2047 2026
3 2051 1992 1995
3 2050 2048 2027
3 2031 2052 2063
3 2027 2048 2049
3 2062 2076 2077
3 2050 2078 2081
3 2063 2053 2031
3 1992 2051 2049
3 1988 2054 2052
3 2055 2227 2054
3 1657 2031 2053
3 2049 2056 2027
3 1994 2092 1990
3 2054 1990 2229
3 2063 2227 2030
3 2031 2056 2049
3 2057 2056 1657
3 2084 2083 1921
3 2057 2077 2056
3 2058 2029 2093
3 2042 2074 2043
3 2102 2084 2085
3 2085 2075 2097
3 2017 2043 2061
3 2060 2061 2043
3 2219 2216 2079
3 2079 2078 2062
3 2227 2063 2052
3 2053 2063 2030
3 2104 2103 2102
3 2069 2037 2067
3 2029 2091 2094
3 2054 2229 2055
3 1909 2069 2068
3 2059 2007 2066
3 2067 2068 2069
3 2069 2099 2088
3 2067 2041 2068
3 2069 2088 2103
3 2064 2087 2082
3 1909 2072 2069
3 2100 2101 2090
3 2089 2029 2082
3 2096 2071 2072
3 2067 2073 2059
3 2040 2074 2042
3 2073 2074 2059
3 2098 2075 1918
3 2010 2097 1916
3 2077 2076 2027
3 2078 2076 2062
3 2056 2077 2027
3 1956 2077 2057
3 1956 2219 2062
3 2081 1867 2050
3 2062 2219 2079
3 2217 1872 2080
3 2078 2079 2080
3 2079 2216 2217
3 2078 2080 2081
3 2081 2080 1872
3 2083 2058 1921
3 2088 2086 2087
3 1921 1914 2084
3 2064 2082 2083
3 2085 2084 1918
3 2064 2083 2084
3 2075 2085 1918
3 2037 2103 2104
3 2090 2086 2100
3 2087 2089 2082
3 2088 2087 2064
3 2087 2086 2089
3 2088 2064 2102
3 2072 2099 2069
3 2100 2086 2099
3 2105 2086 2090
3 2115 2114 2109
3 2105 2091 2029
3 2105 2109 2091
3 2094 2065 2093
3 2093 2092 2058
3 2092 2065 2229
3 2094 2093 2029
3 2092 2093 2065
3 2095 2231 2228
3 2095 2065 2094
3 2114 2116 2117
3 2095 2055 2229
3 2085 2097 2060
3 2072 1909 2096
3 1916 2097 2075
3 1919 2098 1918
3 1916 2098 1913
3 2099 2072 2100
3 2086 2088 2099
3 2072 2071 2100
3 2090 2101 2070
3 2084 2102 2064
3 2100 2071 2101
3 2085 2060 2104
3 2069 2103 2037
3 2088 2102 2103
3 2085 2104 2102
3 2037 2104 2060
3 2086 2105 2089
3 2109 2105 2090
3 2112 2232 2094
3 2 2116 2107
3 2091 2109 2110
3 2113 2110 2117
3 2232 2113 2106
3 2115 2090 2070
3 2115 2107 2114
3 2114 2110 2109
3 2110 2108 2112
3 2116 2114 2107
3 2111 2106 2113
3 2110 2112 2091
3 2112 2108 2232
3 2232 2106 2230
3 2110 2113 2108
3 2090 2115 2109
3 2 2111 2116
3 2107 2115 2070
3 2117 2111 2113
3 2114 2117 2110
3 2111 2117 2116
3 92 2118 116
3 60 2118 76
3 292 2119 156
3 67 70 2119
3 278 2120 270
3 287 2120 274
3 299 2121 197
3 2122 2121 300
3 2121 2122 189
3 543 2122 300
3 123 330 2123
3 2123 330 599
3 361 2124 359
3 396 2124 373
3 2126 2125 302
3 737 2125 377
3 389 2126 302
3 377 2126 374
3 260 2127 234
3 256 2127 247
3 29 2128 26
3 1318 2128 31
3 316 2129 199
3 474 2129 472
3 2131 2130 464
3 2129 2130 199
3 2131 464 630
3 2132 2131 235
3 199 2132 311
3 2131 2132 2130
3 437 2133 441
3 10 2133 493
3 2134 267 269
3 273 2134 499
3 2135 460 461
3 627 2135 462
3 502 2136 500
3 2136 564 494
3 660 2137 579
3 576 2137 572
3 2140 2139 2141
3 2157 2159 2163
3 674 2139 670
3 2142 2138 2141
3 2141 605 2142
3 733 2156 334
3 2141 2138 2143
3 671 2142 605
3 2152 669 2151
3 329 2144 284
3 2141 2143 2140
3 2145 2144 140
3 600 578 2147
3 2144 2145 673
3 2148 2146 2147
3 667 2142 2152
3 2148 2147 1155
3 2145 2147 2146
3 2183 2148 1155
3 2150 124 2149
3 124 2150 2148
3 2148 2150 2146
3 2150 2149 2151
3 2152 2149 667
3 2153 2151 669
3 669 2152 2142
3 2149 2152 2151
3 672 2153 669
3 2154 2153 673
3 2150 2154 2146
3 2153 2154 2151
3 844 2155 701
3 702 2155 652
3 2157 2163 734
3 773 2156 2157
3 2157 2156 2159
3 2160 2158 604
3 773 2157 2158
3 2159 2156 733
3 137 2159 2140
3 2162 604 2161
3 2160 775 777
3 604 2162 2160
3 2162 778 775
3 2162 2161 2235
3 703 778 2164
3 2159 137 2163
3 778 2236 2164
3 2236 2234 2165
3 960 2177 956
3 2169 781 782
3 2167 780 781
3 779 2168 680
3 2168 2167 680
3 358 2166 2168
3 680 2167 2169
3 781 2169 2167
3 519 2171 2170
3 2171 2172 2170
3 677 2171 519
3 2172 2171 363
3 518 2172 363
3 2172 788 791
3 2243 2173 2174
3 358 2168 2173
3 2170 2174 678
3 2174 791 2243
3 756 2175 705
3 708 2175 757
3 635 2176 688
3 636 2176 690
3 2178 2177 951
3 2178 951 973
3 2178 978 1246
3 875 1006 2179
3 2180 2179 1006
3 2241 1006 2165
3 2240 2180 2239
3 808 2181 810
3 915 2181 1010
3 1014 2182 920
3 839 2182 1089
3 1167 2184 1125
3 1183 2183 1155
3 1085 2184 1168
3 1094 2185 2186
3 2187 1232 1472
3 2185 1179 2186
3 2185 2187 1179
3 1190 2189 1192
3 2187 34 2188
3 1330 2189 1188
3 1285 2190 1280
3 1284 2190 1288
3 971 982 2192
3 2191 1326 2194
3 1326 2192 984
3 2192 2191 2193
3 985 2193 1034
3 2192 2193 971
3 2195 2194 1326
3 2196 1669 1522
3 1327 2195 1326
3 2195 1323 1521
3 1190 2194 2196
3 1669 2196 2194
3 1192 2197 1190
3 2193 2197 1034
3 2200 1416 1497
3 1671 2201 1418
3 963 2199 1655
3 2198 1416 2200
3 1656 2199 2200
3 2200 2199 2198
3 1420 2201 1668
3 1357 2202 1355
3 1421 2202 1359
3 1432 2203 1428
3 1527 2203 1434
3 1490 2204 1505
3 1502 2204 1494
3 1560 2205 1565
3 1578 2205 1568
3 1642 2206 1379
3 1382 2206 1643
3 2209 2207 1500
3 1483 2207 1658
3 1498 2208 1654
3 1500 2208 1653
3 1504 2209 1500
3 2209 1489 1515
3 1552 2210 1551
3 2211 2210 1549
3 1785 2212 1549
3 1674 2211 1710
3 1710 2212 1709
3 1549 2212 2211
3 1615 2213 1601
3 1712 2213 1603
3 1754 2214 1741
3 1752 1756 2214
3 1907 2215 1912
3 1974 2215 1906
3 2218 1957 1512
3 1872 2217 1954
3 2079 2217 2080
3 1928 2216 2218
3 1957 2218 2216
3 1956 1957 2219
3 2216 2219 1957
3 2220 1983 2221
3 2225 2220 2015
3 1983 2222 2221
3 2222 1985 2223
3 1949 2222 1983
3 1985 2024 2223
3 1987 2223 1893
3 2221 2222 2223
3 2013 2225 2015
3 2221 2224 2220
3 2225 2016 2014
3 2228 2227 2055
3 2228 2226 2227
3 2030 2227 2226
3 2095 2228 2055
3 1991 2226 2228
3 2092 2229 1990
3 2095 2229 2065
3 2228 2231 1991
3 2231 2232 2230
3 2232 2231 2095
3 2232 2095 2094
3 2232 2108 2113
3 844 2233 656
3 701 2165 2233
3 778 2162 2235
3 2237 2234 4
3 4 2235 2161
3 2235 2234 2236
3 2164 2236 2165
3 2235 2236 778
3 2239 2238 891
3 2241 2237 2180
3 2240 2239 891
3 2237 4 2238
3 2180 2237 2239
3 870 2240 891
3 2240 894 2244
3 1006 2241 2180
3 2234 2241 2165
3 2173 2168 779
3 2243 2242 2173
3 845 2243 791
3 2179 2244 874
3 2240 2244 2180
3 450 2245 509
3 451 2245 512
3 961 2246 958
3 1239 2246 998
3 1638 2247 1479
3 1486 2247 1484
3 1778 2248 1694
3 1821 2248 1820
CELL_TYPES 4320
7
7
7
7
7
7
7
7
7
7
7
7
7
7
7
7
7
7
7
7
7
7
7
7
7
7
7
7
7
7
7
7
7
7
7
7
7
7
7
7
7
7
7
7
7
7
7
7
7
7
7
7
7
7
7
7
7
7
7
7
7
7
7
7
7
7
7
7
7
7
7
7
7
7
7
7
7
7
7
7
7
7
7
7
7
7
7
7
7
7
7
7
7
7
7
7
7
7
7
7
7
7
7
7
7
7
7
7
7
7
7
7
7
7
7
7
7
7
7
7
7
7
7
7
7
7
7
7
7
7
7
7
7
7
7
7
7
7
7
7
7
7
7
7
7
7
7
7
7
7
7
7
7
7
7
7
7
7
7
7
7
7
7
7
7
7
7
7
7
7
7
7
7
7
7
7
7
7
7
7
7
7
7
7
7
7
7
7
7
7
7
7
7
7
7
7
7
7
7
7
7
7
7
7
7
7
7
7
7
7
7
7
7
7
7
7
7
7
7
7
7
7
7
7
7
7
7
7
7
7
7
7
7
7
7
7
7
7
7
7
7
7
7
7
7
7
7
7
7
7
7
7
7
7
7
7
7
7
7
7
7
7
7
7
7
7
7
7
7
7
7
7
7
7
7
7
7
7
7
7
7
7
7
7
7
7
7
7
7
7
7
7
7
7
7
7
7
7
7
7
7
7
7
7
7
7
7
7
7
7
7
7
7
7
7
7
7
7
7
7
7
7
7
7
7
7
7
7
7
7
7
7
7
7
7
7
7
7
7
7
7
7
7
7
7
7
7
7
7
7
7
7
7
7
7
7
7
7
7
7
7
7
7
7
7
7
7
7
7
7
7
7
7
7
7
7
7
7
7
7
7
7
7
7
7
7
7
7
7
7
7
7
7
7
7
7
7
7
7
7
7
7
7
7
7
7
7
7
7
7
7
7
7
7
7
7
7
7
7
7
7
7
7
7
7
7
7
7
7
7
7
7
7
7
7
7
7
7
7
7
7
7
7
7
7
7
7
7
7
7
7
7
7
7
7
7
7
7
7
7
7
7
7
7
7
7
7
7
7
7
7
7
7
7
7
7
7
7
7
7
7
7
7
7
7
7
7
7
7
7
7
7
7
7
7
7
7
7
7
7
7
7
7
7
7
7
7
7
7
7
7
7
7
7
7
7
7
7
7
7
7
7
7
7
7
7
7
7
7
7
7
7
7
7
7
7
7
7
7
7
7
7
7
7
7
7
7
7
7
7
7
7
7
7
7
7
7
7
7
7
7
7
7
7
7
7
7
7
7
7
7
7
7
7
7
7
7
7
7
7
7
7
7
7
7
7
7
7
7
7
7
7
7
7
7
7
7
7
7
7
7
7
7
7
7
7
7
7
7
7
7
7
7
7
7
7
7
7
7
7
7
7
7
7
7
7
7
7
7
7
7
7
7
7
7
7
7
7
7
7
7
7
7
7
7
7
7
7
7
7
7
7
7
7
7
7
7
7
7
7
7
7
7
7
7
7
7
7
7
7
7
7
7
7
7
7
7
7
7
7
7
7
7
7
7
7
7
7
7
7
7
7
7
7
7
7
7
7
7
7
7
7
7
7
7
7
7
7
7
7
7
7
7
7
7
7
7
7
7
7
7
7
7
7
7
7
7
7
7
7
7
7
7
7
7
7
7
7
7
7
7
7
7
7
7
7
7
7
7
7
7
7
7
7
7
7
7
7
7
7
7
7
7
7
7
7
7
7
7
7
7
7
7
7
7
7
7
7
7
7
7
7
7
7
7
7
7
7
7
7
7
7
7
7
7
7
7
7
7
7
7
7
7
7
7
7
7
7
7
7
7
7
7
7
7
7
7
7
7
7
7
7
7
7
7
7
7
7
7
7
7
7
7
7
7
7
7
7
7
7
7
7
7
7
7
7
7
7
7
7
7
7
7
7
7
7
7
7
7
7
7
7
7
7
7
7
7
7
7
7
7
7
7
7
7
7
7
7
7
7
7
7
7
7
7
7
7
7
7
7
7
7
7
7
7
7
7
7
7
7
7
7
7
7
7
7
7
7
7
7
7
7
7
7
7
7
7
7
7
7
7
7
7
7
7
7
7
7
7
7
7
7
7
7
7
7
7
7
7
7
7
7
7
7
7
7
7
7
7
7
7
7
7
7
7
7
7
7
7
7
7
7
7
7
7
7
7
7
7
7
7
7
7
7
7
7
7
7
7
7
7
7
7
7
7
7
7
7
7
7
7
7
7
7
7
7
7
7
7
7
7
7
7
7
7
7
7
7
7
7
7
7
7
7
7
7
7
7
7
7
7
7
7
7
7
7
7
7
7
7
7
7
7
7
7
7
7
7
7
7
7
7
7
7
7
7
7
7
7
7
7
7
7
7
7
7
7
7
7
7
7
7
7
7
7
7
7
7
7
7
7
7
7
7
7
7
7
7
7
7
7
7
7
7
7
7
7
7
7
7
7
7
7
7
7
7
7
7
7
7
7
7
7
7
7
7
7
7
7
7
7
7
7
7
7
7
7
7
7
7
7
7
7
7
7
7
7
7
7
7
7
7
7
7
7
7
7
7
7
7
7
7
7
7
7
7
7
7
7
7
7
7
7
7
7
7
7
7
7
7
7
7
7
7
7
7
7
7
7
7
7
7
7
7
7
7
7
7
7
7
7
7
7
7
7
7
7
7
7
7
7
7
7
7
7
7
7
7
7
7
7
7
7
7
7
7
7
7
7
7
7
7
7
7
7
7
7
7
7
7
7
7
7
7
7
7
7
7
7
7
7
7
7
7
7
7
7
7
7
7
7
7
7
7
7
7
7
7
7
7
7
7
7
7
7
7
7
7
7
7
7
7
7
7
7
7
7
7
7
7
7
7
7
7
7
7
7
7
7
7
7
7
7
7
7
7
7
7
7
7
7
7
7
7
7
7
7
7
7
7
7
7
7
7
7
7
7
7
7
7
7
7
7
7
7
7
7
7
7
7
7
7
7
7
7
7
7
7
7
7
7
7
7
7
7
7
7
7
7
7
7
7
7
7
7
7
7
7
7
7
7
7
7
7
7
7
7
7
7
7
7
7
7
7
7
7
7
7
7
7
7
7
7
7
7
7
7
7
7
7
7
7
7
7
7
7
7
7
7
7
7
7
7
7
7
7
7
7
7
7
7
7
7
7
7
7
7
7
7
7
7
7
7
7
7
7
7
7
7
7
7
7
7
7
7
7
7
7
7
7
7
7
7
7
7
7
7
7
7
7
7
7
7
7
7
7
7
7
7
7
7
7
7
7
7
7
7
7
7
7
7
7
7
7
7
7
7
7
7
7
7
7
7
7
7
7
7
7
7
7
7
7
7
7
7
7
7
7
7
7
7
7
7
7
7
7
7
7
7
7
7
7
7
7
7
7
7
7
7
7
7
7
7
7
7
7
7
7
7
7
7
7
7
7
7
7
7
7
7
7
7
7
7
7
7
7
7
7
7
7
7
7
7
7
7
7
7
7
7
7
7
7
7
7
7
7
7
7
7
7
7
7
7
7
7
7
7
7
7
7
7
7
7
7
7
7
7
7
7
7
7
7
7
7
7
7
7
7
7
7
7
7
7
7
7
7
7
7
7
7
7
7
7
7
7
7
7
7
7
7
7
7
7
7
7
7
7
7
7
7
7
7
7
7
7
7
7
7
7
7
7
7
7
7
7
7
7
7
7
7
7
7
7
7
7
7
7
7
7
7
7
7
7
7
7
7
7
7
7
7
7
7
7
7
7
7
7
7
7
7
7
7
7
7
7
7
7
7
7
7
7
7
7
7
7
7
7
7
7
7
7
7
7
7
7
7
7
7
7
7
7
7
7
7
7
7
7
7
7
7
7
7
7
7
7
7
7
7
7
7
7
7
7
7
7
7
7
7
7
7
7
7
7
7
7
7
7
7
7
7
7
7
7
7
7
7
7
7
7
7
7
7
7
7
7
7
7
7
7
7
7
7
7
7
7
7
7
7
7
7
7
7
7
7
7
7
7
7
7
7
7
7
7
7
7
7
7
7
7
7
7
7
7
7
7
7
7
7
7
7
7
7
7
7
7
7
7
7
7
7
7
7
7
7
7
7
7
7
7
7
7
7
7
7
7
7
7
7
7
7
7
7
7
7
7
7
7
7
7
7
7
7
7
7
7
7
7
7
7
7
7
7
7
7
7
7
7
7
7
7
7
7
7
7
7
7
7
7
7
7
7
7
7
7
7
7
7
7
7
7
7
7
7
7
7
7
7
7
7
7
7
7
7
7
7
7
7
7
7
7
7
7
7
7
7
7
7
7
7
7
7
7
7
7
7
7
7
7
7
7
7
7
7
7
7
7
7
7
7
7
7
7
7
7
7
7
7
7
7
7
7
7
7
7
7
7
7
7
7
7
7
7
7
7
7
7
7
7
7
7
7
7
7
7
7
7
7
7
7
7
7
7
7
7
7
7
7
7
7
7
7
7
7
7
7
7
7
7
7
7
7
7
7
7
7
7
7
7
7
7
7
7
7
7
7
7
7
7
7
7
7
7
7
7
7
7
7
7
7
7
7
7
7
7
7
7
7
7
7
7
7
7
7
7
7
7
7
7
7
7
7
7
7
7
7
7
7
7
7
7
7
7
7
7
7
7
7
7
7
7
7
7
7
7
7
7
7
7
7
7
7
7
7
7
7
7
7
7
7
7
7
7
7
7
7
7
7
7
7
7
7
7
7
7
7
7
7
7
7
7
7
7
7
7
7
7
7
7
7
7
7
7
7
7
7
7
7
7
7
7
7
7
7
7
7
7
7
7
7
7
7
7
7
7
7
7
7
7
7
7
7
7
7
7
7
7
7
7
7
7
7
7
7
7
7
7
7
7
7
7
7
7
7
7
7
7
7
7
7
7
7
7
7
7
7
7
7
7
7
7
7
7
7
7
7
7
7
7
7
7
7
7
7
7
7
7
7
7
7
7
7
7
7
7
7
7
7
7
7
7
7
7
7
7
7
7
7
7
7
7
7
7
7
7
7
7
7
7
7
7
7
7
7
7
7
7
7
7
7
7
7
7
7
7
7
7
7
7
7
7
7
7
7
7
7
7
7
7
7
7
7
7
7
7
7
7
7
7
7
7
7
7
7
7
7
7
7
7
7
7
7
7
7
7
7
7
7
7
7
7
7
7
7
7
7
7
7
7
7
7
7
7
7
7
7
7
7
7
7
7
7
7
7
7
7
7
7
7
7
7
7
7
7
7
7
7
7
7
7
7
7
7
7
7
7
7
7
7
7
7
7
7
7
7
7
7
7
7
7
7
7
7
7
7
7
7
7
7
7
7
7
7
7
7
7
7
7
7
7
7
7
7
7
7
7
7
7
7
7
7
7
7
7
7
7
7
7
7
7
7
7
7
7
7
7
7
7
7
7
7
7
7
7
7
7
7
7
7
7
7
7
7
7
7
7
7
7
7
7
7
7
7
7
7
7
7
7
7
7
7
7
7
7
7
7
7
7
7
7
7
7
7
7
7
7
7
7
7
7
7
7
7
7
7
7
7
7
7
7
7
7
7
7
7
7
7
7
7
7
7
7
7
7
7
7
7
7
7
7
7
7
7
7
7
7
7
7
7
7
7
7
7
7
7
7
7
7
7
7
7
7
7
7
7
7
7
7
7
7
7
7
7
7
7
7
7
7
7
7
7
7
7
7
7
7
7
7
7
7
7
7
7
7
7
7
7
7
7
7
7
7
7
7
7
7
7
7
7
7
7
7
7
7
7
7
7
7
7
7
7
7
7
7
7
7
7
7
7
7
7
7
7
7
7
7
7
7
7
7
7
7
7
7
7
7
7
7
7
7
7
7
7
7
7
7
7
7
7
7
7
7
7
7
7
7
7
7
7
7
7
7
7
7
7
7
7
7
7
7
7
7
7
7
7
7
7
7
7
7
7
7
7
7
7
7
7
7
7
7
7
7
7
7
7
7
7
7
7
7
7
7
7
7
7
7
7
7
7
7
7
7
7
7
7
7
7
7
7
7
7
7
7
7
7
7
7
7
7
7
7
7
7
7
7
7
7
7
7
7
7
7
7
7
7
7
7
7
7
7
7
7
7
7
7
7
7
7
7
7
7
7
7
7
7
7
7
7
7
7
7
7
7
7
7
7
7
7
7
7
7
7
7
7
7
7
7
7
7
7
7
7
7
7
7
7
7
7
7
7
7
7
7
7
7
7
7
7
7
7
7
7
7
7
7
7
7
7
7
7
7
7
7
7
7
7
7
7
7
7
7
7
7
7
7
7
7
7
7
7
7
7
7
7
7
7
7
7
7
7
7
7
7
7
7
7
7
7
7
7
7
7
7
7
7
7
7
7
7
7
7
7
7
7
7
7
7
7
7
7
7
7
7
7
7
7
7
7
7
7
7
7
7
7
7
7
7
7
7
7
7
7
7
7
7
7
7
7
7
7
7
7
7
7
7
7
7
7
7
7
7
7
7
7
7
7
7
7
7
7
7
7
7
7
7
7
7
7
7
7
7
7
7
7
7
7
7
7
7
7
7
7
7
7
7
7
7
7
7
7
7
7
7
7
7
7
7
7
7
7
7
7
7
7
7
7
7
7
7
7
7
7
7
7
7
7
7
7
7
7
7
7
7
7
7
7
7
7
7
7
7
7
7
7
7
7
7
7
7
7
7
7
7
7
7
7
7
7
7
7
7
7
7
7
7
7
7
7
7
7
7
7
7
7
7
7
7
7
7
7
7
7
7
7
7
7
7
7
7
7
7
7
7
7
7
7
7
7
7
7
7
7
7
7
7
7
7
7
7
7
7
7
7
7
7
7
7
7
7
7
7
7
7
7
7
7
7
7
7
7
7
7
7
7
7
7
7
7
7
7
7
7
7
7
7
7
7
7
7
7
7
7
7
7
7
7
7
7
7
7
7
7
7
7
7
7
7
7
7
7
7
7
7
7
7
7
7
7
7
7
7
7
7
7
7
7
7
7
7
7
7
7
7
7
7
7
7
7
7
7
7
7
7
7
7
7
7
7
7
7
7
7
7
7
7
7
7
7
7
7
7
7
7
7
7
7
7
7
7
7
7
7
7
7
7
7
7
7
7
7
7
7
7
7
7
7
7
7
7
7
7
7
7
7
7
7
7
7
7
7
7
7
7
7
7
7
7
7
7
7
7
7
7
7
7
7
7
7
7
7
7
7
7
7
7
7
7
7
7
7
7
7
7
7
7
7
7
7
7
7
7
7
7
7
7
7
7
7
7
7
7
7
7
7
7
7
7
7
7
7
7
7
7
7
7
7
7
7
7
7
7
7
7
7
7
7
7
7
7
7
7
7
7
7
7
7
7
7
7
7
7
7
7
7
7
7
7
7
7
7
7
7
7
7
7
7
7
7
7
7
7
7
7
7
7
7
7
7
7
7
7
7
7
7
7
7
7
7
7
7
7
7
7
7
7
7
7
7
7
7
7
7
7
7
7
7
7
7
7
7
7
7
7
7
7
7
7
7
7
7
7
7
7
7
7
7
7
7
7
7
7
7
7
7
7
7
7
7
7
7
7
7
7
7
7
7
7
7
7
7
7
7
7
7
7
7
7
7
7
7
7
7
7
7
7
7
7
7
7
7
7
7
7
7
7
7
7
7
7
7
7
7
7
7
7
7
7
7
7
7
7
7
7
7
7
7
7
7
7
7
7
7
7
7
7
7
7
7
7
7
7
7
7
7
7
7
7
7
7
7
7
7
7
7
7
7
7
7
7
7
7
7
7
7
7
7
7
7
7
7
7
7
7
7
7
7
7
7
7
7
7
7
7
7
7
7
7
7
7
7
7
7
7
7
7
7
7
7
7
7
7
7
7
7
7
7
7
7
7
7
7
7
7
7
7
7
7
7
7
7
7
7
7
7
7
7
7
7
7
7
7
7
7
7
7
7
7
7
7
7
7
7
7
7
7
7
7
7
7
7
7
7
7
7
7
7
7
7
7
7
7
7
7
7
7
7
7
7
7
7
7
7
7
7
7
7
7
7
7
7
7
7
7
7
7
7
7
7
7
7
7
7
7
7
7
7
7
7
7
7
7
7
7
7
7
7
7
7
7
7
7
7
7
7
7
7
7
7
7
7
7
7
7
7
7
7
7
7
7
7
7
7
7
7
7
7
7
7
7
7
7
7
7
7
7
7
7
7
7
7
7
7
7
7
7
7
7
7
7
7
7
7
7
7
7
7
7
7
7
7
7
7
7
7
7
7
7
7
7
7
7
7
7
7
7
7
7
7
7
7
7
7
7
7
7
7
7
7
7
7
7
7
7
7
7
7
7
7
7
7
7
7
7
7
7
7
7
7
7
7
7
7
7
7
7
7
7
7
7
7
7
7
7
7
7
7
7
7
7
7
7
7
7
7
7
7
7
7
7
7
7
7
7
7
7
7
7
7
7
7
7
7
7
7
7
7
7
7
7
7
7
7
7
7
7
7
7
7
7
7
7
7
7
7
7
7
7
7
7
7
7
7
7
7
7
7
7
7
7
7
7
7
7
7
7
7
7
7
7
7
7
7
7
7
7
7
7
7
7
7
7
7
7
7
7
7
7
7
7
7
7
7
7
7
7
7
7
7
7
7
7
7
7
7
7
7
7
7
7
7
7
7
7
7
7
7
7
7
7
7
7
7
7
7
7
7
7
7
7
7
7
7
7
7
7
7
7
7
7
7
7
7
7
7
7
7
7
7
7
7
7
7
7
7
7
7
7
7
7
7
7
7
7
7
7
7
7
7
7
7
7
7
7
7
7
7
7
7
7
7
7
7
7
7
7
7
7
7
7
7
7
7
7
7
7
7
7
7
7
7
7
7
7
7
7
7
7
7
7
7
7
7
7
7
7
7
7
7
7
7
7
7
7
7
7
7
7
7
7
7
7
7
7
7
7
7
7
7
7
7
7
7
7
7
7
7
7
7
7
7
7
7
7
7
7
7
7
7
7
7
7
7
7
7
7
7
7
7
7
7
7
7
7
7
7
7
7
7
7
7
7
7
7
7
7
7
7
7
7
7
7
7
7
7
7
7
7
7
7
7
7
7
7
7
7
7
7
7
7
7
7
7
7
7
7
7
7
7
7
7
7
7
7
7
7
7
7
7
7
7
7
7
7
7
7
7
7
7
7
7
7
7
7
7
7
7
7
7
7
7
7
7
7
7
7
7
7
7
7
7
7
7
7
7
7
7
7
7
7
7
7
7
7
7
7
7
7
7
7
7
7
7
7
7
7
7
7
7
7
7
7
7
7
7
7
7
7
7
7
7
7
7
7
7
7
7
7
7
7
7
7
7
7
7
7
7
7
7
7
7
7
7
7
7
7
7
7
7
7
7
7
7
7
7
7
7
7
7
7
7
7
7
7
7
7
7
7
7
7
7
7
7
7
7
7
7
7
7
7
7
7
7
7
7
7
7
7
7
7
7
7
7
7
7
7
7
7
7
7
7
7
7
7
7
7
7
7
7
7
7
7
7
7
7
7
7
7
7
7
7
7
7
7
7
7
7
7
7
7
7
7
7
7
7
7
7
7
7
7
7
7
7
7
7
7
7
7
7
7
7
7
7
7
7
7
7
7
7
7
7
7
7
7
7
7
7
7
7
7
7
7
7
7
7
7
7
7
7
7
7
7
7
7
7
7
7
7
7
7
7
7
7
7
7
7
7
7
7
7
7
7
7
7
7
7
7
7
7
7
7
7
7
7
7
7
7
7
7
7
7
7
CELL_DATA 4320
SCALARS p float 1
LOOKUP_TABLE default
0.28438566
0.155069
0.33253742
0.2627529
0.26930127
0.18491827
0.33946073
0.2420395
0.25943493
0.311269
0.32063221
0.27994303
0.33573806
0.2987597
0.2586492
0.33586914
0.33038663
0.30915463
0.33986184
0.26213843
0.25128818
0.32015278
0.26123449
0.28521904
0.34190213
0.23768257
0.2463697
0.22553341
0.25484099
0.29960342
0.33826345
0.31523422
0.32194827
0.19799824
0.30535686
0.2306564
0.27314337
0.24602151
0.32832945
0.31003847
0.32593974
0.23983279
0.33592797
0.33476938
0.32198771
0.31411283
0.25067261
0.33973777
0.34208423
0.33106363
0.33427349
0.30756809
0.24637866
0.3187355
0.37501873
0.28695024
0.2561623
0.32064072
0.3320669
0.33261055
0.30397173
0.28032184
0.32634734
0.30130673
0.33751023
0.32641156
0.33872467
0.3139102
0.31600491
0.29489884
0.20677954
0.31201193
0.30740591
0.33789936
0.24902379
0.3124634
0.30734755
0.26630435
0.2941612
0.27640752
0.31202183
0.3184854
0.29069342
0.31661463
0.29057764
0.30171321
0.25689819
0.29726166
0.29257953
0.37477953
0.27097621
0.30064069
0.31822024
0.32778645
0.32848524
0.27098219
0.27841442
0.24494537
0.29471029
0.23696446
0.31699924
0.31839836
0.19724459
0.23738668
0.32524198
0.320567
0.25276233
0.21950842
0.32283464
0.32077168
0.2823214
0.26249388
0.32256742
0.30726652
0.25124531
0.32683431
0.28272084
0.26694747
0.30494984
0.30979489
0.31613937
0.26299657
0.3178937
0.29245243
0.31616199
0.29564889
0.32610405
0.29325136
0.22496922
0.3038066
0.30892518
0.30549106
0.32707392
0.29085274
0.30976079
0.3171944
0.28915082
0.24507956
0.32088336
0.31705154
0.32729648
0.3004013
0.30712709
0.19458766
0.30529438
0.31002925
0.24329197
0.2330586
0.29171263
0.24959813
0.28732157
0.28886137
0.28626426
0.31545791
0.308168
0.29498923
0.30516325
0.3012699
0.29314991
0.3047398
0.26726167
0.30020682
0.2845437
0.29871322
0.2611532
0.25052215
0.23849254
0.25182022
0.28355811
0.23289821
0.28098717
0.25752986
0.26391079
0.3324454
0.2774066
0.26146947
0.28841477
0.28012927
0.27403978
0.28073135
0.28813157
0.24908246
0.25536864
0.25408815
0.2698852
0.26730429
0.26331112
0.26662494
0.28213897
0.22523043
0.26446632
0.25211539
0.27504227
0.2992282
0.27255597
0.23072159
0.24410277
0.26053173
0.27305095
0.28549595
0.26387648
0.22626014
0.26293087
0.22898177
0.22807398
0.22497522
0.25709896
0.2376762
0.23986983
0.27375109
0.21417115
0.2483993
0.30679646
0.3110246
0.27023687
0.24533928
0.23086028
0.21528196
0.24202936
0.25752575
0.24106284
0.30668225
0.2670208
0.24651954
0.24988666
0.21437616
0.26629721
0.29459194
0.2436929
0.24424008
0.24397689
0.24085655
0.25150861
0.27983805
0.25166362
0.2637303
0.2564862
0.26747525
0.23431031
0.24196212
0.24784087
0.25452976
0.23119213
0.31917789
0.25661481
0.27715111
0.23983441
0.24719072
0.24615278
0.2144597
0.26441922
0.247128
0.24152117
0.25609447
0.26261082
0.23924216
0.24811531
0.20418385
0.23619029
0.27412979
0.26039705
0.27899177
0.26755446
0.21843916
0.21661715
0.22601353
0.25607267
0.26236777
0.29883908
0.30775034
0.28477891
0.20995814
0.2771059
0.23125236
0.24194823
0.22088083
0.20878526
0.21191117
0.19876074
0.31917594
0.31741276
0.31163678
0.3112108
0.29753776
0.25037435
0.29426592
0.25340193
0.26985511
0.25277652
0.24941278
0.29845192
0.24128045
0.2372696
0.24143037
0.2586311
0.29600925
0.24271642
0.23270132
0.2685567
0.25548394
0.23968037
0.30435817
0.25854894
0.25567297
0.24788558
0.22029948
0.26414689
0.30683571
0.22828588
0.23186746
0.23902229
0.23546399
0.24325187
0.30569634
0.23542493
0.25249479
0.22665724
0.24180522
0.22833329
0.3031341
0.23656613
0.30626918
0.26164765
0.24791732
0.23278851
0.24399827
0.23225704
0.23905075
0.24785572
0.23151605
0.22971477
0.22387877
0.21556879
0.24613998
0.23981109
0.24100267
0.29329812
0.22652762
0.22784462
0.21834359
0.2047962
0.21345921
0.22294844
0.22970017
0.22515516
0.23476176
0.23636058
0.2485806
0.24815063
0.21436808
0.21082343
0.22910353
0.22115233
0.23382252
0.23092603
0.21562442
0.22419595
0.21060162
0.22788374
0.23736117
0.24244108
0.21824326
0.21306655
0.22362755
0.21072864
0.2302605
0.23126917
0.21615834
0.22890159
0.22451926
0.23729182
0.28868052
0.29479111
0.21617387
0.19982657
0.20855314
0.22376173
0.24095785
0.2259287
0.23415636
0.22618333
0.20946434
0.22409061
0.18806929
0.19005957
0.24124469
0.2494207
0.21814684
0.20997616
0.21862364
0.21186172
0.20262288
0.21482218
0.21055814
0.20261174
0.2210952
0.21857477
0.22334848
0.19784413
0.21951012
0.21182518
0.21051462
0.20636968
0.20017924
0.20327719
0.219899
0.22014521
0.2146968
0.22295472
0.22781967
0.25151316
0.21414853
0.17795805
0.20393655
0.20857118
0.21278052
0.21552503
0.20648389
0.20917139
0.19360187
0.20212515
0.19676024
0.22888443
0.21620601
0.20594304
0.19032026
0.25105732
0.21458286
0.2026197
0.19308613
0.20116252
0.20732757
0.21395972
0.20161046
0.22283331
0.22364316
0.23683657
0.22068848
0.21157039
0.20437235
0.19110503
0.20701826
0.18548602
0.20088339
0.19860124
0.19289444
0.18578734
0.20221881
0.20060473
0.23114646
0.21983558
0.19359802
0.19368851
0.19155076
0.18391514
0.2342859
0.2228769
0.1902858
0.19083586
0.19594086
0.20023773
0.19974951
0.21111897
0.18735083
0.22171804
0.19670645
0.19821409
0.18888594
0.19120561
0.18997322
0.18375305
0.23103558
0.18158024
0.40516977
0.18229896
0.19223795
0.17635045
0.22923812
0.197856
0.23268525
0.19579812
0.18754912
0.18623646
0.24054502
0.21473284
0.18732018
0.22097638
0.2069818
0.22350476
0.22642712
0.21736135
0.23721651
0.18869065
0.21376007
0.22653691
0.23946757
0.22002724
0.18602276
0.22569846
0.19275018
0.1874239
0.21930546
0.17907612
0.188375
0.18777876
0.19136598
0.20023074
0.17602029
0.17988521
0.22570049
0.21967122
0.23261872
0.21011948
0.32758444
0.30438445
0.30588433
0.2910975
0.31428203
0.30154081
0.33466496
0.2707369
0.3132476
0.3122227
0.31375744
0.31760824
0.3102514
0.30358289
0.32219276
0.32017289
0.32264298
0.31401146
0.34440133
0.34678557
0.30511327
0.29030513
0.31747367
0.33536496
0.34352605
0.31997863
0.33592393
0.33655551
0.31168142
0.3016045
0.32543281
0.31591131
0.30047952
0.31481595
0.33452377
0.25913935
0.34836813
0.27319718
0.27629089
0.30349735
0.25802005
0.2120374
0.29612394
0.30664514
0.29721932
0.2819254
0.29353977
0.28617025
0.24347192
0.22216766
0.21930875
0.19171624
0.18113634
0.18365537
0.3297124
0.32910577
0.28908626
0.29666182
0.30220069
0.31802551
0.29590673
0.30321351
0.30538682
0.30902699
0.30972787
0.31473712
0.23563625
0.23241076
0.23628411
0.22983325
0.23491251
0.22698534
0.22455965
0.21702492
0.23399284
0.208383
0.28496647
0.28952538
0.21991986
0.22982358
0.22071129
0.21324996
0.22550015
0.21629152
0.21569469
0.20919937
0.19737258
0.19009327
0.19602693
0.20006487
0.17503947
0.18736559
0.18163096
0.24222414
0.20023302
0.21745884
0.2323846
0.22955667
0.18055938
0.21583826
0.22263698
0.21173337
0.22403129
0.21718837
0.21736418
0.18101558
0.18871517
0.19185735
0.18494307
0.3440745
0.36077317
0.35476945
0.33990105
0.33703508
0.3583502
0.3288064
0.33887929
0.32714297
0.34520962
0.35693525
0.32914888
0.40048116
0.36491291
0.35300947
0.3501007
0.19975813
0.26539442
0.27529191
0.34369476
0.26884825
0.26715853
0.24562105
0.2134507
0.23801927
0.27835463
0.28144266
0.30297857
0.28507071
0.35182399
0.26541313
0.18485725
0.22090124
0.19701032
0.21269267
0.34019999
0.33558406
0.32519523
0.2639438
0.29734451
0.2914562
0.32417526
0.33611756
0.29367156
0.28986863
0.29166326
0.29164561
0.2907413
0.28900657
0.28915537
0.28587474
0.29834991
0.27803612
0.26645258
0.28442317
0.28805526
0.29195584
0.28500767
0.28790518
0.28598887
0.2800719
0.28622193
0.27419163
0.27816759
0.29066328
0.29920807
0.28574033
0.28137963
0.29158545
0.29524099
0.29393622
0.30187153
0.28878139
0.29262143
0.28603388
0.29247059
0.27618664
0.2711229
0.30235951
0.31106931
0.28283024
0.28426698
0.29258571
0.29551476
0.27760518
0.26799044
0.27635768
0.29307687
0.28426639
0.29962339
0.30101437
0.30276368
0.26530482
0.27817574
0.28087425
0.28857952
0.27891559
0.28563667
0.27967447
0.26148184
0.27219018
0.26094493
0.27877887
0.26758068
0.26646429
0.27359684
0.27825637
0.27435458
0.28153184
0.25731492
0.26611942
0.27361871
0.27475058
0.26425547
0.26388881
0.26460901
0.25044454
0.26006659
0.27272205
0.26868168
0.26282313
0.27193889
0.2747936
0.23691577
0.27045085
0.28208796
0.2793215
0.26071962
0.27076173
0.25846116
0.26176542
0.26963045
0.27816029
0.26809525
0.26783107
0.26729715
0.25975256
0.26273287
0.27697773
0.25378099
0.25359591
0.2685749
0.28024444
0.25861028
0.263079
0.25554799
0.25824536
0.25010623
0.25140716
0.24752411
0.25546838
0.27670696
0.27409731
0.28501794
0.28333458
0.27879739
0.30083178
0.24884854
0.256626
0.25262338
0.25055159
0.2464495
0.24885168
0.24459429
0.25998691
0.23459385
0.24683451
0.24001201
0.24545043
0.24195231
0.2451453
0.24901318
0.25174179
0.21057472
0.20696777
0.17988297
0.17600728
0.18054565
0.1866306
0.21945629
0.22059902
0.21008686
0.20409512
0.2123675
0.21511199
0.19597943
0.20980826
0.19165005
0.18400362
0.17895552
0.18801765
0.17369953
0.18600176
0.20449201
0.20726796
0.24241731
0.23297406
0.20778517
0.21158402
0.19288679
0.18781426
0.19800916
0.19879032
0.18662486
0.20906712
0.20317161
0.19999296
0.18842402
0.33369212
0.18788858
0.19677822
0.19454235
0.1967515
0.32304756
0.20947239
0.20289099
0.19258836
0.2057627
0.21979245
0.35352178
0.29741419
0.35316883
0.32390944
0.18889122
0.31740817
0.33120332
0.31454984
0.18148749
0.19879651
0.3129798
0.18998152
0.31891726
0.32627903
0.19596232
0.32427161
0.28713608
0.28550232
0.37666688
0.34813241
0.3173804
0.19880892
0.18744155
0.27770114
0.28949795
0.27381727
0.21263342
0.17706709
0.080719706
0.30444025
0.28172311
0.29313198
0.2839129
0.19489032
0.27697741
0.26868325
0.29005416
0.32424459
0.3624023
0.27632531
0.27786943
0.28249578
0.30258517
0.28674547
0.29907109
0.29808141
0.29728524
0.30826248
0.30155192
0.31216075
0.25462025
0.26351278
0.24925009
0.25136912
0.245422
0.23863679
0.26682285
0.251155
0.23896214
0.22121029
0.22778974
0.24035585
0.23927611
0.2356854
0.17700323
0.16575947
0.19053255
0.21004071
0.21008805
0.20552595
0.20152124
0.20565071
0.18634778
0.18593456
0.18260884
0.17779337
0.22106251
0.22386129
0.22851879
0.23611224
0.22868298
0.2289471
0.21197795
0.20892765
0.20454418
0.20907296
0.21751954
0.21303056
0.21276222
0.21431159
0.2108906
0.19116093
0.20144549
0.18876507
0.19533813
0.20178536
0.18411927
0.1777096
0.16890465
0.159341
0.17686449
0.17229938
0.16976436
0.18210617
0.17917284
0.17930345
0.17125949
0.17256259
0.18271347
0.17888674
0.17715693
0.1820654
0.17145408
0.32220355
0.32657732
0.35611239
0.36904265
0.42317396
0.33660773
0.35595203
0.34478209
0.38487363
0.37221776
0.33725051
0.34429339
0.33723843
0.34641643
0.3287508
0.32825481
0.40712677
0.34989073
0.3749497
0.32146211
0.36781087
0.38397553
0.36666335
0.35654501
0.37016686
0.33968275
0.31308241
0.31481025
0.30765447
0.31613015
0.31037409
0.31492273
0.28244921
0.26909545
0.22053904
0.22145294
0.28280757
0.28990623
0.19487828
0.18857164
0.20922665
0.18370979
0.21093362
0.213262
0.20805918
0.20930835
0.28449122
0.28168508
0.28144605
0.27641603
0.27069747
0.26339573
0.28806509
0.29532765
0.29708499
0.30494272
0.30423372
0.28439796
0.3036681
0.30473667
0.30685216
0.30708995
0.2725433
0.24241629
0.26823998
0.19123608
0.18167531
0.17579561
0.17140413
0.20039091
0.19663404
0.20563317
0.20160495
0.1981982
0.19988392
0.1783278
0.19416216
0.22912782
0.22697742
0.24672559
0.23572793
0.20846939
0.23710811
0.20704373
0.20744557
0.20256838
0.21871257
0.21612537
0.20724161
0.20596982
0.20244884
0.20243065
0.20331386
0.20882753
0.20282428
0.20218948
0.20887232
0.19970759
0.17625009
0.21798958
0.22428204
0.2143095
0.21338863
0.19244688
0.195203
0.20152679
0.19727171
0.18096449
0.17434254
0.18192832
0.17749489
0.17221786
0.17066443
0.17060582
0.17544978
0.17415665
0.17228241
0.18088771
0.17284994
0.18061654
0.17652338
0.139077
0.16815176
0.18239921
0.17518245
0.16896312
0.1726492
0.17085033
0.16506229
0.19660442
0.14626512
0.17349865
0.17357601
0.17117249
0.17228587
0.14000817
0.17755703
0.16549525
0.15691178
0.17340759
0.17735049
0.37059004
0.38978333
0.38425749
0.44543617
0.38621769
0.37013227
0.5577905
0.35823499
0.38808419
0.38027917
0.35078276
0.30840208
0.38159443
0.35759764
0.34067598
0.35724078
0.32502019
0.31270701
0.33241151
0.32168535
0.34252559
0.33038838
0.30612685
0.27537611
0.33155241
0.29708822
0.23434451
0.28219135
0.26328058
0.33293994
0.31054715
0.29051494
0.33749809
0.32863556
0.31400609
0.31022309
0.30292746
0.30855631
0.3116007
0.31535281
0.31037434
0.30896383
0.30960506
0.3099239
0.30844465
0.30727032
0.30694701
0.30640365
0.31575186
0.31106875
0.30908498
0.31209721
0.30703296
0.30636773
0.30455086
0.30554017
0.30621696
0.30855809
0.30889277
0.28606319
0.27271292
0.2975987
0.28932111
0.28422627
0.27616645
0.29048956
0.28480196
0.27350405
0.26153357
0.26706312
0.27070758
0.350058
0.28796239
0.26316997
0.26671716
0.30302059
0.22907591
0.24049276
0.26953401
0.23782239
0.2121663
0.19490663
0.19718154
0.20187674
0.27382248
0.27116462
0.27369811
0.26617131
0.26682909
0.27415635
0.27769658
0.27045264
0.25541213
0.26104539
0.29936401
0.30551873
0.30238084
0.30273541
0.3035875
0.30387704
0.30582112
0.30294658
0.30510493
0.30522055
0.30711859
0.3048212
0.30541941
0.30369756
0.30423959
0.30668363
0.30595186
0.30188765
0.3037162
0.30127708
0.24780341
0.30311439
0.30459629
0.30515379
0.25885158
0.30419384
0.26745342
0.24352577
0.24538707
0.24395548
0.23974323
0.23897212
0.24213077
0.24251691
0.17575318
0.27812894
0.17555326
0.17371717
0.18315736
0.17332039
0.17713984
0.17177311
0.16467453
0.17049405
0.16895244
0.16432227
0.16762618
0.17107422
0.18108169
0.15997027
0.15885867
0.16322052
0.16107674
0.16600171
0.16371893
0.14927436
0.15195887
0.16735745
0.15840958
0.15979329
0.16308404
0.17978572
0.18784873
0.20512171
0.21728645
0.21579501
0.19652243
0.19644483
0.20265582
0.19682772
0.20241603
0.18847787
0.17290622
0.17251352
0.17451227
0.16612451
0.1766957
0.17780148
0.16949807
0.16580758
0.20437917
0.15492299
0.16118203
0.17964821
0.16357375
0.16865238
0.15543972
0.17133487
0.32033287
0.30624672
0.30784202
0.30930985
0.31269395
0.31461275
0.36201156
0.39988206
0.24286721
0.23724556
0.24696582
0.23204123
0.20372756
0.17792558
0.22785548
0.26359227
0.26273844
0.21456299
0.21813348
0.21641048
0.19472228
0.24862717
0.20407647
0.27113119
0.21857138
0.27274436
0.23608427
0.21181341
0.21297949
0.26408861
0.26312586
0.26484744
0.2946504
0.30028032
0.29971022
0.30367602
0.30410625
0.30101758
0.30415039
0.30467877
0.26585799
0.26512857
0.26526551
0.26490601
0.24939983
0.24751937
0.27573589
0.28118027
0.1792858
0.18154222
0.17509121
0.18409344
0.19518194
0.18973062
0.17417514
0.18586624
0.1995339
0.19780743
0.1995707
0.1924843
0.1958312
0.20047276
0.19586611
0.18833826
0.19268289
0.18960358
0.19280003
0.18261884
0.20322741
0.19884349
0.18712382
0.19332131
0.20723222
0.18051332
0.19632064
0.1676888
0.20478515
0.18077956
0.19420363
0.20626523
0.19927036
0.19376036
0.1712037
0.16661014
0.17007231
0.13642594
0.1865777
0.17749716
0.15854563
0.17953558
0.16309413
0.16735248
0.17881127
0.18355965
0.14598998
0.18439233
0.17538231
0.16126032
0.16830846
0.16547723
0.16899363
0.14330282
0.14821387
0.16374518
0.16903155
0.17411791
0.18101632
0.13903319
0.14936975
0.15738036
0.15979616
0.15398321
0.16062875
0.14891465
0.42676523
0.14458359
0.17418912
0.16285484
0.15785276
0.15737011
0.16187988
0.16302053
0.17186517
0.14631259
0.14986871
0.16164882
0.15331661
0.1721533
0.17320916
0.16711841
0.16887624
0.1687758
0.37144091
0.34616123
0.3933021
0.36133878
0.33121046
0.30992548
0.33328059
0.31889536
0.2096216
0.21800635
0.16219383
0.20583881
0.19653776
0.21252779
0.26034711
0.25668893
0.25031681
0.25206286
0.30064039
0.29993812
0.29440024
0.30124881
0.29406161
0.29023095
0.30462251
0.30395148
0.30407398
0.30425171
0.28638672
0.3041762
0.29073847
0.28212201
0.28436888
0.27440585
0.28138857
0.27248987
0.27068059
0.19295779
0.19935013
0.18502441
0.18105347
0.19255549
0.18054654
0.18427283
0.18969552
0.18077066
0.19362213
0.17277405
0.19082836
0.16471986
0.16118834
0.16578993
0.16298128
0.17303673
0.16043165
0.15205006
0.16305417
0.15814386
0.149585
0.14335468
0.1570612
0.17336959
0.1896042
0.13590019
0.17254341
0.17882167
0.17649112
0.16835046
0.15779113
0.29063257
0.29538054
0.16966121
0.18154168
0.17571282
0.15007966
0.1662737
0.15998844
0.17203342
0.55204411
0.14951037
0.15637457
0.17774318
0.15333771
0.83010409
0.39569082
0.17048577
0.1781242
0.18506064
0.1706548
0.17241803
0.20555377
0.19676041
0.19269278
0.19413027
0.1723284
0.1917296
0.18525706
0.29939582
0.30018135
0.3039236
0.3040107
0.30396715
0.30273065
0.30225816
0.30254025
0.28230697
0.28104743
0.28874731
0.28381326
0.28840651
0.29091394
0.28752125
0.28929727
0.28743652
0.29145707
0.28855955
0.28877788
0.29422948
0.29826344
0.29050778
0.29987794
0.17968714
0.17775702
0.17177221
0.16618807
0.1982643
0.19337069
0.18077342
0.16556463
0.1790436
0.18189993
0.1576896
0.15328489
0.15587551
0.15349998
0.15746315
0.15378937
0.14829406
0.14868032
0.14103271
0.14849544
0.14331405
0.14357322
0.15025391
0.1329552
0.13810643
0.14290376
0.15805263
0.1703549
0.13708563
0.13910089
0.17586563
0.13437449
0.12855148
0.14696504
0.15128648
0.13772778
0.14400258
0.15624069
0.15169814
0.15374097
0.141665
0.15368607
0.14086485
0.15439836
0.15134869
0.14768528
0.14650025
0.14097039
0.15257683
0.15297899
0.14694319
0.15319775
0.13672879
0.14567539
0.13711683
0.13531993
0.13895535
0.1437247
0.1380006
0.13923423
0.13104258
0.13244298
0.13084199
0.14421332
0.14118883
0.14346232
0.20185868
0.12970224
0.12281468
0.14171382
0.1428732
0.14900097
0.13285467
0.12992109
0.18394054
0.13986449
0.13839158
0.12859548
0.12984051
0.13530759
0.12729534
0.12595089
0.13209852
0.12377037
0.13527493
0.13209819
0.18998768
0.1233262
0.19015036
0.13064587
0.17123524
0.18844916
0.16270081
0.13272577
0.18033514
0.1701749
0.12450071
0.1274524
0.2922886
0.13410777
0.29167346
0.13885218
0.18038777
0.10866494
0.15587119
0.19195344
0.18599072
0.15042575
0.13728369
0.12083148
0.17838073
0.13281625
0.18828708
0.16807839
0.16708158
0.1548174
0.19270404
0.13545821
0.16260501
0.18011567
0.14035563
0.14134884
0.16138117
0.15404212
0.14773582
0.15147694
0.14262609
0.15381068
0.14134336
0.14911386
0.13927391
0.13909099
0.14535668
0.15759682
0.12783654
0.11165009
0.13071307
0.12931209
0.17483936
0.17166886
0.16455215
0.17328106
0.19360449
0.14938292
0.14430588
0.16390146
0.16481943
0.16579738
0.16103439
0.17810896
0.18148693
0.159321
0.14607741
0.18300946
0.17392224
0.16837713
0.17644019
0.15892252
0.14618483
0.16547668
0.17566566
0.15962737
0.1925776
0.15722711
0.16773516
0.16434579
0.16916625
0.16231645
0.16741015
0.16819744
0.15007025
0.15266194
0.16738177
0.1542523
0.13576694
0.16469074
0.15666088
0.16399037
0.16954058
0.16689997
0.13852432
0.17795053
0.11911834
0.14625963
0.15862963
0.1684564
0.18052797
0.14743383
0.14854988
0.16118635
0.16302645
0.17110903
0.091208645
0.17061671
0.14720645
0.17585188
0.13667971
0.1184555
0.14765028
0.15158266
0.14348329
0.14901438
0.099623708
0.13979058
0.16304328
0.15743835
0.153479
0.15143537
0.15616198
0.15156506
0.13725751
0.14102584
0.14020938
0.13297288
0.14622601
0.12854437
0.12998182
0.13778009
0.13278204
0.12406995
0.13351389
0.13028896
0.14087706
0.12859235
0.13435911
0.12260927
0.12123809
0.12071728
0.13629681
0.12337924
0.12437219
0.12482669
0.13023454
0.12029021
0.12492314
0.11884632
0.1310964
0.13066518
0.13906193
0.12540734
0.1226729
0.12090119
0.12299307
0.1200331
0.12024998
0.12118951
0.14581891
0.14685877
0.1609254
0.16126404
0.16097318
0.15192356
0.15719563
0.16140181
0.16147825
0.15737955
0.13876179
0.15725515
0.14766009
0.14665851
0.14760371
0.15344594
0.1642613
0.16009578
0.49472725
0.45410061
0.42328708
0.4128852
0.18003233
0.17124176
0.13684991
0.13009729
0.13090841
0.1481023
0.1349729
0.12126597
0.13637733
0.15150389
0.14745769
0.13848078
0.14037924
0.17028224
0.15209087
0.15753691
0.15111441
0.1648958
0.16199387
0.16131509
0.14935079
0.16001888
0.15512126
0.15896712
0.16230839
0.1662409
0.16543394
0.15941652
0.15581697
0.15985414
0.165761
0.17261809
0.15729497
0.16271148
0.15760128
0.17355985
0.16692317
0.16786545
0.12006411
0.12112101
0.11202539
0.11576543
0.11747011
0.10043173
0.12163076
0.11525646
0.13916889
0.11895859
0.1272701
0.12254679
0.11864261
0.14754739
0.13126983
0.12682311
0.11490415
0.10541758
0.12805801
0.12609723
0.11660713
0.11253046
0.13762945
0.10752976
0.12045507
0.11160302
0.13340357
0.12346538
0.14823795
0.13134939
0.14995067
0.12206941
0.12989112
0.12544057
0.12257848
0.12219839
0.15074991
0.15632117
0.14613941
0.14512249
0.13774168
0.14718324
0.14219901
0.12453068
0.12072046
0.11981892
0.12078033
0.11541893
0.15591576
0.11616538
0.15469233
0.14323993
0.12947521
0.1468983
0.1225843
0.11749945
0.1143189
0.10565804
0.11955914
0.15863943
0.10456678
0.13864225
0.14536144
0.1327349
0.12436482
0.12957938
0.15407341
0.14455291
0.12674932
0.13673707
0.15293074
0.1371577
0.13852628
0.1498877
0.14312986
0.15027033
0.13515287
0.15888007
0.13322172
0.13899263
0.11162558
0.12042989
0.14346627
0.14996132
0.1312969
0.14136189
0.1095457
0.13524029
0.13485843
0.14454209
0.10441094
0.084160467
0.11284101
0.098866595
0.11092207
0.10518509
0.11082729
0.10410981
0.11083259
0.10965813
0.10955916
0.10397916
0.10816656
0.10183196
0.11035601
0.10597413
0.11474976
0.10906785
0.17553509
0.16589909
0.17476443
0.18407526
0.20562442
0.17086494
0.11655878
0.14847412
0.13386741
0.14112926
0.14214307
0.13123742
0.12943828
0.12264275
0.13332005
0.12785824
0.11473578
0.14735106
0.13862722
0.15226297
0.14656118
0.15778994
0.13963229
0.14941237
0.12564561
0.15374476
0.15030506
0.14195912
0.14510244
0.42266976
0.37220634
0.36352759
0.38817552
0.41585217
0.42837198
0.3803229
0.17365779
0.27442211
0.44218689
0.48416162
0.40043684
0.27663339
0.37474226
0.30711462
0.34560729
0.39407399
0.35751753
0.41421883
0.3076615
0.32818123
0.17902494
0.13756886
0.12262557
0.14640389
0.13007671
0.15731181
0.11658639
0.14687969
0.1397581
0.12986597
0.14579652
0.12910844
0.13333176
0.13958014
0.13192795
0.12962179
0.12565393
0.12460535
0.13583661
0.13321886
0.15019138
0.13898919
0.13979536
0.11692858
0.14783916
0.15388347
0.12625867
0.1281475
0.124899
0.12835008
0.09058071
0.11250504
0.12461527
0.14254528
0.12283812
0.12878422
0.12166825
0.11632414
0.13479503
0.11992573
0.14654898
0.10929502
0.12354439
0.12077794
0.10729329
0.11312746
0.11810196
0.11646919
0.12709619
0.10480166
0.1150116
0.11018197
0.11601701
0.11759523
0.13778936
0.13744996
0.14615413
0.14076385
0.13197282
0.13885129
0.14657558
0.15718644
0.13136761
0.12180362
0.13714275
0.13941683
0.10514095
0.11743971
0.11596496
0.11844523
0.13449695
0.13545792
0.14569651
0.12758081
0.11410347
0.11491593
0.11545783
0.12139542
0.12935438
0.10291418
0.10698728
0.12275121
0.10073751
0.1172913
0.11477102
0.09852391
0.10536837
0.12490249
0.1277523
0.11218074
0.1182482
0.12054532
0.12118353
0.11876294
0.1040794
0.11636904
0.10442831
0.11106506
0.1236905
0.094784659
0.11276172
0.11683346
0.1055428
0.10884567
0.12153749
0.094843634
0.10540216
0.098939378
0.15276363
0.14983636
0.14656601
0.14914534
0.39624703
0.41534405
0.42901916
0.45523517
0.46876547
0.52180792
0.49807796
0.61438178
0.58451076
0.48222443
0.51716744
0.7184001
0.63933819
0.49901126
0.69173344
0.750559
0.29640795
0.63287142
0.26409051
0.30844758
0.30411925
0.29238634
0.30800742
0.28722686
0.31163865
0.10416655
0.12096737
0.13724513
0.15067628
0.14711014
0.12968568
0.16103696
0.16344869
0.15899147
0.15465652
0.11837399
0.12005148
0.11819075
0.15951113
0.12426846
0.12732566
0.10969085
0.11835008
0.13464104
0.11877548
0.13955268
0.14758121
0.14841671
0.14092594
0.11244331
0.11586826
0.12075135
0.11487706
0.17012214
0.14490345
0.11488643
0.1269863
0.11905749
0.10963118
0.1022519
0.098431675
0.11179467
0.11620507
0.11688393
0.10640661
0.10503377
0.11462485
0.10565854
0.11231619
0.11597041
0.11511366
0.10296797
0.11293058
0.10765109
0.10006165
0.1021979
0.10903972
0.12039214
0.077261554
0.11316611
0.10055198
0.10464424
0.11272568
0.11294122
0.084451335
0.103326
0.10175205
0.10762008
0.084755191
0.10875453
0.10276089
0.10514704
0.093784975
0.092265403
0.092637129
0.079985909
0.11652265
0.10701874
0.10718725
0.097381876
0.10423783
0.11111164
0.088846057
0.081707295
0.10841074
0.09488301
0.10418578
0.093223473
0.083701811
0.11356347
0.098241774
0.10428517
0.40400331
0.41310063
0.4488172
0.45592173
0.48131074
0.57246073
0.29973239
1.5414658
0.31918293
0.28039293
0.24900981
0.27028271
0.093679731
0.10335549
0.13302007
0.15736675
0.15936008
0.16123768
0.15805993
0.168448
0.1594228
0.15613603
0.10331195
0.14056488
0.11237418
0.11753067
0.10928087
0.10872105
0.11164857
0.12335139
0.099337558
0.11480308
0.098330734
0.11270281
0.103771
0.09823972
0.10519864
0.10498375
0.10743217
0.09523711
0.096684325
0.098819125
0.10855914
0.10180191
0.098062508
0.088390783
0.094060824
0.096242654
0.10542968
0.10049245
0.43383927
0.41673818
0.44687461
0.57997843
0.2918505
0.97159313
1.2057763
0.23818182
0.26224542
0.28605331
0.098563166
0.10440661
0.099319193
0.091795449
0.10624882
0.11396652
0.13397092
0.135909
0.12672366
0.13420053
0.12585743
0.12842754
0.1265605
0.11599708
0.13892766
0.11034881
0.12684812
0.12993871
0.16230207
0.14046767
0.15936642
0.14066597
0.14830444
0.1417091
0.14251756
0.14249518
0.15280319
0.11233886
0.10931556
0.10610156
0.10920944
0.1010639
0.11576921
0.10661176
0.10149625
0.11237784
0.10516404
0.10540484
0.11002139
0.098424446
0.095383743
0.096709643
0.11053788
0.10087843
0.10005167
0.095016968
0.098751659
0.097600942
0.091442395
0.093082821
0.10079223
0.091913626
0.095926684
0.09644853
0.09940425
0.1006904
0.097109555
0.10052808
0.097652781
0.098255532
0.086533057
0.093326284
0.099214357
0.10493349
0.099032838
0.10786734
0.10182393
0.092788499
0.092135043
0.096511929
0.10293904
0.097141458
0.10154211
0.10470447
0.09065367
0.10737565
0.098364869
0.09708245
0.094679083
0.09986403
0.09751219
0.097078862
0.10505999
0.049609203
0.099444148
0.098931007
0.083946341
0.080507927
0.39902596
0.092225272
0.092592349
0.076637257
0.41573141
0.39686215
0.40415939
0.50331556
0.48176733
0.49080955
0.45624294
0.47920579
0.53975296
0.6191152
0.32007826
0.27191933
0.098249767
0.10044746
0.10406834
0.1078678
0.11116622
0.10745432
0.10944322
0.11555441
0.10589709
0.1060934
0.10451809
0.1167724
0.11478
0.14712554
0.11562255
0.11426426
0.1150243
0.10821257
0.10607428
0.10204505
0.10752857
0.10764404
0.099716205
0.097232688
0.10306482
0.10366942
0.09756962
0.096957235
0.094077302
0.098746016
0.096867698
0.095260241
0.099024899
0.096066033
0.087789259
0.095635003
0.091963565
0.088972097
0.095686979
0.10815329
0.10849336
0.10078856
0.10834141
0.093042289
0.092366201
0.095585115
0.099370825
0.067367409
0.096794042
0.080123831
0.10174779
0.096906532
0.094650974
0.094784262
0.38091529
0.099095395
0.063288054
0.086255002
0.060922759
0.071826428
0.087240045
0.086878233
0.41040179
0.44315433
0.38113966
0.41860627
0.65968259
0.7557573
0.10016238
0.097824392
0.096996238
0.10056972
0.092494386
0.096250981
0.11828608
0.11579436
0.11369702
0.12179389
0.10167012
0.073962943
0.1468347
0.13771541
0.096097228
0.10011701
0.093205721
0.093251152
0.10481588
0.10225172
0.096373218
0.091620769
0.091936573
0.079777086
0.093473178
0.088701233
0.094171093
0.088613052
0.094403384
0.090641081
0.093906517
0.092624106
0.084209236
0.091658288
0.087587887
0.090659613
0.082511027
0.092680311
0.087055861
0.077640031
0.093154927
0.092799089
0.081818921
0.085629503
0.099201796
0.079578811
0.07008775
0.078919343
0.077516461
0.073523416
0.068121314
0.086828469
0.068396463
0.077750938
0.087397497
0.073935375
0.082370999
0.077035249
0.077020884
0.08219078
0.084972319
0.083544309
0.085755343
0.34084327
0.072592152
0.089281421
0.095163443
0.095555877
0.1041453
0.077432233
0.078651565
0.064734061
0.081732701
0.085747252
0.030857769
0.082763323
0.080568783
0.40179536
0.37312388
0.37469851
0.38751081
0.36853697
0.35746728
0.36218024
0.39332117
0.35076924
0.36974954
0.37938773
0.41539391
0.36369992
0.35362551
0.34874362
0.35202639
0.42303535
0.34922341
0.11144057
0.11523091
0.10763781
0.11331167
0.11425178
0.11558745
0.11180879
0.11208933
0.10886717
0.11666557
0.10823578
0.10831949
0.11683059
0.12671342
0.11420411
0.12123765
0.097422876
0.10252168
0.13209763
0.13208051
0.13212679
0.12978055
0.1222078
0.1165055
0.11576312
0.12380327
0.13116567
0.14777359
0.14933564
0.14726039
0.13939929
0.12858803
0.14070022
0.090303497
0.088086461
0.080162227
0.082240505
0.086532338
0.08769932
0.097116341
0.083775833
0.087993474
0.084606304
0.085403303
0.086733902
0.076534359
0.080476516
0.080752609
0.086375946
0.07231491
0.084809774
0.067791255
0.083652175
0.066468856
0.071697716
0.071603697
0.077930519
0.074140212
0.082716758
0.08272859
0.072636058
0.086226538
0.084882146
0.087909882
0.081810313
0.088241065
0.085731126
0.075280906
0.078089473
0.076546511
0.078030566
0.071011197
0.08556469
0.087506907
0.076298051
0.078643584
0.076734782
0.089689988
0.083395784
0.076447606
0.068580942
0.076058071
0.077199086
0.071767965
0.075940164
0.076519518
0.079072489
0.077514252
0.08167224
0.072654257
0.070542006
0.076710484
0.076464759
0.073465824
0.077600569
0.057006142
0.065873958
0.069735978
0.070655516
0.073433903
0.071700298
0.070318432
0.075829001
0.070978602
0.081386769
0.077583941
0.090193787
0.076829837
0.068029666
0.073243334
0.073066628
0.080410846
0.084187068
0.075354908
0.073947444
0.074956418
0.072967225
0.068770296
0.075978782
0.068481299
0.087322535
0.074368177
0.069238008
0.069403621
0.059290507
0.069990313
0.066875327
0.063794565
0.066029867
0.066333672
0.069482133
0.071564312
0.071693647
0.075401145
0.078526886
0.063339533
0.065885751
0.067357892
0.056915205
0.063843841
0.060196791
0.062231075
0.075522024
0.070823429
0.071026786
0.075701383
0.088695887
0.058744602
0.063876263
0.062480932
0.068698739
0.075326551
0.076060922
0.077028007
0.081400339
0.05940908
0.05915428
0.064719502
0.05448998
0.068425489
0.072202453
0.06017405
0.065074353
0.34819083
0.36863774
0.34416782
0.34934116
0.35502763
0.35667996
0.36770314
0.35751721
0.38547557
0.39985063
0.11092912
0.10895695
0.092494164
0.076268394
0.10480947
0.10897006
0.1077595
0.10583288
0.10882699
0.11161337
0.10211552
0.11107509
0.098874235
0.079982096
0.10361964
0.10418408
0.094058103
0.10870124
0.10215243
0.11937626
0.12680709
0.11097415
0.11971407
0.10388679
0.076585145
0.10827403
0.085418858
0.077952253
0.074700141
0.074677708
0.079968327
0.081135338
0.074854521
0.07893019
0.074262173
0.051184489
0.061611525
0.068175516
0.062968611
0.064411838
0.065369953
0.067065825
0.076107151
0.057260832
0.069283784
0.060540452
0.063505701
0.066662664
0.077802951
0.077621856
0.094957165
0.072283199
0.066505049
0.055527199
0.066758164
0.078252213
0.07133056
0.087971218
0.082547148
0.06042186
0.061966593
0.071300009
0.073281072
0.072194246
0.072209067
0.077214611
0.075403422
0.064452388
0.073694103
0.064658483
0.088532241
0.07287175
0.073478004
0.10444546
0.10118084
0.072207988
0.079701182
0.092483292
0.095788246
0.071128295
0.081305842
0.088322644
0.080016968
0.08098974
0.07823155
0.06738067
0.069535119
0.054149689
0.036450981
0.066126584
0.06529951
0.061375277
0.076022499
0.072621953
0.065234823
0.083896152
0.087071106
0.039890588
0.070186373
0.068013845
0.061437481
0.082088942
0.066661813
0.068913482
0.068089413
0.066488545
0.089147633
0.046100489
0.076010004
0.080812311
0.031389753
0.083110598
0.075039724
0.063838993
0.055011686
0.060433631
0.078754997
0.064609531
0.069688521
0.043846035
0.058991919
0.067394836
0.075354624
0.43473375
0.40812975
0.42615604
0.36412461
0.36478644
0.38279206
0.39156102
0.10089048
0.099372886
0.097424742
0.09833404
0.09821161
0.099779274
0.09709798
0.097773878
0.087863884
0.086850737
0.080877636
0.079345274
0.10347735
0.098689585
0.07263924
0.097165145
0.090628688
0.094890817
0.095946898
0.089682303
0.075604953
0.097556345
0.083813417
0.087053204
0.078956832
0.088778139
0.085916622
0.08494524
0.095403002
0.095567852
0.083340666
0.075302209
0.090600716
0.097986694
0.097220469
0.091855011
0.098462458
0.070151694
0.072599141
0.082704855
0.080688785
0.097513638
0.091118359
0.096052397
0.09440509
0.068186025
0.095835993
0.065055449
0.090345058
0.08412212
0.071348582
0.077753754
0.066248749
0.068907123
0.094601422
0.09024213
0.091376011
0.095503628
0.0725117
0.078596204
0.049479465
0.056918383
0.068415127
0.069875634
0.074413052
0.083530033
0.065071829
0.073589197
0.079569861
0.08437505
0.066725848
0.06914284
0.044784832
0.065476316
0.071422189
0.080654693
0.07979801
0.083152467
0.081918837
0.072291903
0.075560731
0.073977165
0.072226656
0.086920563
0.081051191
0.080442702
0.098423969
0.099688358
0.11871802
0.1154853
0.12672989
0.11461768
0.11955246
0.12231475
0.11946065
0.11711319
0.10782926
0.068982468
0.064263061
0.052113114
0.060283373
0.067904481
0.05644933
0.050701247
0.059339584
0.056069612
0.055358931
0.05902798
0.054213948
0.059788905
0.055614788
0.057346796
0.053985293
0.061119141
0.044128099
0.058243544
0.065370803
0.053189399
0.046802077
0.043640159
0.048371891
0.039785185
0.058027295
0.059895177
0.030935129
0.066910226
0.066384496
0.048777169
0.057009308
0.0519773
0.050273285
0.056683605
0.063465709
0.056520086
0.08186432
0.040636408
0.057987894
0.056355264
0.055047014
0.058347202
0.06613339
0.058146839
0.060683285
0.043711711
0.063557765
0.059783079
0.059117205
0.05997744
0.071082886
0.059832572
0.058204024
0.061221472
0.06702078
0.060917605
0.064741921
0.062696928
0.064639118
0.054024393
0.04750106
0.056203291
0.057485991
0.062704579
0.059385297
0.056487421
0.049745093
0.060265331
0.055751255
0.046845648
0.049288032
0.038172154
0.038105368
0.0803583
0.056833998
0.074876159
0.046796222
0.069806422
0.055409773
0.053404795
0.05822598
0.057661313
0.051796156
0.054306478
0.036056181
0.043959441
0.046165931
0.053635
0.038460637
0.037622556
0.061824382
0.040783097
0.039075238
0.056943987
0.045479489
0.043581312
0.058410672
0.065804984
0.059497633
0.047094116
0.0648113
0.049513865
0.03740797
0.041872203
0.049044679
0.070157223
0.054289167
0.046138959
0.069814682
0.060076865
0.056072595
0.054410764
0.038478262
0.0374159
0.065414509
0.054519554
0.051698284
0.033529655
0.045225321
0.052885756
0.04523139
0.053178488
0.043494052
0.044255245
0.048161886
0.042224518
0.037079614
0.044904453
0.058390082
0.033136391
0.038743141
0.033449011
0.03671039
0.036661147
0.039973771
0.034957459
0.063317244
0.030065312
0.04840821
0.024355598
0.035031199
0.0093270764
0.02407367
0.014681251
0.014338225
0.012644187
0.033693839
0.01133201
0.02693786
0.035551044
0.03101861
0.02064814
0.071865027
0.068102382
0.02092974
0.019454615
0.039809021
0.040448848
0.042160965
0.044468636
0.042344247
0.04001211
0.041330944
0.04006213
0.042286056
0.049801026
0.068128862
0.026363682
0.030495171
0.049783701
0.045533723
0.042734302
0.023213664
0.033321347
0.053673608
0.051805543
0.032417119
0.0081443271
0.02758525
0.032327213
0.020134039
0.032896073
0.02592275
0.027591389
0.02452284
0.032634515
0.046403473
0.018264076
0.05012842
0.0072300634
0.0021279206
0.018774379
0.020625111
0.034033601
0.019531157
0.020686069
0.040818057
0.0318372
0.02024059
0.03704043
0.066763129
0.071084271
0.08463775
0.08997495
0.0848477
0.090465905
0.082733479
0.086683296
0.080332125
0.082387049
0.08810734
0.090815487
0.089181326
0.090125084
0.087179236
0.087890072
0.08510545
0.082075276
0.080422848
0.085101145
0.063566546
0.067301699
0.065979128
0.070310787
0.062618422
0.067181439
0.06274084
0.05642577
0.059546501
0.061173862
0.077190043
0.080460235
0.059521648
0.053616294
0.050494813
0.083738734
0.075334336
0.071346942
0.075864506
0.095508224
0.082509063
0.095666963
0.095640429
0.091166443
0.09978286
0.10417373
0.089282892
0.093376044
0.097972969
0.063151982
0.056239445
0.086281538
0.084808821
0.08164049
0.058641214
0.11057286
0.06091554
0.066910928
0.060994418
0.064470049
0.059484974
0.11283116
0.1097929
0.11446547
0.11973598
0.1140121
0.10776981
0.11226952
0.11774567
0.11670585
0.1099959
0.12025049
0.11619453
0.11981301
0.058012945
0.068125695
0.063028888
0.061105775
0.051810901
0.052466123
0.06153023
0.062165396
0.062276458
0.058294221
0.05675148
0.057852704
0.066098429
0.067476424
0.069580654
0.059948263
0.052966174
0.041728081
0.04744786
0.036884712
0.03420809
0.030166245
0.020402881
0.024219224
0.012262112
0.01704549
0.022659376
0.050597203
0.02982467
0.020305177
0.020214426
0.087649832
0.090783811
0.057242681
0.057291912
0.051694694
0.041704546
0.062489027
0.060615687
0.053610065
0.060871761
0.05058614
0.051251198
0.049798516
0.061736485
0.07664705
0.088325116
0.06221046
0.057524276
0.062364635
0.054516952
0.075769189
0.065384581
0.047451344
0.060095965
0.052980206
0.05169633
0.041698148
0.052621932
0.051130135
0.04941995
0.046090515
0.050767364
0.034672571
0.048362553
0.038161036
0.047237761
0.036506445
0.03187232
0.046606048
0.059065383
0.046465228
0.044163031
0.051849604
0.050794838
0.049128896
0.0508381
0.053739808
0.044717231
0.01325032
0.034818737
0.015054969
0.010380851
0.008690828
0.016043621
0.021946871
0.01306437
0.026318727
0.015192184
0.012189453
0.013999152
0.029608383
0.027611854
0.030846749
0.026740303
0.020329552
0.021897042
0.014876105
0.027778216
0.015956582
0.030581063
0.023848597
0.02556253
0.013321252
0.026425006
0.013329416
0.033594116
0.015869473
0.025713289
0.027887964
0.026434468
0.015703708
0.015897969
0.037917945
0.012134517
0.037480075
0.050056964
0.021184008
0.031878233
0.048637926
0.026299368
0.025820858
0.029141348
0.056400029
0.034494613
0.019102031
0.027945607
0.051078412
0.051227198
0.052331139
0.049776381
0.041232829
0.051743929
0.055395023
0.043949737
0.040398044
0.045264757
0.036909119
0.050857307
0.045702335
0.046386782
0.047823613
0.042545885
0.034668015
0.051253626
0.049670031
0.046189886
0.044405738
0.052650762
0.051572455
0.056685508
0.058691392
0.046350336
0.0469639
0.047706433
0.046281392
0.044828929
0.042105084
0.034290365
0.043355581
0.047127764
0.044520369
0.038995579
0.039227394
0.039507874
0.039022971
0.029370126
0.041213944
0.034410101
0.039741764
0.038584443
0.036320091
0.034571556
0.029227774
0.038437497
0.044227153
0.025417319
0.037002244
0.026570759
0.026808672
0.035244085
0.035276556
0.026757277
0.027739809
0.027030623
0.032581611
0.02721846
0.029834518
0.026243529
0.014417934
0.029457614
0.027637676
0.020602075
0.024373511
0.029546786
0.02424495
0.020131726
0.040872291
0.023235869
0.025038821
0.03648114
0.037210691
0.037823258
0.040588586
0.033287338
0.034304512
0.052443135
0.050080178
0.065424154
0.060851772
0.053425302
0.054655873
0.065303807
0.061866988
0.056891077
0.060606949
0.051773752
0.054051566
0.056001765
0.056438106
0.060696434
0.059411104
0.04788502
0.057169121
0.041421593
0.038530102
0.031154288
0.022440977
0.038758002
0.036885555
0.024302731
0.012355997
0.018153019
0.026495659
0.016325187
0.0041343062
0.019222311
0.02347534
0.015524834
0.018532121
0.01372303
0.033808391
0.016004824
0.017378887
0.019275925
0.024090145
0.015059858
0.019482593
0.017283221
0.011812607
0.017834353
0.017960748
0.023156759
0.019192504
0.022285981
0.020825061
0.025963287
0.016466751
0.012003224
0.014810794
0.017431553
0.013629275
0.028185933
0.024785015
0.02903499
0.019085224
0.021246681
0.012241667
0.014716651
0.013800087
0.019803125
0.0086708424
0.018252617
0.015361896
0.019666409
0.023811232
0.019942561
0.01143785
0.025546156
0.025441525
0.017901384
0.028894105
0.037250545
0.031154801
0.043501037
0.043304686
0.030045646
0.055626409
0.02983763
0.035655027
0.060276933
0.055059399
0.057946837
0.057021281
0.056320353
0.059890359
0.06427057
0.065516625
0.051522713
0.057187742
0.04830738
0.050343099
0.03720247
0.040980059
0.048924947
0.057238572
0.047923716
0.046534781
0.041442099
0.047589836
0.030632703
0.038371828
0.035981377
0.040296923
0.020304434
0.0092721833
0.025305123
0.029830342
0.032844557
0.018231674
0.023965453
0.017729253
0.029732323
0.020270054
0.018684001
0.0213643
0.02095909
0.018064537
-0.0063707255
0.011088706
0.013274415
0.017090085
0.0066150842
0.02181272
0.0037218564
0.010477077
0.01663233
0.011882783
0.013556807
0.036346452
0.039372155
0.034840016
0.031723509
0.039335943
0.043063302
0.037333716
0.034718868
0.034228911
0.042501727
0.037805553
0.044594365
0.045254218
0.041919881
0.0359533
0.040265702
0.021389751
0.04503355
0.040964833
0.044031125
0.040357082
0.044408537
0.046198193
0.045092704
0.038208972
0.037167665
0.040930222
0.04757795
0.037168697
0.038338221
0.042200778
0.045551775
0.033836508
0.031850572
0.038419203
0.040950551
0.04247725
0.05423619
0.038000309
0.034673476
0.034388885
0.024662215
0.03265825
0.033054326
0.029779357
0.044651047
0.03221692
0.031833988
0.036931039
0.0408832
0.028416921
0.028999173
0.033348424
0.030310189
0.037837838
0.054129345
0.040117222
0.046323031
0.049824195
0.049972402
0.052515799
0.04932676
0.051991695
0.049034759
0.050141188
0.047171391
0.04897548
0.049883104
0.042676311
0.053920326
0.047430473
0.052124874
0.055244372
0.051252098
0.055614563
0.058313797
0.034354703
0.038127038
0.0037647706
0.024781419
0.033203284
0.030813979
0.013553164
0.019428739
0.022368471
0.022048267
0.01148884
0.014920633
0.020456492
0.014674327
0.016611115
0.020352332
0.021551326
0.024256365
0.013113416
0.0050266086
-0.0045955916
0.0017841045
0.035880066
0.036561927
0.03297803
0.031091883
0.026499985
0.022660671
0.036120151
0.032746031
0.038548142
0.034791866
0.047423741
0.049507181
0.029340898
0.032098418
0.026764151
0.024639748
0.030729307
0.026797724
0.022829819
0.024568777
0.026557285
0.024758231
0.024480977
0.024558936
0.032152053
0.021360054
0.025673517
0.020403285
0.021255808
0.022602885
0.018234484
0.014897882
0.026319732
0.022695788
0.027253262
0.027588356
0.023106603
0.020993165
0.01457859
0.016463459
0.018935262
0.023024884
0.021099394
0.021309413
0.011258068
0.017774927
0.0097617585
0.023025321
0.019527756
0.027734394
0.026932191
0.019044028
0.023407439
0.026189156
0.019947828
0.018051518
0.020700374
0.036579723
0.022010261
0.027909536
0.030860936
0.029738342
0.027895746
0.033321031
0.032869633
0.046701396
0.044194878
0.0511899
0.056863235
0.058582836
0.054530752
0.023535926
0.020854528
0.019163967
0.0065782745
0.018811747
0.024116796
0.021580063
0.0095054459
0.010257568
0.010480457
0.016994893
0.0061869281
-0.0039886165
0.008684191
0.015075038
0.023084763
0.0059018226
0.013151997
0.018802135
0.021166043
0.016993689
0.021729268
0.020185911
0.020228216
0.0094324608
0.01646743
0.017892811
0.017173366
0.023262418
0.0041448317
0.01697407
0.014555587
-0.0014282429
0.0035362304
0.0022280278
0.01939676
0.0051643075
0.0070340384
0.015464763
0.028477071
0.039388835
0.027150236
0.028678064
0.027392722
0.033719587
0.050480834
0.053823299
0.049914287
0.039633653
0.054216225
0.061487856
0.041746386
0.03499522
0.051756283
0.012303605
0.0044628828
0.0022181711
0.0054241687
0.0020533709
0.0059878211
0.0036408474
-0.0030401943
0.0042408365
0.0016097959
0.012951132
0.0044218162
-0.0086603203
0.017370428
0.0060882947
-0.0034544902
-0.00017674284
-0.0025372476
-0.0045035781
-0.0014251349
0.0016477977
0.0006165963
0.0096781542
-0.00035248752
0.01295867
0.010713556
0.0069458077
0.0086831372
0.0029514753
0.017573819
0.016337127
0.01296866
0.025408808
0.025407477
0.026772586
0.027977867
0.032524041
0.025952735
0.018912512
0.02251744
0.0057267303
-0.0012585691
0.0090864591
0.0093901081
0.012251331
-0.0073289537
0.0065154847
0.006279311
0.0089334244
-0.0030258969
0.0083453935
0.0026728069
0.0041719858
0.0059722056
0.017812657
0.029561568
0.0076934446
0.012764037
0.025888057
0.032285451
0.031475684
0.02130068
0.020198306
0.017248268
0.03259871
0.023498637
0.033761189
0.025659309
0.02381899
0.031386585
0.019876679
0.05412412
0.025461138
-0.0052462675
0.012324471
0.0049769717
0.00057663872
-0.0048451126
0.017712664
0.0079691883
0.004370539
-0.010230656
-0.014550567
-0.0034774692
0.021316643
0.0070025741
0.015266309
0.0054242269
0.0021773457
0.014326343
0.013288547
0.0060757302
0.0057099139
0.011790879
0.012474201
0.010606041
0.0099282077
0.010408109
0.010298236
0.01233316
0.0064768938
0.0044371122
0.0090202587
0.0076614783
0.0095018531
0.0043838797
0.011659955
0.001715605
0.003551369
0.0038909307
0.0027778485
-0.0012646039
0.0025607011
-0.0016254262
0.0027952921
0.0014128894
0.0039129283
0.0025116591
0.0077649343
0.010631337
0.0084910583
-0.01492676
0.0074652097
-0.0018722249
0.00043801301
0.036226684
0.032748586
0.042983231
0.031863543
0.020589057
0.019219552
0.01509233
0.015101159
0.028262027
0.020501934
0.033832333
0.052195403
0.060743113
0.050906991
0.051555764
0.013739644
0.002481667
0.014888198
0.015222303
0.013658614
0.011262518
0.0054280672
0.010765078
0.0024907366
0.0060888777
0.002623619
0.0016197161
0.0057379278
0.0051256709
0.0062795165
0.0015492391
0.0078090799
0.0082421966
0.0073329231
0.036435822
0.037397397
0.037031415
0.03435712
0.034531269
0.033276701
0.031102268
0.031608766
0.031372188
0.032280729
0.025155621
0.034470634
0.036246538
0.035581642
0.024682551
0.030408568
0.031162659
0.021424017
0.033011411
0.035373674
0.026671278
0.016863311
0.025301986
0.031264927
0.035226725
0.017368667
0.037856651
0.010932157
0.0063098556
0.013338886
0.012512743
0.0083934099
0.0093803921
0.043462981
0.043994705
0.021538593
0.024881934
0.0094641996
0.0042356612
0.014022868
0.01604689
0.0011270282
0.001770331
0.0030333981
0.00558898
0.0018555724
0.0073160816
0.011532639
0.0011429295
0.0047316804
0.0098637826
0.0011297702
0.0040382803
0.0047591314
0.0045306114
0.01618127
0.01491951
0.032958491
0.041524455
0.035670486
0.044780095
0.042924435
0.033735433
0.044317206
0.047112899
0.044823167
0.046041045
0.038295301
0.040431628
0.015792701
0.0069971792
0.017535031
0.01248493
0.015763344
0.012523149
0.016062698
0.0084055546
0.0016347619
0.010268281
0.0099242138
0.010862586
0.010125238
0.0049493755
0.0033273412
0.0043581181
0.005180756
0.010635348
0.0049062114
0.013344581
0.013775022
0.026688094
0.013473288
0.016197823
0.023278522
0.018702493
0.00076930239
0.016310089
0.011492173
0.0023420923
0.015794366
0.016778636
0.018862172
0.0043676843
0.0047080754
0.0040549517
0.0038747231
0.0113747
0.0034698363
0.011846417
0.0053775186
0.0081312311
0.011178833
0.0096114291
0.0090193651
0.0060993112
0.013594911
2.1611808e-05
0.0029916679
0.015834155
0.0042724153
0.0047296585
-0.0059988641
0.0053667038
0.010102027
3.0741534e-05
0.0034559225
0.0038992992
0.018560096
0.0095376911
0.014458289
0.0071070908
0.0025458425
-0.0029444151
0.0037051152
0.0073320003
0.0028431469
0.2693558
0.27378164
0.29390181
0.29833243
0.29926819
0.29748342
0.23008841
0.2246606
0.22416512
0.22003755
0.24159603
0.24152899
0.28250536
0.28175406
0.25404293
0.25560215
0.25513277
0.2579357
0.19374437
0.19632651
0.33828607
0.34964625
0.2248835
0.22209028
0.23704941
0.22765049
0.23982184
0.23383796
0.22868869
0.23312661
0.36070991
0.36734828
0.31396011
0.33036293
0.2517104
0.25873875
0.39094731
0.38213628
0.31985411
0.29218699
0.21405144
0.19025549
0.23690576
0.21619999
0.2275944
0.1752631
0.21013443
0.22313936
0.25846382
0.26174051
0.21027492
0.2514309
0.2326832
0.22906062
0.21877742
0.22399287
0.22255646
0.24652913
0.26290861
0.20875395
0.21393783
0.21669044
0.25555057
0.26064326
0.26957868
0.20101738
0.27344914
0.25981206
0.24802486
0.25232506
0.23891363
0.20280996
0.19477941
0.19015701
0.20819287
0.20650305
0.17577771
0.1794588
0.19952301
0.20141415
0.19761766
0.18128875
0.19903137
0.20480686
0.20536867
0.18206024
0.20025491
0.18111438
0.18631613
0.113816
0.3031579
0.3035801
0.30151649
0.30220165
0.30179885
0.30260772
0.30311109
0.29711601
0.2959881
0.29699039
0.2950043
0.29363622
0.29428262
0.29805139
0.30101413
0.29793437
0.29747528
0.16090205
0.15761867
0.17544629
0.17367376
0.11537471
0.11812788
0.11227026
0.19157143
0.17312715
0.20366726
0.15343775
0.13572701
0.13052275
0.1484828
0.15154955
0.097551746
0.23059327
0.099771536
0.56719353
0.43782447
0.51610017
0.49048862
0.13265476
0.44536684
0.13235176
0.092267446
0.089413244
0.12901922
0.12369987
0.12231701
0.1273793
0.13143479
0.12925089
0.12007996
0.1174866
0.11788377
0.11510598
0.12323056
0.11619791
0.12984119
0.12757588
0.098023644
0.11638642
0.1009949
0.10067318
0.098965496
0.10261356
0.11331798
0.08001227
0.08373808
0.080221702
0.067480342
0.072588186
0.072516184
0.043717923
0.047129801
0.068649626
0.065598875
0.088286517
0.082921075
0.094882212
0.094376964
0.092120969
0.084859875
0.059287362
0.057689565
0.056097747
0.054543824
0.047539622
0.055113693
0.031760212
0.026596955
0.047377812
0.044369769
0.022307
0.018386154
0.04243239
0.048190964
0.045506368
0.047071565
0.041393286
0.043487527
0.042129109
0.0049398834
0.0050575021
0.0067307886
0.00299951
0.0062867001
-0.0009842794
-0.00029449332
0.0045457775
0.0045210409
0.0074923393
0.0020320045
0.015831422
0.014650367
0.021964381
0.021600493
0.019525202
0.026034064
0.018735023
0.02041843
0.01901893
0.018392464
0.013796455
0.0083443362
0.17028759
0.166851
0.20531349
0.20119177
0.18121473
0.17502063
0.17662794
0.17630734
0.17532505
0.17816362
0.15608681
0.20535047
0.18573892
0.16167306
0.17382445
0.1678749
0.1971625
0.30085895
0.29834925
0.29464922
0.16866101
0.16251025
0.22241293
0.20284786
0.11413889
0.11116319
0.091081686
0.088143814
0.060570795
0.058533419
SCALARS Ux float 1
LOOKUP_TABLE default
1.1444592
1.1601218
1.0307387
1.1192699
1.1049618
1.166265
1.0002568
1.1188015
1.1412835
1.013259
1.0140553
1.0490554
1.0011189
1.0176374
1.1381403
1.0238912
1.0241244
1.0639039
1.0168448
1.0932793
1.139023
1.0081098
1.0466397
1.0853129
1.0241169
1.1575537
1.146016
1.1464947
1.1150826
1.016444
1.018854
1.0268279
1.0255933
1.0089795
1.0415883
1.1597839
1.0793001
1.1521894
1.0343843
1.049736
1.0087096
1.1575276
1.0173997
1.0139899
1.0473879
1.017759
1.0766687
1.009289
1.0035178
1.020197
1.008055
1.0346938
1.1543159
1.0064555
1.0012472
1.0618314
1.124311
1.0351968
1.0062079
1.0048194
1.0275414
1.0882796
1.0000633
1.0153198
1.0021046
1.004293
1.00523
1.0204978
1.0225884
1.0617098
0.81591986
1.0176341
1.0311222
1.0072982
1.0821193
1.0107433
1.0162623
1.0713556
1.0404763
1.1219312
1.0350644
1.0295423
1.0513227
1.005134
1.0474604
1.0312442
1.1092871
1.0384192
1.066916
1.0007717
1.1424515
1.0256016
1.0032966
1.0130763
1.010109
1.0416272
1.143145
1.155567
1.0330945
1.1518384
1.0097046
1.0156546
0.95261765
1.1570908
1.0147095
1.0046714
1.1308349
1.1018115
1.0207354
1.0003219
1.1268144
1.1343398
1.0104057
1.01159
1.1498119
1.0071797
1.0944257
1.1236146
1.0826892
1.0225502
1.0312487
1.1056403
1.0401266
1.0379741
1.0120067
1.029777
1.0178553
1.0759591
1.1184559
1.0252617
1.0286997
1.0575882
1.0270329
1.0570034
1.0203362
1.0165216
1.0996013
1.1158254
1.0199373
1.0027618
1.0326958
1.0731056
1.0250079
0.50015555
1.0186468
1.0149021
1.0850685
1.1575444
1.0498877
1.1181867
1.0688477
1.0833766
1.034057
1.0087297
1.043759
1.0450704
1.0509866
1.0192751
1.0415092
1.037867
1.0976482
1.0460528
1.0577333
1.0340928
1.0601877
1.1192317
1.0963349
1.1398969
1.0635754
1.1388377
1.0568064
1.1238152
1.144597
1.0258396
1.0690771
1.0778704
1.0414816
1.0966773
1.1044504
1.0607165
1.049364
1.1091216
1.1221981
1.0785139
1.0956934
1.147017
1.1507592
1.0907825
1.0770694
1.1610274
1.1103864
1.1528753
1.1193799
1.0511129
1.0717894
1.1562989
1.1423664
1.1476294
1.1465869
1.073841
1.0863508
1.1607646
1.0676904
1.1607477
1.1544733
1.1507565
1.1485769
1.1510273
1.1562184
1.1344704
1.1152726
1.1292339
1.0570473
1.0411044
1.0593528
1.047068
1.1497339
1.1470872
1.1487157
1.1497242
1.1231034
1.0451402
1.0791581
1.1109436
1.0961703
1.1429773
1.1246869
1.0556829
1.1014354
1.1228561
1.1345553
1.147213
1.1515231
1.0711765
1.1037117
1.14208
1.1357727
1.1364759
1.1033737
1.1076868
1.097946
1.1505182
1.1433728
1.0483293
1.1014548
1.0733132
1.0865749
1.0871361
1.104905
1.0990519
1.1038976
1.1424446
1.1333596
1.0573704
1.0874715
1.1164858
1.0952248
1.0450944
1.0902128
1.1309276
0.96466663
1.1436373
1.1490953
1.1164477
1.094711
1.1299133
1.1491257
1.0913431
1.1323982
1.0734169
1.1037352
1.015693
1.1318535
1.1260959
1.1274668
1.1196549
1.1487616
1.0429458
1.0581907
1.0009438
1.0065852
1.0076701
1.0101003
1.0257086
1.0749582
1.0199788
1.0909874
1.0778165
1.084505
1.0887196
1.0222142
1.0934886
1.0921594
1.0760818
1.0796867
1.01481
1.0897938
1.1071212
1.0681445
1.0796901
1.0811521
1.0086927
1.0765868
1.0841367
1.080834
1.1066909
1.07275
1.0214928
1.1153286
1.098354
1.0815674
1.0937685
1.0776329
1.0090219
1.118773
1.0733724
1.1076724
1.1033214
1.0913045
1.0203991
1.1055659
1.0139423
1.0727782
1.0676979
1.1304955
1.0677941
1.0930192
1.0832233
1.0724608
1.1078109
1.0989274
1.1170277
1.0947988
1.0638458
1.0745609
1.0702738
1.0233514
1.1253909
1.1102901
1.150492
1.1439162
1.127987
1.1101209
1.100932
1.0953832
1.0839914
1.0795625
1.0729232
1.0707619
1.1287341
1.132554
1.1185159
1.125705
1.1155211
1.1260079
1.117153
1.1016499
1.1145862
1.0824596
1.0780593
1.0673979
1.1302976
1.1201338
1.1442648
1.1286006
1.0898191
1.0828595
1.1070407
1.0884698
1.0665813
1.0744352
1.0204876
1.0211019
1.1540768
1.1679377
1.1337654
1.0960352
1.1236618
1.1438947
1.1456893
1.1432628
1.1265562
1.089292
1.1271111
1.1260074
1.0704426
1.0619195
1.1259957
1.1406652
1.1293866
1.1346442
1.1521126
1.112609
1.1398124
1.1413481
1.116729
1.1082428
1.0978757
1.1221936
1.0979987
1.0949429
1.1478527
1.1607486
1.1544772
1.117114
1.1085699
1.1039007
1.1057692
1.0585497
1.0777773
1.0470613
1.0994459
1.1700122
1.1397816
1.1252703
1.1211226
1.1134481
1.1167112
1.1111021
1.1297598
1.1264486
1.121821
1.0721131
1.0964207
1.120452
1.1312931
1.0562544
1.1351522
1.1580436
1.1183653
1.1508401
1.1289793
1.119013
1.139644
1.0700347
1.0754112
1.0612109
1.1415209
1.1544675
1.1567061
1.1631374
1.1260992
1.1358722
1.1647913
1.162322
1.1624889
1.1730115
1.1291214
1.1185339
1.0782665
1.0879823
1.1619114
1.1566744
1.1478131
1.1452829
1.0667931
1.0817027
1.172611
1.1686832
1.1375788
1.1365948
1.1421352
1.1097856
1.1652614
1.0829489
1.1528445
1.1414205
1.1483447
1.1474233
1.1656732
1.151925
1.0825994
1.1475673
1.0078091
1.1732461
1.1710327
1.1562886
1.0765961
1.1284046
1.0440953
1.1315281
1.1707977
1.1594278
1.0672943
1.0530247
1.1350229
1.0913319
1.1191889
1.0817515
1.0667481
1.0901111
1.0666411
1.1218938
1.1005225
1.0853743
1.0206821
1.0793465
1.1422689
1.0909463
1.1417652
1.1502706
1.0940424
1.1384645
1.1559057
1.1713779
1.1401243
1.1169591
1.1618058
1.1578838
1.0728809
1.0366898
1.0728398
1.0809067
1.094264
1.0942323
1.0645757
1.0901703
1.0631037
1.0844809
1.0441588
1.1460834
1.0588222
1.0719935
1.0518569
1.059164
1.0799244
1.0939696
1.0780209
1.09279
1.0568538
1.0994879
1.0211813
1.033945
1.1250694
1.1095187
1.074637
1.0853617
1.0296516
1.0059563
1.0753402
1.1117893
1.121266
1.1066844
1.1125524
1.1226378
1.1368388
1.1394369
1.1251754
1.0371708
1.0847437
1.1219162
1.1431375
1.1409493
0.7042698
0.76730314
1.1343952
1.1420911
1.1055179
1.1163593
1.126717
1.1241346
1.120074
1.0491617
1.0105621
0.9198697
1.0792748
1.1682453
1.0030608
1.0002382
1.0282682
1.0195793
1.0124127
1.0023798
1.0176167
1.0123029
1.0101869
1.0071232
1.0046225
1.0058072
1.1142294
1.1063145
1.1355008
1.1376524
1.1533513
1.1581316
1.1628507
1.1468255
1.0759899
1.1081956
1.0247473
1.0293879
1.0851306
1.0791962
1.1412235
1.1429952
1.137134
1.1531544
1.1643112
1.1619575
1.1478051
1.158704
1.1702105
1.0897183
0.92060296
1.1594393
1.1399966
1.056549
1.1084584
1.0609527
1.067975
1.0588456
1.134003
1.1016419
1.0754032
1.0976012
1.0419028
1.0766557
1.0897426
1.1451418
1.1515604
1.1430305
1.1737772
1.0007245
1.0322739
1.0484549
1.0159184
1.0340468
1.02353
1.0004933
1.0460406
1.0416155
1.0146792
1.010994
1.001738
0.24475902
1.0054237
1.0081437
1.0488373
1.1379327
1.107756
1.119797
1.1200931
1.118494
1.0247115
0.97228742
0.78279422
1.0789626
1.1440885
1.1454354
1.1428433
1.1304842
1.091813
1.0706778
0.57997002
0.9341203
1.0604334
1.1364691
1.0024119
1.0042295
1.0055027
1.0450281
1.0223965
1.0278812
1.0006627
1.0005119
1.0245592
1.0246431
1.0208146
1.0301987
1.0253597
1.0357373
1.0325272
1.0302231
1.0159671
1.0582969
1.0472443
1.0282384
1.0218474
1.0353075
1.0382316
1.0457731
1.0382022
1.0460211
1.0238039
1.038281
1.0358963
1.0178829
1.011879
1.0263129
1.0290155
1.0219275
1.0169612
1.0142976
1.0101092
1.0193999
1.0186468
1.0228547
1.0134083
1.0329643
1.0424122
1.0060924
1.0010723
1.0276378
1.0235308
1.0158219
1.011653
1.0365466
1.0435746
1.0305616
1.0155708
1.0192415
1.01094
1.0091912
1.0102208
1.0406525
1.0319522
1.0270147
1.0196862
1.0374301
1.0217574
1.0332948
1.0588869
1.0376891
1.0532926
1.0422263
1.0565801
1.0358563
1.0406086
1.0288454
1.0112263
1.0238315
1.0506953
1.0458851
1.0361618
1.032098
1.0519178
1.0480934
1.0520691
1.0645762
1.0510164
1.035322
1.0407534
1.0483385
1.0316439
1.0301374
1.0690951
1.036752
1.0152979
1.0264462
1.042172
1.0270141
1.05442
1.0454209
1.0346644
1.0202303
1.0397895
1.0363872
1.0422619
1.0471615
1.0386143
1.0249001
1.0581541
1.0547179
1.0149815
1.0215146
1.044855
1.0423072
1.052194
1.0360533
1.0612672
1.0566368
1.0582012
1.050353
1.0273532
1.0246868
1.0174343
1.022102
1.0223791
1.0073201
1.0118202
1.0465535
1.0525031
1.051711
1.0608366
1.0527243
1.055401
1.0340345
1.0723333
1.0552022
1.0633303
1.0261017
1.0617429
1.0569453
1.0630058
1.0616104
1.0888644
1.105036
1.1540405
1.1408702
1.1280601
1.1175114
1.0848477
1.0705007
1.096026
1.1061707
1.0778665
1.0620217
1.1157618
1.1011838
1.1235231
1.1315038
1.1309814
1.1254539
1.138464
1.1065751
1.0954859
1.0196666
1.0431132
1.0641013
1.0282506
1.0694282
1.1710199
1.1649185
1.1686226
1.1688564
1.1289492
0.93146532
1.1667201
1.1659514
1.1656967
1.0001893
1.1165237
1.1687794
1.1656839
1.1399908
1.0017424
1.1664911
1.1675422
1.1498175
1.1661715
1.1632386
1.0306121
1.1450338
1.0003953
1.0004299
1.1323683
1.0001611
1.0012653
1.0021524
1.0135828
0.85569887
1.0000611
1.0858435
1.000482
1.0013316
0.98526127
1.0036387
1.0321157
1.0405795
1.0380633
1.0683673
1.0015237
0.94516699
1.0674879
1.038974
1.1464983
1.0456343
1.0098062
1.1319275
1.2187675
1.1401657
1.0344149
1.070749
1.0324843
0.9126936
1.0449647
1.0454801
1.1409997
1.0021112
1.0624239
1.0398711
1.0351422
1.0301213
1.0042798
1.018555
1.0141183
1.0132442
1.0028913
1.0001523
1.0084886
1.0015232
1.0454927
1.0278474
1.0505288
1.0419497
1.0515103
1.0513334
1.0109015
1.0370338
1.0602976
1.0462162
1.0209996
1.0381231
1.0638734
1.0683362
1.1492525
1.1454504
1.0967584
1.0934761
1.1033943
1.1103356
1.1154231
1.1107169
1.1308642
1.1275702
1.1268135
1.1301562
1.0636058
1.0144592
1.0486356
1.0565561
1.0072054
1.031217
1.0867713
1.0848774
1.0894628
1.1585009
1.1521249
1.1643162
1.159936
1.1634582
1.1634772
1.148084
1.1543055
1.1625177
1.1621855
1.0655523
1.0870907
1.1764412
1.1531329
1.1485729
1.1662508
1.1763353
1.1730342
1.1744511
1.1758179
1.1658306
1.1448641
1.1789044
1.174021
1.1692534
1.1749477
1.089631
1.1475873
1.0009958
1.0008539
1.0197411
1.0247632
1.0180686
1.1437634
1.0613349
1.0568265
1.0515304
1.0881653
1.091762
1.0672049
1.0564118
1.0404912
1.0710461
1.0477735
1.0583403
0.27757695
1.1126725
1.1373069
1.0547254
1.077622
1.082116
1.1233735
1.1295756
1.1377441
1.0039892
1.0032545
1.0042046
1.0012891
1.0040952
1.0002673
0.92234847
1.0852356
1.0448858
0.88118079
1.1408061
1.1302656
0.75601112
0.78656412
0.768523
0.77149588
1.131386
1.1518363
1.1666662
1.1574864
1.0363643
1.0411075
1.0431563
1.0475526
1.0526916
1.0639243
1.0180503
1.0101136
1.0085427
1.0006126
1.0039882
1.0202955
1.0060046
1.0075513
1.0064176
1.0080068
1.0271762
1.0435056
1.0295623
1.0776049
1.1176963
1.1545634
1.1415442
1.1147073
1.110114
1.1008776
1.0994968
1.1080361
1.0121519
1.1235596
1.0970228
1.0183154
1.031624
1.017253
1.0434291
1.0691787
1.0144897
1.0574814
1.0750372
1.054466
1.0207178
1.0108876
1.0851821
1.0590737
1.0904024
1.0720822
1.0498502
1.0518586
1.0555427
1.0448479
1.0180908
1.0833089
1.1084451
1.1603781
1.161922
1.1607977
1.1631309
1.1210657
1.1042297
0.97193373
1.0644218
1.1567268
1.1611053
1.1624478
1.1717628
1.1716505
1.1476856
1.1771033
1.1666437
1.1631663
1.1582618
1.1631373
1.1735502
1.1687956
1.1710952
1.1950544
1.1793384
1.168991
1.1773728
1.159214
1.1475146
1.1631352
1.1375217
0.93540956
1.1914239
1.1744333
1.1779879
1.1500586
1.1794586
1.180113
1.1207664
1.1115359
1.1727714
1.0856756
1.0782197
1.0440683
1.0376557
1.0218304
1.128333
1.1047599
1.105865
1.0700946
1.137045
1.0919876
1.1424852
0.72963181
1.1405905
1.1347437
1.1454583
1.13883
1.138412
1.090537
0.77808105
1.1145051
1.1456263
1.0852738
1.1171487
0.90564862
0.59877965
1.0984467
1.1071568
1.1191741
1.0128216
0.1673794
0.96993783
0.87018571
1.0616801
1.1252705
1.1430091
1.0046834
1.0052959
1.0073854
1.0009739
1.0021277
1.0007439
1.0028531
1.0015361
1.0003203
1.0000343
1.0019947
1.0001503
1.0025309
1.0019749
1.0002408
1.0005559
0.99999432
0.99995457
1.0013491
1.0044873
1.0031337
1.0024059
1.003447
1.0005141
1.0006087
1.1352215
1.0852004
1.1000701
1.0569732
1.1119298
0.91698826
1.100049
1.0356033
1.0431409
0.99494121
0.86715174
0.73316364
0.66704653
0.31209881
0.91539139
0.92068428
0.27565834
0.98215647
0.83453249
1.0465442
0.79181714
1.1483445
1.1285199
1.1413761
1.1531011
1.0513966
1.0486798
1.0552932
1.0611257
1.0500169
1.0418597
1.053135
1.063173
1.0706181
1.0617009
1.0071934
1.0001883
1.0050216
1.0050583
1.003077
1.0006442
1.0007749
1.0035459
1.0018149
1.0011636
1.0009871
1.001074
1.000367
1.0020363
1.0001711
1.0000456
1.0005055
1.0033177
1.0011895
1.0040107
1.019516
1.0006273
1.0000319
1.0000327
1.0271522
1.0005456
1.015912
1.0400853
1.025589
1.0283323
1.0504731
1.0340542
1.0109698
1.0357626
1.1374562
1.0068599
1.1326848
1.1329373
1.1107542
1.1270821
1.1234439
1.1368337
1.1443126
1.1425107
1.0745584
1.1498812
1.1358586
1.1212062
1.0741064
1.1531221
1.1669533
1.1578718
1.1465309
1.1684636
1.1647246
1.1656374
1.1455162
1.1510894
1.1569257
1.1501002
1.1390271
1.1213486
1.114628
1.0274473
1.0389828
1.0236688
1.0946754
1.0675547
1.0245588
1.0429452
1.0876692
1.0862026
0.8841251
1.1515759
1.0956898
1.1624719
1.1750108
1.1754589
1.148985
1.1541853
0.74981764
1.1363126
0.93395127
1.1488755
1.1576326
1.0376963
1.1839157
1.1764711
1.0633606
1.1384957
1.0052166
1.0026224
1.000279
1.0000359
1.1050493
0.70837059
1.1120749
1.0826541
0.94120514
0.92982935
0.13617344
0.70877679
0.62005842
0.37405217
0.81434253
0.6060459
0.093148703
0.43240353
0.43624702
0.77930704
0.50783007
0.78940308
0.67579832
0.88631799
0.61334056
0.58892671
0.6242479
1.0536957
1.0671732
1.0570186
1.0124262
1.0086372
1.0047921
1.000698
1.0023678
1.0045841
1.0000531
1.0000961
1.0269137
1.0126979
1.0178683
1.0177046
1.008351
1.020315
1.0215918
1.0153277
1.0823059
1.0617765
1.1150767
1.1002198
1.1106842
1.0928793
1.1268692
1.0574089
1.0953733
1.0858008
1.1015722
1.1046222
1.0837787
1.0732869
1.105598
1.1054773
1.118884
1.1076467
1.0862979
1.1015151
1.0709312
1.0746011
1.1211753
1.1141043
1.0312968
0.96716494
0.87481792
1.1592135
0.82174577
0.74936149
0.82127042
0.9611006
0.85447341
0.66089946
1.1679256
1.1673044
1.1674839
1.1868521
1.0493958
0.96503886
1.1846324
0.9797106
1.1649721
1.0872363
1.0059734
1.1351767
1.1899534
1.150154
1.16648
1.0835495
0.79492492
1.1740098
1.1301465
1.1915398
1.1194188
1.1760524
1.0840946
0.82318635
0.95889226
1.1822729
1.1644141
1.1266113
1.1474994
1.1856718
1.1387041
1.190067
1.1289515
1.1368455
1.1686109
1.1806105
1.1731353
1.1358014
1.1643941
1.1834257
1.1287443
1.1900613
0.40588323
1.1844976
1.1726311
1.0401457
1.177394
1.1817226
1.1737906
1.181032
1.1414825
0.89315375
1.1391424
1.072458
0.78391372
0.33918286
0.90097021
0.57556249
0.72122279
0.45794955
0.1652655
0.67382686
0.56565788
0.80347684
1.0675281
1.0672122
1.0688886
1.0642386
1.0067114
1.0055497
1.0112159
1.0037178
1.0027659
1.0128637
1.0004114
1.0002766
1.0001916
1.0000568
1.0029062
1.0000056
1.0148572
1.0036467
1.0071503
1.0174891
1.0097461
1.020187
1.0060419
1.094575
1.1014215
1.0941278
1.0768742
1.0861294
1.0966969
1.0770731
1.0270931
1.0216807
1.0675536
1.0504379
1.0159003
1.1686764
1.1704336
1.1749519
1.1711737
1.1662402
1.1778577
1.1859527
1.1631458
1.1751273
1.1844246
1.184856
1.1662088
0.89823516
1.0031725
1.1954232
1.0915355
1.1544794
1.1197942
1.0648564
1.0721493
1.0024366
1.0044009
1.1791189
1.0339529
1.0974051
1.0878948
1.1812916
1.1835694
1.104896
1.1081562
1.1019779
1.1861737
1.125047
1.1803174
0.73945829
0.96997694
0.046941374
0.48349109
0.62289896
0.32460849
0.17192299
0.76041664
0.61685879
0.48109356
0.65951327
0.40357306
0.30900771
0.16296359
1.0060361
1.0050647
1.0007655
1.000195
1.0015189
1.0021129
1.0027252
1.0013102
1.0217013
1.0162371
1.0163356
1.0123959
1.0099862
1.0148336
1.0124755
1.0168496
1.015664
1.0128988
1.0151349
1.005784
1.0090658
1.0081585
1.0101526
1.0019104
1.1082884
1.0993067
1.1059649
1.1789728
1.0231526
1.055847
1.0364602
1.1765592
1.0615633
1.024855
1.1795713
1.1766665
1.1829095
1.1864071
1.1786813
1.1876279
1.1900992
1.187548
1.1941414
1.175718
1.1929236
1.1917331
1.1556429
1.1772351
1.1956816
1.1920351
1.184391
1.1150586
1.1786013
1.1924185
1.0804678
1.1972076
1.1756028
1.1688117
1.187946
1.1936295
1.1789551
1.1592665
1.1747865
1.1683685
1.1821514
1.1540747
1.1864317
1.1445745
1.1780119
1.1679222
1.1835628
1.1863705
1.1654209
1.1556533
1.1645612
1.1556014
1.1921454
1.1786356
1.1874355
1.1880001
1.1777297
1.1727071
1.1912036
1.1828438
1.1980631
1.1947979
1.1955381
1.14738
1.1738875
1.1661755
0.51278388
1.1849144
1.1935724
1.1693453
1.1463921
1.158279
1.197147
1.1833745
0.87638839
1.1488161
1.1909223
1.1998022
1.1910768
1.167903
1.1988197
1.1921228
1.176925
1.1982038
1.1826915
1.1917187
0.91495869
1.1942869
1.0404526
1.1855318
1.0741172
1.0126972
1.1800291
1.1717728
1.0234942
0.78624912
1.2004032
1.1287508
1.0050507
1.1781305
1.0085992
1.1713405
0.95111341
1.1364608
1.1428212
0.53400381
1.0754377
1.1798122
1.175094
1.1807872
1.0190827
1.1830326
1.0666865
1.111602
1.1251592
0.48007921
1.0535864
1.1700811
1.1267996
1.0347109
1.1935485
1.1888632
1.1437187
1.1509502
1.1531412
1.1462015
1.154562
1.1227336
1.1591278
1.1429007
1.1603376
1.1563953
1.1388824
1.1366723
1.1912803
1.204351
1.1609128
1.1723299
0.86584783
1.0103431
0.58114774
0.86362284
0.36207584
0.77848284
0.62861341
0.95425888
0.90444843
0.95880761
0.98446407
0.92035786
0.46821879
0.89753058
0.81258344
0.15941001
0.73471269
0.69744895
0.65378573
0.63082968
0.61523675
0.74544954
0.52019898
0.19132591
0.76005548
0.6633788
0.58644329
0.5169646
1.0633566
0.98460313
0.32486088
0.48107614
1.0841956
0.50305257
0.30107395
0.42860463
0.26083478
0.16965147
0.98039921
0.34952041
0.10745366
0.35032275
0.063139934
0.069150777
0.34178412
0.10972997
0.95795407
0.48038147
0.51018111
0.30044665
0.13642884
0.61493617
0.14424404
0.17703251
0.098292451
0.30490797
0.15231488
0.35532919
0.29649332
0.39100011
0.25871467
0.45614701
0.33804334
0.69717744
0.16706583
0.5196218
1.0405178
0.86885761
0.64192269
0.70588931
1.1857632
1.1886603
1.1810139
1.190387
1.1634958
1.1866025
1.1227557
1.1538567
1.1904821
1.1944285
1.1118063
1.2029632
1.1698263
1.1623995
1.1607537
1.1455421
1.1404403
1.1941194
1.1702329
1.1862442
1.0646983
1.1804974
1.1552618
1.2005582
1.1468453
1.1387059
0.92315101
1.2052591
1.1979915
1.1919642
0.98633644
1.0723733
1.1693881
1.1683538
1.0049507
1.2039159
1.1204069
1.1640233
1.1825295
1.1514998
1.0297045
0.92333803
1.0217695
0.81440619
0.76136722
1.0122363
0.85751144
0.9462019
0.36123937
1.0300671
0.86086949
0.95552415
1.0165089
1.0494019
1.1820606
1.18019
1.1247678
1.0195216
0.85075011
1.0683571
1.0367064
1.0484202
1.1672556
1.1616026
1.0749268
1.1366487
1.1641874
1.1800049
1.1592118
1.1291808
1.0840647
1.1459029
1.1390903
1.0933743
1.1429086
1.1343638
1.1299397
1.1110271
1.1239368
1.1275742
1.1310279
1.1262727
1.1124164
1.0996603
1.1147673
1.1228579
1.13731
1.1351299
1.1091742
1.0826509
1.0940045
1.1044834
1.1075513
1.1002917
1.1045808
1.0301571
1.0817394
1.0778217
1.2039057
1.200637
1.2064119
1.2035103
1.2055747
1.2134549
1.2030569
1.2074965
1.1238137
1.2007721
1.2013569
1.2017263
1.2019137
1.0732654
1.1564736
1.1848399
1.2065707
1.2080801
1.2004543
1.1984294
1.2065541
1.2085171
1.1310871
1.2115294
1.1960046
1.1985974
1.141527
1.1876057
1.0909486
1.0990459
1.0686939
1.1874262
1.1989589
1.1945037
1.1801957
1.203367
1.1417766
1.1117086
1.1137027
1.068677
0.80403466
1.1587599
1.1231532
1.1732157
1.1999474
1.2046305
1.1963643
1.1915617
1.1212221
1.1858539
1.0320725
1.0362532
1.0711749
1.0477267
1.1695189
1.1843573
1.0262809
1.2128165
1.1948959
1.0783717
1.2096665
1.1630522
1.1036133
1.0502294
1.1542242
1.1706483
1.0119406
1.0931504
1.1655763
1.1477587
1.1205802
1.1100616
1.1569356
1.1654104
1.1282285
1.1001129
1.1331485
1.0836007
1.0192902
0.99698302
1.1351407
1.1901082
1.115473
1.0212813
1.1698212
1.0856077
1.2091873
1.1558207
0.76757956
1.1365557
1.1926027
1.222322
1.1899343
1.2140987
1.2095354
1.2125985
1.2077566
1.2090091
1.2092283
1.2099835
1.0571475
1.1427375
1.2111323
1.2109173
1.208628
1.2116037
1.1453405
1.2094733
0.87389979
0.80700096
0.89338098
0.76678824
0.6534215
0.67560241
0.79925063
0.098222703
1.1238842
1.1326598
1.1247897
1.1913892
1.1983853
1.102947
1.1168852
0.90838618
1.0666557
1.1866237
1.1630297
1.1868526
1.1766514
0.78068211
0.84073227
0.96624761
1.0857644
1.1029996
1.0478034
0.94201666
1.1057722
1.1389827
0.4558289
0.99260393
1.0993393
0.86827171
0.67038622
0.94629736
1.0743971
0.34889208
0.9997219
1.1060197
0.67461179
0.48990135
0.37827345
0.69851426
0.11830565
0.39740309
0.67750264
0.41130374
0.35610818
0.76422306
1.0373335
0.57367598
1.1784081
1.0405086
1.1488995
1.0894288
1.20009
1.0252136
1.1312021
1.0177731
1.1389074
0.99086798
0.5679852
1.053301
0.91536219
0.93797965
0.57918263
0.91739772
0.89056994
0.67383949
0.93421611
0.80883504
0.92909806
0.8370512
0.76645224
0.4218511
0.73379167
0.88075613
1.0073263
0.98173769
0.32709001
0.79417246
0.73396525
0.27291996
0.66024994
0.44742013
0.43947404
0.88538925
0.72929836
0.60106813
0.28591881
0.90253675
0.68153067
0.52071857
0.78268695
0.92594474
0.50474225
1.1763305
0.74082002
0.90923837
0.83427796
1.089961
0.72946099
1.0431038
1.0630451
0.99673671
0.50120587
0.58860824
0.67170422
0.71436659
0.84297061
0.64312638
0.55451055
0.60575706
0.53479535
0.49151793
0.15462567
0.88902053
0.97145898
1.1096431
0.87677441
0.84291773
0.59814599
0.47458146
0.96834797
1.1875599
0.92971998
0.8017726
0.79143426
0.68823858
1.1681863
0.54506547
0.66149783
0.930389
1.0207394
0.70900829
0.56199828
0.34585505
0.69977315
1.0386904
1.1352431
0.62795908
0.29817654
0.40151376
0.4487234
0.41848562
0.43988314
0.078249993
0.46329702
0.3042886
0.24666252
0.25789436
0.33706623
0.13114867
0.12065082
0.31826899
0.053365155
0.12490101
1.1737028
1.1855537
1.089219
1.0815584
1.1254731
1.0525611
1.0792801
1.1129444
1.1273976
0.94637774
1.0843103
1.0489139
1.0949979
1.1062741
1.1213732
1.0648146
1.0674686
0.37575549
1.0131739
0.80628739
0.55105141
0.56397523
0.11312034
0.10192686
0.33812268
0.4497844
0.9153633
0.8957527
0.78884605
1.1982196
1.172215
1.1009929
1.1008005
1.0350515
1.0650633
1.0473779
1.0206517
1.0247831
1.0503753
0.31398579
0.48188833
0.14685213
0.40329338
1.0846938
1.0117887
0.99027735
1.0614199
1.0835248
1.0091849
0.96115767
0.97070526
0.87445182
0.85126324
0.83707787
0.89239092
1.1436681
1.0977727
0.83643881
0.73452914
0.83138625
0.80773839
1.0438364
1.0177565
0.59568265
1.1547312
1.1270903
1.1723962
0.57288945
0.60053763
0.21836382
0.80430138
0.24163301
0.29890588
0.13238741
0.24028232
0.13077511
0.044150424
0.1441444
0.41392275
0.40462657
0.029298021
0.11993988
0.12639252
0.32588303
0.39201641
0.32737139
1.0333934
0.20192016
0.26059477
0.50177723
0.29462703
0.055762266
0.066993754
0.14053485
0.57766968
0.43290371
0.42982746
0.4433563
0.45419124
0.47642057
0.27081206
0.55905685
0.15595538
0.2715834
0.64348162
0.88089563
0.13290561
0.23085766
0.49775198
0.57520578
1.184364
0.59724487
0.3522825
0.58225318
0.60005514
1.0393296
1.0833542
1.1200849
1.0749942
1.0134633
0.94302516
0.61709851
0.73804283
0.77045262
0.4572521
0.4725031
0.65200378
0.87701038
1.2155108
1.2033424
1.097592
1.0909295
1.0779507
1.0712106
1.0490989
1.0577862
1.0294471
1.0538672
0.9583043
0.30185954
1.0950189
1.1465603
1.0940508
1.1346374
1.1573516
0.70761392
0.74093479
0.67207101
0.4995905
0.70408201
0.81107973
0.73853963
0.87034845
0.90989592
0.96139282
0.78131236
0.95822586
0.54880723
0.68183122
0.62767106
0.82012567
0.19089799
0.064051042
0.35949046
0.75143272
0.69431002
1.0806267
1.0386857
1.0331204
1.0161331
0.075514555
1.0157697
0.94779385
0.21614696
0.57027543
0.72600609
1.21268
1.2085301
1.2157591
1.21768
1.1940106
1.1960422
1.1218112
1.1104773
1.0991973
1.0963661
1.1205984
1.032995
1.1395837
1.1889616
1.0935326
1.1504008
1.1187576
1.0623587
1.0562642
1.0294242
1.0135065
0.040374563
0.16534932
0.15180228
0.3494718
0.035691579
0.16393284
1.0809256
1.0954414
1.1285921
1.1217826
1.1349646
1.1926407
1.0728604
1.1408222
1.1646671
1.1680347
1.0738806
1.1659892
1.046097
1.0373269
1.1796288
1.201649
1.1238013
1.0712834
1.2145846
1.2047823
1.0892078
1.1528398
1.2111709
1.2148006
1.1490263
1.1822817
1.1921179
1.2004579
0.9927212
1.0827625
1.0961804
1.041453
0.89633772
0.8560722
1.1224833
1.031667
0.99089561
1.0043737
0.97872373
0.72386463
0.84233872
1.1603208
0.99751346
0.918047
0.91623776
0.92361879
1.0312334
1.0797233
0.89784315
0.74667303
1.1149397
1.0668692
0.76301749
0.84972599
0.78744591
0.68653607
0.079775012
0.11467988
0.1193964
0.74361822
0.47828428
1.0158783
0.48691546
0.51968187
0.85705888
1.0925794
1.0643326
1.0254599
1.0338073
1.051637
1.0141457
1.0546734
1.0027865
1.0370476
1.0196483
0.65115133
0.59015077
1.2072726
1.17745
1.2037057
1.2013813
1.198335
1.205423
1.1867644
1.18978
1.1942724
1.2013964
1.1897239
1.1830461
1.1928396
1.0663843
1.1766212
1.1702192
1.1658536
1.1834584
1.1929289
1.1611096
1.1841806
1.1680807
1.1693438
1.215933
1.2138518
1.2125803
1.2135833
1.2043099
1.2151427
1.2132362
1.2163498
1.217496
1.2149615
1.2148333
1.1118384
1.2172834
1.2175275
1.2201625
1.208011
1.2068523
1.2010681
0.98925689
1.0046814
0.71685434
0.82302301
0.86393942
0.84425648
1.2167036
0.078162697
1.2220227
0.49426451
0.35988092
0.30372536
0.31040581
1.0104414
0.63309034
1.2228572
0.65521074
0.41998027
0.76046246
0.59619899
0.71953327
1.0251758
1.020692
1.0030974
1.0048182
1.0010356
1.0456133
1.2072234
1.1976288
1.2145911
1.2101848
1.2126143
1.2088676
1.1875341
1.1974505
1.1665984
1.180058
1.191003
1.2167006
1.0364803
1.1014181
1.1969198
1.2110292
1.1750251
1.1943705
1.2074114
1.1999323
1.208236
1.1986563
1.1075495
0.67711358
1.1235075
1.2174801
1.1785892
1.1888705
1.2082083
1.2164105
1.1746886
1.1479086
1.2026295
1.2116688
1.2199376
1.2191488
0.92677989
0.78308317
1.2023337
1.2258782
1.218533
1.217068
1.223295
1.2218355
0.66349467
0.51520471
0.66811289
0.63990637
0.95490649
0.63190012
0.77867979
0.52075334
0.74560446
0.52845483
1.1213628
0.76231315
0.91797518
1.0010064
0.99387946
0.87447909
0.96202756
0.9181136
0.75854436
1.0044168
0.7406751
0.91536704
0.8361863
0.95959054
0.85446138
0.74362835
0.84474233
0.29557121
0.88009001
0.49899357
0.10687125
0.50208601
1.0178517
1.0365142
1.0213192
1.0141226
1.0169366
1.0112809
1.0065132
1.0136766
1.0013114
1.0094407
1.007167
1.00518
1.0009181
1.0199536
1.0140438
1.0047854
1.0035619
1.0006397
1.0022888
1.1933964
1.1828028
1.1918906
1.1858396
1.1767012
1.1726591
1.1764851
1.1642811
1.1790519
1.1591879
1.1830865
1.177444
1.1368165
1.1385256
1.162937
1.1653501
1.1970198
1.1757219
1.0340627
1.0362318
1.062134
1.0222711
1.0229251
1.0147024
1.0564671
1.0604917
1.0192393
1.0217066
1.0671184
1.0849519
1.1004023
1.0682804
1.0757192
1.1762167
1.1544151
1.020312
1.0584584
1.0035887
1.0665225
1.0053396
0.9604668
0.99829021
1.1827704
1.0490111
1.1147319
0.98511642
1.0501388
0.93676814
0.94591833
0.86835161
0.93653474
0.95942927
1.2147872
0.84166771
0.93042439
0.66251922
0.86670633
0.75725762
1.2181203
1.1924597
1.124389
1.2140306
1.2209266
1.207563
1.2088661
1.1895275
1.1276283
1.1899769
1.2136821
1.054452
1.2149257
1.2076736
1.2206798
1.1831226
1.1669101
1.2084838
1.2236184
1.1563889
1.1664219
1.1728941
1.1806423
1.1886244
1.1999758
1.2163768
1.2256144
1.1341529
1.1865142
1.2222104
1.2242515
0.96507899
1.1829555
1.1957366
1.1980895
1.1968416
1.2097748
1.2351937
1.2310757
1.1708905
1.2060019
1.0374191
1.0837512
1.229212
1.2267112
1.2212872
1.2238058
1.2244927
1.2186285
1.1583294
1.1276628
1.2272299
1.2279835
1.2249834
1.2227549
1.1173436
1.0859941
1.2243572
1.2252291
1.2084775
1.2222076
1.2289763
1.1932538
1.2274827
1.2295139
1.2178072
1.0809969
1.2283837
1.2299312
1.2310633
1.2260249
1.2264938
1.2269392
1.2202641
1.2276029
1.2262667
1.2205689
1.2323768
1.2295699
1.2271817
1.2322467
1.2318881
1.2326205
1.2311912
1.1881213
1.2259013
1.219728
1.2035786
1.2151434
1.2313337
1.1266772
1.2284246
1.2163337
1.2251457
1.2210348
1.2217035
1.2219531
1.2340801
1.2235552
1.2078894
1.2345609
1.0396425
1.1921668
1.2279431
1.2204076
1.0012922
0.99941825
1.001393
1.0001138
1.0036866
1.0007237
1.0027017
1.0023392
1.0003417
1.0041673
1.1851516
1.1825292
1.2016693
1.2134676
1.166577
1.1666041
1.1480293
1.1088952
1.1638124
1.1522772
1.1653891
1.1480634
1.1856995
1.1577538
1.1615908
1.133257
1.1429658
1.042561
1.1359647
1.1018739
1.03433
1.1194397
1.0706246
1.0728552
1.0715146
1.0189915
1.1615916
1.0751096
1.1112007
1.0102049
1.115043
1.0138142
1.0893487
1.0533847
0.99502707
0.78263943
1.025616
0.92898074
1.0176154
0.79455022
0.88780573
1.0662133
1.0768336
0.40327996
0.9815514
0.97034737
0.97714561
0.83947091
0.82614522
0.83350703
0.073063086
0.69599265
1.0404703
1.1063001
1.1092297
1.2146623
1.2058675
1.2205607
1.2209194
1.0556612
1.0369721
1.2113461
1.2111753
1.1998329
1.1905487
1.1917981
1.2165146
1.1915635
1.2047888
1.208929
1.1522288
1.2031624
1.1401827
1.1122459
1.1749611
1.1862842
1.1714954
1.1673768
1.1904605
1.1135038
1.1899259
1.1771546
1.2134732
1.1888515
1.2039982
1.2253323
1.2204755
0.89556842
0.73130688
1.2208279
1.2100231
1.213673
1.1487458
1.2032868
1.2050061
0.29524801
0.13834901
0.2460085
0.54483767
0.48548687
0.48036009
0.41915345
0.57622854
0.61649185
0.64701379
0.40949455
0.12837714
0.30518675
0.7603201
0.23928754
0.053815816
0.28553469
0.37741318
0.30931822
0.55703346
0.12825749
0.11711175
0.62898745
0.69221237
0.6362109
0.85330942
0.14041498
0.28275297
1.0042448
1.0007046
1.0085265
0.99947148
1.0014989
1.0074474
1.0020708
1.1856061
1.1782143
1.1908661
1.1497367
1.1657577
1.1467747
1.1966316
1.1765506
1.2153495
1.1849921
1.1698734
1.1770803
1.1532917
1.1621713
1.1767738
1.1637996
1.1771104
1.0656848
1.1816751
1.2053955
1.1183789
1.1455383
1.1315014
1.1927871
1.1766612
1.1520641
1.1620165
1.1503375
1.0323561
1.1271791
1.1619963
1.1712322
1.1433331
1.149225
1.125539
1.1273899
1.0979681
1.1715242
1.1521051
1.1704118
1.1556186
1.1106531
1.143159
1.1247446
1.10387
1.1744904
1.1112693
1.1644461
1.116775
1.0917239
1.1019974
1.1313463
1.1889261
1.1510255
1.0729769
1.0320803
1.1275029
1.0975255
1.1584483
1.0373297
1.2381838
1.2290987
1.131804
1.1132852
1.1236424
1.1270059
1.1916481
1.0235243
1.0332657
1.0889223
1.1614716
1.0684946
1.2203475
1.0297449
1.0816458
1.1010185
1.0985656
1.0672861
1.1269324
1.0754627
1.0198014
1.0676587
1.0276559
1.0381414
1.075316
1.0781411
1.1964345
1.187522
1.0908845
1.1225557
1.129112
1.1144511
1.0724797
1.0995193
1.0898161
1.110433
1.0423339
0.95519549
1.0667861
0.93750133
1.0036776
1.0123185
0.92153811
0.92305897
1.1402237
1.0086013
1.0665633
0.89347962
0.99315358
0.68156446
0.76556965
0.92822925
0.87021866
0.77806656
1.0391885
0.72939442
1.1376437
0.94743974
0.86422913
0.66282682
0.84763349
1.1253103
0.75185448
0.62147199
0.78264879
1.1121932
1.159354
0.9364137
1.0683802
0.75253172
0.97892692
0.75774286
0.66735034
0.79263429
0.5693975
0.65683356
0.8976524
1.051011
1.1116955
1.1433126
1.1403682
1.1061701
1.098112
0.94575734
1.2298719
1.1021294
1.1669032
1.2173202
1.1820251
1.1486472
1.1694677
1.182229
1.1558651
1.1977191
1.2076299
1.1797126
1.1867892
0.99678616
1.0206203
0.7479397
0.94661388
0.86788779
0.83462741
0.34498341
0.43770889
0.53291596
0.46421398
0.92280245
1.002335
0.61773132
0.83854105
0.81064601
0.75009893
0.61430511
0.54632002
0.40554544
0.08879185
0.84841149
0.8162674
0.64449788
0.31152617
0.51770854
0.78908015
1.0220944
1.082546
0.80533107
0.68185334
0.28879954
0.61903614
0.51947875
0.85029958
0.45895213
0.68597074
0.57197456
0.4313368
0.31965285
0.13390891
0.25604739
0.25399274
0.82118185
0.94022347
0.74455721
0.47075604
0.031309245
0.1289808
0.094291183
0.21007039
0.13578815
0.26041062
0.25561266
0.13477048
0.25925946
0.222962
0.4196421
0.466282
0.80699383
0.9328607
1.0346826
0.052343824
0.14426727
0.13207344
0.64890734
0.68052807
1.2393309
0.84204571
0.46796893
0.34992468
0.77560898
0.51739708
0.80626441
0.8593909
0.85852013
0.91030049
0.56797969
0.036430964
0.84917466
1.2348417
0.21600007
0.76811947
0.52753672
1.0662483
0.85155089
0.11492544
0.51078659
0.6535352
0.6900879
0.75549438
0.97120948
0.89678869
0.6938061
0.12828108
0.26440485
0.9831432
0.68173343
0.93310476
0.9793987
1.0223377
0.95192932
0.13680582
0.24093287
0.075392028
0.30280675
0.39804871
0.092321666
0.34174902
0.62026863
0.67402265
0.43227051
0.53543822
0.29165954
0.32204243
0.62184419
0.63351548
0.51892529
1.0277131
0.73970045
0.70630353
0.40847878
0.80095167
0.89945682
0.71522563
0.61904583
0.26510635
0.49110033
0.12691604
0.63860856
1.0886291
0.11501221
0.073820945
0.82675219
0.60753351
0.31028913
0.68263456
0.56636112
1.0444981
1.1108856
0.90232125
1.1703987
1.1435326
1.1068405
1.2173187
1.2174785
1.2106508
1.1986066
1.2150004
1.2098823
1.2166877
1.2056162
1.2060477
1.2136405
1.2015707
1.2025006
1.2015015
1.1895398
1.2062613
1.1972333
1.1966262
1.1840435
1.2029845
1.2179722
1.2234052
1.2246341
1.2256523
1.2304203
1.1947942
1.2299956
1.2277043
1.2333322
1.2055321
1.2075452
1.2326641
1.2352353
1.2374267
1.0252569
0.72986275
0.63266344
0.38459797
0.089189349
0.34726202
1.197621
1.2021174
1.0341993
1.0328563
1.0351147
1.0613993
1.0227151
1.0732159
1.2015347
1.0963133
1.1441073
1.0761328
1.1492747
1.0365424
1.136596
1.0745119
1.1078953
1.0924097
1.0676846
1.0926352
1.1463798
1.1302993
1.0982506
1.0955754
1.1233597
1.0898573
1.0285414
1.1084145
1.1357513
1.0875351
1.058168
1.0316994
1.0641455
1.0843422
1.1228757
1.2006314
1.2117802
1.1355767
1.2350115
1.2254827
1.2123357
1.2010716
1.2090751
0.89279031
0.85164208
0.24136907
0.050986593
0.48305137
0.46280329
1.0743989
1.0414432
0.65769321
0.55996638
0.64802649
0.71971518
0.84563501
0.80061133
0.73321745
1.1299635
0.12550497
0.077217591
0.48828397
0.28236697
0.40680962
1.2183902
1.2128262
1.2273541
1.2339741
1.2057583
1.1237811
1.2312613
1.2326452
1.2366125
1.2033188
1.2301441
1.233896
1.2287753
1.1323244
1.06111
1.023371
1.1824871
1.1372019
1.1330365
1.1135836
1.0356042
1.0357237
0.32361627
0.44392348
1.0717928
1.0457547
1.0808456
1.1829737
1.0463807
0.98125703
1.0974392
1.1173067
0.82535474
1.2264725
1.0287645
1.1518064
0.99730013
0.95712513
1.2146595
1.1925392
1.1296122
1.1559811
1.1766819
1.1450791
1.2167369
1.2079383
1.0242439
1.0959445
0.56902072
1.0361931
0.21576905
0.3093612
0.29324768
0.069809512
0.05690841
0.39138442
0.40310512
0.052778357
0.51042532
0.25981379
0.80518703
0.36603453
0.38724842
0.28131631
0.43074167
0.9853035
0.64553731
0.44410947
0.50407761
0.42464279
0.55708147
0.54832712
0.38994517
0.26856533
0.125526
0.88864445
0.54942674
0.62122674
0.034014848
0.20466546
0.35325314
0.89226198
0.24038013
0.83396568
0.54630911
0.39451169
1.0530467
0.99255244
1.237126
0.9590255
0.95713226
0.95876369
1.2338089
1.2392884
0.96072652
0.56921049
1.23578
1.2281946
1.2372261
1.2341361
1.2337085
1.2366193
1.2359782
1.1584978
1.2251977
1.2387748
1.2368759
1.2296685
1.2309552
1.2380486
1.2377
1.21649
1.1842878
1.2212248
1.1997466
1.2306932
1.2386081
1.2190186
1.2080239
1.2214962
1.2166882
1.1986247
1.2266264
1.1783816
1.1860343
1.1593089
1.1819067
1.1438468
1.192162
1.2180511
1.2054474
1.1489221
1.2064019
1.188417
1.198158
1.1121473
1.1858433
1.0576614
1.1452857
1.2063715
1.1898224
1.1684505
1.1952772
1.22513
1.2209578
1.1460674
1.0770839
1.0747231
1.1712769
1.1570925
1.1818686
1.1724682
1.1883817
1.211563
1.2111944
1.154163
1.1854309
1.0450151
1.0008767
1.1519718
1.1619209
1.0672484
1.2120746
1.14572
1.2188095
1.1590976
1.2405198
1.1879879
1.2148445
1.1983658
1.2151997
1.2414778
1.2364954
1.2350217
1.2162941
1.2353923
1.2374928
1.2103454
1.1875433
1.2286888
1.2224193
1.1648955
1.1506104
1.1688998
1.154715
1.2189842
1.1671386
1.1140022
1.074365
1.0199296
1.069613
1.0817195
1.1393636
1.0478539
1.0844492
0.10025955
0.12009036
0.99963765
1.0418841
0.32753274
0.44827073
0.52028962
0.25545126
0.87673894
1.2496865
1.1288015
0.83449417
0.70249715
1.1033161
1.0362267
0.98789441
0.94496661
1.1319037
1.1657486
0.91762016
1.080896
0.87721737
0.89906158
0.91327645
1.0864826
1.1462627
1.1454646
0.99130574
1.043745
1.1215661
1.0979172
1.1060908
1.1245246
1.1001777
1.1570325
1.152942
1.1681037
1.0976837
1.0289668
1.0287054
1.1557995
0.97401333
1.0941942
1.1878898
1.1824264
0.82244198
1.2170873
0.81667529
0.9914198
1.0329481
0.91981307
0.96179052
0.95681243
1.0339278
0.88885006
0.90037185
1.1003369
1.1434564
1.233606
1.2208181
1.2420618
1.1798445
1.1983441
1.213825
1.2210291
1.2104722
1.2239882
1.2144885
1.1778957
1.1702768
1.1624537
1.1836991
1.2305912
1.2200635
1.2309517
1.2210169
1.2417277
1.2139546
1.2053377
1.2023409
1.2373887
1.2190574
1.2398198
1.2299514
1.0908642
1.1114396
1.128257
1.1084516
1.125296
0.15866486
1.1601247
1.1405869
1.1152174
1.0231037
1.0737001
1.2435289
1.2072707
1.2033408
1.2119361
1.1944237
1.194694
0.38031531
0.45842121
0.81011589
0.90494842
0.74080463
0.74806219
0.65924561
0.985432
1.0949897
1.043147
1.1231643
1.1008483
1.2271974
1.2414022
1.2332511
1.2409831
1.2411778
1.2400695
1.235829
1.2423019
1.2161264
1.2303063
1.2392138
1.2243408
1.2391758
1.2392687
1.2424971
1.2368854
1.244287
1.1820531
1.2313736
1.2380054
1.2279071
1.1865622
1.2237127
1.2324281
1.2297059
1.2159978
1.1975117
1.218407
1.2341537
1.2130548
1.2206509
1.2002974
1.2429762
1.2301144
1.1975684
1.2034446
1.1895204
1.194065
1.2273828
1.22692
1.215648
1.2189199
1.2394973
1.2303449
1.1842047
1.0918231
1.2433632
1.2220959
1.2017405
1.1647547
1.2422382
1.2375261
1.2379473
1.2357224
1.1403573
1.1018895
1.179135
1.166662
1.1713337
1.1860451
1.2123176
1.2063861
1.1954419
1.1889509
1.2053699
1.1850818
1.1495531
1.1706671
1.096063
1.1434495
1.1613208
1.1501192
1.1372619
1.1694619
1.1277005
1.1065089
1.0600815
1.082497
0.27164045
0.39485326
1.1275524
1.1193948
1.163643
1.2178369
1.1923371
1.2044387
0.70383094
0.58150923
0.83842746
0.88467765
0.80455788
0.72530049
0.44986518
0.49471178
0.88474646
1.1445453
0.91690595
1.0561882
1.2271602
1.2371917
1.216069
1.2250676
1.2265621
1.233615
1.2423592
1.2437093
1.2375094
1.2377384
1.215568
1.2021225
1.2450403
1.2400052
1.2269839
1.2433016
1.2443754
1.2438906
1.2445138
1.2370779
1.2457191
1.2372207
1.2462822
1.2465996
1.1540915
1.2472651
1.241905
1.2462966
1.2231114
1.2460776
1.2458605
1.2216691
1.2453492
1.2416491
1.245607
1.2387215
1.2467039
1.2307992
1.2442
1.2484209
1.2248724
1.2199972
1.2398797
1.2160307
1.1815781
1.2250228
1.1728236
1.2299134
1.2398386
1.1686396
1.1811683
1.2364574
1.2149662
1.2357433
1.2466015
1.2270189
1.2074667
1.1824232
1.2019398
1.1958598
1.2212648
1.2416193
1.2452249
1.2430891
1.2385214
1.1999271
1.1889107
1.1028474
1.0200844
1.1040649
1.1431399
0.25064921
0.34649737
0.1794067
0.054337635
0.29766333
0.48194115
0.27201756
0.7404061
0.16792973
0.43544581
0.065498468
0.14860965
0.38859575
0.59061477
1.1713841
1.1888331
1.052055
1.2009507
1.2292098
1.2358525
1.2426719
1.2363224
1.2227699
1.2293835
0.82603657
0.74847791
0.56353973
0.68344671
0.98442457
0.30286499
0.92257833
0.67618523
0.96292447
1.0315834
0.91905098
1.0820984
1.0320742
1.0435958
1.2199433
1.1836653
1.1846772
1.2243299
1.2073411
1.1959823
1.1711587
1.1239023
1.0947027
1.1358661
1.1138594
1.0602268
1.0649343
1.1596345
1.1533579
1.0309038
0.23289367
0.64292506
0.23556295
0.13925739
0.31002024
0.036984935
0.14133708
0.034755554
0.30877557
0.23366279
0.42922706
0.46398376
0.36526584
0.53598827
0.1857946
0.13513734
0.2231895
0.42466349
0.49763297
0.3880762
1.0043442
0.70206709
0.41331933
0.52985051
0.9989709
1.1974114
1.1554567
1.2200118
1.252226
1.2479105
1.2332922
1.2427653
1.2338613
1.2188356
1.2390785
1.2342906
1.2331859
1.2230454
1.2421495
1.2436575
0.82763518
0.905739
0.77917771
0.63126715
1.1292885
0.92425979
1.1994522
1.1579489
1.080936
0.93163977
0.98952178
0.96053287
1.2101277
1.1074693
1.1923516
1.0907335
1.1268831
1.1680976
1.1596935
1.1536574
1.1334338
1.2077879
1.2001581
1.1713193
1.1198115
1.1523447
1.1413948
1.180564
1.0885289
1.1094305
1.1472099
1.0660417
1.1670545
0.51893691
0.6019997
0.61726986
0.78160026
0.64512134
0.81904203
0.72231812
0.63583262
0.82325729
0.5974354
0.7355495
0.49740197
0.47290793
1.2040707
1.2167497
1.2526729
1.2482309
1.2323436
1.2415839
1.2261112
1.2499759
1.235894
1.2469139
1.234811
1.2465965
1.250148
1.2492788
1.220707
1.2323399
1.2112435
1.2387414
1.240024
1.1952528
1.1965353
1.1631303
1.1834912
1.1455908
1.2104532
1.229211
1.2181379
1.2320506
1.2174323
1.2519982
1.2258274
1.2498365
1.1525234
1.1852212
0.84151778
0.81221654
0.98188869
0.90434551
0.98373385
1.1973102
1.2012626
1.0461836
1.1074995
1.1952487
1.1893293
1.1972255
1.0135042
1.0886838
1.1285642
1.0392565
1.0569552
1.032526
1.0154474
1.0316401
0.67810632
0.72221606
1.247477
1.2488322
1.2492174
1.2463493
1.2507681
1.248555
1.2423191
1.2406734
1.2500752
1.2469557
1.247719
1.2481988
1.2492989
1.2514845
1.2483209
1.2485713
1.2508974
1.152221
1.1828834
1.2027026
1.1852356
1.2132722
1.2013098
1.1699651
1.1957205
1.133705
1.1134992
1.0671551
1.1069823
1.0776382
1.1315333
1.0339807
1.1176658
1.1112503
1.0892558
1.0287142
1.083793
1.1590356
1.1198606
1.0344625
1.0755587
1.0276618
1.214725
1.040507
1.1687641
1.2514082
1.2329939
1.243935
1.2506383
1.2492887
1.0657338
1.0956287
1.0626117
1.0175056
1.236675
1.2419211
1.1472701
1.0998477
1.2348405
1.2531638
1.2420378
1.2242569
1.245723
1.2299015
1.2045406
1.2259044
1.1846026
1.1824996
1.2116005
1.2498507
1.2516813
1.2512121
1.2403757
1.248373
1.0818019
1.0977276
1.0703056
1.0311236
1.0463152
1.1501985
1.066526
1.1288084
1.1120248
1.090777
1.1297299
1.1381553
1.1979585
1.2100327
1.2161821
1.2050286
1.2331566
1.2154091
1.2405207
1.2408607
1.1877317
1.1916663
1.2130194
1.193246
1.2228494
1.2239997
1.2029168
1.1848536
1.1257882
1.1567992
1.1487551
1.1429287
1.1669044
1.1438249
1.1496564
1.1501952
1.0566387
1.1168639
1.0813018
1.0944821
1.2444296
1.2236025
1.2471621
1.2358466
1.2452928
1.2078768
1.2110023
1.207178
1.1713649
1.2237283
1.1951504
1.2434467
1.2397976
1.2289605
1.2371126
1.2448368
1.1855843
1.1534238
1.1048392
1.0568653
1.1250646
1.083498
1.0422694
1.1546323
1.1161237
1.1181283
1.1040108
1.0842987
1.0265065
1.1210402
1.1009715
1.0304998
1.085002
1.1492375
1.0335498
1.1261119
1.0479195
1.0946541
1.0502658
1.0817456
1.0910545
1.0286779
1.0270645
1.0961967
1.1114697
1.1488544
1.1556646
1.1494861
1.1596635
1.060137
1.0522221
1.0263678
1.0232619
1.0588872
1.0610714
1.0570183
1.0549244
1.1334923
1.1237669
1.0118044
1.0070565
1.0598014
1.04578
1.0496642
1.0556359
1.0481917
1.0583894
1.0639805
1.0560777
1.0420919
1.0264271
1.0618302
1.061811
1.0462851
1.0350992
1.0668589
1.0409451
1.0548237
1.0167702
0.36570731
0.19347164
0.58735193
0.19554996
0.39291382
0.55818328
0.12205019
0.49634974
0.4470278
0.94116978
0.21485822
0.88102708
0.70598824
0.78857033
0.48017127
0.21345213
0.47260916
0.65221298
0.27898059
0.06438107
0.19906747
0.36456033
0.24313123
0.10922584
0.50487475
0.43682755
0.22126202
0.67033342
0.59323132
0.41333171
0.49366307
0.83287634
0.87452136
0.12305612
0.40753513
0.38399287
0.15570876
0.3185062
0.50097434
0.20530768
0.05953281
0.40756965
0.16242935
0.38323157
0.17651342
0.60656002
0.1416733
0.56334719
0.44465932
1.208564
1.001569
1.0009334
1.0029991
1.0020592
1.0008919
1.0018752
1.0014139
1.0092423
1.0104442
1.0102694
1.0119999
1.013359
1.0112101
1.0055994
1.0023879
1.0077023
1.0071422
1.17668
1.1824935
1.1101931
1.1219916
1.2065158
1.2046934
1.1996001
0.71680045
0.54385082
0.57789436
0.26791597
1.1970624
1.197323
1.1757476
1.1785213
0.66707089
0.30545726
0.5794745
1.0008261
1.0039499
1.002065
1.0064485
1.1035521
1.0047744
1.0748699
1.1988585
1.2071728
1.1612947
1.1486615
1.1633162
1.1520151
1.1437172
1.153364
1.1498404
1.1137011
1.1585326
1.1450089
1.1269586
1.1280639
1.1183646
1.1370456
1.1014093
1.0313597
1.0197062
1.076546
1.0592078
1.0629314
1.06281
1.1624329
1.1548313
0.89401337
0.91681757
1.1502334
1.159509
0.44692559
0.403728
1.2268091
1.2294935
1.0789181
1.0391778
1.0190704
1.0605628
1.1000423
1.1154123
1.1733006
1.1751142
1.1435656
1.1960623
1.1776076
1.1716258
0.75973151
0.74686586
1.2191234
1.2035176
1.2471714
1.2473399
1.0214975
1.1285181
1.1110054
1.0685705
1.039076
1.021131
1.0409612
1.1314309
1.1649121
1.0990797
1.051703
1.0932873
1.004535
1.0590444
1.0766505
1.1871517
1.134361
1.1939057
1.0577258
1.0321466
1.0219759
1.0668506
1.0119963
1.1438527
1.113447
1.0291875
1.0373682
1.0610461
1.1044926
1.0714451
0.79889125
0.68688032
0.35895978
0.19676922
0.08889711
0.36253167
0.5834129
0.39856416
0.090240891
0.37618429
0.14648005
0.12079579
0.30264451
0.049620795
0.27870518
0.53175953
0.43215747
1.0033886
1.0036902
1.0076562
0.52113818
0.31677991
0.93835753
0.87675836
1.2031307
1.2034741
1.1938632
1.1794063
1.2002668
1.2122844
SCALARS T float 1
LOOKUP_TABLE default
0.016596695
2.8248904e-06
6.8580229e-09
0.00011378614
2.1347497e-05
0.00030088416
5.1199074e-20
1.9395386e-05
0.0191641
8.9812688e-15
5.5092636e-13
1.6091829e-11
9.1312902e-19
4.1609416e-16
0.00047750123
1.4342485e-09
5.8960267e-10
2.8762198e-07
1.6800655e-10
2.3913641e-06
0.00040309998
1.0042086e-15
0.11895951
2.1208277e-06
3.1963447e-09
0.0032208048
0.00073298002
0.016649308
3.0450112e-05
5.1217624e-16
2.1179092e-10
4.7694359e-11
2.4870149e-10
0.12182477
5.8839292e-10
0.0064560698
3.7834695e-07
0.0016901257
7.7965205e-09
2.7713645e-08
3.0336756e-15
0.0073206329
5.7013333e-11
5.5555956e-12
4.7547521e-08
5.7321133e-13
3.8174317e-09
4.1249603e-13
4.6334968e-16
8.3577826e-11
1.5876985e-14
1.8820658e-10
0.0094931483
3.8703326e-17
5.2752341e-13
5.9629035e-09
0.00011930117
2.9293985e-09
6.7528502e-16
2.3737834e-16
2.5854415e-12
7.2098295e-06
3.4983139e-23
2.9931835e-16
1.7315522e-17
9.3721604e-18
2.6881998e-15
1.245539e-12
1.1554818e-11
3.1092334e-08
0.3351439
3.0790731e-13
4.2822615e-11
3.4893732e-14
1.8743244e-08
5.3514351e-16
1.3942573e-14
3.2119044e-08
1.0581956e-10
0.00026952476
4.2261948e-10
3.2699749e-10
5.1895978e-10
1.4033146e-18
1.4197023e-10
1.5947011e-11
1.5501851e-05
9.7906083e-11
5.6199179e-08
1.4840376e-13
0.0018964846
2.5248848e-13
6.3716819e-20
1.264951e-12
6.450791e-14
1.054655e-14
0.0037155162
0.0073218683
6.519627e-12
0.0012561828
1.4978509e-15
7.2030768e-13
0.18659898
0.0095902999
1.6949814e-12
7.8009336e-19
0.00013795892
0.051218108
2.5550067e-11
2.0935578e-24
0.00051443348
0.0004299961
2.1853174e-14
6.7841944e-17
0.0016701246
4.9071526e-16
1.6644374e-05
0.04425594
3.5715168e-06
9.4477228e-13
3.211082e-10
1.4947989e-05
4.4167509e-09
1.0289488e-11
1.6577305e-14
6.6484482e-13
1.6539976e-11
4.1129332e-07
4.2918725e-06
4.3657394e-13
3.5659851e-11
3.1716388e-08
6.8195314e-10
3.7541718e-09
3.337879e-13
5.6402968e-13
3.8782853e-05
0.043381766
1.1525935e-11
3.8064423e-21
3.2275656e-09
3.713751e-07
2.0672562e-12
0.57418875
2.1748186e-14
1.8000406e-14
1.0386937e-08
0.0096937911
5.2908658e-10
2.9801308e-05
5.6491361e-08
1.6502653e-06
1.4856522e-13
1.043059e-16
3.8091623e-09
3.7946485e-10
5.9890012e-09
9.6006043e-15
9.8983646e-11
2.0546134e-10
7.5680003e-06
7.293364e-10
1.2405885e-09
1.8961333e-11
9.4979364e-11
3.2953672e-05
1.1316047e-07
0.00043394652
1.0045899e-08
0.00012047544
5.0194178e-10
0.00012191363
0.0017040035
1.590827e-09
6.6502089e-08
5.0689683e-08
1.0777535e-11
1.6620942e-05
2.461997e-05
4.5780019e-09
1.368438e-10
6.6002294e-06
0.04209582
1.7277466e-08
7.525783e-06
0.011849574
0.0059784247
2.3911903e-06
4.448272e-07
0.006553274
2.6426026e-05
0.0093584719
0.00022067024
3.2605112e-09
6.8598126e-08
0.0013665908
0.0189694
0.0020854936
0.0035711367
2.1192524e-07
5.3730639e-07
0.0064011112
0.089205829
0.006253279
0.00093489846
0.015115881
0.0019369669
0.015526355
0.003177611
0.00063748755
0.040689526
0.00010483996
4.2012555e-08
2.9384485e-09
1.283554e-10
0.09411076
0.015938232
0.017369645
0.015642631
0.002286067
3.1631856e-05
3.7352064e-09
1.8594254e-07
6.950127e-06
1.3117278e-06
0.020636696
0.00022582524
4.2208305e-09
1.2806252e-06
3.2414807e-05
0.00012370059
0.00070587215
0.0020856427
1.4806402e-07
5.2471379e-06
0.018596578
0.00038956917
0.00054250031
8.1204952e-07
3.2141127e-06
1.3385816e-06
0.012216232
0.018748063
4.1671693e-08
5.3154386e-06
1.5166181e-07
1.0777177e-08
5.3524535e-08
2.9351752e-06
0.052183242
0.05418944
0.018572392
9.8364173e-05
5.7403797e-13
5.0332044e-07
1.2420914e-05
7.6836944e-07
0.10236355
2.2872588e-08
0.00048753689
0.17943643
0.0035330546
0.0058469316
0.040430079
0.054015868
2.5391883e-05
0.012140521
0.062525641
0.0012439868
1.5224388e-06
4.7337824e-05
0.12009618
0.00059689361
0.035596891
0.032835794
3.1861494e-06
0.00015946205
0.10184679
0.083709106
1.793247e-23
1.9244754e-17
3.6522585e-18
6.784786e-17
9.0729275e-14
1.5680132e-09
5.6913381e-17
4.7486633e-07
1.7987086e-07
5.6447636e-08
9.4677144e-08
1.3007744e-14
8.7116296e-08
4.6447579e-08
3.0173728e-10
5.0487529e-08
3.7812225e-19
5.2896244e-08
1.2278846e-06
2.4246449e-08
2.8441987e-08
1.7402656e-09
6.0749805e-20
2.767669e-08
7.1707407e-08
8.6525199e-09
2.7338244e-07
3.2322331e-08
2.8715326e-13
4.1418904e-06
9.085802e-08
1.1122801e-09
4.7020961e-08
1.3551668e-09
4.9676835e-19
1.2450552e-05
3.6095402e-09
6.6064262e-07
1.2557391e-06
8.8653522e-09
2.6318846e-14
1.3588938e-06
5.5516383e-16
2.2910045e-08
2.9036213e-11
3.6384655e-05
1.3501882e-11
2.3574842e-08
2.4519682e-09
2.7981166e-10
1.3790895e-06
5.6931722e-08
3.0664332e-06
1.1849347e-09
4.3908677e-13
1.4015977e-10
1.7511446e-11
9.5973836e-16
1.2635456e-05
1.2678844e-06
0.0003439448
4.8992482e-05
6.9269894e-06
6.8797901e-07
1.10961e-07
1.1100253e-08
1.3251183e-09
1.6315903e-10
6.1515805e-10
6.0815766e-10
7.7321944e-06
1.0092292e-05
6.9976399e-06
1.0269085e-05
6.881972e-06
2.1492491e-05
1.4855381e-06
6.2171206e-08
2.3822072e-07
3.8843978e-11
1.7660813e-10
9.4197115e-13
1.4514066e-05
1.6366689e-06
0.00024388089
0.027611162
8.9302295e-09
2.8410832e-10
1.0512393e-07
4.0903903e-09
5.7215933e-14
1.4009312e-11
5.9233335e-19
5.8895209e-16
0.00047992713
0.0047919458
1.0327151e-05
7.7534883e-09
3.0888587e-05
0.00023812538
0.00058209913
0.00024011461
2.2367906e-06
1.550542e-09
1.2160932e-07
1.218218e-07
8.7916407e-12
4.8831756e-13
7.4909753e-06
4.3819813e-05
1.4602071e-05
1.5928688e-05
0.00021266464
2.3810545e-07
4.461903e-05
2.7169909e-05
1.9049019e-06
2.9253407e-07
1.4523853e-08
2.2192171e-07
7.1189742e-09
5.4204451e-10
0.00015641058
0.00063548457
0.00021380642
1.2858886e-07
2.8805464e-07
1.0153853e-07
5.2140648e-08
1.0869739e-14
5.4778886e-12
3.00304e-16
0.053907511
0.0072088168
2.5329465e-05
1.5407679e-06
1.6288573e-06
3.3636717e-07
1.6227593e-07
8.2042737e-08
5.7424393e-07
9.3692981e-07
1.2694242e-07
4.7219423e-13
1.8411543e-09
3.8816644e-07
5.4311583e-07
1.5890934e-14
1.8614279e-05
0.00038369379
3.8341727e-08
0.00014298957
2.7855195e-06
1.0936004e-06
1.9463107e-05
1.7303575e-13
1.2968483e-12
1.4363249e-14
0.00010201435
0.00040697496
0.00038629494
0.00035253795
1.508069e-06
6.6093446e-07
0.0075924359
0.00041988161
0.00033701933
0.0032628687
1.6786472e-06
1.3007736e-07
1.8741868e-11
5.7001173e-10
0.00034040712
0.00014564664
2.703485e-05
5.940346e-06
1.0385053e-13
2.3435233e-11
0.0029812581
0.00091534812
6.4229787e-06
6.995108e-06
1.9241258e-05
8.1618257e-08
0.00030299752
2.9485045e-11
0.00013606833
1.975064e-05
2.7434877e-05
2.6100481e-05
0.00035540176
2.2316186e-05
2.0827072e-10
6.5512877e-06
4.8746999e-09
0.00075000882
0.003965554
2.6250957e-05
5.1841025e-12
9.2922255e-07
6.2725103e-16
1.1568285e-06
0.00097192757
0.0001274779
6.1857473e-13
3.6851555e-14
7.1360885e-07
1.5380128e-09
3.8045636e-07
1.7579201e-11
5.3483528e-14
5.8208975e-10
1.4557515e-13
3.9303218e-08
4.9774533e-09
2.4753632e-10
3.6226078e-17
3.4605655e-12
5.4523878e-06
4.1353406e-09
1.0482749e-05
2.2049216e-05
1.7281897e-09
4.6719247e-07
9.9559622e-05
0.0009368891
5.7152002e-06
7.3657473e-08
5.4684379e-05
4.8650214e-05
4.7570731e-13
1.7930276e-15
1.2624696e-12
3.2793229e-12
4.1945865e-05
2.9928223e-05
2.2511095e-07
5.043569e-06
5.7789025e-07
3.3997216e-06
1.0725609e-07
0.01166338
2.39546e-07
1.5959756e-06
4.8720184e-08
4.9644548e-07
3.8883728e-06
2.4312724e-05
5.0812533e-06
3.1489891e-05
5.264862e-07
4.546726e-05
2.4848199e-09
8.4422602e-08
0.00060126955
0.00010508355
3.1554267e-06
2.9478712e-05
2.0529277e-08
9.1989143e-18
7.5544436e-06
0.00045238995
0.00058324174
0.00017567269
0.00037295023
0.00071116781
0.025869932
0.0029919016
0.0010827063
0.12196933
4.9514887e-05
0.044652499
0.017270455
0.024233195
0.42565246
0.34971788
0.0012699025
0.0035867417
9.3991628e-05
0.0002601358
0.00080993651
0.0005163304
0.042560127
0.096931092
0.12827654
0.20382059
0.066759441
0.0082230034
8.9823144e-18
1.4418557e-21
5.5105195e-15
6.3904701e-16
5.1030376e-18
1.3297208e-21
2.1792933e-17
1.2502175e-17
2.4448652e-18
5.7237737e-19
2.5949178e-21
6.0746023e-19
6.983747e-06
1.3245405e-06
9.8320856e-05
9.7570381e-05
0.0012469437
0.001428719
0.0064031668
0.017541937
1.250455e-11
3.613083e-08
8.7183083e-18
2.4030217e-14
4.1870324e-11
1.8958358e-11
9.8948201e-05
9.1354683e-05
9.1449734e-05
0.00046970599
0.0032517172
0.0010425679
3.7074934e-05
0.00014837241
0.0038484997
0.062318584
0.18168204
0.00015061045
8.4085128e-07
2.6119103e-15
4.3904102e-09
4.9969946e-14
1.1232882e-13
6.3366429e-15
1.4645672e-07
9.8933562e-09
1.3252987e-12
1.2494846e-09
7.0314701e-16
1.5835534e-12
3.876964e-10
3.8150528e-06
3.1101507e-05
1.0549106e-05
0.0030233565
9.050613e-19
2.3825344e-07
2.0946646e-06
1.0511483e-10
2.3025964e-08
2.8665892e-08
1.1174432e-20
2.1675994e-07
3.471197e-08
1.1855599e-10
2.2638645e-10
6.0334827e-19
0.99145088
1.4341709e-12
9.1942544e-12
1.7188251e-06
0.025042287
0.053187823
0.045110412
0.00097587234
0.049147845
0.12208534
0.17496451
0.34570322
0.071594155
0.0038276802
0.016344975
0.0039303017
0.032948192
9.3997105e-05
2.3365437e-08
0.49862306
0.18480552
0.084069653
0.024180552
2.7522841e-17
3.1270335e-16
3.3072362e-17
1.3447331e-15
7.1940926e-15
2.46606e-14
3.9473771e-22
5.9229662e-20
7.1692569e-15
2.26347e-16
7.9661569e-18
1.1024473e-13
1.1286295e-15
4.0207373e-12
2.5022423e-13
5.0928102e-15
2.1271314e-17
4.3253558e-10
5.8268608e-14
3.0282185e-16
5.0936558e-18
6.6452624e-12
1.1576093e-12
2.046835e-11
3.9801979e-12
5.4116397e-12
1.1077306e-17
3.4674433e-15
3.282203e-15
5.0161185e-19
7.1256737e-20
1.6591542e-16
6.4814586e-17
5.4388971e-17
4.2375604e-18
8.9820383e-20
1.0052334e-19
6.0876286e-19
4.2908541e-18
1.0555982e-18
1.1452922e-21
1.3364736e-16
2.6331186e-14
2.5996701e-23
3.1881208e-26
6.2656822e-17
8.9164843e-19
1.0165579e-19
2.1465968e-21
6.0097681e-15
9.8903779e-15
1.0649477e-17
3.6023989e-20
5.2014645e-21
8.411968e-21
3.0496489e-21
3.0093286e-19
1.2575237e-16
1.8904068e-16
7.0859716e-18
5.8414891e-20
1.0782211e-13
9.8119733e-20
4.1145321e-15
1.0319529e-11
6.1819636e-16
2.4400858e-13
1.1383978e-12
1.1994845e-11
2.3723714e-17
2.6184627e-14
7.0128081e-18
1.9780961e-21
1.9676405e-19
7.822302e-15
1.4305698e-14
6.2450834e-16
1.4640764e-17
3.3983809e-13
1.9572483e-14
8.3844426e-13
1.7453625e-11
1.7394394e-14
1.1456768e-16
9.286318e-16
1.2432634e-14
3.7108408e-18
2.4360883e-18
6.3118181e-13
1.1374339e-16
3.3991853e-22
5.6026655e-19
8.8692423e-17
2.0031668e-19
1.3604795e-13
8.2267179e-16
3.0041804e-17
1.9016326e-20
1.6555304e-16
3.2058814e-17
9.1530429e-16
1.0544068e-15
2.7000961e-17
7.0414158e-20
1.6107816e-13
1.3262161e-14
1.52352e-20
3.3849365e-20
2.5698708e-16
1.4448055e-16
7.9070184e-15
1.6256401e-17
6.2656359e-13
2.6232205e-14
1.6499472e-14
3.0832242e-15
5.2314349e-19
5.0962933e-20
7.35304e-22
4.5786001e-20
3.4444072e-20
3.2792826e-23
5.7340949e-19
3.2566384e-16
3.4173021e-15
2.1540882e-15
3.5745782e-14
2.1509397e-15
2.3628812e-15
1.069981e-17
1.3805094e-12
2.8245774e-15
4.7143104e-14
1.3895308e-17
2.8574186e-14
3.839832e-15
9.2390052e-13
1.6898027e-12
3.9121615e-11
4.0956349e-09
2.6114744e-05
5.261353e-07
5.8515786e-08
7.4154458e-09
2.8571327e-11
2.2269314e-13
5.2284315e-10
3.4231252e-09
1.6346433e-12
5.893259e-14
3.596487e-08
2.8063094e-09
1.1139166e-07
1.3269513e-07
7.7334157e-08
8.1664779e-08
2.6960062e-07
5.8980852e-10
2.1771193e-10
2.0814001e-15
2.2175769e-16
4.8449501e-14
1.2928519e-14
4.3666048e-13
0.0014454572
0.0084145742
0.0013818134
0.0015431897
0.02958119
0.18462344
0.0014726078
0.0075093163
0.0081892876
3.1308688e-21
0.038172548
0.0048403442
0.0072103769
0.021470779
3.7620176e-21
0.0024005055
0.0018411257
0.01811442
0.0017590035
0.0030644315
8.3310364e-08
0.012503312
4.2426718e-17
4.6414209e-23
0.02878581
1.10929e-25
3.264545e-19
7.7009506e-23
0.11649045
0.25393385
8.7145254e-28
0.06569925
1.9281341e-24
3.3506909e-20
0.12353314
4.8358633e-19
3.4434858e-14
5.0295534e-12
3.6938935e-06
8.1492051e-06
6.7783151e-23
0.18931087
0.076263311
1.2935124e-13
0.012291474
8.1126733e-13
0.12874333
8.1022585e-08
0.0039895498
0.024400283
1.4445138e-14
0.11228672
1.1182003e-14
0.20368248
1.3113095e-12
5.0793941e-14
0.0029144139
4.3214158e-20
9.4347749e-06
1.102203e-13
5.7050028e-15
4.3885868e-16
1.0839563e-26
1.1620154e-20
4.7659943e-18
2.1730859e-19
1.3079406e-27
5.6364125e-31
6.5943574e-21
6.2191886e-25
2.500478e-16
1.1035417e-18
1.2009701e-15
9.4529554e-17
1.2266624e-15
1.3239482e-15
4.6367322e-20
2.0890015e-17
1.1915996e-14
2.3657206e-15
2.0112922e-16
1.6172661e-16
5.0336961e-14
1.9588919e-13
4.4775824e-06
3.6680868e-07
1.1451713e-10
2.1356158e-10
6.3383781e-09
3.8061064e-08
7.3403983e-08
3.6862418e-08
1.522574e-07
8.2403438e-08
5.8380457e-08
6.6024861e-08
6.8076223e-14
2.0539994e-16
9.1587464e-16
5.2431261e-15
6.1149987e-17
3.3553461e-16
2.8187646e-11
1.7394001e-11
4.7082727e-11
0.00061369518
0.00040614518
0.0021801372
0.0010298565
0.0022047871
0.0071032792
0.01839069
0.014194783
0.0097479344
0.0081749643
0.0743617
0.065382961
0.0022922831
3.632299e-06
0.02175515
0.00013573711
0.0038669286
0.00018769394
0.003110277
0.0022192578
0.0086770231
0.021677557
0.0018626104
0.00097890364
0.0072562378
0.0041227593
0.062551621
0.020706713
4.5231577e-22
8.2580661e-21
4.3464063e-09
1.5545067e-07
5.1711625e-07
0.0097565652
6.7399032e-06
1.9423594e-06
9.6281599e-06
0.00011581229
6.2023499e-05
6.056966e-06
1.2826556e-06
1.7520135e-07
3.9383782e-06
1.182805e-07
7.3975464e-05
0.99451424
0.0010897028
0.0030389565
7.3283834e-06
8.7208308e-05
6.8890901e-05
0.001370803
0.0036842196
0.034520859
2.8476707e-21
1.1259834e-21
1.1606367e-22
7.9330291e-24
1.3590169e-21
5.8249545e-26
0.30757469
0.086676785
0.097462699
0.23596129
0.0022393398
0.00083614688
0.34187846
0.27139353
0.37020193
0.34056068
0.02550553
0.016903173
0.0060547265
0.012665679
2.0278139e-13
1.318621e-12
4.6698809e-12
4.2546568e-12
5.1712602e-12
1.0155588e-09
2.1933111e-20
1.2291473e-23
7.3273943e-25
2.6699386e-32
2.2735945e-25
1.3242847e-20
1.3868699e-22
1.2989228e-20
1.0898328e-20
4.0486589e-19
1.9325796e-19
2.474698e-16
9.8280963e-19
1.1095298e-11
6.7989722e-09
1.7637066e-05
3.344627e-07
4.2382151e-08
4.6877209e-09
7.321725e-10
4.2183135e-10
3.6743126e-09
4.6932002e-14
1.9013801e-08
1.2802613e-10
5.2513619e-17
3.5205549e-16
5.8793495e-18
6.2582352e-16
5.3054976e-13
3.6835706e-17
1.3658081e-13
3.7188292e-12
7.5268765e-13
2.9963739e-16
3.8559361e-16
1.8039446e-11
2.1680109e-13
4.8676637e-11
2.7157897e-12
1.7260834e-13
4.1567248e-14
7.2946589e-13
5.1829136e-13
1.3962687e-14
2.6225667e-11
6.0769853e-10
0.0013923361
0.0031185566
0.0081604952
0.0068956884
0.037150381
0.056297933
0.15664737
0.075336206
4.9056228e-05
3.7976571e-05
0.00013132645
0.00031859734
0.00019845108
2.264889e-06
0.0039201491
0.00013332517
5.4065626e-05
1.9272794e-05
0.00012936032
0.00028472397
0.00029655639
0.00027582574
0.0013867571
0.00053614883
0.00032266106
0.0017849752
1.8086808e-05
2.5660693e-06
3.7693251e-05
8.2851617e-08
0.1845324
0.0010532977
0.0045637755
0.0018359486
0.020427035
0.0014288293
0.0084115432
0.03567518
0.043151061
3.7860321e-05
0.06393311
0.064659845
3.7648316e-06
5.9622842e-06
1.9691162e-07
0.066247491
0.00099925975
0.00065280732
0.0054803865
0.0048748774
0.00034898309
0.030579342
0.4098387
0.026640666
0.006026036
0.031773819
0.034714838
0.0048162887
0.10495765
0.4115895
0.063079093
0.0082618612
0.10799894
0.062517418
0.31664953
0.52553608
0.1042855
0.064508788
0.036180197
0.15390726
0.99657677
0.27205178
0.31561503
0.1010155
0.0010901549
0.0075812838
5.8705789e-20
3.3108571e-20
2.9637434e-21
1.6425922e-27
6.8005888e-24
4.7997012e-25
6.9542155e-23
3.1367765e-26
1.4683171e-28
1.4872596e-29
3.8236256e-25
3.4523578e-32
2.1105622e-25
7.0391437e-27
4.7841964e-26
3.2137598e-27
3.4777538e-31
5.858764e-29
4.4968282e-28
1.1812214e-23
1.6578541e-26
5.8541405e-27
8.0767571e-25
6.464135e-30
1.5196863e-28
0.032435539
0.086914172
0.066099985
0.10307753
0.063086249
0.27364257
0.069459173
0.11949453
1.2505473e-13
0.15871515
0.28466839
0.45115564
0.45448864
0.79792115
0.27687738
0.24127282
0.81240227
0.15657391
0.32649979
1.4927608e-13
0.33650037
0.017259832
0.027304147
0.020959406
0.014261379
5.9921e-12
9.5327487e-13
3.8659121e-11
1.4819518e-10
5.714193e-13
1.2771079e-13
3.6314281e-11
2.0286558e-09
3.0457695e-09
1.144668e-10
1.1105075e-24
6.2495057e-34
1.2683217e-25
1.4583433e-24
2.0373892e-27
6.3496814e-34
1.6522817e-30
2.3420085e-27
2.74727e-28
1.288152e-29
3.0240128e-29
5.9612486e-31
4.0228686e-33
9.5403911e-30
3.2863012e-35
9.9539369e-34
9.4336822e-32
1.4276623e-28
3.6019924e-32
2.7006509e-28
1.8008772e-18
5.4131983e-33
3.9738329e-36
3.8842877e-35
3.4964069e-18
9.6834381e-34
3.3860606e-20
8.0836397e-17
4.8263555e-18
7.9365992e-18
1.2170623e-15
1.6870376e-16
7.0008925e-18
1.2635651e-16
2.7663823e-07
8.1078991e-22
7.2234697e-08
7.1425359e-08
9.4318659e-10
2.2213491e-08
1.8627779e-08
1.0752978e-07
2.9344171e-07
3.2871128e-07
3.6836673e-11
1.3318176e-06
7.8692054e-08
8.9093398e-09
8.7756457e-12
1.3822663e-06
1.4688863e-05
3.8185214e-06
3.0069207e-07
4.9704009e-05
1.9634307e-05
6.2361718e-06
2.2002116e-07
2.3081398e-06
2.4891424e-06
5.3065427e-07
8.3414498e-08
1.765487e-08
6.153451e-09
8.1304279e-15
3.6239054e-15
1.6758085e-15
1.1209903e-10
2.5601979e-12
3.9555857e-14
5.3447358e-13
0.062579758
0.065853587
0.21565606
0.020107485
0.056410805
1.9121197e-05
0.00065339593
0.00079016274
2.5903897e-06
3.2357459e-06
0.29618367
4.2697459e-08
0.17300688
0.017883634
0.015313518
0.089287476
0.00058234309
0.00048197515
0.11095072
0.027322276
1.4048259e-21
1.0198177e-23
3.0938133e-27
2.5285518e-27
0.1014787
0.51376493
0.043660542
0.071283394
0.18713305
0.19068057
0.99728596
0.40071833
0.49628569
0.71534397
0.326504
0.50331157
0.99926183
0.64166611
0.6201809
0.34124046
0.60558584
0.33376385
0.44127241
0.25034482
0.56104168
0.50961585
0.49996272
1.1426278e-12
4.6072496e-09
1.0911688e-11
4.9553937e-21
1.9370838e-22
8.2836443e-28
6.3658619e-34
2.7191743e-28
3.9000602e-27
4.938149e-37
6.3305579e-35
7.5293701e-19
4.6310517e-19
4.5992581e-19
3.9988729e-19
2.178219e-18
1.9646647e-18
2.0269732e-20
2.0406549e-21
3.308182e-11
1.2837516e-11
4.5764962e-09
2.8606861e-10
4.6557107e-09
7.0263435e-11
2.1313677e-08
1.7646856e-12
1.2963526e-10
2.8638382e-11
5.1317189e-10
6.1128975e-10
2.2754757e-11
3.3058838e-12
7.9994258e-10
5.8764253e-10
3.7097793e-08
8.2291224e-10
2.5253233e-11
2.932937e-10
3.2550856e-12
4.3542593e-12
2.5609267e-08
7.6351408e-09
0.088736359
0.15798595
0.2190143
0.014931617
0.2476828
0.31043155
0.24753372
0.15879363
0.2529475
0.44225683
6.36675e-05
4.8650858e-05
0.0083531707
0.006497354
0.0832484
0.14125908
0.0010651081
0.13789641
0.01176351
0.059200508
0.10751403
0.029054836
0.0027331219
0.017328995
0.0077882273
0.065624887
0.27635726
0.0060194284
0.03263402
0.0027192796
0.040772303
0.00017236867
0.060076511
0.27356207
0.15101698
0.008251913
0.013919395
0.035977282
0.022166173
0.0029773629
0.02840982
0.0017676484
0.0076380922
0.032622714
0.0076559197
0.00044689196
4.368504e-05
0.028826688
0.011991453
0.001964682
0.034835823
0.00056004846
0.61307384
0.0019671226
0.0087660495
0.088339025
0.00070719362
0.0012879763
0.0058423184
0.0014670545
0.032774283
0.33654634
0.039322974
0.14882111
0.4528857
0.77995822
0.33570717
0.63110342
0.39677101
0.6046139
0.95415572
0.42060593
0.54617682
0.26396723
3.0713447e-09
8.0194318e-10
5.6714316e-10
3.1341698e-11
1.8136843e-24
3.605207e-26
2.4090225e-23
2.2112576e-28
1.5867271e-26
6.672691e-23
1.5684249e-33
2.6680968e-35
9.1208529e-36
2.5171526e-36
1.7244601e-24
6.1859809e-38
1.1312779e-21
5.4905048e-23
1.2929701e-23
1.4777316e-20
7.4907486e-22
2.5132066e-20
2.7177789e-21
9.996568e-11
5.0448166e-10
8.0895061e-11
1.7553508e-11
2.6653457e-11
2.3303135e-10
2.0798455e-11
4.3769974e-13
4.7915205e-13
2.7655841e-12
9.1261197e-12
1.8041671e-13
5.0871797e-05
4.1061321e-05
0.00019506576
5.2629437e-05
0.008176124
0.00018042946
0.00043198004
1.3766249e-05
0.0080178769
0.00014424723
9.6231613e-05
1.1940173e-05
0.21185109
0.12072859
0.0021979649
0.05694221
0.017045133
0.036675625
0.074001988
0.06844605
1.8503836e-25
9.2283009e-27
0.0033337074
0.091260191
2.4514168e-10
0.060249004
0.0027725695
0.0010676584
5.1359663e-10
0.061685485
0.051228181
0.0013385961
0.034811787
0.00012043867
0.98749568
0.29031018
0.99931851
0.59763867
0.45851621
0.72766745
0.886816
0.29685312
0.45608023
0.59206658
0.44580086
0.65228883
0.69883934
0.96469561
2.5253755e-26
1.8533092e-27
2.0975531e-33
6.1490681e-35
8.9385539e-31
1.0034058e-30
1.1619936e-29
9.601241e-32
4.6521354e-20
1.1541224e-21
1.6248733e-21
5.3490183e-23
6.1735359e-24
1.7967427e-21
3.4072471e-23
2.0446592e-20
4.3318275e-22
6.7076497e-23
4.5129763e-22
9.3770397e-25
1.4610613e-24
1.4926461e-24
4.3196476e-24
5.1973295e-29
6.4995275e-10
2.439251e-10
6.3407891e-10
0.00042366852
1.569821e-13
1.5123357e-12
1.2474859e-12
0.0002234558
1.2930475e-11
1.4127132e-12
0.00015633937
5.269961e-05
0.00036797307
0.00077411438
0.00012262013
0.0013377727
0.00105076
0.00041304036
0.0013687928
3.1385671e-05
0.0015458378
0.00057789225
0.021565635
0.013023659
0.0011667902
0.00056473405
0.0028910178
0.042374712
1.3503691e-05
0.00037025955
0.064767271
0.0018845616
0.014883061
7.5634574e-06
0.00077287882
0.00037384853
3.4170369e-05
2.7378706e-06
3.192132e-05
1.2389379e-05
3.7607147e-05
1.0577663e-06
0.00010010637
1.3047569e-07
5.2762964e-05
7.59765e-06
9.7300944e-05
0.00010043138
7.1760052e-06
1.1430149e-06
4.316292e-06
1.1253751e-06
0.00021811095
3.5096658e-05
9.4780565e-05
9.227582e-05
1.333947e-05
9.1152191e-06
0.00022107251
3.858539e-05
0.00069091771
0.00023326444
0.00022137624
1.7094624e-07
9.1182009e-06
4.2728399e-06
0.56717338
2.3484591e-05
7.3840288e-05
4.9943071e-06
1.5018822e-07
1.2537547e-06
0.00077570406
1.5720285e-05
0.21504318
1.7494759e-07
0.0034042696
0.00069798262
7.9105193e-05
3.0382309e-06
0.00036375686
7.3091312e-05
7.3495015e-06
0.00022975155
2.5437809e-05
9.9558337e-05
0.18888393
7.9724221e-05
0.084058724
2.4610678e-05
2.3077963e-11
0.11560715
0.0042301768
3.3321874e-06
0.092083525
0.28424633
0.0003684329
0.038512943
1.3100963e-25
8.3749709e-06
1.3351306e-24
5.0586882e-06
0.15226455
1.8553808e-07
1.2121351e-07
0.56040812
2.0669816e-11
0.0069921324
7.6146038e-06
7.1920814e-06
4.6424056e-12
2.1954926e-05
0.076188913
1.9160542e-09
0.0333947
0.55416189
1.4895457e-12
0.01557899
1.6159709e-08
9.7028237e-13
0.00058116097
0.00018853182
1.6099169e-07
4.8435391e-07
5.7555877e-07
2.2395583e-07
5.7429066e-07
1.0324598e-08
1.3888959e-06
1.5121199e-07
1.4125077e-06
9.2684287e-07
8.2959541e-08
5.2405516e-08
0.0055663949
0.00019280181
0.019280311
0.015063669
0.22207303
0.10803424
0.43111799
0.22299188
0.66674452
0.28141579
0.41947039
0.15585134
0.19599683
0.15499056
0.13503514
0.18133412
0.53235885
0.19718594
0.26044653
0.8810743
0.31437313
0.33556151
0.38824397
0.40178764
0.42318657
0.31219736
0.50702316
0.85797766
0.30434035
0.39540692
0.44344704
0.51205228
0.074499026
0.13525952
0.69931051
0.52479378
0.060934729
0.52416015
0.71488527
0.60134206
0.79139456
0.9240118
0.13978374
0.68946978
0.99715179
0.69000396
0.99949109
0.99866343
0.72629366
0.99761468
0.15721109
0.52085659
0.51975643
0.7702956
0.96159349
0.43914238
0.88737861
0.87607091
0.99902313
0.71281598
0.94435073
0.68302428
0.74094486
0.63135277
0.71664879
0.5651069
0.71496402
0.35892392
0.87153898
0.53496527
0.09062392
0.2249566
0.40264381
0.35790174
0.0028625273
0.0017513095
0.008508429
0.0032711723
0.016839831
0.0066990052
0.040536025
0.022942742
0.0054427542
0.0021456525
0.048155589
0.0010059452
0.015661268
0.019234894
0.017531355
0.02602162
0.026906386
0.0055147319
0.017758724
0.010213277
0.073937023
0.011959511
0.023098447
0.0022645869
0.025792415
0.032756566
0.17974648
0.0011020245
0.00079209206
0.0048982775
0.128646
0.074664084
0.01787781
0.017264364
0.11282166
0.00059937901
0.047444667
0.018965067
0.0066860363
0.022133925
0.10204147
0.17516653
0.10341384
0.25948785
0.31122271
0.10491316
0.22394399
0.15886886
0.63333298
0.09300331
0.22488408
0.15897246
0.10634698
0.085184067
0.0028191787
0.0043993744
0.054562421
0.29390656
0.40950986
0.16964606
4.4552764e-12
9.1417777e-12
3.0625851e-06
1.1168371e-06
2.6291318e-09
8.1111094e-08
1.9077236e-06
7.0987797e-06
9.7309899e-07
2.8089675e-08
1.2661453e-09
1.4225665e-07
8.2542854e-08
3.5381823e-10
1.0442382e-07
4.1132883e-08
2.3866209e-08
1.8868405e-09
1.3299163e-08
1.6745507e-08
2.6386682e-08
1.4024167e-08
4.8513314e-09
6.4487992e-10
2.5031015e-09
9.012425e-09
8.1666753e-08
5.0748729e-08
1.6919531e-09
1.849065e-10
3.5679149e-10
6.5033101e-10
1.4589929e-09
6.1694127e-10
1.7573713e-09
5.639564e-12
1.0227442e-10
3.4584234e-11
0.0006733701
0.00024329422
0.0024930978
0.00022720905
0.00061259718
0.00055021533
0.00066497207
0.0011209143
2.3311689e-08
0.00021284886
0.00098990829
0.0022801837
0.0034431491
1.3799226e-10
6.2974506e-07
1.5628269e-05
0.00055664487
0.00025361789
0.001709889
0.0026668124
0.0010503645
0.00073932876
4.8577831e-08
0.00090398468
7.9337689e-05
5.3957264e-05
1.0516846e-07
1.7787384e-05
4.6625781e-10
5.8340074e-09
1.1191854e-10
1.7318551e-05
0.0017270253
0.0053396184
0.01205195
0.0017152192
1.5221652e-07
4.7413145e-09
6.9363229e-09
1.7817386e-10
0.25643293
0.018225666
2.2102817e-08
2.7410557e-06
0.0034656729
0.0017086245
0.005448936
0.0078654578
9.8269605e-09
0.010578954
1.6761971e-11
4.1146183e-11
0.074783068
0.087168504
0.016947693
0.010659537
0.10132496
0.00090494348
5.9320679e-05
1.6325414e-10
0.00026837755
0.017590883
0.049530595
0.077796248
4.0111688e-07
2.5573908e-06
8.1266738e-12
0.057494832
1.4026625e-06
1.5569543e-07
1.0735625e-08
9.5173909e-09
0.020411937
0.01393781
0.03760195
2.3753878e-09
5.1109565e-08
1.8234958e-10
0.11101643
0.12928579
1.9160352e-07
1.9837915e-05
7.5048312e-09
0.10549723
2.5827676e-06
0.058468068
0.0018183353
6.2576833e-07
0.29630576
8.0318452e-08
0.0099644131
0.0019596668
1.3691291e-05
0.00054888132
0.0007256618
0.00066949271
0.00034529609
0.00026422688
0.00074778416
0.0011089236
0.089786656
0.032727949
0.0011155337
0.0029152994
0.00182751
0.0015911595
0.029693303
0.0018918117
0.21622753
0.27417373
0.21197269
0.30376876
0.38482147
0.38373405
0.27648397
0.99890113
0.038802114
0.037011439
0.037911943
0.0049138707
0.0024722249
0.056999529
0.047145403
0.18242785
0.081201437
0.004035038
0.016942795
0.0029759787
0.0091135879
0.26918991
0.24044498
0.14309667
0.069726274
0.051017113
0.085270793
0.1599532
0.04939901
0.035308286
0.95083282
0.26093409
0.14214123
0.40817923
0.62839501
0.29600468
2.2854045e-11
0.94917196
0.29537974
0.006852885
0.63863845
0.69052898
0.88313223
0.43008739
0.99877624
0.76707807
0.52843736
0.77296813
0.77023593
0.45643617
4.5846013e-12
0.4568328
6.937504e-06
0.088850596
2.4916002e-07
3.5200857e-10
0.00453625
1.7965785e-11
0.037352425
0.11156916
0.032336155
0.13013027
0.45992247
0.087386945
0.17515969
0.16505903
0.47623796
0.18014791
0.19600209
0.35354931
0.1663782
0.25658408
0.16597566
0.24538172
0.29486691
0.5774747
0.31875454
0.19860411
0.11085773
0.13018527
0.68677245
0.27700617
0.31891565
0.70298701
0.37971456
0.57739761
0.58277969
0.2047277
0.32167492
0.45042794
0.68661707
0.19429383
0.35387951
0.52657882
0.27215532
0.18056191
0.53181592
0.014526036
0.31691286
0.1922752
0.24560347
0.064675034
0.32071776
0.091435299
0.074588884
0.1127682
0.5207691
0.45060431
0.37691138
0.32281075
0.23033092
0.39657338
0.48222313
0.41638863
0.48862914
0.52406664
0.96503661
0.19410524
0.13681974
0.054326308
0.21069946
0.23117569
0.4175995
0.56392208
0.13712823
0.010564833
0.16606259
0.26013974
0.26019346
0.3478832
0.020300553
0.47856181
0.38525611
0.16546958
0.10237355
0.34226221
0.47611718
0.68286317
0.34004535
0.096489145
0.033541531
0.41329386
0.72177033
0.60232818
0.59118381
0.58688701
0.59691013
0.99917353
0.56344614
0.73851703
0.75962549
0.74144793
0.66792546
0.94644318
0.99606186
0.72879618
0.99928223
0.91597498
0.0088011411
0.0039779523
0.060339234
0.061389907
0.004578163
7.4976273e-05
0.16541426
0.0060972626
0.062872606
0.41014929
0.0043425894
0.2228387
0.020573746
0.074611103
0.061844184
0.038404725
0.019516557
0.9983182
0.22018399
0.94960282
0.64445449
0.99613567
0.99887065
0.99718896
0.79244359
0.65245541
0.28657997
0.31864712
0.40865053
1.8682642e-05
2.5533344e-06
3.9784863e-09
2.4699869e-09
6.2557792e-11
8.7030798e-10
2.1447237e-11
5.6704832e-12
7.6108063e-12
2.6140904e-11
0.7288801
0.56038988
0.86860214
0.58368416
0.070485896
0.11587013
0.12688374
0.081975403
0.06785116
0.11126673
0.15772286
0.14218055
0.21026164
0.22879957
0.24625824
0.20389239
0.032199168
0.057895734
0.22972961
0.31622784
0.24546158
0.2561977
0.091729654
0.10521241
0.44817919
0.027518339
0.042008225
0.017049285
0.47005694
0.45566011
0.78470578
0.25984564
0.77217032
0.72631051
0.90393385
0.77102382
0.88343888
0.99904241
0.8779156
0.61219987
0.61954869
0.99915617
0.89373847
0.91554152
0.68315162
0.62632416
0.67310589
0.097440984
0.7950882
0.74189572
0.53710246
0.72390781
0.99890171
0.99876813
0.89660811
0.45315981
0.58728391
0.57741446
0.60862006
0.56944909
0.56232182
0.72705242
0.4652286
0.898186
0.74189925
0.3931365
0.19899453
0.98173871
0.87676516
0.53602592
0.46239005
0.013973573
0.42853658
0.68647589
0.43202257
0.42625723
0.097032885
0.00031241496
0.0046420169
0.00041932289
2.8605348e-06
0.41206733
0.96841124
0.41122104
0.90097591
0.68793941
0.64681784
0.51365855
0.29905496
0.000371948
7.0900447e-05
5.5364483e-09
3.6062271e-10
9.5501081e-11
1.3815259e-10
1.1535983e-11
1.3107313e-11
6.1432431e-12
1.4854353e-11
0.15012139
0.6804508
0.060689773
0.029234742
0.064024903
0.03836416
0.023778225
0.33964958
0.31548236
0.35171381
0.54048587
0.33781656
0.25231481
0.31618316
0.20157133
0.17992784
0.14985079
0.28153116
0.14579488
0.46954728
0.34677254
0.39552462
0.25084978
0.8859441
0.99958366
0.69740583
0.30598724
0.34539948
0.00041614358
1.0959996e-05
1.2537414e-05
0.00019797938
0.99786432
0.063632921
0.86728896
0.99235597
0.56584143
0.45151436
0.00036344323
0.00021530902
0.0012559998
0.0021133477
1.4836817e-05
4.8973182e-05
2.5665873e-08
9.8758968e-09
8.5282738e-09
5.8773215e-09
2.3946084e-08
4.4555469e-10
9.916933e-08
1.3818943e-05
3.6593666e-09
3.4895911e-07
2.1949319e-08
1.0430303e-09
2.3784644e-11
2.8660488e-10
6.225306e-12
0.99873735
0.81334062
0.82903546
0.63731915
0.99870834
0.84503162
0.06561917
0.060585691
0.040263527
0.042749412
0.039617722
0.0078510662
0.074929405
0.033190698
0.0204227
0.019250175
0.07515232
0.019578512
0.092906846
0.096147529
0.01613399
0.0052217405
0.041348805
0.076962652
0.00036987995
0.0064247626
0.06980597
0.029868607
0.0046556438
0.001362723
0.030252853
0.015959664
0.011309867
0.0078352067
0.12369409
0.070916791
0.06627957
0.093523096
0.18408223
0.22250383
0.049144409
0.096823369
0.12421575
0.11791972
0.12510461
0.31488496
0.2254326
0.026448189
0.12273627
0.1717318
0.18030533
0.17074975
0.097019146
0.076794035
0.18242273
0.30097958
0.050060329
0.078280442
0.29749192
0.23366767
0.28119013
0.34807601
0.99904259
0.99714416
0.96212517
0.31319133
0.53980648
4.6832101e-08
0.51123084
0.4980426
0.22257013
0.00058261261
8.0001136e-05
9.2092102e-07
0.00015927874
0.00028045928
7.6787054e-06
0.000209969
3.1697741e-08
0.00040431301
0.0013617695
0.46495719
0.55473356
0.00011329028
2.7688061e-06
7.2781077e-05
6.7581296e-05
5.2253835e-05
0.0001679471
7.7140931e-06
1.4962403e-05
1.4731147e-05
6.6152184e-05
8.5527267e-06
7.1949586e-06
0.0077692829
9.0582763e-10
0.014436644
0.017259659
0.019996766
0.012887538
0.0098349955
0.022885771
0.012899872
0.019181643
0.019720497
0.0005896339
0.0013349913
0.0016281756
0.0025371143
0.006536987
0.0025702616
0.0024815562
0.0014837327
0.00091738406
0.00058221814
0.0025077691
0.048748824
0.0014750949
0.00051681434
0.0015100257
0.0001178576
0.0036139919
0.0053897354
0.12903235
0.11898261
0.33378469
0.24337266
0.21159194
0.22432962
0.00011073795
0.9993304
0.0029598773
0.52446078
0.67848362
0.75438585
0.7163517
1.2361802e-09
0.39395963
0.0047796998
0.37536858
0.60378511
0.31162404
0.43121937
0.33385181
7.9951355e-07
3.2192737e-06
9.2996013e-12
5.756476e-09
0.00068046185
0.034036457
0.00011522429
1.5589333e-05
0.00042353838
0.00021911308
0.00023596165
0.0001197743
1.3816229e-05
6.3011888e-05
1.1237406e-06
6.9837481e-06
8.6331832e-06
0.00013846252
2.8562033e-10
6.1606238e-09
0.01014821
0.0029945181
0.017963615
0.01064884
0.0037193863
0.0077824034
0.0052436298
0.0095443514
0.052990152
0.37176336
0.045895292
0.0029220365
0.017555466
0.013514922
0.0053346358
0.0028857655
0.017823271
0.030518436
0.0092901002
0.0047090689
0.0021893258
0.0015046844
0.16280034
0.2838488
0.0092056174
0.0013432886
0.00092439027
0.0021045826
0.0019859767
0.00093220897
0.37355036
0.50118186
0.37414721
0.39055919
0.15154123
0.39728158
0.2985376
0.49697348
0.31296674
0.49964591
0.046518089
0.30187591
0.16555262
0.12936097
0.13050032
0.21592937
0.14645797
0.17535688
0.30966227
1.7667752e-15
0.31317685
0.17558972
0.22631207
0.14584226
0.2214704
0.31590009
0.22545792
0.73160789
0.19760358
0.50571784
0.92863885
0.50984842
0.11050788
8.643847e-06
8.4673409e-08
4.9071813e-09
3.6071338e-08
2.6525992e-10
1.0183888e-12
1.2679527e-09
8.4536525e-12
7.4340514e-12
2.0418023e-11
1.775288e-11
3.7655667e-10
2.7951168e-08
3.8099716e-10
4.4406276e-14
1.6432708e-14
3.5156363e-10
8.5559839e-16
1.6451606e-05
7.0701733e-06
1.312868e-05
8.1722299e-06
3.4842993e-06
2.5390724e-06
3.3911838e-06
1.0313742e-06
3.5944789e-06
7.1447848e-07
5.1870074e-06
3.3481846e-06
1.3779448e-07
1.0295349e-07
8.7224809e-07
1.1414652e-06
1.4687543e-05
2.6624235e-06
5.0128601e-10
3.0644735e-10
2.0401186e-09
3.1624079e-10
8.7068643e-10
1.0092167e-09
2.6797845e-09
2.0580259e-09
5.1579206e-10
7.0217956e-11
9.1669358e-10
1.3190258e-09
3.8453313e-09
9.8765867e-10
1.0589809e-09
0.01804473
0.029744043
0.11717165
0.08664413
0.12098096
0.08538633
0.11857535
0.14652531
0.12198765
0.015826247
0.094042258
0.047662759
0.13256603
0.094142552
0.16156638
0.15368757
0.21850486
0.15582691
0.14969139
0.0049370268
0.23690431
0.17085505
0.38646159
0.21841237
0.30973441
0.0039557173
0.013281825
0.050113415
0.0048858784
0.0022326447
0.007030622
0.0076738742
0.013504468
0.044531097
0.014444595
0.0061305198
0.09135039
0.0060616684
0.0094339303
0.00053994068
0.015650078
0.023836565
0.0077702033
0.0030033535
0.027030101
0.023465704
0.020985515
0.018544346
0.014569673
0.011495479
0.0061727877
0.00057897646
0.046367069
0.014728178
0.0030561582
0.0009734877
0.14840727
0.01803799
0.012698126
0.011595794
0.01274582
0.008138902
0.0011757966
0.0011748853
0.021660305
0.0095872679
0.10727719
0.072798655
0.00088436095
0.001299775
0.0047667889
0.0006058211
0.00055290881
0.00052466339
0.025178925
0.049894868
0.0021090661
0.00086022165
0.0012854344
0.00097401001
0.053344455
0.071966931
0.0030273346
0.00040590077
0.0095374775
0.00033711448
0.0006383139
8.9864418e-06
0.0013387557
0.0016703415
0.0059847836
0.076851177
0.0021581698
0.00065298784
0.00059237975
0.00032518397
0.00033371176
0.00040799767
0.0047783588
0.0021487806
0.0005805742
0.00033056848
0.0011587452
0.00056902562
0.0032236751
0.00045383078
0.0012074839
0.00057505904
0.00055469184
5.4969815e-06
0.00040223435
0.00016649469
2.5677502e-05
0.00026356615
0.00045328692
4.4119003e-07
0.00033687884
0.00011064349
0.00044227521
0.00032254456
0.00033523093
0.00046814684
0.00098106438
0.00016147674
0.010142411
0.00062965951
3.9167812e-08
1.0984113e-05
0.00032818886
0.00015619066
6.8789557e-17
5.1249306e-15
4.2990896e-18
1.1067348e-18
4.4270324e-14
5.6912913e-16
2.729636e-13
8.2106852e-15
2.1571495e-13
4.0249996e-10
7.5158425e-06
5.1761882e-06
1.9764196e-05
0.00010858897
1.0042408e-06
1.0861547e-06
3.1348742e-07
4.2688387e-08
9.5040984e-07
3.73816e-07
8.9128007e-07
3.1725881e-07
5.9390204e-06
9.0594044e-07
8.1301975e-07
1.6767828e-07
2.7080018e-07
2.7160858e-09
1.7056323e-07
8.6349372e-09
8.6539762e-10
6.0906528e-08
3.2514704e-09
7.3852465e-09
0.082288701
1.5318999e-09
0.026680806
0.081686277
0.055827249
0.12088124
0.053670696
0.11165558
0.071356948
0.091515432
0.12248507
0.27789728
0.11470705
0.17117393
0.11617416
0.26666757
0.19992893
0.081921274
0.073287667
0.64314914
0.13881223
0.14833315
0.13985349
0.2403201
0.24633637
0.24106201
0.99944519
0.35185581
0.099568668
0.061881554
0.057588656
0.0061683533
0.0098409413
0.00094203043
0.00046552236
0.09196676
0.10046618
7.3477211e-05
7.3636465e-05
2.032257e-05
6.0078044e-06
6.7076682e-06
0.0001402603
1.0016139e-05
2.6800794e-05
5.6365093e-05
4.9525989e-07
3.1240385e-05
6.4552629e-07
4.5872879e-08
2.5736333e-06
5.7630558e-06
2.2922432e-06
1.0074621e-06
7.9636565e-06
1.8704783e-07
6.256989e-06
2.5409924e-06
0.00011859087
6.1632304e-06
2.7580639e-05
0.00032559084
0.00016976234
0.18929997
0.30924251
0.00015912847
5.8225277e-05
6.0643454e-05
6.8363796e-07
3.0763827e-05
3.1765238e-05
0.75637496
0.89145232
0.8171023
0.49976266
0.54570344
0.54764399
0.62118171
0.46275066
0.41010356
0.4028343
0.60478592
0.9651814
0.73086787
0.29322285
0.82356849
0.99961821
0.75523609
0.66682693
0.72123961
0.46741264
0.90411053
0.91052236
0.40800534
0.35281706
0.39910813
0.21438358
0.88247739
0.75084441
9.7475337e-09
2.5408166e-11
7.2673886e-08
2.3553945e-16
1.8976916e-14
1.9497356e-10
1.9171334e-11
6.2569707e-06
2.7361745e-06
8.1668101e-06
3.0086172e-07
9.4799763e-07
2.793405e-07
1.460344e-05
2.6706643e-06
0.00025794746
4.8126918e-06
1.9863887e-06
2.9787234e-06
3.5067686e-07
8.0220985e-07
2.5102659e-06
9.2782515e-07
2.4078966e-06
1.3586041e-08
3.2627176e-06
3.2615165e-05
1.9704766e-07
2.8594996e-07
2.611945e-07
8.8344369e-06
2.9362065e-06
4.8750925e-07
9.6239486e-07
5.4170512e-07
4.8795246e-09
1.2781528e-07
9.8359709e-07
2.2607741e-06
3.9170489e-07
3.5963578e-07
1.2865656e-07
1.6308061e-07
3.6804164e-08
2.1161988e-06
9.6095318e-07
1.9875497e-06
8.6715707e-07
7.3440633e-08
2.7372412e-07
1.2366841e-07
3.6126044e-08
2.3563986e-06
7.5294765e-08
1.6769187e-06
1.2318496e-07
6.6450991e-08
1.7258973e-07
2.7036197e-07
9.0501298e-06
9.6256169e-07
1.6446718e-08
4.5517282e-09
1.7017999e-07
6.1180654e-08
1.1943022e-06
2.7326019e-08
0.0014884591
0.00030063288
4.861354e-07
1.9278391e-07
2.2357422e-07
2.5483245e-07
1.059508e-05
3.042065e-08
1.5791719e-08
6.6241395e-08
1.7221155e-06
5.9214302e-08
9.3948158e-05
3.9261676e-08
6.4537621e-08
9.1579286e-08
9.3868903e-08
3.9920195e-08
2.1699167e-07
6.586358e-08
1.6298768e-08
6.2023541e-08
2.7404768e-08
1.4405919e-08
6.1108904e-08
6.1890155e-08
1.3755482e-05
6.4622687e-06
8.2608833e-09
6.5765746e-08
5.0459517e-08
5.4896616e-08
3.4767193e-09
8.4604194e-09
7.3075115e-09
1.6357519e-08
2.6097815e-09
0.15058788
0.082282574
0.17479869
0.1254404
0.11615939
0.17792381
0.17731224
0.042154243
0.12105197
0.086887651
0.19797311
0.127265
0.37624611
0.28923562
0.17682098
0.21263711
0.27516968
0.1045158
0.30693335
0.042196333
0.15760466
0.21760323
0.38914104
0.22089859
0.056002604
0.2915797
0.41143055
0.27641851
0.056175174
0.033088072
0.17525156
0.086746408
0.2948027
0.1438006
0.28162003
0.38541711
0.27474109
0.42986556
0.38004801
0.18826932
0.092862393
0.061004362
0.041656108
0.042437962
0.062704669
0.062336944
0.16410711
0.0026595338
0.06273021
0.026650962
0.0079580972
0.018319496
0.040926523
0.026084127
0.021043469
0.033280464
0.014163112
0.010072928
0.02114519
0.018190259
0.12455816
0.11208532
0.30527409
0.15793244
0.21149126
0.24718269
0.6756823
0.59808666
0.48377089
0.54788712
0.17635344
0.12437604
0.41308668
0.23903969
0.24979081
0.29827437
0.40891689
0.46094444
0.60742214
0.99802933
0.21996485
0.24294075
0.40490524
0.7330878
0.4855328
0.28267899
0.11324311
0.077913743
0.26104413
0.35421098
0.76244785
0.41084249
0.51159789
0.23717281
0.54688708
0.35338099
0.45488603
0.59826872
0.68480936
0.89015882
0.76516303
0.73186993
0.24128866
0.16512083
0.29869226
0.54359294
0.99921445
0.8917539
0.99857411
0.80022071
0.88699247
0.75778511
0.75844206
0.96130098
0.77940069
0.79231016
0.60503833
0.55348521
0.26489304
0.16609003
0.10430691
0.99936011
0.94080072
0.89993254
0.38276748
0.3597967
0.0007565488
0.24083273
0.55337825
0.64566052
0.28510342
0.50705497
0.26514096
0.234494
0.22640649
0.1740695
0.47841964
0.99908494
0.23953683
0.003414382
0.77222406
0.28760783
0.51742538
0.092068182
0.23634564
0.94820536
0.49972302
0.39425017
0.36210735
0.30442964
0.14114232
0.19750932
0.35265901
0.89250751
0.71846551
0.14404232
0.35513418
0.16843625
0.13989087
0.11305288
0.16288862
0.95323872
0.76959693
0.99900417
0.71915789
0.60182225
0.99767562
0.64782981
0.41831359
0.36736502
0.58831051
0.5011351
0.74771397
0.68603902
0.40440575
0.38548442
0.51003757
0.11093611
0.32667885
0.34066359
0.60821004
0.25427169
0.19710034
0.33852224
0.41588075
0.7447558
0.53705491
0.95152076
0.38949862
0.075083856
0.94996276
0.99955182
0.24806345
0.42958011
0.71695875
0.36305138
0.45867715
0.099408589
0.065804783
0.20363932
0.031228525
0.042230296
0.057114651
0.00026332052
0.00041450392
8.4488412e-05
1.520376e-05
0.00016877956
8.3037845e-05
0.00017394625
3.6379617e-05
3.4175947e-05
0.00023974261
1.9173795e-05
2.007441e-05
1.9465628e-05
6.5455991e-06
3.8845146e-05
1.0095672e-05
1.0501765e-05
4.7553339e-06
0.011615946
0.0060555785
0.0046532337
0.0036719295
0.0042202273
0.0016851196
0.014727591
0.0042985605
0.0042213523
0.0011957625
2.9322072e-05
3.905839e-05
0.0021913555
0.0022157466
0.0014880288
7.759963e-09
0.31554746
0.40567557
0.6477226
0.99746833
0.67647871
1.4851342e-05
2.3576597e-05
7.458984e-09
3.8024332e-09
2.8832493e-09
1.444608e-08
3.8475493e-09
1.3877102e-08
3.1686292e-05
2.6291613e-07
3.9462226e-07
3.588203e-08
5.5166625e-07
4.185006e-08
1.943261e-07
1.1161649e-07
1.8613866e-07
1.3328615e-07
6.3904352e-08
1.3630073e-07
3.1948893e-07
1.5479293e-07
1.1157828e-08
8.3427388e-09
6.8921983e-08
1.0502266e-08
2.7220401e-09
1.2218552e-08
1.309326e-07
9.2426666e-09
3.4835794e-09
9.8250198e-10
3.5850493e-09
0.076391993
0.052731567
0.013154963
0.0095175256
0.046739238
0.0022934619
0.0043162912
0.0094634931
0.013106272
0.011701644
0.19793767
0.21887517
0.75945782
0.9989322
0.55939525
0.56571254
0.08042068
0.10383208
0.36738067
0.47901347
0.39635841
0.33783776
0.23757434
0.25659236
0.32906825
0.055969321
0.91208391
0.99919555
0.53928455
0.73309767
0.61770507
0.00041424127
0.00023336435
0.0043882509
0.0021615698
0.012632737
0.056481785
0.0023312379
0.0021294666
0.0011967852
3.2231271e-05
0.0049657234
0.00049841849
0.00024392276
4.7824404e-07
3.8688482e-08
1.4453815e-08
7.7125848e-06
1.0247283e-06
5.0825049e-07
3.1050931e-07
3.0153207e-08
2.8757775e-08
0.68451625
0.57705537
0.080913216
0.095468855
0.078242295
0.021000365
0.095224785
0.14331313
0.071333683
0.05676148
0.24581179
0.0065957431
0.11246729
0.037677545
0.12561199
0.15574188
0.010090294
0.015113383
0.055745191
0.036666494
0.023780518
0.043206664
0.0098748112
0.012504823
0.10596114
0.071645336
0.45753485
0.10609337
0.78256449
0.72219979
0.72289434
0.99885206
0.99900793
0.61323161
0.61336936
0.99907226
0.52345279
0.73743679
0.25066943
0.62922606
0.6193001
0.71911433
0.59982027
0.14327803
0.3891706
0.56373251
0.52020185
0.57154669
0.46860946
0.50196623
0.62411328
0.73058792
0.92579316
0.20554771
0.47197464
0.41568822
0.99935768
0.80769754
0.65348117
0.20944003
0.78346187
0.24358204
0.46107351
0.60663133
0.098652656
0.13274341
0.00069902888
0.14958778
0.1518537
0.15543046
0.0023164244
0.0043756645
0.15110858
0.45501325
0.0023031734
0.0052164719
0.0011881139
0.0033996262
0.0049587895
0.00076608811
0.0011634721
0.037538084
0.0081983193
0.0021360374
0.0044833118
0.0049506364
0.0053122688
0.0021618063
0.00070642196
0.010337911
0.024549657
0.0081572122
0.015519219
0.0052684637
0.0022190393
0.0082388596
0.012544272
0.0074832421
0.0081191541
0.015766268
0.0066092837
0.023437147
0.02172124
0.036182292
0.022571794
0.047087051
0.019704025
0.009801182
0.014521455
0.04356085
0.014337294
0.020954361
0.017257601
0.065413576
0.021285115
0.095671778
0.044145822
0.014375229
0.020811892
0.031529072
0.021343298
0.0082918121
0.0088112724
0.046764927
0.081395862
0.086478984
0.032636135
0.041156367
0.024961368
0.032509228
0.025470872
0.013769081
0.013423281
0.043210766
0.024967034
0.10561778
0.13262209
0.043519565
0.03617705
0.092223783
0.013898221
0.046495424
0.012223101
0.038551919
0.0018057002
0.025664454
0.013622315
0.017470573
0.011963438
0.0018499632
0.0041888993
0.0059990536
0.011895107
0.00063124021
0.00084012646
5.7716069e-05
9.0901267e-06
0.00026761008
0.00011817216
1.7668934e-06
1.295383e-06
3.0178328e-06
1.4194919e-06
8.9878717e-05
4.6574147e-06
2.9940961e-07
1.1906224e-07
4.2107467e-08
1.0477028e-07
0.077924793
0.043366809
0.098776636
0.078198096
0.92868171
0.91468143
0.12585848
0.10486501
0.6820062
0.56665811
0.49604078
0.74984219
0.21251968
0.0038408286
0.057481843
0.24137558
0.35022265
0.074339295
0.10693471
0.13395915
0.15993489
0.05562313
0.037933094
0.18217607
0.085045934
0.21085043
0.18964014
0.18771919
0.08464416
0.045642652
0.045043122
0.13810879
0.10389291
0.058505413
0.072149999
0.069561605
0.061290109
0.074782682
0.041590032
0.044002799
0.034606316
0.071998763
0.11139949
0.10665829
0.041625262
0.14233324
0.078073204
0.024828677
0.026593469
0.25686041
0.014311324
0.25612846
0.13430119
0.10560777
0.17933505
0.154342
0.15658919
0.11099278
0.20672287
0.20378907
0.066544918
0.04729266
0.0049052165
0.0087293795
0.0006468475
6.0233073e-06
0.021089983
0.012223759
0.00014699596
4.8038713e-05
0.00016363674
5.789197e-05
5.6979591e-06
2.9512463e-06
1.7422665e-06
7.8712937e-06
0.00027817605
0.00011308448
0.00025884187
9.3470992e-05
0.00089578944
6.7024228e-05
3.7634525e-05
3.061792e-05
0.00067023429
8.2939222e-05
0.00075547652
0.00025192702
0.079717658
0.061395385
0.054953351
0.062046884
0.057949651
0.85308577
0.038064546
0.046826624
0.059132287
0.11839079
0.086615815
0.0049723358
5.1801205e-05
0.019364294
0.0158435
0.023722563
0.0236344
0.62055757
0.55594518
0.2594039
0.18920499
0.32514021
0.32316523
0.36906706
0.13659566
0.077780156
0.10475288
0.06137248
0.07044301
0.0081925345
0.0017787612
0.0060692811
0.0039545422
0.00092006647
0.0013041922
0.0045917066
0.0021483294
7.3733012e-05
0.00020849743
0.00055284279
0.00011986103
0.0013095382
0.0022798306
0.00092151179
0.00053831089
0.0006905526
1.2728582e-05
0.0002164872
0.00064401494
0.00017082996
1.3240007e-05
0.00011802928
0.00026598535
0.00017841914
6.9103434e-05
2.4704058e-05
8.1973295e-05
0.00034204783
6.5866792e-05
9.5071196e-05
2.9136176e-05
0.00093115769
0.00022770133
2.4695602e-05
3.0487965e-05
1.7944242e-05
2.0682994e-05
0.00016958278
0.00016880545
7.4056466e-05
9.4289448e-05
0.0005220391
0.00022523172
2.1226001e-05
2.7993731e-07
0.0021916169
0.00011757285
2.927382e-05
4.2199522e-06
0.00064039524
0.00039194358
0.00045041375
0.00037910039
3.2707562e-06
2.8680387e-07
1.312067e-05
4.1389628e-06
5.004459e-06
1.4684287e-05
4.9455596e-05
3.7621115e-05
2.0989304e-05
1.5234029e-05
3.6656303e-05
1.2916972e-05
2.1348061e-06
4.7454953e-06
3.0586625e-07
1.1030831e-06
3.7294305e-06
2.0800417e-06
1.0444113e-06
4.5094621e-06
8.9608563e-07
3.0499103e-07
0.095630161
0.080440748
0.7350603
0.61448161
0.05492837
0.059010101
0.038946916
0.014178379
0.023650586
0.019287543
0.34980931
0.43769376
0.24181702
0.20589301
0.26056014
0.33036928
0.55181008
0.51410213
0.20649214
0.051157384
0.1924293
0.10083616
0.0082151562
0.0045161362
0.011909502
0.010550042
0.00960903
0.0073241121
0.0017377374
0.0012799833
0.00053389735
0.00045140674
8.0386399e-05
3.4159093e-05
0.0016711385
0.00052258911
0.0095931078
0.00065266449
0.0012821097
0.00069618177
0.00068399626
0.00035505321
0.0017468323
0.00035811615
0.0020401782
0.0017803072
5.9885799e-06
0.0020225162
0.0043956354
0.0011531374
0.011462491
0.0022273017
0.00094131984
0.013838268
0.0020474952
0.0045175425
0.0019389646
0.0050443213
0.0016342305
0.00023473186
0.0050188415
0.0021280065
0.00016853445
9.7828818e-05
0.0003766845
8.9938569e-05
2.8445519e-05
0.0001762884
2.5955962e-05
0.00023474885
0.00038665936
1.2356887e-05
2.3894971e-05
0.00030644363
8.7863726e-05
0.00035177273
0.0011591491
0.00017710963
6.2043895e-05
1.5588543e-05
3.8321474e-05
3.6103287e-05
0.00011612418
0.0039569444
0.0019401439
0.002127677
0.0046268096
2.9320023e-05
1.786727e-05
3.3295714e-07
4.7885579e-08
2.8382737e-07
1.0542156e-06
0.74967063
0.65420056
0.82736526
0.99894146
0.7089199
0.51557691
0.72598921
0.32185762
0.85272693
0.55951491
0.9984262
0.90710216
0.60602625
0.45036194
0.036537576
0.024145437
0.10124778
0.020158146
0.0097570985
0.0070449756
0.0050939382
0.006970436
0.011528201
0.0096609783
0.25486602
0.32075443
0.4561577
0.36566381
0.13568181
0.71798007
0.17870128
0.36820792
0.15393421
0.11142199
0.19087902
0.079039364
0.11133064
0.10242122
0.014079296
2.1334413e-05
1.5608715e-05
0.00012311127
5.2211662e-05
3.5903296e-05
9.4938376e-06
8.8351046e-07
2.8024426e-07
1.3810182e-06
9.383958e-07
1.1567194e-07
1.0838313e-07
3.7478303e-06
3.7109482e-06
6.585531e-08
0.76942718
0.39120484
0.78233385
0.90382375
0.70371063
0.99912959
0.86910346
0.99895918
0.70332667
0.78450853
0.57174576
0.5438832
0.63285833
0.48988175
0.81302321
0.87523849
0.7761854
0.58133815
0.53627625
0.62645129
0.12973481
0.34743429
0.57901722
0.49459074
0.13078936
0.023264925
0.047059727
0.014749919
0.001920446
0.0021135186
0.0092212197
0.0052451503
0.0072156092
0.012089087
0.00507825
0.0063220858
0.006276663
0.010841834
0.0050587279
0.0042799358
0.24503031
0.19420434
0.28857932
0.40716859
7.2488095e-06
0.17926496
0.023119379
0.045469439
0.084039859
0.17821645
0.13572487
0.15523058
0.018539842
0.069928079
3.7520952e-05
8.5347586e-07
0.055458304
0.03875342
1.3562934e-05
6.0869899e-06
3.642082e-06
6.1874505e-05
3.8640464e-05
1.5474494e-05
1.6228719e-06
7.4127518e-06
3.3577533e-06
2.3763331e-05
1.4979166e-06
2.2241243e-06
7.3864803e-06
1.1769525e-07
1.2475467e-05
0.49987476
0.41586131
0.41103498
0.28850563
0.39099793
0.2467406
0.32619562
0.41093379
0.2552612
0.43494078
0.32521569
0.50162734
0.53858374
0.019602404
0.016177098
0.0019427272
0.0028864542
0.0093998682
0.007060764
0.013655486
0.0022762295
0.0090577031
0.0040527213
0.0091678968
0.0041447689
0.0024426139
0.0011246754
0.014679767
0.011609852
0.018266306
0.0075806482
0.007408384
0.026242736
0.023355512
0.043410421
0.0303194
0.051043885
0.019823735
0.013241066
0.016671651
0.011774579
0.01664368
0.0029324283
0.013701564
0.0038927399
0.047317198
0.029777508
0.24251772
0.2653316
0.14091277
0.19409557
0.14122819
2.5657337e-05
3.8433e-05
1.6065582e-07
8.3777675e-07
3.8138239e-05
2.8291833e-05
4.493647e-05
5.2141631e-07
8.9645175e-07
3.6373149e-06
2.1634879e-07
1.0258163e-07
4.7664391e-08
5.2946089e-08
5.2121367e-08
0.36707185
0.3433361
0.0028808891
0.0020178005
0.0023963862
0.0040763484
0.0014878234
0.00098713846
0.0072289199
0.0072161773
0.001086126
0.00542303
0.0042080503
0.00090228647
0.00091155324
0.0011222384
0.0040864142
0.00089730253
0.0022748356
3.7752274e-06
1.5395481e-05
3.0165784e-05
1.5719827e-05
6.0470128e-05
3.8520428e-05
9.606501e-06
2.4537466e-05
3.5943303e-06
9.4882555e-07
6.1392913e-07
9.5346109e-07
4.2665132e-07
1.2502558e-06
2.3037725e-07
1.6669715e-06
2.2468756e-06
1.4966897e-06
2.1683207e-07
5.3389512e-07
1.3484075e-05
3.7331537e-06
3.2747723e-07
5.3147258e-07
1.7707653e-07
9.6627959e-05
1.759349e-07
1.5474774e-05
0.0022555057
0.00033649216
0.00068674778
0.0021067842
0.0010104379
1.9652711e-07
6.354979e-07
6.3859355e-07
2.3449691e-07
0.00040471489
0.00051644
1.0643672e-05
1.7351899e-06
0.00036451609
0.001910957
0.00051803704
0.00020387403
0.00067250544
0.00026349469
6.3033264e-05
0.00020667187
3.7390053e-05
2.89412e-05
0.00010777001
0.001098352
0.0023129077
0.0014894818
0.00056932999
0.0010814769
4.4176571e-07
6.4202651e-07
4.2678578e-07
1.6108064e-07
1.5455646e-07
2.9255372e-06
2.1173646e-07
1.2258849e-06
8.2831483e-07
3.2218048e-07
1.1889982e-06
1.3660791e-06
4.494389e-05
9.5030198e-05
9.7964943e-05
6.2512207e-05
0.00033961088
9.8499525e-05
0.0005669616
0.00051854178
3.7087474e-05
4.2701182e-05
0.00010594728
4.3850705e-05
0.0001885541
0.00020246356
8.1001826e-05
3.5667987e-05
6.7384362e-06
1.1791098e-05
1.1003341e-05
9.3769258e-06
1.4783032e-05
9.9063212e-06
1.0753172e-05
1.0080027e-05
1.0937e-06
5.0208389e-06
3.2530311e-06
1.8857496e-06
0.00069134362
0.00020276169
0.00094551123
0.00031134009
0.00094661371
0.00010487595
9.6590057e-05
0.0001035093
2.6598242e-05
0.00018979976
5.9222852e-05
0.00068108143
0.00049699662
0.00025781486
0.00040649858
0.00068629339
3.6023902e-05
1.2481933e-05
4.2897557e-06
2.5863893e-06
6.4191904e-06
3.5494912e-06
9.9905131e-07
1.3197753e-05
5.9304448e-06
6.3080368e-06
4.3325549e-06
3.33013e-06
1.0654014e-06
6.2492561e-06
4.2520153e-06
8.5991201e-07
3.5833178e-06
1.2317175e-05
1.9867653e-06
8.185807e-06
1.9244678e-06
3.8092892e-06
1.9586942e-06
4.2966425e-07
7.0003132e-06
1.0799866e-13
2.5915047e-13
2.8912536e-05
0.00019582618
0.00059173843
0.00093040588
0.00039837588
0.0013873861
0.090025498
0.091697551
1.0329282e-17
1.8863815e-19
5.5323694e-13
8.7412256e-12
1.5333673e-13
2.518732e-13
1.3220175e-06
2.2749704e-07
3.2005651e-12
5.4300531e-13
9.161751e-15
1.1626747e-15
1.2089807e-15
4.6861037e-15
1.0818262e-15
6.9029541e-15
3.659024e-14
4.5201165e-15
1.945511e-06
1.5303472e-07
5.5697822e-07
1.3830447e-06
3.3011597e-16
1.5620642e-17
7.2669012e-05
5.9931284e-06
0.11453917
0.16315405
0.67380898
0.95669788
0.50731781
0.93862806
0.64965894
0.55373465
0.99813845
0.60309983
0.6715496
0.18466005
0.90671828
0.25384109
0.47288236
0.3617799
0.68444988
0.95430325
0.68934703
0.51914614
0.87967593
0.99928533
0.96015424
0.75358727
0.81607261
0.9976267
0.61946587
0.68666253
0.83777381
0.43712531
0.52861582
0.70806337
0.62653645
0.24517816
0.21965807
0.99873019
0.64945722
0.65030219
0.87056554
0.72946038
0.57566006
0.94150755
0.99855358
0.64986988
0.86637346
0.65472287
0.88510645
0.48932411
0.99804222
0.50837329
0.59809255
0.0011320635
7.8665975e-32
1.1798769e-33
1.8162826e-29
7.1814452e-31
9.3333915e-31
1.1187453e-31
1.3661513e-32
1.2335327e-23
9.6281285e-23
2.4351392e-22
1.5608439e-21
2.8737976e-21
3.7380701e-23
7.2816145e-27
1.6930988e-29
3.5565721e-25
1.0260577e-25
0.00014510761
0.00058229504
7.8084664e-10
1.056663e-08
0.0020596494
0.002082167
0.0053174833
0.32636192
0.51132565
0.47158538
0.78368147
0.0011816696
0.002507032
0.0090225114
0.0070308087
0.3838491
0.87463285
0.46057372
1.2531319e-05
8.150013e-08
6.2174543e-07
6.0865358e-07
1.0528533e-08
8.7793651e-09
2.7494615e-09
0.009461759
0.0069890216
1.0998759e-06
2.6093758e-07
1.0919059e-06
3.8046726e-07
1.1107528e-07
4.1447452e-07
2.7130796e-07
1.463469e-08
7.141732e-07
3.2031806e-07
4.9131754e-08
5.2700203e-08
2.4284069e-08
9.0357197e-08
3.3795265e-08
1.4779565e-09
2.9277568e-09
8.4917766e-09
7.0349637e-09
6.892817e-09
3.6778771e-09
0.024110601
0.027431272
0.19452815
0.18461688
7.0417706e-07
1.2196964e-06
0.55920961
0.60890184
0.0031917098
0.0026170393
3.5272806e-08
1.374861e-08
4.9811352e-09
1.3501085e-08
6.3495118e-08
1.2508255e-07
0.025692361
0.024658756
0.04265719
0.015163153
0.023563361
0.025162244
0.30246181
0.3075398
0.009021469
0.014723718
0.001633718
0.0023541301
6.7630463e-08
1.2320782e-06
8.2224674e-07
1.2697515e-07
8.9603916e-08
9.6176105e-08
9.3492056e-08
0.054601131
0.043084093
0.071688658
0.10111967
0.072026344
0.12970599
0.098127122
0.084691229
0.030588256
0.054313611
0.026296132
9.9603055e-07
3.8085992e-07
3.2993963e-07
1.1355325e-06
3.8880095e-07
9.9999899e-06
4.9324334e-06
4.9963507e-07
8.5029475e-07
1.1879271e-06
4.2413213e-06
2.9778315e-06
0.28190431
0.37919718
0.6688454
0.87506502
0.99828748
0.67166131
0.4999692
0.66082205
0.99917079
0.66775108
0.95160144
0.99692381
0.75128226
0.99927947
0.74873385
0.51710104
0.5996809
4.8852739e-29
9.9340039e-28
1.7027069e-25
0.51683363
0.73954389
0.18741994
0.23779962
0.00018983203
0.00016473956
8.3381422e-06
2.5273463e-06
3.0259377e-05
5.5313564e-05
SCALARS Uy float 1
LOOKUP_TABLE default
0.11173127
0.020713476
0.056037139
0.079927203
0.077166773
0.047369363
0.0041192552
0.065744957
0.10065586
0.024586962
0.03106904
0.041099933
0.0095782601
0.020901525
0.088643242
0.04876933
0.046492911
0.07270623
0.041694732
0.062453971
0.081646341
0.022516188
0.086258603
0.0758411
0.052211381
0.084818848
0.0825921
0.078505976
0.071374729
0.022002897
0.042974471
0.042637468
0.045768894
0.050094717
0.051855496
0.084891993
0.062670638
0.086586034
0.057463886
0.063250937
0.024611655
0.088266364
0.040245058
0.035894453
0.064768004
0.032898495
0.037781088
0.030420628
0.01698868
0.042607495
0.027465528
0.04742685
0.093109454
0.019071732
0.016971743
0.059478773
0.078315046
0.054913531
0.02145827
0.019133419
0.037364757
0.071632817
0.0014690918
0.021054183
0.013101635
0.016744685
0.021868831
0.036646676
0.040031447
0.064404329
0.049543129
0.030737156
0.043976353
0.027544694
0.043246662
0.021820744
0.026250482
0.050441814
0.04622502
0.088852595
0.050199549
0.04858194
0.050582662
0.016059954
0.04751081
0.040129772
0.069630899
0.045262966
0.066333293
0.010862657
0.098568221
0.03374689
0.013240348
0.03317919
0.028878706
0.019491583
0.10781533
0.090298281
0.03682984
0.080651416
0.023302906
0.032752715
0.05351607
0.087841677
0.034880923
0.015427769
0.078830439
0.073205001
0.041007542
0.0021771122
0.096622559
0.08877597
0.026181176
0.02072817
0.08867039
0.022001954
0.07959103
0.10041886
0.082643026
0.036023132
0.048498132
0.070915844
0.057486259
0.03936161
0.025363627
0.034356397
0.039250891
0.073170317
0.050340127
0.035031808
0.042269812
0.064790739
0.048907384
0.0578409
0.032583461
0.032170902
0.085649778
0.093599775
0.03906279
0.011398076
0.054660881
0.073554843
0.037653801
0.017300797
0.028020066
0.026508812
0.03977866
0.086429313
0.052451871
0.069328244
0.065044632
0.076439687
0.029705323
0.020323911
0.057224884
0.051377375
0.060524454
0.025967977
0.044905096
0.049227738
0.068698937
0.053976463
0.052492017
0.041039253
0.035106995
0.07142473
0.044719618
0.085184101
0.057870639
0.071230333
0.048534034
0.08007725
0.09543679
0.050190903
0.055139074
0.051959182
0.040349317
0.078455839
0.080339482
0.051419578
0.046495419
0.065052569
0.097222924
0.043788857
0.070632974
0.10374103
0.10046071
0.064885487
0.067045484
0.079182998
0.076585239
0.095107129
0.086759399
0.057851669
0.055227179
0.078488763
0.093049991
0.096109456
0.10262523
0.066828398
0.058752059
0.081748565
0.086346128
0.083195794
0.073754818
0.078788603
0.092401172
0.089996149
0.086083894
0.096110565
0.068875578
0.076011166
0.065665109
0.055412896
0.042676658
0.081608458
0.083877329
0.074762703
0.092587727
0.094125696
0.065465751
0.056862162
0.057446097
0.0633644
0.057829472
0.076136599
0.085821138
0.059289486
0.053603134
0.069060481
0.075603163
0.080172796
0.090124702
0.061585866
0.063802572
0.10242282
0.085548682
0.091371152
0.048096115
0.058050206
0.057069264
0.097966518
0.085180894
0.064537023
0.064354507
0.060736041
0.038973465
0.045681445
0.059437631
0.068531515
0.095086716
0.094212823
0.072768667
0.024370005
0.058196938
0.060567464
0.052379724
0.061226692
0.035457405
0.091229611
0.063018547
0.10446946
0.10185334
0.069747243
0.064577864
0.059196072
0.099667332
0.091186834
0.11246724
0.079414973
0.085256565
0.054168755
0.097477801
0.082009626
0.089025623
0.046699756
0.056690298
0.058478488
0.055271032
0.0058228921
0.017934935
0.017601557
0.020435215
0.029429445
0.035944038
0.019273289
0.056095614
0.057999264
0.048661339
0.049013443
0.026943743
0.045353056
0.041085936
0.028144779
0.050876489
0.01413819
0.044305375
0.046236536
0.049447621
0.046075808
0.033891498
0.01365876
0.046462306
0.051390171
0.038833787
0.03749524
0.049854823
0.032632558
0.050999546
0.041202264
0.030287968
0.040058373
0.033234211
0.015832412
0.058919033
0.039806749
0.042251759
0.052711469
0.030272171
0.028609013
0.052544698
0.022636629
0.045412904
0.02588
0.063114446
0.022416293
0.035037822
0.032620524
0.028381983
0.047990328
0.037109616
0.047624651
0.018144319
0.016144936
0.02494297
0.02195182
0.022905836
0.056511396
0.045351332
0.066065627
0.050935751
0.046656224
0.041964108
0.039914628
0.030850118
0.028966406
0.023588581
0.030262177
0.032540994
0.048573398
0.047261768
0.054781271
0.054122706
0.055636771
0.060200558
0.041844857
0.035591164
0.032698682
0.017731049
0.024833532
0.016207065
0.05383645
0.042170928
0.067615987
0.068796473
0.031233068
0.023184057
0.030936011
0.025815847
0.0053226632
0.018676087
0.011920865
0.021608307
0.065233663
0.064641601
0.045632575
0.027152669
0.063995246
0.063904684
0.074139535
0.068121541
0.041284458
0.021095624
0.02211105
0.022588882
0.017830067
0.017403025
0.048823212
0.051559384
0.054955149
0.052087739
0.053197316
0.033654315
0.052716594
0.046763696
0.044020183
0.036880186
0.029283221
0.028016709
0.025721953
0.014303527
0.058423958
0.061148934
0.051240059
0.028033477
0.035635913
0.031071172
0.02756395
0.0037449401
0.013700982
0.0057064581
0.062907442
0.052876225
0.047357445
0.037509169
0.04044101
0.03513236
0.029431983
0.028094454
0.028887123
0.032887574
0.023467963
0.0097525367
0.020527442
0.031406662
0.027666371
0.012495752
0.054262843
0.057429989
0.018645301
0.048958842
0.039517268
0.036800861
0.043676798
0.0058580286
0.0092112835
0.0081776643
0.060242656
0.061690288
0.058505491
0.053257601
0.037045974
0.025939313
0.067474309
0.057287553
0.050676404
0.056448457
0.036286249
0.027314269
0.017836481
0.016972703
0.053715023
0.046783158
0.040454063
0.031782267
0.010049553
0.012628742
0.058086935
0.055924391
0.036780886
0.038158124
0.040615181
0.028530871
0.048632204
0.014751539
0.046671733
0.043034285
0.041774491
0.042425996
0.050263489
0.037624926
0.021244081
0.031247258
0.041593207
0.049235915
0.060213665
0.032786578
0.014513455
0.031971399
0.0018758067
0.032626812
0.054475104
0.042810789
0.0149905
0.0016332006
0.027643454
0.020520136
0.033214907
0.015550276
0.0060479164
0.016184332
0.011538854
0.017279147
0.022331455
0.019452912
0.00054363303
0.0088161427
0.031314222
0.025355114
0.037084314
0.038586631
0.021159946
0.023528341
0.044981043
0.052815596
0.033119624
0.022295264
0.037573445
0.037380335
0.0089226921
0.0012744395
0.013264175
0.0072707189
0.10217639
0.087818373
0.070052514
0.082015734
0.076293824
0.081814827
0.070474232
0.10620658
0.071226193
0.080346331
0.066199593
0.075031439
0.086745951
0.094018946
0.091458415
0.0990739
0.07657259
0.10068643
0.049238465
0.063593641
0.11113962
0.092099485
0.087764511
0.099142789
0.058355165
0.018046649
0.093393919
0.1169085
0.11196247
0.10004481
0.11360787
0.1147872
0.11525845
0.12077805
0.1264348
0.086393904
0.10612477
0.1027183
0.10784408
0.11918594
0.027356299
0.043990854
0.11124293
0.11932899
0.092160494
0.089378083
0.10487658
0.098164068
0.092410738
0.061820648
0.058566315
0.039773417
0.052371558
0.056785145
0.015309995
0.0043244967
0.024536224
0.021993471
0.016463066
0.010030188
0.017832349
0.017772288
0.017158975
0.015818959
0.011801307
0.016214386
0.056188364
0.04898443
0.070713042
0.066083779
0.079111558
0.075901398
0.077114879
0.073769267
0.017451743
0.023931648
0.014672349
0.026955655
0.011690602
0.01711613
0.059622387
0.057618381
0.060915819
0.066736207
0.072729463
0.065515215
0.045016374
0.046616036
0.061587376
0.056710775
0.035652439
0.044784449
0.026079939
0.0075534712
0.016719439
0.0036027238
0.0091495476
0.0039141543
0.021362809
0.025563449
0.0081438622
0.016784628
0.00021329527
0.007006747
0.013279481
0.027874783
0.040191547
0.036099423
0.055020109
0.0060138906
0.065751728
0.079194392
0.039193751
0.061018775
0.053543472
0.0062360961
0.073812597
0.062646774
0.038300504
0.038306958
0.011652056
0.010951422
0.027798827
0.03201027
0.07855002
0.064520015
0.095297164
0.099959327
0.12805029
0.10395414
0.078853202
0.069169131
0.03757025
0.080232307
0.10616526
0.11037446
0.11776475
0.11049696
0.11347676
0.047003581
0.011381106
0.038421829
0.054666319
0.068897409
0.013246129
0.017792583
0.019293804
0.014804815
0.025922376
0.027347137
0.00573347
0.0058764098
0.025644851
0.020288792
0.017142848
0.030863139
0.02282329
0.03532249
0.031723205
0.024241566
0.017802285
0.047078442
0.023628291
0.020427942
0.015840277
0.037680157
0.032400427
0.04290436
0.035385094
0.03785775
0.016325292
0.018389478
0.019136901
0.012717047
0.012793387
0.019319032
0.015247166
0.018860456
0.015730403
0.011782212
0.013416611
0.012894875
0.015938834
0.012489518
0.0059120919
0.014174215
0.022360935
0.0079636359
0.0056851125
0.015894156
0.011132055
0.011365591
0.010090841
0.021022834
0.018454713
0.010400561
0.009175338
0.0037971093
0.011611856
0.010386213
0.014390886
0.0097660439
0.016063733
0.010785787
0.009366609
0.028469038
0.0094759002
0.021891098
0.029969355
0.014823462
0.024189488
0.033089595
0.037215762
0.0050145036
0.022742726
0.009903263
0.00067209577
0.0060852371
0.014918987
0.019366861
0.015513971
0.0096315895
0.025791335
0.019401229
0.029849818
0.025075446
0.017516925
0.010870151
0.015306582
0.017378329
0.0060020644
0.0068548183
0.014165625
0.010501889
0.0014085925
0.0067490432
0.0064620939
0.0027158523
0.019839131
0.012871039
0.0070711607
0.0015225218
0.011260051
0.0068205938
0.014491998
0.012666996
0.0049021691
0.0044524567
0.019487593
0.01506019
0.0015432382
0.0040297553
0.0075448469
0.0098415808
0.014269629
0.0018838629
0.020726886
0.014725351
0.012055658
0.010157609
0.0059606289
0.0030213584
0.0030005546
0.0069530754
0.0037310055
0.0080161694
6.3657025e-05
0.007693473
0.010303757
0.0087092387
0.012824111
0.0082692153
0.0077168844
0.0024206505
0.014713192
0.0091547714
0.011508643
-0.00021831382
0.011018859
0.0087362055
0.019551696
0.02299141
0.01023258
0.018353002
0.033539397
0.022649331
0.016642998
0.013026416
0.0104351
0.005282348
0.013351438
0.016499197
0.0064230648
0.0030917166
0.018902174
0.017964857
0.021941904
0.021469522
0.017866357
0.019115103
0.019192987
0.0088525845
0.010707485
0.00032871488
0.004741058
0.0072716236
-0.0004357599
0.0044085545
0.058053628
0.058475047
0.059557326
0.061177972
0.054661695
0.039189429
0.062376066
0.066033459
0.05961196
0.0031394579
0.054081949
0.063184344
0.062073212
0.06088342
0.010287061
0.069089978
0.064984196
0.061541807
0.066820563
0.074373722
0.060782603
0.11770576
0.0078086648
0.0034372134
0.056006001
0.0021851732
0.0098658824
0.0088794927
0.043801985
0.029437388
0.0023609875
0.053876533
0.0035848676
0.0096892096
0.044552137
0.013996276
0.027945992
0.036985345
0.076252068
0.094359403
0.0073889893
0.058060545
0.051773167
0.029057106
0.11389175
0.031877921
0.057722307
0.01764197
0.018664543
0.12030892
0.0258047
0.10522955
0.025808859
0.037389572
0.033955005
0.024000084
0.11145493
0.011397079
0.096439309
0.027671732
0.022018769
0.019935487
0.0049853232
0.0059290914
0.016419458
0.013699392
0.00030016717
0.0016384569
0.011501633
0.0068520426
0.0055594542
0.0011242764
0.006070889
0.0042688788
0.0066538682
0.0044023101
0.0007333714
0.0030509868
0.00844186
0.0011344636
0.00016302317
0.0015657721
0.01077628
0.011140504
0.027966877
0.017921564
0.0064011861
0.011690007
0.021722323
0.023665682
0.023366648
0.021804906
0.02296762
0.018971975
0.016950473
0.015492593
0.0044602833
0.0001466153
0.0017442344
0.0055605235
7.3240132e-05
0.0014294966
0.010100601
0.0084721953
0.0082047251
0.06220409
0.06278928
0.069984782
0.06651836
0.071342922
0.071671062
0.060047347
0.065764826
0.061095094
0.063131281
0.05452715
0.052071004
0.051380879
0.025722815
0.043409542
0.041667566
0.050374143
0.039244368
0.054044791
0.051752343
0.054969882
0.052278213
0.047843241
0.051239003
0.053871216
0.051556709
0.051308627
0.048026347
0.0075047655
0.0075030089
0.049598289
0.060660946
0.057136324
0.13616587
0.091452612
0.082803264
0.092916416
0.11625762
0.10742326
0.08988087
0.080594957
0.070571658
0.089070804
0.07091652
0.10176632
0.013550445
0.13482437
0.12348416
0.090673554
0.11087901
0.11210064
0.13230471
0.14439155
0.13211829
0.011644608
0.010608295
0.009654393
0.0070053326
0.010993645
0.0043968539
0.078770616
0.097785346
0.059432741
0.042673913
0.10765758
0.10359326
0.02709134
0.023001156
0.032680559
0.023668602
0.064917087
0.073998871
0.069527902
0.070509798
0.0307175
0.033503367
0.03635757
0.036476051
0.036594423
0.042171537
0.0081574271
0.0045237135
0.0036734069
0.0014454653
0.0065849863
0.0056551327
0.0095414653
0.012330197
0.011592437
0.015273199
0.0035068789
0.0041078152
0.0028764181
0.0024821013
0.011084593
0.029669807
0.019254475
0.020199217
0.015227417
0.014026375
0.012045584
0.015017858
-9.7362746e-05
0.012682441
0.0081629769
0.00031413794
-0.00033024664
-0.00023802407
0.0016192835
0.004824214
0.00034343962
0.0027825179
0.0059344128
0.00081587599
0.00052404818
0.00051458873
0.00774311
0.0025986274
0.0082277408
0.0044213246
0.0011516067
0.0022294853
0.0014894337
0.00079765864
-0.00089088411
0.0061423278
0.006812824
0.071291741
0.075940403
0.07402945
0.07272023
0.056320176
0.058931992
0.042081776
0.051637858
0.038367739
0.034203034
0.042553402
0.045144327
0.041239539
0.021722611
0.04966734
0.040257913
0.036434328
0.029718785
0.041603628
0.04293541
0.045605383
0.043917775
0.034348576
0.043275521
0.047411459
0.049298881
0.028371967
0.025076092
0.032778533
0.013524655
0.03599852
0.036081413
0.051235556
0.048969453
0.050593622
0.04631216
0.039434726
0.050933142
0.044628677
0.027992753
0.050849844
0.048558381
0.079373946
0.079076249
0.060186822
0.16594835
0.13404248
0.12590905
0.13707433
0.14332331
0.12595204
0.15385501
0.065963403
0.12562371
0.15104824
0.14465138
0.13523484
0.13868487
0.10887077
0.043930489
0.11792437
0.12846432
0.12232792
0.11908647
0.072910332
0.021245898
0.12265498
0.10772639
0.085124097
0.083004745
0.010255059
0.086083394
0.089195968
0.094659773
0.12238918
0.13275438
0.014446748
0.013828631
0.011008135
0.0042897308
0.0082686008
0.0058312324
0.0091355137
0.0056516543
0.0031754584
0.001763008
0.006540415
0.0014572461
0.0063183388
0.0048095794
0.0028795193
0.0044714697
0.00039646158
0.0014607724
0.0038507429
0.0089520777
0.0053947161
0.0049078486
0.0074446144
0.0022532866
0.0033258693
0.11001705
0.10016303
0.10554722
0.094081956
0.10683275
0.071464256
0.10787888
0.091651721
0.026945844
0.080704501
0.050976468
0.024834955
0.04242218
0.0051281719
0.080925634
0.067205812
0.012818466
0.061988773
0.04343113
0.026630712
0.038587981
0.07235072
0.061553381
0.062239498
0.067091724
0.037806996
0.032496351
0.041613975
0.040873517
0.02926214
0.028045599
0.042663341
0.046587332
0.038881665
0.032277788
0.0061110827
0.00079977833
0.0055866301
0.0068331732
0.0044257197
0.00050305304
0.0025560162
0.0045531037
0.0035858546
0.0027913201
0.0030422909
0.002036962
0.001215336
0.0024937508
0.00033763543
0.00041785138
0.0018676503
0.0025041516
0.0013084728
0.0021346395
0.0012571794
0.00010926004
0.00021147672
0.00040819145
0.00082636493
0.00094108984
0.0013029082
0.0037652415
0.0016751163
0.0014468732
0.0054099702
0.0008585698
0.00028160019
0.00128268
0.020034274
0.00030294913
0.015604329
0.014859266
0.0091305261
0.011153337
0.012484294
0.015364283
0.016554753
0.01820309
0.00070396496
0.019482263
0.013416962
0.010064024
0.0016112902
0.018608189
0.02578749
0.023855676
0.015584951
0.032594049
0.027980097
0.020624228
0.012540055
0.021649681
0.02050712
0.016117099
0.013414746
0.012121667
0.012313508
0.00095078042
0.00096080522
0.00089208847
0.0082800437
0.001605204
-0.00051177536
0.00035980463
0.057491802
0.055170184
0.026670144
0.049669899
0.048621232
0.028620499
0.046164849
0.048262738
0.024507575
0.023263597
0.012904
0.0096312777
0.032734813
0.054753452
0.046928575
0.041012848
0.037378553
0.043607605
0.095325979
0.12118352
0.010762262
0.0080833798
0.0037696802
0.0014439669
0.1333208
0.060905592
0.088110008
0.074878581
0.06110593
0.059219572
0.00074281683
0.028004284
0.019002849
0.0055735666
0.047831347
0.026132186
0.0038187691
0.012347912
0.01424502
0.03805496
0.017754103
0.042850151
0.026779062
0.056834191
0.035847929
0.020118199
0.026786525
0.028405876
0.042443095
0.034933194
0.010044463
0.009006947
0.0012626122
0.00019175796
0.0036179348
0.0037755051
3.499561e-05
0.00049228934
0.0021922612
-0.00029284977
-0.00065857966
0.00013360548
-0.00030521425
0.00048936923
0.001599839
0.00057754958
0.0017559144
0.003417897
0.00912293
0.0064153813
0.013769675
0.0043709533
0.012557249
0.0008605114
0.0091346039
0.0058653796
0.011998779
0.010747655
0.0034254771
0.0038551591
0.011857215
0.0090370224
0.017262166
0.010450772
0.0036705725
0.0060682299
0.002864476
0.0022653405
0.014936906
0.014050656
0.051517952
0.041656018
0.036956755
0.048453688
0.025726705
0.032956197
0.024604042
0.038962437
0.033239974
0.010002103
0.036933869
0.034470036
0.049781204
0.035864318
0.049475124
0.034391978
0.040969254
0.036752985
0.046957378
0.041267527
0.042439259
0.054161944
0.039436133
0.055557172
0.050924834
0.041798896
0.028332667
0.048426186
0.044639547
0.03781552
0.039668821
0.037685258
0.040415028
0.032957388
0.036418085
0.038523793
0.040643945
0.039662282
0.043346515
0.042588741
0.04533079
0.0391343
0.15632346
0.039824249
0.051029614
0.040629788
0.030132991
0.042599487
0.046167604
0.04466392
0.05180165
0.032841464
0.01410324
0.044188455
0.043267891
0.042884747
0.045531471
0.044134475
0.049416158
0.045809774
0.14849191
0.068858295
0.15619492
0.12898795
0.06419618
0.010382276
0.074012788
0.012253924
0.032767222
0.0093881591
-0.0065684514
0.01986315
0.021479188
0.023865167
0.040382983
0.033689294
0.031718134
0.028211902
0.0066219655
0.004003442
0.0030552699
0.0025645209
0.00010873652
0.0027553164
0.0010172794
0.00018097405
0.00016535563
0.00021662638
0.00015849589
2.7846489e-05
0.0048254748
0.00031683897
0.00026856494
0.0013045843
0.00066063375
0.0018077798
0.00055709959
0.0066544095
0.011158297
0.0050166451
0.0026560333
0.0032857629
0.0040359795
0.0018460463
0.00046128351
0.00022731721
0.0014574132
-0.0018353702
9.8278506e-05
0.034100797
0.030184731
0.039355089
0.032289757
0.050525688
0.036872095
0.034196071
0.025944007
0.0452028
0.03120386
0.02814769
0.024775071
0.029673425
0.043140979
0.034229373
0.046559107
0.054374183
0.051261375
0.042452727
0.040562244
6.8664206e-05
0.00032000947
0.048636681
0.045599214
0.0025162748
0.041098699
0.047040683
0.041664934
0.0045769417
0.18968664
0.039399683
0.041035092
0.051393985
0.031420354
0.1390224
0.11248459
-0.00084843553
-0.0037038985
0.011043126
-0.006080104
0.00025244179
0.012776787
0.0010430574
0.012005468
0.00617649
-0.0064345951
0.0046837906
0.00298945
0.0028349471
0.0020728052
0.00095306198
4.1393148e-05
0.0020969733
0.0013374451
0.0019845594
0.00021855629
0.0045836214
0.001436378
0.0044953489
0.00063157529
0.00068172042
0.0058551796
0.0012052293
0.0077671926
0.0028269615
0.0033539334
0.0034479344
0.00030624593
0.0016251315
0.0059205823
0.001090578
0.0002776212
0.0076924295
0.0038535344
0.0048395856
0.041984554
-0.00017047414
0.00077882389
0.0016705541
0.038915566
0.0022090478
0.00047433419
0.03341265
0.028687589
0.034013131
0.037929506
0.032534751
0.039983652
0.037041619
0.032505615
0.034784797
0.024993082
0.036193075
0.032603323
0.042842092
0.035282161
0.032667726
0.032294913
0.044536888
0.049097334
0.020324995
0.030634157
0.0514712
0.03323062
0.033454914
0.02035913
0.036662863
0.029553373
0.023796475
0.021109245
0.025814407
0.024316727
0.024125773
0.016992886
0.026570243
0.013226227
0.027658977
0.021087949
0.029317135
0.028235715
0.022092332
0.016582714
0.0171163
0.015990244
0.026793023
0.024742004
0.024357702
0.023377275
0.020978646
0.02100593
0.027611959
0.023509153
0.028432638
0.026339944
0.024373112
0.0096487114
0.020150974
0.016547288
0.016521274
0.019371752
0.019576843
0.016797726
0.0082401202
0.015532892
0.030593951
0.017257599
0.032934344
0.0084835482
0.035691099
0.027749858
0.022074021
0.01459325
0.025191491
0.020273591
0.015937348
0.022395921
0.021132589
0.02307848
0.040870597
0.020500177
0.04882982
0.018103793
0.00070489926
0.046075066
0.046807225
0.014683547
0.04321073
0.02130429
0.024665101
0.033521153
0.00019229232
0.017150586
0.00086164624
0.016460396
0.034470093
0.0019525982
0.013159834
0.009595891
0.0024730507
0.041834732
0.016998561
0.012937195
-0.0012195464
0.01948267
0.051998455
0.0055742399
0.045140152
0.0096965416
0.0010722606
0.037621207
0.0096845853
0.0014365554
0.031734384
0.029665044
0.01443165
0.015589432
0.013174798
0.011920492
0.012003258
0.0056907913
0.013432461
0.010019938
0.013044209
0.010714839
0.0061269038
0.011190602
0.032842305
0.019764523
0.03463187
0.034623339
0.029701269
0.041376446
0.020040531
0.031818298
0.0088936352
0.030654675
0.026093673
0.038473791
0.036166495
0.038542018
0.036953743
0.034106261
0.0064871402
0.031210428
0.027575184
0.0018375285
0.024892831
0.015871446
0.020195645
0.024410682
0.02838627
0.022064825
0.015049723
0.0041241156
0.032821403
0.028565614
0.016884041
0.020748253
0.041498581
0.038197113
0.012470376
0.019817584
0.038767473
0.024930657
0.0073182609
0.020890563
0.0078434173
0.0030998998
0.030002211
0.011469056
0.0037982042
0.0078356908
-0.0021518314
0.0024609365
0.003725433
-0.000826113
0.03085494
0.013520453
0.0012862783
0.013590766
0.0027362415
0.01352069
-0.0070036274
0.010715618
-0.0064200145
0.0045855331
0.0073397313
-0.0029846794
0.011450076
-0.010653535
0.01768286
0.0052139005
0.0028458305
0.017633458
-0.016212443
0.00020967035
0.03526696
0.023958517
0.017290626
0.021650255
0.043514372
0.040097489
0.03747165
0.036789041
0.038848918
0.035496243
0.040332508
0.035559056
0.033589311
0.034699275
0.033520571
0.027776191
0.036175142
0.034755492
0.038539837
0.033902425
0.035034929
0.03149653
0.032662225
0.031249814
0.031662098
0.031599444
0.034421718
0.030684225
0.034038039
0.032548738
0.011885145
0.026583154
0.030114507
0.034188911
0.029217401
0.033155287
0.033328634
0.030882635
0.020386857
0.023822627
0.032911634
0.031986771
0.040040155
0.040199169
0.038553581
0.029565593
0.037760125
0.026406022
0.015265776
0.03498725
0.032721136
0.02838462
0.0038276759
0.036026514
0.026844776
0.030954543
0.030919661
0.036666856
0.04635732
0.045727635
0.17591303
0.14329036
0.087267333
0.14080828
7.3645616e-05
-0.0023827928
0.015023139
0.010030267
0.0018434755
0.0063453684
0.011621918
0.01362408
0.010441898
0.0050411419
0.0038929581
0.0071564909
0.006125264
0.0046181448
0.011691287
0.0095511636
0.007158392
0.0060543404
0.0080996804
0.0093907664
0.0072248629
0.0080433127
0.0044517338
0.0040551937
0.0068663553
0.0089426812
0.013385726
0.011632046
0.0052567207
0.0018465873
0.003454199
0.0047953601
0.0054684258
0.0043193971
0.0037757203
-0.0021750001
0.0014991958
0.0013941513
0.025510669
0.022274702
0.026999941
0.020937325
0.023740323
0.01931144
0.025866731
0.025758552
0.0049286637
0.021009496
0.028170209
0.029994581
0.028906162
0.0016590439
0.0093348197
0.0172322
0.022365778
0.01846852
0.030149261
0.031694076
0.025626168
0.022971004
0.005211537
0.021979484
0.019328525
0.016600178
0.0055177216
0.017389427
0.0028581431
0.0015019966
0.00092375251
0.016848227
0.031109792
0.032398319
0.031766946
0.028604776
0.010629335
0.0039040074
0.0044991234
0.0028968629
0.01412644
0.039729027
0.0053343925
0.011436575
0.029890317
0.028195987
0.030487397
0.029997491
0.0070307274
0.030550479
0.0012076882
0.000799361
0.032387139
0.03351524
0.031463238
0.030706279
0.024485851
0.021421935
0.018042598
0.0014934512
0.017882679
0.037969714
0.03964478
0.028312933
0.0072725671
0.012570449
0.0012067496
0.033470339
0.0092234637
0.0073310522
0.0048434287
0.0034915167
0.040356464
0.040418361
0.039005681
0.0046464311
0.0047248249
0.0024893653
0.030423593
0.029242525
0.0022085027
0.016923825
0.0046150774
0.030996244
0.0132683
0.033441638
0.025486342
0.0093834568
0.023834755
0.006277861
0.026571865
0.018311743
0.013564025
0.019163737
0.021556457
0.020822902
0.020733636
0.018723423
0.022687458
0.023507381
0.027657766
0.022722081
0.023081481
0.024028048
0.025834917
0.024057084
0.028061405
0.025457088
0.032349231
0.025836229
0.032762031
0.03306968
0.027824116
0.013419834
0.013564249
0.0015831757
0.034079627
0.039957058
0.039086961
0.034523326
0.032279632
0.032844962
0.032598801
0.016353955
0.02724416
0.040783373
0.038944357
0.041740838
0.040056291
0.027685766
0.02681254
0.029443589
0.034456727
0.038165847
0.038624377
0.025621841
0.038493758
0.16183182
0.034371353
0.10261177
0.14618574
0.09031454
0.043179422
0.094388799
0.0018696963
0.0011590321
0.12778342
0.1566146
0.047182571
0.020710805
0.027161484
0.036240891
-0.0049426436
0.0012457965
0.063053575
0.015530119
-0.0038308282
0.049650808
-0.0010663536
-0.0026451704
0.013348718
0.031477767
0.0069497274
0.0017203041
0.028382663
0.00069515364
0.037303
0.027802743
0.038934022
0.02809242
0.0064136379
0.030583739
0.026047343
0.027714298
0.011397394
0.018582152
0.019099041
0.013232684
0.025544379
0.012723957
0.025285134
0.016725525
0.016707832
-0.0040776865
0.014162222
0.015432956
0.020749636
0.025045044
-0.0043420408
0.015076976
0.010635658
0.010809803
0.012740623
0.01285061
0.015118304
0.01594132
0.0075977022
0.0040572274
-0.0085192661
0.01361975
0.016172252
0.0034001004
0.0080025909
0.020095759
0.010362676
0.028931746
0.019081265
0.013862891
0.018860362
0.025315823
0.01857947
0.026603301
0.027838456
0.019116271
0.0063532055
0.0087802888
0.0097966292
0.0051592469
0.021525921
0.0081417675
0.015837745
0.0074535045
0.014109051
0.0091881357
0.012399539
0.017231647
0.018784736
0.02638487
0.025359564
0.028126065
0.0039979857
-0.0049486888
0.01489221
0.028713694
0.018353665
0.021430474
0.0091758924
0.016256674
0.027317001
0.012640282
-0.0015663369
0.01829339
0.022679133
0.012886286
0.00046439661
0.018300678
0.01122065
0.023578378
0.029570839
0.00069401235
-0.0019959037
0.0045226175
0.0027337318
0.0011682548
-0.001189177
0.0048151576
0.0049010838
0.013234275
0.0030346212
-0.0093380807
0.0063261857
0.0012078551
0.004882362
0.0081652149
-0.00083135017
-0.0092122048
0.042708614
0.041468958
0.039001956
0.038047006
0.15055568
0.10157821
0.14736812
0.15428473
0.17130918
0.15522555
0.13979443
0.19276654
0.16701816
0.16970149
0.18804493
0.18091888
0.15651657
0.046113134
0.1947789
0.15403668
0.0065931352
0.089558373
-0.0079835614
0.0023974221
0.0013901385
0.025549242
0.088756828
0.077228085
0.048526941
0.013240656
0.010467609
0.0020875849
0.0041954304
0.00078624137
-0.00043024701
0.0018661202
-0.0013989961
0.0016401209
0.0003489265
-0.010928915
-0.0086820077
-0.010147724
-0.007886784
0.031660354
0.023220815
0.019850622
0.02579667
0.028895514
0.017977283
0.028360516
0.027960661
0.023792383
0.022340686
0.013362669
0.019016911
0.031615504
0.028300403
0.027851296
0.021097356
0.014201371
0.012552347
0.026556988
0.023616815
0.0034255295
0.024486652
0.025476326
0.030638976
0.011527912
0.0064008835
0.0089379191
0.0086224992
0.0030030277
-0.003486701
-0.0053117048
-0.001564989
0.0052526562
0.00017399273
0.0045083195
-0.0030314864
0.0080889451
0.00042155204
0.0036256709
-0.007071267
0.010209367
0.0095449276
0.0081523557
0.020941272
0.012682459
-0.0050636181
0.0063875979
0.008407375
-4.2495995e-06
-0.00093386179
-0.0077871004
0.0049708332
0.0077703046
0.0023966705
0.0051907955
0.0067653456
0.0046939294
0.0046337082
0.0037248841
0.011511525
0.016470194
0.0039307254
0.013388761
0.0091402051
0.0037565035
-0.0016578312
0.00015409346
0.026199531
0.00024298606
0.010162575
0.0054821959
0.0063549935
0.021468254
0.12431631
0.15106389
0.12684029
0.061200241
0.13213298
0.094842293
0.053717252
0.08470487
0.010835511
0.015923965
0.031777342
0.087062132
0.016691847
0.014551651
0.0028281403
0.0022816466
0.0023891905
0.00058343991
-0.0008942396
-0.00076784458
-0.002347607
0.00037667207
0.019071463
-0.017487624
0.025711985
0.029262569
0.025405437
0.025468963
0.028137858
-0.0009533505
0.0047049494
0.0051966136
0.0072708439
0.0077836201
0.0084270351
0.0027710119
0.010529966
0.015096734
0.019632325
0.01009144
0.015419093
0.0016164055
0.0033596818
0.0067357328
0.0081190259
0.0075417671
0.0045116633
0.0034672159
0.0093402419
0.00694763
0.12926052
0.088448389
0.088387091
0.066459162
0.0012589425
0.14838559
0.2105257
0.010624273
0.034829748
0.064961655
0.017065473
0.017115072
0.020872207
0.020538466
0.013085787
0.016644581
0.0036171912
0.0026465851
0.0011845429
0.0017951393
0.0028231007
-3.0754398e-05
0.0054972163
0.013967239
0.00043576102
0.0043846607
0.0025941835
0.0010973778
0.00094721833
-0.0001269926
-0.00059867122
-6.9424908e-05
-0.0046433448
-0.00012798018
0.010512512
-0.00067491861
0.0039515278
0.026086916
0.026452442
0.026870636
0.025555295
0.026401726
0.029801489
0.021583757
0.02267623
0.027281776
0.025631826
0.021021613
0.025352177
0.019872478
0.022155502
0.026132421
0.028617052
0.023906697
0.022151497
0.016983107
0.023963674
0.022669722
0.023833931
0.022100617
0.021742861
0.024298072
0.025110955
0.024074972
0.024752221
0.016213818
0.021786338
0.022605322
0.018303135
0.011018144
0.015646265
0.023114263
0.021951661
0.018170599
0.016217275
0.016338321
0.0089238818
0.015388562
0.02302615
0.017829775
0.013349986
0.013447472
0.010948197
0.022512984
0.021754891
0.012865038
0.0072699346
0.022345185
0.024230138
0.010810387
0.0099863191
0.0061984787
0.0045141074
-0.0072083143
0.0079824873
0.0078144931
0.010616151
0.0089055427
0.0528791
0.0094082664
0.0054752636
0.014222167
0.13427656
0.1061422
0.06729604
0.092661306
0.10952601
0.062753535
0.11175439
0.018314463
0.097591111
0.07565526
0.038090872
0.042133049
0.01498552
0.00737268
0.015658979
0.015906587
0.015684182
0.017182961
0.011567872
0.014727143
0.012739805
0.015464275
0.01069902
0.012195976
0.029541723
-0.00019176336
0.02929546
0.029084029
0.027698688
0.027447811
0.026576095
0.025976213
0.027161017
0.026277003
0.026242972
0.018943614
0.021980262
0.023391826
0.022407904
0.023426282
0.021582077
0.022564946
0.020672784
0.019230886
0.019649625
0.021897771
0.019507959
0.020110478
0.017308549
0.019010949
0.013455847
0.025573406
0.026925039
0.016955841
0.017677955
0.0081756164
0.010535549
0.016323492
0.015183084
0.0085960122
0.0010341687
0.017981054
0.0011976284
0.0098467105
-0.00053195661
0.0010354086
0.040955761
0.013859063
0.015270196
0.0092670667
-0.0096712235
0.01652558
0.0062406893
0.0089655145
0.066387061
0.071181475
0.022992022
0.036146443
0.028267088
0.16386205
0.015250515
0.012290155
0.017678513
0.016397644
0.014383894
0.014797315
0.015152492
0.017946599
0.0074565257
0.01204417
0.010637335
0.0096714688
0.00065976254
0.0019294288
0.023251021
0.023538948
0.022650421
0.02312827
0.025070544
0.025592853
0.02287538
0.022069797
0.021585522
0.013201253
0.021828157
0.020473571
0.023426391
0.022354216
0.022520725
0.020911134
0.023714468
0.024682121
0.021171582
0.021479687
0.019617843
0.019338753
0.013944973
0.010415129
0.021421747
0.016158465
0.018826237
0.020654242
0.01777888
0.016854305
0.016475653
0.0055282711
0.012385354
0.012958557
0.01207473
0.018003639
0.014162002
0.015572794
0.010321895
0.012764382
0.018998764
0.013007369
0.014296699
0.014887636
0.017475384
0.013614044
0.016347088
0.016868426
0.0096586033
0.020624748
0.012761289
0.013737162
0.012770193
0.01371385
0.01127843
0.018448683
0.014495147
0.0033882744
0.012899604
0.010652344
-0.018715994
0.012789267
0.015279966
0.079313682
0.055795517
0.045331538
0.053758792
0.039207199
0.028030582
0.042869026
0.015288106
0.031432234
0.032825754
0.028815501
0.017813547
0.051568249
0.042062841
0.023573792
0.019447339
0.0089787056
0.015552266
0.014207058
0.01207826
0.012881034
0.012404842
0.010670325
0.010217557
0.0087980826
0.0074585525
0.0095294767
0.0066247
0.0095009858
0.0088506193
0.0044970696
0.0043322065
0.0072111478
0.0087738496
0.011344026
0.0073894916
0.00013788098
-0.0013561873
0.0003828289
-0.00069166063
-0.0010569877
-0.00014283392
0.00048604312
-0.0018510177
-0.00032414886
0.00032092829
0.0012927427
0.0020806591
0.0024919262
0.00058528101
-0.0008192025
0.023329363
0.023660578
0.017097336
0.017212457
0.017016933
0.016148557
0.015888186
0.01463216
0.017363418
0.020782333
0.014292175
0.016383262
0.015650028
0.017332953
0.01565389
0.013144112
0.0063184774
0.010038788
0.014190597
0.020171086
0.0092578471
0.010379443
0.012057037
0.0084426207
0.0101997
0.01934341
0.020780992
0.017886416
0.020615273
0.019048169
0.021333622
0.020473213
0.021995098
0.017775922
0.019965028
0.018629056
0.017318298
0.018713397
0.017855878
0.01520708
0.021020072
0.019300402
0.019346125
0.017720622
0.021776275
0.019686876
0.017978174
0.016654986
0.020341317
0.018465453
0.018350488
0.014430147
0.017160501
0.019457203
0.018241518
0.016080654
0.008751009
0.016643263
0.019109377
0.018766565
0.018401687
0.017757325
0.01187117
0.013520988
0.016944112
0.017736759
0.012587391
0.014830349
0.013913791
0.015708554
0.016822985
0.015321397
0.014549427
0.016782642
0.01852625
0.018828234
0.015633201
0.013993176
0.016241816
0.016886448
0.016253983
0.016122814
0.017150307
0.012339486
0.017080471
0.012112746
0.012797469
0.007855473
0.015309291
0.014616796
0.016342031
0.015381229
0.015241395
0.01265048
0.011637522
0.0096265637
0.01036971
0.011725258
0.017328383
0.015410247
0.013588107
0.012028161
0.012675551
0.011610009
0.015520734
0.0096838533
0.013239543
0.011005782
0.011080731
0.004740613
0.011858798
0.0097308581
0.0075818459
0.013770323
0.010384462
0.00024060099
0.0099020244
0.0084647199
0.013134425
0.011121431
0.012246051
0.014276331
0.011615399
0.0081034213
0.015333108
0.010049331
-0.0013996306
0.0052663633
0.0097486931
0.008342061
0.011444866
0.0069570573
0.0093008575
0.0020776415
0.019189305
0.0095673916
0.01903891
0.014631617
0.0053521976
0.033918878
0.012010202
0.010261625
0.01084334
0.0095050545
0.0051531287
0.0071289565
0.0028904257
0.0013558112
0.0052887512
0.0039052582
0.0047936472
0.0037530296
0.0080558516
0.0026322786
0.0044453484
0.0020404775
0.0041259664
-0.00037876871
0.0021436208
0.00018783258
-0.0015184889
0.0010159775
-0.0014469418
-0.00020480702
0.015554123
0.0022093427
0.021192586
0.016737146
0.017097772
0.016800867
0.015831459
0.013260537
0.016958901
0.016188302
0.014964569
0.0054282377
0.011855571
0.0085730141
0.011242036
0.0089066664
0.0099603608
0.012157149
0.015374099
-0.00081162297
0.013741728
0.014398602
0.011560222
0.0089293925
0.0078348705
0.0084098462
0.00040462121
-0.002071967
0.015467985
0.015514005
0.01541431
0.018647112
0.017929551
0.017549564
0.0141173
0.015941654
0.014711603
0.0078543751
0.008750791
0.0068677084
0.0049540216
0.0062181187
0.010168123
0.0040660275
0.0077460052
0.0071291382
0.0029403534
0.0067274284
0.0011247208
0.0018271976
0.0060595527
0.0045350307
0.0035703069
0.0041894905
0.0079590192
0.001811579
0.006290363
0.0057307795
0.010057279
0.0064633575
0.0080707852
0.010455272
0.0094588486
0.0096103388
0.0054785971
0.0088725077
0.0071338304
0.0062065545
0.0020556556
0.0063210694
0.0060606141
-0.0044231796
-3.5013814e-05
-0.0082701143
0.010137228
-0.0027632761
-0.00012245372
0.0069808855
-0.0026751858
0.010258358
0.0066020121
-0.0085325098
0.0098486397
-0.01261744
0.0010284001
0.0096476212
-0.0092048494
0.0096119669
0.0027016144
-0.012874248
-0.0052651377
-0.018062229
0.002911187
-0.0037754507
0.0056591051
-0.00012823252
0.0072218066
-0.01256646
0.0048923372
0.023058302
0.011973915
0.043183535
0.0031124472
0.013528014
0.035958571
0.020600459
0.009242395
0.0063337403
0.0085005252
0.0037627264
0.0049454423
0.0029924247
0.0093989978
0.005987069
0.013486009
0.0065322348
0.0044927904
0.003688162
0.0034353369
0.0048827979
0.0038933819
0.004251703
0.0053916398
0.0015677853
0.0068624862
0.011525961
7.5132306e-05
0.0041162114
0.00093433666
0.0071739318
0.0049983632
0.003826592
0.0042446405
0.0015299425
0.00024224644
0.0026087565
0.0037156551
0.0040328552
0.0015108343
0.0045601538
0.0018351914
0.00084612131
0.00012711637
0.0029975464
0.0019016805
0.0052031336
0.001697484
0.00052504845
0.0034207454
0.0023711311
0.00033949303
0.0030629081
8.775046e-05
0.0024342997
0.0011357011
0.0011050238
-0.00010939186
0.0010200891
0.0040206117
0.0017644004
0.0013797465
0.00061464706
0.0011595442
0.00076063405
0.0032039108
0.0017455682
0.011263241
0.008846948
0.0013898096
0.00094306718
0.0012165007
0.0013412069
0.0036757029
-5.6489278e-05
-0.00091792998
0.00057092604
0.0031068993
0.0019319687
0.0047832878
-0.00083927921
0.00098255321
0.00070644397
-0.00045951427
0.00038339882
0.001461955
0.00030894089
0.00066300653
-0.00049735595
0.00021699149
-0.00075375444
0.0005793003
0.00029394464
0.012173556
0.0090205926
-0.001073242
0.0018564399
0.0035079317
0.00022013001
0.00035355797
0.00066442992
6.043622e-05
0.00022357176
0.0018997252
0.012829713
0.01540021
0.010036366
0.012455882
0.014653525
0.0097503167
0.010734584
0.013090295
0.010737956
0.011089847
0.0075403147
0.010588534
0.0049677689
0.0058555178
0.0080512073
0.0097102116
-3.2417985e-05
0.0086842956
0.0037934857
0.014758123
0.0089234235
0.0102579
-0.005718245
0.010261531
0.011569654
0.0015763296
-0.0033908083
0.0036595081
0.011263616
0.015636696
0.0093380263
0.0079231957
0.0024062876
0.011601511
-0.0033458056
-0.0036314183
0.002658891
-0.0057120229
0.0053103353
0.0088543174
0.01378093
0.01412334
0.014026736
0.016615894
0.011199672
0.01112248
0.01091173
0.014663872
0.0099211839
0.014384144
0.015189751
0.016606369
0.014174797
0.014800601
0.016318776
0.015619615
0.015211247
0.015582214
0.017334811
0.017237841
0.009930136
0.0096855698
0.0026791366
0.011060474
0.0068036947
0.007750314
-0.0082804981
0.0030794204
-0.0028085346
-0.0068972126
0.0081084563
0.011566598
-0.0025065908
0.0059910935
0.0072918173
0.0061523898
0.0023485595
0.0049224199
0.0053917185
0.00065423037
0.0080949704
0.0049569073
-0.0011783792
0.0013164053
0.0021164591
0.0073615062
0.0086521979
0.01079329
0.0048417508
-0.0010486584
-0.0058964819
-0.0055263667
0.0044798857
0.0064870529
-0.0026187529
0.0032031555
0.0053787741
0.0034678846
-0.00087562568
0.0046308778
-0.0080698853
0.010783366
0.0031239841
0.0078923577
0.011569598
-0.010493337
0.00083030482
-0.0028939021
0.00096736884
0.0062460381
0.0033024752
0.00080781317
-0.0023211232
0.002510374
-0.0021364288
0.00093604121
-0.0057252671
0.012116314
0.0062672565
0.0083031428
0.0090073524
0.00072127987
-0.00049220344
-0.0039900537
0.0064920515
0.010958383
0.0088222955
0.0061941352
0.010047836
-0.0044497982
0.009893702
0.013689088
0.0039642881
0.0053245076
0.0055743655
0.0062716037
0.0082627496
0.00022305699
0.0065922041
0.012128814
-0.0090182568
0.0049783173
-0.0097586838
0.0078276819
0.0085151922
-0.0015072911
-0.0022389893
-0.0038447888
0.0016104957
0.0049621924
0.0082376429
0.0042631546
-0.0026080933
0.0045840308
0.0011183633
0.0026789074
-0.0051476285
0.0058584425
0.0075746514
0.0092632864
0.010183809
0.0093866352
0.010223679
0.0049552276
0.013326511
0.010097995
0.005359713
0.0051562011
0.0092330019
0.0074631299
0.014032556
0.0070310125
0.0059856118
-0.0032865739
-0.0014822676
0.006303983
0.0093929898
0.008946147
-0.0026523509
0.0069422841
0.0080441062
-0.0024966445
0.0057285282
-0.0050508041
-0.010731293
-0.0083172459
0.0047759052
0.010015425
0.0026807348
0.011614821
-0.007091898
-0.0026154549
0.0042580092
0.0016464838
0.0051912802
-0.0008022772
-0.0013645063
0.010991474
0.011327956
0.0019224619
0.0077079658
0.01761001
0.017633955
0.013031954
0.015622047
0.010709288
0.0089239985
0.01145195
0.011649109
0.010914735
0.009178958
0.010816484
0.014261664
0.0091771699
0.010675645
0.0088181233
0.0077733145
0.0094710066
0.0073920637
0.0068467362
0.0067108134
0.016493957
0.015929735
0.015599009
0.016292337
0.014907025
0.014404931
0.014321124
0.013870561
0.014659204
0.012626644
0.0081299729
0.009199085
0.013283419
0.012444194
0.011681766
0.00073130564
0.0085575878
0.0025856027
0.0076397599
0.0039066738
0.0030437806
0.011097323
0.012336548
7.6030114e-05
-0.0006219759
-0.0015644113
3.4336087e-05
-0.00022284303
-6.5619212e-05
0.0049839687
0.00020440759
0.0018377221
0.0013927846
0.00073880962
-0.0011873319
0.0024685491
-0.00095263682
0.0002113633
-1.3428077e-05
-0.0017855366
-3.9341637e-05
0.0038596572
0.0014927585
-0.00015569451
-0.00070543909
0.0011626623
0.00060552734
-0.0013707931
0.0019552828
0.0050761315
0.00025934157
0.0015199473
-0.0014024224
0.00015210089
0.016558335
0.015186327
0.015906843
0.015699446
0.012917894
0.012106241
0.014835035
0.015435475
0.015673316
0.015632988
0.007242474
0.0047225407
-0.012443594
0.000986129
-0.019605696
-0.0079352594
0.012247395
0.0093815958
0.0075090285
0.0097391568
0.0065600957
0.0046564884
0.0089686485
0.0053409506
0.0025762767
0.007842875
-0.0081606692
0.0039386727
-0.0028784375
-0.0032361723
-0.0053440082
0.014838094
0.01382007
0.014332283
0.012867037
0.0161068
0.011494476
0.014084688
0.013283109
0.011817029
0.00449401
0.012457097
0.0091377747
0.0076984308
0.00147462
0.00037529179
-0.0011150194
0.0042403557
0.000348232
0.0030124126
0.00069080196
-0.00044756898
-9.6738795e-05
-0.0075161912
-0.01493624
0.011993482
0.010762922
0.010762214
0.014530999
0.012084801
0.010408563
0.011937941
0.012452275
0.0031615906
0.012307569
0.0092277496
0.012340937
0.0076866387
0.0055919961
0.012544043
0.014596797
0.010335654
0.010466469
0.012770125
0.011312959
0.01450879
0.015386977
0.011306284
0.0091216884
-0.0036832206
0.0042564295
-0.004665554
-0.003959616
-0.0042257223
-0.0019248693
-0.0014244265
-0.010729552
-0.00026923066
-0.0032321252
-0.0068598131
-0.0029783796
0.0021170438
-0.0045362272
-0.00089345005
-0.0063940691
-0.0021576878
0.0050183218
0.0022919183
-0.012252102
-0.0045637545
-0.0062322218
-0.006432961
-0.0068713249
-0.0096436255
-0.0011422193
0.0010587169
0.0062945251
-0.0038866639
-0.0078723292
-2.4638571e-05
-0.0010323501
-0.0081629274
0.0024906427
0.010065888
0.0025500949
-0.0026215494
0.0090493162
0.0052393304
0.0073143992
0.010195299
0.0066192329
0.0039449051
0.00057582433
0.01297727
0.010232031
0.0037706842
0.00056986163
0.011989851
0.013477345
0.011609584
0.01214226
0.01178168
0.010702783
0.011740836
0.011939835
0.011921368
0.011154137
0.010696731
0.012903361
0.012127574
0.011588673
0.0097097467
0.012538263
0.010501387
0.013800914
0.013568371
0.012100407
0.010954429
0.014001593
0.014855238
0.014516327
0.015302104
0.013427866
0.012391411
0.013658501
0.013250825
0.012319716
0.012835591
0.010295576
0.011951285
0.013852637
0.012750963
0.011350545
0.01072174
0.012936628
0.011522886
0.011077779
0.01064246
0.0092556054
0.010774535
0.011226608
0.012330899
0.0095606406
0.0095532879
0.011935552
0.011487718
0.01039167
0.0090704216
0.0058239578
0.010641005
0.0108296
0.011032519
0.010585093
0.010302804
0.01114405
0.012008227
0.01142436
0.010711322
0.0042498668
0.0083065473
0.011133748
0.010897965
0.0068971362
0.0097613314
0.0096746833
0.0091481283
0.0082335537
0.010306557
0.012092709
0.010653377
0.011803981
0.011412295
0.009518914
0.01117429
0.010783103
0.011708206
0.010087718
0.010788078
0.0066758015
0.0044778398
0.0080795864
0.0070553833
0.0024967287
0.0031039405
0.0025691091
0.0029356825
0.0063625589
0.0013078413
0.0021727807
-0.00040881511
-0.0007727658
-0.00034548873
0.0095334087
0.010831277
0.011260025
0.012997434
0.0023492093
-0.0044317934
0.0080393437
0.0072319169
-0.00020973864
0.0003778303
0.0020471569
-0.0076484696
0.0026481962
0.007556362
0.0074359143
-0.0008435905
0.0011976457
0.0060837428
0.0065297711
0.0062623288
0.00062824401
0.0076679041
0.0079457502
0.00050163412
0.009108313
0.0020567781
0.0015629868
0.00043663777
0.006940791
0.0072184397
0.0071138448
0.003919797
0.0088869102
0.0074225292
0.0073998077
0.0096875501
0.006337849
0.0077163312
0.0068269026
0.007619123
0.011111744
0.0058072349
0.0078088731
0.0061927049
0.0078820158
0.0014049371
0.0065739412
0.0080060755
0.0084425369
-0.00075917363
0.0085154907
-0.00019736163
0.0032640602
0.0071352057
0.0015879018
0.004715474
0.0044529933
0.0051624472
0.0041157954
0.0064349722
0.010911714
0.012106449
0.011996452
0.011820939
0.0071179158
0.0037451968
0.010286472
0.010263916
0.0073137257
0.0048557595
0.0079895862
0.0058444053
0.003779126
0.003479356
0.0030025595
0.0036533757
0.008191619
0.0069650265
0.0079381114
0.006443599
0.0081046888
0.0052961576
0.0045314104
0.0043377911
0.0092738572
0.0056243055
0.0086518154
0.007905174
0.0078779613
0.012034643
0.010704745
0.011328573
0.008301942
-0.010147789
0.0087427824
0.010386885
0.0086809499
0.0039853564
0.0058608244
0.0084381572
0.0035426251
0.010635801
0.0098811003
0.011079514
0.0099810457
0.0021570887
0.0035346354
-0.00010938526
-0.0011384427
0.00048107928
0.00012872574
0.0037186385
0.0011838379
0.0076259447
0.0079501657
0.0091629899
0.0069766758
0.011842295
0.0097766802
0.011034805
0.0099657541
0.0087688389
0.0099710186
0.011019492
0.0092896994
0.0044549684
0.007127613
0.0076732371
0.0060944373
0.010243803
0.010781743
0.0080553054
0.0078684235
0.0066334234
0.0017533496
0.0069745654
0.0085911443
0.0058330945
0.0026809949
0.0068280415
0.0078696636
0.0056379884
0.0051603262
0.0031568403
0.0057793526
0.0062959061
0.0051360363
0.0051820281
0.0045799696
0.0078342478
0.0050601707
0.0026898777
0.0042558617
0.0029447914
0.0043126375
0.0059286745
0.0055961158
0.004333093
0.0038846453
0.0070719951
0.0056092922
0.0034199294
0.00091041745
0.0093406398
0.0044689606
0.0032782718
0.0027392894
0.0066909255
0.0057695658
0.0067744329
0.00565382
0.0020025558
0.00060410286
0.0029969941
0.00089004125
0.00089939248
0.0036697469
0.0053366265
0.0046080784
0.0042261292
0.0038415881
0.0048502254
0.0024010933
0.00014368899
0.0020315562
0.0017351929
0.0013038952
0.00044228196
0.00062573795
0.0001484196
0.0026398337
0.0010473471
-0.00015027578
0.010908855
0.0089251413
-0.006970799
-0.00079654739
0.010408893
0.0078376847
0.0092301583
0.0094040466
0.0095197506
0.0091854182
0.0034413215
0.0020008195
-0.0015106711
-0.0018285133
-0.0030486015
0.0020583146
-0.0026343277
0.0030802578
-0.00071693544
0.0075714458
0.0030149334
0.0049585309
0.011375982
0.010672867
0.011266995
0.010551519
0.0091651112
0.0090821579
0.0090930321
0.0080098917
0.0076650884
0.0069231388
0.004259051
0.0044583143
0.0082617976
0.0069068803
0.0092358267
0.0065804142
0.0077648338
0.0069016017
0.0067396589
0.005338892
0.007627699
0.0054141898
0.0081414073
0.0076459993
0.00092015502
0.0077760903
0.0088998948
0.0070197367
0.009210834
0.0080476168
0.0063617825
0.0097282561
0.0084552555
0.0084384024
0.0084429231
0.009306843
0.0075344227
0.0048891212
0.0081390709
0.0074952622
0.0039010914
0.0039452061
0.0056091938
0.0030929295
0.0019700705
0.0033175861
0.00051100526
0.0049904166
0.0058247738
0.0016463774
0.0024275018
0.0053384989
0.0036229771
0.0054208109
0.0067724628
0.0037249301
0.0024152363
0.0022028767
0.0022808125
0.0030231337
0.0045052294
0.0095149867
0.0085694631
0.0092315045
0.010432985
0.0048395295
0.0027915201
0.0010502331
-0.00032534493
-0.00091024653
0.0030103401
-0.0053298359
-0.0041420292
-0.0046936144
-0.0056782589
-0.0017324776
0.0028356629
-0.0025814012
-0.0020661934
-0.0037240937
0.0027844431
0.0025290094
-0.0016007187
0.0019164851
0.00095909315
0.0089079575
0.007875918
0.0024159575
0.007287212
0.0094874885
0.008989028
0.0084844074
0.0088321935
0.0089654209
0.0087808814
-0.00062039718
0.0026598823
0.0044697419
-0.00042732429
0.0021707498
0.0036240154
0.00085314189
-0.0012366532
-0.0017245266
0.0026359511
0.0028662712
0.0090104105
0.0032917588
0.0054733998
0.0091261456
0.003206301
0.0027607736
0.004630625
0.0030801922
0.0021817809
0.0028195376
0.001216485
0.00049736436
0.0010495014
-0.0016380742
0.00076142005
-0.0011420658
0.0020456596
0.0017400311
0.0015870763
0.001515433
-0.0022831212
-0.00077491762
0.0010876241
-0.0067770424
0.00051767157
-0.00027054066
-0.0016877059
-0.0050346913
0.0017877918
-0.008035209
-0.003923748
0.002241346
-0.00031725809
-0.0047820778
-0.0025527945
-0.0038199574
0.0020170842
0.0034925194
-0.0037677996
-0.00079791365
0.0020341851
-0.0095338517
-0.0026078435
0.0012607848
0.0081251619
0.0074281248
0.008642894
0.0066394989
0.0074761791
0.0095374047
0.0082908301
0.009254931
0.0091505824
0.0092038248
0.0098466047
0.010281864
0.0094052807
0.0087428774
0.0081757328
-0.002554591
0.0054007235
0.0019706678
0.0024668468
0.00067088485
-8.1298673e-06
0.0090820087
0.0095869978
0.0020538668
0.002013443
0.003673919
0.0027664471
0.0082693047
0.007402964
0.0016812149
-0.00042202952
0.007618863
0.0088413824
0.0016782485
0.00056570629
0.00015549518
0.0027661114
0.0023320092
0.00057295777
7.949247e-05
0.0016164504
0.0011206804
0.00030584051
0.0018341526
0.0015946493
0.0021343222
0.0009202266
0.0027236776
-0.0024612921
0.0045420984
-0.0039180175
0.00041496621
-0.00090930466
0.002286453
-0.0004407433
4.8157101e-05
0.0030886226
-0.00020531057
0.0043273222
-0.0030101884
-0.0061581227
0.0072760905
0.0087327764
0.0066149823
0.0074982405
0.010008255
0.0078627475
0.0080740695
0.0068835459
0.0092612937
0.0078602996
0.0081397592
0.0079109124
0.006944609
0.0066237405
0.0079241777
0.0071414754
0.0091084378
0.007454327
0.0077011887
0.0085073641
0.0091869365
0.0081978087
0.0073562243
0.0084221746
0.0092435253
0.0082567878
0.0090283798
0.0075066582
0.0081200971
0.0070703929
0.0075197021
0.0073549275
0.0086827197
0.0073868089
0.0062646511
0.0057052951
-0.0013565278
0.0058298043
-0.00083748342
0.0035686531
0.0036416526
-0.0010479284
-0.0011858511
0.0014385957
0.00026519052
0.002566069
0.0015876751
0.0020905635
0.00016667246
-0.001247922
0.00093829591
-0.00012336246
0.00028846529
-0.00033437335
-0.0013235948
0.0020252079
0.007570365
0.0069838296
0.0072334001
0.0078794486
0.0061413348
0.0063950978
0.007482867
0.00762481
0.0052518415
0.0074202094
0.0079239209
0.0052253182
0.005401313
0.0053500201
0.0078933898
0.00538021
0.0069678998
0.0013692435
0.0027423122
0.003233953
0.0026931965
0.0041302333
0.003648399
0.0025201887
0.0027070719
0.00065456243
0.000643842
0.0022628546
-0.00078302149
-0.00089510323
-0.0014718874
-8.1540688e-05
0.00046768375
0.00060909429
0.0012900873
-0.00066393452
-0.0016861983
0.00091174719
0.00320306
-0.00020662428
-0.0016940009
-0.00033075146
0.0032055535
-0.0012499942
9.2223763e-05
0.0069590566
0.0043293514
0.0051635436
0.0066488068
0.0062784615
0.0030396593
0.00081778582
0.0012239914
-4.6631759e-05
0.0045277329
0.0041209762
-0.00048944831
0.00077349957
0.0046408761
0.0064664425
0.0044335733
0.0043632767
0.0046190625
0.0040012573
0.0027217716
0.0040242789
0.00064129499
0.0018971344
0.002384552
0.0054303904
0.0070502592
0.006038802
0.005573621
0.0063656205
-0.0018496101
0.00028774285
-0.0025901192
-0.0010759403
0.0012309524
0.0013317491
0.002339448
0.001873447
0.00012583013
0.0023227008
-0.00055786709
0.0013752173
0.0022155654
0.0026403984
0.0027423412
0.0025619662
0.0040771417
0.0032160272
0.0049111541
0.0045919026
0.00080545612
0.0024488746
0.0032652986
0.0019081057
0.003631329
0.0043365818
0.0029780688
0.00056510947
0.00075434583
-0.0006371931
0.0004523379
-0.00017984971
0.00029732273
0.0027802887
-0.00057544476
0.00070955604
0.00041055963
0.0011509654
0.0017180706
-8.3841694e-05
0.0050750658
0.0037323726
0.0061892933
0.0049900879
0.0065085011
0.0033401419
0.0029955455
0.0023478436
0.00098400719
0.0039900548
0.0011925149
0.0048293586
0.0038202837
0.0039757796
0.0044186078
0.0047067856
0.0012828686
0.00039752365
-0.00018639716
0.00027973822
-0.00059764788
0.0025494554
0.0019401551
0.0014143089
0.00077068668
-0.00064422112
-0.0015926264
0.00013924737
0.0016594562
-0.00098796971
0.0011331684
0.00021646857
0.0018546861
0.00073864544
0.0011322195
0.0025333608
0.003873022
0.0009730057
0.0028244028
0.061853159
0.070001634
0.031077929
0.033633273
0.09396326
0.099070159
0.07324732
0.072289836
0.069197077
0.072253666
0.082949801
0.07631666
0.011991692
0.0070609812
0.022888564
0.028320654
0.020173086
0.023651334
0.031489386
0.027037613
0.032761077
0.028134798
0.0037705785
0.00088382587
0.0023372147
0.0029723793
0.003110563
0.0054223512
0.0058566656
0.0033514607
0.074800431
0.061017052
0.07693202
0.082652836
0.0048694283
0.001326029
0.10511116
0.081663791
0.098950233
0.081112796
0.0045251529
-0.0022276598
0.023969478
0.00091640275
0.0096296245
0.027786581
-0.00011681098
0.016348587
0.016244536
0.062684309
-0.00088346371
0.047238352
0.027882183
0.040993268
0.018391583
0.018863493
0.032288359
0.01630949
0.027089142
-0.0076992246
-0.0019119254
0.0027244583
-0.0073311273
0.0022397118
0.01977318
0.022297643
0.0031294826
0.028098275
0.016707129
0.0011435544
0.016463684
0.027309513
0.03116997
-0.0016619836
0.002926856
0.0074776598
-0.0015523085
-0.011216696
0.025348209
0.0061006999
-0.00088363039
-0.00269214
0.0026039846
0.010843524
-5.6121387e-05
0.0068006726
0.0023732525
0.0091823879
0.010858266
0.025303655
0.0012244192
0.00038504019
0.00097255188
0.00065884846
0.00012770427
0.00088283635
0.00065004623
0.0064118429
0.0063233054
0.0086284937
0.0074323523
0.0076120988
0.0042371024
0.00095207714
0.00042630829
0.0039142551
0.0012696855
0.034542018
0.038379917
0.0072331986
0.01050836
0.027564675
0.028472427
0.029542979
0.02027511
0.0041473378
0.012882398
-0.0034120341
0.032394171
0.033164497
0.041116727
0.042410664
0.0010281861
0.016881531
0.0036028621
0.033229859
0.034571854
0.026139023
0.03696898
0.0016337655
0.017546685
0.00066273223
0.022478518
0.021403881
0.0092441846
0.0056018712
0.0083398514
0.00793156
0.0055935468
0.0080304521
0.0060275912
0.0017951683
0.0071320732
0.0045768229
0.0044156242
0.0036495241
0.0017851807
0.0052345671
0.00017502155
0.0028679691
-0.00048149527
-0.0018149374
-0.0014657059
-0.0021077033
0.0011838222
0.018538298
0.020470775
0.014478076
0.010299127
0.0019086936
0.0023259526
-0.010683405
0.00032213817
0.015719055
0.014854696
0.001178929
0.00066807287
-4.0624609e-05
0.00056471498
0.0011556535
0.00085546318
0.013941622
0.014036103
0.012692371
0.016037069
0.014059206
0.014083269
0.0083942248
0.0033722619
0.012463388
0.012584854
0.0074451197
0.0078066805
0.0012092248
0.002442722
0.0017867126
0.00041278903
0.0017826219
0.00071267282
0.0019908723
0.008296562
0.0091713256
0.0057236523
0.0027171976
0.0055394038
-0.00051359874
-0.00011755537
0.0031447163
0.0088545271
0.0085947443
0.0075926283
0.0014080346
-0.001131383
-0.00061058142
-0.00073140753
-0.0004548308
0.0032858163
0.0026038408
0.0017702381
0.0010651723
-0.00030320713
0.00030818459
0.0050257599
0.024097343
0.01976411
0.0087011704
0.0030142355
0.0014730121
0.0049590678
0.014457442
0.0066911807
0.0016712083
0.011661468
0.0030690566
0.0038316925
0.0058900128
-0.00041426571
-0.0094299612
0.0079204723
0.0097338903
0.00073213575
0.0004474219
0.00092209754
0.0074881688
-0.0093469541
0.052751211
0.031965744
0.019984743
0.01809342
0.0082681309
0.0054964451
0.0043060283
0.0053892322
VECTORS U float
1.1444592 0.11173127 0.0
1.1601218 0.020713476 0.0
1.0307387 0.056037139 0.0
1.1192699 0.079927203 0.0
1.1049618 0.077166773 0.0
1.166265 0.047369363 0.0
1.0002568 0.0041192552 0.0
1.1188015 0.065744957 0.0
1.1412835 0.10065586 0.0
1.013259 0.024586962 0.0
1.0140553 0.03106904 0.0
1.0490554 0.041099933 0.0
1.0011189 0.0095782601 0.0
1.0176374 0.020901525 0.0
1.1381403 0.088643242 0.0
1.0238912 0.04876933 0.0
1.0241244 0.046492911 0.0
1.0639039 0.07270623 0.0
1.0168448 0.041694732 0.0
1.0932793 0.062453971 0.0
1.139023 0.081646341 0.0
1.0081098 0.022516188 0.0
1.0466397 0.086258603 0.0
1.0853129 0.0758411 0.0
1.0241169 0.052211381 0.0
1.1575537 0.084818848 0.0
1.146016 0.0825921 0.0
1.1464947 0.078505976 0.0
1.1150826 0.071374729 0.0
1.016444 0.022002897 0.0
1.018854 0.042974471 0.0
1.0268279 0.042637468 0.0
1.0255933 0.045768894 0.0
1.0089795 0.050094717 0.0
1.0415883 0.051855496 0.0
1.1597839 0.084891993 0.0
1.0793001 0.062670638 0.0
1.1521894 0.086586034 0.0
1.0343843 0.057463886 0.0
1.049736 0.063250937 0.0
1.0087096 0.024611655 0.0
1.1575276 0.088266364 0.0
1.0173997 0.040245058 0.0
1.0139899 0.035894453 0.0
1.0473879 0.064768004 0.0
1.017759 0.032898495 0.0
1.0766687 0.037781088 0.0
1.009289 0.030420628 0.0
1.0035178 0.01698868 0.0
1.020197 0.042607495 0.0
1.008055 0.027465528 0.0
1.0346938 0.04742685 0.0
1.1543159 0.093109454 0.0
1.0064555 0.019071732 0.0
1.0012472 0.016971743 0.0
1.0618314 0.059478773 0.0
1.124311 0.078315046 0.0
1.0351968 0.054913531 0.0
1.0062079 0.02145827 0.0
1.0048194 0.019133419 0.0
1.0275414 0.037364757 0.0
1.0882796 0.071632817 0.0
1.0000633 0.0014690918 0.0
1.0153198 0.021054183 0.0
1.0021046 0.013101635 0.0
1.004293 0.016744685 0.0
1.00523 0.021868831 0.0
1.0204978 0.036646676 0.0
1.0225884 0.040031447 0.0
1.0617098 0.064404329 0.0
0.81591986 0.049543129 0.0
1.0176341 0.030737156 0.0
1.0311222 0.043976353 0.0
1.0072982 0.027544694 0.0
1.0821193 0.043246662 0.0
1.0107433 0.021820744 0.0
1.0162623 0.026250482 0.0
1.0713556 0.050441814 0.0
1.0404763 0.04622502 0.0
1.1219312 0.088852595 0.0
1.0350644 0.050199549 0.0
1.0295423 0.04858194 0.0
1.0513227 0.050582662 0.0
1.005134 0.016059954 0.0
1.0474604 0.04751081 0.0
1.0312442 0.040129772 0.0
1.1092871 0.069630899 0.0
1.0384192 0.045262966 0.0
1.066916 0.066333293 0.0
1.0007717 0.010862657 0.0
1.1424515 0.098568221 0.0
1.0256016 0.03374689 0.0
1.0032966 0.013240348 0.0
1.0130763 0.03317919 0.0
1.010109 0.028878706 0.0
1.0416272 0.019491583 0.0
1.143145 0.10781533 0.0
1.155567 0.090298281 0.0
1.0330945 0.03682984 0.0
1.1518384 0.080651416 0.0
1.0097046 0.023302906 0.0
1.0156546 0.032752715 0.0
0.95261765 0.05351607 0.0
1.1570908 0.087841677 0.0
1.0147095 0.034880923 0.0
1.0046714 0.015427769 0.0
1.1308349 0.078830439 0.0
1.1018115 0.073205001 0.0
1.0207354 0.041007542 0.0
1.0003219 0.0021771122 0.0
1.1268144 0.096622559 0.0
1.1343398 0.08877597 0.0
1.0104057 0.026181176 0.0
1.01159 0.02072817 0.0
1.1498119 0.08867039 0.0
1.0071797 0.022001954 0.0
1.0944257 0.07959103 0.0
1.1236146 0.10041886 0.0
1.0826892 0.082643026 0.0
1.0225502 0.036023132 0.0
1.0312487 0.048498132 0.0
1.1056403 0.070915844 0.0
1.0401266 0.057486259 0.0
1.0379741 0.03936161 0.0
1.0120067 0.025363627 0.0
1.029777 0.034356397 0.0
1.0178553 0.039250891 0.0
1.0759591 0.073170317 0.0
1.1184559 0.050340127 0.0
1.0252617 0.035031808 0.0
1.0286997 0.042269812 0.0
1.0575882 0.064790739 0.0
1.0270329 0.048907384 0.0
1.0570034 0.0578409 0.0
1.0203362 0.032583461 0.0
1.0165216 0.032170902 0.0
1.0996013 0.085649778 0.0
1.1158254 0.093599775 0.0
1.0199373 0.03906279 0.0
1.0027618 0.011398076 0.0
1.0326958 0.054660881 0.0
1.0731056 0.073554843 0.0
1.0250079 0.037653801 0.0
0.50015555 0.017300797 0.0
1.0186468 0.028020066 0.0
1.0149021 0.026508812 0.0
1.0850685 0.03977866 0.0
1.1575444 0.086429313 0.0
1.0498877 0.052451871 0.0
1.1181867 0.069328244 0.0
1.0688477 0.065044632 0.0
1.0833766 0.076439687 0.0
1.034057 0.029705323 0.0
1.0087297 0.020323911 0.0
1.043759 0.057224884 0.0
1.0450704 0.051377375 0.0
1.0509866 0.060524454 0.0
1.0192751 0.025967977 0.0
1.0415092 0.044905096 0.0
1.037867 0.049227738 0.0
1.0976482 0.068698937 0.0
1.0460528 0.053976463 0.0
1.0577333 0.052492017 0.0
1.0340928 0.041039253 0.0
1.0601877 0.035106995 0.0
1.1192317 0.07142473 0.0
1.0963349 0.044719618 0.0
1.1398969 0.085184101 0.0
1.0635754 0.057870639 0.0
1.1388377 0.071230333 0.0
1.0568064 0.048534034 0.0
1.1238152 0.08007725 0.0
1.144597 0.09543679 0.0
1.0258396 0.050190903 0.0
1.0690771 0.055139074 0.0
1.0778704 0.051959182 0.0
1.0414816 0.040349317 0.0
1.0966773 0.078455839 0.0
1.1044504 0.080339482 0.0
1.0607165 0.051419578 0.0
1.049364 0.046495419 0.0
1.1091216 0.065052569 0.0
1.1221981 0.097222924 0.0
1.0785139 0.043788857 0.0
1.0956934 0.070632974 0.0
1.147017 0.10374103 0.0
1.1507592 0.10046071 0.0
1.0907825 0.064885487 0.0
1.0770694 0.067045484 0.0
1.1610274 0.079182998 0.0
1.1103864 0.076585239 0.0
1.1528753 0.095107129 0.0
1.1193799 0.086759399 0.0
1.0511129 0.057851669 0.0
1.0717894 0.055227179 0.0
1.1562989 0.078488763 0.0
1.1423664 0.093049991 0.0
1.1476294 0.096109456 0.0
1.1465869 0.10262523 0.0
1.073841 0.066828398 0.0
1.0863508 0.058752059 0.0
1.1607646 0.081748565 0.0
1.0676904 0.086346128 0.0
1.1607477 0.083195794 0.0
1.1544733 0.073754818 0.0
1.1507565 0.078788603 0.0
1.1485769 0.092401172 0.0
1.1510273 0.089996149 0.0
1.1562184 0.086083894 0.0
1.1344704 0.096110565 0.0
1.1152726 0.068875578 0.0
1.1292339 0.076011166 0.0
1.0570473 0.065665109 0.0
1.0411044 0.055412896 0.0
1.0593528 0.042676658 0.0
1.047068 0.081608458 0.0
1.1497339 0.083877329 0.0
1.1470872 0.074762703 0.0
1.1487157 0.092587727 0.0
1.1497242 0.094125696 0.0
1.1231034 0.065465751 0.0
1.0451402 0.056862162 0.0
1.0791581 0.057446097 0.0
1.1109436 0.0633644 0.0
1.0961703 0.057829472 0.0
1.1429773 0.076136599 0.0
1.1246869 0.085821138 0.0
1.0556829 0.059289486 0.0
1.1014354 0.053603134 0.0
1.1228561 0.069060481 0.0
1.1345553 0.075603163 0.0
1.147213 0.080172796 0.0
1.1515231 0.090124702 0.0
1.0711765 0.061585866 0.0
1.1037117 0.063802572 0.0
1.14208 0.10242282 0.0
1.1357727 0.085548682 0.0
1.1364759 0.091371152 0.0
1.1033737 0.048096115 0.0
1.1076868 0.058050206 0.0
1.097946 0.057069264 0.0
1.1505182 0.097966518 0.0
1.1433728 0.085180894 0.0
1.0483293 0.064537023 0.0
1.1014548 0.064354507 0.0
1.0733132 0.060736041 0.0
1.0865749 0.038973465 0.0
1.0871361 0.045681445 0.0
1.104905 0.059437631 0.0
1.0990519 0.068531515 0.0
1.1038976 0.095086716 0.0
1.1424446 0.094212823 0.0
1.1333596 0.072768667 0.0
1.0573704 0.024370005 0.0
1.0874715 0.058196938 0.0
1.1164858 0.060567464 0.0
1.0952248 0.052379724 0.0
1.0450944 0.061226692 0.0
1.0902128 0.035457405 0.0
1.1309276 0.091229611 0.0
0.96466663 0.063018547 0.0
1.1436373 0.10446946 0.0
1.1490953 0.10185334 0.0
1.1164477 0.069747243 0.0
1.094711 0.064577864 0.0
1.1299133 0.059196072 0.0
1.1491257 0.099667332 0.0
1.0913431 0.091186834 0.0
1.1323982 0.11246724 0.0
1.0734169 0.079414973 0.0
1.1037352 0.085256565 0.0
1.015693 0.054168755 0.0
1.1318535 0.097477801 0.0
1.1260959 0.082009626 0.0
1.1274668 0.089025623 0.0
1.1196549 0.046699756 0.0
1.1487616 0.056690298 0.0
1.0429458 0.058478488 0.0
1.0581907 0.055271032 0.0
1.0009438 0.0058228921 0.0
1.0065852 0.017934935 0.0
1.0076701 0.017601557 0.0
1.0101003 0.020435215 0.0
1.0257086 0.029429445 0.0
1.0749582 0.035944038 0.0
1.0199788 0.019273289 0.0
1.0909874 0.056095614 0.0
1.0778165 0.057999264 0.0
1.084505 0.048661339 0.0
1.0887196 0.049013443 0.0
1.0222142 0.026943743 0.0
1.0934886 0.045353056 0.0
1.0921594 0.041085936 0.0
1.0760818 0.028144779 0.0
1.0796867 0.050876489 0.0
1.01481 0.01413819 0.0
1.0897938 0.044305375 0.0
1.1071212 0.046236536 0.0
1.0681445 0.049447621 0.0
1.0796901 0.046075808 0.0
1.0811521 0.033891498 0.0
1.0086927 0.01365876 0.0
1.0765868 0.046462306 0.0
1.0841367 0.051390171 0.0
1.080834 0.038833787 0.0
1.1066909 0.03749524 0.0
1.07275 0.049854823 0.0
1.0214928 0.032632558 0.0
1.1153286 0.050999546 0.0
1.098354 0.041202264 0.0
1.0815674 0.030287968 0.0
1.0937685 0.040058373 0.0
1.0776329 0.033234211 0.0
1.0090219 0.015832412 0.0
1.118773 0.058919033 0.0
1.0733724 0.039806749 0.0
1.1076724 0.042251759 0.0
1.1033214 0.052711469 0.0
1.0913045 0.030272171 0.0
1.0203991 0.028609013 0.0
1.1055659 0.052544698 0.0
1.0139423 0.022636629 0.0
1.0727782 0.045412904 0.0
1.0676979 0.02588 0.0
1.1304955 0.063114446 0.0
1.0677941 0.022416293 0.0
1.0930192 0.035037822 0.0
1.0832233 0.032620524 0.0
1.0724608 0.028381983 0.0
1.1078109 0.047990328 0.0
1.0989274 0.037109616 0.0
1.1170277 0.047624651 0.0
1.0947988 0.018144319 0.0
1.0638458 0.016144936 0.0
1.0745609 0.02494297 0.0
1.0702738 0.02195182 0.0
1.0233514 0.022905836 0.0
1.1253909 0.056511396 0.0
1.1102901 0.045351332 0.0
1.150492 0.066065627 0.0
1.1439162 0.050935751 0.0
1.127987 0.046656224 0.0
1.1101209 0.041964108 0.0
1.100932 0.039914628 0.0
1.0953832 0.030850118 0.0
1.0839914 0.028966406 0.0
1.0795625 0.023588581 0.0
1.0729232 0.030262177 0.0
1.0707619 0.032540994 0.0
1.1287341 0.048573398 0.0
1.132554 0.047261768 0.0
1.1185159 0.054781271 0.0
1.125705 0.054122706 0.0
1.1155211 0.055636771 0.0
1.1260079 0.060200558 0.0
1.117153 0.041844857 0.0
1.1016499 0.035591164 0.0
1.1145862 0.032698682 0.0
1.0824596 0.017731049 0.0
1.0780593 0.024833532 0.0
1.0673979 0.016207065 0.0
1.1302976 0.05383645 0.0
1.1201338 0.042170928 0.0
1.1442648 0.067615987 0.0
1.1286006 0.068796473 0.0
1.0898191 0.031233068 0.0
1.0828595 0.023184057 0.0
1.1070407 0.030936011 0.0
1.0884698 0.025815847 0.0
1.0665813 0.0053226632 0.0
1.0744352 0.018676087 0.0
1.0204876 0.011920865 0.0
1.0211019 0.021608307 0.0
1.1540768 0.065233663 0.0
1.1679377 0.064641601 0.0
1.1337654 0.045632575 0.0
1.0960352 0.027152669 0.0
1.1236618 0.063995246 0.0
1.1438947 0.063904684 0.0
1.1456893 0.074139535 0.0
1.1432628 0.068121541 0.0
1.1265562 0.041284458 0.0
1.089292 0.021095624 0.0
1.1271111 0.02211105 0.0
1.1260074 0.022588882 0.0
1.0704426 0.017830067 0.0
1.0619195 0.017403025 0.0
1.1259957 0.048823212 0.0
1.1406652 0.051559384 0.0
1.1293866 0.054955149 0.0
1.1346442 0.052087739 0.0
1.1521126 0.053197316 0.0
1.112609 0.033654315 0.0
1.1398124 0.052716594 0.0
1.1413481 0.046763696 0.0
1.116729 0.044020183 0.0
1.1082428 0.036880186 0.0
1.0978757 0.029283221 0.0
1.1221936 0.028016709 0.0
1.0979987 0.025721953 0.0
1.0949429 0.014303527 0.0
1.1478527 0.058423958 0.0
1.1607486 0.061148934 0.0
1.1544772 0.051240059 0.0
1.117114 0.028033477 0.0
1.1085699 0.035635913 0.0
1.1039007 0.031071172 0.0
1.1057692 0.02756395 0.0
1.0585497 0.0037449401 0.0
1.0777773 0.013700982 0.0
1.0470613 0.0057064581 0.0
1.0994459 0.062907442 0.0
1.1700122 0.052876225 0.0
1.1397816 0.047357445 0.0
1.1252703 0.037509169 0.0
1.1211226 0.04044101 0.0
1.1134481 0.03513236 0.0
1.1167112 0.029431983 0.0
1.1111021 0.028094454 0.0
1.1297598 0.028887123 0.0
1.1264486 0.032887574 0.0
1.121821 0.023467963 0.0
1.0721131 0.0097525367 0.0
1.0964207 0.020527442 0.0
1.120452 0.031406662 0.0
1.1312931 0.027666371 0.0
1.0562544 0.012495752 0.0
1.1351522 0.054262843 0.0
1.1580436 0.057429989 0.0
1.1183653 0.018645301 0.0
1.1508401 0.048958842 0.0
1.1289793 0.039517268 0.0
1.119013 0.036800861 0.0
1.139644 0.043676798 0.0
1.0700347 0.0058580286 0.0
1.0754112 0.0092112835 0.0
1.0612109 0.0081776643 0.0
1.1415209 0.060242656 0.0
1.1544675 0.061690288 0.0
1.1567061 0.058505491 0.0
1.1631374 0.053257601 0.0
1.1260992 0.037045974 0.0
1.1358722 0.025939313 0.0
1.1647913 0.067474309 0.0
1.162322 0.057287553 0.0
1.1624889 0.050676404 0.0
1.1730115 0.056448457 0.0
1.1291214 0.036286249 0.0
1.1185339 0.027314269 0.0
1.0782665 0.017836481 0.0
1.0879823 0.016972703 0.0
1.1619114 0.053715023 0.0
1.1566744 0.046783158 0.0
1.1478131 0.040454063 0.0
1.1452829 0.031782267 0.0
1.0667931 0.010049553 0.0
1.0817027 0.012628742 0.0
1.172611 0.058086935 0.0
1.1686832 0.055924391 0.0
1.1375788 0.036780886 0.0
1.1365948 0.038158124 0.0
1.1421352 0.040615181 0.0
1.1097856 0.028530871 0.0
1.1652614 0.048632204 0.0
1.0829489 0.014751539 0.0
1.1528445 0.046671733 0.0
1.1414205 0.043034285 0.0
1.1483447 0.041774491 0.0
1.1474233 0.042425996 0.0
1.1656732 0.050263489 0.0
1.151925 0.037624926 0.0
1.0825994 0.021244081 0.0
1.1475673 0.031247258 0.0
1.0078091 0.041593207 0.0
1.1732461 0.049235915 0.0
1.1710327 0.060213665 0.0
1.1562886 0.032786578 0.0
1.0765961 0.014513455 0.0
1.1284046 0.031971399 0.0
1.0440953 0.0018758067 0.0
1.1315281 0.032626812 0.0
1.1707977 0.054475104 0.0
1.1594278 0.042810789 0.0
1.0672943 0.0149905 0.0
1.0530247 0.0016332006 0.0
1.1350229 0.027643454 0.0
1.0913319 0.020520136 0.0
1.1191889 0.033214907 0.0
1.0817515 0.015550276 0.0
1.0667481 0.0060479164 0.0
1.0901111 0.016184332 0.0
1.0666411 0.011538854 0.0
1.1218938 0.017279147 0.0
1.1005225 0.022331455 0.0
1.0853743 0.019452912 0.0
1.0206821 0.00054363303 0.0
1.0793465 0.0088161427 0.0
1.1422689 0.031314222 0.0
1.0909463 0.025355114 0.0
1.1417652 0.037084314 0.0
1.1502706 0.038586631 0.0
1.0940424 0.021159946 0.0
1.1384645 0.023528341 0.0
1.1559057 0.044981043 0.0
1.1713779 0.052815596 0.0
1.1401243 0.033119624 0.0
1.1169591 0.022295264 0.0
1.1618058 0.037573445 0.0
1.1578838 0.037380335 0.0
1.0728809 0.0089226921 0.0
1.0366898 0.0012744395 0.0
1.0728398 0.013264175 0.0
1.0809067 0.0072707189 0.0
1.094264 0.10217639 0.0
1.0942323 0.087818373 0.0
1.0645757 0.070052514 0.0
1.0901703 0.082015734 0.0
1.0631037 0.076293824 0.0
1.0844809 0.081814827 0.0
1.0441588 0.070474232 0.0
1.1460834 0.10620658 0.0
1.0588222 0.071226193 0.0
1.0719935 0.080346331 0.0
1.0518569 0.066199593 0.0
1.059164 0.075031439 0.0
1.0799244 0.086745951 0.0
1.0939696 0.094018946 0.0
1.0780209 0.091458415 0.0
1.09279 0.0990739 0.0
1.0568538 0.07657259 0.0
1.0994879 0.10068643 0.0
1.0211813 0.049238465 0.0
1.033945 0.063593641 0.0
1.1250694 0.11113962 0.0
1.1095187 0.092099485 0.0
1.074637 0.087764511 0.0
1.0853617 0.099142789 0.0
1.0296516 0.058355165 0.0
1.0059563 0.018046649 0.0
1.0753402 0.093393919 0.0
1.1117893 0.1169085 0.0
1.121266 0.11196247 0.0
1.1066844 0.10004481 0.0
1.1125524 0.11360787 0.0
1.1226378 0.1147872 0.0
1.1368388 0.11525845 0.0
1.1394369 0.12077805 0.0
1.1251754 0.1264348 0.0
1.0371708 0.086393904 0.0
1.0847437 0.10612477 0.0
1.1219162 0.1027183 0.0
1.1431375 0.10784408 0.0
1.1409493 0.11918594 0.0
0.7042698 0.027356299 0.0
0.76730314 0.043990854 0.0
1.1343952 0.11124293 0.0
1.1420911 0.11932899 0.0
1.1055179 0.092160494 0.0
1.1163593 0.089378083 0.0
1.126717 0.10487658 0.0
1.1241346 0.098164068 0.0
1.120074 0.092410738 0.0
1.0491617 0.061820648 0.0
1.0105621 0.058566315 0.0
0.9198697 0.039773417 0.0
1.0792748 0.052371558 0.0
1.1682453 0.056785145 0.0
1.0030608 0.015309995 0.0
1.0002382 0.0043244967 0.0
1.0282682 0.024536224 0.0
1.0195793 0.021993471 0.0
1.0124127 0.016463066 0.0
1.0023798 0.010030188 0.0
1.0176167 0.017832349 0.0
1.0123029 0.017772288 0.0
1.0101869 0.017158975 0.0
1.0071232 0.015818959 0.0
1.0046225 0.011801307 0.0
1.0058072 0.016214386 0.0
1.1142294 0.056188364 0.0
1.1063145 0.04898443 0.0
1.1355008 0.070713042 0.0
1.1376524 0.066083779 0.0
1.1533513 0.079111558 0.0
1.1581316 0.075901398 0.0
1.1628507 0.077114879 0.0
1.1468255 0.073769267 0.0
1.0759899 0.017451743 0.0
1.1081956 0.023931648 0.0
1.0247473 0.014672349 0.0
1.0293879 0.026955655 0.0
1.0851306 0.011690602 0.0
1.0791962 0.01711613 0.0
1.1412235 0.059622387 0.0
1.1429952 0.057618381 0.0
1.137134 0.060915819 0.0
1.1531544 0.066736207 0.0
1.1643112 0.072729463 0.0
1.1619575 0.065515215 0.0
1.1478051 0.045016374 0.0
1.158704 0.046616036 0.0
1.1702105 0.061587376 0.0
1.0897183 0.056710775 0.0
0.92060296 0.035652439 0.0
1.1594393 0.044784449 0.0
1.1399966 0.026079939 0.0
1.056549 0.0075534712 0.0
1.1084584 0.016719439 0.0
1.0609527 0.0036027238 0.0
1.067975 0.0091495476 0.0
1.0588456 0.0039141543 0.0
1.134003 0.021362809 0.0
1.1016419 0.025563449 0.0
1.0754032 0.0081438622 0.0
1.0976012 0.016784628 0.0
1.0419028 0.00021329527 0.0
1.0766557 0.007006747 0.0
1.0897426 0.013279481 0.0
1.1451418 0.027874783 0.0
1.1515604 0.040191547 0.0
1.1430305 0.036099423 0.0
1.1737772 0.055020109 0.0
1.0007245 0.0060138906 0.0
1.0322739 0.065751728 0.0
1.0484549 0.079194392 0.0
1.0159184 0.039193751 0.0
1.0340468 0.061018775 0.0
1.02353 0.053543472 0.0
1.0004933 0.0062360961 0.0
1.0460406 0.073812597 0.0
1.0416155 0.062646774 0.0
1.0146792 0.038300504 0.0
1.010994 0.038306958 0.0
1.001738 0.011652056 0.0
0.24475902 0.010951422 0.0
1.0054237 0.027798827 0.0
1.0081437 0.03201027 0.0
1.0488373 0.07855002 0.0
1.1379327 0.064520015 0.0
1.107756 0.095297164 0.0
1.119797 0.099959327 0.0
1.1200931 0.12805029 0.0
1.118494 0.10395414 0.0
1.0247115 0.078853202 0.0
0.97228742 0.069169131 0.0
0.78279422 0.03757025 0.0
1.0789626 0.080232307 0.0
1.1440885 0.10616526 0.0
1.1454354 0.11037446 0.0
1.1428433 0.11776475 0.0
1.1304842 0.11049696 0.0
1.091813 0.11347676 0.0
1.0706778 0.047003581 0.0
0.57997002 0.011381106 0.0
0.9341203 0.038421829 0.0
1.0604334 0.054666319 0.0
1.1364691 0.068897409 0.0
1.0024119 0.013246129 0.0
1.0042295 0.017792583 0.0
1.0055027 0.019293804 0.0
1.0450281 0.014804815 0.0
1.0223965 0.025922376 0.0
1.0278812 0.027347137 0.0
1.0006627 0.00573347 0.0
1.0005119 0.0058764098 0.0
1.0245592 0.025644851 0.0
1.0246431 0.020288792 0.0
1.0208146 0.017142848 0.0
1.0301987 0.030863139 0.0
1.0253597 0.02282329 0.0
1.0357373 0.03532249 0.0
1.0325272 0.031723205 0.0
1.0302231 0.024241566 0.0
1.0159671 0.017802285 0.0
1.0582969 0.047078442 0.0
1.0472443 0.023628291 0.0
1.0282384 0.020427942 0.0
1.0218474 0.015840277 0.0
1.0353075 0.037680157 0.0
1.0382316 0.032400427 0.0
1.0457731 0.04290436 0.0
1.0382022 0.035385094 0.0
1.0460211 0.03785775 0.0
1.0238039 0.016325292 0.0
1.038281 0.018389478 0.0
1.0358963 0.019136901 0.0
1.0178829 0.012717047 0.0
1.011879 0.012793387 0.0
1.0263129 0.019319032 0.0
1.0290155 0.015247166 0.0
1.0219275 0.018860456 0.0
1.0169612 0.015730403 0.0
1.0142976 0.011782212 0.0
1.0101092 0.013416611 0.0
1.0193999 0.012894875 0.0
1.0186468 0.015938834 0.0
1.0228547 0.012489518 0.0
1.0134083 0.0059120919 0.0
1.0329643 0.014174215 0.0
1.0424122 0.022360935 0.0
1.0060924 0.0079636359 0.0
1.0010723 0.0056851125 0.0
1.0276378 0.015894156 0.0
1.0235308 0.011132055 0.0
1.0158219 0.011365591 0.0
1.011653 0.010090841 0.0
1.0365466 0.021022834 0.0
1.0435746 0.018454713 0.0
1.0305616 0.010400561 0.0
1.0155708 0.009175338 0.0
1.0192415 0.0037971093 0.0
1.01094 0.011611856 0.0
1.0091912 0.010386213 0.0
1.0102208 0.014390886 0.0
1.0406525 0.0097660439 0.0
1.0319522 0.016063733 0.0
1.0270147 0.010785787 0.0
1.0196862 0.009366609 0.0
1.0374301 0.028469038 0.0
1.0217574 0.0094759002 0.0
1.0332948 0.021891098 0.0
1.0588869 0.029969355 0.0
1.0376891 0.014823462 0.0
1.0532926 0.024189488 0.0
1.0422263 0.033089595 0.0
1.0565801 0.037215762 0.0
1.0358563 0.0050145036 0.0
1.0406086 0.022742726 0.0
1.0288454 0.009903263 0.0
1.0112263 0.00067209577 0.0
1.0238315 0.0060852371 0.0
1.0506953 0.014918987 0.0
1.0458851 0.019366861 0.0
1.0361618 0.015513971 0.0
1.032098 0.0096315895 0.0
1.0519178 0.025791335 0.0
1.0480934 0.019401229 0.0
1.0520691 0.029849818 0.0
1.0645762 0.025075446 0.0
1.0510164 0.017516925 0.0
1.035322 0.010870151 0.0
1.0407534 0.015306582 0.0
1.0483385 0.017378329 0.0
1.0316439 0.0060020644 0.0
1.0301374 0.0068548183 0.0
1.0690951 0.014165625 0.0
1.036752 0.010501889 0.0
1.0152979 0.0014085925 0.0
1.0264462 0.0067490432 0.0
1.042172 0.0064620939 0.0
1.0270141 0.0027158523 0.0
1.05442 0.019839131 0.0
1.0454209 0.012871039 0.0
1.0346644 0.0070711607 0.0
1.0202303 0.0015225218 0.0
1.0397895 0.011260051 0.0
1.0363872 0.0068205938 0.0
1.0422619 0.014491998 0.0
1.0471615 0.012666996 0.0
1.0386143 0.0049021691 0.0
1.0249001 0.0044524567 0.0
1.0581541 0.019487593 0.0
1.0547179 0.01506019 0.0
1.0149815 0.0015432382 0.0
1.0215146 0.0040297553 0.0
1.044855 0.0075448469 0.0
1.0423072 0.0098415808 0.0
1.052194 0.014269629 0.0
1.0360533 0.0018838629 0.0
1.0612672 0.020726886 0.0
1.0566368 0.014725351 0.0
1.0582012 0.012055658 0.0
1.050353 0.010157609 0.0
1.0273532 0.0059606289 0.0
1.0246868 0.0030213584 0.0
1.0174343 0.0030005546 0.0
1.022102 0.0069530754 0.0
1.0223791 0.0037310055 0.0
1.0073201 0.0080161694 0.0
1.0118202 6.3657025e-05 0.0
1.0465535 0.007693473 0.0
1.0525031 0.010303757 0.0
1.051711 0.0087092387 0.0
1.0608366 0.012824111 0.0
1.0527243 0.0082692153 0.0
1.055401 0.0077168844 0.0
1.0340345 0.0024206505 0.0
1.0723333 0.014713192 0.0
1.0552022 0.0091547714 0.0
1.0633303 0.011508643 0.0
1.0261017 -0.00021831382 0.0
1.0617429 0.011018859 0.0
1.0569453 0.0087362055 0.0
1.0630058 0.019551696 0.0
1.0616104 0.02299141 0.0
1.0888644 0.01023258 0.0
1.105036 0.018353002 0.0
1.1540405 0.033539397 0.0
1.1408702 0.022649331 0.0
1.1280601 0.016642998 0.0
1.1175114 0.013026416 0.0
1.0848477 0.0104351 0.0
1.0705007 0.005282348 0.0
1.096026 0.013351438 0.0
1.1061707 0.016499197 0.0
1.0778665 0.0064230648 0.0
1.0620217 0.0030917166 0.0
1.1157618 0.018902174 0.0
1.1011838 0.017964857 0.0
1.1235231 0.021941904 0.0
1.1315038 0.021469522 0.0
1.1309814 0.017866357 0.0
1.1254539 0.019115103 0.0
1.138464 0.019192987 0.0
1.1065751 0.0088525845 0.0
1.0954859 0.010707485 0.0
1.0196666 0.00032871488 0.0
1.0431132 0.004741058 0.0
1.0641013 0.0072716236 0.0
1.0282506 -0.0004357599 0.0
1.0694282 0.0044085545 0.0
1.1710199 0.058053628 0.0
1.1649185 0.058475047 0.0
1.1686226 0.059557326 0.0
1.1688564 0.061177972 0.0
1.1289492 0.054661695 0.0
0.93146532 0.039189429 0.0
1.1667201 0.062376066 0.0
1.1659514 0.066033459 0.0
1.1656967 0.05961196 0.0
1.0001893 0.0031394579 0.0
1.1165237 0.054081949 0.0
1.1687794 0.063184344 0.0
1.1656839 0.062073212 0.0
1.1399908 0.06088342 0.0
1.0017424 0.010287061 0.0
1.1664911 0.069089978 0.0
1.1675422 0.064984196 0.0
1.1498175 0.061541807 0.0
1.1661715 0.066820563 0.0
1.1632386 0.074373722 0.0
1.0306121 0.060782603 0.0
1.1450338 0.11770576 0.0
1.0003953 0.0078086648 0.0
1.0004299 0.0034372134 0.0
1.1323683 0.056006001 0.0
1.0001611 0.0021851732 0.0
1.0012653 0.0098658824 0.0
1.0021524 0.0088794927 0.0
1.0135828 0.043801985 0.0
0.85569887 0.029437388 0.0
1.0000611 0.0023609875 0.0
1.0858435 0.053876533 0.0
1.000482 0.0035848676 0.0
1.0013316 0.0096892096 0.0
0.98526127 0.044552137 0.0
1.0036387 0.013996276 0.0
1.0321157 0.027945992 0.0
1.0405795 0.036985345 0.0
1.0380633 0.076252068 0.0
1.0683673 0.094359403 0.0
1.0015237 0.0073889893 0.0
0.94516699 0.058060545 0.0
1.0674879 0.051773167 0.0
1.038974 0.029057106 0.0
1.1464983 0.11389175 0.0
1.0456343 0.031877921 0.0
1.0098062 0.057722307 0.0
1.1319275 0.01764197 0.0
1.2187675 0.018664543 0.0
1.1401657 0.12030892 0.0
1.0344149 0.0258047 0.0
1.070749 0.10522955 0.0
1.0324843 0.025808859 0.0
0.9126936 0.037389572 0.0
1.0449647 0.033955005 0.0
1.0454801 0.024000084 0.0
1.1409997 0.11145493 0.0
1.0021112 0.011397079 0.0
1.0624239 0.096439309 0.0
1.0398711 0.027671732 0.0
1.0351422 0.022018769 0.0
1.0301213 0.019935487 0.0
1.0042798 0.0049853232 0.0
1.018555 0.0059290914 0.0
1.0141183 0.016419458 0.0
1.0132442 0.013699392 0.0
1.0028913 0.00030016717 0.0
1.0001523 0.0016384569 0.0
1.0084886 0.011501633 0.0
1.0015232 0.0068520426 0.0
1.0454927 0.0055594542 0.0
1.0278474 0.0011242764 0.0
1.0505288 0.006070889 0.0
1.0419497 0.0042688788 0.0
1.0515103 0.0066538682 0.0
1.0513334 0.0044023101 0.0
1.0109015 0.0007333714 0.0
1.0370338 0.0030509868 0.0
1.0602976 0.00844186 0.0
1.0462162 0.0011344636 0.0
1.0209996 0.00016302317 0.0
1.0381231 0.0015657721 0.0
1.0638734 0.01077628 0.0
1.0683362 0.011140504 0.0
1.1492525 0.027966877 0.0
1.1454504 0.017921564 0.0
1.0967584 0.0064011861 0.0
1.0934761 0.011690007 0.0
1.1033943 0.021722323 0.0
1.1103356 0.023665682 0.0
1.1154231 0.023366648 0.0
1.1107169 0.021804906 0.0
1.1308642 0.02296762 0.0
1.1275702 0.018971975 0.0
1.1268135 0.016950473 0.0
1.1301562 0.015492593 0.0
1.0636058 0.0044602833 0.0
1.0144592 0.0001466153 0.0
1.0486356 0.0017442344 0.0
1.0565561 0.0055605235 0.0
1.0072054 7.3240132e-05 0.0
1.031217 0.0014294966 0.0
1.0867713 0.010100601 0.0
1.0848774 0.0084721953 0.0
1.0894628 0.0082047251 0.0
1.1585009 0.06220409 0.0
1.1521249 0.06278928 0.0
1.1643162 0.069984782 0.0
1.159936 0.06651836 0.0
1.1634582 0.071342922 0.0
1.1634772 0.071671062 0.0
1.148084 0.060047347 0.0
1.1543055 0.065764826 0.0
1.1625177 0.061095094 0.0
1.1621855 0.063131281 0.0
1.0655523 0.05452715 0.0
1.0870907 0.052071004 0.0
1.1764412 0.051380879 0.0
1.1531329 0.025722815 0.0
1.1485729 0.043409542 0.0
1.1662508 0.041667566 0.0
1.1763353 0.050374143 0.0
1.1730342 0.039244368 0.0
1.1744511 0.054044791 0.0
1.1758179 0.051752343 0.0
1.1658306 0.054969882 0.0
1.1448641 0.052278213 0.0
1.1789044 0.047843241 0.0
1.174021 0.051239003 0.0
1.1692534 0.053871216 0.0
1.1749477 0.051556709 0.0
1.089631 0.051308627 0.0
1.1475873 0.048026347 0.0
1.0009958 0.0075047655 0.0
1.0008539 0.0075030089 0.0
1.0197411 0.049598289 0.0
1.0247632 0.060660946 0.0
1.0180686 0.057136324 0.0
1.1437634 0.13616587 0.0
1.0613349 0.091452612 0.0
1.0568265 0.082803264 0.0
1.0515304 0.092916416 0.0
1.0881653 0.11625762 0.0
1.091762 0.10742326 0.0
1.0672049 0.08988087 0.0
1.0564118 0.080594957 0.0
1.0404912 0.070571658 0.0
1.0710461 0.089070804 0.0
1.0477735 0.07091652 0.0
1.0583403 0.10176632 0.0
0.27757695 0.013550445 0.0
1.1126725 0.13482437 0.0
1.1373069 0.12348416 0.0
1.0547254 0.090673554 0.0
1.077622 0.11087901 0.0
1.082116 0.11210064 0.0
1.1233735 0.13230471 0.0
1.1295756 0.14439155 0.0
1.1377441 0.13211829 0.0
1.0039892 0.011644608 0.0
1.0032545 0.010608295 0.0
1.0042046 0.009654393 0.0
1.0012891 0.0070053326 0.0
1.0040952 0.010993645 0.0
1.0002673 0.0043968539 0.0
0.92234847 0.078770616 0.0
1.0852356 0.097785346 0.0
1.0448858 0.059432741 0.0
0.88118079 0.042673913 0.0
1.1408061 0.10765758 0.0
1.1302656 0.10359326 0.0
0.75601112 0.02709134 0.0
0.78656412 0.023001156 0.0
0.768523 0.032680559 0.0
0.77149588 0.023668602 0.0
1.131386 0.064917087 0.0
1.1518363 0.073998871 0.0
1.1666662 0.069527902 0.0
1.1574864 0.070509798 0.0
1.0363643 0.0307175 0.0
1.0411075 0.033503367 0.0
1.0431563 0.03635757 0.0
1.0475526 0.036476051 0.0
1.0526916 0.036594423 0.0
1.0639243 0.042171537 0.0
1.0180503 0.0081574271 0.0
1.0101136 0.0045237135 0.0
1.0085427 0.0036734069 0.0
1.0006126 0.0014454653 0.0
1.0039882 0.0065849863 0.0
1.0202955 0.0056551327 0.0
1.0060046 0.0095414653 0.0
1.0075513 0.012330197 0.0
1.0064176 0.011592437 0.0
1.0080068 0.015273199 0.0
1.0271762 0.0035068789 0.0
1.0435056 0.0041078152 0.0
1.0295623 0.0028764181 0.0
1.0776049 0.0024821013 0.0
1.1176963 0.011084593 0.0
1.1545634 0.029669807 0.0
1.1415442 0.019254475 0.0
1.1147073 0.020199217 0.0
1.110114 0.015227417 0.0
1.1008776 0.014026375 0.0
1.0994968 0.012045584 0.0
1.1080361 0.015017858 0.0
1.0121519 -9.7362746e-05 0.0
1.1235596 0.012682441 0.0
1.0970228 0.0081629769 0.0
1.0183154 0.00031413794 0.0
1.031624 -0.00033024664 0.0
1.017253 -0.00023802407 0.0
1.0434291 0.0016192835 0.0
1.0691787 0.004824214 0.0
1.0144897 0.00034343962 0.0
1.0574814 0.0027825179 0.0
1.0750372 0.0059344128 0.0
1.054466 0.00081587599 0.0
1.0207178 0.00052404818 0.0
1.0108876 0.00051458873 0.0
1.0851821 0.00774311 0.0
1.0590737 0.0025986274 0.0
1.0904024 0.0082277408 0.0
1.0720822 0.0044213246 0.0
1.0498502 0.0011516067 0.0
1.0518586 0.0022294853 0.0
1.0555427 0.0014894337 0.0
1.0448479 0.00079765864 0.0
1.0180908 -0.00089088411 0.0
1.0833089 0.0061423278 0.0
1.1084451 0.006812824 0.0
1.1603781 0.071291741 0.0
1.161922 0.075940403 0.0
1.1607977 0.07402945 0.0
1.1631309 0.07272023 0.0
1.1210657 0.056320176 0.0
1.1042297 0.058931992 0.0
0.97193373 0.042081776 0.0
1.0644218 0.051637858 0.0
1.1567268 0.038367739 0.0
1.1611053 0.034203034 0.0
1.1624478 0.042553402 0.0
1.1717628 0.045144327 0.0
1.1716505 0.041239539 0.0
1.1476856 0.021722611 0.0
1.1771033 0.04966734 0.0
1.1666437 0.040257913 0.0
1.1631663 0.036434328 0.0
1.1582618 0.029718785 0.0
1.1631373 0.041603628 0.0
1.1735502 0.04293541 0.0
1.1687956 0.045605383 0.0
1.1710952 0.043917775 0.0
1.1950544 0.034348576 0.0
1.1793384 0.043275521 0.0
1.168991 0.047411459 0.0
1.1773728 0.049298881 0.0
1.159214 0.028371967 0.0
1.1475146 0.025076092 0.0
1.1631352 0.032778533 0.0
1.1375217 0.013524655 0.0
0.93540956 0.03599852 0.0
1.1914239 0.036081413 0.0
1.1744333 0.051235556 0.0
1.1779879 0.048969453 0.0
1.1500586 0.050593622 0.0
1.1794586 0.04631216 0.0
1.180113 0.039434726 0.0
1.1207664 0.050933142 0.0
1.1115359 0.044628677 0.0
1.1727714 0.027992753 0.0
1.0856756 0.050849844 0.0
1.0782197 0.048558381 0.0
1.0440683 0.079373946 0.0
1.0376557 0.079076249 0.0
1.0218304 0.060186822 0.0
1.128333 0.16594835 0.0
1.1047599 0.13404248 0.0
1.105865 0.12590905 0.0
1.0700946 0.13707433 0.0
1.137045 0.14332331 0.0
1.0919876 0.12595204 0.0
1.1424852 0.15385501 0.0
0.72963181 0.065963403 0.0
1.1405905 0.12562371 0.0
1.1347437 0.15104824 0.0
1.1454583 0.14465138 0.0
1.13883 0.13523484 0.0
1.138412 0.13868487 0.0
1.090537 0.10887077 0.0
0.77808105 0.043930489 0.0
1.1145051 0.11792437 0.0
1.1456263 0.12846432 0.0
1.0852738 0.12232792 0.0
1.1171487 0.11908647 0.0
0.90564862 0.072910332 0.0
0.59877965 0.021245898 0.0
1.0984467 0.12265498 0.0
1.1071568 0.10772639 0.0
1.1191741 0.085124097 0.0
1.0128216 0.083004745 0.0
0.1673794 0.010255059 0.0
0.96993783 0.086083394 0.0
0.87018571 0.089195968 0.0
1.0616801 0.094659773 0.0
1.1252705 0.12238918 0.0
1.1430091 0.13275438 0.0
1.0046834 0.014446748 0.0
1.0052959 0.013828631 0.0
1.0073854 0.011008135 0.0
1.0009739 0.0042897308 0.0
1.0021277 0.0082686008 0.0
1.0007439 0.0058312324 0.0
1.0028531 0.0091355137 0.0
1.0015361 0.0056516543 0.0
1.0003203 0.0031754584 0.0
1.0000343 0.001763008 0.0
1.0019947 0.006540415 0.0
1.0001503 0.0014572461 0.0
1.0025309 0.0063183388 0.0
1.0019749 0.0048095794 0.0
1.0002408 0.0028795193 0.0
1.0005559 0.0044714697 0.0
0.99999432 0.00039646158 0.0
0.99995457 0.0014607724 0.0
1.0013491 0.0038507429 0.0
1.0044873 0.0089520777 0.0
1.0031337 0.0053947161 0.0
1.0024059 0.0049078486 0.0
1.003447 0.0074446144 0.0
1.0005141 0.0022532866 0.0
1.0006087 0.0033258693 0.0
1.1352215 0.11001705 0.0
1.0852004 0.10016303 0.0
1.1000701 0.10554722 0.0
1.0569732 0.094081956 0.0
1.1119298 0.10683275 0.0
0.91698826 0.071464256 0.0
1.100049 0.10787888 0.0
1.0356033 0.091651721 0.0
1.0431409 0.026945844 0.0
0.99494121 0.080704501 0.0
0.86715174 0.050976468 0.0
0.73316364 0.024834955 0.0
0.66704653 0.04242218 0.0
0.31209881 0.0051281719 0.0
0.91539139 0.080925634 0.0
0.92068428 0.067205812 0.0
0.27565834 0.012818466 0.0
0.98215647 0.061988773 0.0
0.83453249 0.04343113 0.0
1.0465442 0.026630712 0.0
0.79181714 0.038587981 0.0
1.1483445 0.07235072 0.0
1.1285199 0.061553381 0.0
1.1413761 0.062239498 0.0
1.1531011 0.067091724 0.0
1.0513966 0.037806996 0.0
1.0486798 0.032496351 0.0
1.0552932 0.041613975 0.0
1.0611257 0.040873517 0.0
1.0500169 0.02926214 0.0
1.0418597 0.028045599 0.0
1.053135 0.042663341 0.0
1.063173 0.046587332 0.0
1.0706181 0.038881665 0.0
1.0617009 0.032277788 0.0
1.0071934 0.0061110827 0.0
1.0001883 0.00079977833 0.0
1.0050216 0.0055866301 0.0
1.0050583 0.0068331732 0.0
1.003077 0.0044257197 0.0
1.0006442 0.00050305304 0.0
1.0007749 0.0025560162 0.0
1.0035459 0.0045531037 0.0
1.0018149 0.0035858546 0.0
1.0011636 0.0027913201 0.0
1.0009871 0.0030422909 0.0
1.001074 0.002036962 0.0
1.000367 0.001215336 0.0
1.0020363 0.0024937508 0.0
1.0001711 0.00033763543 0.0
1.0000456 0.00041785138 0.0
1.0005055 0.0018676503 0.0
1.0033177 0.0025041516 0.0
1.0011895 0.0013084728 0.0
1.0040107 0.0021346395 0.0
1.019516 0.0012571794 0.0
1.0006273 0.00010926004 0.0
1.0000319 0.00021147672 0.0
1.0000327 0.00040819145 0.0
1.0271522 0.00082636493 0.0
1.0005456 0.00094108984 0.0
1.015912 0.0013029082 0.0
1.0400853 0.0037652415 0.0
1.025589 0.0016751163 0.0
1.0283323 0.0014468732 0.0
1.0504731 0.0054099702 0.0
1.0340542 0.0008585698 0.0
1.0109698 0.00028160019 0.0
1.0357626 0.00128268 0.0
1.1374562 0.020034274 0.0
1.0068599 0.00030294913 0.0
1.1326848 0.015604329 0.0
1.1329373 0.014859266 0.0
1.1107542 0.0091305261 0.0
1.1270821 0.011153337 0.0
1.1234439 0.012484294 0.0
1.1368337 0.015364283 0.0
1.1443126 0.016554753 0.0
1.1425107 0.01820309 0.0
1.0745584 0.00070396496 0.0
1.1498812 0.019482263 0.0
1.1358586 0.013416962 0.0
1.1212062 0.010064024 0.0
1.0741064 0.0016112902 0.0
1.1531221 0.018608189 0.0
1.1669533 0.02578749 0.0
1.1578718 0.023855676 0.0
1.1465309 0.015584951 0.0
1.1684636 0.032594049 0.0
1.1647246 0.027980097 0.0
1.1656374 0.020624228 0.0
1.1455162 0.012540055 0.0
1.1510894 0.021649681 0.0
1.1569257 0.02050712 0.0
1.1501002 0.016117099 0.0
1.1390271 0.013414746 0.0
1.1213486 0.012121667 0.0
1.114628 0.012313508 0.0
1.0274473 0.00095078042 0.0
1.0389828 0.00096080522 0.0
1.0236688 0.00089208847 0.0
1.0946754 0.0082800437 0.0
1.0675547 0.001605204 0.0
1.0245588 -0.00051177536 0.0
1.0429452 0.00035980463 0.0
1.0876692 0.057491802 0.0
1.0862026 0.055170184 0.0
0.8841251 0.026670144 0.0
1.1515759 0.049669899 0.0
1.0956898 0.048621232 0.0
1.1624719 0.028620499 0.0
1.1750108 0.046164849 0.0
1.1754589 0.048262738 0.0
1.148985 0.024507575 0.0
1.1541853 0.023263597 0.0
0.74981764 0.012904 0.0
1.1363126 0.0096312777 0.0
0.93395127 0.032734813 0.0
1.1488755 0.054753452 0.0
1.1576326 0.046928575 0.0
1.0376963 0.041012848 0.0
1.1839157 0.037378553 0.0
1.1764711 0.043607605 0.0
1.0633606 0.095325979 0.0
1.1384957 0.12118352 0.0
1.0052166 0.010762262 0.0
1.0026224 0.0080833798 0.0
1.000279 0.0037696802 0.0
1.0000359 0.0014439669 0.0
1.1050493 0.1333208 0.0
0.70837059 0.060905592 0.0
1.1120749 0.088110008 0.0
1.0826541 0.074878581 0.0
0.94120514 0.06110593 0.0
0.92982935 0.059219572 0.0
0.13617344 0.00074281683 0.0
0.70877679 0.028004284 0.0
0.62005842 0.019002849 0.0
0.37405217 0.0055735666 0.0
0.81434253 0.047831347 0.0
0.6060459 0.026132186 0.0
0.093148703 0.0038187691 0.0
0.43240353 0.012347912 0.0
0.43624702 0.01424502 0.0
0.77930704 0.03805496 0.0
0.50783007 0.017754103 0.0
0.78940308 0.042850151 0.0
0.67579832 0.026779062 0.0
0.88631799 0.056834191 0.0
0.61334056 0.035847929 0.0
0.58892671 0.020118199 0.0
0.6242479 0.026786525 0.0
1.0536957 0.028405876 0.0
1.0671732 0.042443095 0.0
1.0570186 0.034933194 0.0
1.0124262 0.010044463 0.0
1.0086372 0.009006947 0.0
1.0047921 0.0012626122 0.0
1.000698 0.00019175796 0.0
1.0023678 0.0036179348 0.0
1.0045841 0.0037755051 0.0
1.0000531 3.499561e-05 0.0
1.0000961 0.00049228934 0.0
1.0269137 0.0021922612 0.0
1.0126979 -0.00029284977 0.0
1.0178683 -0.00065857966 0.0
1.0177046 0.00013360548 0.0
1.008351 -0.00030521425 0.0
1.020315 0.00048936923 0.0
1.0215918 0.001599839 0.0
1.0153277 0.00057754958 0.0
1.0823059 0.0017559144 0.0
1.0617765 0.003417897 0.0
1.1150767 0.00912293 0.0
1.1002198 0.0064153813 0.0
1.1106842 0.013769675 0.0
1.0928793 0.0043709533 0.0
1.1268692 0.012557249 0.0
1.0574089 0.0008605114 0.0
1.0953733 0.0091346039 0.0
1.0858008 0.0058653796 0.0
1.1015722 0.011998779 0.0
1.1046222 0.010747655 0.0
1.0837787 0.0034254771 0.0
1.0732869 0.0038551591 0.0
1.105598 0.011857215 0.0
1.1054773 0.0090370224 0.0
1.118884 0.017262166 0.0
1.1076467 0.010450772 0.0
1.0862979 0.0036705725 0.0
1.1015151 0.0060682299 0.0
1.0709312 0.002864476 0.0
1.0746011 0.0022653405 0.0
1.1211753 0.014936906 0.0
1.1141043 0.014050656 0.0
1.0312968 0.051517952 0.0
0.96716494 0.041656018 0.0
0.87481792 0.036956755 0.0
1.1592135 0.048453688 0.0
0.82174577 0.025726705 0.0
0.74936149 0.032956197 0.0
0.82127042 0.024604042 0.0
0.9611006 0.038962437 0.0
0.85447341 0.033239974 0.0
0.66089946 0.010002103 0.0
1.1679256 0.036933869 0.0
1.1673044 0.034470036 0.0
1.1674839 0.049781204 0.0
1.1868521 0.035864318 0.0
1.0493958 0.049475124 0.0
0.96503886 0.034391978 0.0
1.1846324 0.040969254 0.0
0.9797106 0.036752985 0.0
1.1649721 0.046957378 0.0
1.0872363 0.041267527 0.0
1.0059734 0.042439259 0.0
1.1351767 0.054161944 0.0
1.1899534 0.039436133 0.0
1.150154 0.055557172 0.0
1.16648 0.050924834 0.0
1.0835495 0.041798896 0.0
0.79492492 0.028332667 0.0
1.1740098 0.048426186 0.0
1.1301465 0.044639547 0.0
1.1915398 0.03781552 0.0
1.1194188 0.039668821 0.0
1.1760524 0.037685258 0.0
1.0840946 0.040415028 0.0
0.82318635 0.032957388 0.0
0.95889226 0.036418085 0.0
1.1822729 0.038523793 0.0
1.1644141 0.040643945 0.0
1.1266113 0.039662282 0.0
1.1474994 0.043346515 0.0
1.1856718 0.042588741 0.0
1.1387041 0.04533079 0.0
1.190067 0.0391343 0.0
1.1289515 0.15632346 0.0
1.1368455 0.039824249 0.0
1.1686109 0.051029614 0.0
1.1806105 0.040629788 0.0
1.1731353 0.030132991 0.0
1.1358014 0.042599487 0.0
1.1643941 0.046167604 0.0
1.1834257 0.04466392 0.0
1.1287443 0.05180165 0.0
1.1900613 0.032841464 0.0
0.40588323 0.01410324 0.0
1.1844976 0.044188455 0.0
1.1726311 0.043267891 0.0
1.0401457 0.042884747 0.0
1.177394 0.045531471 0.0
1.1817226 0.044134475 0.0
1.1737906 0.049416158 0.0
1.181032 0.045809774 0.0
1.1414825 0.14849191 0.0
0.89315375 0.068858295 0.0
1.1391424 0.15619492 0.0
1.072458 0.12898795 0.0
0.78391372 0.06419618 0.0
0.33918286 0.010382276 0.0
0.90097021 0.074012788 0.0
0.57556249 0.012253924 0.0
0.72122279 0.032767222 0.0
0.45794955 0.0093881591 0.0
0.1652655 -0.0065684514 0.0
0.67382686 0.01986315 0.0
0.56565788 0.021479188 0.0
0.80347684 0.023865167 0.0
1.0675281 0.040382983 0.0
1.0672122 0.033689294 0.0
1.0688886 0.031718134 0.0
1.0642386 0.028211902 0.0
1.0067114 0.0066219655 0.0
1.0055497 0.004003442 0.0
1.0112159 0.0030552699 0.0
1.0037178 0.0025645209 0.0
1.0027659 0.00010873652 0.0
1.0128637 0.0027553164 0.0
1.0004114 0.0010172794 0.0
1.0002766 0.00018097405 0.0
1.0001916 0.00016535563 0.0
1.0000568 0.00021662638 0.0
1.0029062 0.00015849589 0.0
1.0000056 2.7846489e-05 0.0
1.0148572 0.0048254748 0.0
1.0036467 0.00031683897 0.0
1.0071503 0.00026856494 0.0
1.0174891 0.0013045843 0.0
1.0097461 0.00066063375 0.0
1.020187 0.0018077798 0.0
1.0060419 0.00055709959 0.0
1.094575 0.0066544095 0.0
1.1014215 0.011158297 0.0
1.0941278 0.0050166451 0.0
1.0768742 0.0026560333 0.0
1.0861294 0.0032857629 0.0
1.0966969 0.0040359795 0.0
1.0770731 0.0018460463 0.0
1.0270931 0.00046128351 0.0
1.0216807 0.00022731721 0.0
1.0675536 0.0014574132 0.0
1.0504379 -0.0018353702 0.0
1.0159003 9.8278506e-05 0.0
1.1686764 0.034100797 0.0
1.1704336 0.030184731 0.0
1.1749519 0.039355089 0.0
1.1711737 0.032289757 0.0
1.1662402 0.050525688 0.0
1.1778577 0.036872095 0.0
1.1859527 0.034196071 0.0
1.1631458 0.025944007 0.0
1.1751273 0.0452028 0.0
1.1844246 0.03120386 0.0
1.184856 0.02814769 0.0
1.1662088 0.024775071 0.0
0.89823516 0.029673425 0.0
1.0031725 0.043140979 0.0
1.1954232 0.034229373 0.0
1.0915355 0.046559107 0.0
1.1544794 0.054374183 0.0
1.1197942 0.051261375 0.0
1.0648564 0.042452727 0.0
1.0721493 0.040562244 0.0
1.0024366 6.8664206e-05 0.0
1.0044009 0.00032000947 0.0
1.1791189 0.048636681 0.0
1.0339529 0.045599214 0.0
1.0974051 0.0025162748 0.0
1.0878948 0.041098699 0.0
1.1812916 0.047040683 0.0
1.1835694 0.041664934 0.0
1.104896 0.0045769417 0.0
1.1081562 0.18968664 0.0
1.1019779 0.039399683 0.0
1.1861737 0.041035092 0.0
1.125047 0.051393985 0.0
1.1803174 0.031420354 0.0
0.73945829 0.1390224 0.0
0.96997694 0.11248459 0.0
0.046941374 -0.00084843553 0.0
0.48349109 -0.0037038985 0.0
0.62289896 0.011043126 0.0
0.32460849 -0.006080104 0.0
0.17192299 0.00025244179 0.0
0.76041664 0.012776787 0.0
0.61685879 0.0010430574 0.0
0.48109356 0.012005468 0.0
0.65951327 0.00617649 0.0
0.40357306 -0.0064345951 0.0
0.30900771 0.0046837906 0.0
0.16296359 0.00298945 0.0
1.0060361 0.0028349471 0.0
1.0050647 0.0020728052 0.0
1.0007655 0.00095306198 0.0
1.000195 4.1393148e-05 0.0
1.0015189 0.0020969733 0.0
1.0021129 0.0013374451 0.0
1.0027252 0.0019845594 0.0
1.0013102 0.00021855629 0.0
1.0217013 0.0045836214 0.0
1.0162371 0.001436378 0.0
1.0163356 0.0044953489 0.0
1.0123959 0.00063157529 0.0
1.0099862 0.00068172042 0.0
1.0148336 0.0058551796 0.0
1.0124755 0.0012052293 0.0
1.0168496 0.0077671926 0.0
1.015664 0.0028269615 0.0
1.0128988 0.0033539334 0.0
1.0151349 0.0034479344 0.0
1.005784 0.00030624593 0.0
1.0090658 0.0016251315 0.0
1.0081585 0.0059205823 0.0
1.0101526 0.001090578 0.0
1.0019104 0.0002776212 0.0
1.1082884 0.0076924295 0.0
1.0993067 0.0038535344 0.0
1.1059649 0.0048395856 0.0
1.1789728 0.041984554 0.0
1.0231526 -0.00017047414 0.0
1.055847 0.00077882389 0.0
1.0364602 0.0016705541 0.0
1.1765592 0.038915566 0.0
1.0615633 0.0022090478 0.0
1.024855 0.00047433419 0.0
1.1795713 0.03341265 0.0
1.1766665 0.028687589 0.0
1.1829095 0.034013131 0.0
1.1864071 0.037929506 0.0
1.1786813 0.032534751 0.0
1.1876279 0.039983652 0.0
1.1900992 0.037041619 0.0
1.187548 0.032505615 0.0
1.1941414 0.034784797 0.0
1.175718 0.024993082 0.0
1.1929236 0.036193075 0.0
1.1917331 0.032603323 0.0
1.1556429 0.042842092 0.0
1.1772351 0.035282161 0.0
1.1956816 0.032667726 0.0
1.1920351 0.032294913 0.0
1.184391 0.044536888 0.0
1.1150586 0.049097334 0.0
1.1786013 0.020324995 0.0
1.1924185 0.030634157 0.0
1.0804678 0.0514712 0.0
1.1972076 0.03323062 0.0
1.1756028 0.033454914 0.0
1.1688117 0.02035913 0.0
1.187946 0.036662863 0.0
1.1936295 0.029553373 0.0
1.1789551 0.023796475 0.0
1.1592665 0.021109245 0.0
1.1747865 0.025814407 0.0
1.1683685 0.024316727 0.0
1.1821514 0.024125773 0.0
1.1540747 0.016992886 0.0
1.1864317 0.026570243 0.0
1.1445745 0.013226227 0.0
1.1780119 0.027658977 0.0
1.1679222 0.021087949 0.0
1.1835628 0.029317135 0.0
1.1863705 0.028235715 0.0
1.1654209 0.022092332 0.0
1.1556533 0.016582714 0.0
1.1645612 0.0171163 0.0
1.1556014 0.015990244 0.0
1.1921454 0.026793023 0.0
1.1786356 0.024742004 0.0
1.1874355 0.024357702 0.0
1.1880001 0.023377275 0.0
1.1777297 0.020978646 0.0
1.1727071 0.02100593 0.0
1.1912036 0.027611959 0.0
1.1828438 0.023509153 0.0
1.1980631 0.028432638 0.0
1.1947979 0.026339944 0.0
1.1955381 0.024373112 0.0
1.14738 0.0096487114 0.0
1.1738875 0.020150974 0.0
1.1661755 0.016547288 0.0
0.51278388 0.016521274 0.0
1.1849144 0.019371752 0.0
1.1935724 0.019576843 0.0
1.1693453 0.016797726 0.0
1.1463921 0.0082401202 0.0
1.158279 0.015532892 0.0
1.197147 0.030593951 0.0
1.1833745 0.017257599 0.0
0.87638839 0.032934344 0.0
1.1488161 0.0084835482 0.0
1.1909223 0.035691099 0.0
1.1998022 0.027749858 0.0
1.1910768 0.022074021 0.0
1.167903 0.01459325 0.0
1.1988197 0.025191491 0.0
1.1921228 0.020273591 0.0
1.176925 0.015937348 0.0
1.1982038 0.022395921 0.0
1.1826915 0.021132589 0.0
1.1917187 0.02307848 0.0
0.91495869 0.040870597 0.0
1.1942869 0.020500177 0.0
1.0404526 0.04882982 0.0
1.1855318 0.018103793 0.0
1.0741172 0.00070489926 0.0
1.0126972 0.046075066 0.0
1.1800291 0.046807225 0.0
1.1717728 0.014683547 0.0
1.0234942 0.04321073 0.0
0.78624912 0.02130429 0.0
1.2004032 0.024665101 0.0
1.1287508 0.033521153 0.0
1.0050507 0.00019229232 0.0
1.1781305 0.017150586 0.0
1.0085992 0.00086164624 0.0
1.1713405 0.016460396 0.0
0.95111341 0.034470093 0.0
1.1364608 0.0019525982 0.0
1.1428212 0.013159834 0.0
0.53400381 0.009595891 0.0
1.0754377 0.0024730507 0.0
1.1798122 0.041834732 0.0
1.175094 0.016998561 0.0
1.1807872 0.012937195 0.0
1.0190827 -0.0012195464 0.0
1.1830326 0.01948267 0.0
1.0666865 0.051998455 0.0
1.111602 0.0055742399 0.0
1.1251592 0.045140152 0.0
0.48007921 0.0096965416 0.0
1.0535864 0.0010722606 0.0
1.1700811 0.037621207 0.0
1.1267996 0.0096845853 0.0
1.0347109 0.0014365554 0.0
1.1935485 0.031734384 0.0
1.1888632 0.029665044 0.0
1.1437187 0.01443165 0.0
1.1509502 0.015589432 0.0
1.1531412 0.013174798 0.0
1.1462015 0.011920492 0.0
1.154562 0.012003258 0.0
1.1227336 0.0056907913 0.0
1.1591278 0.013432461 0.0
1.1429007 0.010019938 0.0
1.1603376 0.013044209 0.0
1.1563953 0.010714839 0.0
1.1388824 0.0061269038 0.0
1.1366723 0.011190602 0.0
1.1912803 0.032842305 0.0
1.204351 0.019764523 0.0
1.1609128 0.03463187 0.0
1.1723299 0.034623339 0.0
0.86584783 0.029701269 0.0
1.0103431 0.041376446 0.0
0.58114774 0.020040531 0.0
0.86362284 0.031818298 0.0
0.36207584 0.0088936352 0.0
0.77848284 0.030654675 0.0
0.62861341 0.026093673 0.0
0.95425888 0.038473791 0.0
0.90444843 0.036166495 0.0
0.95880761 0.038542018 0.0
0.98446407 0.036953743 0.0
0.92035786 0.034106261 0.0
0.46821879 0.0064871402 0.0
0.89753058 0.031210428 0.0
0.81258344 0.027575184 0.0
0.15941001 0.0018375285 0.0
0.73471269 0.024892831 0.0
0.69744895 0.015871446 0.0
0.65378573 0.020195645 0.0
0.63082968 0.024410682 0.0
0.61523675 0.02838627 0.0
0.74544954 0.022064825 0.0
0.52019898 0.015049723 0.0
0.19132591 0.0041241156 0.0
0.76005548 0.032821403 0.0
0.6633788 0.028565614 0.0
0.58644329 0.016884041 0.0
0.5169646 0.020748253 0.0
1.0633566 0.041498581 0.0
0.98460313 0.038197113 0.0
0.32486088 0.012470376 0.0
0.48107614 0.019817584 0.0
1.0841956 0.038767473 0.0
0.50305257 0.024930657 0.0
0.30107395 0.0073182609 0.0
0.42860463 0.020890563 0.0
0.26083478 0.0078434173 0.0
0.16965147 0.0030998998 0.0
0.98039921 0.030002211 0.0
0.34952041 0.011469056 0.0
0.10745366 0.0037982042 0.0
0.35032275 0.0078356908 0.0
0.063139934 -0.0021518314 0.0
0.069150777 0.0024609365 0.0
0.34178412 0.003725433 0.0
0.10972997 -0.000826113 0.0
0.95795407 0.03085494 0.0
0.48038147 0.013520453 0.0
0.51018111 0.0012862783 0.0
0.30044665 0.013590766 0.0
0.13642884 0.0027362415 0.0
0.61493617 0.01352069 0.0
0.14424404 -0.0070036274 0.0
0.17703251 0.010715618 0.0
0.098292451 -0.0064200145 0.0
0.30490797 0.0045855331 0.0
0.15231488 0.0073397313 0.0
0.35532919 -0.0029846794 0.0
0.29649332 0.011450076 0.0
0.39100011 -0.010653535 0.0
0.25871467 0.01768286 0.0
0.45614701 0.0052139005 0.0
0.33804334 0.0028458305 0.0
0.69717744 0.017633458 0.0
0.16706583 -0.016212443 0.0
0.5196218 0.00020967035 0.0
1.0405178 0.03526696 0.0
0.86885761 0.023958517 0.0
0.64192269 0.017290626 0.0
0.70588931 0.021650255 0.0
1.1857632 0.043514372 0.0
1.1886603 0.040097489 0.0
1.1810139 0.03747165 0.0
1.190387 0.036789041 0.0
1.1634958 0.038848918 0.0
1.1866025 0.035496243 0.0
1.1227557 0.040332508 0.0
1.1538567 0.035559056 0.0
1.1904821 0.033589311 0.0
1.1944285 0.034699275 0.0
1.1118063 0.033520571 0.0
1.2029632 0.027776191 0.0
1.1698263 0.036175142 0.0
1.1623995 0.034755492 0.0
1.1607537 0.038539837 0.0
1.1455421 0.033902425 0.0
1.1404403 0.035034929 0.0
1.1941194 0.03149653 0.0
1.1702329 0.032662225 0.0
1.1862442 0.031249814 0.0
1.0646983 0.031662098 0.0
1.1804974 0.031599444 0.0
1.1552618 0.034421718 0.0
1.2005582 0.030684225 0.0
1.1468453 0.034038039 0.0
1.1387059 0.032548738 0.0
0.92315101 0.011885145 0.0
1.2052591 0.026583154 0.0
1.1979915 0.030114507 0.0
1.1919642 0.034188911 0.0
0.98633644 0.029217401 0.0
1.0723733 0.033155287 0.0
1.1693881 0.033328634 0.0
1.1683538 0.030882635 0.0
1.0049507 0.020386857 0.0
1.2039159 0.023822627 0.0
1.1204069 0.032911634 0.0
1.1640233 0.031986771 0.0
1.1825295 0.040040155 0.0
1.1514998 0.040199169 0.0
1.0297045 0.038553581 0.0
0.92333803 0.029565593 0.0
1.0217695 0.037760125 0.0
0.81440619 0.026406022 0.0
0.76136722 0.015265776 0.0
1.0122363 0.03498725 0.0
0.85751144 0.032721136 0.0
0.9462019 0.02838462 0.0
0.36123937 0.0038276759 0.0
1.0300671 0.036026514 0.0
0.86086949 0.026844776 0.0
0.95552415 0.030954543 0.0
1.0165089 0.030919661 0.0
1.0494019 0.036666856 0.0
1.1820606 0.04635732 0.0
1.18019 0.045727635 0.0
1.1247678 0.17591303 0.0
1.0195216 0.14329036 0.0
0.85075011 0.087267333 0.0
1.0683571 0.14080828 0.0
1.0367064 7.3645616e-05 0.0
1.0484202 -0.0023827928 0.0
1.1672556 0.015023139 0.0
1.1616026 0.010030267 0.0
1.0749268 0.0018434755 0.0
1.1366487 0.0063453684 0.0
1.1641874 0.011621918 0.0
1.1800049 0.01362408 0.0
1.1592118 0.010441898 0.0
1.1291808 0.0050411419 0.0
1.0840647 0.0038929581 0.0
1.1459029 0.0071564909 0.0
1.1390903 0.006125264 0.0
1.0933743 0.0046181448 0.0
1.1429086 0.011691287 0.0
1.1343638 0.0095511636 0.0
1.1299397 0.007158392 0.0
1.1110271 0.0060543404 0.0
1.1239368 0.0080996804 0.0
1.1275742 0.0093907664 0.0
1.1310279 0.0072248629 0.0
1.1262727 0.0080433127 0.0
1.1124164 0.0044517338 0.0
1.0996603 0.0040551937 0.0
1.1147673 0.0068663553 0.0
1.1228579 0.0089426812 0.0
1.13731 0.013385726 0.0
1.1351299 0.011632046 0.0
1.1091742 0.0052567207 0.0
1.0826509 0.0018465873 0.0
1.0940045 0.003454199 0.0
1.1044834 0.0047953601 0.0
1.1075513 0.0054684258 0.0
1.1002917 0.0043193971 0.0
1.1045808 0.0037757203 0.0
1.0301571 -0.0021750001 0.0
1.0817394 0.0014991958 0.0
1.0778217 0.0013941513 0.0
1.2039057 0.025510669 0.0
1.200637 0.022274702 0.0
1.2064119 0.026999941 0.0
1.2035103 0.020937325 0.0
1.2055747 0.023740323 0.0
1.2134549 0.01931144 0.0
1.2030569 0.025866731 0.0
1.2074965 0.025758552 0.0
1.1238137 0.0049286637 0.0
1.2007721 0.021009496 0.0
1.2013569 0.028170209 0.0
1.2017263 0.029994581 0.0
1.2019137 0.028906162 0.0
1.0732654 0.0016590439 0.0
1.1564736 0.0093348197 0.0
1.1848399 0.0172322 0.0
1.2065707 0.022365778 0.0
1.2080801 0.01846852 0.0
1.2004543 0.030149261 0.0
1.1984294 0.031694076 0.0
1.2065541 0.025626168 0.0
1.2085171 0.022971004 0.0
1.1310871 0.005211537 0.0
1.2115294 0.021979484 0.0
1.1960046 0.019328525 0.0
1.1985974 0.016600178 0.0
1.141527 0.0055177216 0.0
1.1876057 0.017389427 0.0
1.0909486 0.0028581431 0.0
1.0990459 0.0015019966 0.0
1.0686939 0.00092375251 0.0
1.1874262 0.016848227 0.0
1.1989589 0.031109792 0.0
1.1945037 0.032398319 0.0
1.1801957 0.031766946 0.0
1.203367 0.028604776 0.0
1.1417766 0.010629335 0.0
1.1117086 0.0039040074 0.0
1.1137027 0.0044991234 0.0
1.068677 0.0028968629 0.0
0.80403466 0.01412644 0.0
1.1587599 0.039729027 0.0
1.1231532 0.0053343925 0.0
1.1732157 0.011436575 0.0
1.1999474 0.029890317 0.0
1.2046305 0.028195987 0.0
1.1963643 0.030487397 0.0
1.1915617 0.029997491 0.0
1.1212221 0.0070307274 0.0
1.1858539 0.030550479 0.0
1.0320725 0.0012076882 0.0
1.0362532 0.000799361 0.0
1.0711749 0.032387139 0.0
1.0477267 0.03351524 0.0
1.1695189 0.031463238 0.0
1.1843573 0.030706279 0.0
1.0262809 0.024485851 0.0
1.2128165 0.021421935 0.0
1.1948959 0.018042598 0.0
1.0783717 0.0014934512 0.0
1.2096665 0.017882679 0.0
1.1630522 0.037969714 0.0
1.1036133 0.03964478 0.0
1.0502294 0.028312933 0.0
1.1542242 0.0072725671 0.0
1.1706483 0.012570449 0.0
1.0119406 0.0012067496 0.0
1.0931504 0.033470339 0.0
1.1655763 0.0092234637 0.0
1.1477587 0.0073310522 0.0
1.1205802 0.0048434287 0.0
1.1100616 0.0034915167 0.0
1.1569356 0.040356464 0.0
1.1654104 0.040418361 0.0
1.1282285 0.039005681 0.0
1.1001129 0.0046464311 0.0
1.1331485 0.0047248249 0.0
1.0836007 0.0024893653 0.0
1.0192902 0.030423593 0.0
0.99698302 0.029242525 0.0
1.1351407 0.0022085027 0.0
1.1901082 0.016923825 0.0
1.115473 0.0046150774 0.0
1.0212813 0.030996244 0.0
1.1698212 0.0132683 0.0
1.0856077 0.033441638 0.0
1.2091873 0.025486342 0.0
1.1558207 0.0093834568 0.0
0.76757956 0.023834755 0.0
1.1365557 0.006277861 0.0
1.1926027 0.026571865 0.0
1.222322 0.018311743 0.0
1.1899343 0.013564025 0.0
1.2140987 0.019163737 0.0
1.2095354 0.021556457 0.0
1.2125985 0.020822902 0.0
1.2077566 0.020733636 0.0
1.2090091 0.018723423 0.0
1.2092283 0.022687458 0.0
1.2099835 0.023507381 0.0
1.0571475 0.027657766 0.0
1.1427375 0.022722081 0.0
1.2111323 0.023081481 0.0
1.2109173 0.024028048 0.0
1.208628 0.025834917 0.0
1.2116037 0.024057084 0.0
1.1453405 0.028061405 0.0
1.2094733 0.025457088 0.0
0.87389979 0.032349231 0.0
0.80700096 0.025836229 0.0
0.89338098 0.032762031 0.0
0.76678824 0.03306968 0.0
0.6534215 0.027824116 0.0
0.67560241 0.013419834 0.0
0.79925063 0.013564249 0.0
0.098222703 0.0015831757 0.0
1.1238842 0.034079627 0.0
1.1326598 0.039957058 0.0
1.1247897 0.039086961 0.0
1.1913892 0.034523326 0.0
1.1983853 0.032279632 0.0
1.102947 0.032844962 0.0
1.1168852 0.032598801 0.0
0.90838618 0.016353955 0.0
1.0666557 0.02724416 0.0
1.1866237 0.040783373 0.0
1.1630297 0.038944357 0.0
1.1868526 0.041740838 0.0
1.1766514 0.040056291 0.0
0.78068211 0.027685766 0.0
0.84073227 0.02681254 0.0
0.96624761 0.029443589 0.0
1.0857644 0.034456727 0.0
1.1029996 0.038165847 0.0
1.0478034 0.038624377 0.0
0.94201666 0.025621841 0.0
1.1057722 0.038493758 0.0
1.1389827 0.16183182 0.0
0.4558289 0.034371353 0.0
0.99260393 0.10261177 0.0
1.0993393 0.14618574 0.0
0.86827171 0.09031454 0.0
0.67038622 0.043179422 0.0
0.94629736 0.094388799 0.0
1.0743971 0.0018696963 0.0
0.34889208 0.0011590321 0.0
0.9997219 0.12778342 0.0
1.1060197 0.1566146 0.0
0.67461179 0.047182571 0.0
0.48990135 0.020710805 0.0
0.37827345 0.027161484 0.0
0.69851426 0.036240891 0.0
0.11830565 -0.0049426436 0.0
0.39740309 0.0012457965 0.0
0.67750264 0.063053575 0.0
0.41130374 0.015530119 0.0
0.35610818 -0.0038308282 0.0
0.76422306 0.049650808 0.0
1.0373335 -0.0010663536 0.0
0.57367598 -0.0026451704 0.0
1.1784081 0.013348718 0.0
1.0405086 0.031477767 0.0
1.1488995 0.0069497274 0.0
1.0894288 0.0017203041 0.0
1.20009 0.028382663 0.0
1.0252136 0.00069515364 0.0
1.1312021 0.037303 0.0
1.0177731 0.027802743 0.0
1.1389074 0.038934022 0.0
0.99086798 0.02809242 0.0
0.5679852 0.0064136379 0.0
1.053301 0.030583739 0.0
0.91536219 0.026047343 0.0
0.93797965 0.027714298 0.0
0.57918263 0.011397394 0.0
0.91739772 0.018582152 0.0
0.89056994 0.019099041 0.0
0.67383949 0.013232684 0.0
0.93421611 0.025544379 0.0
0.80883504 0.012723957 0.0
0.92909806 0.025285134 0.0
0.8370512 0.016725525 0.0
0.76645224 0.016707832 0.0
0.4218511 -0.0040776865 0.0
0.73379167 0.014162222 0.0
0.88075613 0.015432956 0.0
1.0073263 0.020749636 0.0
0.98173769 0.025045044 0.0
0.32709001 -0.0043420408 0.0
0.79417246 0.015076976 0.0
0.73396525 0.010635658 0.0
0.27291996 0.010809803 0.0
0.66024994 0.012740623 0.0
0.44742013 0.01285061 0.0
0.43947404 0.015118304 0.0
0.88538925 0.01594132 0.0
0.72929836 0.0075977022 0.0
0.60106813 0.0040572274 0.0
0.28591881 -0.0085192661 0.0
0.90253675 0.01361975 0.0
0.68153067 0.016172252 0.0
0.52071857 0.0034001004 0.0
0.78268695 0.0080025909 0.0
0.92594474 0.020095759 0.0
0.50474225 0.010362676 0.0
1.1763305 0.028931746 0.0
0.74082002 0.019081265 0.0
0.90923837 0.013862891 0.0
0.83427796 0.018860362 0.0
1.089961 0.025315823 0.0
0.72946099 0.01857947 0.0
1.0431038 0.026603301 0.0
1.0630451 0.027838456 0.0
0.99673671 0.019116271 0.0
0.50120587 0.0063532055 0.0
0.58860824 0.0087802888 0.0
0.67170422 0.0097966292 0.0
0.71436659 0.0051592469 0.0
0.84297061 0.021525921 0.0
0.64312638 0.0081417675 0.0
0.55451055 0.015837745 0.0
0.60575706 0.0074535045 0.0
0.53479535 0.014109051 0.0
0.49151793 0.0091881357 0.0
0.15462567 0.012399539 0.0
0.88902053 0.017231647 0.0
0.97145898 0.018784736 0.0
1.1096431 0.02638487 0.0
0.87677441 0.025359564 0.0
0.84291773 0.028126065 0.0
0.59814599 0.0039979857 0.0
0.47458146 -0.0049486888 0.0
0.96834797 0.01489221 0.0
1.1875599 0.028713694 0.0
0.92971998 0.018353665 0.0
0.8017726 0.021430474 0.0
0.79143426 0.0091758924 0.0
0.68823858 0.016256674 0.0
1.1681863 0.027317001 0.0
0.54506547 0.012640282 0.0
0.66149783 -0.0015663369 0.0
0.930389 0.01829339 0.0
1.0207394 0.022679133 0.0
0.70900829 0.012886286 0.0
0.56199828 0.00046439661 0.0
0.34585505 0.018300678 0.0
0.69977315 0.01122065 0.0
1.0386904 0.023578378 0.0
1.1352431 0.029570839 0.0
0.62795908 0.00069401235 0.0
0.29817654 -0.0019959037 0.0
0.40151376 0.0045226175 0.0
0.4487234 0.0027337318 0.0
0.41848562 0.0011682548 0.0
0.43988314 -0.001189177 0.0
0.078249993 0.0048151576 0.0
0.46329702 0.0049010838 0.0
0.3042886 0.013234275 0.0
0.24666252 0.0030346212 0.0
0.25789436 -0.0093380807 0.0
0.33706623 0.0063261857 0.0
0.13114867 0.0012078551 0.0
0.12065082 0.004882362 0.0
0.31826899 0.0081652149 0.0
0.053365155 -0.00083135017 0.0
0.12490101 -0.0092122048 0.0
1.1737028 0.042708614 0.0
1.1855537 0.041468958 0.0
1.089219 0.039001956 0.0
1.0815584 0.038047006 0.0
1.1254731 0.15055568 0.0
1.0525611 0.10157821 0.0
1.0792801 0.14736812 0.0
1.1129444 0.15428473 0.0
1.1273976 0.17130918 0.0
0.94637774 0.15522555 0.0
1.0843103 0.13979443 0.0
1.0489139 0.19276654 0.0
1.0949979 0.16701816 0.0
1.1062741 0.16970149 0.0
1.1213732 0.18804493 0.0
1.0648146 0.18091888 0.0
1.0674686 0.15651657 0.0
0.37575549 0.046113134 0.0
1.0131739 0.1947789 0.0
0.80628739 0.15403668 0.0
0.55105141 0.0065931352 0.0
0.56397523 0.089558373 0.0
0.11312034 -0.0079835614 0.0
0.10192686 0.0023974221 0.0
0.33812268 0.0013901385 0.0
0.4497844 0.025549242 0.0
0.9153633 0.088756828 0.0
0.8957527 0.077228085 0.0
0.78884605 0.048526941 0.0
1.1982196 0.013240656 0.0
1.172215 0.010467609 0.0
1.1009929 0.0020875849 0.0
1.1008005 0.0041954304 0.0
1.0350515 0.00078624137 0.0
1.0650633 -0.00043024701 0.0
1.0473779 0.0018661202 0.0
1.0206517 -0.0013989961 0.0
1.0247831 0.0016401209 0.0
1.0503753 0.0003489265 0.0
0.31398579 -0.010928915 0.0
0.48188833 -0.0086820077 0.0
0.14685213 -0.010147724 0.0
0.40329338 -0.007886784 0.0
1.0846938 0.031660354 0.0
1.0117887 0.023220815 0.0
0.99027735 0.019850622 0.0
1.0614199 0.02579667 0.0
1.0835248 0.028895514 0.0
1.0091849 0.017977283 0.0
0.96115767 0.028360516 0.0
0.97070526 0.027960661 0.0
0.87445182 0.023792383 0.0
0.85126324 0.022340686 0.0
0.83707787 0.013362669 0.0
0.89239092 0.019016911 0.0
1.1436681 0.031615504 0.0
1.0977727 0.028300403 0.0
0.83643881 0.027851296 0.0
0.73452914 0.021097356 0.0
0.83138625 0.014201371 0.0
0.80773839 0.012552347 0.0
1.0438364 0.026556988 0.0
1.0177565 0.023616815 0.0
0.59568265 0.0034255295 0.0
1.1547312 0.024486652 0.0
1.1270903 0.025476326 0.0
1.1723962 0.030638976 0.0
0.57288945 0.011527912 0.0
0.60053763 0.0064008835 0.0
0.21836382 0.0089379191 0.0
0.80430138 0.0086224992 0.0
0.24163301 0.0030030277 0.0
0.29890588 -0.003486701 0.0
0.13238741 -0.0053117048 0.0
0.24028232 -0.001564989 0.0
0.13077511 0.0052526562 0.0
0.044150424 0.00017399273 0.0
0.1441444 0.0045083195 0.0
0.41392275 -0.0030314864 0.0
0.40462657 0.0080889451 0.0
0.029298021 0.00042155204 0.0
0.11993988 0.0036256709 0.0
0.12639252 -0.007071267 0.0
0.32588303 0.010209367 0.0
0.39201641 0.0095449276 0.0
0.32737139 0.0081523557 0.0
1.0333934 0.020941272 0.0
0.20192016 0.012682459 0.0
0.26059477 -0.0050636181 0.0
0.50177723 0.0063875979 0.0
0.29462703 0.008407375 0.0
0.055762266 -4.2495995e-06 0.0
0.066993754 -0.00093386179 0.0
0.14053485 -0.0077871004 0.0
0.57766968 0.0049708332 0.0
0.43290371 0.0077703046 0.0
0.42982746 0.0023966705 0.0
0.4433563 0.0051907955 0.0
0.45419124 0.0067653456 0.0
0.47642057 0.0046939294 0.0
0.27081206 0.0046337082 0.0
0.55905685 0.0037248841 0.0
0.15595538 0.011511525 0.0
0.2715834 0.016470194 0.0
0.64348162 0.0039307254 0.0
0.88089563 0.013388761 0.0
0.13290561 0.0091402051 0.0
0.23085766 0.0037565035 0.0
0.49775198 -0.0016578312 0.0
0.57520578 0.00015409346 0.0
1.184364 0.026199531 0.0
0.59724487 0.00024298606 0.0
0.3522825 0.010162575 0.0
0.58225318 0.0054821959 0.0
0.60005514 0.0063549935 0.0
1.0393296 0.021468254 0.0
1.0833542 0.12431631 0.0
1.1200849 0.15106389 0.0
1.0749942 0.12684029 0.0
1.0134633 0.061200241 0.0
0.94302516 0.13213298 0.0
0.61709851 0.094842293 0.0
0.73804283 0.053717252 0.0
0.77045262 0.08470487 0.0
0.4572521 0.010835511 0.0
0.4725031 0.015923965 0.0
0.65200378 0.031777342 0.0
0.87701038 0.087062132 0.0
1.2155108 0.016691847 0.0
1.2033424 0.014551651 0.0
1.097592 0.0028281403 0.0
1.0909295 0.0022816466 0.0
1.0779507 0.0023891905 0.0
1.0712106 0.00058343991 0.0
1.0490989 -0.0008942396 0.0
1.0577862 -0.00076784458 0.0
1.0294471 -0.002347607 0.0
1.0538672 0.00037667207 0.0
0.9583043 0.019071463 0.0
0.30185954 -0.017487624 0.0
1.0950189 0.025711985 0.0
1.1465603 0.029262569 0.0
1.0940508 0.025405437 0.0
1.1346374 0.025468963 0.0
1.1573516 0.028137858 0.0
0.70761392 -0.0009533505 0.0
0.74093479 0.0047049494 0.0
0.67207101 0.0051966136 0.0
0.4995905 0.0072708439 0.0
0.70408201 0.0077836201 0.0
0.81107973 0.0084270351 0.0
0.73853963 0.0027710119 0.0
0.87034845 0.010529966 0.0
0.90989592 0.015096734 0.0
0.96139282 0.019632325 0.0
0.78131236 0.01009144 0.0
0.95822586 0.015419093 0.0
0.54880723 0.0016164055 0.0
0.68183122 0.0033596818 0.0
0.62767106 0.0067357328 0.0
0.82012567 0.0081190259 0.0
0.19089799 0.0075417671 0.0
0.064051042 0.0045116633 0.0
0.35949046 0.0034672159 0.0
0.75143272 0.0093402419 0.0
0.69431002 0.00694763 0.0
1.0806267 0.12926052 0.0
1.0386857 0.088448389 0.0
1.0331204 0.088387091 0.0
1.0161331 0.066459162 0.0
0.075514555 0.0012589425 0.0
1.0157697 0.14838559 0.0
0.94779385 0.2105257 0.0
0.21614696 0.010624273 0.0
0.57027543 0.034829748 0.0
0.72600609 0.064961655 0.0
1.21268 0.017065473 0.0
1.2085301 0.017115072 0.0
1.2157591 0.020872207 0.0
1.21768 0.020538466 0.0
1.1940106 0.013085787 0.0
1.1960422 0.016644581 0.0
1.1218112 0.0036171912 0.0
1.1104773 0.0026465851 0.0
1.0991973 0.0011845429 0.0
1.0963661 0.0017951393 0.0
1.1205984 0.0028231007 0.0
1.032995 -3.0754398e-05 0.0
1.1395837 0.0054972163 0.0
1.1889616 0.013967239 0.0
1.0935326 0.00043576102 0.0
1.1504008 0.0043846607 0.0
1.1187576 0.0025941835 0.0
1.0623587 0.0010973778 0.0
1.0562642 0.00094721833 0.0
1.0294242 -0.0001269926 0.0
1.0135065 -0.00059867122 0.0
0.040374563 -6.9424908e-05 0.0
0.16534932 -0.0046433448 0.0
0.15180228 -0.00012798018 0.0
0.3494718 0.010512512 0.0
0.035691579 -0.00067491861 0.0
0.16393284 0.0039515278 0.0
1.0809256 0.026086916 0.0
1.0954414 0.026452442 0.0
1.1285921 0.026870636 0.0
1.1217826 0.025555295 0.0
1.1349646 0.026401726 0.0
1.1926407 0.029801489 0.0
1.0728604 0.021583757 0.0
1.1408222 0.02267623 0.0
1.1646671 0.027281776 0.0
1.1680347 0.025631826 0.0
1.0738806 0.021021613 0.0
1.1659892 0.025352177 0.0
1.046097 0.019872478 0.0
1.0373269 0.022155502 0.0
1.1796288 0.026132421 0.0
1.201649 0.028617052 0.0
1.1238013 0.023906697 0.0
1.0712834 0.022151497 0.0
1.2145846 0.016983107 0.0
1.2047823 0.023963674 0.0
1.0892078 0.022669722 0.0
1.1528398 0.023833931 0.0
1.2111709 0.022100617 0.0
1.2148006 0.021742861 0.0
1.1490263 0.024298072 0.0
1.1822817 0.025110955 0.0
1.1921179 0.024074972 0.0
1.2004579 0.024752221 0.0
0.9927212 0.016213818 0.0
1.0827625 0.021786338 0.0
1.0961804 0.022605322 0.0
1.041453 0.018303135 0.0
0.89633772 0.011018144 0.0
0.8560722 0.015646265 0.0
1.1224833 0.023114263 0.0
1.031667 0.021951661 0.0
0.99089561 0.018170599 0.0
1.0043737 0.016217275 0.0
0.97872373 0.016338321 0.0
0.72386463 0.0089238818 0.0
0.84233872 0.015388562 0.0
1.1603208 0.02302615 0.0
0.99751346 0.017829775 0.0
0.918047 0.013349986 0.0
0.91623776 0.013447472 0.0
0.92361879 0.010948197 0.0
1.0312334 0.022512984 0.0
1.0797233 0.021754891 0.0
0.89784315 0.012865038 0.0
0.74667303 0.0072699346 0.0
1.1149397 0.022345185 0.0
1.0668692 0.024230138 0.0
0.76301749 0.010810387 0.0
0.84972599 0.0099863191 0.0
0.78744591 0.0061984787 0.0
0.68653607 0.0045141074 0.0
0.079775012 -0.0072083143 0.0
0.11467988 0.0079824873 0.0
0.1193964 0.0078144931 0.0
0.74361822 0.010616151 0.0
0.47828428 0.0089055427 0.0
1.0158783 0.0528791 0.0
0.48691546 0.0094082664 0.0
0.51968187 0.0054752636 0.0
0.85705888 0.014222167 0.0
1.0925794 0.13427656 0.0
1.0643326 0.1061422 0.0
1.0254599 0.06729604 0.0
1.0338073 0.092661306 0.0
1.051637 0.10952601 0.0
1.0141457 0.062753535 0.0
1.0546734 0.11175439 0.0
1.0027865 0.018314463 0.0
1.0370476 0.097591111 0.0
1.0196483 0.07565526 0.0
0.65115133 0.038090872 0.0
0.59015077 0.042133049 0.0
1.2072726 0.01498552 0.0
1.17745 0.00737268 0.0
1.2037057 0.015658979 0.0
1.2013813 0.015906587 0.0
1.198335 0.015684182 0.0
1.205423 0.017182961 0.0
1.1867644 0.011567872 0.0
1.18978 0.014727143 0.0
1.1942724 0.012739805 0.0
1.2013964 0.015464275 0.0
1.1897239 0.01069902 0.0
1.1830461 0.012195976 0.0
1.1928396 0.029541723 0.0
1.0663843 -0.00019176336 0.0
1.1766212 0.02929546 0.0
1.1702192 0.029084029 0.0
1.1658536 0.027698688 0.0
1.1834584 0.027447811 0.0
1.1929289 0.026576095 0.0
1.1611096 0.025976213 0.0
1.1841806 0.027161017 0.0
1.1680807 0.026277003 0.0
1.1693438 0.026242972 0.0
1.215933 0.018943614 0.0
1.2138518 0.021980262 0.0
1.2125803 0.023391826 0.0
1.2135833 0.022407904 0.0
1.2043099 0.023426282 0.0
1.2151427 0.021582077 0.0
1.2132362 0.022564946 0.0
1.2163498 0.020672784 0.0
1.217496 0.019230886 0.0
1.2149615 0.019649625 0.0
1.2148333 0.021897771 0.0
1.1118384 0.019507959 0.0
1.2172834 0.020110478 0.0
1.2175275 0.017308549 0.0
1.2201625 0.019010949 0.0
1.208011 0.013455847 0.0
1.2068523 0.025573406 0.0
1.2010681 0.026925039 0.0
0.98925689 0.016955841 0.0
1.0046814 0.017677955 0.0
0.71685434 0.0081756164 0.0
0.82302301 0.010535549 0.0
0.86393942 0.016323492 0.0
0.84425648 0.015183084 0.0
1.2167036 0.0085960122 0.0
0.078162697 0.0010341687 0.0
1.2220227 0.017981054 0.0
0.49426451 0.0011976284 0.0
0.35988092 0.0098467105 0.0
0.30372536 -0.00053195661 0.0
0.31040581 0.0010354086 0.0
1.0104414 0.040955761 0.0
0.63309034 0.013859063 0.0
1.2228572 0.015270196 0.0
0.65521074 0.0092670667 0.0
0.41998027 -0.0096712235 0.0
0.76046246 0.01652558 0.0
0.59619899 0.0062406893 0.0
0.71953327 0.0089655145 0.0
1.0251758 0.066387061 0.0
1.020692 0.071181475 0.0
1.0030974 0.022992022 0.0
1.0048182 0.036146443 0.0
1.0010356 0.028267088 0.0
1.0456133 0.16386205 0.0
1.2072234 0.015250515 0.0
1.1976288 0.012290155 0.0
1.2145911 0.017678513 0.0
1.2101848 0.016397644 0.0
1.2126143 0.014383894 0.0
1.2088676 0.014797315 0.0
1.1875341 0.015152492 0.0
1.1974505 0.017946599 0.0
1.1665984 0.0074565257 0.0
1.180058 0.01204417 0.0
1.191003 0.010637335 0.0
1.2167006 0.0096714688 0.0
1.0364803 0.00065976254 0.0
1.1014181 0.0019294288 0.0
1.1969198 0.023251021 0.0
1.2110292 0.023538948 0.0
1.1750251 0.022650421 0.0
1.1943705 0.02312827 0.0
1.2074114 0.025070544 0.0
1.1999323 0.025592853 0.0
1.208236 0.02287538 0.0
1.1986563 0.022069797 0.0
1.1075495 0.021585522 0.0
0.67711358 0.013201253 0.0
1.1235075 0.021828157 0.0
1.2174801 0.020473571 0.0
1.1785892 0.023426391 0.0
1.1888705 0.022354216 0.0
1.2082083 0.022520725 0.0
1.2164105 0.020911134 0.0
1.1746886 0.023714468 0.0
1.1479086 0.024682121 0.0
1.2026295 0.021171582 0.0
1.2116688 0.021479687 0.0
1.2199376 0.019617843 0.0
1.2191488 0.019338753 0.0
0.92677989 0.013944973 0.0
0.78308317 0.010415129 0.0
1.2023337 0.021421747 0.0
1.2258782 0.016158465 0.0
1.218533 0.018826237 0.0
1.217068 0.020654242 0.0
1.223295 0.01777888 0.0
1.2218355 0.016854305 0.0
0.66349467 0.016475653 0.0
0.51520471 0.0055282711 0.0
0.66811289 0.012385354 0.0
0.63990637 0.012958557 0.0
0.95490649 0.01207473 0.0
0.63190012 0.018003639 0.0
0.77867979 0.014162002 0.0
0.52075334 0.015572794 0.0
0.74560446 0.010321895 0.0
0.52845483 0.012764382 0.0
1.1213628 0.018998764 0.0
0.76231315 0.013007369 0.0
0.91797518 0.014296699 0.0
1.0010064 0.014887636 0.0
0.99387946 0.017475384 0.0
0.87447909 0.013614044 0.0
0.96202756 0.016347088 0.0
0.9181136 0.016868426 0.0
0.75854436 0.0096586033 0.0
1.0044168 0.020624748 0.0
0.7406751 0.012761289 0.0
0.91536704 0.013737162 0.0
0.8361863 0.012770193 0.0
0.95959054 0.01371385 0.0
0.85446138 0.01127843 0.0
0.74362835 0.018448683 0.0
0.84474233 0.014495147 0.0
0.29557121 0.0033882744 0.0
0.88009001 0.012899604 0.0
0.49899357 0.010652344 0.0
0.10687125 -0.018715994 0.0
0.50208601 0.012789267 0.0
1.0178517 0.015279966 0.0
1.0365142 0.079313682 0.0
1.0213192 0.055795517 0.0
1.0141226 0.045331538 0.0
1.0169366 0.053758792 0.0
1.0112809 0.039207199 0.0
1.0065132 0.028030582 0.0
1.0136766 0.042869026 0.0
1.0013114 0.015288106 0.0
1.0094407 0.031432234 0.0
1.007167 0.032825754 0.0
1.00518 0.028815501 0.0
1.0009181 0.017813547 0.0
1.0199536 0.051568249 0.0
1.0140438 0.042062841 0.0
1.0047854 0.023573792 0.0
1.0035619 0.019447339 0.0
1.0006397 0.0089787056 0.0
1.0022888 0.015552266 0.0
1.1933964 0.014207058 0.0
1.1828028 0.01207826 0.0
1.1918906 0.012881034 0.0
1.1858396 0.012404842 0.0
1.1767012 0.010670325 0.0
1.1726591 0.010217557 0.0
1.1764851 0.0087980826 0.0
1.1642811 0.0074585525 0.0
1.1790519 0.0095294767 0.0
1.1591879 0.0066247 0.0
1.1830865 0.0095009858 0.0
1.177444 0.0088506193 0.0
1.1368165 0.0044970696 0.0
1.1385256 0.0043322065 0.0
1.162937 0.0072111478 0.0
1.1653501 0.0087738496 0.0
1.1970198 0.011344026 0.0
1.1757219 0.0073894916 0.0
1.0340627 0.00013788098 0.0
1.0362318 -0.0013561873 0.0
1.062134 0.0003828289 0.0
1.0222711 -0.00069166063 0.0
1.0229251 -0.0010569877 0.0
1.0147024 -0.00014283392 0.0
1.0564671 0.00048604312 0.0
1.0604917 -0.0018510177 0.0
1.0192393 -0.00032414886 0.0
1.0217066 0.00032092829 0.0
1.0671184 0.0012927427 0.0
1.0849519 0.0020806591 0.0
1.1004023 0.0024919262 0.0
1.0682804 0.00058528101 0.0
1.0757192 -0.0008192025 0.0
1.1762167 0.023329363 0.0
1.1544151 0.023660578 0.0
1.020312 0.017097336 0.0
1.0584584 0.017212457 0.0
1.0035887 0.017016933 0.0
1.0665225 0.016148557 0.0
1.0053396 0.015888186 0.0
0.9604668 0.01463216 0.0
0.99829021 0.017363418 0.0
1.1827704 0.020782333 0.0
1.0490111 0.014292175 0.0
1.1147319 0.016383262 0.0
0.98511642 0.015650028 0.0
1.0501388 0.017332953 0.0
0.93676814 0.01565389 0.0
0.94591833 0.013144112 0.0
0.86835161 0.0063184774 0.0
0.93653474 0.010038788 0.0
0.95942927 0.014190597 0.0
1.2147872 0.020171086 0.0
0.84166771 0.0092578471 0.0
0.93042439 0.010379443 0.0
0.66251922 0.012057037 0.0
0.86670633 0.0084426207 0.0
0.75725762 0.0101997 0.0
1.2181203 0.01934341 0.0
1.1924597 0.020780992 0.0
1.124389 0.017886416 0.0
1.2140306 0.020615273 0.0
1.2209266 0.019048169 0.0
1.207563 0.021333622 0.0
1.2088661 0.020473213 0.0
1.1895275 0.021995098 0.0
1.1276283 0.017775922 0.0
1.1899769 0.019965028 0.0
1.2136821 0.018629056 0.0
1.054452 0.017318298 0.0
1.2149257 0.018713397 0.0
1.2076736 0.017855878 0.0
1.2206798 0.01520708 0.0
1.1831226 0.021020072 0.0
1.1669101 0.019300402 0.0
1.2084838 0.019346125 0.0
1.2236184 0.017720622 0.0
1.1563889 0.021776275 0.0
1.1664219 0.019686876 0.0
1.1728941 0.017978174 0.0
1.1806423 0.016654986 0.0
1.1886244 0.020341317 0.0
1.1999758 0.018465453 0.0
1.2163768 0.018350488 0.0
1.2256144 0.014430147 0.0
1.1341529 0.017160501 0.0
1.1865142 0.019457203 0.0
1.2222104 0.018241518 0.0
1.2242515 0.016080654 0.0
0.96507899 0.008751009 0.0
1.1829555 0.016643263 0.0
1.1957366 0.019109377 0.0
1.1980895 0.018766565 0.0
1.1968416 0.018401687 0.0
1.2097748 0.017757325 0.0
1.2351937 0.01187117 0.0
1.2310757 0.013520988 0.0
1.1708905 0.016944112 0.0
1.2060019 0.017736759 0.0
1.0374191 0.012587391 0.0
1.0837512 0.014830349 0.0
1.229212 0.013913791 0.0
1.2267112 0.015708554 0.0
1.2212872 0.016822985 0.0
1.2238058 0.015321397 0.0
1.2244927 0.014549427 0.0
1.2186285 0.016782642 0.0
1.1583294 0.01852625 0.0
1.1276628 0.018828234 0.0
1.2272299 0.015633201 0.0
1.2279835 0.013993176 0.0
1.2249834 0.016241816 0.0
1.2227549 0.016886448 0.0
1.1173436 0.016253983 0.0
1.0859941 0.016122814 0.0
1.2243572 0.017150307 0.0
1.2252291 0.012339486 0.0
1.2084775 0.017080471 0.0
1.2222076 0.012112746 0.0
1.2289763 0.012797469 0.0
1.1932538 0.007855473 0.0
1.2274827 0.015309291 0.0
1.2295139 0.014616796 0.0
1.2178072 0.016342031 0.0
1.0809969 0.015381229 0.0
1.2283837 0.015241395 0.0
1.2299312 0.01265048 0.0
1.2310633 0.011637522 0.0
1.2260249 0.0096265637 0.0
1.2264938 0.01036971 0.0
1.2269392 0.011725258 0.0
1.2202641 0.017328383 0.0
1.2276029 0.015410247 0.0
1.2262667 0.013588107 0.0
1.2205689 0.012028161 0.0
1.2323768 0.012675551 0.0
1.2295699 0.011610009 0.0
1.2271817 0.015520734 0.0
1.2322467 0.0096838533 0.0
1.2318881 0.013239543 0.0
1.2326205 0.011005782 0.0
1.2311912 0.011080731 0.0
1.1881213 0.004740613 0.0
1.2259013 0.011858798 0.0
1.219728 0.0097308581 0.0
1.2035786 0.0075818459 0.0
1.2151434 0.013770323 0.0
1.2313337 0.010384462 0.0
1.1266772 0.00024060099 0.0
1.2284246 0.0099020244 0.0
1.2163337 0.0084647199 0.0
1.2251457 0.013134425 0.0
1.2210348 0.011121431 0.0
1.2217035 0.012246051 0.0
1.2219531 0.014276331 0.0
1.2340801 0.011615399 0.0
1.2235552 0.0081034213 0.0
1.2078894 0.015333108 0.0
1.2345609 0.010049331 0.0
1.0396425 -0.0013996306 0.0
1.1921668 0.0052663633 0.0
1.2279431 0.0097486931 0.0
1.2204076 0.008342061 0.0
1.0012922 0.011444866 0.0
0.99941825 0.0069570573 0.0
1.001393 0.0093008575 0.0
1.0001138 0.0020776415 0.0
1.0036866 0.019189305 0.0
1.0007237 0.0095673916 0.0
1.0027017 0.01903891 0.0
1.0023392 0.014631617 0.0
1.0003417 0.0053521976 0.0
1.0041673 0.033918878 0.0
1.1851516 0.012010202 0.0
1.1825292 0.010261625 0.0
1.2016693 0.01084334 0.0
1.2134676 0.0095050545 0.0
1.166577 0.0051531287 0.0
1.1666041 0.0071289565 0.0
1.1480293 0.0028904257 0.0
1.1088952 0.0013558112 0.0
1.1638124 0.0052887512 0.0
1.1522772 0.0039052582 0.0
1.1653891 0.0047936472 0.0
1.1480634 0.0037530296 0.0
1.1856995 0.0080558516 0.0
1.1577538 0.0026322786 0.0
1.1615908 0.0044453484 0.0
1.133257 0.0020404775 0.0
1.1429658 0.0041259664 0.0
1.042561 -0.00037876871 0.0
1.1359647 0.0021436208 0.0
1.1018739 0.00018783258 0.0
1.03433 -0.0015184889 0.0
1.1194397 0.0010159775 0.0
1.0706246 -0.0014469418 0.0
1.0728552 -0.00020480702 0.0
1.0715146 0.015554123 0.0
1.0189915 0.0022093427 0.0
1.1615916 0.021192586 0.0
1.0751096 0.016737146 0.0
1.1112007 0.017097772 0.0
1.0102049 0.016800867 0.0
1.115043 0.015831459 0.0
1.0138142 0.013260537 0.0
1.0893487 0.016958901 0.0
1.0533847 0.016188302 0.0
0.99502707 0.014964569 0.0
0.78263943 0.0054282377 0.0
1.025616 0.011855571 0.0
0.92898074 0.0085730141 0.0
1.0176154 0.011242036 0.0
0.79455022 0.0089066664 0.0
0.88780573 0.0099603608 0.0
1.0662133 0.012157149 0.0
1.0768336 0.015374099 0.0
0.40327996 -0.00081162297 0.0
0.9815514 0.013741728 0.0
0.97034737 0.014398602 0.0
0.97714561 0.011560222 0.0
0.83947091 0.0089293925 0.0
0.82614522 0.0078348705 0.0
0.83350703 0.0084098462 0.0
0.073063086 0.00040462121 0.0
0.69599265 -0.002071967 0.0
1.0404703 0.015467985 0.0
1.1063001 0.015514005 0.0
1.1092297 0.01541431 0.0
1.2146623 0.018647112 0.0
1.2058675 0.017929551 0.0
1.2205607 0.017549564 0.0
1.2209194 0.0141173 0.0
1.0556612 0.015941654 0.0
1.0369721 0.014711603 0.0
1.2113461 0.0078543751 0.0
1.2111753 0.008750791 0.0
1.1998329 0.0068677084 0.0
1.1905487 0.0049540216 0.0
1.1917981 0.0062181187 0.0
1.2165146 0.010168123 0.0
1.1915635 0.0040660275 0.0
1.2047888 0.0077460052 0.0
1.208929 0.0071291382 0.0
1.1522288 0.0029403534 0.0
1.2031624 0.0067274284 0.0
1.1401827 0.0011247208 0.0
1.1122459 0.0018271976 0.0
1.1749611 0.0060595527 0.0
1.1862842 0.0045350307 0.0
1.1714954 0.0035703069 0.0
1.1673768 0.0041894905 0.0
1.1904605 0.0079590192 0.0
1.1135038 0.001811579 0.0
1.1899259 0.006290363 0.0
1.1771546 0.0057307795 0.0
1.2134732 0.010057279 0.0
1.1888515 0.0064633575 0.0
1.2039982 0.0080707852 0.0
1.2253323 0.010455272 0.0
1.2204755 0.0094588486 0.0
0.89556842 0.0096103388 0.0
0.73130688 0.0054785971 0.0
1.2208279 0.0088725077 0.0
1.2100231 0.0071338304 0.0
1.213673 0.0062065545 0.0
1.1487458 0.0020556556 0.0
1.2032868 0.0063210694 0.0
1.2050061 0.0060606141 0.0
0.29524801 -0.0044231796 0.0
0.13834901 -3.5013814e-05 0.0
0.2460085 -0.0082701143 0.0
0.54483767 0.010137228 0.0
0.48548687 -0.0027632761 0.0
0.48036009 -0.00012245372 0.0
0.41915345 0.0069808855 0.0
0.57622854 -0.0026751858 0.0
0.61649185 0.010258358 0.0
0.64701379 0.0066020121 0.0
0.40949455 -0.0085325098 0.0
0.12837714 0.0098486397 0.0
0.30518675 -0.01261744 0.0
0.7603201 0.0010284001 0.0
0.23928754 0.0096476212 0.0
0.053815816 -0.0092048494 0.0
0.28553469 0.0096119669 0.0
0.37741318 0.0027016144 0.0
0.30931822 -0.012874248 0.0
0.55703346 -0.0052651377 0.0
0.12825749 -0.018062229 0.0
0.11711175 0.002911187 0.0
0.62898745 -0.0037754507 0.0
0.69221237 0.0056591051 0.0
0.6362109 -0.00012823252 0.0
0.85330942 0.0072218066 0.0
0.14041498 -0.01256646 0.0
0.28275297 0.0048923372 0.0
1.0042448 0.023058302 0.0
1.0007046 0.011973915 0.0
1.0085265 0.043183535 0.0
0.99947148 0.0031124472 0.0
1.0014989 0.013528014 0.0
1.0074474 0.035958571 0.0
1.0020708 0.020600459 0.0
1.1856061 0.009242395 0.0
1.1782143 0.0063337403 0.0
1.1908661 0.0085005252 0.0
1.1497367 0.0037627264 0.0
1.1657577 0.0049454423 0.0
1.1467747 0.0029924247 0.0
1.1966316 0.0093989978 0.0
1.1765506 0.005987069 0.0
1.2153495 0.013486009 0.0
1.1849921 0.0065322348 0.0
1.1698734 0.0044927904 0.0
1.1770803 0.003688162 0.0
1.1532917 0.0034353369 0.0
1.1621713 0.0048827979 0.0
1.1767738 0.0038933819 0.0
1.1637996 0.004251703 0.0
1.1771104 0.0053916398 0.0
1.0656848 0.0015677853 0.0
1.1816751 0.0068624862 0.0
1.2053955 0.011525961 0.0
1.1183789 7.5132306e-05 0.0
1.1455383 0.0041162114 0.0
1.1315014 0.00093433666 0.0
1.1927871 0.0071739318 0.0
1.1766612 0.0049983632 0.0
1.1520641 0.003826592 0.0
1.1620165 0.0042446405 0.0
1.1503375 0.0015299425 0.0
1.0323561 0.00024224644 0.0
1.1271791 0.0026087565 0.0
1.1619963 0.0037156551 0.0
1.1712322 0.0040328552 0.0
1.1433331 0.0015108343 0.0
1.149225 0.0045601538 0.0
1.125539 0.0018351914 0.0
1.1273899 0.00084612131 0.0
1.0979681 0.00012711637 0.0
1.1715242 0.0029975464 0.0
1.1521051 0.0019016805 0.0
1.1704118 0.0052031336 0.0
1.1556186 0.001697484 0.0
1.1106531 0.00052504845 0.0
1.143159 0.0034207454 0.0
1.1247446 0.0023711311 0.0
1.10387 0.00033949303 0.0
1.1744904 0.0030629081 0.0
1.1112693 8.775046e-05 0.0
1.1644461 0.0024342997 0.0
1.116775 0.0011357011 0.0
1.0917239 0.0011050238 0.0
1.1019974 -0.00010939186 0.0
1.1313463 0.0010200891 0.0
1.1889261 0.0040206117 0.0
1.1510255 0.0017644004 0.0
1.0729769 0.0013797465 0.0
1.0320803 0.00061464706 0.0
1.1275029 0.0011595442 0.0
1.0975255 0.00076063405 0.0
1.1584483 0.0032039108 0.0
1.0373297 0.0017455682 0.0
1.2381838 0.011263241 0.0
1.2290987 0.008846948 0.0
1.131804 0.0013898096 0.0
1.1132852 0.00094306718 0.0
1.1236424 0.0012165007 0.0
1.1270059 0.0013412069 0.0
1.1916481 0.0036757029 0.0
1.0235243 -5.6489278e-05 0.0
1.0332657 -0.00091792998 0.0
1.0889223 0.00057092604 0.0
1.1614716 0.0031068993 0.0
1.0684946 0.0019319687 0.0
1.2203475 0.0047832878 0.0
1.0297449 -0.00083927921 0.0
1.0816458 0.00098255321 0.0
1.1010185 0.00070644397 0.0
1.0985656 -0.00045951427 0.0
1.0672861 0.00038339882 0.0
1.1269324 0.001461955 0.0
1.0754627 0.00030894089 0.0
1.0198014 0.00066300653 0.0
1.0676587 -0.00049735595 0.0
1.0276559 0.00021699149 0.0
1.0381414 -0.00075375444 0.0
1.075316 0.0005793003 0.0
1.0781411 0.00029394464 0.0
1.1964345 0.012173556 0.0
1.187522 0.0090205926 0.0
1.0908845 -0.001073242 0.0
1.1225557 0.0018564399 0.0
1.129112 0.0035079317 0.0
1.1144511 0.00022013001 0.0
1.0724797 0.00035355797 0.0
1.0995193 0.00066442992 0.0
1.0898161 6.043622e-05 0.0
1.110433 0.00022357176 0.0
1.0423339 0.0018997252 0.0
0.95519549 0.012829713 0.0
1.0667861 0.01540021 0.0
0.93750133 0.010036366 0.0
1.0036776 0.012455882 0.0
1.0123185 0.014653525 0.0
0.92153811 0.0097503167 0.0
0.92305897 0.010734584 0.0
1.1402237 0.013090295 0.0
1.0086013 0.010737956 0.0
1.0665633 0.011089847 0.0
0.89347962 0.0075403147 0.0
0.99315358 0.010588534 0.0
0.68156446 0.0049677689 0.0
0.76556965 0.0058555178 0.0
0.92822925 0.0080512073 0.0
0.87021866 0.0097102116 0.0
0.77806656 -3.2417985e-05 0.0
1.0391885 0.0086842956 0.0
0.72939442 0.0037934857 0.0
1.1376437 0.014758123 0.0
0.94743974 0.0089234235 0.0
0.86422913 0.0102579 0.0
0.66282682 -0.005718245 0.0
0.84763349 0.010261531 0.0
1.1253103 0.011569654 0.0
0.75185448 0.0015763296 0.0
0.62147199 -0.0033908083 0.0
0.78264879 0.0036595081 0.0
1.1121932 0.011263616 0.0
1.159354 0.015636696 0.0
0.9364137 0.0093380263 0.0
1.0683802 0.0079231957 0.0
0.75253172 0.0024062876 0.0
0.97892692 0.011601511 0.0
0.75774286 -0.0033458056 0.0
0.66735034 -0.0036314183 0.0
0.79263429 0.002658891 0.0
0.5693975 -0.0057120229 0.0
0.65683356 0.0053103353 0.0
0.8976524 0.0088543174 0.0
1.051011 0.01378093 0.0
1.1116955 0.01412334 0.0
1.1433126 0.014026736 0.0
1.1403682 0.016615894 0.0
1.1061701 0.011199672 0.0
1.098112 0.01112248 0.0
0.94575734 0.01091173 0.0
1.2298719 0.014663872 0.0
1.1021294 0.0099211839 0.0
1.1669032 0.014384144 0.0
1.2173202 0.015189751 0.0
1.1820251 0.016606369 0.0
1.1486472 0.014174797 0.0
1.1694677 0.014800601 0.0
1.182229 0.016318776 0.0
1.1558651 0.015619615 0.0
1.1977191 0.015211247 0.0
1.2076299 0.015582214 0.0
1.1797126 0.017334811 0.0
1.1867892 0.017237841 0.0
0.99678616 0.009930136 0.0
1.0206203 0.0096855698 0.0
0.7479397 0.0026791366 0.0
0.94661388 0.011060474 0.0
0.86788779 0.0068036947 0.0
0.83462741 0.007750314 0.0
0.34498341 -0.0082804981 0.0
0.43770889 0.0030794204 0.0
0.53291596 -0.0028085346 0.0
0.46421398 -0.0068972126 0.0
0.92280245 0.0081084563 0.0
1.002335 0.011566598 0.0
0.61773132 -0.0025065908 0.0
0.83854105 0.0059910935 0.0
0.81064601 0.0072918173 0.0
0.75009893 0.0061523898 0.0
0.61430511 0.0023485595 0.0
0.54632002 0.0049224199 0.0
0.40554544 0.0053917185 0.0
0.08879185 0.00065423037 0.0
0.84841149 0.0080949704 0.0
0.8162674 0.0049569073 0.0
0.64449788 -0.0011783792 0.0
0.31152617 0.0013164053 0.0
0.51770854 0.0021164591 0.0
0.78908015 0.0073615062 0.0
1.0220944 0.0086521979 0.0
1.082546 0.01079329 0.0
0.80533107 0.0048417508 0.0
0.68185334 -0.0010486584 0.0
0.28879954 -0.0058964819 0.0
0.61903614 -0.0055263667 0.0
0.51947875 0.0044798857 0.0
0.85029958 0.0064870529 0.0
0.45895213 -0.0026187529 0.0
0.68597074 0.0032031555 0.0
0.57197456 0.0053787741 0.0
0.4313368 0.0034678846 0.0
0.31965285 -0.00087562568 0.0
0.13390891 0.0046308778 0.0
0.25604739 -0.0080698853 0.0
0.25399274 0.010783366 0.0
0.82118185 0.0031239841 0.0
0.94022347 0.0078923577 0.0
0.74455721 0.011569598 0.0
0.47075604 -0.010493337 0.0
0.031309245 0.00083030482 0.0
0.1289808 -0.0028939021 0.0
0.094291183 0.00096736884 0.0
0.21007039 0.0062460381 0.0
0.13578815 0.0033024752 0.0
0.26041062 0.00080781317 0.0
0.25561266 -0.0023211232 0.0
0.13477048 0.002510374 0.0
0.25925946 -0.0021364288 0.0
0.222962 0.00093604121 0.0
0.4196421 -0.0057252671 0.0
0.466282 0.012116314 0.0
0.80699383 0.0062672565 0.0
0.9328607 0.0083031428 0.0
1.0346826 0.0090073524 0.0
0.052343824 0.00072127987 0.0
0.14426727 -0.00049220344 0.0
0.13207344 -0.0039900537 0.0
0.64890734 0.0064920515 0.0
0.68052807 0.010958383 0.0
1.2393309 0.0088222955 0.0
0.84204571 0.0061941352 0.0
0.46796893 0.010047836 0.0
0.34992468 -0.0044497982 0.0
0.77560898 0.009893702 0.0
0.51739708 0.013689088 0.0
0.80626441 0.0039642881 0.0
0.8593909 0.0053245076 0.0
0.85852013 0.0055743655 0.0
0.91030049 0.0062716037 0.0
0.56797969 0.0082627496 0.0
0.036430964 0.00022305699 0.0
0.84917466 0.0065922041 0.0
1.2348417 0.012128814 0.0
0.21600007 -0.0090182568 0.0
0.76811947 0.0049783173 0.0
0.52753672 -0.0097586838 0.0
1.0662483 0.0078276819 0.0
0.85155089 0.0085151922 0.0
0.11492544 -0.0015072911 0.0
0.51078659 -0.0022389893 0.0
0.6535352 -0.0038447888 0.0
0.6900879 0.0016104957 0.0
0.75549438 0.0049621924 0.0
0.97120948 0.0082376429 0.0
0.89678869 0.0042631546 0.0
0.6938061 -0.0026080933 0.0
0.12828108 0.0045840308 0.0
0.26440485 0.0011183633 0.0
0.9831432 0.0026789074 0.0
0.68173343 -0.0051476285 0.0
0.93310476 0.0058584425 0.0
0.9793987 0.0075746514 0.0
1.0223377 0.0092632864 0.0
0.95192932 0.010183809 0.0
0.13680582 0.0093866352 0.0
0.24093287 0.010223679 0.0
0.075392028 0.0049552276 0.0
0.30280675 0.013326511 0.0
0.39804871 0.010097995 0.0
0.092321666 0.005359713 0.0
0.34174902 0.0051562011 0.0
0.62026863 0.0092330019 0.0
0.67402265 0.0074631299 0.0
0.43227051 0.014032556 0.0
0.53543822 0.0070310125 0.0
0.29165954 0.0059856118 0.0
0.32204243 -0.0032865739 0.0
0.62184419 -0.0014822676 0.0
0.63351548 0.006303983 0.0
0.51892529 0.0093929898 0.0
1.0277131 0.008946147 0.0
0.73970045 -0.0026523509 0.0
0.70630353 0.0069422841 0.0
0.40847878 0.0080441062 0.0
0.80095167 -0.0024966445 0.0
0.89945682 0.0057285282 0.0
0.71522563 -0.0050508041 0.0
0.61904583 -0.010731293 0.0
0.26510635 -0.0083172459 0.0
0.49110033 0.0047759052 0.0
0.12691604 0.010015425 0.0
0.63860856 0.0026807348 0.0
1.0886291 0.011614821 0.0
0.11501221 -0.007091898 0.0
0.073820945 -0.0026154549 0.0
0.82675219 0.0042580092 0.0
0.60753351 0.0016464838 0.0
0.31028913 0.0051912802 0.0
0.68263456 -0.0008022772 0.0
0.56636112 -0.0013645063 0.0
1.0444981 0.010991474 0.0
1.1108856 0.011327956 0.0
0.90232125 0.0019224619 0.0
1.1703987 0.0077079658 0.0
1.1435326 0.01761001 0.0
1.1068405 0.017633955 0.0
1.2173187 0.013031954 0.0
1.2174785 0.015622047 0.0
1.2106508 0.010709288 0.0
1.1986066 0.0089239985 0.0
1.2150004 0.01145195 0.0
1.2098823 0.011649109 0.0
1.2166877 0.010914735 0.0
1.2056162 0.009178958 0.0
1.2060477 0.010816484 0.0
1.2136405 0.014261664 0.0
1.2015707 0.0091771699 0.0
1.2025006 0.010675645 0.0
1.2015015 0.0088181233 0.0
1.1895398 0.0077733145 0.0
1.2062613 0.0094710066 0.0
1.1972333 0.0073920637 0.0
1.1966262 0.0068467362 0.0
1.1840435 0.0067108134 0.0
1.2029845 0.016493957 0.0
1.2179722 0.015929735 0.0
1.2234052 0.015599009 0.0
1.2246341 0.016292337 0.0
1.2256523 0.014907025 0.0
1.2304203 0.014404931 0.0
1.1947942 0.014321124 0.0
1.2299956 0.013870561 0.0
1.2277043 0.014659204 0.0
1.2333322 0.012626644 0.0
1.2055321 0.0081299729 0.0
1.2075452 0.009199085 0.0
1.2326641 0.013283419 0.0
1.2352353 0.012444194 0.0
1.2374267 0.011681766 0.0
1.0252569 0.00073130564 0.0
0.72986275 0.0085575878 0.0
0.63266344 0.0025856027 0.0
0.38459797 0.0076397599 0.0
0.089189349 0.0039066738 0.0
0.34726202 0.0030437806 0.0
1.197621 0.011097323 0.0
1.2021174 0.012336548 0.0
1.0341993 7.6030114e-05 0.0
1.0328563 -0.0006219759 0.0
1.0351147 -0.0015644113 0.0
1.0613993 3.4336087e-05 0.0
1.0227151 -0.00022284303 0.0
1.0732159 -6.5619212e-05 0.0
1.2015347 0.0049839687 0.0
1.0963133 0.00020440759 0.0
1.1441073 0.0018377221 0.0
1.0761328 0.0013927846 0.0
1.1492747 0.00073880962 0.0
1.0365424 -0.0011873319 0.0
1.136596 0.0024685491 0.0
1.0745119 -0.00095263682 0.0
1.1078953 0.0002113633 0.0
1.0924097 -1.3428077e-05 0.0
1.0676846 -0.0017855366 0.0
1.0926352 -3.9341637e-05 0.0
1.1463798 0.0038596572 0.0
1.1302993 0.0014927585 0.0
1.0982506 -0.00015569451 0.0
1.0955754 -0.00070543909 0.0
1.1233597 0.0011626623 0.0
1.0898573 0.00060552734 0.0
1.0285414 -0.0013707931 0.0
1.1084145 0.0019552828 0.0
1.1357513 0.0050761315 0.0
1.0875351 0.00025934157 0.0
1.058168 0.0015199473 0.0
1.0316994 -0.0014024224 0.0
1.0641455 0.00015210089 0.0
1.0843422 0.016558335 0.0
1.1228757 0.015186327 0.0
1.2006314 0.015906843 0.0
1.2117802 0.015699446 0.0
1.1355767 0.012917894 0.0
1.2350115 0.012106241 0.0
1.2254827 0.014835035 0.0
1.2123357 0.015435475 0.0
1.2010716 0.015673316 0.0
1.2090751 0.015632988 0.0
0.89279031 0.007242474 0.0
0.85164208 0.0047225407 0.0
0.24136907 -0.012443594 0.0
0.050986593 0.000986129 0.0
0.48305137 -0.019605696 0.0
0.46280329 -0.0079352594 0.0
1.0743989 0.012247395 0.0
1.0414432 0.0093815958 0.0
0.65769321 0.0075090285 0.0
0.55996638 0.0097391568 0.0
0.64802649 0.0065600957 0.0
0.71971518 0.0046564884 0.0
0.84563501 0.0089686485 0.0
0.80061133 0.0053409506 0.0
0.73321745 0.0025762767 0.0
1.1299635 0.007842875 0.0
0.12550497 -0.0081606692 0.0
0.077217591 0.0039386727 0.0
0.48828397 -0.0028784375 0.0
0.28236697 -0.0032361723 0.0
0.40680962 -0.0053440082 0.0
1.2183902 0.014838094 0.0
1.2128262 0.01382007 0.0
1.2273541 0.014332283 0.0
1.2339741 0.012867037 0.0
1.2057583 0.0161068 0.0
1.1237811 0.011494476 0.0
1.2312613 0.014084688 0.0
1.2326452 0.013283109 0.0
1.2366125 0.011817029 0.0
1.2033188 0.00449401 0.0
1.2301441 0.012457097 0.0
1.233896 0.0091377747 0.0
1.2287753 0.0076984308 0.0
1.1323244 0.00147462 0.0
1.06111 0.00037529179 0.0
1.023371 -0.0011150194 0.0
1.1824871 0.0042403557 0.0
1.1372019 0.000348232 0.0
1.1330365 0.0030124126 0.0
1.1135836 0.00069080196 0.0
1.0356042 -0.00044756898 0.0
1.0357237 -9.6738795e-05 0.0
0.32361627 -0.0075161912 0.0
0.44392348 -0.01493624 0.0
1.0717928 0.011993482 0.0
1.0457547 0.010762922 0.0
1.0808456 0.010762214 0.0
1.1829737 0.014530999 0.0
1.0463807 0.012084801 0.0
0.98125703 0.010408563 0.0
1.0974392 0.011937941 0.0
1.1173067 0.012452275 0.0
0.82535474 0.0031615906 0.0
1.2264725 0.012307569 0.0
1.0287645 0.0092277496 0.0
1.1518064 0.012340937 0.0
0.99730013 0.0076866387 0.0
0.95712513 0.0055919961 0.0
1.2146595 0.012544043 0.0
1.1925392 0.014596797 0.0
1.1296122 0.010335654 0.0
1.1559811 0.010466469 0.0
1.1766819 0.012770125 0.0
1.1450791 0.011312959 0.0
1.2167369 0.01450879 0.0
1.2079383 0.015386977 0.0
1.0242439 0.011306284 0.0
1.0959445 0.0091216884 0.0
0.56902072 -0.0036832206 0.0
1.0361931 0.0042564295 0.0
0.21576905 -0.004665554 0.0
0.3093612 -0.003959616 0.0
0.29324768 -0.0042257223 0.0
0.069809512 -0.0019248693 0.0
0.05690841 -0.0014244265 0.0
0.39138442 -0.010729552 0.0
0.40310512 -0.00026923066 0.0
0.052778357 -0.0032321252 0.0
0.51042532 -0.0068598131 0.0
0.25981379 -0.0029783796 0.0
0.80518703 0.0021170438 0.0
0.36603453 -0.0045362272 0.0
0.38724842 -0.00089345005 0.0
0.28131631 -0.0063940691 0.0
0.43074167 -0.0021576878 0.0
0.9853035 0.0050183218 0.0
0.64553731 0.0022919183 0.0
0.44410947 -0.012252102 0.0
0.50407761 -0.0045637545 0.0
0.42464279 -0.0062322218 0.0
0.55708147 -0.006432961 0.0
0.54832712 -0.0068713249 0.0
0.38994517 -0.0096436255 0.0
0.26856533 -0.0011422193 0.0
0.125526 0.0010587169 0.0
0.88864445 0.0062945251 0.0
0.54942674 -0.0038866639 0.0
0.62122674 -0.0078723292 0.0
0.034014848 -2.4638571e-05 0.0
0.20466546 -0.0010323501 0.0
0.35325314 -0.0081629274 0.0
0.89226198 0.0024906427 0.0
0.24038013 0.010065888 0.0
0.83396568 0.0025500949 0.0
0.54630911 -0.0026215494 0.0
0.39451169 0.0090493162 0.0
1.0530467 0.0052393304 0.0
0.99255244 0.0073143992 0.0
1.237126 0.010195299 0.0
0.9590255 0.0066192329 0.0
0.95713226 0.0039449051 0.0
0.95876369 0.00057582433 0.0
1.2338089 0.01297727 0.0
1.2392884 0.010232031 0.0
0.96072652 0.0037706842 0.0
0.56921049 0.00056986163 0.0
1.23578 0.011989851 0.0
1.2281946 0.013477345 0.0
1.2372261 0.011609584 0.0
1.2341361 0.01214226 0.0
1.2337085 0.01178168 0.0
1.2366193 0.010702783 0.0
1.2359782 0.011740836 0.0
1.1584978 0.011939835 0.0
1.2251977 0.011921368 0.0
1.2387748 0.011154137 0.0
1.2368759 0.010696731 0.0
1.2296685 0.012903361 0.0
1.2309552 0.012127574 0.0
1.2380486 0.011588673 0.0
1.2377 0.0097097467 0.0
1.21649 0.012538263 0.0
1.1842878 0.010501387 0.0
1.2212248 0.013800914 0.0
1.1997466 0.013568371 0.0
1.2306932 0.012100407 0.0
1.2386081 0.010954429 0.0
1.2190186 0.014001593 0.0
1.2080239 0.014855238 0.0
1.2214962 0.014516327 0.0
1.2166882 0.015302104 0.0
1.1986247 0.013427866 0.0
1.2266264 0.012391411 0.0
1.1783816 0.013658501 0.0
1.1860343 0.013250825 0.0
1.1593089 0.012319716 0.0
1.1819067 0.012835591 0.0
1.1438468 0.010295576 0.0
1.192162 0.011951285 0.0
1.2180511 0.013852637 0.0
1.2054474 0.012750963 0.0
1.1489221 0.011350545 0.0
1.2064019 0.01072174 0.0
1.188417 0.012936628 0.0
1.198158 0.011522886 0.0
1.1121473 0.011077779 0.0
1.1858433 0.01064246 0.0
1.0576614 0.0092556054 0.0
1.1452857 0.010774535 0.0
1.2063715 0.011226608 0.0
1.1898224 0.012330899 0.0
1.1684505 0.0095606406 0.0
1.1952772 0.0095532879 0.0
1.22513 0.011935552 0.0
1.2209578 0.011487718 0.0
1.1460674 0.01039167 0.0
1.0770839 0.0090704216 0.0
1.0747231 0.0058239578 0.0
1.1712769 0.010641005 0.0
1.1570925 0.0108296 0.0
1.1818686 0.011032519 0.0
1.1724682 0.010585093 0.0
1.1883817 0.010302804 0.0
1.211563 0.01114405 0.0
1.2111944 0.012008227 0.0
1.154163 0.01142436 0.0
1.1854309 0.010711322 0.0
1.0450151 0.0042498668 0.0
1.0008767 0.0083065473 0.0
1.1519718 0.011133748 0.0
1.1619209 0.010897965 0.0
1.0672484 0.0068971362 0.0
1.2120746 0.0097613314 0.0
1.14572 0.0096746833 0.0
1.2188095 0.0091481283 0.0
1.1590976 0.0082335537 0.0
1.2405198 0.010306557 0.0
1.1879879 0.012092709 0.0
1.2148445 0.010653377 0.0
1.1983658 0.011803981 0.0
1.2151997 0.011412295 0.0
1.2414778 0.009518914 0.0
1.2364954 0.01117429 0.0
1.2350217 0.010783103 0.0
1.2162941 0.011708206 0.0
1.2353923 0.010087718 0.0
1.2374928 0.010788078 0.0
1.2103454 0.0066758015 0.0
1.1875433 0.0044778398 0.0
1.2286888 0.0080795864 0.0
1.2224193 0.0070553833 0.0
1.1648955 0.0024967287 0.0
1.1506104 0.0031039405 0.0
1.1688998 0.0025691091 0.0
1.154715 0.0029356825 0.0
1.2189842 0.0063625589 0.0
1.1671386 0.0013078413 0.0
1.1140022 0.0021727807 0.0
1.074365 -0.00040881511 0.0
1.0199296 -0.0007727658 0.0
1.069613 -0.00034548873 0.0
1.0817195 0.0095334087 0.0
1.1393636 0.010831277 0.0
1.0478539 0.011260025 0.0
1.0844492 0.012997434 0.0
0.10025955 0.0023492093 0.0
0.12009036 -0.0044317934 0.0
0.99963765 0.0080393437 0.0
1.0418841 0.0072319169 0.0
0.32753274 -0.00020973864 0.0
0.44827073 0.0003778303 0.0
0.52028962 0.0020471569 0.0
0.25545126 -0.0076484696 0.0
0.87673894 0.0026481962 0.0
1.2496865 0.007556362 0.0
1.1288015 0.0074359143 0.0
0.83449417 -0.0008435905 0.0
0.70249715 0.0011976457 0.0
1.1033161 0.0060837428 0.0
1.0362267 0.0065297711 0.0
0.98789441 0.0062623288 0.0
0.94496661 0.00062824401 0.0
1.1319037 0.0076679041 0.0
1.1657486 0.0079457502 0.0
0.91762016 0.00050163412 0.0
1.080896 0.009108313 0.0
0.87721737 0.0020567781 0.0
0.89906158 0.0015629868 0.0
0.91327645 0.00043663777 0.0
1.0864826 0.006940791 0.0
1.1462627 0.0072184397 0.0
1.1454646 0.0071138448 0.0
0.99130574 0.003919797 0.0
1.043745 0.0088869102 0.0
1.1215661 0.0074225292 0.0
1.0979172 0.0073998077 0.0
1.1060908 0.0096875501 0.0
1.1245246 0.006337849 0.0
1.1001777 0.0077163312 0.0
1.1570325 0.0068269026 0.0
1.152942 0.007619123 0.0
1.1681037 0.011111744 0.0
1.0976837 0.0058072349 0.0
1.0289668 0.0078088731 0.0
1.0287054 0.0061927049 0.0
1.1557995 0.0078820158 0.0
0.97401333 0.0014049371 0.0
1.0941942 0.0065739412 0.0
1.1878898 0.0080060755 0.0
1.1824264 0.0084425369 0.0
0.82244198 -0.00075917363 0.0
1.2170873 0.0085154907 0.0
0.81667529 -0.00019736163 0.0
0.9914198 0.0032640602 0.0
1.0329481 0.0071352057 0.0
0.91981307 0.0015879018 0.0
0.96179052 0.004715474 0.0
0.95681243 0.0044529933 0.0
1.0339278 0.0051624472 0.0
0.88885006 0.0041157954 0.0
0.90037185 0.0064349722 0.0
1.1003369 0.010911714 0.0
1.1434564 0.012106449 0.0
1.233606 0.011996452 0.0
1.2208181 0.011820939 0.0
1.2420618 0.0071179158 0.0
1.1798445 0.0037451968 0.0
1.1983441 0.010286472 0.0
1.213825 0.010263916 0.0
1.2210291 0.0073137257 0.0
1.2104722 0.0048557595 0.0
1.2239882 0.0079895862 0.0
1.2144885 0.0058444053 0.0
1.1778957 0.003779126 0.0
1.1702768 0.003479356 0.0
1.1624537 0.0030025595 0.0
1.1836991 0.0036533757 0.0
1.2305912 0.008191619 0.0
1.2200635 0.0069650265 0.0
1.2309517 0.0079381114 0.0
1.2210169 0.006443599 0.0
1.2417277 0.0081046888 0.0
1.2139546 0.0052961576 0.0
1.2053377 0.0045314104 0.0
1.2023409 0.0043377911 0.0
1.2373887 0.0092738572 0.0
1.2190574 0.0056243055 0.0
1.2398198 0.0086518154 0.0
1.2299514 0.007905174 0.0
1.0908642 0.0078779613 0.0
1.1114396 0.012034643 0.0
1.128257 0.010704745 0.0
1.1084516 0.011328573 0.0
1.125296 0.008301942 0.0
0.15866486 -0.010147789 0.0
1.1601247 0.0087427824 0.0
1.1405869 0.010386885 0.0
1.1152174 0.0086809499 0.0
1.0231037 0.0039853564 0.0
1.0737001 0.0058608244 0.0
1.2435289 0.0084381572 0.0
1.2072707 0.0035426251 0.0
1.2033408 0.010635801 0.0
1.2119361 0.0098811003 0.0
1.1944237 0.011079514 0.0
1.194694 0.0099810457 0.0
0.38031531 0.0021570887 0.0
0.45842121 0.0035346354 0.0
0.81011589 -0.00010938526 0.0
0.90494842 -0.0011384427 0.0
0.74080463 0.00048107928 0.0
0.74806219 0.00012872574 0.0
0.65924561 0.0037186385 0.0
0.985432 0.0011838379 0.0
1.0949897 0.0076259447 0.0
1.043147 0.0079501657 0.0
1.1231643 0.0091629899 0.0
1.1008483 0.0069766758 0.0
1.2271974 0.011842295 0.0
1.2414022 0.0097766802 0.0
1.2332511 0.011034805 0.0
1.2409831 0.0099657541 0.0
1.2411778 0.0087688389 0.0
1.2400695 0.0099710186 0.0
1.235829 0.011019492 0.0
1.2423019 0.0092896994 0.0
1.2161264 0.0044549684 0.0
1.2303063 0.007127613 0.0
1.2392138 0.0076732371 0.0
1.2243408 0.0060944373 0.0
1.2391758 0.010243803 0.0
1.2392687 0.010781743 0.0
1.2424971 0.0080553054 0.0
1.2368854 0.0078684235 0.0
1.244287 0.0066334234 0.0
1.1820531 0.0017533496 0.0
1.2313736 0.0069745654 0.0
1.2380054 0.0085911443 0.0
1.2279071 0.0058330945 0.0
1.1865622 0.0026809949 0.0
1.2237127 0.0068280415 0.0
1.2324281 0.0078696636 0.0
1.2297059 0.0056379884 0.0
1.2159978 0.0051603262 0.0
1.1975117 0.0031568403 0.0
1.218407 0.0057793526 0.0
1.2341537 0.0062959061 0.0
1.2130548 0.0051360363 0.0
1.2206509 0.0051820281 0.0
1.2002974 0.0045799696 0.0
1.2429762 0.0078342478 0.0
1.2301144 0.0050601707 0.0
1.1975684 0.0026898777 0.0
1.2034446 0.0042558617 0.0
1.1895204 0.0029447914 0.0
1.194065 0.0043126375 0.0
1.2273828 0.0059286745 0.0
1.22692 0.0055961158 0.0
1.215648 0.004333093 0.0
1.2189199 0.0038846453 0.0
1.2394973 0.0070719951 0.0
1.2303449 0.0056092922 0.0
1.1842047 0.0034199294 0.0
1.0918231 0.00091041745 0.0
1.2433632 0.0093406398 0.0
1.2220959 0.0044689606 0.0
1.2017405 0.0032782718 0.0
1.1647547 0.0027392894 0.0
1.2422382 0.0066909255 0.0
1.2375261 0.0057695658 0.0
1.2379473 0.0067744329 0.0
1.2357224 0.00565382 0.0
1.1403573 0.0020025558 0.0
1.1018895 0.00060410286 0.0
1.179135 0.0029969941 0.0
1.166662 0.00089004125 0.0
1.1713337 0.00089939248 0.0
1.1860451 0.0036697469 0.0
1.2123176 0.0053366265 0.0
1.2063861 0.0046080784 0.0
1.1954419 0.0042261292 0.0
1.1889509 0.0038415881 0.0
1.2053699 0.0048502254 0.0
1.1850818 0.0024010933 0.0
1.1495531 0.00014368899 0.0
1.1706671 0.0020315562 0.0
1.096063 0.0017351929 0.0
1.1434495 0.0013038952 0.0
1.1613208 0.00044228196 0.0
1.1501192 0.00062573795 0.0
1.1372619 0.0001484196 0.0
1.1694619 0.0026398337 0.0
1.1277005 0.0010473471 0.0
1.1065089 -0.00015027578 0.0
1.0600815 0.010908855 0.0
1.082497 0.0089251413 0.0
0.27164045 -0.006970799 0.0
0.39485326 -0.00079654739 0.0
1.1275524 0.010408893 0.0
1.1193948 0.0078376847 0.0
1.163643 0.0092301583 0.0
1.2178369 0.0094040466 0.0
1.1923371 0.0095197506 0.0
1.2044387 0.0091854182 0.0
0.70383094 0.0034413215 0.0
0.58150923 0.0020008195 0.0
0.83842746 -0.0015106711 0.0
0.88467765 -0.0018285133 0.0
0.80455788 -0.0030486015 0.0
0.72530049 0.0020583146 0.0
0.44986518 -0.0026343277 0.0
0.49471178 0.0030802578 0.0
0.88474646 -0.00071693544 0.0
1.1445453 0.0075714458 0.0
0.91690595 0.0030149334 0.0
1.0561882 0.0049585309 0.0
1.2271602 0.011375982 0.0
1.2371917 0.010672867 0.0
1.216069 0.011266995 0.0
1.2250676 0.010551519 0.0
1.2265621 0.0091651112 0.0
1.233615 0.0090821579 0.0
1.2423592 0.0090930321 0.0
1.2437093 0.0080098917 0.0
1.2375094 0.0076650884 0.0
1.2377384 0.0069231388 0.0
1.215568 0.004259051 0.0
1.2021225 0.0044583143 0.0
1.2450403 0.0082617976 0.0
1.2400052 0.0069068803 0.0
1.2269839 0.0092358267 0.0
1.2433016 0.0065804142 0.0
1.2443754 0.0077648338 0.0
1.2438906 0.0069016017 0.0
1.2445138 0.0067396589 0.0
1.2370779 0.005338892 0.0
1.2457191 0.007627699 0.0
1.2372207 0.0054141898 0.0
1.2462822 0.0081414073 0.0
1.2465996 0.0076459993 0.0
1.1540915 0.00092015502 0.0
1.2472651 0.0077760903 0.0
1.241905 0.0088998948 0.0
1.2462966 0.0070197367 0.0
1.2231114 0.009210834 0.0
1.2460776 0.0080476168 0.0
1.2458605 0.0063617825 0.0
1.2216691 0.0097282561 0.0
1.2453492 0.0084552555 0.0
1.2416491 0.0084384024 0.0
1.245607 0.0084429231 0.0
1.2387215 0.009306843 0.0
1.2467039 0.0075344227 0.0
1.2307992 0.0048891212 0.0
1.2442 0.0081390709 0.0
1.2484209 0.0074952622 0.0
1.2248724 0.0039010914 0.0
1.2199972 0.0039452061 0.0
1.2398797 0.0056091938 0.0
1.2160307 0.0030929295 0.0
1.1815781 0.0019700705 0.0
1.2250228 0.0033175861 0.0
1.1728236 0.00051100526 0.0
1.2299134 0.0049904166 0.0
1.2398386 0.0058247738 0.0
1.1686396 0.0016463774 0.0
1.1811683 0.0024275018 0.0
1.2364574 0.0053384989 0.0
1.2149662 0.0036229771 0.0
1.2357433 0.0054208109 0.0
1.2466015 0.0067724628 0.0
1.2270189 0.0037249301 0.0
1.2074667 0.0024152363 0.0
1.1824232 0.0022028767 0.0
1.2019398 0.0022808125 0.0
1.1958598 0.0030231337 0.0
1.2212648 0.0045052294 0.0
1.2416193 0.0095149867 0.0
1.2452249 0.0085694631 0.0
1.2430891 0.0092315045 0.0
1.2385214 0.010432985 0.0
1.1999271 0.0048395295 0.0
1.1889107 0.0027915201 0.0
1.1028474 0.0010502331 0.0
1.0200844 -0.00032534493 0.0
1.1040649 -0.00091024653 0.0
1.1431399 0.0030103401 0.0
0.25064921 -0.0053298359 0.0
0.34649737 -0.0041420292 0.0
0.1794067 -0.0046936144 0.0
0.054337635 -0.0056782589 0.0
0.29766333 -0.0017324776 0.0
0.48194115 0.0028356629 0.0
0.27201756 -0.0025814012 0.0
0.7404061 -0.0020661934 0.0
0.16792973 -0.0037240937 0.0
0.43544581 0.0027844431 0.0
0.065498468 0.0025290094 0.0
0.14860965 -0.0016007187 0.0
0.38859575 0.0019164851 0.0
0.59061477 0.00095909315 0.0
1.1713841 0.0089079575 0.0
1.1888331 0.007875918 0.0
1.052055 0.0024159575 0.0
1.2009507 0.007287212 0.0
1.2292098 0.0094874885 0.0
1.2358525 0.008989028 0.0
1.2426719 0.0084844074 0.0
1.2363224 0.0088321935 0.0
1.2227699 0.0089654209 0.0
1.2293835 0.0087808814 0.0
0.82603657 -0.00062039718 0.0
0.74847791 0.0026598823 0.0
0.56353973 0.0044697419 0.0
0.68344671 -0.00042732429 0.0
0.98442457 0.0021707498 0.0
0.30286499 0.0036240154 0.0
0.92257833 0.00085314189 0.0
0.67618523 -0.0012366532 0.0
0.96292447 -0.0017245266 0.0
1.0315834 0.0026359511 0.0
0.91905098 0.0028662712 0.0
1.0820984 0.0090104105 0.0
1.0320742 0.0032917588 0.0
1.0435958 0.0054733998 0.0
1.2199433 0.0091261456 0.0
1.1836653 0.003206301 0.0
1.1846772 0.0027607736 0.0
1.2243299 0.004630625 0.0
1.2073411 0.0030801922 0.0
1.1959823 0.0021817809 0.0
1.1711587 0.0028195376 0.0
1.1239023 0.001216485 0.0
1.0947027 0.00049736436 0.0
1.1358661 0.0010495014 0.0
1.1138594 -0.0016380742 0.0
1.0602268 0.00076142005 0.0
1.0649343 -0.0011420658 0.0
1.1596345 0.0020456596 0.0
1.1533579 0.0017400311 0.0
1.0309038 0.0015870763 0.0
0.23289367 0.001515433 0.0
0.64292506 -0.0022831212 0.0
0.23556295 -0.00077491762 0.0
0.13925739 0.0010876241 0.0
0.31002024 -0.0067770424 0.0
0.036984935 0.00051767157 0.0
0.14133708 -0.00027054066 0.0
0.034755554 -0.0016877059 0.0
0.30877557 -0.0050346913 0.0
0.23366279 0.0017877918 0.0
0.42922706 -0.008035209 0.0
0.46398376 -0.003923748 0.0
0.36526584 0.002241346 0.0
0.53598827 -0.00031725809 0.0
0.1857946 -0.0047820778 0.0
0.13513734 -0.0025527945 0.0
0.2231895 -0.0038199574 0.0
0.42466349 0.0020170842 0.0
0.49763297 0.0034925194 0.0
0.3880762 -0.0037677996 0.0
1.0043442 -0.00079791365 0.0
0.70206709 0.0020341851 0.0
0.41331933 -0.0095338517 0.0
0.52985051 -0.0026078435 0.0
0.9989709 0.0012607848 0.0
1.1974114 0.0081251619 0.0
1.1554567 0.0074281248 0.0
1.2200118 0.008642894 0.0
1.252226 0.0066394989 0.0
1.2479105 0.0074761791 0.0
1.2332922 0.0095374047 0.0
1.2427653 0.0082908301 0.0
1.2338613 0.009254931 0.0
1.2188356 0.0091505824 0.0
1.2390785 0.0092038248 0.0
1.2342906 0.0098466047 0.0
1.2331859 0.010281864 0.0
1.2230454 0.0094052807 0.0
1.2421495 0.0087428774 0.0
1.2436575 0.0081757328 0.0
0.82763518 -0.002554591 0.0
0.905739 0.0054007235 0.0
0.77917771 0.0019706678 0.0
0.63126715 0.0024668468 0.0
1.1292885 0.00067088485 0.0
0.92425979 -8.1298673e-06 0.0
1.1994522 0.0090820087 0.0
1.1579489 0.0095869978 0.0
1.080936 0.0020538668 0.0
0.93163977 0.002013443 0.0
0.98952178 0.003673919 0.0
0.96053287 0.0027664471 0.0
1.2101277 0.0082693047 0.0
1.1074693 0.007402964 0.0
1.1923516 0.0016812149 0.0
1.0907335 -0.00042202952 0.0
1.1268831 0.007618863 0.0
1.1680976 0.0088413824 0.0
1.1596935 0.0016782485 0.0
1.1536574 0.00056570629 0.0
1.1334338 0.00015549518 0.0
1.2077879 0.0027661114 0.0
1.2001581 0.0023320092 0.0
1.1713193 0.00057295777 0.0
1.1198115 7.949247e-05 0.0
1.1523447 0.0016164504 0.0
1.1413948 0.0011206804 0.0
1.180564 0.00030584051 0.0
1.0885289 0.0018341526 0.0
1.1094305 0.0015946493 0.0
1.1472099 0.0021343222 0.0
1.0660417 0.0009202266 0.0
1.1670545 0.0027236776 0.0
0.51893691 -0.0024612921 0.0
0.6019997 0.0045420984 0.0
0.61726986 -0.0039180175 0.0
0.78160026 0.00041496621 0.0
0.64512134 -0.00090930466 0.0
0.81904203 0.002286453 0.0
0.72231812 -0.0004407433 0.0
0.63583262 4.8157101e-05 0.0
0.82325729 0.0030886226 0.0
0.5974354 -0.00020531057 0.0
0.7355495 0.0043273222 0.0
0.49740197 -0.0030101884 0.0
0.47290793 -0.0061581227 0.0
1.2040707 0.0072760905 0.0
1.2167497 0.0087327764 0.0
1.2526729 0.0066149823 0.0
1.2482309 0.0074982405 0.0
1.2323436 0.010008255 0.0
1.2415839 0.0078627475 0.0
1.2261112 0.0080740695 0.0
1.2499759 0.0068835459 0.0
1.235894 0.0092612937 0.0
1.2469139 0.0078602996 0.0
1.234811 0.0081397592 0.0
1.2465965 0.0079109124 0.0
1.250148 0.006944609 0.0
1.2492788 0.0066237405 0.0
1.220707 0.0079241777 0.0
1.2323399 0.0071414754 0.0
1.2112435 0.0091084378 0.0
1.2387414 0.007454327 0.0
1.240024 0.0077011887 0.0
1.1952528 0.0085073641 0.0
1.1965353 0.0091869365 0.0
1.1631303 0.0081978087 0.0
1.1834912 0.0073562243 0.0
1.1455908 0.0084221746 0.0
1.2104532 0.0092435253 0.0
1.229211 0.0082567878 0.0
1.2181379 0.0090283798 0.0
1.2320506 0.0075066582 0.0
1.2174323 0.0081200971 0.0
1.2519982 0.0070703929 0.0
1.2258274 0.0075197021 0.0
1.2498365 0.0073549275 0.0
1.1525234 0.0086827197 0.0
1.1852212 0.0073868089 0.0
0.84151778 0.0062646511 0.0
0.81221654 0.0057052951 0.0
0.98188869 -0.0013565278 0.0
0.90434551 0.0058298043 0.0
0.98373385 -0.00083748342 0.0
1.1973102 0.0035686531 0.0
1.2012626 0.0036416526 0.0
1.0461836 -0.0010479284 0.0
1.1074995 -0.0011858511 0.0
1.1952487 0.0014385957 0.0
1.1893293 0.00026519052 0.0
1.1972255 0.002566069 0.0
1.0135042 0.0015876751 0.0
1.0886838 0.0020905635 0.0
1.1285642 0.00016667246 0.0
1.0392565 -0.001247922 0.0
1.0569552 0.00093829591 0.0
1.032526 -0.00012336246 0.0
1.0154474 0.00028846529 0.0
1.0316401 -0.00033437335 0.0
0.67810632 -0.0013235948 0.0
0.72221606 0.0020252079 0.0
1.247477 0.007570365 0.0
1.2488322 0.0069838296 0.0
1.2492174 0.0072334001 0.0
1.2463493 0.0078794486 0.0
1.2507681 0.0061413348 0.0
1.248555 0.0063950978 0.0
1.2423191 0.007482867 0.0
1.2406734 0.00762481 0.0
1.2500752 0.0052518415 0.0
1.2469557 0.0074202094 0.0
1.247719 0.0079239209 0.0
1.2481988 0.0052253182 0.0
1.2492989 0.005401313 0.0
1.2514845 0.0053500201 0.0
1.2483209 0.0078933898 0.0
1.2485713 0.00538021 0.0
1.2508974 0.0069678998 0.0
1.152221 0.0013692435 0.0
1.1828834 0.0027423122 0.0
1.2027026 0.003233953 0.0
1.1852356 0.0026931965 0.0
1.2132722 0.0041302333 0.0
1.2013098 0.003648399 0.0
1.1699651 0.0025201887 0.0
1.1957205 0.0027070719 0.0
1.133705 0.00065456243 0.0
1.1134992 0.000643842 0.0
1.0671551 0.0022628546 0.0
1.1069823 -0.00078302149 0.0
1.0776382 -0.00089510323 0.0
1.1315333 -0.0014718874 0.0
1.0339807 -8.1540688e-05 0.0
1.1176658 0.00046768375 0.0
1.1112503 0.00060909429 0.0
1.0892558 0.0012900873 0.0
1.0287142 -0.00066393452 0.0
1.083793 -0.0016861983 0.0
1.1590356 0.00091174719 0.0
1.1198606 0.00320306 0.0
1.0344625 -0.00020662428 0.0
1.0755587 -0.0016940009 0.0
1.0276618 -0.00033075146 0.0
1.214725 0.0032055535 0.0
1.040507 -0.0012499942 0.0
1.1687641 9.2223763e-05 0.0
1.2514082 0.0069590566 0.0
1.2329939 0.0043293514 0.0
1.243935 0.0051635436 0.0
1.2506383 0.0066488068 0.0
1.2492887 0.0062784615 0.0
1.0657338 0.0030396593 0.0
1.0956287 0.00081778582 0.0
1.0626117 0.0012239914 0.0
1.0175056 -4.6631759e-05 0.0
1.236675 0.0045277329 0.0
1.2419211 0.0041209762 0.0
1.1472701 -0.00048944831 0.0
1.0998477 0.00077349957 0.0
1.2348405 0.0046408761 0.0
1.2531638 0.0064664425 0.0
1.2420378 0.0044335733 0.0
1.2242569 0.0043632767 0.0
1.245723 0.0046190625 0.0
1.2299015 0.0040012573 0.0
1.2045406 0.0027217716 0.0
1.2259044 0.0040242789 0.0
1.1846026 0.00064129499 0.0
1.1824996 0.0018971344 0.0
1.2116005 0.002384552 0.0
1.2498507 0.0054303904 0.0
1.2516813 0.0070502592 0.0
1.2512121 0.006038802 0.0
1.2403757 0.005573621 0.0
1.248373 0.0063656205 0.0
1.0818019 -0.0018496101 0.0
1.0977276 0.00028774285 0.0
1.0703056 -0.0025901192 0.0
1.0311236 -0.0010759403 0.0
1.0463152 0.0012309524 0.0
1.1501985 0.0013317491 0.0
1.066526 0.002339448 0.0
1.1288084 0.001873447 0.0
1.1120248 0.00012583013 0.0
1.090777 0.0023227008 0.0
1.1297299 -0.00055786709 0.0
1.1381553 0.0013752173 0.0
1.1979585 0.0022155654 0.0
1.2100327 0.0026403984 0.0
1.2161821 0.0027423412 0.0
1.2050286 0.0025619662 0.0
1.2331566 0.0040771417 0.0
1.2154091 0.0032160272 0.0
1.2405207 0.0049111541 0.0
1.2408607 0.0045919026 0.0
1.1877317 0.00080545612 0.0
1.1916663 0.0024488746 0.0
1.2130194 0.0032652986 0.0
1.193246 0.0019081057 0.0
1.2228494 0.003631329 0.0
1.2239997 0.0043365818 0.0
1.2029168 0.0029780688 0.0
1.1848536 0.00056510947 0.0
1.1257882 0.00075434583 0.0
1.1567992 -0.0006371931 0.0
1.1487551 0.0004523379 0.0
1.1429287 -0.00017984971 0.0
1.1669044 0.00029732273 0.0
1.1438249 0.0027802887 0.0
1.1496564 -0.00057544476 0.0
1.1501952 0.00070955604 0.0
1.0566387 0.00041055963 0.0
1.1168639 0.0011509654 0.0
1.0813018 0.0017180706 0.0
1.0944821 -8.3841694e-05 0.0
1.2444296 0.0050750658 0.0
1.2236025 0.0037323726 0.0
1.2471621 0.0061892933 0.0
1.2358466 0.0049900879 0.0
1.2452928 0.0065085011 0.0
1.2078768 0.0033401419 0.0
1.2110023 0.0029955455 0.0
1.207178 0.0023478436 0.0
1.1713649 0.00098400719 0.0
1.2237283 0.0039900548 0.0
1.1951504 0.0011925149 0.0
1.2434467 0.0048293586 0.0
1.2397976 0.0038202837 0.0
1.2289605 0.0039757796 0.0
1.2371126 0.0044186078 0.0
1.2448368 0.0047067856 0.0
1.1855843 0.0012828686 0.0
1.1534238 0.00039752365 0.0
1.1048392 -0.00018639716 0.0
1.0568653 0.00027973822 0.0
1.1250646 -0.00059764788 0.0
1.083498 0.0025494554 0.0
1.0422694 0.0019401551 0.0
1.1546323 0.0014143089 0.0
1.1161237 0.00077068668 0.0
1.1181283 -0.00064422112 0.0
1.1040108 -0.0015926264 0.0
1.0842987 0.00013924737 0.0
1.0265065 0.0016594562 0.0
1.1210402 -0.00098796971 0.0
1.1009715 0.0011331684 0.0
1.0304998 0.00021646857 0.0
1.085002 0.0018546861 0.0
1.1492375 0.00073864544 0.0
1.0335498 0.0011322195 0.0
1.1261119 0.0025333608 0.0
1.0479195 0.003873022 0.0
1.0946541 0.0009730057 0.0
1.0502658 0.0028244028 0.0
1.0817456 0.061853159 0.0
1.0910545 0.070001634 0.0
1.0286779 0.031077929 0.0
1.0270645 0.033633273 0.0
1.0961967 0.09396326 0.0
1.1114697 0.099070159 0.0
1.1488544 0.07324732 0.0
1.1556646 0.072289836 0.0
1.1494861 0.069197077 0.0
1.1596635 0.072253666 0.0
1.060137 0.082949801 0.0
1.0522221 0.07631666 0.0
1.0263678 0.011991692 0.0
1.0232619 0.0070609812 0.0
1.0588872 0.022888564 0.0
1.0610714 0.028320654 0.0
1.0570183 0.020173086 0.0
1.0549244 0.023651334 0.0
1.1334923 0.031489386 0.0
1.1237669 0.027037613 0.0
1.0118044 0.032761077 0.0
1.0070565 0.028134798 0.0
1.0598014 0.0037705785 0.0
1.04578 0.00088382587 0.0
1.0496642 0.0023372147 0.0
1.0556359 0.0029723793 0.0
1.0481917 0.003110563 0.0
1.0583894 0.0054223512 0.0
1.0639805 0.0058566656 0.0
1.0560777 0.0033514607 0.0
1.0420919 0.074800431 0.0
1.0264271 0.061017052 0.0
1.0618302 0.07693202 0.0
1.061811 0.082652836 0.0
1.0462851 0.0048694283 0.0
1.0350992 0.001326029 0.0
1.0668589 0.10511116 0.0
1.0409451 0.081663791 0.0
1.0548237 0.098950233 0.0
1.0167702 0.081112796 0.0
0.36570731 0.0045251529 0.0
0.19347164 -0.0022276598 0.0
0.58735193 0.023969478 0.0
0.19554996 0.00091640275 0.0
0.39291382 0.0096296245 0.0
0.55818328 0.027786581 0.0
0.12205019 -0.00011681098 0.0
0.49634974 0.016348587 0.0
0.4470278 0.016244536 0.0
0.94116978 0.062684309 0.0
0.21485822 -0.00088346371 0.0
0.88102708 0.047238352 0.0
0.70598824 0.027882183 0.0
0.78857033 0.040993268 0.0
0.48017127 0.018391583 0.0
0.21345213 0.018863493 0.0
0.47260916 0.032288359 0.0
0.65221298 0.01630949 0.0
0.27898059 0.027089142 0.0
0.06438107 -0.0076992246 0.0
0.19906747 -0.0019119254 0.0
0.36456033 0.0027244583 0.0
0.24313123 -0.0073311273 0.0
0.10922584 0.0022397118 0.0
0.50487475 0.01977318 0.0
0.43682755 0.022297643 0.0
0.22126202 0.0031294826 0.0
0.67033342 0.028098275 0.0
0.59323132 0.016707129 0.0
0.41333171 0.0011435544 0.0
0.49366307 0.016463684 0.0
0.83287634 0.027309513 0.0
0.87452136 0.03116997 0.0
0.12305612 -0.0016619836 0.0
0.40753513 0.002926856 0.0
0.38399287 0.0074776598 0.0
0.15570876 -0.0015523085 0.0
0.3185062 -0.011216696 0.0
0.50097434 0.025348209 0.0
0.20530768 0.0061006999 0.0
0.05953281 -0.00088363039 0.0
0.40756965 -0.00269214 0.0
0.16242935 0.0026039846 0.0
0.38323157 0.010843524 0.0
0.17651342 -5.6121387e-05 0.0
0.60656002 0.0068006726 0.0
0.1416733 0.0023732525 0.0
0.56334719 0.0091823879 0.0
0.44465932 0.010858266 0.0
1.208564 0.025303655 0.0
1.001569 0.0012244192 0.0
1.0009334 0.00038504019 0.0
1.0029991 0.00097255188 0.0
1.0020592 0.00065884846 0.0
1.0008919 0.00012770427 0.0
1.0018752 0.00088283635 0.0
1.0014139 0.00065004623 0.0
1.0092423 0.0064118429 0.0
1.0104442 0.0063233054 0.0
1.0102694 0.0086284937 0.0
1.0119999 0.0074323523 0.0
1.013359 0.0076120988 0.0
1.0112101 0.0042371024 0.0
1.0055994 0.00095207714 0.0
1.0023879 0.00042630829 0.0
1.0077023 0.0039142551 0.0
1.0071422 0.0012696855 0.0
1.17668 0.034542018 0.0
1.1824935 0.038379917 0.0
1.1101931 0.0072331986 0.0
1.1219916 0.01050836 0.0
1.2065158 0.027564675 0.0
1.2046934 0.028472427 0.0
1.1996001 0.029542979 0.0
0.71680045 0.02027511 0.0
0.54385082 0.0041473378 0.0
0.57789436 0.012882398 0.0
0.26791597 -0.0034120341 0.0
1.1970624 0.032394171 0.0
1.197323 0.033164497 0.0
1.1757476 0.041116727 0.0
1.1785213 0.042410664 0.0
0.66707089 0.0010281861 0.0
0.30545726 0.016881531 0.0
0.5794745 0.0036028621 0.0
1.0008261 0.033229859 0.0
1.0039499 0.034571854 0.0
1.002065 0.026139023 0.0
1.0064485 0.03696898 0.0
1.1035521 0.0016337655 0.0
1.0047744 0.017546685 0.0
1.0748699 0.00066273223 0.0
1.1988585 0.022478518 0.0
1.2071728 0.021403881 0.0
1.1612947 0.0092441846 0.0
1.1486615 0.0056018712 0.0
1.1633162 0.0083398514 0.0
1.1520151 0.00793156 0.0
1.1437172 0.0055935468 0.0
1.153364 0.0080304521 0.0
1.1498404 0.0060275912 0.0
1.1137011 0.0017951683 0.0
1.1585326 0.0071320732 0.0
1.1450089 0.0045768229 0.0
1.1269586 0.0044156242 0.0
1.1280639 0.0036495241 0.0
1.1183646 0.0017851807 0.0
1.1370456 0.0052345671 0.0
1.1014093 0.00017502155 0.0
1.0313597 0.0028679691 0.0
1.0197062 -0.00048149527 0.0
1.076546 -0.0018149374 0.0
1.0592078 -0.0014657059 0.0
1.0629314 -0.0021077033 0.0
1.06281 0.0011838222 0.0
1.1624329 0.018538298 0.0
1.1548313 0.020470775 0.0
0.89401337 0.014478076 0.0
0.91681757 0.010299127 0.0
1.1502334 0.0019086936 0.0
1.159509 0.0023259526 0.0
0.44692559 -0.010683405 0.0
0.403728 0.00032213817 0.0
1.2268091 0.015719055 0.0
1.2294935 0.014854696 0.0
1.0789181 0.001178929 0.0
1.0391778 0.00066807287 0.0
1.0190704 -4.0624609e-05 0.0
1.0605628 0.00056471498 0.0
1.1000423 0.0011556535 0.0
1.1154123 0.00085546318 0.0
1.1733006 0.013941622 0.0
1.1751142 0.014036103 0.0
1.1435656 0.012692371 0.0
1.1960623 0.016037069 0.0
1.1776076 0.014059206 0.0
1.1716258 0.014083269 0.0
0.75973151 0.0083942248 0.0
0.74686586 0.0033722619 0.0
1.2191234 0.012463388 0.0
1.2035176 0.012584854 0.0
1.2471714 0.0074451197 0.0
1.2473399 0.0078066805 0.0
1.0214975 0.0012092248 0.0
1.1285181 0.002442722 0.0
1.1110054 0.0017867126 0.0
1.0685705 0.00041278903 0.0
1.039076 0.0017826219 0.0
1.021131 0.00071267282 0.0
1.0409612 0.0019908723 0.0
1.1314309 0.008296562 0.0
1.1649121 0.0091713256 0.0
1.0990797 0.0057236523 0.0
1.051703 0.0027171976 0.0
1.0932873 0.0055394038 0.0
1.004535 -0.00051359874 0.0
1.0590444 -0.00011755537 0.0
1.0766505 0.0031447163 0.0
1.1871517 0.0088545271 0.0
1.134361 0.0085947443 0.0
1.1939057 0.0075926283 0.0
1.0577258 0.0014080346 0.0
1.0321466 -0.001131383 0.0
1.0219759 -0.00061058142 0.0
1.0668506 -0.00073140753 0.0
1.0119963 -0.0004548308 0.0
1.1438527 0.0032858163 0.0
1.113447 0.0026038408 0.0
1.0291875 0.0017702381 0.0
1.0373682 0.0010651723 0.0
1.0610461 -0.00030320713 0.0
1.1044926 0.00030818459 0.0
1.0714451 0.0050257599 0.0
0.79889125 0.024097343 0.0
0.68688032 0.01976411 0.0
0.35895978 0.0087011704 0.0
0.19676922 0.0030142355 0.0
0.08889711 0.0014730121 0.0
0.36253167 0.0049590678 0.0
0.5834129 0.014457442 0.0
0.39856416 0.0066911807 0.0
0.090240891 0.0016712083 0.0
0.37618429 0.011661468 0.0
0.14648005 0.0030690566 0.0
0.12079579 0.0038316925 0.0
0.30264451 0.0058900128 0.0
0.049620795 -0.00041426571 0.0
0.27870518 -0.0094299612 0.0
0.53175953 0.0079204723 0.0
0.43215747 0.0097338903 0.0
1.0033886 0.00073213575 0.0
1.0036902 0.0004474219 0.0
1.0076562 0.00092209754 0.0
0.52113818 0.0074881688 0.0
0.31677991 -0.0093469541 0.0
0.93835753 0.052751211 0.0
0.87675836 0.031965744 0.0
1.2031307 0.019984743 0.0
1.2034741 0.01809342 0.0
1.1938632 0.0082681309 0.0
1.1794063 0.0054964451 0.0
1.2002668 0.0043060283 0.0
1.2122844 0.0053892322 0.0
